{"type":"FeatureCollection","features":[{"type":"Feature","properties":{"cls":"veg_gain"},"geometry":{"type":"Polygon","coordinates":[[[127.35107,35.53469],[127.35108,35.53465],[127.351,35.53466],[127.35101,35.53469],[127.35107,35.53469]]]}},{"type":"Feature","properties":{"cls":"veg_gain"},"geometry":{"type":"Polygon","coordinates":[[[127.35412,35.53463],[127.35419,35.53461],[127.35402,35.53461],[127.35403,35.53463],[127.35412,35.53463]]]}},{"type":"Feature","properties":{"cls":"veg_gain"},"geometry":{"type":"Polygon","coordinates":[[[127.35237,35.53466],[127.35238,35.53462],[127.35234,35.5346],[127.35232,35.53465],[127.35237,35.53466]]]}},{"type":"Feature","properties":{"cls":"built_new"},"geometry":{"type":"Polygon","coordinates":[[[127.34848,35.53469],[127.34853,35.53463],[127.3485,35.53457],[127.34845,35.53455],[127.34841,35.53459],[127.34841,35.53464],[127.34843,35.53468],[127.34848,35.53469]]]}},{"type":"Feature","properties":{"cls":"veg_gain"},"geometry":{"type":"Polygon","coordinates":[[[127.35487,35.53461],[127.35497,35.53453],[127.35496,35.53448],[127.35488,35.53451],[127.35479,35.5345],[127.35478,35.53457],[127.35487,35.53461]]]}},{"type":"Feature","properties":{"cls":"veg_loss"},"geometry":{"type":"Polygon","coordinates":[[[127.35463,35.53439],[127.35466,35.53437],[127.35465,35.53433],[127.3546,35.53434],[127.35459,35.53439],[127.35463,35.53439]]]}},{"type":"Feature","properties":{"cls":"veg_gain"},"geometry":{"type":"Polygon","coordinates":[[[127.34824,35.53443],[127.34826,35.53435],[127.34821,35.53431],[127.34819,35.53441],[127.34824,35.53443]]]}},{"type":"Feature","properties":{"cls":"veg_gain"},"geometry":{"type":"Polygon","coordinates":[[[127.35559,35.53465],[127.35565,35.53463],[127.35592,35.53437],[127.35593,35.53432],[127.35577,35.53433],[127.35566,35.53442],[127.35547,35.53428],[127.35528,35.53428],[127.35524,35.53438],[127.3551,35.53446],[127.35506,35.53453],[127.35499,35.53454],[127.35502,35.53463],[127.35525,35.53465],[127.35532,35.53451],[127.35529,35.53444],[127.35539,35.53442],[127.35542,35.53455],[127.35538,35.5346],[127.35543,35.53463],[127.35548,35.53454],[127.35561,35.53453],[127.35561,35.5345],[127.35554,35.53448],[127.35554,35.53443],[127.35558,35.53443],[127.35561,35.53449],[127.35567,35.5345],[127.35566,35.53455],[127.35561,35.53456],[127.35555,35.53464],[127.35559,35.53465]]]}},{"type":"Feature","properties":{"cls":"veg_loss"},"geometry":{"type":"Polygon","coordinates":[[[127.35092,35.53436],[127.35093,35.53428],[127.35089,35.53428],[127.35089,35.53436],[127.35092,35.53436]]]}},{"type":"Feature","properties":{"cls":"veg_gain"},"geometry":{"type":"Polygon","coordinates":[[[127.3527,35.53434],[127.35272,35.53428],[127.35266,35.53424],[127.35261,35.53425],[127.35265,35.53434],[127.3527,35.53434]]]}},{"type":"Feature","properties":{"cls":"veg_loss"},"geometry":{"type":"Polygon","coordinates":[[[127.34998,35.53441],[127.35015,35.53441],[127.35021,35.53439],[127.35023,35.53435],[127.35017,35.5343],[127.35017,35.53422],[127.35003,35.53413],[127.3499,35.53413],[127.34985,35.53425],[127.34989,35.53429],[127.3499,35.5344],[127.34998,35.53441]]]}},{"type":"Feature","properties":{"cls":"veg_loss"},"geometry":{"type":"Polygon","coordinates":[[[127.35452,35.53431],[127.35472,35.53426],[127.35472,35.53423],[127.35462,35.53421],[127.35464,35.53413],[127.35462,35.53401],[127.35453,35.53407],[127.3545,35.53426],[127.35447,35.53429],[127.35452,35.53431]]]}},{"type":"Feature","properties":{"cls":"veg_loss"},"geometry":{"type":"Polygon","coordinates":[[[127.35579,35.53427],[127.35593,35.53417],[127.35583,35.53411],[127.35555,35.53409],[127.35536,35.53403],[127.35472,35.53399],[127.35478,35.53406],[127.35474,35.53411],[127.35476,35.53421],[127.3548,35.53424],[127.35539,35.53421],[127.35558,35.53427],[127.35579,35.53427]],[[127.3558,35.53421],[127.35576,35.5342],[127.35577,35.53417],[127.35583,35.53418],[127.35583,35.53421],[127.3558,35.53421]],[[127.35513,35.53415],[127.35508,35.53413],[127.35508,35.5341],[127.3552,35.53412],[127.3552,35.53415],[127.35513,35.53415]]]}},{"type":"Feature","properties":{"cls":"veg_gain"},"geometry":{"type":"Polygon","coordinates":[[[127.3539,35.53408],[127.35397,35.53401],[127.35395,35.53396],[127.3538,35.53403],[127.35383,35.53408],[127.3539,35.53408]]]}},{"type":"Feature","properties":{"cls":"veg_gain"},"geometry":{"type":"Polygon","coordinates":[[[127.35253,35.53445],[127.35255,35.5344],[127.3525,35.53437],[127.3525,35.53433],[127.35256,35.53428],[127.35251,35.53422],[127.35251,35.53417],[127.35235,35.5341],[127.35232,35.53401],[127.35225,35.53394],[127.35233,35.5342],[127.35245,35.53422],[127.35246,35.53434],[127.35243,35.53442],[127.35253,35.53445]]]}},{"type":"Feature","properties":{"cls":"veg_loss"},"geometry":{"type":"Polygon","coordinates":[[[127.34848,35.53452],[127.34851,35.53448],[127.34851,35.53437],[127.34863,35.53426],[127.34865,35.53402],[127.34861,35.53395],[127.34858,35.53396],[127.34853,35.53417],[127.34844,35.53426],[127.34843,35.53449],[127.34848,35.53452]]]}},{"type":"Feature","properties":{"cls":"veg_gain"},"geometry":{"type":"Polygon","coordinates":[[[127.34966,35.53422],[127.3499,35.53408],[127.34991,35.53404],[127.34985,35.53402],[127.34972,35.53407],[127.34964,35.53393],[127.34957,35.53394],[127.34957,35.53401],[127.3495,35.53406],[127.3495,35.53419],[127.34966,35.53422]]]}},{"type":"Feature","properties":{"cls":"veg_loss"},"geometry":{"type":"Polygon","coordinates":[[[127.35278,35.53412],[127.35281,35.53411],[127.35281,35.53406],[127.35266,35.53392],[127.35254,35.53389],[127.35244,35.53392],[127.35252,35.53401],[127.35259,35.534],[127.35269,35.5341],[127.35278,35.53412]]]}},{"type":"Feature","properties":{"cls":"built_new"},"geometry":{"type":"Polygon","coordinates":[[[127.35203,35.53398],[127.35204,35.5339],[127.35198,35.53388],[127.35197,35.53397],[127.35203,35.53398]]]}},{"type":"Feature","properties":{"cls":"veg_loss"},"geometry":{"type":"Polygon","coordinates":[[[127.35001,35.53469],[127.35011,35.53467],[127.35006,35.53461],[127.35016,35.5346],[127.35023,35.53453],[127.35028,35.53453],[127.35032,35.53461],[127.35038,35.53462],[127.35038,35.53467],[127.35062,35.53466],[127.35063,35.53464],[127.35057,35.5346],[127.35055,35.53448],[127.35066,35.53447],[127.35072,35.53453],[127.35077,35.53453],[127.35085,35.53444],[127.35083,35.53437],[127.35067,35.53435],[127.35068,35.53428],[127.35062,35.53422],[127.35085,35.53407],[127.3509,35.53407],[127.35097,35.53413],[127.35093,35.5342],[127.35101,35.53424],[127.35098,35.53428],[127.35101,35.53432],[127.35098,35.53437],[127.351,35.5344],[127.35104,35.5344],[127.35108,35.53434],[127.35117,35.53433],[127.35119,35.53437],[127.35115,35.53439],[127.35116,35.53447],[127.35123,35.53449],[127.35124,35.53455],[127.35134,35.5346],[127.35146,35.53458],[127.35158,35.53468],[127.35168,35.53468],[127.35171,35.53461],[127.35183,35.53466],[127.35195,35.53464],[127.35202,35.53467],[127.35201,35.53463],[127.35197,35.53462],[127.352,35.53454],[127.35215,35.53466],[127.35224,35.53468],[127.35231,35.53455],[127.35224,35.53437],[127.35217,35.53445],[127.352,35.53449],[127.35195,35.53453],[127.35189,35.53452],[127.35191,35.53445],[127.35201,35.53439],[127.35209,35.53439],[127.35209,35.53436],[127.352,35.53423],[127.35183,35.53421],[127.35183,35.53414],[127.35176,35.5341],[127.35177,35.53403],[127.35188,35.53397],[127.35189,35.53388],[127.35184,35.53387],[127.3517,35.53392],[127.3517,35.53402],[127.35174,35.5341],[127.35165,35.53422],[127.35166,35.53434],[127.35141,35.53429],[127.35134,35.5342],[127.35126,35.53421],[127.35104,35.53409],[127.35101,35.53404],[127.35085,35.53402],[127.35059,35.53411],[127.35056,35.53415],[127.3506,35.53424],[127.35046,35.53425],[127.35046,35.5343],[127.35059,35.53438],[127.35058,35.53442],[127.35037,35.53441],[127.35029,35.5345],[127.35012,35.53447],[127.34977,35.53451],[127.34987,35.53458],[127.34987,35.53468],[127.35001,35.53469]],[[127.35218,35.53459],[127.35215,35.53456],[127.35216,35.53452],[127.35224,35.53449],[127.35226,35.53458],[127.35218,35.53459]],[[127.35168,35.53438],[127.35167,35.53436],[127.35169,35.53435],[127.3517,35.53439],[127.35168,35.53438]],[[127.35162,35.53455],[127.35158,35.53453],[127.35159,35.53449],[127.35165,35.53451],[127.35166,35.53454],[127.35162,35.53455]],[[127.35132,35.5343],[127.3513,35.5343],[127.35131,35.53427],[127.35135,35.53429],[127.35132,35.5343]],[[127.3512,35.53426],[127.35117,35.53422],[127.35125,35.53423],[127.35125,35.53425],[127.3512,35.53426]]]}},{"type":"Feature","properties":{"cls":"built_new"},"geometry":{"type":"Polygon","coordinates":[[[127.35534,35.53399],[127.35537,35.53395],[127.35547,35.53393],[127.35586,35.53398],[127.35593,35.53396],[127.35569,35.5339],[127.35565,35.53386],[127.35511,35.53388],[127.35534,35.53399]]]}},{"type":"Feature","properties":{"cls":"veg_loss"},"geometry":{"type":"Polygon","coordinates":[[[127.35156,35.53388],[127.35157,35.53383],[127.35152,35.53379],[127.35151,35.53384],[127.35156,35.53388]]]}},{"type":"Feature","properties":{"cls":"veg_gain"},"geometry":{"type":"Polygon","coordinates":[[[127.34972,35.5339],[127.34976,35.53385],[127.34972,35.53378],[127.34967,35.53381],[127.34967,35.5339],[127.34972,35.5339]]]}},{"type":"Feature","properties":{"cls":"veg_gain"},"geometry":{"type":"Polygon","coordinates":[[[127.35017,35.5339],[127.35019,35.53388],[127.35014,35.53379],[127.35008,35.53378],[127.35006,35.53383],[127.35013,35.53391],[127.35017,35.5339]]]}},{"type":"Feature","properties":{"cls":"veg_gain"},"geometry":{"type":"Polygon","coordinates":[[[127.35466,35.53383],[127.35467,35.53379],[127.35464,35.53376],[127.35459,35.53377],[127.35461,35.53383],[127.35466,35.53383]]]}},{"type":"Feature","properties":{"cls":"veg_gain"},"geometry":{"type":"Polygon","coordinates":[[[127.35484,35.53384],[127.35487,35.53381],[127.35486,35.53375],[127.35478,35.53381],[127.35484,35.53384]]]}},{"type":"Feature","properties":{"cls":"veg_gain"},"geometry":{"type":"Polygon","coordinates":[[[127.35125,35.53407],[127.3514,35.53399],[127.35143,35.53392],[127.35133,35.5337],[127.35122,35.53372],[127.35117,35.53366],[127.35113,35.53366],[127.3511,35.53374],[127.35112,35.53381],[127.35108,35.53382],[127.35098,35.53378],[127.35097,35.53371],[127.35088,35.53366],[127.35077,35.53369],[127.35077,35.53373],[127.35083,35.53378],[127.35064,35.53379],[127.35061,35.53382],[127.35059,35.53389],[127.35061,35.53392],[127.35071,35.53387],[127.35078,35.53397],[127.35086,35.53393],[127.35107,35.53393],[127.3512,35.53389],[127.35121,35.53406],[127.35125,35.53407]],[[127.35083,35.53392],[127.35082,35.53388],[127.35088,35.53386],[127.35088,35.53392],[127.35083,35.53392]]]}},{"type":"Feature","properties":{"cls":"veg_gain"},"geometry":{"type":"Polygon","coordinates":[[[127.35505,35.53369],[127.35508,35.53366],[127.35502,35.53364],[127.355,35.53368],[127.35505,35.53369]]]}},{"type":"Feature","properties":{"cls":"veg_gain"},"geometry":{"type":"Polygon","coordinates":[[[127.35102,35.53362],[127.35106,35.53361],[127.35109,35.53359],[127.35096,35.5336],[127.35098,35.53363],[127.35102,35.53362]]]}},{"type":"Feature","properties":{"cls":"veg_gain"},"geometry":{"type":"Polygon","coordinates":[[[127.35203,35.53366],[127.35205,35.53357],[127.35194,35.53357],[127.35194,35.53361],[127.35203,35.53366]]]}},{"type":"Feature","properties":{"cls":"veg_gain"},"geometry":{"type":"Polygon","coordinates":[[[127.35487,35.53358],[127.35497,35.53344],[127.35496,35.53342],[127.35479,35.53346],[127.35487,35.53358]]]}},{"type":"Feature","properties":{"cls":"veg_gain"},"geometry":{"type":"Polygon","coordinates":[[[127.35639,35.53353],[127.35647,35.53346],[127.35644,35.53341],[127.35637,35.53344],[127.35635,35.53352],[127.35639,35.53353]]]}},{"type":"Feature","properties":{"cls":"built_new"},"geometry":{"type":"Polygon","coordinates":[[[127.35626,35.53339],[127.35623,35.53334],[127.35616,35.53334],[127.3562,35.53338],[127.35626,35.53339]]]}},{"type":"Feature","properties":{"cls":"veg_gain"},"geometry":{"type":"Polygon","coordinates":[[[127.35491,35.53338],[127.35489,35.53332],[127.35484,35.53332],[127.35484,35.53336],[127.35491,35.53338]]]}},{"type":"Feature","properties":{"cls":"veg_loss"},"geometry":{"type":"Polygon","coordinates":[[[127.35575,35.53357],[127.35579,35.53354],[127.35576,35.53337],[127.35567,35.53335],[127.35558,35.53326],[127.35545,35.53332],[127.35543,35.53339],[127.35534,35.53337],[127.35531,35.53341],[127.35535,35.53346],[127.35526,35.53349],[127.35526,35.53352],[127.35537,35.53352],[127.35542,35.53355],[127.35556,35.53355],[127.35563,35.53351],[127.35575,35.53357]]]}},{"type":"Feature","properties":{"cls":"veg_loss"},"geometry":{"type":"Polygon","coordinates":[[[127.35183,35.53329],[127.35187,35.53321],[127.3518,35.5332],[127.35175,35.53325],[127.35178,35.53329],[127.35183,35.53329]]]}},{"type":"Feature","properties":{"cls":"built_new"},"geometry":{"type":"Polygon","coordinates":[[[127.35141,35.53361],[127.35146,35.53356],[127.3515,35.53357],[127.35165,35.53349],[127.35166,35.53346],[127.35152,35.5333],[127.35141,35.53325],[127.3513,35.53327],[127.35119,35.53314],[127.35115,35.53327],[127.3512,35.5334],[127.3513,35.53355],[127.35141,35.53361]]]}},{"type":"Feature","properties":{"cls":"veg_gain"},"geometry":{"type":"Polygon","coordinates":[[[127.35644,35.53312],[127.35641,35.53306],[127.35635,35.53309],[127.35637,35.53311],[127.35644,35.53312]]]}},{"type":"Feature","properties":{"cls":"veg_gain"},"geometry":{"type":"Polygon","coordinates":[[[127.35621,35.53305],[127.35619,35.533],[127.35615,35.533],[127.35615,35.53303],[127.35621,35.53305]]]}},{"type":"Feature","properties":{"cls":"veg_gain"},"geometry":{"type":"Polygon","coordinates":[[[127.35374,35.53311],[127.35375,35.53305],[127.35382,35.533],[127.35381,35.53296],[127.35373,35.53297],[127.3537,35.53309],[127.35374,35.53311]]]}},{"type":"Feature","properties":{"cls":"veg_gain"},"geometry":{"type":"Polygon","coordinates":[[[127.35459,35.53307],[127.35461,35.53304],[127.35453,35.53294],[127.3545,35.53297],[127.35453,35.53305],[127.35459,35.53307]]]}},{"type":"Feature","properties":{"cls":"built_new"},"geometry":{"type":"Polygon","coordinates":[[[127.35151,35.53303],[127.35153,35.53297],[127.35142,35.5329],[127.35139,35.53298],[127.35151,35.53303]]]}},{"type":"Feature","properties":{"cls":"veg_loss"},"geometry":{"type":"Polygon","coordinates":[[[127.34897,35.53429],[127.34905,35.53418],[127.34905,35.53406],[127.34911,35.53394],[127.34911,35.53387],[127.34919,35.53383],[127.3492,35.53376],[127.34931,35.53371],[127.34946,35.53376],[127.34953,35.53363],[127.34968,35.53358],[127.34975,35.53352],[127.34985,35.53338],[127.34987,35.53329],[127.34995,35.53323],[127.35003,35.53308],[127.35009,35.53304],[127.35007,35.533],[127.34994,35.53302],[127.34998,35.5329],[127.34988,35.53292],[127.34981,35.53299],[127.34957,35.53343],[127.3493,35.53362],[127.34926,35.53368],[127.34897,35.53373],[127.34881,35.53378],[127.34875,35.53383],[127.34879,35.53388],[127.34886,35.53384],[127.34893,35.53391],[127.34889,35.53414],[127.34892,35.53429],[127.34897,35.53429]]]}},{"type":"Feature","properties":{"cls":"veg_gain"},"geometry":{"type":"Polygon","coordinates":[[[127.34951,35.53296],[127.34958,35.53289],[127.34941,35.53282],[127.34939,35.53284],[127.34941,35.53292],[127.34944,35.53296],[127.34951,35.53296]]]}},{"type":"Feature","properties":{"cls":"veg_gain"},"geometry":{"type":"Polygon","coordinates":[[[127.35485,35.53281],[127.35487,35.53277],[127.35479,35.53278],[127.3548,35.53281],[127.35485,35.53281]]]}},{"type":"Feature","properties":{"cls":"built_new"},"geometry":{"type":"Polygon","coordinates":[[[127.3514,35.53287],[127.35156,35.53274],[127.35155,35.53269],[127.35144,35.53273],[127.35136,35.5328],[127.35125,35.5328],[127.35126,35.53283],[127.35136,35.53281],[127.35136,35.53286],[127.3514,35.53287]]]}},{"type":"Feature","properties":{"cls":"veg_gain"},"geometry":{"type":"Polygon","coordinates":[[[127.35289,35.53273],[127.35292,35.5327],[127.35287,35.53268],[127.35285,35.53271],[127.35289,35.53273]]]}},{"type":"Feature","properties":{"cls":"veg_gain"},"geometry":{"type":"Polygon","coordinates":[[[127.35556,35.53224],[127.3556,35.53218],[127.35558,35.53214],[127.35547,35.53218],[127.35548,35.53222],[127.35556,35.53224]]]}},{"type":"Feature","properties":{"cls":"veg_gain"},"geometry":{"type":"Polygon","coordinates":[[[127.35354,35.53202],[127.35356,35.53199],[127.35349,35.53197],[127.35349,35.53201],[127.35354,35.53202]]]}},{"type":"Feature","properties":{"cls":"veg_gain"},"geometry":{"type":"Polygon","coordinates":[[[127.35119,35.532],[127.35123,35.53195],[127.35116,35.53193],[127.35114,35.53198],[127.35116,35.53201],[127.35119,35.532]]]}},{"type":"Feature","properties":{"cls":"other"},"geometry":{"type":"Polygon","coordinates":[[[127.35219,35.53191],[127.35223,35.53187],[127.35223,35.53184],[127.35216,35.53188],[127.35216,35.53191],[127.35219,35.53191]]]}},{"type":"Feature","properties":{"cls":"veg_loss"},"geometry":{"type":"Polygon","coordinates":[[[127.35502,35.53224],[127.35539,35.53194],[127.3554,35.53182],[127.35535,35.53182],[127.35521,35.53196],[127.35487,35.532],[127.35486,35.53207],[127.3549,35.53209],[127.35492,35.53219],[127.35502,35.53224]]]}},{"type":"Feature","properties":{"cls":"veg_gain"},"geometry":{"type":"Polygon","coordinates":[[[127.34823,35.53202],[127.34827,35.53193],[127.34827,35.53185],[127.34824,35.53182],[127.34816,35.53186],[127.34816,35.53201],[127.34823,35.53202]]]}},{"type":"Feature","properties":{"cls":"veg_gain"},"geometry":{"type":"Polygon","coordinates":[[[127.35138,35.53164],[127.35138,35.53154],[127.35134,35.53153],[127.35132,35.53162],[127.35138,35.53164]]]}},{"type":"Feature","properties":{"cls":"veg_gain"},"geometry":{"type":"Polygon","coordinates":[[[127.35499,35.53178],[127.35499,35.5317],[127.35512,35.53161],[127.35509,35.5315],[127.35495,35.53153],[127.35493,35.53175],[127.35499,35.53178]]]}},{"type":"Feature","properties":{"cls":"veg_loss"},"geometry":{"type":"Polygon","coordinates":[[[127.35425,35.53154],[127.3543,35.53153],[127.3543,35.53147],[127.35427,35.53145],[127.3542,35.53149],[127.3542,35.53153],[127.35425,35.53154]]]}},{"type":"Feature","properties":{"cls":"veg_gain"},"geometry":{"type":"Polygon","coordinates":[[[127.35126,35.53157],[127.3513,35.53152],[127.35129,35.53141],[127.35124,35.53145],[127.35123,35.53156],[127.35126,35.53157]]]}},{"type":"Feature","properties":{"cls":"veg_gain"},"geometry":{"type":"Polygon","coordinates":[[[127.3539,35.53144],[127.35391,35.53136],[127.35388,35.53135],[127.35385,35.53139],[127.35386,35.53143],[127.3539,35.53144]]]}},{"type":"Feature","properties":{"cls":"veg_loss"},"geometry":{"type":"Polygon","coordinates":[[[127.34834,35.53148],[127.34836,35.53145],[127.34831,35.53136],[127.34822,35.53139],[127.34825,35.53146],[127.34834,35.53148]]]}},{"type":"Feature","properties":{"cls":"veg_gain"},"geometry":{"type":"Polygon","coordinates":[[[127.3485,35.53136],[127.34851,35.53131],[127.34844,35.53131],[127.34847,35.53136],[127.3485,35.53136]]]}},{"type":"Feature","properties":{"cls":"veg_gain"},"geometry":{"type":"Polygon","coordinates":[[[127.3565,35.53132],[127.35659,35.53131],[127.35664,35.53127],[127.3565,35.53127],[127.35645,35.53124],[127.35643,35.53131],[127.3565,35.53132]]]}},{"type":"Feature","properties":{"cls":"veg_gain"},"geometry":{"type":"Polygon","coordinates":[[[127.34929,35.5314],[127.34932,35.53138],[127.34927,35.53128],[127.34913,35.53128],[127.34924,35.5314],[127.34929,35.5314]]]}},{"type":"Feature","properties":{"cls":"veg_gain"},"geometry":{"type":"Polygon","coordinates":[[[127.35397,35.53133],[127.35399,35.53125],[127.35394,35.53123],[127.35389,35.53127],[127.35389,35.53131],[127.35397,35.53133]]]}},{"type":"Feature","properties":{"cls":"veg_gain"},"geometry":{"type":"Polygon","coordinates":[[[127.34987,35.53126],[127.3499,35.53119],[127.34979,35.5312],[127.3498,35.53124],[127.34987,35.53126]]]}},{"type":"Feature","properties":{"cls":"veg_gain"},"geometry":{"type":"Polygon","coordinates":[[[127.35617,35.53192],[127.35619,35.53179],[127.35613,35.53169],[127.35621,35.53164],[127.35632,35.53166],[127.35635,35.53162],[127.35637,35.53135],[127.35633,35.53131],[127.35637,35.53125],[127.35633,35.53121],[127.35634,35.53115],[127.3563,35.53112],[127.35617,35.53115],[127.35617,35.53118],[127.35626,35.5312],[127.35627,35.53123],[127.35611,35.53129],[127.35607,35.53141],[127.35615,35.53147],[127.35614,35.53153],[127.3562,35.53156],[127.3562,35.5316],[127.35609,35.53157],[127.3561,35.53165],[127.35605,35.53175],[127.35605,35.53183],[127.35607,35.53191],[127.35613,35.53189],[127.35617,35.53192]]]}},{"type":"Feature","properties":{"cls":"veg_gain"},"geometry":{"type":"Polygon","coordinates":[[[127.35403,35.53114],[127.35403,35.53104],[127.35394,35.53101],[127.35396,35.53114],[127.35403,35.53114]]]}},{"type":"Feature","properties":{"cls":"veg_gain"},"geometry":{"type":"Polygon","coordinates":[[[127.34984,35.53106],[127.34987,35.53099],[127.34979,35.53099],[127.34978,35.53104],[127.34984,35.53106]]]}},{"type":"Feature","properties":{"cls":"veg_gain"},"geometry":{"type":"Polygon","coordinates":[[[127.3563,35.53101],[127.35632,35.53095],[127.35629,35.53093],[127.35625,35.531],[127.3563,35.53101]]]}},{"type":"Feature","properties":{"cls":"veg_gain"},"geometry":{"type":"Polygon","coordinates":[[[127.35236,35.53104],[127.35239,35.53099],[127.35234,35.53097],[127.35232,35.53089],[127.35227,35.53097],[127.35236,35.53104]]]}},{"type":"Feature","properties":{"cls":"veg_loss"},"geometry":{"type":"Polygon","coordinates":[[[127.35226,35.53174],[127.35232,35.53169],[127.3523,35.53159],[127.35235,35.53153],[127.35227,35.53147],[127.35225,35.5314],[127.35215,35.53133],[127.35209,35.53133],[127.35203,35.53126],[127.35197,35.5313],[127.3519,35.53128],[127.35195,35.53122],[127.35193,35.53116],[127.35208,35.53105],[127.35206,35.53101],[127.35195,35.53098],[127.35193,35.53092],[127.35187,35.53088],[127.35174,35.53085],[127.35165,35.5309],[127.35141,35.53113],[127.3514,35.53124],[127.35192,35.53166],[127.35208,35.53173],[127.35226,35.53174]],[[127.35185,35.53154],[127.35182,35.53145],[127.35187,35.53143],[127.35192,35.5315],[127.35189,35.53155],[127.35185,35.53154]],[[127.35184,35.53123],[127.35183,35.53117],[127.35191,35.5312],[127.35189,35.53124],[127.35184,35.53123]]]}},{"type":"Feature","properties":{"cls":"veg_gain"},"geometry":{"type":"Polygon","coordinates":[[[127.35028,35.531],[127.35034,35.53094],[127.35044,35.53091],[127.35042,35.5308],[127.35029,35.53083],[127.35031,35.5309],[127.35017,35.53097],[127.35019,35.531],[127.35028,35.531]]]}},{"type":"Feature","properties":{"cls":"veg_gain"},"geometry":{"type":"Polygon","coordinates":[[[127.35397,35.53096],[127.354,35.53093],[127.35398,35.53086],[127.35407,35.53076],[127.35407,35.53068],[127.35396,35.53074],[127.35398,35.5308],[127.35391,35.53094],[127.35397,35.53096]]]}},{"type":"Feature","properties":{"cls":"veg_gain"},"geometry":{"type":"Polygon","coordinates":[[[127.34833,35.53071],[127.34836,35.53069],[127.34834,35.53063],[127.34818,35.53062],[127.34814,35.53067],[127.3482,35.53071],[127.34833,35.53071]]]}},{"type":"Feature","properties":{"cls":"veg_loss"},"geometry":{"type":"Polygon","coordinates":[[[127.35241,35.53079],[127.35271,35.53066],[127.3527,35.53057],[127.35265,35.53055],[127.35257,35.53063],[127.35236,35.53068],[127.35235,35.53076],[127.35241,35.53079]]]}},{"type":"Feature","properties":{"cls":"veg_gain"},"geometry":{"type":"Polygon","coordinates":[[[127.35659,35.53066],[127.35667,35.53062],[127.35666,35.53051],[127.35634,35.53051],[127.35636,35.53059],[127.35643,35.53065],[127.35659,35.53066]]]}},{"type":"Feature","properties":{"cls":"veg_gain"},"geometry":{"type":"Polygon","coordinates":[[[127.35418,35.53095],[127.35421,35.53089],[127.35415,35.53086],[127.35417,35.53079],[127.35444,35.53067],[127.35443,35.53053],[127.35452,35.53045],[127.35452,35.5304],[127.35448,35.53036],[127.35439,35.53036],[127.35429,35.53054],[127.35425,35.53071],[127.3541,35.53079],[127.35413,35.53087],[127.35407,35.53092],[127.35409,35.53095],[127.35418,35.53095]]]}},{"type":"Feature","properties":{"cls":"veg_gain"},"geometry":{"type":"Polygon","coordinates":[[[127.35632,35.53044],[127.35637,35.53041],[127.35648,35.53041],[127.35649,35.53037],[127.35621,35.53031],[127.35623,35.53039],[127.35632,35.53044]]]}},{"type":"Feature","properties":{"cls":"veg_gain"},"geometry":{"type":"Polygon","coordinates":[[[127.35627,35.53073],[127.3563,35.53066],[127.35626,35.53056],[127.35606,35.53034],[127.35605,35.53027],[127.356,35.53022],[127.35596,35.53027],[127.35596,35.53043],[127.35604,35.53047],[127.35606,35.53061],[127.3561,35.53063],[127.35619,35.5306],[127.35622,35.53064],[127.35615,35.53069],[127.35627,35.53073]]]}},{"type":"Feature","properties":{"cls":"veg_gain"},"geometry":{"type":"Polygon","coordinates":[[[127.3534,35.53028],[127.35348,35.53028],[127.35351,35.53023],[127.35349,35.53021],[127.35338,35.53023],[127.35337,35.53028],[127.3534,35.53028]]]}},{"type":"Feature","properties":{"cls":"veg_gain"},"geometry":{"type":"Polygon","coordinates":[[[127.35042,35.53023],[127.35044,35.5302],[127.3504,35.53018],[127.35033,35.53019],[127.35036,35.53023],[127.35042,35.53023]]]}},{"type":"Feature","properties":{"cls":"veg_gain"},"geometry":{"type":"Polygon","coordinates":[[[127.35027,35.53022],[127.3503,35.53018],[127.35022,35.53017],[127.35022,35.53021],[127.35027,35.53022]]]}},{"type":"Feature","properties":{"cls":"built_new"},"geometry":{"type":"Polygon","coordinates":[[[127.35057,35.53011],[127.35063,35.5301],[127.35064,35.53005],[127.35051,35.53009],[127.35057,35.53011]]]}},{"type":"Feature","properties":{"cls":"veg_gain"},"geometry":{"type":"Polygon","coordinates":[[[127.35484,35.53011],[127.35499,35.53005],[127.35499,35.53003],[127.35485,35.53005],[127.35482,35.5301],[127.35484,35.53011]]]}},{"type":"Feature","properties":{"cls":"veg_loss"},"geometry":{"type":"MultiPolygon","coordinates":[[[[127.34933,35.53014],[127.34974,35.53008],[127.35006,35.5301],[127.35031,35.53009],[127.35016,35.53005],[127.34969,35.53003],[127.34912,35.5301],[127.34933,35.53014]]],[[[127.35032,35.53011],[127.3504,35.53013],[127.35044,35.53009],[127.35035,35.53008],[127.35032,35.53011]]]]}},{"type":"Feature","properties":{"cls":"veg_gain"},"geometry":{"type":"Polygon","coordinates":[[[127.35367,35.53021],[127.35375,35.53017],[127.35375,35.53009],[127.35378,35.53006],[127.35371,35.52991],[127.35363,35.52995],[127.35363,35.53005],[127.35358,35.53008],[127.35359,35.53015],[127.35367,35.53021]]]}},{"type":"Feature","properties":{"cls":"veg_gain"},"geometry":{"type":"Polygon","coordinates":[[[127.35457,35.5302],[127.35462,35.53011],[127.35472,35.53011],[127.35481,35.53004],[127.35483,35.52996],[127.35479,35.52991],[127.35475,35.5299],[127.35468,35.52994],[127.3545,35.53015],[127.3545,35.53019],[127.35457,35.5302]]]}},{"type":"Feature","properties":{"cls":"veg_loss"},"geometry":{"type":"Polygon","coordinates":[[[127.35189,35.53069],[127.35214,35.53068],[127.35223,35.53058],[127.35223,35.5305],[127.35231,35.53044],[127.35236,35.53044],[127.35237,35.53049],[127.35228,35.53057],[127.35237,35.53061],[127.35268,35.53052],[127.35272,35.53049],[127.35272,35.53044],[127.35268,35.5304],[127.3527,35.53022],[127.35282,35.53012],[127.35288,35.53015],[127.35296,35.53014],[127.35309,35.53009],[127.3531,35.53005],[127.35323,35.53004],[127.35328,35.52999],[127.35327,35.52995],[127.35321,35.52993],[127.35323,35.52983],[127.35334,35.52979],[127.35335,35.52975],[127.353,35.52978],[127.35245,35.53004],[127.35239,35.53012],[127.35198,35.53041],[127.35185,35.53064],[127.35185,35.53068],[127.35189,35.53069]],[[127.3525,35.53048],[127.35249,35.53042],[127.35244,35.5304],[127.35244,35.53034],[127.35238,35.53031],[127.35237,35.53027],[127.35244,35.53026],[127.35253,35.53034],[127.35252,35.5304],[127.35256,35.53047],[127.3525,35.53048]]]}},{"type":"Feature","properties":{"cls":"veg_gain"},"geometry":{"type":"Polygon","coordinates":[[[127.35033,35.52968],[127.35035,35.52964],[127.35029,35.52959],[127.35025,35.5296],[127.35025,35.52964],[127.35033,35.52968]]]}},{"type":"Feature","properties":{"cls":"built_new"},"geometry":{"type":"Polygon","coordinates":[[[127.35091,35.5298],[127.35102,35.52977],[127.35113,35.52968],[127.35119,35.52961],[127.35121,35.52953],[127.35109,35.52961],[127.35107,35.52969],[127.35102,35.52973],[127.35086,35.52978],[127.35087,35.52981],[127.35091,35.5298]]]}},{"type":"Feature","properties":{"cls":"veg_gain"},"geometry":{"type":"Polygon","coordinates":[[[127.35397,35.5295],[127.354,35.52948],[127.35398,35.52944],[127.35385,35.52945],[127.35387,35.52949],[127.35397,35.5295]]]}},{"type":"Feature","properties":{"cls":"built_new"},"geometry":{"type":"Polygon","coordinates":[[[127.34932,35.5298],[127.34997,35.52954],[127.35007,35.52944],[127.35013,35.52945],[127.35017,35.52942],[127.35017,35.52938],[127.34992,35.52943],[127.34974,35.52951],[127.34968,35.52957],[127.34957,35.52956],[127.34948,35.52964],[127.34936,35.52965],[127.34927,35.52976],[127.34928,35.5298],[127.34932,35.5298]]]}},{"type":"Feature","properties":{"cls":"veg_gain"},"geometry":{"type":"Polygon","coordinates":[[[127.34918,35.52947],[127.34924,35.5294],[127.34913,35.52936],[127.34902,35.52937],[127.34906,35.52944],[127.34918,35.52947]]]}},{"type":"Feature","properties":{"cls":"built_new"},"geometry":{"type":"Polygon","coordinates":[[[127.34868,35.52975],[127.34875,35.52974],[127.34901,35.52958],[127.349,35.52954],[127.34887,35.52945],[127.34879,35.52931],[127.34859,35.52931],[127.34847,35.52936],[127.3485,35.52954],[127.34857,35.52954],[127.3486,35.52945],[127.34865,35.52945],[127.34866,35.5295],[127.34874,35.52954],[127.34875,35.52943],[127.34883,35.5295],[127.34882,35.5296],[127.34874,35.52968],[127.34857,35.52972],[127.34858,35.52975],[127.34868,35.52975]]]}},{"type":"Feature","properties":{"cls":"veg_gain"},"geometry":{"type":"Polygon","coordinates":[[[127.34854,35.52928],[127.34858,35.52923],[127.34848,35.52925],[127.34848,35.52927],[127.34854,35.52928]]]}},{"type":"Feature","properties":{"cls":"veg_gain"},"geometry":{"type":"Polygon","coordinates":[[[127.34882,35.52913],[127.3489,35.52909],[127.34896,35.52895],[127.3488,35.52908],[127.34879,35.52913],[127.34882,35.52913]]]}},{"type":"Feature","properties":{"cls":"built_new"},"geometry":{"type":"Polygon","coordinates":[[[127.35139,35.52902],[127.35146,35.529],[127.3515,35.52895],[127.3516,35.52897],[127.35169,35.52893],[127.3517,35.52889],[127.35165,35.52886],[127.3514,35.52889],[127.35131,35.52896],[127.35133,35.52902],[127.35139,35.52902]]]}},{"type":"Feature","properties":{"cls":"veg_loss"},"geometry":{"type":"Polygon","coordinates":[[[127.34888,35.52996],[127.34922,35.52985],[127.34925,35.52981],[127.34916,35.52977],[127.3492,35.52968],[127.34933,35.52963],[127.34946,35.52952],[127.34955,35.52951],[127.34973,35.52935],[127.34993,35.52923],[127.35008,35.52918],[127.35026,35.52903],[127.35034,35.52908],[127.35041,35.52908],[127.35042,35.52912],[127.35025,35.52921],[127.35024,35.52928],[127.35016,35.52932],[127.35021,35.52936],[127.35039,35.5293],[127.35074,35.52899],[127.35088,35.52895],[127.3509,35.52891],[127.35066,35.52876],[127.35043,35.52882],[127.34985,35.52924],[127.34936,35.52949],[127.34913,35.52967],[127.34884,35.52983],[127.34879,35.52987],[127.34879,35.52992],[127.34883,35.52996],[127.34888,35.52996]]]}},{"type":"Feature","properties":{"cls":"veg_loss"},"geometry":{"type":"Polygon","coordinates":[[[127.35181,35.52886],[127.35188,35.52878],[127.35197,35.52877],[127.35196,35.5287],[127.35171,35.52882],[127.35172,35.52885],[127.35181,35.52886]]]}},{"type":"Feature","properties":{"cls":"built_new"},"geometry":{"type":"Polygon","coordinates":[[[127.35154,35.52876],[127.35165,35.52873],[127.35168,35.5287],[127.35166,35.52866],[127.35161,35.52865],[127.35147,35.52875],[127.35154,35.52876]]]}},{"type":"Feature","properties":{"cls":"built_new"},"geometry":{"type":"Polygon","coordinates":[[[127.35154,35.52937],[127.35173,35.5293],[127.35183,35.5293],[127.35192,35.52922],[127.35251,35.52911],[127.35252,35.52906],[127.35265,35.52903],[127.35267,35.52899],[127.35274,35.52897],[127.35276,35.5289],[127.35299,35.52873],[127.35305,35.52865],[127.353,35.52864],[127.35292,35.52869],[127.35291,35.52874],[127.35277,35.5288],[127.35259,35.52874],[127.35255,35.52867],[127.35248,35.52867],[127.35261,35.52888],[127.35246,35.52894],[127.35231,35.52907],[127.35213,35.52909],[127.35199,35.52914],[127.3519,35.52921],[127.35152,35.52931],[127.35149,35.52934],[127.35154,35.52937]],[[127.35246,35.52902],[127.35249,35.52899],[127.35253,35.529],[127.3525,35.52903],[127.35246,35.52902]]]}},{"type":"Feature","properties":{"cls":"veg_gain"},"geometry":{"type":"Polygon","coordinates":[[[127.34916,35.52875],[127.34922,35.52872],[127.34921,35.52867],[127.34913,35.52865],[127.34909,35.52859],[127.34891,35.52862],[127.34881,35.52871],[127.34883,35.52874],[127.34916,35.52875]]]}},{"type":"Feature","properties":{"cls":"built_new"},"geometry":{"type":"Polygon","coordinates":[[[127.35328,35.5285],[127.35339,35.52844],[127.3534,35.5284],[127.35329,35.52844],[127.35326,35.52848],[127.35328,35.5285]]]}},{"type":"Feature","properties":{"cls":"built_new"},"geometry":{"type":"Polygon","coordinates":[[[127.35234,35.5284],[127.35227,35.52835],[127.35222,35.52838],[127.35228,35.5284],[127.35234,35.5284]]]}},{"type":"Feature","properties":{"cls":"built_new"},"geometry":{"type":"Polygon","coordinates":[[[127.3513,35.52856],[127.35135,35.52851],[127.3513,35.52831],[127.35121,35.52837],[127.35124,35.52851],[127.35128,35.52857],[127.3513,35.52856]]]}},{"type":"Feature","properties":{"cls":"veg_gain"},"geometry":{"type":"Polygon","coordinates":[[[127.34897,35.52825],[127.34904,35.52821],[127.34903,35.52817],[127.34891,35.52805],[127.34886,35.52804],[127.34882,35.5281],[127.34883,35.52817],[127.34897,35.52825]]]}},{"type":"Feature","properties":{"cls":"built_new"},"geometry":{"type":"Polygon","coordinates":[[[127.35218,35.5282],[127.35233,35.52807],[127.35232,35.52801],[127.3522,35.528],[127.35222,35.5281],[127.35215,35.52819],[127.35218,35.5282]]]}},{"type":"Feature","properties":{"cls":"veg_gain"},"geometry":{"type":"Polygon","coordinates":[[[127.35026,35.52797],[127.3503,35.52794],[127.3503,35.52791],[127.35026,35.52791],[127.35024,35.52797],[127.35026,35.52797]]]}},{"type":"Feature","properties":{"cls":"built_new"},"geometry":{"type":"Polygon","coordinates":[[[127.35197,35.52846],[127.3521,35.52831],[127.35212,35.52824],[127.35197,35.52816],[127.35194,35.52811],[127.35188,35.5281],[127.35186,35.528],[127.35191,35.52793],[127.35184,35.52788],[127.35166,35.5279],[127.35164,35.52796],[127.35168,35.528],[127.35151,35.5281],[127.35143,35.52821],[127.35161,35.52816],[127.35167,35.52822],[127.35167,35.52828],[127.35193,35.52837],[127.35197,35.52846]]]}},{"type":"Feature","properties":{"cls":"veg_gain"},"geometry":{"type":"Polygon","coordinates":[[[127.3505,35.52798],[127.3506,35.52792],[127.35062,35.52787],[127.35047,35.52793],[127.35046,35.52798],[127.3505,35.52798]]]}},{"type":"Feature","properties":{"cls":"veg_loss"},"geometry":{"type":"Polygon","coordinates":[[[127.35367,35.5279],[127.3538,35.52781],[127.3538,35.52776],[127.35372,35.52763],[127.35367,35.52763],[127.35341,35.52779],[127.35342,35.52786],[127.35363,35.52786],[127.35367,35.5279]],[[127.35367,35.52781],[127.35369,35.52776],[127.35373,35.52778],[127.35372,35.52781],[127.35367,35.52781]]]}},{"type":"Feature","properties":{"cls":"veg_gain"},"geometry":{"type":"Polygon","coordinates":[[[127.35077,35.5278],[127.35095,35.5277],[127.35094,35.52763],[127.35086,35.52764],[127.3507,35.52778],[127.35069,35.52782],[127.35077,35.5278]]]}},{"type":"Feature","properties":{"cls":"veg_gain"},"geometry":{"type":"Polygon","coordinates":[[[127.35528,35.52783],[127.35531,35.52781],[127.35529,35.52772],[127.35536,35.52767],[127.35541,35.5277],[127.35544,35.52766],[127.35514,35.5276],[127.35511,35.52763],[127.35521,35.52771],[127.3552,35.52781],[127.35528,35.52783]]]}},{"type":"Feature","properties":{"cls":"veg_gain"},"geometry":{"type":"Polygon","coordinates":[[[127.35661,35.53467],[127.35668,35.53465],[127.35668,35.53456],[127.3565,35.53457],[127.35649,35.53463],[127.35652,35.53467],[127.35661,35.53467]]]}},{"type":"Feature","properties":{"cls":"veg_gain"},"geometry":{"type":"Polygon","coordinates":[[[127.35637,35.53467],[127.3564,35.53466],[127.3564,35.53462],[127.35627,35.53453],[127.3563,35.53444],[127.35628,35.5344],[127.35623,35.53435],[127.3561,35.53438],[127.35617,35.53443],[127.35617,35.53459],[127.35614,35.53466],[127.35637,35.53467]]]}},{"type":"Feature","properties":{"cls":"veg_gain"},"geometry":{"type":"Polygon","coordinates":[[[127.35661,35.5344],[127.35664,35.53438],[127.35663,35.5343],[127.35656,35.53425],[127.35651,35.53426],[127.35648,35.53433],[127.35661,35.5344]]]}},{"type":"Feature","properties":{"cls":"other"},"geometry":{"type":"Polygon","coordinates":[[[127.35148,35.53424],[127.35149,35.53419],[127.35146,35.53417],[127.35143,35.53422],[127.35148,35.53424]]]}},{"type":"Feature","properties":{"cls":"other"},"geometry":{"type":"Polygon","coordinates":[[[127.35581,35.53371],[127.35577,35.53366],[127.35572,35.53367],[127.35573,35.5337],[127.35581,35.53371]]]}},{"type":"Feature","properties":{"cls":"veg_gain"},"geometry":{"type":"Polygon","coordinates":[[[127.35533,35.53349],[127.35537,35.53341],[127.35535,35.53337],[127.35529,35.53339],[127.3553,35.53348],[127.35533,35.53349]]]}},{"type":"Feature","properties":{"cls":"veg_gain"},"geometry":{"type":"Polygon","coordinates":[[[127.35148,35.53341],[127.3515,35.53338],[127.35144,35.53331],[127.35136,35.53332],[127.35136,35.53335],[127.35148,35.53341]]]}},{"type":"Feature","properties":{"cls":"veg_gain"},"geometry":{"type":"Polygon","coordinates":[[[127.35666,35.53314],[127.35667,35.53309],[127.35662,35.53309],[127.35662,35.53313],[127.35666,35.53314]]]}},{"type":"Feature","properties":{"cls":"veg_gain"},"geometry":{"type":"Polygon","coordinates":[[[127.35065,35.53329],[127.35084,35.53328],[127.35086,35.53319],[127.35082,35.53315],[127.35072,35.53316],[127.35068,35.53313],[127.35067,35.53308],[127.35073,35.53303],[127.35056,35.533],[127.35053,35.53302],[127.35053,35.53309],[127.35046,35.53311],[127.35045,35.53316],[127.35054,35.5332],[127.35056,35.53328],[127.35065,35.53329]]]}},{"type":"Feature","properties":{"cls":"veg_gain"},"geometry":{"type":"Polygon","coordinates":[[[127.34929,35.53285],[127.34937,35.53278],[127.34928,35.5327],[127.34923,35.53269],[127.34912,35.53274],[127.34914,35.5328],[127.34929,35.53285]]]}},{"type":"Feature","properties":{"cls":"veg_gain"},"geometry":{"type":"Polygon","coordinates":[[[127.35662,35.53267],[127.35665,35.53265],[127.35663,35.53262],[127.35655,35.53263],[127.35657,35.53267],[127.35662,35.53267]]]}},{"type":"Feature","properties":{"cls":"veg_gain"},"geometry":{"type":"Polygon","coordinates":[[[127.35077,35.53292],[127.3508,35.5329],[127.35081,35.53281],[127.35078,35.53278],[127.35067,35.53278],[127.35063,35.53274],[127.35068,35.53269],[127.35083,35.53268],[127.35085,35.53262],[127.3505,35.5324],[127.3504,35.53238],[127.35035,35.53248],[127.35029,35.53252],[127.35028,35.53259],[127.35041,35.5327],[127.35042,35.53281],[127.35051,35.53288],[127.35064,35.53287],[127.35077,35.53292]]]}},{"type":"Feature","properties":{"cls":"veg_gain"},"geometry":{"type":"Polygon","coordinates":[[[127.35657,35.53253],[127.35666,35.53247],[127.35666,35.53231],[127.35648,35.53228],[127.35646,35.53236],[127.35649,35.53251],[127.35657,35.53253]]]}},{"type":"Feature","properties":{"cls":"veg_gain"},"geometry":{"type":"Polygon","coordinates":[[[127.35001,35.53203],[127.35001,35.53194],[127.34996,35.53193],[127.34991,35.53199],[127.35001,35.53203]]]}},{"type":"Feature","properties":{"cls":"veg_gain"},"geometry":{"type":"Polygon","coordinates":[[[127.35024,35.5319],[127.35026,35.53184],[127.35018,35.53181],[127.35019,35.53187],[127.35024,35.5319]]]}},{"type":"Feature","properties":{"cls":"veg_gain"},"geometry":{"type":"Polygon","coordinates":[[[127.35651,35.532],[127.35655,35.53191],[127.35664,35.53186],[127.35664,35.53178],[127.35661,35.53176],[127.35649,35.53176],[127.35642,35.53185],[127.35644,35.53196],[127.35651,35.532]]]}},{"type":"Feature","properties":{"cls":"veg_gain"},"geometry":{"type":"Polygon","coordinates":[[[127.35087,35.532],[127.3509,35.53186],[127.35097,35.53173],[127.35097,35.53166],[127.35093,35.53163],[127.35052,35.53144],[127.35032,35.53156],[127.35025,35.53165],[127.35024,35.53171],[127.35037,35.5318],[127.35056,35.53187],[127.35076,35.53187],[127.3508,35.53196],[127.35087,35.532]]]}},{"type":"Feature","properties":{"cls":"veg_gain"},"geometry":{"type":"Polygon","coordinates":[[[127.35652,35.53161],[127.35667,35.53154],[127.35667,35.53143],[127.35664,35.5314],[127.35646,35.53142],[127.35643,35.53159],[127.35652,35.53161]]]}},{"type":"Feature","properties":{"cls":"veg_gain"},"geometry":{"type":"Polygon","coordinates":[[[127.35361,35.53166],[127.35361,35.53163],[127.35353,35.5316],[127.35351,35.53153],[127.35362,35.53151],[127.35368,35.53155],[127.3537,35.53161],[127.35373,35.53161],[127.35376,35.53146],[127.35348,35.53142],[127.35338,35.53137],[127.35328,35.53137],[127.35325,35.5314],[127.35321,35.53159],[127.35324,35.53162],[127.35345,35.53161],[127.35353,35.53162],[127.35357,35.53167],[127.35361,35.53166]]]}},{"type":"Feature","properties":{"cls":"veg_gain"},"geometry":{"type":"Polygon","coordinates":[[[127.3566,35.53128],[127.35665,35.53125],[127.35664,35.53122],[127.3565,35.53121],[127.3565,35.53127],[127.3566,35.53128]]]}},{"type":"Feature","properties":{"cls":"veg_gain"},"geometry":{"type":"Polygon","coordinates":[[[127.34818,35.53126],[127.34816,35.53121],[127.34812,35.53122],[127.34813,35.53126],[127.34818,35.53126]]]}},{"type":"Feature","properties":{"cls":"veg_gain"},"geometry":{"type":"Polygon","coordinates":[[[127.35339,35.53129],[127.35341,35.53125],[127.35337,35.53119],[127.35334,35.53128],[127.35339,35.53129]]]}},{"type":"Feature","properties":{"cls":"veg_gain"},"geometry":{"type":"Polygon","coordinates":[[[127.35074,35.53141],[127.35079,35.53135],[127.35084,35.53113],[127.35073,35.53102],[127.35065,35.53099],[127.3506,35.53104],[127.35054,35.53133],[127.35066,35.5314],[127.35074,35.53141]]]}},{"type":"Feature","properties":{"cls":"veg_gain"},"geometry":{"type":"Polygon","coordinates":[[[127.35359,35.5313],[127.35363,35.53123],[127.3537,35.53119],[127.35374,35.5312],[127.35374,35.53127],[127.35379,35.5313],[127.35385,35.53117],[127.35384,35.53101],[127.35351,35.53097],[127.35357,35.53113],[127.35355,35.5313],[127.35359,35.5313]],[[127.35367,35.53108],[127.35365,35.53103],[127.35369,35.53102],[127.35372,35.53106],[127.35367,35.53108]]]}},{"type":"Feature","properties":{"cls":"veg_gain"},"geometry":{"type":"Polygon","coordinates":[[[127.34819,35.53108],[127.34822,35.53106],[127.34821,35.5309],[127.34812,35.53098],[127.34813,35.53107],[127.34819,35.53108]]]}},{"type":"Feature","properties":{"cls":"veg_gain"},"geometry":{"type":"Polygon","coordinates":[[[127.34888,35.53128],[127.34893,35.53125],[127.34893,35.53121],[127.34889,35.53119],[127.34886,35.53103],[127.34875,35.53095],[127.34868,35.53084],[127.34865,35.53087],[127.34865,35.53104],[127.34872,35.53112],[127.34873,35.53118],[127.34888,35.53128]]]}},{"type":"Feature","properties":{"cls":"veg_gain"},"geometry":{"type":"Polygon","coordinates":[[[127.34904,35.53101],[127.34908,35.53094],[127.34905,35.53085],[127.34898,35.53082],[127.34891,35.53087],[127.34891,35.53091],[127.34898,35.531],[127.34904,35.53101]]]}},{"type":"Feature","properties":{"cls":"veg_gain"},"geometry":{"type":"Polygon","coordinates":[[[127.35645,35.53092],[127.35652,35.53083],[127.35666,35.53082],[127.35666,35.53076],[127.35642,35.53078],[127.35641,35.53092],[127.35645,35.53092]]]}},{"type":"Feature","properties":{"cls":"other"},"geometry":{"type":"Polygon","coordinates":[[[127.35086,35.53079],[127.35087,35.53077],[127.3508,35.53071],[127.3507,35.5307],[127.35076,35.53077],[127.35086,35.53079]]]}},{"type":"Feature","properties":{"cls":"veg_gain"},"geometry":{"type":"Polygon","coordinates":[[[127.35368,35.53063],[127.35365,35.53055],[127.35359,35.53056],[127.35359,35.53062],[127.35368,35.53063]]]}},{"type":"Feature","properties":{"cls":"other"},"geometry":{"type":"Polygon","coordinates":[[[127.35098,35.53065],[127.351,35.53061],[127.35097,35.53058],[127.35082,35.53054],[127.35083,35.53059],[127.35098,35.53065]]]}},{"type":"Feature","properties":{"cls":"veg_gain"},"geometry":{"type":"Polygon","coordinates":[[[127.35286,35.53058],[127.35288,35.53057],[127.35288,35.53051],[127.35284,35.53053],[127.35283,35.53057],[127.35286,35.53058]]]}},{"type":"Feature","properties":{"cls":"veg_gain"},"geometry":{"type":"Polygon","coordinates":[[[127.34941,35.53099],[127.34947,35.53092],[127.34944,35.5304],[127.34937,35.53037],[127.34928,35.53039],[127.34923,35.53044],[127.3491,35.53069],[127.34916,35.53079],[127.34937,35.53099],[127.34941,35.53099]]]}},{"type":"Feature","properties":{"cls":"veg_gain"},"geometry":{"type":"Polygon","coordinates":[[[127.34963,35.53089],[127.34979,35.53082],[127.34978,35.53041],[127.34976,35.53035],[127.34971,35.53033],[127.34953,35.53035],[127.3495,35.53039],[127.34958,35.53087],[127.34963,35.53089]]]}},{"type":"Feature","properties":{"cls":"veg_gain"},"geometry":{"type":"Polygon","coordinates":[[[127.35002,35.53078],[127.35012,35.53072],[127.3501,35.53061],[127.35013,35.53039],[127.35017,35.53042],[127.35026,35.53066],[127.3505,35.53066],[127.35061,35.53047],[127.35064,35.53034],[127.35025,35.53031],[127.35012,35.53034],[127.35008,35.5303],[127.34983,35.53032],[127.34985,35.53057],[127.3499,35.53073],[127.34996,35.53078],[127.35002,35.53078]]]}},{"type":"Feature","properties":{"cls":"veg_gain"},"geometry":{"type":"Polygon","coordinates":[[[127.35158,35.53071],[127.35163,35.53066],[127.3516,35.53059],[127.35167,35.53059],[127.35175,35.5305],[127.35176,35.53044],[127.35171,35.53037],[127.35128,35.53019],[127.3512,35.53018],[127.3512,35.53022],[127.35111,35.53023],[127.35109,35.53021],[127.35111,35.53013],[127.35101,35.53018],[127.35099,35.53021],[127.35101,35.53025],[127.35108,35.53026],[127.3513,35.53039],[127.35133,35.53045],[127.35119,35.53053],[127.35122,35.53058],[127.35149,35.5307],[127.35158,35.53071]]]}},{"type":"Feature","properties":{"cls":"veg_gain"},"geometry":{"type":"Polygon","coordinates":[[[127.35166,35.53027],[127.35166,35.53024],[127.35153,35.53014],[127.35148,35.53011],[127.35143,35.53013],[127.35148,35.5302],[127.35166,35.53027]]]}},{"type":"Feature","properties":{"cls":"veg_gain"},"geometry":{"type":"Polygon","coordinates":[[[127.35419,35.53057],[127.35428,35.53047],[127.35434,35.53026],[127.35412,35.53013],[127.35393,35.53009],[127.35377,35.53041],[127.35405,35.53049],[127.35414,35.53057],[127.35419,35.53057]]]}},{"type":"Feature","properties":{"cls":"veg_gain"},"geometry":{"type":"Polygon","coordinates":[[[127.3562,35.53019],[127.35623,35.53016],[127.35638,35.53018],[127.3564,35.53013],[127.35635,35.53011],[127.35622,35.53015],[127.35611,35.53005],[127.35606,35.53007],[127.35609,35.53014],[127.35615,35.53019],[127.3562,35.53019]]]}},{"type":"Feature","properties":{"cls":"veg_gain"},"geometry":{"type":"Polygon","coordinates":[[[127.35132,35.53007],[127.35128,35.53],[127.3512,35.52999],[127.35122,35.53004],[127.35132,35.53007]]]}},{"type":"Feature","properties":{"cls":"veg_gain"},"geometry":{"type":"Polygon","coordinates":[[[127.35653,35.53002],[127.35659,35.52993],[127.35659,35.52987],[127.35656,35.52985],[127.35624,35.52994],[127.35628,35.52997],[127.35646,35.52995],[127.35649,35.53002],[127.35653,35.53002]]]}},{"type":"Feature","properties":{"cls":"veg_gain"},"geometry":{"type":"Polygon","coordinates":[[[127.35441,35.53016],[127.35465,35.52992],[127.3546,35.52985],[127.35429,35.52972],[127.354,35.52994],[127.35399,35.52998],[127.35403,35.53002],[127.35423,35.53012],[127.35441,35.53016]]]}},{"type":"Feature","properties":{"cls":"veg_gain"},"geometry":{"type":"Polygon","coordinates":[[[127.35186,35.53027],[127.35185,35.53017],[127.35157,35.52983],[127.35145,35.52973],[127.35136,35.52976],[127.35127,35.52988],[127.35128,35.52992],[127.35152,35.5301],[127.35186,35.53027]]]}},{"type":"Feature","properties":{"cls":"veg_gain"},"geometry":{"type":"Polygon","coordinates":[[[127.35483,35.52979],[127.35485,35.52976],[127.35479,35.52967],[127.35473,35.52966],[127.35474,35.52972],[127.35483,35.52979]]]}},{"type":"Feature","properties":{"cls":"veg_gain"},"geometry":{"type":"Polygon","coordinates":[[[127.35201,35.53014],[127.35202,35.53007],[127.35191,35.52992],[127.35173,35.52978],[127.35171,35.52971],[127.35162,35.52961],[127.35156,35.52964],[127.35156,35.52968],[127.35163,35.52971],[127.35174,35.5299],[127.3519,35.53009],[127.35201,35.53014]]]}},{"type":"Feature","properties":{"cls":"veg_gain"},"geometry":{"type":"Polygon","coordinates":[[[127.3559,35.52974],[127.3559,35.52965],[127.35596,35.52957],[127.35578,35.52959],[127.35578,35.52969],[127.3559,35.52974]]]}},{"type":"Feature","properties":{"cls":"veg_gain"},"geometry":{"type":"Polygon","coordinates":[[[127.35216,35.53005],[127.35221,35.52999],[127.35231,35.52995],[127.3523,35.52987],[127.35223,35.52983],[127.35216,35.52968],[127.35196,35.52947],[127.35174,35.52954],[127.35171,35.52957],[127.35172,35.52961],[127.35193,35.52986],[127.35209,35.52999],[127.3521,35.53003],[127.35216,35.53005]]]}},{"type":"Feature","properties":{"cls":"veg_gain"},"geometry":{"type":"Polygon","coordinates":[[[127.34917,35.52948],[127.34923,35.52944],[127.34921,35.52941],[127.34914,35.52941],[127.34911,35.52944],[127.34917,35.52948]]]}},{"type":"Feature","properties":{"cls":"veg_gain"},"geometry":{"type":"Polygon","coordinates":[[[127.35447,35.52967],[127.35452,35.52964],[127.35453,35.52956],[127.35461,35.52961],[127.3547,35.52961],[127.35469,35.52954],[127.35453,35.52938],[127.35449,35.52938],[127.3544,35.52961],[127.35442,35.52966],[127.35447,35.52967]]]}},{"type":"Feature","properties":{"cls":"veg_gain"},"geometry":{"type":"Polygon","coordinates":[[[127.35249,35.52985],[127.35265,35.52975],[127.35276,35.52972],[127.35279,35.52967],[127.35277,35.52961],[127.35265,35.52956],[127.35259,35.52941],[127.35246,35.52929],[127.35232,35.52931],[127.35216,35.5294],[127.35207,35.5294],[127.35205,35.52945],[127.3523,35.52967],[127.35232,35.52976],[127.35243,35.52985],[127.35249,35.52985]],[[127.3525,35.52968],[127.35243,35.52959],[127.35244,35.52956],[127.35259,35.52963],[127.35256,35.52969],[127.3525,35.52968]]]}},{"type":"Feature","properties":{"cls":"veg_gain"},"geometry":{"type":"Polygon","coordinates":[[[127.35558,35.52936],[127.35559,35.52929],[127.35554,35.52927],[127.35551,35.52929],[127.35551,35.52933],[127.35558,35.52936]]]}},{"type":"Feature","properties":{"cls":"veg_gain"},"geometry":{"type":"Polygon","coordinates":[[[127.34915,35.52937],[127.34922,35.52936],[127.34926,35.5293],[127.34917,35.52918],[127.34912,35.52918],[127.34902,35.52927],[127.34901,35.52933],[127.34915,35.52937]]]}},{"type":"Feature","properties":{"cls":"veg_gain"},"geometry":{"type":"Polygon","coordinates":[[[127.35573,35.52949],[127.35616,35.52929],[127.35621,35.52924],[127.35619,35.52917],[127.35604,35.52904],[127.35568,35.52917],[127.3556,35.52923],[127.35568,35.52932],[127.35561,35.52944],[127.35566,35.52949],[127.35573,35.52949]]]}},{"type":"Feature","properties":{"cls":"veg_gain"},"geometry":{"type":"Polygon","coordinates":[[[127.3556,35.52988],[127.35561,35.52985],[127.35552,35.52978],[127.35541,35.52971],[127.35532,35.5297],[127.35532,35.52966],[127.35539,35.52967],[127.35539,35.52963],[127.35522,35.52946],[127.35519,35.52946],[127.35519,35.52949],[127.35525,35.52955],[127.35523,35.52959],[127.35516,35.52955],[127.35507,35.52955],[127.35496,35.52945],[127.35493,35.52924],[127.35498,35.52915],[127.35487,35.529],[127.35479,35.52902],[127.3547,35.52917],[127.35457,35.52926],[127.35461,35.52935],[127.35502,35.52976],[127.35511,35.52975],[127.35515,35.52969],[127.35522,35.5297],[127.35526,35.52972],[127.35526,35.52977],[127.35533,35.52981],[127.3556,35.52988]]]}},{"type":"Feature","properties":{"cls":"veg_gain"},"geometry":{"type":"Polygon","coordinates":[[[127.34943,35.52922],[127.34947,35.52915],[127.34953,35.52917],[127.34955,35.52922],[127.34963,35.5292],[127.34966,35.52916],[127.34944,35.52898],[127.34936,35.52896],[127.34924,35.52905],[127.34923,35.52909],[127.34928,35.52916],[127.34943,35.52922]]]}},{"type":"Feature","properties":{"cls":"veg_gain"},"geometry":{"type":"Polygon","coordinates":[[[127.3498,35.52906],[127.34985,35.52902],[127.34986,35.52896],[127.34997,35.52899],[127.35007,35.52894],[127.35014,35.52885],[127.35002,35.52883],[127.34988,35.52888],[127.34973,35.52888],[127.34966,35.52895],[127.34975,35.52906],[127.3498,35.52906]]]}},{"type":"Feature","properties":{"cls":"veg_gain"},"geometry":{"type":"Polygon","coordinates":[[[127.35341,35.52942],[127.3536,35.52931],[127.35357,35.52924],[127.35358,35.52916],[127.35343,35.52896],[127.3534,35.52881],[127.35337,35.52878],[127.35328,35.52878],[127.353,35.52902],[127.35305,35.52911],[127.35334,35.52941],[127.35341,35.52942]]]}},{"type":"Feature","properties":{"cls":"veg_gain"},"geometry":{"type":"Polygon","coordinates":[[[127.35424,35.52881],[127.35425,35.52869],[127.35411,35.52864],[127.35413,35.52874],[127.35424,35.52881]]]}},{"type":"Feature","properties":{"cls":"veg_gain"},"geometry":{"type":"Polygon","coordinates":[[[127.35545,35.52922],[127.3556,35.52919],[127.35599,35.52896],[127.35598,35.5289],[127.35579,35.52866],[127.35565,35.52856],[127.35556,35.52857],[127.35522,35.52872],[127.35507,35.52882],[127.35535,35.52918],[127.35541,35.52923],[127.35545,35.52922]]]}},{"type":"Feature","properties":{"cls":"veg_gain"},"geometry":{"type":"Polygon","coordinates":[[[127.35465,35.52886],[127.35471,35.52882],[127.35466,35.5287],[127.35451,35.52855],[127.35441,35.52854],[127.35438,35.52857],[127.3544,35.52868],[127.35459,35.52886],[127.35465,35.52886]]]}},{"type":"Feature","properties":{"cls":"veg_gain"},"geometry":{"type":"Polygon","coordinates":[[[127.35011,35.52861],[127.35015,35.52857],[127.35013,35.52854],[127.35006,35.52859],[127.35011,35.52861]]]}},{"type":"Feature","properties":{"cls":"veg_gain"},"geometry":{"type":"Polygon","coordinates":[[[127.35396,35.52924],[127.35417,35.52916],[127.35425,35.52908],[127.35407,35.52881],[127.35396,35.5288],[127.35389,35.52874],[127.35391,35.52864],[127.35388,35.52857],[127.35379,35.52851],[127.35366,35.52862],[127.35346,35.52869],[127.35344,35.52873],[127.3535,35.52879],[127.35362,35.52882],[127.35372,35.52896],[127.35372,35.52902],[127.35381,35.52917],[127.35393,35.52925],[127.35396,35.52924]]]}},{"type":"Feature","properties":{"cls":"veg_gain"},"geometry":{"type":"Polygon","coordinates":[[[127.35041,35.52863],[127.35044,35.52858],[127.35037,35.52851],[127.35033,35.52861],[127.35041,35.52863]]]}},{"type":"Feature","properties":{"cls":"veg_gain"},"geometry":{"type":"Polygon","coordinates":[[[127.35502,35.52871],[127.35546,35.52848],[127.35536,35.52827],[127.35527,35.52825],[127.35481,35.52848],[127.3549,35.52866],[127.35502,35.52871]]]}},{"type":"Feature","properties":{"cls":"veg_gain"},"geometry":{"type":"Polygon","coordinates":[[[127.35426,35.52845],[127.3543,35.52842],[127.35427,35.52828],[127.35424,35.52819],[127.35419,35.52818],[127.3541,35.52824],[127.35411,35.52832],[127.35415,35.52839],[127.35426,35.52845]]]}},{"type":"Feature","properties":{"cls":"veg_gain"},"geometry":{"type":"Polygon","coordinates":[[[127.35062,35.52853],[127.35074,35.52848],[127.3509,35.52835],[127.3509,35.52829],[127.35086,35.52825],[127.35065,35.52813],[127.35059,35.52817],[127.35061,35.52826],[127.35051,35.52822],[127.35041,35.5283],[127.35051,35.52848],[127.35062,35.52853]]]}},{"type":"Feature","properties":{"cls":"veg_gain"},"geometry":{"type":"Polygon","coordinates":[[[127.35013,35.52826],[127.35023,35.5282],[127.35028,35.52812],[127.35018,35.52814],[127.35009,35.52823],[127.35009,35.52827],[127.35013,35.52826]]]}},{"type":"Feature","properties":{"cls":"veg_gain"},"geometry":{"type":"Polygon","coordinates":[[[127.3518,35.52819],[127.35184,35.52817],[127.35184,35.52813],[127.35177,35.5281],[127.35174,35.52812],[127.35174,35.52818],[127.3518,35.52819]]]}},{"type":"Feature","properties":{"cls":"built_new"},"geometry":{"type":"Polygon","coordinates":[[[127.34952,35.52806],[127.34953,35.52799],[127.3495,35.52798],[127.34947,35.52804],[127.34949,35.52807],[127.34952,35.52806]]]}},{"type":"Feature","properties":{"cls":"veg_gain"},"geometry":{"type":"Polygon","coordinates":[[[127.34821,35.52811],[127.34828,35.52807],[127.34829,35.52803],[127.34829,35.52792],[127.34825,35.5279],[127.34816,35.52792],[127.3481,35.528],[127.34812,35.5281],[127.34821,35.52811]]]}},{"type":"Feature","properties":{"cls":"veg_gain"},"geometry":{"type":"Polygon","coordinates":[[[127.35102,35.52826],[127.35113,35.52819],[127.35122,35.52807],[127.35122,35.528],[127.35133,35.52794],[127.35132,35.5279],[127.35121,35.52793],[127.35119,35.5279],[127.35126,35.52787],[127.35105,35.52786],[127.351,35.5279],[127.35104,35.52793],[127.35103,35.52796],[127.3509,35.52795],[127.3508,35.528],[127.35077,35.52804],[127.35084,35.52815],[127.35092,35.52819],[127.35096,35.52826],[127.35102,35.52826]]]}},{"type":"Feature","properties":{"cls":"veg_gain"},"geometry":{"type":"Polygon","coordinates":[[[127.35482,35.52841],[127.35525,35.52818],[127.35518,35.52789],[127.35505,35.52776],[127.35493,35.52777],[127.35473,35.52791],[127.35445,35.52803],[127.35454,35.52818],[127.3547,35.5283],[127.35473,35.52839],[127.35482,35.52841]]]}},{"type":"Feature","properties":{"cls":"built_new"},"geometry":{"type":"Polygon","coordinates":[[[127.34956,35.52794],[127.3496,35.52791],[127.3496,35.52785],[127.34969,35.52782],[127.34968,35.52779],[127.34964,35.52777],[127.34948,35.52779],[127.34955,35.52783],[127.34953,35.52793],[127.34956,35.52794]]]}},{"type":"Feature","properties":{"cls":"veg_gain"},"geometry":{"type":"Polygon","coordinates":[[[127.34828,35.52783],[127.34829,35.5278],[127.34825,35.52777],[127.3482,35.52778],[127.34828,35.52783]]]}},{"type":"Feature","properties":{"cls":"veg_gain"},"geometry":{"type":"Polygon","coordinates":[[[127.35443,35.52783],[127.3545,35.52779],[127.3545,35.52774],[127.35434,35.52778],[127.35435,35.52782],[127.35443,35.52783]]]}},{"type":"Feature","properties":{"cls":"veg_gain"},"geometry":{"type":"Polygon","coordinates":[[[127.35661,35.52786],[127.35663,35.52769],[127.35657,35.52768],[127.3565,35.52776],[127.3565,35.5278],[127.35661,35.52786]]]}},{"type":"Feature","properties":{"cls":"veg_gain"},"geometry":{"type":"Polygon","coordinates":[[[127.35447,35.52767],[127.35451,35.52766],[127.35452,35.52764],[127.35443,35.52765],[127.35447,35.52767]]]}},{"type":"Feature","properties":{"cls":"veg_gain"},"geometry":{"type":"Polygon","coordinates":[[[127.35005,35.52804],[127.35033,35.5279],[127.35049,35.52774],[127.35061,35.5277],[127.35068,35.52764],[127.35057,35.52762],[127.35031,35.52777],[127.3502,35.52786],[127.35015,35.52795],[127.35009,35.52795],[127.35002,35.52801],[127.35002,35.52804],[127.35005,35.52804]]]}},{"type":"Feature","properties":{"cls":"veg_gain"},"geometry":{"type":"Polygon","coordinates":[[[127.35153,35.52778],[127.35161,35.52772],[127.35164,35.52763],[127.35122,35.52764],[127.35125,35.5277],[127.35153,35.52778]]]}},{"type":"Feature","properties":{"cls":"veg_loss"},"geometry":{"type":"Polygon","coordinates":[[[127.35637,35.53466],[127.3564,35.53462],[127.35626,35.5346],[127.35621,35.53455],[127.35612,35.53465],[127.35637,35.53466]]]}},{"type":"Feature","properties":{"cls":"veg_gain"},"geometry":{"type":"Polygon","coordinates":[[[127.35155,35.53465],[127.35162,35.53461],[127.35164,35.53455],[127.35162,35.53452],[127.35155,35.53453],[127.35142,35.53462],[127.35145,35.53465],[127.35155,35.53465]]]}},{"type":"Feature","properties":{"cls":"veg_gain"},"geometry":{"type":"Polygon","coordinates":[[[127.35125,35.5345],[127.35138,35.53438],[127.35137,35.53434],[127.35121,35.5344],[127.35119,35.53448],[127.35125,35.5345]]]}},{"type":"Feature","properties":{"cls":"veg_gain"},"geometry":{"type":"Polygon","coordinates":[[[127.35183,35.53451],[127.35193,35.53443],[127.35185,35.53434],[127.35181,35.53434],[127.35179,35.53438],[127.35183,35.53439],[127.35183,35.53442],[127.35178,35.5345],[127.35183,35.53451]]]}},{"type":"Feature","properties":{"cls":"veg_loss"},"geometry":{"type":"Polygon","coordinates":[[[127.35607,35.53454],[127.35616,35.53446],[127.35627,35.53442],[127.35624,35.53434],[127.35612,35.5343],[127.35602,35.53436],[127.356,35.53446],[127.35602,35.53452],[127.35607,35.53454]]]}},{"type":"Feature","properties":{"cls":"built_new"},"geometry":{"type":"Polygon","coordinates":[[[127.35347,35.53436],[127.35354,35.53432],[127.35347,35.53425],[127.35348,35.53419],[127.35352,35.53416],[127.35349,35.53412],[127.35343,35.53416],[127.35335,35.53429],[127.35336,35.53432],[127.35347,35.53436]]]}},{"type":"Feature","properties":{"cls":"built_new"},"geometry":{"type":"Polygon","coordinates":[[[127.3539,35.53408],[127.35392,35.53407],[127.3539,35.53402],[127.3538,35.53403],[127.35381,35.53408],[127.3539,35.53408]]]}},{"type":"Feature","properties":{"cls":"veg_gain"},"geometry":{"type":"Polygon","coordinates":[[[127.35264,35.53409],[127.35266,35.53405],[127.3526,35.53401],[127.35256,35.53393],[127.35243,35.53384],[127.35239,35.53386],[127.35242,35.53395],[127.35264,35.53409]]]}},{"type":"Feature","properties":{"cls":"veg_loss"},"geometry":{"type":"Polygon","coordinates":[[[127.35666,35.53467],[127.3567,35.53465],[127.35666,35.53443],[127.35669,35.5343],[127.35667,35.53399],[127.35669,35.53389],[127.35665,35.5338],[127.3566,35.53379],[127.35655,35.53393],[127.35656,35.53399],[127.35648,35.53408],[127.3565,35.53417],[127.35647,35.53426],[127.35638,35.53433],[127.35639,35.53438],[127.35645,35.53442],[127.35646,35.5345],[127.35652,35.53452],[127.35656,35.53447],[127.35661,35.5345],[127.35661,35.53454],[127.35649,35.53459],[127.35651,35.53466],[127.35666,35.53467]]]}},{"type":"Feature","properties":{"cls":"veg_gain"},"geometry":{"type":"Polygon","coordinates":[[[127.35608,35.53383],[127.3561,35.53377],[127.35617,35.53376],[127.35615,35.5337],[127.35607,35.53372],[127.35604,35.53381],[127.35608,35.53383]]]}},{"type":"Feature","properties":{"cls":"veg_gain"},"geometry":{"type":"Polygon","coordinates":[[[127.35238,35.53378],[127.35241,35.53377],[127.3524,35.53372],[127.35233,35.53371],[127.35234,35.53377],[127.35238,35.53378]]]}},{"type":"Feature","properties":{"cls":"veg_gain"},"geometry":{"type":"Polygon","coordinates":[[[127.35584,35.53374],[127.35583,35.53369],[127.35578,35.53366],[127.35579,35.53372],[127.35584,35.53374]]]}},{"type":"Feature","properties":{"cls":"veg_gain"},"geometry":{"type":"Polygon","coordinates":[[[127.3558,35.53354],[127.35584,35.53348],[127.35583,35.53339],[127.35591,35.5334],[127.35587,35.53333],[127.35589,35.53327],[127.35584,35.53321],[127.35579,35.53321],[127.35573,35.5333],[127.35573,35.53348],[127.35575,35.53353],[127.3558,35.53354]]]}},{"type":"Feature","properties":{"cls":"veg_gain"},"geometry":{"type":"Polygon","coordinates":[[[127.35182,35.5332],[127.35182,35.53316],[127.35174,35.53314],[127.35174,35.53318],[127.35182,35.5332]]]}},{"type":"Feature","properties":{"cls":"veg_loss"},"geometry":{"type":"Polygon","coordinates":[[[127.35667,35.53313],[127.35667,35.53306],[127.35663,35.53306],[127.35662,35.53311],[127.35667,35.53313]]]}},{"type":"Feature","properties":{"cls":"built_new"},"geometry":{"type":"Polygon","coordinates":[[[127.35256,35.53289],[127.35261,35.53283],[127.35252,35.53278],[127.35249,35.53284],[127.35256,35.53289]]]}},{"type":"Feature","properties":{"cls":"veg_loss"},"geometry":{"type":"Polygon","coordinates":[[[127.35667,35.533],[127.3567,35.53296],[127.35669,35.53274],[127.35655,35.53273],[127.35652,35.53277],[127.35656,35.53296],[127.35667,35.533]]]}},{"type":"Feature","properties":{"cls":"built_new"},"geometry":{"type":"Polygon","coordinates":[[[127.34949,35.53299],[127.3496,35.53286],[127.3493,35.53267],[127.34921,35.53265],[127.34907,35.53274],[127.34907,35.53279],[127.34911,35.53282],[127.34949,35.53299]]]}},{"type":"Feature","properties":{"cls":"veg_loss"},"geometry":{"type":"Polygon","coordinates":[[[127.35665,35.53266],[127.35667,35.53262],[127.35657,35.53263],[127.35657,35.53265],[127.35665,35.53266]]]}},{"type":"Feature","properties":{"cls":"veg_gain"},"geometry":{"type":"Polygon","coordinates":[[[127.3518,35.53272],[127.35181,35.53263],[127.35176,35.53262],[127.35175,35.5327],[127.3518,35.53272]]]}},{"type":"Feature","properties":{"cls":"veg_loss"},"geometry":{"type":"Polygon","coordinates":[[[127.35072,35.53289],[127.3508,35.53283],[127.35085,35.53262],[127.35078,35.53257],[127.35065,35.53258],[127.35066,35.53252],[127.35063,35.53247],[127.3504,35.53238],[127.35034,35.53251],[127.35049,35.53264],[127.35052,35.53263],[127.35052,35.53257],[127.35061,35.53262],[127.35061,35.53265],[127.35054,35.53269],[127.35057,35.53285],[127.35063,35.53289],[127.35072,35.53289]]]}},{"type":"Feature","properties":{"cls":"built_new"},"geometry":{"type":"Polygon","coordinates":[[[127.3548,35.53231],[127.35483,35.53225],[127.35475,35.53222],[127.35472,35.53229],[127.3548,35.53231]]]}},{"type":"Feature","properties":{"cls":"built_new"},"geometry":{"type":"Polygon","coordinates":[[[127.35556,35.53224],[127.35558,35.53224],[127.35556,35.53218],[127.35547,35.5322],[127.35556,35.53224]]]}},{"type":"Feature","properties":{"cls":"built_new"},"geometry":{"type":"Polygon","coordinates":[[[127.35268,35.53228],[127.35273,35.53223],[127.35273,35.53217],[127.35269,35.53218],[127.35264,35.53226],[127.35268,35.53228]]]}},{"type":"Feature","properties":{"cls":"veg_loss"},"geometry":{"type":"Polygon","coordinates":[[[127.35665,35.53255],[127.35669,35.53253],[127.35668,35.53218],[127.35665,35.53215],[127.35644,35.53216],[127.35641,35.53227],[127.35648,35.53254],[127.35665,35.53255]]]}},{"type":"Feature","properties":{"cls":"veg_gain"},"geometry":{"type":"Polygon","coordinates":[[[127.35177,35.53257],[127.35179,35.53248],[127.35154,35.53232],[127.35148,35.53222],[127.35136,35.53213],[127.35135,35.5322],[127.35144,35.53231],[127.35145,35.5324],[127.35156,35.53243],[127.35177,35.53257]]]}},{"type":"Feature","properties":{"cls":"built_new"},"geometry":{"type":"Polygon","coordinates":[[[127.35332,35.53255],[127.35345,35.53248],[127.35345,35.53233],[127.35363,35.53223],[127.35365,35.53216],[127.35319,35.53211],[127.35311,35.53207],[127.35308,35.53212],[127.35313,35.5322],[127.35313,35.53238],[127.35325,35.53254],[127.35332,35.53255]]]}},{"type":"Feature","properties":{"cls":"veg_loss"},"geometry":{"type":"Polygon","coordinates":[[[127.35077,35.53242],[127.35091,35.5323],[127.35091,35.53218],[127.3508,35.53218],[127.35072,35.5321],[127.35044,35.53203],[127.35035,35.53217],[127.35036,35.53221],[127.35053,35.53233],[127.35077,35.53242]]]}},{"type":"Feature","properties":{"cls":"built_new"},"geometry":{"type":"Polygon","coordinates":[[[127.35178,35.53213],[127.35185,35.5321],[127.35184,35.53202],[127.35171,35.53211],[127.35178,35.53213]]]}},{"type":"Feature","properties":{"cls":"built_new"},"geometry":{"type":"Polygon","coordinates":[[[127.35213,35.53206],[127.35215,35.53205],[127.35214,35.532],[127.35209,35.53204],[127.3521,35.53207],[127.35213,35.53206]]]}},{"type":"Feature","properties":{"cls":"veg_gain"},"geometry":{"type":"Polygon","coordinates":[[[127.35133,35.5321],[127.35136,35.53201],[127.35128,35.53197],[127.35125,35.53206],[127.35133,35.5321]]]}},{"type":"Feature","properties":{"cls":"built_new"},"geometry":{"type":"Polygon","coordinates":[[[127.35462,35.53202],[127.3547,35.53196],[127.35469,35.53189],[127.35453,35.53194],[127.35453,35.532],[127.35462,35.53202]]]}},{"type":"Feature","properties":{"cls":"veg_loss"},"geometry":{"type":"Polygon","coordinates":[[[127.35019,35.53211],[127.35023,35.53208],[127.35022,35.53192],[127.35016,35.53187],[127.34996,35.53189],[127.34986,35.53198],[127.34986,35.53202],[127.34993,35.53206],[127.35019,35.53211]]]}},{"type":"Feature","properties":{"cls":"veg_loss"},"geometry":{"type":"Polygon","coordinates":[[[127.35649,35.53207],[127.35652,35.53198],[127.35666,35.53191],[127.3566,35.53179],[127.35654,35.53176],[127.3564,35.53182],[127.35641,35.53205],[127.35649,35.53207]]]}},{"type":"Feature","properties":{"cls":"built_new"},"geometry":{"type":"Polygon","coordinates":[[[127.35368,35.53206],[127.3537,35.53198],[127.35364,35.5318],[127.35317,35.53172],[127.35309,35.53182],[127.3531,35.53198],[127.35334,35.53204],[127.35368,35.53206]]]}},{"type":"Feature","properties":{"cls":"veg_gain"},"geometry":{"type":"Polygon","coordinates":[[[127.3523,35.53167],[127.35233,35.53162],[127.35228,35.5316],[127.35225,35.53165],[127.3523,35.53167]]]}},{"type":"Feature","properties":{"cls":"veg_loss"},"geometry":{"type":"Polygon","coordinates":[[[127.34969,35.53169],[127.34974,35.53166],[127.34969,35.5316],[127.3496,35.53161],[127.34963,35.53168],[127.34969,35.53169]]]}},{"type":"Feature","properties":{"cls":"built_new"},"geometry":{"type":"Polygon","coordinates":[[[127.35596,35.5316],[127.356,35.53158],[127.35599,35.5315],[127.35586,35.53153],[127.35586,35.53158],[127.35596,35.5316]]]}},{"type":"Feature","properties":{"cls":"built_new"},"geometry":{"type":"Polygon","coordinates":[[[127.34995,35.53152],[127.34999,35.53147],[127.34993,35.53145],[127.3499,35.5315],[127.34995,35.53152]]]}},{"type":"Feature","properties":{"cls":"veg_loss"},"geometry":{"type":"Polygon","coordinates":[[[127.35088,35.53203],[127.35091,35.532],[127.35096,35.53167],[127.35085,35.53158],[127.35054,35.53143],[127.35037,35.5315],[127.35029,35.53166],[127.35032,35.53173],[127.35088,35.53203]]]}},{"type":"Feature","properties":{"cls":"veg_loss"},"geometry":{"type":"Polygon","coordinates":[[[127.35656,35.53159],[127.35665,35.53155],[127.35666,35.53147],[127.35661,35.53142],[127.3565,35.53141],[127.35646,35.53157],[127.35656,35.53159]]]}},{"type":"Feature","properties":{"cls":"veg_loss"},"geometry":{"type":"Polygon","coordinates":[[[127.35364,35.5317],[127.35371,35.53165],[127.35377,35.53152],[127.35374,35.53143],[127.35345,35.53137],[127.35334,35.53137],[127.35326,35.53142],[127.35322,35.53151],[127.35322,35.53159],[127.35326,35.53164],[127.35364,35.5317]]]}},{"type":"Feature","properties":{"cls":"built_new"},"geometry":{"type":"Polygon","coordinates":[[[127.34925,35.53139],[127.34927,35.53135],[127.34922,35.53133],[127.34921,35.53137],[127.34925,35.53139]]]}},{"type":"Feature","properties":{"cls":"veg_gain"},"geometry":{"type":"Polygon","coordinates":[[[127.3542,35.53137],[127.35423,35.53135],[127.35422,35.53131],[127.35414,35.53134],[127.3542,35.53137]]]}},{"type":"Feature","properties":{"cls":"veg_loss"},"geometry":{"type":"Polygon","coordinates":[[[127.35661,35.53129],[127.35667,35.53124],[127.35666,35.53119],[127.35647,35.53121],[127.35648,35.53128],[127.35661,35.53129]]]}},{"type":"Feature","properties":{"cls":"built_new"},"geometry":{"type":"Polygon","coordinates":[[[127.35264,35.53118],[127.35269,35.53116],[127.35269,35.53113],[127.35255,35.53112],[127.35256,35.53116],[127.35264,35.53118]]]}},{"type":"Feature","properties":{"cls":"veg_loss"},"geometry":{"type":"Polygon","coordinates":[[[127.35099,35.53155],[127.35104,35.53144],[127.351,35.53128],[127.35083,35.53109],[127.35069,35.53099],[127.35064,35.53099],[127.35059,35.53104],[127.35059,35.53121],[127.35055,35.53128],[127.35057,35.53135],[127.35067,35.53138],[127.35085,35.53152],[127.35099,35.53155]]]}},{"type":"Feature","properties":{"cls":"veg_loss"},"geometry":{"type":"Polygon","coordinates":[[[127.35374,35.53137],[127.35386,35.53121],[127.35386,35.53101],[127.35377,35.53097],[127.35338,35.53092],[127.35335,35.53096],[127.35336,35.53127],[127.35347,35.53133],[127.35374,35.53137]]]}},{"type":"Feature","properties":{"cls":"built_new"},"geometry":{"type":"Polygon","coordinates":[[[127.35251,35.53087],[127.35253,35.53086],[127.35251,35.53081],[127.35244,35.53083],[127.35251,35.53087]]]}},{"type":"Feature","properties":{"cls":"veg_loss"},"geometry":{"type":"Polygon","coordinates":[[[127.34915,35.53109],[127.34922,35.53101],[127.34914,35.53086],[127.34903,35.53078],[127.34891,35.53077],[127.34888,35.53083],[127.34891,35.53092],[127.34909,35.53108],[127.34915,35.53109]]]}},{"type":"Feature","properties":{"cls":"veg_loss"},"geometry":{"type":"Polygon","coordinates":[[[127.35657,35.53112],[127.35664,35.5311],[127.35666,35.53104],[127.35667,35.53075],[127.35663,35.53073],[127.35645,35.53075],[127.3564,35.53087],[127.35645,35.53096],[127.35645,35.53108],[127.3565,35.53112],[127.35657,35.53112]]]}},{"type":"Feature","properties":{"cls":"veg_loss"},"geometry":{"type":"Polygon","coordinates":[[[127.35361,35.53077],[127.35372,35.53066],[127.3537,35.53061],[127.35367,35.53061],[127.35363,35.53068],[127.35349,35.53073],[127.3535,35.53076],[127.35361,35.53077]]]}},{"type":"Feature","properties":{"cls":"built_new"},"geometry":{"type":"Polygon","coordinates":[[[127.35663,35.53066],[127.35667,35.53063],[127.35667,35.53051],[127.35664,35.53049],[127.35632,35.5305],[127.35635,35.53058],[127.35643,35.53059],[127.35645,35.53065],[127.35663,35.53066]]]}},{"type":"Feature","properties":{"cls":"veg_loss"},"geometry":{"type":"Polygon","coordinates":[[[127.35051,35.53054],[127.35053,35.53053],[127.35053,35.53049],[127.35048,35.5305],[127.35048,35.53054],[127.35051,35.53054]]]}},{"type":"Feature","properties":{"cls":"veg_loss"},"geometry":{"type":"Polygon","coordinates":[[[127.3494,35.53099],[127.34947,35.53092],[127.34945,35.53038],[127.34928,35.53037],[127.34923,35.53041],[127.3492,35.53052],[127.3491,35.53063],[127.34909,35.53068],[127.34926,35.5309],[127.34935,35.53099],[127.3494,35.53099]]]}},{"type":"Feature","properties":{"cls":"veg_loss"},"geometry":{"type":"Polygon","coordinates":[[[127.3503,35.53068],[127.35036,35.53064],[127.35034,35.53056],[127.35043,35.53046],[127.35043,35.53041],[127.35057,35.53042],[127.35064,35.53037],[127.35062,35.53033],[127.35031,35.53033],[127.35023,35.53036],[127.35026,35.53043],[127.35022,35.53047],[127.3503,35.53055],[127.35024,35.53062],[127.35024,35.53067],[127.3503,35.53068]],[[127.3503,35.53045],[127.35027,35.53043],[127.35035,35.53043],[127.35034,35.53046],[127.3503,35.53045]]]}},{"type":"Feature","properties":{"cls":"veg_loss"},"geometry":{"type":"Polygon","coordinates":[[[127.34961,35.53087],[127.34963,35.53079],[127.34979,35.53076],[127.3498,35.53039],[127.34985,35.53042],[127.34983,35.5305],[127.34987,35.53075],[127.35,35.53079],[127.35011,35.53073],[127.35009,35.53036],[127.34987,35.53033],[127.34978,35.53036],[127.34966,35.53032],[127.34951,35.53037],[127.3495,35.53052],[127.34953,35.53057],[127.34954,35.53075],[127.34958,35.53087],[127.34961,35.53087]]]}},{"type":"Feature","properties":{"cls":"veg_loss"},"geometry":{"type":"Polygon","coordinates":[[[127.35657,35.5304],[127.35652,35.53035],[127.35636,35.5303],[127.35626,35.5303],[127.35623,35.53033],[127.3563,35.53039],[127.35646,35.53037],[127.35657,35.5304]]]}},{"type":"Feature","properties":{"cls":"veg_loss"},"geometry":{"type":"Polygon","coordinates":[[[127.35158,35.5307],[127.35162,35.53063],[127.35157,35.53057],[127.35168,35.53058],[127.35174,35.5305],[127.35174,35.53042],[127.35155,35.53029],[127.35139,35.53025],[127.35134,35.53031],[127.35132,35.53042],[127.35148,35.53053],[127.35141,35.53055],[127.35142,35.53063],[127.35147,35.53068],[127.35158,35.5307]]]}},{"type":"Feature","properties":{"cls":"veg_loss"},"geometry":{"type":"Polygon","coordinates":[[[127.35167,35.53028],[127.35164,35.53022],[127.35151,35.53013],[127.35144,35.53014],[127.35144,35.53018],[127.3515,35.53022],[127.35167,35.53028]]]}},{"type":"Feature","properties":{"cls":"veg_loss"},"geometry":{"type":"Polygon","coordinates":[[[127.35117,35.53027],[127.3512,35.53025],[127.3512,35.53018],[127.35108,35.53012],[127.35105,35.53019],[127.35117,35.53027]]]}},{"type":"Feature","properties":{"cls":"veg_loss"},"geometry":{"type":"Polygon","coordinates":[[[127.354,35.53037],[127.35407,35.53034],[127.3541,35.53023],[127.35406,35.53019],[127.35395,35.53017],[127.354,35.53011],[127.35394,35.53009],[127.35385,35.53028],[127.35386,35.53032],[127.35395,35.53038],[127.354,35.53037]]]}},{"type":"Feature","properties":{"cls":"veg_loss"},"geometry":{"type":"Polygon","coordinates":[[[127.3513,35.53007],[127.35132,35.53005],[127.3513,35.53],[127.35125,35.52995],[127.35117,35.52998],[127.35119,35.53003],[127.3513,35.53007]]]}},{"type":"Feature","properties":{"cls":"veg_loss"},"geometry":{"type":"Polygon","coordinates":[[[127.35423,35.53006],[127.35426,35.52997],[127.35424,35.52991],[127.35414,35.52991],[127.35404,35.52996],[127.35407,35.53001],[127.35423,35.53006]]]}},{"type":"Feature","properties":{"cls":"veg_loss"},"geometry":{"type":"Polygon","coordinates":[[[127.35438,35.52998],[127.35441,35.52995],[127.35435,35.52988],[127.35434,35.52996],[127.35438,35.52998]]]}},{"type":"Feature","properties":{"cls":"veg_loss"},"geometry":{"type":"Polygon","coordinates":[[[127.35455,35.52998],[127.35459,35.52996],[127.3546,35.5299],[127.3545,35.52986],[127.35447,35.52996],[127.35455,35.52998]]]}},{"type":"Feature","properties":{"cls":"veg_loss"},"geometry":{"type":"Polygon","coordinates":[[[127.3565,35.5302],[127.35662,35.53019],[127.35657,35.53004],[127.35659,35.52985],[127.35629,35.52995],[127.35619,35.53001],[127.35613,35.5301],[127.35613,35.53015],[127.35618,35.5302],[127.3565,35.5302]]]}},{"type":"Feature","properties":{"cls":"veg_loss"},"geometry":{"type":"Polygon","coordinates":[[[127.3518,35.5302],[127.35174,35.53009],[127.35163,35.53005],[127.35166,35.52997],[127.3515,35.52978],[127.3514,35.52975],[127.3513,35.52983],[127.35128,35.52991],[127.35134,35.52996],[127.35147,35.52999],[127.35165,35.53014],[127.3518,35.5302]]]}},{"type":"Feature","properties":{"cls":"veg_loss"},"geometry":{"type":"Polygon","coordinates":[[[127.35195,35.53006],[127.35192,35.52992],[127.35173,35.52977],[127.35165,35.5296],[127.3516,35.52958],[127.35154,35.52961],[127.35153,35.52967],[127.3517,35.52983],[127.35174,35.52992],[127.35189,35.53005],[127.35195,35.53006]]]}},{"type":"Feature","properties":{"cls":"built_new"},"geometry":{"type":"Polygon","coordinates":[[[127.35202,35.52962],[127.35205,35.52956],[127.35199,35.5295],[127.35184,35.52951],[127.35172,35.52958],[127.35179,35.52962],[127.35202,35.52962]]]}},{"type":"Feature","properties":{"cls":"built_new"},"geometry":{"type":"Polygon","coordinates":[[[127.35053,35.52956],[127.35054,35.5295],[127.35049,35.5295],[127.35049,35.52954],[127.35053,35.52956]]]}},{"type":"Feature","properties":{"cls":"built_new"},"geometry":{"type":"Polygon","coordinates":[[[127.34917,35.52948],[127.34926,35.52944],[127.34926,35.52942],[127.3491,35.52943],[127.3491,35.52946],[127.34917,35.52948]]]}},{"type":"Feature","properties":{"cls":"veg_loss"},"geometry":{"type":"Polygon","coordinates":[[[127.35567,35.52946],[127.3557,35.52943],[127.35569,35.52939],[127.35559,35.52939],[127.35559,35.52943],[127.35567,35.52946]]]}},{"type":"Feature","properties":{"cls":"veg_loss"},"geometry":{"type":"Polygon","coordinates":[[[127.35591,35.52976],[127.35598,35.5297],[127.35608,35.52975],[127.35616,35.52969],[127.3563,35.52969],[127.35635,35.52965],[127.35628,35.52962],[127.35631,35.52957],[127.35639,35.52961],[127.35645,35.52961],[127.35647,35.52958],[127.35637,35.52949],[127.35627,35.5295],[127.35625,35.52938],[127.35614,35.52938],[127.35575,35.52957],[127.35574,35.5296],[127.3558,35.5297],[127.35591,35.52976]]]}},{"type":"Feature","properties":{"cls":"veg_loss"},"geometry":{"type":"Polygon","coordinates":[[[127.35476,35.52985],[127.35487,35.5298],[127.35487,35.52975],[127.35458,35.5294],[127.35451,35.52938],[127.35441,35.5296],[127.35442,35.52968],[127.35457,35.52978],[127.35476,35.52985]]]}},{"type":"Feature","properties":{"cls":"veg_loss"},"geometry":{"type":"Polygon","coordinates":[[[127.35245,35.52987],[127.35276,35.52973],[127.3528,35.52968],[127.35273,35.52955],[127.35246,35.52928],[127.35206,35.52945],[127.35212,35.52957],[127.35221,35.52963],[127.35233,35.52981],[127.35245,35.52987]]]}},{"type":"Feature","properties":{"cls":"veg_gain"},"geometry":{"type":"Polygon","coordinates":[[[127.34906,35.52956],[127.34904,35.52951],[127.34893,35.52945],[127.34875,35.52928],[127.3487,35.52928],[127.34864,35.52935],[127.34855,35.52932],[127.34848,35.52934],[127.34846,35.52944],[127.34853,35.52953],[127.34868,35.52953],[127.34884,35.52948],[127.34906,35.52956]]]}},{"type":"Feature","properties":{"cls":"veg_loss"},"geometry":{"type":"Polygon","coordinates":[[[127.35585,35.52941],[127.35589,35.52938],[127.35587,35.52927],[127.3559,35.52919],[127.35571,35.52918],[127.35566,35.52921],[127.35568,35.52925],[127.35574,35.52926],[127.35581,35.52935],[127.35581,35.5294],[127.35585,35.52941]]]}},{"type":"Feature","properties":{"cls":"built_new"},"geometry":{"type":"Polygon","coordinates":[[[127.34868,35.52924],[127.34869,35.5292],[127.34865,35.52918],[127.34863,35.52923],[127.34868,35.52924]]]}},{"type":"Feature","properties":{"cls":"built_new"},"geometry":{"type":"Polygon","coordinates":[[[127.35368,35.52934],[127.3537,35.52929],[127.35366,35.52922],[127.35353,35.52916],[127.35361,35.52932],[127.35368,35.52934]]]}},{"type":"Feature","properties":{"cls":"built_new"},"geometry":{"type":"Polygon","coordinates":[[[127.34931,35.52914],[127.3493,35.52904],[127.34922,35.52905],[127.34922,35.52909],[127.34931,35.52914]]]}},{"type":"Feature","properties":{"cls":"veg_loss"},"geometry":{"type":"Polygon","coordinates":[[[127.35551,35.52914],[127.35554,35.52912],[127.35554,35.52905],[127.35542,35.52893],[127.35537,35.52892],[127.35534,35.52897],[127.35535,35.52906],[127.35551,35.52914]]]}},{"type":"Feature","properties":{"cls":"veg_loss"},"geometry":{"type":"Polygon","coordinates":[[[127.35564,35.529],[127.35568,35.52895],[127.35567,35.5289],[127.35563,35.5289],[127.35559,35.52898],[127.35561,35.52901],[127.35564,35.529]]]}},{"type":"Feature","properties":{"cls":"built_new"},"geometry":{"type":"Polygon","coordinates":[[[127.34979,35.52908],[127.34985,35.52902],[127.34997,35.529],[127.35011,35.52884],[127.35,35.52883],[127.3498,35.52898],[127.34972,35.52895],[127.3497,35.52903],[127.34973,35.52907],[127.34979,35.52908]]]}},{"type":"Feature","properties":{"cls":"veg_loss"},"geometry":{"type":"Polygon","coordinates":[[[127.35336,35.52935],[127.35342,35.52924],[127.35335,35.5291],[127.35335,35.52901],[127.35341,35.52896],[127.35336,35.5289],[127.35341,35.52878],[127.35333,35.52875],[127.35325,35.5288],[127.35323,35.52887],[127.35311,35.52892],[127.353,35.52904],[127.35316,35.52923],[127.35332,35.52935],[127.35336,35.52935]]]}},{"type":"Feature","properties":{"cls":"veg_loss"},"geometry":{"type":"Polygon","coordinates":[[[127.35359,35.52882],[127.35364,35.52876],[127.35364,35.52872],[127.35359,35.5287],[127.3535,35.52875],[127.35353,35.52882],[127.35359,35.52882]]]}},{"type":"Feature","properties":{"cls":"veg_loss"},"geometry":{"type":"Polygon","coordinates":[[[127.35462,35.52884],[127.35468,35.5288],[127.35461,35.52866],[127.35456,35.52863],[127.35444,35.52864],[127.35443,35.52869],[127.35462,35.52884]]]}},{"type":"Feature","properties":{"cls":"veg_loss"},"geometry":{"type":"Polygon","coordinates":[[[127.35519,35.52887],[127.35538,35.52885],[127.35547,35.52881],[127.35577,35.52885],[127.35585,35.52883],[127.35586,35.5288],[127.35571,35.52861],[127.35556,35.5286],[127.35531,35.52874],[127.35516,35.52876],[127.3551,35.52883],[127.35519,35.52887]]]}},{"type":"Feature","properties":{"cls":"veg_loss"},"geometry":{"type":"Polygon","coordinates":[[[127.35381,35.52874],[127.35386,35.52864],[127.35385,35.52858],[127.35375,35.52866],[127.35377,35.52873],[127.35381,35.52874]]]}},{"type":"Feature","properties":{"cls":"built_new"},"geometry":{"type":"Polygon","coordinates":[[[127.35012,35.5286],[127.35015,35.52858],[127.35014,35.52853],[127.35006,35.52855],[127.35006,35.52858],[127.35012,35.5286]]]}},{"type":"Feature","properties":{"cls":"built_new"},"geometry":{"type":"Polygon","coordinates":[[[127.35113,35.52868],[127.35116,35.52866],[127.35109,35.52851],[127.35098,35.52852],[127.35097,35.52859],[127.35101,35.52864],[127.35113,35.52868]]]}},{"type":"Feature","properties":{"cls":"built_new"},"geometry":{"type":"Polygon","coordinates":[[[127.35038,35.52868],[127.35049,35.52863],[127.35049,35.52858],[127.35037,35.52847],[127.35027,35.52853],[127.35026,35.52864],[127.35028,35.52867],[127.35038,35.52868]]]}},{"type":"Feature","properties":{"cls":"veg_loss"},"geometry":{"type":"Polygon","coordinates":[[[127.355,35.52867],[127.35541,35.52848],[127.35536,35.52832],[127.35527,35.52829],[127.35507,35.52838],[127.35503,35.52843],[127.35502,35.52853],[127.35493,35.5286],[127.35494,35.52864],[127.355,35.52867]]]}},{"type":"Feature","properties":{"cls":"built_new"},"geometry":{"type":"Polygon","coordinates":[[[127.35077,35.52846],[127.35091,35.52832],[127.35091,35.52827],[127.35081,35.52824],[127.35073,35.5283],[127.35073,35.52842],[127.35077,35.52846]]]}},{"type":"Feature","properties":{"cls":"veg_loss"},"geometry":{"type":"Polygon","coordinates":[[[127.35427,35.52829],[127.35429,35.52825],[127.35421,35.52821],[127.35421,35.52828],[127.35427,35.52829]]]}},{"type":"Feature","properties":{"cls":"veg_loss"},"geometry":{"type":"Polygon","coordinates":[[[127.35054,35.52829],[127.35056,35.52822],[127.3505,35.52822],[127.35049,35.52827],[127.35054,35.52829]]]}},{"type":"Feature","properties":{"cls":"built_new"},"geometry":{"type":"Polygon","coordinates":[[[127.3489,35.52818],[127.34894,35.52816],[127.34895,35.52811],[127.34892,35.52806],[127.34887,35.52805],[127.34884,35.52807],[127.34885,35.52816],[127.3489,35.52818]]]}},{"type":"Feature","properties":{"cls":"other"},"geometry":{"type":"Polygon","coordinates":[[[127.34923,35.5281],[127.3492,35.52802],[127.34909,35.52802],[127.34914,35.52807],[127.34923,35.5281]]]}},{"type":"Feature","properties":{"cls":"built_new"},"geometry":{"type":"Polygon","coordinates":[[[127.35101,35.52827],[127.35115,35.52818],[127.3514,35.52791],[127.35113,35.52784],[127.35105,35.52786],[127.35098,35.52795],[127.35089,35.52794],[127.3508,35.528],[127.35091,35.52825],[127.35101,35.52827]],[[127.35097,35.52811],[127.35099,35.52806],[127.35104,35.52807],[127.35103,35.52811],[127.35097,35.52811]]]}},{"type":"Feature","properties":{"cls":"built_new"},"geometry":{"type":"Polygon","coordinates":[[[127.35608,35.52809],[127.35616,35.52802],[127.35608,35.528],[127.3561,35.52785],[127.356,35.52781],[127.35597,35.52787],[127.35602,35.52792],[127.35602,35.52797],[127.35595,35.52797],[127.35595,35.52805],[127.35608,35.52809]]]}},{"type":"Feature","properties":{"cls":"built_new"},"geometry":{"type":"Polygon","coordinates":[[[127.35474,35.52823],[127.35518,35.52803],[127.35514,35.5279],[127.35503,35.52784],[127.35504,35.52778],[127.35495,35.52778],[127.35453,35.52801],[127.35451,35.52808],[127.35454,35.52817],[127.35461,35.52823],[127.35474,35.52823]]]}},{"type":"Feature","properties":{"cls":"veg_loss"},"geometry":{"type":"Polygon","coordinates":[[[127.35025,35.52799],[127.35037,35.52786],[127.35046,35.52782],[127.35046,35.52779],[127.35024,35.5279],[127.35021,35.52798],[127.35025,35.52799]]]}},{"type":"Feature","properties":{"cls":"veg_gain"},"geometry":{"type":"Polygon","coordinates":[[[127.35258,35.52795],[127.35265,35.52787],[127.3526,35.5277],[127.35255,35.52771],[127.35244,35.52788],[127.35251,35.52795],[127.35258,35.52795]]]}},{"type":"Feature","properties":{"cls":"veg_loss"},"geometry":{"type":"Polygon","coordinates":[[[127.3504,35.52805],[127.35065,35.52789],[127.35073,35.5278],[127.35092,35.5277],[127.35094,35.52765],[127.35089,35.52764],[127.35072,35.52779],[127.35034,35.52803],[127.3504,35.52805]]]}},{"type":"Feature","properties":{"cls":"built_new"},"geometry":{"type":"Polygon","coordinates":[[[127.35663,35.52791],[127.35665,35.52763],[127.35657,35.52763],[127.35653,35.52768],[127.35635,35.5277],[127.35636,35.52777],[127.35631,35.52781],[127.35631,35.52786],[127.3564,35.5279],[127.35652,35.52786],[127.35663,35.52791]]]}},{"type":"Feature","properties":{"cls":"built_new"},"geometry":{"type":"Polygon","coordinates":[[[127.35063,35.52769],[127.35067,35.52768],[127.3507,35.52765],[127.35063,35.52764],[127.35059,35.52767],[127.35059,35.5277],[127.35063,35.52769]]]}},{"type":"Feature","properties":{"cls":"built_new"},"geometry":{"type":"Polygon","coordinates":[[[127.35591,35.5277],[127.35594,35.52765],[127.35592,35.52762],[127.35585,35.52765],[127.35587,35.5277],[127.35591,35.5277]]]}},{"type":"Feature","properties":{"cls":"built_new"},"geometry":{"type":"Polygon","coordinates":[[[127.35154,35.52766],[127.3516,35.52767],[127.35163,35.52763],[127.35142,35.52764],[127.35143,35.52767],[127.35154,35.52766]]]}},{"type":"Feature","properties":{"cls":"built_new"},"geometry":{"type":"Polygon","coordinates":[[[127.35445,35.52794],[127.35474,35.5278],[127.35478,35.52772],[127.35489,35.52775],[127.35501,35.5277],[127.35502,35.52763],[127.35424,35.52762],[127.35423,35.52767],[127.35434,35.52787],[127.35445,35.52794]]]}},{"type":"Feature","properties":{"cls":"built_new"},"geometry":{"type":"Polygon","coordinates":[[[127.35177,35.53465],[127.35178,35.53457],[127.35171,35.53456],[127.35169,35.53463],[127.35177,35.53465]]]}},{"type":"Feature","properties":{"cls":"built_new"},"geometry":{"type":"Polygon","coordinates":[[[127.3485,35.53468],[127.34852,35.53458],[127.3485,35.53456],[127.34843,35.5346],[127.34843,35.53466],[127.3485,35.53468]]]}},{"type":"Feature","properties":{"cls":"veg_gain"},"geometry":{"type":"Polygon","coordinates":[[[127.35577,35.53464],[127.35579,35.53462],[127.35572,35.53453],[127.35566,35.53454],[127.35561,35.5346],[127.35561,35.53464],[127.35577,35.53464]]]}},{"type":"Feature","properties":{"cls":"veg_gain"},"geometry":{"type":"Polygon","coordinates":[[[127.35629,35.53459],[127.35631,35.53455],[127.35625,35.53453],[127.35625,35.53457],[127.35629,35.53459]]]}},{"type":"Feature","properties":{"cls":"veg_gain"},"geometry":{"type":"Polygon","coordinates":[[[127.35464,35.53467],[127.35467,35.53465],[127.35467,35.53459],[127.35459,35.53449],[127.35437,35.53444],[127.35422,35.53449],[127.35413,35.53443],[127.35397,35.53445],[127.35391,35.53441],[127.35384,35.53457],[127.35385,35.53462],[127.35397,35.53464],[127.35417,35.53465],[127.35432,35.5346],[127.35437,35.53465],[127.35455,35.53464],[127.35464,35.53467]]]}},{"type":"Feature","properties":{"cls":"built_new"},"geometry":{"type":"Polygon","coordinates":[[[127.34851,35.53437],[127.34852,35.53434],[127.34848,35.53431],[127.34846,35.53435],[127.34851,35.53437]]]}},{"type":"Feature","properties":{"cls":"veg_gain"},"geometry":{"type":"Polygon","coordinates":[[[127.35465,35.53437],[127.35473,35.53433],[127.35474,35.53431],[127.35461,35.53431],[127.35461,35.53436],[127.35465,35.53437]]]}},{"type":"Feature","properties":{"cls":"veg_gain"},"geometry":{"type":"Polygon","coordinates":[[[127.35249,35.53433],[127.35254,35.5343],[127.35252,35.53424],[127.35246,35.53428],[127.35246,35.53433],[127.35249,35.53433]]]}},{"type":"Feature","properties":{"cls":"built_new"},"geometry":{"type":"Polygon","coordinates":[[[127.35024,35.53461],[127.35028,35.53456],[127.35027,35.53441],[127.35031,35.53438],[127.35037,35.53422],[127.35024,35.53423],[127.35022,35.53426],[127.35019,35.53441],[127.3502,35.53457],[127.35024,35.53461]]]}},{"type":"Feature","properties":{"cls":"built_new"},"geometry":{"type":"Polygon","coordinates":[[[127.35538,35.53422],[127.3554,35.53418],[127.35536,35.53415],[127.35528,35.53415],[127.35525,35.53419],[127.35538,35.53422]]]}},{"type":"Feature","properties":{"cls":"built_new"},"geometry":{"type":"Polygon","coordinates":[[[127.35157,35.53436],[127.35157,35.53425],[127.3515,35.53408],[127.35144,35.53408],[127.3514,35.53414],[127.35128,35.53419],[127.35133,35.53426],[127.35157,35.53436]]]}},{"type":"Feature","properties":{"cls":"veg_loss"},"geometry":{"type":"Polygon","coordinates":[[[127.35457,35.53419],[127.35461,35.53415],[127.35462,35.53402],[127.35452,35.53415],[127.35457,35.53419]]]}},{"type":"Feature","properties":{"cls":"veg_gain"},"geometry":{"type":"Polygon","coordinates":[[[127.35596,35.53433],[127.35609,35.53423],[127.35629,35.53424],[127.35642,35.53409],[127.35632,35.53408],[127.35627,35.53398],[127.35616,35.53403],[127.35613,35.53405],[127.35616,35.53411],[127.35609,35.53413],[127.35595,35.53426],[127.35592,35.53432],[127.35596,35.53433]]]}},{"type":"Feature","properties":{"cls":"built_new"},"geometry":{"type":"Polygon","coordinates":[[[127.35486,35.5343],[127.35488,35.53422],[127.35495,35.53421],[127.35488,35.53415],[127.3549,35.53409],[127.35517,35.53409],[127.35556,35.53414],[127.35571,35.5342],[127.35573,35.53429],[127.35597,35.53421],[127.356,35.53412],[127.35595,35.53408],[127.35582,35.53406],[127.35542,35.53406],[127.35516,35.534],[127.35475,35.53398],[127.35473,35.53401],[127.35478,35.53407],[127.35476,35.53416],[127.35482,35.53423],[127.35478,35.5343],[127.35486,35.5343]]]}},{"type":"Feature","properties":{"cls":"veg_gain"},"geometry":{"type":"Polygon","coordinates":[[[127.35004,35.53408],[127.3501,35.53399],[127.34994,35.53399],[127.34987,35.53405],[127.34989,35.53408],[127.35004,35.53408]]]}},{"type":"Feature","properties":{"cls":"built_new"},"geometry":{"type":"Polygon","coordinates":[[[127.35577,35.53397],[127.35585,35.53394],[127.35568,35.5339],[127.35558,35.53392],[127.3556,35.53395],[127.35577,35.53397]]]}},{"type":"Feature","properties":{"cls":"built_new"},"geometry":{"type":"Polygon","coordinates":[[[127.35187,35.534],[127.35198,35.53393],[127.35198,35.53391],[127.35188,35.53388],[127.35183,35.53393],[127.35183,35.53398],[127.35187,35.534]]]}},{"type":"Feature","properties":{"cls":"veg_gain"},"geometry":{"type":"Polygon","coordinates":[[[127.35109,35.5339],[127.35112,35.53388],[127.3511,35.53383],[127.35104,35.53382],[127.35101,35.53389],[127.35109,35.5339]]]}},{"type":"Feature","properties":{"cls":"veg_gain"},"geometry":{"type":"Polygon","coordinates":[[[127.35126,35.53395],[127.35135,35.53389],[127.35126,35.53381],[127.35122,35.53389],[127.35122,35.53394],[127.35126,35.53395]]]}},{"type":"Feature","properties":{"cls":"veg_gain"},"geometry":{"type":"Polygon","coordinates":[[[127.35219,35.53392],[127.35219,35.53383],[127.35209,35.53379],[127.35211,35.53388],[127.35219,35.53392]]]}},{"type":"Feature","properties":{"cls":"built_new"},"geometry":{"type":"Polygon","coordinates":[[[127.35441,35.53381],[127.35447,35.53377],[127.35433,35.53378],[127.35435,35.53381],[127.35441,35.53381]]]}},{"type":"Feature","properties":{"cls":"built_new"},"geometry":{"type":"Polygon","coordinates":[[[127.34908,35.53379],[127.34911,35.53374],[127.34891,35.53377],[127.34892,35.53379],[127.34908,35.53379]]]}},{"type":"Feature","properties":{"cls":"veg_gain"},"geometry":{"type":"Polygon","coordinates":[[[127.35116,35.53374],[127.35118,35.53369],[127.35113,35.53367],[127.35112,35.53371],[127.35116,35.53374]]]}},{"type":"Feature","properties":{"cls":"veg_gain"},"geometry":{"type":"Polygon","coordinates":[[[127.35045,35.5341],[127.35046,35.53401],[127.35051,35.53397],[127.3506,35.534],[127.35067,35.53395],[127.35079,35.53399],[127.35091,35.53396],[127.35092,35.5339],[127.3508,35.53383],[127.35074,35.53378],[127.35073,35.53373],[127.35066,35.53369],[127.35052,35.53369],[127.35047,35.53365],[127.35044,35.5337],[127.35062,35.53375],[127.35061,35.53383],[127.35051,35.53384],[127.35051,35.53392],[127.35039,35.53394],[127.3503,35.5339],[127.35025,35.53393],[127.35039,35.53401],[127.35036,35.53409],[127.35045,35.5341]]]}},{"type":"Feature","properties":{"cls":"veg_gain"},"geometry":{"type":"Polygon","coordinates":[[[127.35089,35.53374],[127.35093,35.53368],[127.35092,35.53364],[127.35076,35.5337],[127.35089,35.53374]]]}},{"type":"Feature","properties":{"cls":"veg_gain"},"geometry":{"type":"Polygon","coordinates":[[[127.35658,35.53369],[127.35662,35.53367],[127.35662,35.53362],[127.35651,35.53362],[127.35651,35.53367],[127.35658,35.53369]]]}},{"type":"Feature","properties":{"cls":"veg_gain"},"geometry":{"type":"Polygon","coordinates":[[[127.35488,35.5339],[127.35513,35.53371],[127.35514,35.53361],[127.35511,35.53361],[127.35497,35.53378],[127.35484,35.5338],[127.35473,35.53386],[127.35473,35.5339],[127.35488,35.5339]]]}},{"type":"Feature","properties":{"cls":"veg_gain"},"geometry":{"type":"Polygon","coordinates":[[[127.3531,35.53366],[127.35312,35.53364],[127.35305,35.53361],[127.35299,35.53364],[127.35301,35.53367],[127.3531,35.53366]]]}},{"type":"Feature","properties":{"cls":"veg_gain"},"geometry":{"type":"Polygon","coordinates":[[[127.35019,35.5339],[127.35021,35.53385],[127.35016,35.53379],[127.35018,35.5337],[127.35039,35.53369],[127.35037,35.53366],[127.35023,35.53363],[127.35022,35.53356],[127.35018,35.53357],[127.3501,35.53369],[127.35009,35.53384],[127.35015,35.5339],[127.35019,35.5339]]]}},{"type":"Feature","properties":{"cls":"veg_gain"},"geometry":{"type":"Polygon","coordinates":[[[127.3528,35.53366],[127.35283,35.5336],[127.35264,35.53347],[127.35262,35.53352],[127.3528,35.53366]]]}},{"type":"Feature","properties":{"cls":"veg_gain"},"geometry":{"type":"Polygon","coordinates":[[[127.35118,35.53348],[127.35115,35.53343],[127.35111,35.53344],[127.35113,35.53347],[127.35118,35.53348]]]}},{"type":"Feature","properties":{"cls":"veg_gain"},"geometry":{"type":"Polygon","coordinates":[[[127.35489,35.53356],[127.35492,35.53348],[127.35504,35.53342],[127.35496,35.53342],[127.3549,35.53337],[127.3548,35.53343],[127.35478,35.5335],[127.35482,35.53351],[127.35485,35.53357],[127.35489,35.53356]]]}},{"type":"Feature","properties":{"cls":"veg_gain"},"geometry":{"type":"Polygon","coordinates":[[[127.3542,35.53343],[127.35427,35.53339],[127.35426,35.53336],[127.35415,35.53339],[127.3542,35.53343]]]}},{"type":"Feature","properties":{"cls":"veg_gain"},"geometry":{"type":"Polygon","coordinates":[[[127.35632,35.53363],[127.35634,35.53352],[127.35642,35.53344],[127.35641,35.53335],[127.35635,35.53333],[127.35631,35.53327],[127.356,35.53327],[127.35602,35.5333],[127.35632,35.53336],[127.35633,35.53349],[127.35623,35.53354],[127.35629,35.53363],[127.35632,35.53363]]]}},{"type":"Feature","properties":{"cls":"veg_gain"},"geometry":{"type":"Polygon","coordinates":[[[127.35247,35.53332],[127.35247,35.53327],[127.35242,35.53325],[127.35244,35.53332],[127.35247,35.53332]]]}},{"type":"Feature","properties":{"cls":"veg_loss"},"geometry":{"type":"Polygon","coordinates":[[[127.35129,35.53321],[127.35131,35.53317],[127.35121,35.53318],[127.35124,35.53323],[127.35129,35.53321]]]}},{"type":"Feature","properties":{"cls":"veg_gain"},"geometry":{"type":"Polygon","coordinates":[[[127.35665,35.53336],[127.35667,35.53315],[127.3566,35.53307],[127.35647,35.53318],[127.35659,35.53323],[127.35659,35.53332],[127.35665,35.53336]]]}},{"type":"Feature","properties":{"cls":"veg_gain"},"geometry":{"type":"Polygon","coordinates":[[[127.35481,35.53318],[127.35483,35.53312],[127.35476,35.53307],[127.35475,35.53314],[127.35481,35.53318]]]}},{"type":"Feature","properties":{"cls":"veg_gain"},"geometry":{"type":"Polygon","coordinates":[[[127.35498,35.53312],[127.35505,35.5331],[127.35506,35.53307],[127.35498,35.53306],[127.35493,35.53309],[127.35494,35.53312],[127.35498,35.53312]]]}},{"type":"Feature","properties":{"cls":"built_new"},"geometry":{"type":"Polygon","coordinates":[[[127.35124,35.53309],[127.35126,35.53305],[127.35121,35.53303],[127.3512,35.53308],[127.35124,35.53309]]]}},{"type":"Feature","properties":{"cls":"veg_gain"},"geometry":{"type":"Polygon","coordinates":[[[127.3548,35.53302],[127.35489,35.53294],[127.35489,35.53289],[127.35482,35.53292],[127.35478,35.53298],[127.3548,35.53302]]]}},{"type":"Feature","properties":{"cls":"veg_gain"},"geometry":{"type":"Polygon","coordinates":[[[127.35599,35.53299],[127.35596,35.53293],[127.356,35.53288],[127.35596,35.53288],[127.35591,35.53294],[127.35595,35.53299],[127.35599,35.53299]]]}},{"type":"Feature","properties":{"cls":"veg_gain"},"geometry":{"type":"Polygon","coordinates":[[[127.35034,35.53292],[127.35036,35.53288],[127.35033,35.53286],[127.3503,35.53291],[127.35034,35.53292]]]}},{"type":"Feature","properties":{"cls":"veg_gain"},"geometry":{"type":"Polygon","coordinates":[[[127.35018,35.53291],[127.3502,35.53285],[127.35014,35.53278],[127.35004,35.53277],[127.35,35.5328],[127.35012,35.53286],[127.35014,35.53291],[127.35018,35.53291]]]}},{"type":"Feature","properties":{"cls":"built_new"},"geometry":{"type":"Polygon","coordinates":[[[127.35153,35.53305],[127.35157,35.53298],[127.35147,35.53295],[127.35145,35.53284],[127.35151,35.53278],[127.35164,35.5328],[127.35166,35.53276],[127.35156,35.53269],[127.3515,35.53269],[127.35143,35.53275],[127.35142,35.53267],[127.35146,35.53263],[127.35143,35.53261],[127.35134,35.53264],[127.35131,35.5327],[127.35138,35.53276],[127.35138,35.53281],[127.35123,35.53281],[127.35123,35.53284],[127.35128,35.53285],[127.35128,35.53292],[127.35134,35.53298],[127.35153,35.53305]]]}},{"type":"Feature","properties":{"cls":"veg_gain"},"geometry":{"type":"Polygon","coordinates":[[[127.35499,35.53277],[127.35507,35.53274],[127.3551,35.53259],[127.35498,35.53271],[127.35496,35.53275],[127.35499,35.53277]]]}},{"type":"Feature","properties":{"cls":"veg_gain"},"geometry":{"type":"Polygon","coordinates":[[[127.35058,35.53328],[127.35068,35.53326],[127.35058,35.53315],[127.35066,35.5331],[127.35067,35.53304],[127.35075,35.53305],[127.35075,35.53309],[127.35071,35.53311],[127.35075,35.53317],[127.35074,35.53324],[127.35077,35.53327],[127.35085,35.53326],[127.35084,35.53312],[127.3509,35.53301],[127.35087,35.53298],[127.35075,35.53299],[127.35072,35.53296],[127.35065,35.53296],[127.35058,35.53302],[127.35053,35.53301],[127.3505,35.53293],[127.35056,35.53287],[127.35059,35.53276],[127.35043,35.53266],[127.3504,35.5326],[127.35035,35.5326],[127.35034,35.53264],[127.35042,35.53274],[127.35042,35.53289],[127.35047,35.53294],[127.3504,35.533],[127.35045,35.53307],[127.35044,35.53325],[127.35047,35.53328],[127.35058,35.53328]]]}},{"type":"Feature","properties":{"cls":"veg_gain"},"geometry":{"type":"Polygon","coordinates":[[[127.35085,35.5325],[127.35087,35.53247],[127.35083,35.53243],[127.3508,35.53246],[127.35085,35.5325]]]}},{"type":"Feature","properties":{"cls":"veg_gain"},"geometry":{"type":"Polygon","coordinates":[[[127.35535,35.53268],[127.35543,35.53257],[127.35551,35.53256],[127.35553,35.53253],[127.35557,35.53254],[127.35559,35.5326],[127.35565,35.53258],[127.35562,35.5325],[127.35555,35.53251],[127.35559,35.53243],[127.35558,35.53234],[127.35552,35.53233],[127.3554,35.53251],[127.35531,35.53254],[127.3553,35.53257],[127.35534,35.5326],[127.35532,35.53265],[127.35535,35.53268]]]}},{"type":"Feature","properties":{"cls":"other"},"geometry":{"type":"Polygon","coordinates":[[[127.35332,35.53254],[127.35342,35.53246],[127.35339,35.53235],[127.35333,35.53231],[127.35324,35.53235],[127.35315,35.53234],[127.35314,35.53238],[127.35323,35.53252],[127.35332,35.53254]]]}},{"type":"Feature","properties":{"cls":"veg_gain"},"geometry":{"type":"Polygon","coordinates":[[[127.35639,35.53307],[127.35642,35.53301],[127.35638,35.53296],[127.35636,35.53273],[127.35628,35.53255],[127.35629,35.53247],[127.35617,35.5323],[127.35611,35.53237],[127.3561,35.53246],[127.35615,35.53255],[127.35618,35.53276],[127.35627,35.53288],[127.35626,35.53294],[127.35631,35.53295],[127.35636,35.53307],[127.35639,35.53307]]]}},{"type":"Feature","properties":{"cls":"veg_gain"},"geometry":{"type":"Polygon","coordinates":[[[127.35107,35.53286],[127.35115,35.53277],[127.35111,35.5327],[127.35111,35.53259],[127.35117,35.53253],[127.35119,35.53237],[127.35114,35.53231],[127.35108,35.53233],[127.35099,35.53263],[127.351,35.53277],[127.35107,35.53286]]]}},{"type":"Feature","properties":{"cls":"veg_gain"},"geometry":{"type":"Polygon","coordinates":[[[127.34857,35.53236],[127.34882,35.53236],[127.34883,35.53234],[127.34876,35.5323],[127.34876,35.53224],[127.34864,35.53223],[127.34861,35.53231],[127.34855,35.53234],[127.34857,35.53236]]]}},{"type":"Feature","properties":{"cls":"veg_gain"},"geometry":{"type":"Polygon","coordinates":[[[127.34895,35.5323],[127.34902,35.53229],[127.34905,35.53223],[127.34897,35.5322],[127.34889,35.53228],[127.34891,35.53231],[127.34895,35.5323]]]}},{"type":"Feature","properties":{"cls":"other"},"geometry":{"type":"Polygon","coordinates":[[[127.35008,35.53247],[127.35015,35.53243],[127.35016,35.53237],[127.3501,35.53228],[127.34994,35.53218],[127.34982,35.53221],[127.34969,35.53213],[127.34961,35.53213],[127.34953,35.53221],[127.34957,35.53227],[127.34972,35.53231],[127.35,35.53247],[127.35008,35.53247]]]}},{"type":"Feature","properties":{"cls":"veg_gain"},"geometry":{"type":"Polygon","coordinates":[[[127.35563,35.53218],[127.35564,35.53209],[127.35559,35.53204],[127.35556,35.53214],[127.35563,35.53218]]]}},{"type":"Feature","properties":{"cls":"veg_gain"},"geometry":{"type":"Polygon","coordinates":[[[127.35603,35.53216],[127.35603,35.53208],[127.35614,35.53205],[127.35613,35.53198],[127.35597,35.53203],[127.35595,35.53213],[127.35603,35.53216]]]}},{"type":"Feature","properties":{"cls":"other"},"geometry":{"type":"Polygon","coordinates":[[[127.35299,35.53237],[127.353,35.53229],[127.35297,35.53225],[127.35295,35.53206],[127.3529,35.53198],[127.35289,35.5321],[127.35294,35.53233],[127.35299,35.53237]]]}},{"type":"Feature","properties":{"cls":"veg_gain"},"geometry":{"type":"Polygon","coordinates":[[[127.35165,35.53204],[127.35167,35.53199],[127.35158,35.532],[127.35161,35.53204],[127.35165,35.53204]]]}},{"type":"Feature","properties":{"cls":"veg_gain"},"geometry":{"type":"Polygon","coordinates":[[[127.35122,35.53206],[127.35122,35.532],[127.35128,35.53198],[127.35126,35.53192],[127.35115,35.53196],[127.35116,35.53204],[127.35122,35.53206]]]}},{"type":"Feature","properties":{"cls":"veg_gain"},"geometry":{"type":"Polygon","coordinates":[[[127.34933,35.53193],[127.34939,35.5319],[127.34938,35.53186],[127.34928,35.53191],[127.34929,35.53194],[127.34933,35.53193]]]}},{"type":"Feature","properties":{"cls":"veg_gain"},"geometry":{"type":"Polygon","coordinates":[[[127.35664,35.53191],[127.35667,35.53188],[127.35666,35.53182],[127.35658,35.53182],[127.35658,35.5319],[127.35664,35.53191]]]}},{"type":"Feature","properties":{"cls":"veg_gain"},"geometry":{"type":"Polygon","coordinates":[[[127.34818,35.53202],[127.34826,35.53192],[127.34824,35.53181],[127.34813,35.53186],[127.34814,35.53201],[127.34818,35.53202]]]}},{"type":"Feature","properties":{"cls":"veg_gain"},"geometry":{"type":"Polygon","coordinates":[[[127.35401,35.53208],[127.35404,35.53203],[127.35403,35.53193],[127.35385,35.53186],[127.35379,35.53179],[127.35377,35.53181],[127.35379,35.53193],[127.35387,35.53194],[127.3539,35.532],[127.35401,35.53208]]]}},{"type":"Feature","properties":{"cls":"veg_gain"},"geometry":{"type":"Polygon","coordinates":[[[127.35617,35.53193],[127.35619,35.53178],[127.35611,35.53176],[127.35609,35.53182],[127.35614,35.53185],[127.35614,35.53192],[127.35617,35.53193]]]}},{"type":"Feature","properties":{"cls":"veg_gain"},"geometry":{"type":"Polygon","coordinates":[[[127.35008,35.53185],[127.35016,35.53178],[127.35016,35.53176],[127.35007,35.53178],[127.35008,35.53185]]]}},{"type":"Feature","properties":{"cls":"veg_gain"},"geometry":{"type":"Polygon","coordinates":[[[127.35469,35.53157],[127.35474,35.53152],[127.35466,35.53149],[127.35464,35.53155],[127.35469,35.53157]]]}},{"type":"Feature","properties":{"cls":"veg_gain"},"geometry":{"type":"Polygon","coordinates":[[[127.35625,35.53168],[127.35628,35.53165],[127.35628,35.5315],[127.35611,35.5315],[127.35613,35.53155],[127.35621,35.53154],[127.35621,35.53157],[127.35612,35.5316],[127.35615,35.53166],[127.35625,35.53168]]]}},{"type":"Feature","properties":{"cls":"built_new"},"geometry":{"type":"Polygon","coordinates":[[[127.35594,35.53159],[127.35599,35.53154],[127.35597,35.53149],[127.35587,35.53153],[127.3559,35.53159],[127.35594,35.53159]]]}},{"type":"Feature","properties":{"cls":"veg_gain"},"geometry":{"type":"Polygon","coordinates":[[[127.34937,35.53163],[127.34943,35.53157],[127.34929,35.53151],[127.34933,35.53164],[127.34937,35.53163]]]}},{"type":"Feature","properties":{"cls":"veg_gain"},"geometry":{"type":"Polygon","coordinates":[[[127.35008,35.53166],[127.35013,35.53162],[127.35013,35.53157],[127.35008,35.53151],[127.35002,35.53149],[127.34995,35.53153],[127.34996,35.53157],[127.35005,35.53159],[127.35004,35.53164],[127.35008,35.53166]]]}},{"type":"Feature","properties":{"cls":"veg_gain"},"geometry":{"type":"Polygon","coordinates":[[[127.35129,35.53153],[127.35135,35.53145],[127.35132,35.5314],[127.35126,35.53147],[127.35126,35.53152],[127.35129,35.53153]]]}},{"type":"Feature","properties":{"cls":"veg_gain"},"geometry":{"type":"Polygon","coordinates":[[[127.34895,35.53142],[127.34898,35.5314],[127.34896,35.53138],[127.34888,35.53141],[127.34895,35.53142]]]}},{"type":"Feature","properties":{"cls":"veg_gain"},"geometry":{"type":"Polygon","coordinates":[[[127.35167,35.53187],[127.35185,35.53173],[127.35183,35.53165],[127.35141,35.53137],[127.35137,35.53145],[127.35142,35.53151],[127.35142,35.53159],[127.35132,35.53173],[127.35155,35.53176],[127.35163,35.5318],[127.35163,35.53187],[127.35167,35.53187]]]}},{"type":"Feature","properties":{"cls":"veg_gain"},"geometry":{"type":"Polygon","coordinates":[[[127.34984,35.53139],[127.34985,35.53136],[127.34978,35.53131],[127.34971,35.53133],[127.34976,35.53139],[127.34984,35.53139]]]}},{"type":"Feature","properties":{"cls":"veg_gain"},"geometry":{"type":"Polygon","coordinates":[[[127.35555,35.53136],[127.35557,35.53129],[127.35554,35.53126],[127.35541,35.53129],[127.35555,35.53136]]]}},{"type":"Feature","properties":{"cls":"veg_gain"},"geometry":{"type":"Polygon","coordinates":[[[127.34873,35.53133],[127.34875,35.5313],[127.34867,35.53127],[127.3487,35.53133],[127.34873,35.53133]]]}},{"type":"Feature","properties":{"cls":"veg_gain"},"geometry":{"type":"Polygon","coordinates":[[[127.35634,35.53129],[127.35634,35.53124],[127.35629,35.53125],[127.35629,35.53128],[127.35634,35.53129]]]}},{"type":"Feature","properties":{"cls":"veg_gain"},"geometry":{"type":"Polygon","coordinates":[[[127.3532,35.53131],[127.35322,35.53124],[127.35316,35.53123],[127.35315,35.53129],[127.3532,35.53131]]]}},{"type":"Feature","properties":{"cls":"veg_gain"},"geometry":{"type":"Polygon","coordinates":[[[127.35656,35.53163],[127.35667,35.53158],[127.35667,35.53139],[127.35652,35.53138],[127.35651,35.53134],[127.35657,35.53132],[127.35659,35.53128],[127.35649,35.53128],[127.35644,35.53121],[127.35641,35.53129],[127.35646,35.53138],[127.35641,35.53146],[127.35635,35.53146],[127.35639,35.53153],[127.35637,35.5316],[127.35656,35.53163]]]}},{"type":"Feature","properties":{"cls":"veg_gain"},"geometry":{"type":"Polygon","coordinates":[[[127.3496,35.53129],[127.34959,35.53124],[127.34953,35.53123],[127.34955,35.53128],[127.3496,35.53129]]]}},{"type":"Feature","properties":{"cls":"veg_loss"},"geometry":{"type":"Polygon","coordinates":[[[127.35169,35.53131],[127.35172,35.53124],[127.35159,35.53122],[127.3516,35.53129],[127.35169,35.53131]]]}},{"type":"Feature","properties":{"cls":"veg_gain"},"geometry":{"type":"Polygon","coordinates":[[[127.35013,35.53128],[127.35026,35.53124],[127.35027,35.53121],[127.3501,35.53119],[127.35009,35.53128],[127.35013,35.53128]]]}},{"type":"Feature","properties":{"cls":"veg_gain"},"geometry":{"type":"Polygon","coordinates":[[[127.35401,35.53119],[127.35403,35.5312],[127.35403,35.53117],[127.35399,35.5311],[127.35393,35.53109],[127.35394,35.53119],[127.35401,35.53119]]]}},{"type":"Feature","properties":{"cls":"veg_gain"},"geometry":{"type":"Polygon","coordinates":[[[127.34858,35.53115],[127.34859,35.53108],[127.34852,35.53106],[127.34853,35.53112],[127.34858,35.53115]]]}},{"type":"Feature","properties":{"cls":"veg_gain"},"geometry":{"type":"Polygon","coordinates":[[[127.35604,35.53128],[127.35606,35.53126],[127.35609,35.53102],[127.35601,35.53111],[127.35601,35.53125],[127.35604,35.53128]]]}},{"type":"Feature","properties":{"cls":"veg_gain"},"geometry":{"type":"Polygon","coordinates":[[[127.34851,35.53138],[127.34852,35.53131],[127.34846,35.53127],[127.34842,35.53107],[127.34836,35.53099],[127.34825,35.53109],[127.34825,35.53123],[127.34842,35.53136],[127.34851,35.53138]]]}},{"type":"Feature","properties":{"cls":"veg_loss"},"geometry":{"type":"Polygon","coordinates":[[[127.35174,35.5312],[127.35173,35.53111],[127.35165,35.53098],[127.35153,35.53102],[127.35143,35.53113],[127.35144,35.53119],[127.35164,35.53113],[127.35174,35.5312]]]}},{"type":"Feature","properties":{"cls":"veg_gain"},"geometry":{"type":"Polygon","coordinates":[[[127.35116,35.53113],[127.3512,35.53111],[127.3512,35.53106],[127.35116,35.53102],[127.35091,35.53091],[127.35085,35.53094],[127.35102,35.5311],[127.35116,35.53113]]]}},{"type":"Feature","properties":{"cls":"veg_gain"},"geometry":{"type":"Polygon","coordinates":[[[127.35629,35.53101],[127.35631,35.53096],[127.35626,35.53088],[127.35622,35.53097],[127.35624,35.53101],[127.35629,35.53101]]]}},{"type":"Feature","properties":{"cls":"veg_gain"},"geometry":{"type":"Polygon","coordinates":[[[127.35037,35.53092],[127.35038,35.53089],[127.35034,35.53086],[127.35029,35.53087],[127.35031,35.53092],[127.35037,35.53092]]]}},{"type":"Feature","properties":{"cls":"veg_gain"},"geometry":{"type":"Polygon","coordinates":[[[127.35419,35.53093],[127.35424,35.53086],[127.35414,35.53083],[127.35413,35.53089],[127.35416,35.53094],[127.35419,35.53093]]]}},{"type":"Feature","properties":{"cls":"veg_gain"},"geometry":{"type":"Polygon","coordinates":[[[127.3539,35.53093],[127.35402,35.53081],[127.35405,35.53073],[127.35393,35.53075],[127.35384,35.53067],[127.35373,35.53068],[127.35368,35.53086],[127.35372,35.53088],[127.35383,35.53086],[127.3539,35.53093]]]}},{"type":"Feature","properties":{"cls":"veg_gain"},"geometry":{"type":"Polygon","coordinates":[[[127.34823,35.53072],[127.34835,35.53071],[127.34845,35.53057],[127.34818,35.53063],[127.34819,35.53072],[127.34823,35.53072]]]}},{"type":"Feature","properties":{"cls":"veg_gain"},"geometry":{"type":"Polygon","coordinates":[[[127.34964,35.53092],[127.3498,35.53084],[127.34979,35.53065],[127.34971,35.5305],[127.34968,35.53051],[127.34966,35.53063],[127.34959,35.53066],[127.34961,35.53085],[127.34958,35.5309],[127.34964,35.53092]]]}},{"type":"Feature","properties":{"cls":"other"},"geometry":{"type":"Polygon","coordinates":[[[127.35128,35.53102],[127.35132,35.53094],[127.35143,35.53084],[127.35142,35.53076],[127.35085,35.53049],[127.3508,35.53049],[127.35074,35.53055],[127.35066,35.53069],[127.35068,35.53075],[127.3512,35.53101],[127.35128,35.53102]]]}},{"type":"Feature","properties":{"cls":"veg_gain"},"geometry":{"type":"Polygon","coordinates":[[[127.35353,35.53066],[127.35369,35.53054],[127.3538,35.53063],[127.35392,35.53063],[127.35392,35.5306],[127.35385,35.53054],[127.35374,35.53052],[127.35371,35.53047],[127.35367,35.53047],[127.3535,35.53059],[127.35348,35.53066],[127.35353,35.53066]]]}},{"type":"Feature","properties":{"cls":"veg_gain"},"geometry":{"type":"Polygon","coordinates":[[[127.3559,35.53057],[127.3559,35.5305],[127.35585,35.53045],[127.35588,35.53057],[127.3559,35.53057]]]}},{"type":"Feature","properties":{"cls":"veg_gain"},"geometry":{"type":"Polygon","coordinates":[[[127.35174,35.53048],[127.35175,35.53045],[127.3517,35.53043],[127.35169,35.53047],[127.35174,35.53048]]]}},{"type":"Feature","properties":{"cls":"veg_gain"},"geometry":{"type":"Polygon","coordinates":[[[127.35138,35.53064],[127.35139,35.53055],[127.35132,35.53043],[127.35118,35.5304],[127.35101,35.53043],[127.3509,35.53041],[127.35114,35.53056],[127.35138,35.53064]]]}},{"type":"Feature","properties":{"cls":"veg_gain"},"geometry":{"type":"Polygon","coordinates":[[[127.3539,35.53044],[127.35392,35.53042],[127.35389,35.53038],[127.35384,35.53039],[127.35383,35.53042],[127.3539,35.53044]]]}},{"type":"Feature","properties":{"cls":"veg_gain"},"geometry":{"type":"Polygon","coordinates":[[[127.34873,35.53067],[127.34878,35.53057],[127.34885,35.53053],[127.34891,35.53058],[127.349,35.53059],[127.34902,35.53045],[127.3491,35.5304],[127.3491,35.53037],[127.34902,35.53036],[127.34898,35.53045],[127.34887,35.53052],[127.34875,35.53051],[127.34869,35.53061],[127.34869,35.53066],[127.34873,35.53067]]]}},{"type":"Feature","properties":{"cls":"veg_gain"},"geometry":{"type":"Polygon","coordinates":[[[127.35664,35.5304],[127.35664,35.53033],[127.3566,35.53033],[127.3566,35.53037],[127.35664,35.5304]]]}},{"type":"Feature","properties":{"cls":"veg_gain"},"geometry":{"type":"Polygon","coordinates":[[[127.35633,35.53043],[127.35652,35.53039],[127.35654,35.53035],[127.35623,35.53031],[127.35621,35.53035],[127.35625,35.53042],[127.35633,35.53043]]]}},{"type":"Feature","properties":{"cls":"veg_gain"},"geometry":{"type":"Polygon","coordinates":[[[127.35005,35.53033],[127.3501,35.5303],[127.35009,35.53028],[127.34987,35.53029],[127.34991,35.53033],[127.35005,35.53033]]]}},{"type":"Feature","properties":{"cls":"veg_gain"},"geometry":{"type":"Polygon","coordinates":[[[127.35434,35.53081],[127.35443,35.53077],[127.35448,35.5307],[127.35447,35.53057],[127.35439,35.53061],[127.35431,35.5306],[127.35439,35.53029],[127.35411,35.53015],[127.3541,35.53019],[127.35418,35.53024],[127.35421,35.53039],[127.35413,35.53042],[127.35407,35.5305],[127.3543,35.53062],[127.3543,35.53081],[127.35434,35.53081]]]}},{"type":"Feature","properties":{"cls":"veg_gain"},"geometry":{"type":"Polygon","coordinates":[[[127.35613,35.53018],[127.35615,35.53014],[127.3561,35.53012],[127.35609,35.53016],[127.35613,35.53018]]]}},{"type":"Feature","properties":{"cls":"veg_gain"},"geometry":{"type":"Polygon","coordinates":[[[127.35143,35.53008],[127.35155,35.53006],[127.35157,35.53004],[127.3515,35.53002],[127.3514,35.53006],[127.35143,35.53008]]]}},{"type":"Feature","properties":{"cls":"veg_gain"},"geometry":{"type":"Polygon","coordinates":[[[127.35567,35.53011],[127.35569,35.53006],[127.35566,35.53003],[127.35557,35.53],[127.35553,35.53002],[127.3556,35.5301],[127.35567,35.53011]]]}},{"type":"Feature","properties":{"cls":"built_new"},"geometry":{"type":"Polygon","coordinates":[[[127.35234,35.53027],[127.3526,35.53006],[127.35263,35.53001],[127.35261,35.52998],[127.35256,35.52998],[127.35237,35.53015],[127.35227,35.53019],[127.35225,35.53025],[127.35234,35.53027]]]}},{"type":"Feature","properties":{"cls":"veg_gain"},"geometry":{"type":"Polygon","coordinates":[[[127.35452,35.53053],[127.35469,35.53042],[127.35471,35.53032],[127.35481,35.53023],[127.35486,35.53013],[127.35506,35.53004],[127.35518,35.53003],[127.35523,35.52997],[127.35497,35.52996],[127.35492,35.53001],[127.35484,35.53002],[127.35474,35.53017],[127.35464,35.53019],[127.35461,35.53029],[127.35465,35.53031],[127.35465,35.53037],[127.35457,35.53043],[127.35453,35.53042],[127.35453,35.53039],[127.35448,35.5304],[127.35447,35.53049],[127.35452,35.53053]]]}},{"type":"Feature","properties":{"cls":"veg_gain"},"geometry":{"type":"Polygon","coordinates":[[[127.35369,35.53001],[127.35372,35.52998],[127.35371,35.52994],[127.35364,35.52998],[127.35365,35.53001],[127.35369,35.53001]]]}},{"type":"Feature","properties":{"cls":"veg_gain"},"geometry":{"type":"Polygon","coordinates":[[[127.35595,35.52983],[127.35602,35.52981],[127.35603,35.52978],[127.35588,35.52974],[127.35587,35.52978],[127.35595,35.52983]]]}},{"type":"Feature","properties":{"cls":"veg_gain"},"geometry":{"type":"Polygon","coordinates":[[[127.35448,35.53023],[127.35454,35.53021],[127.3546,35.5301],[127.35474,35.52996],[127.35471,35.52991],[127.35461,35.52989],[127.35453,35.52999],[127.35435,35.53003],[127.35422,35.52999],[127.35424,35.52995],[127.35429,35.52994],[127.35434,35.52984],[127.3544,35.52981],[127.35433,35.52971],[127.35415,35.52976],[127.35404,35.52985],[127.35398,35.52994],[127.35399,35.53],[127.3541,35.53001],[127.35425,35.53012],[127.35433,35.53014],[127.35442,35.53023],[127.35448,35.53023]]]}},{"type":"Feature","properties":{"cls":"built_new"},"geometry":{"type":"Polygon","coordinates":[[[127.35114,35.52962],[127.35118,35.52956],[127.35112,35.52954],[127.3511,35.52961],[127.35114,35.52962]]]}},{"type":"Feature","properties":{"cls":"other"},"geometry":{"type":"Polygon","coordinates":[[[127.35465,35.52977],[127.35469,35.52972],[127.35475,35.52973],[127.35474,35.52968],[127.35458,35.5295],[127.35448,35.52946],[127.35442,35.52958],[127.35446,35.52968],[127.35465,35.52977]]]}},{"type":"Feature","properties":{"cls":"veg_gain"},"geometry":{"type":"Polygon","coordinates":[[[127.35212,35.52941],[127.35215,35.52938],[127.3521,35.52934],[127.35206,35.5294],[127.35212,35.52941]]]}},{"type":"Feature","properties":{"cls":"veg_gain"},"geometry":{"type":"Polygon","coordinates":[[[127.35557,35.52936],[127.35555,35.52928],[127.35549,35.52929],[127.3555,35.52933],[127.35557,35.52936]]]}},{"type":"Feature","properties":{"cls":"veg_gain"},"geometry":{"type":"Polygon","coordinates":[[[127.35369,35.52933],[127.35366,35.52923],[127.35358,35.52921],[127.35363,35.52931],[127.35369,35.52933]]]}},{"type":"Feature","properties":{"cls":"veg_gain"},"geometry":{"type":"Polygon","coordinates":[[[127.34846,35.52934],[127.34855,35.52931],[127.34855,35.52922],[127.34848,35.52921],[127.34841,35.52929],[127.34841,35.52933],[127.34846,35.52934]]]}},{"type":"Feature","properties":{"cls":"veg_gain"},"geometry":{"type":"Polygon","coordinates":[[[127.34865,35.52914],[127.3487,35.52911],[127.34869,35.52905],[127.34858,35.52911],[127.3486,35.52915],[127.34865,35.52914]]]}},{"type":"Feature","properties":{"cls":"veg_gain"},"geometry":{"type":"Polygon","coordinates":[[[127.35583,35.52944],[127.35587,35.52942],[127.35584,35.52934],[127.35595,35.52938],[127.35599,35.52931],[127.35615,35.52919],[127.35613,35.52912],[127.35603,35.52903],[127.3559,35.52905],[127.35576,35.52917],[127.35575,35.52923],[127.35566,35.52923],[127.35573,35.52933],[127.35573,35.52941],[127.35583,35.52944]]]}},{"type":"Feature","properties":{"cls":"veg_gain"},"geometry":{"type":"Polygon","coordinates":[[[127.35561,35.52994],[127.35567,35.52991],[127.35567,35.52988],[127.35558,35.52981],[127.35541,35.52959],[127.35532,35.52954],[127.35524,35.5294],[127.35488,35.529],[127.35481,35.529],[127.35468,35.52911],[127.35461,35.52912],[127.35459,35.52919],[127.35447,35.52926],[127.35453,35.52927],[127.35459,35.52933],[127.35466,35.52944],[127.35499,35.52978],[127.35521,35.52981],[127.35553,35.52994],[127.35561,35.52994]]]}},{"type":"Feature","properties":{"cls":"veg_gain"},"geometry":{"type":"Polygon","coordinates":[[[127.35404,35.5292],[127.35423,35.52911],[127.35413,35.5291],[127.35412,35.52901],[127.35391,35.52898],[127.35388,35.52901],[127.35392,35.52906],[127.35389,35.52917],[127.35395,35.52917],[127.354,35.52922],[127.35404,35.5292]]]}},{"type":"Feature","properties":{"cls":"veg_gain"},"geometry":{"type":"Polygon","coordinates":[[[127.35575,35.52908],[127.35578,35.52906],[127.35577,35.52897],[127.35569,35.52899],[127.3557,35.52907],[127.35575,35.52908]]]}},{"type":"Feature","properties":{"cls":"veg_gain"},"geometry":{"type":"Polygon","coordinates":[[[127.35372,35.529],[127.35371,35.52891],[127.35376,35.52888],[127.35364,35.52886],[127.35363,35.52893],[127.35372,35.529]]]}},{"type":"Feature","properties":{"cls":"veg_gain"},"geometry":{"type":"Polygon","coordinates":[[[127.35548,35.52922],[127.35559,35.52917],[127.35563,35.52909],[127.35562,35.52903],[127.35555,35.52897],[127.35556,35.52887],[127.35551,35.52887],[127.35551,35.52892],[127.35545,35.52895],[127.3555,35.52901],[127.35543,35.52904],[127.35535,35.52897],[127.35538,35.52889],[127.35527,35.52885],[127.35543,35.52882],[127.3555,35.52877],[127.35574,35.52881],[127.35577,35.52886],[127.35585,35.52881],[127.35585,35.52878],[127.35569,35.52873],[127.35562,35.52862],[127.35555,35.52865],[127.35544,35.52864],[127.35511,35.52882],[127.35515,35.5289],[127.35526,35.52896],[127.35529,35.52904],[127.35542,35.52905],[127.35543,35.5291],[127.35538,35.52916],[127.35544,35.52922],[127.35548,35.52922]]]}},{"type":"Feature","properties":{"cls":"veg_gain"},"geometry":{"type":"Polygon","coordinates":[[[127.35632,35.52864],[127.35649,35.52861],[127.35653,35.52856],[127.35652,35.52851],[127.35647,35.5285],[127.3564,35.5286],[127.35622,35.52861],[127.35624,35.52865],[127.35632,35.52864]]]}},{"type":"Feature","properties":{"cls":"veg_gain"},"geometry":{"type":"Polygon","coordinates":[[[127.34892,35.52882],[127.349,35.52877],[127.349,35.52868],[127.34906,35.52866],[127.34913,35.52869],[127.34918,35.5286],[127.34907,35.52855],[127.34887,35.52852],[127.34861,35.52861],[127.34866,35.52869],[127.34875,35.52869],[127.34885,35.52876],[127.34888,35.52882],[127.34892,35.52882]],[[127.34881,35.52863],[127.34881,35.5286],[127.34884,35.52859],[127.34885,35.52862],[127.34881,35.52863]]]}},{"type":"Feature","properties":{"cls":"other"},"geometry":{"type":"Polygon","coordinates":[[[127.35104,35.52861],[127.35109,35.52857],[127.35108,35.52853],[127.35105,35.52851],[127.35097,35.52853],[127.35097,35.52859],[127.35104,35.52861]]]}},{"type":"Feature","properties":{"cls":"veg_gain"},"geometry":{"type":"Polygon","coordinates":[[[127.35395,35.52878],[127.35398,35.52871],[127.35382,35.52849],[127.35371,35.52851],[127.35344,35.52868],[127.35345,35.52871],[127.35356,35.52867],[127.35371,35.5287],[127.35383,35.52862],[127.35386,35.52874],[127.35392,35.52879],[127.35395,35.52878]]]}},{"type":"Feature","properties":{"cls":"veg_gain"},"geometry":{"type":"Polygon","coordinates":[[[127.35442,35.52868],[127.35445,35.52856],[127.35442,35.52849],[127.35436,35.52846],[127.35429,35.52848],[127.35426,35.52852],[127.35428,35.52856],[127.35434,35.5286],[127.35436,35.52866],[127.35442,35.52868]]]}},{"type":"Feature","properties":{"cls":"built_new"},"geometry":{"type":"Polygon","coordinates":[[[127.35334,35.52846],[127.35338,35.52845],[127.3534,35.52841],[127.35335,35.52841],[127.35332,35.52844],[127.35334,35.52846]]]}},{"type":"Feature","properties":{"cls":"veg_gain"},"geometry":{"type":"Polygon","coordinates":[[[127.34816,35.52846],[127.34817,35.52842],[127.34813,35.52839],[127.34812,35.52845],[127.34816,35.52846]]]}},{"type":"Feature","properties":{"cls":"veg_gain"},"geometry":{"type":"Polygon","coordinates":[[[127.35474,35.52834],[127.35478,35.52828],[127.35468,35.5283],[127.35469,35.52834],[127.35474,35.52834]]]}},{"type":"Feature","properties":{"cls":"veg_gain"},"geometry":{"type":"Polygon","coordinates":[[[127.35502,35.52869],[127.35544,35.52848],[127.35545,35.52845],[127.35533,35.52826],[127.35527,35.52825],[127.35484,35.52848],[127.35487,35.5286],[127.35498,35.52869],[127.35502,35.52869]]]}},{"type":"Feature","properties":{"cls":"veg_gain"},"geometry":{"type":"Polygon","coordinates":[[[127.35494,35.52827],[127.35497,35.52825],[127.35496,35.52821],[127.3549,35.52823],[127.35491,35.52827],[127.35494,35.52827]]]}},{"type":"Feature","properties":{"cls":"veg_gain"},"geometry":{"type":"Polygon","coordinates":[[[127.34947,35.52824],[127.3495,35.52822],[127.34947,35.52818],[127.34944,35.5282],[127.34947,35.52824]]]}},{"type":"Feature","properties":{"cls":"other"},"geometry":{"type":"Polygon","coordinates":[[[127.34932,35.52826],[127.34935,35.5282],[127.34932,35.52816],[127.34927,35.52816],[127.34925,35.52821],[127.34932,35.52826]]]}},{"type":"Feature","properties":{"cls":"veg_gain"},"geometry":{"type":"Polygon","coordinates":[[[127.35345,35.52819],[127.35346,35.52813],[127.35341,35.52812],[127.3534,35.52817],[127.35345,35.52819]]]}},{"type":"Feature","properties":{"cls":"veg_gain"},"geometry":{"type":"Polygon","coordinates":[[[127.35416,35.52831],[127.35419,35.52824],[127.35425,35.5282],[127.35424,35.52813],[127.35419,35.52808],[127.35412,35.5281],[127.35402,35.52824],[127.35406,35.5283],[127.35416,35.52831]]]}},{"type":"Feature","properties":{"cls":"veg_gain"},"geometry":{"type":"Polygon","coordinates":[[[127.35659,35.52814],[127.35667,35.52809],[127.35666,35.52801],[127.35661,35.52797],[127.35656,35.52799],[127.35654,35.52806],[127.35649,35.5281],[127.35651,35.52813],[127.35659,35.52814]]]}},{"type":"Feature","properties":{"cls":"veg_gain"},"geometry":{"type":"Polygon","coordinates":[[[127.34917,35.52807],[127.34919,35.52802],[127.34913,35.52799],[127.34905,35.528],[127.34908,35.52805],[127.34917,35.52807]]]}},{"type":"Feature","properties":{"cls":"veg_gain"},"geometry":{"type":"Polygon","coordinates":[[[127.35062,35.52851],[127.35065,35.52849],[127.35066,35.52838],[127.35077,35.5283],[127.35076,35.52809],[127.35068,35.52813],[127.35065,35.52808],[127.35048,35.52811],[127.35042,35.52806],[127.35006,35.52806],[127.35007,35.52801],[127.35017,35.528],[127.35018,35.52795],[127.35014,35.52794],[127.34991,35.52807],[127.34976,35.52811],[127.34972,35.52818],[127.34964,35.52823],[127.34973,35.52828],[127.34987,35.52829],[127.34992,35.52824],[127.35007,35.52819],[127.35006,35.52823],[127.34994,35.52832],[127.34994,35.52837],[127.35008,35.52842],[127.35021,35.52836],[127.35028,35.52826],[127.35045,35.52814],[127.35045,35.5282],[127.35035,35.52828],[127.35034,35.52836],[127.35057,35.52851],[127.35062,35.52851]]]}},{"type":"Feature","properties":{"cls":"veg_gain"},"geometry":{"type":"Polygon","coordinates":[[[127.35586,35.52819],[127.35587,35.5281],[127.35571,35.52792],[127.35564,35.52792],[127.35568,35.52804],[127.35586,35.52819]]]}},{"type":"Feature","properties":{"cls":"veg_gain"},"geometry":{"type":"Polygon","coordinates":[[[127.35124,35.52804],[127.35127,35.52798],[127.3512,35.52787],[127.35112,35.52786],[127.351,35.52793],[127.35101,35.52797],[127.35124,35.52804]]]}},{"type":"Feature","properties":{"cls":"veg_gain"},"geometry":{"type":"Polygon","coordinates":[[[127.3547,35.52826],[127.35496,35.52813],[127.35499,35.52813],[127.35505,35.52822],[127.35512,35.52819],[127.35503,35.52811],[127.35512,35.52807],[127.35523,35.52807],[127.35523,35.52801],[127.35519,35.52798],[127.35516,35.52788],[127.35511,35.52784],[127.35504,35.52786],[127.35501,35.52781],[127.35496,35.52781],[127.35468,35.52792],[127.35451,35.52803],[127.35449,35.52806],[127.35453,35.52818],[127.35463,35.52826],[127.3547,35.52826]]]}},{"type":"Feature","properties":{"cls":"veg_gain"},"geometry":{"type":"Polygon","coordinates":[[[127.34851,35.52797],[127.34856,35.52793],[127.34854,35.52786],[127.34849,35.52782],[127.34843,35.52793],[127.34851,35.52797]]]}},{"type":"Feature","properties":{"cls":"veg_gain"},"geometry":{"type":"Polygon","coordinates":[[[127.35261,35.52797],[127.35261,35.52792],[127.35266,35.52787],[127.35258,35.52779],[127.35254,35.52779],[127.35247,35.52789],[127.35248,35.52795],[127.35261,35.52797]]]}},{"type":"Feature","properties":{"cls":"veg_gain"},"geometry":{"type":"Polygon","coordinates":[[[127.35072,35.5278],[127.35073,35.5278],[127.35079,35.52775],[127.35073,35.52774],[127.35069,35.52777],[127.35069,35.5278],[127.35072,35.5278]]]}},{"type":"Feature","properties":{"cls":"veg_gain"},"geometry":{"type":"Polygon","coordinates":[[[127.35209,35.5278],[127.35212,35.52778],[127.35211,35.52775],[127.35203,35.52772],[127.352,35.52774],[127.35203,35.5278],[127.35209,35.5278]]]}},{"type":"Feature","properties":{"cls":"veg_gain"},"geometry":{"type":"Polygon","coordinates":[[[127.35171,35.52795],[127.3518,35.52784],[127.3518,35.52778],[127.35187,35.52774],[127.35185,35.52769],[127.35176,35.52773],[127.35176,35.52779],[127.35166,35.52791],[127.35166,35.52794],[127.35171,35.52795]]]}},{"type":"Feature","properties":{"cls":"veg_gain"},"geometry":{"type":"Polygon","coordinates":[[[127.34825,35.52809],[127.3483,35.52805],[127.34836,35.52777],[127.34832,35.52773],[127.34814,35.5277],[127.3481,35.52775],[127.34812,35.52803],[127.34818,35.52808],[127.34825,35.52809]]]}},{"type":"Feature","properties":{"cls":"veg_gain"},"geometry":{"type":"Polygon","coordinates":[[[127.35165,35.52777],[127.35169,35.52773],[127.35168,35.52769],[127.35149,35.52769],[127.35155,35.52776],[127.35165,35.52777]]]}},{"type":"Feature","properties":{"cls":"veg_gain"},"geometry":{"type":"Polygon","coordinates":[[[127.35028,35.52794],[127.35037,35.52787],[127.35042,35.52777],[127.3506,35.52772],[127.35061,35.52769],[127.35051,35.52766],[127.35027,35.52777],[127.3502,35.52784],[127.35019,35.5279],[127.35028,35.52794]]]}},{"type":"Feature","properties":{"cls":"veg_gain"},"geometry":{"type":"Polygon","coordinates":[[[127.35527,35.52786],[127.35536,35.52779],[127.35524,35.52774],[127.35523,35.52766],[127.35513,35.52762],[127.35507,35.52763],[127.35509,35.52771],[127.35523,35.52776],[127.3552,35.52784],[127.35527,35.52786]]]}}]}