{"type":"FeatureCollection","features":[{"type":"Feature","properties":{"cls":"단동","emd":"송동면","area":1338},"geometry":{"type":"MultiPolygon","coordinates":[[[[127.3082,35.33764],[127.30814,35.33767],[127.30824,35.33851],[127.30831,35.33849],[127.3082,35.33764]]],[[[127.30805,35.33765],[127.30812,35.33824],[127.30818,35.33852],[127.30822,35.33851],[127.30813,35.33765],[127.30805,35.33765]]]]}},{"type":"Feature","properties":{"cls":"단동","emd":"송동면","area":1111},"geometry":{"type":"MultiPolygon","coordinates":[[[[127.30875,35.33844],[127.30865,35.33761],[127.30856,35.33762],[127.30865,35.33844],[127.30875,35.33844]]],[[[127.30851,35.33762],[127.3086,35.33847],[127.30864,35.33846],[127.30855,35.33764],[127.30851,35.33762]]]]}},{"type":"Feature","properties":{"cls":"단동","emd":"송동면","area":3061},"geometry":{"type":"MultiPolygon","coordinates":[[[[127.30909,35.33758],[127.309,35.3376],[127.30912,35.33845],[127.30919,35.33844],[127.30919,35.33839],[127.30909,35.33758]]],[[[127.3089,35.33759],[127.3089,35.33762],[127.309,35.33844],[127.30908,35.33842],[127.30898,35.33759],[127.3089,35.33759]]],[[[127.30882,35.33759],[127.30879,35.33761],[127.30888,35.33844],[127.30897,35.33844],[127.30888,35.3376],[127.30882,35.33759]]],[[[127.30868,35.33761],[127.30877,35.3384],[127.30885,35.33839],[127.30885,35.33844],[127.30877,35.3376],[127.30868,35.33761]]]]}},{"type":"Feature","properties":{"cls":"단동","emd":"송동면","area":1943},"geometry":{"type":"MultiPolygon","coordinates":[[[[127.30982,35.33752],[127.30975,35.33754],[127.30985,35.33839],[127.30992,35.33837],[127.30982,35.33752]]],[[[127.30966,35.33754],[127.30976,35.33842],[127.30982,35.33842],[127.30973,35.33754],[127.30966,35.33754]]],[[[127.30964,35.33754],[127.30956,35.33756],[127.30966,35.33841],[127.30974,35.33837],[127.30964,35.33754]]]]}},{"type":"Feature","properties":{"cls":"단동","emd":"송동면","area":1108},"geometry":{"type":"MultiPolygon","coordinates":[[[[127.30878,35.33666],[127.30875,35.33671],[127.30885,35.33755],[127.30888,35.33754],[127.30878,35.33666]]],[[[127.30874,35.33675],[127.30874,35.33667],[127.30866,35.33666],[127.30876,35.33755],[127.30883,35.33754],[127.30874,35.33675]]]]}},{"type":"Feature","properties":{"cls":"단동","emd":"송동면","area":1312},"geometry":{"type":"MultiPolygon","coordinates":[[[[127.30941,35.33661],[127.30935,35.33664],[127.30946,35.3375],[127.30952,35.3375],[127.30941,35.33661]]],[[[127.30926,35.33664],[127.30937,35.33751],[127.30943,35.33751],[127.30934,35.33663],[127.30926,35.33664]]]]}},{"type":"Feature","properties":{"cls":"단동","emd":"송동면","area":3209},"geometry":{"type":"MultiPolygon","coordinates":[[[[127.3098,35.33658],[127.30989,35.33745],[127.30996,35.33746],[127.30987,35.3366],[127.3098,35.33658]]],[[[127.30978,35.33659],[127.3097,35.33659],[127.30981,35.33747],[127.30988,35.33746],[127.30978,35.33659]]],[[[127.30965,35.33659],[127.30962,35.3366],[127.30973,35.33748],[127.30978,35.33747],[127.30969,35.33659],[127.30965,35.33659]]],[[[127.30959,35.33659],[127.30953,35.33664],[127.30963,35.33748],[127.30967,35.33748],[127.3097,35.33747],[127.30959,35.33659]]],[[[127.30952,35.3366],[127.30945,35.33661],[127.30955,35.33747],[127.30961,35.33749],[127.30952,35.3366]]]]}},{"type":"Feature","properties":{"cls":"단동","emd":"송동면","area":1272},"geometry":{"type":"Polygon","coordinates":[[[127.3103,35.33655],[127.31016,35.33656],[127.31026,35.33744],[127.31041,35.33742],[127.3103,35.33655]]]}},{"type":"Feature","properties":{"cls":"단동","emd":"송동면","area":595},"geometry":{"type":"Polygon","coordinates":[[[127.30962,35.33645],[127.30953,35.33562],[127.3095,35.33562],[127.30946,35.33563],[127.30956,35.33647],[127.30962,35.33645]]]}},{"type":"Feature","properties":{"cls":"단동","emd":"송동면","area":2726},"geometry":{"type":"MultiPolygon","coordinates":[[[[127.31014,35.33557],[127.31021,35.33642],[127.31028,35.33642],[127.31019,35.33557],[127.31014,35.33557]]],[[[127.31009,35.33558],[127.31002,35.3356],[127.31012,35.33643],[127.31019,35.33642],[127.31009,35.33558]]],[[[127.31,35.33558],[127.30993,35.33561],[127.31002,35.33644],[127.3101,35.33644],[127.31,35.33558]]],[[[127.30983,35.33559],[127.30992,35.33644],[127.30999,35.33644],[127.3099,35.33559],[127.30983,35.33559]]]]}},{"type":"Feature","properties":{"cls":"단동","emd":"송동면","area":943},"geometry":{"type":"MultiPolygon","coordinates":[[[[127.31039,35.33557],[127.3105,35.33642],[127.31057,35.33641],[127.31047,35.33554],[127.31039,35.33557]]],[[[127.31038,35.33555],[127.31045,35.33642],[127.31048,35.33642],[127.31047,35.33636],[127.31038,35.33555]]]]}},{"type":"Feature","properties":{"cls":"단동","emd":"송동면","area":1983},"geometry":{"type":"MultiPolygon","coordinates":[[[[127.30867,35.33563],[127.30872,35.33563],[127.30862,35.33478],[127.30858,35.3348],[127.30867,35.33563]]],[[[127.30856,35.33479],[127.30847,35.33481],[127.30856,35.33564],[127.30865,35.33564],[127.30856,35.33479]]],[[[127.30842,35.3348],[127.30836,35.33481],[127.30845,35.33564],[127.30854,35.33564],[127.30845,35.33481],[127.30842,35.3348]]]]}},{"type":"Feature","properties":{"cls":"단동","emd":"송동면","area":3070},"geometry":{"type":"MultiPolygon","coordinates":[[[[127.3093,35.33559],[127.30933,35.33559],[127.30923,35.33472],[127.30919,35.33473],[127.3093,35.33559]]],[[[127.3091,35.33473],[127.30921,35.33559],[127.30928,35.33559],[127.30918,35.33472],[127.3091,35.33473]]],[[[127.30919,35.33557],[127.30909,35.33474],[127.30901,35.33473],[127.30911,35.33559],[127.30919,35.33557]]],[[[127.30891,35.33474],[127.30902,35.33561],[127.30908,35.33561],[127.30899,35.33474],[127.30891,35.33474]]],[[[127.30881,35.33474],[127.3089,35.33562],[127.30897,35.33561],[127.30887,35.33475],[127.30881,35.33474]]]]}},{"type":"Feature","properties":{"cls":"단동","emd":"송동면","area":1051},"geometry":{"type":"MultiPolygon","coordinates":[[[[127.31341,35.33443],[127.3135,35.33526],[127.31351,35.33526],[127.31354,35.33525],[127.31345,35.33443],[127.31341,35.33443]]],[[[127.31348,35.33526],[127.31338,35.33439],[127.3133,35.33439],[127.3134,35.33527],[127.31348,35.33526]]]]}},{"type":"Feature","properties":{"cls":"단동","emd":"송동면","area":644},"geometry":{"type":"Polygon","coordinates":[[[127.30927,35.33279],[127.30923,35.3328],[127.30933,35.33368],[127.3094,35.33367],[127.30927,35.33279]]]}},{"type":"Feature","properties":{"cls":"단동","emd":"송동면","area":2863},"geometry":{"type":"MultiPolygon","coordinates":[[[[127.31315,35.33073],[127.31321,35.33074],[127.31349,35.32988],[127.31343,35.32988],[127.31315,35.33073]]],[[[127.3134,35.32986],[127.31333,35.32986],[127.31305,35.33071],[127.31312,35.33072],[127.3134,35.32986]]],[[[127.31325,35.32983],[127.31295,35.33068],[127.31298,35.33069],[127.31302,35.33069],[127.31331,35.32986],[127.31325,35.32983]]],[[[127.31292,35.33067],[127.31321,35.32983],[127.3132,35.32982],[127.31313,35.32982],[127.31284,35.33064],[127.31292,35.33067]]]]}},{"type":"Feature","properties":{"cls":"단동","emd":"송동면","area":4040},"geometry":{"type":"Polygon","coordinates":[[[127.31396,35.32999],[127.31354,35.32989],[127.31324,35.33076],[127.31368,35.33084],[127.31396,35.32999]]]}},{"type":"Feature","properties":{"cls":"단동","emd":"송동면","area":1840},"geometry":{"type":"Polygon","coordinates":[[[127.31121,35.32924],[127.31139,35.32931],[127.31169,35.32847],[127.31148,35.32843],[127.31121,35.32924]]]}},{"type":"Feature","properties":{"cls":"단동","emd":"송동면","area":2503},"geometry":{"type":"Polygon","coordinates":[[[127.31166,35.32939],[127.31195,35.32853],[127.31169,35.32847],[127.31139,35.32932],[127.31166,35.32939]]]}},{"type":"Feature","properties":{"cls":"단동","emd":"송동면","area":1464},"geometry":{"type":"Polygon","coordinates":[[[127.31211,35.32856],[127.31195,35.32852],[127.31166,35.32939],[127.31181,35.32943],[127.31211,35.32856]]]}},{"type":"Feature","properties":{"cls":"단동","emd":"송동면","area":1491},"geometry":{"type":"MultiPolygon","coordinates":[[[[127.31397,35.32702],[127.31396,35.32702],[127.31369,35.32783],[127.31377,35.32785],[127.31404,35.32704],[127.31397,35.32702]]],[[[127.31359,35.32782],[127.31368,35.3278],[127.31394,35.32702],[127.31387,35.32699],[127.31359,35.32782]]]]}},{"type":"Feature","properties":{"cls":"단동","emd":"송동면","area":1619},"geometry":{"type":"Polygon","coordinates":[[[127.31418,35.32798],[127.31422,35.32789],[127.31447,35.32713],[127.3143,35.32709],[127.31401,35.32795],[127.31418,35.32798]]]}},{"type":"Feature","properties":{"cls":"단동","emd":"송동면","area":2121},"geometry":{"type":"Polygon","coordinates":[[[127.31325,35.32591],[127.31295,35.32673],[127.31316,35.32679],[127.31347,35.32593],[127.31325,35.32591]]]}},{"type":"Feature","properties":{"cls":"단동","emd":"송동면","area":1547},"geometry":{"type":"MultiPolygon","coordinates":[[[[127.31574,35.32651],[127.31547,35.32729],[127.31548,35.32731],[127.31555,35.32733],[127.31583,35.32653],[127.31574,35.32651]]],[[[127.31565,35.32647],[127.31537,35.32727],[127.31538,35.32729],[127.31546,35.32729],[127.31573,35.3265],[127.31565,35.32647]]]]}},{"type":"Feature","properties":{"cls":"단동","emd":"송동면","area":3104},"geometry":{"type":"MultiPolygon","coordinates":[[[[127.31062,35.33937],[127.31055,35.3394],[127.31064,35.34022],[127.31072,35.34018],[127.31062,35.33937]]],[[[127.31051,35.33937],[127.31045,35.33938],[127.31045,35.33942],[127.31054,35.3402],[127.31062,35.34022],[127.31051,35.33937]]],[[[127.31035,35.33939],[127.31044,35.34023],[127.31052,35.34023],[127.31043,35.33939],[127.31035,35.33939]]],[[[127.31033,35.3394],[127.31025,35.33942],[127.31036,35.34025],[127.31043,35.34023],[127.31033,35.3394]]],[[[127.31023,35.33963],[127.3103,35.34021],[127.31033,35.34021],[127.31025,35.3394],[127.31021,35.3394],[127.31023,35.33963]]]]}},{"type":"Feature","properties":{"cls":"단동","emd":"송동면","area":1952},"geometry":{"type":"MultiPolygon","coordinates":[[[[127.31028,35.33847],[127.31037,35.33933],[127.31044,35.33933],[127.31035,35.33847],[127.31028,35.33847]]],[[[127.31036,35.33932],[127.31027,35.33848],[127.3102,35.33847],[127.31029,35.33934],[127.31036,35.33932]]],[[[127.31019,35.33848],[127.31011,35.3385],[127.31021,35.33935],[127.31028,35.33935],[127.31019,35.33848]]]]}},{"type":"Feature","properties":{"cls":"단동","emd":"송동면","area":1245},"geometry":{"type":"Polygon","coordinates":[[[127.31591,35.32243],[127.3162,35.32159],[127.31619,35.32158],[127.31606,35.32155],[127.31578,35.32239],[127.31591,35.32243]]]}},{"type":"Feature","properties":{"cls":"단동","emd":"송동면","area":2004},"geometry":{"type":"Polygon","coordinates":[[[127.31252,35.3247],[127.31222,35.32556],[127.31243,35.32561],[127.31273,35.32475],[127.31252,35.3247]],[[127.31241,35.32557],[127.31243,35.32557],[127.31241,35.32557],[127.31241,35.32557]]]}},{"type":"Feature","properties":{"cls":"단동","emd":"송동면","area":3720},"geometry":{"type":"Polygon","coordinates":[[[127.31294,35.3248],[127.31265,35.32562],[127.313,35.32567],[127.31299,35.32573],[127.31306,35.32575],[127.31335,35.32489],[127.31294,35.3248]]]}},{"type":"Feature","properties":{"cls":"단동","emd":"송동면","area":3022},"geometry":{"type":"MultiPolygon","coordinates":[[[[127.3146,35.32518],[127.31458,35.32522],[127.31432,35.32599],[127.3144,35.326],[127.31467,35.32521],[127.3146,35.32518]]],[[[127.31456,35.32517],[127.31449,35.32516],[127.31421,35.32597],[127.31429,35.32598],[127.31456,35.32517]]],[[[127.31446,35.32515],[127.31438,35.32514],[127.31411,35.32596],[127.31418,35.32596],[127.31446,35.32515]],[[127.31443,35.32515],[127.31443,35.32516],[127.31442,35.32515],[127.31443,35.32515]]],[[[127.31436,35.32514],[127.31429,35.32511],[127.31426,35.32515],[127.31401,35.32593],[127.31407,35.32595],[127.31436,35.32514]]]]}},{"type":"Feature","properties":{"cls":"단동","emd":"송동면","area":1306},"geometry":{"type":"MultiPolygon","coordinates":[[[[127.3128,35.32383],[127.31272,35.32381],[127.31245,35.32464],[127.31252,35.32465],[127.3128,35.32383]]],[[[127.31265,35.32377],[127.31236,35.32462],[127.31243,35.32459],[127.3127,35.32381],[127.31265,35.32377]]]]}},{"type":"Feature","properties":{"cls":"단동","emd":"송동면","area":3786},"geometry":{"type":"Polygon","coordinates":[[[127.31297,35.32476],[127.31337,35.32485],[127.31366,35.32399],[127.31327,35.3239],[127.31297,35.32476]]]}},{"type":"Feature","properties":{"cls":"단동","emd":"송동면","area":795},"geometry":{"type":"Polygon","coordinates":[[[127.31405,35.32408],[127.31396,35.32408],[127.31368,35.32493],[127.31376,35.32494],[127.31405,35.32408]]]}},{"type":"Feature","properties":{"cls":"단동","emd":"송동면","area":86},"geometry":{"type":"Polygon","coordinates":[[[127.31498,35.32432],[127.3147,35.32516],[127.31499,35.3243],[127.31498,35.32432]]]}},{"type":"Feature","properties":{"cls":"단동","emd":"송동면","area":1265},"geometry":{"type":"Polygon","coordinates":[[[127.31537,35.32529],[127.31564,35.32451],[127.31565,35.32445],[127.31553,35.32442],[127.31522,35.32527],[127.31537,35.32529]]]}},{"type":"Feature","properties":{"cls":"단동","emd":"송동면","area":745},"geometry":{"type":"Polygon","coordinates":[[[127.31636,35.32462],[127.31627,35.32462],[127.316,35.32544],[127.31607,35.32546],[127.31636,35.32462]]]}},{"type":"Feature","properties":{"cls":"단동","emd":"송동면","area":3062},"geometry":{"type":"Polygon","coordinates":[[[127.31369,35.32296],[127.31338,35.32385],[127.3137,35.32391],[127.314,35.32303],[127.31369,35.32296]]]}},{"type":"Feature","properties":{"cls":"단동","emd":"송동면","area":2324},"geometry":{"type":"Polygon","coordinates":[[[127.31515,35.3233],[127.3149,35.32327],[127.31462,35.32412],[127.31486,35.32416],[127.31515,35.3233]]]}},{"type":"Feature","properties":{"cls":"단동","emd":"송동면","area":3462},"geometry":{"type":"MultiPolygon","coordinates":[[[[127.31577,35.32345],[127.31549,35.32428],[127.31584,35.32436],[127.31613,35.32354],[127.31577,35.32345]]],[[[127.31588,35.32438],[127.31551,35.32428],[127.31546,35.32433],[127.31585,35.32442],[127.31588,35.32438]]]]}},{"type":"Feature","properties":{"cls":"단동","emd":"송동면","area":1607},"geometry":{"type":"MultiPolygon","coordinates":[[[[127.31542,35.32241],[127.31537,35.32251],[127.31515,35.3232],[127.31521,35.32321],[127.31548,35.32244],[127.31542,35.32241]]],[[[127.31505,35.32317],[127.31512,35.32319],[127.31538,35.3224],[127.31531,35.32239],[127.31505,35.32317]]],[[[127.31522,35.32238],[127.31507,35.32282],[127.31507,35.32286],[127.31515,35.32284],[127.3153,35.3224],[127.31522,35.32238]]]]}},{"type":"Feature","properties":{"cls":"단동","emd":"송동면","area":3396},"geometry":{"type":"MultiPolygon","coordinates":[[[[127.31619,35.32259],[127.31612,35.32257],[127.31585,35.32335],[127.31591,35.32338],[127.31619,35.32259]]],[[[127.31594,35.32259],[127.31569,35.32332],[127.31577,35.32334],[127.31602,35.32261],[127.31594,35.32259]]],[[[127.31558,35.3233],[127.31567,35.32332],[127.31592,35.32255],[127.31584,35.32253],[127.31558,35.3233]]],[[[127.31573,35.3225],[127.31548,35.32327],[127.31556,35.32329],[127.31582,35.32252],[127.31573,35.3225]]],[[[127.31571,35.32248],[127.31563,35.32247],[127.31537,35.32325],[127.31545,35.32327],[127.31571,35.32248]]]]}},{"type":"Feature","properties":{"cls":"단동","emd":"송동면","area":2417},"geometry":{"type":"Polygon","coordinates":[[[127.31621,35.32344],[127.3165,35.32351],[127.31675,35.32272],[127.31648,35.32266],[127.31621,35.32344]]]}},{"type":"Feature","properties":{"cls":"단동","emd":"송동면","area":3624},"geometry":{"type":"Polygon","coordinates":[[[127.31379,35.32105],[127.31349,35.32189],[127.3138,35.32193],[127.3138,35.32197],[127.31387,35.32199],[127.31417,35.32114],[127.31379,35.32105]]]}},{"type":"Feature","properties":{"cls":"단동","emd":"송동면","area":2756},"geometry":{"type":"Polygon","coordinates":[[[127.31494,35.32131],[127.31463,35.32124],[127.31436,35.32204],[127.31439,35.32206],[127.31465,35.32212],[127.31494,35.32131]]]}},{"type":"Feature","properties":{"cls":"단동","emd":"송동면","area":1370},"geometry":{"type":"MultiPolygon","coordinates":[[[[127.31523,35.32137],[127.3152,35.32144],[127.31495,35.32219],[127.31524,35.32138],[127.31523,35.32137]]],[[[127.3152,35.32138],[127.31513,35.32136],[127.31487,35.32217],[127.31494,35.32216],[127.3152,35.32138]]],[[[127.31512,35.32135],[127.31504,35.32134],[127.31478,35.32214],[127.31485,35.32216],[127.31512,35.32135]]]]}},{"type":"Feature","properties":{"cls":"단동","emd":"송동면","area":1406},"geometry":{"type":"MultiPolygon","coordinates":[[[[127.316,35.3224],[127.31598,35.32246],[127.31606,35.32247],[127.31635,35.32163],[127.31627,35.32162],[127.316,35.3224]]],[[[127.31619,35.3216],[127.31592,35.32241],[127.31594,35.32243],[127.31599,35.32242],[127.31626,35.32162],[127.31619,35.3216]]]]}},{"type":"Feature","properties":{"cls":"단동","emd":"송동면","area":746},"geometry":{"type":"Polygon","coordinates":[[[127.31616,35.32251],[127.31644,35.32167],[127.31641,35.32165],[127.31637,35.32164],[127.31609,35.32246],[127.31616,35.32251]]]}},{"type":"Feature","properties":{"cls":"단동","emd":"송동면","area":1892},"geometry":{"type":"MultiPolygon","coordinates":[[[[127.31668,35.31906],[127.31672,35.31901],[127.31569,35.31884],[127.31567,35.31889],[127.31668,35.31906]]],[[[127.31664,35.31913],[127.31668,35.31907],[127.31565,35.31891],[127.31564,35.31897],[127.31664,35.31913]]],[[[127.31558,35.31898],[127.31558,35.31904],[127.31659,35.3192],[127.31663,35.31914],[127.31558,35.31898]]]]}},{"type":"Feature","properties":{"cls":"단동","emd":"송동면","area":776},"geometry":{"type":"Polygon","coordinates":[[[127.31715,35.31831],[127.31604,35.31813],[127.31598,35.31819],[127.31714,35.31837],[127.31715,35.31831]]]}},{"type":"Feature","properties":{"cls":"단동","emd":"송동면","area":3405},"geometry":{"type":"MultiPolygon","coordinates":[[[[127.3163,35.31789],[127.31734,35.31806],[127.31738,35.31801],[127.31635,35.31782],[127.31629,35.31782],[127.3163,35.31789]],[[127.3163,35.31787],[127.3163,35.31786],[127.3163,35.31786],[127.3163,35.31787]]],[[[127.31623,35.3179],[127.31624,35.31797],[127.3173,35.31814],[127.31734,35.31807],[127.31623,35.3179]]],[[[127.31612,35.31797],[127.31607,35.31797],[127.31607,35.31804],[127.31723,35.31823],[127.31728,35.31817],[127.31612,35.31797]]],[[[127.31605,35.31807],[127.31604,35.31812],[127.31719,35.31831],[127.31722,35.31825],[127.31605,35.31807]]]]}},{"type":"Feature","properties":{"cls":"단동","emd":"송동면","area":1373},"geometry":{"type":"MultiPolygon","coordinates":[[[[127.31677,35.31716],[127.31677,35.31722],[127.31777,35.31738],[127.31778,35.31731],[127.31677,35.31716]]],[[[127.31676,35.3173],[127.31773,35.31746],[127.31776,35.3174],[127.31675,35.31724],[127.31676,35.3173]]]]}},{"type":"Feature","properties":{"cls":"단동","emd":"송동면","area":2072},"geometry":{"type":"MultiPolygon","coordinates":[[[[127.31736,35.31987],[127.31834,35.32003],[127.31835,35.31997],[127.31735,35.31981],[127.31736,35.31987]]],[[[127.31733,35.3199],[127.31733,35.31997],[127.31832,35.32012],[127.31833,35.32006],[127.31733,35.3199]]],[[[127.31728,35.32002],[127.3173,35.32006],[127.31826,35.32021],[127.31829,35.32015],[127.31728,35.32002]]]]}},{"type":"Feature","properties":{"cls":"단동","emd":"송동면","area":689},"geometry":{"type":"Polygon","coordinates":[[[127.31836,35.31989],[127.31738,35.31973],[127.31736,35.31974],[127.31736,35.3198],[127.31835,35.31996],[127.31836,35.31989]]]}},{"type":"Feature","properties":{"cls":"단동","emd":"송동면","area":1518},"geometry":{"type":"MultiPolygon","coordinates":[[[[127.31846,35.31964],[127.31742,35.31946],[127.3174,35.31953],[127.31844,35.3197],[127.31846,35.31964]]],[[[127.31738,35.31962],[127.31843,35.31978],[127.31843,35.31971],[127.31739,35.31955],[127.31738,35.31962]]]]}},{"type":"Feature","properties":{"cls":"단동","emd":"송동면","area":1437},"geometry":{"type":"MultiPolygon","coordinates":[[[[127.31848,35.31951],[127.31848,35.31946],[127.31745,35.31931],[127.31745,35.31936],[127.31848,35.31951]]],[[[127.31845,35.31953],[127.31744,35.31937],[127.31743,35.31938],[127.31743,35.31944],[127.31845,35.3196],[127.31845,35.31953]]]]}},{"type":"Feature","properties":{"cls":"단동","emd":"송동면","area":1413},"geometry":{"type":"MultiPolygon","coordinates":[[[[127.31871,35.31847],[127.31771,35.31831],[127.31767,35.31836],[127.31867,35.31853],[127.31874,35.31852],[127.31871,35.31847]],[[127.31872,35.31851],[127.31872,35.31852],[127.31871,35.31851],[127.31872,35.31851]],[[127.31872,35.31849],[127.31872,35.3185],[127.31871,35.31849],[127.31872,35.31849]]],[[[127.31872,35.31843],[127.31872,35.31839],[127.3177,35.31824],[127.31769,35.31829],[127.31872,35.31843]]]]}},{"type":"Feature","properties":{"cls":"단동","emd":"송동면","area":669},"geometry":{"type":"Polygon","coordinates":[[[127.31875,35.31827],[127.31876,35.31821],[127.31775,35.31805],[127.31773,35.31811],[127.31875,35.31827]]]}},{"type":"Feature","properties":{"cls":"단동","emd":"송동면","area":1901},"geometry":{"type":"MultiPolygon","coordinates":[[[[127.31786,35.31772],[127.31782,35.31778],[127.31884,35.31795],[127.31885,35.3179],[127.31786,35.31772]]],[[[127.31879,35.31811],[127.31881,35.31805],[127.31779,35.31789],[127.31778,35.31795],[127.31879,35.31811]]],[[[127.31777,35.31797],[127.31776,35.31803],[127.31878,35.31818],[127.31878,35.31813],[127.31777,35.31797]]]]}},{"type":"Feature","properties":{"cls":"다동","emd":"송동면","area":632},"geometry":{"type":"Polygon","coordinates":[[[127.31781,35.3178],[127.3178,35.31786],[127.31882,35.31803],[127.31883,35.31797],[127.31781,35.3178]],[[127.31785,35.31785],[127.31784,35.31785],[127.31785,35.31784],[127.31785,35.31785]]]}},{"type":"Feature","properties":{"cls":"단동","emd":"금지면","area":1769},"geometry":{"type":"MultiPolygon","coordinates":[[[[127.28108,35.3408],[127.28105,35.34139],[127.2811,35.3414],[127.28114,35.34136],[127.28117,35.34081],[127.28108,35.3408]]],[[[127.2808,35.34145],[127.28108,35.34146],[127.28109,35.3414],[127.2808,35.34139],[127.2808,35.34145]]],[[[127.28102,35.34139],[127.28106,35.34078],[127.28097,35.34077],[127.28094,35.34139],[127.28102,35.34139]]],[[[127.28083,35.34139],[127.28092,35.34139],[127.28095,35.34076],[127.28087,35.34075],[127.28083,35.34139]]]]}},{"type":"Feature","properties":{"cls":"다동","emd":"금지면","area":1821},"geometry":{"type":"Polygon","coordinates":[[[127.28422,35.34086],[127.28399,35.34019],[127.28375,35.34024],[127.28395,35.34085],[127.28398,35.34089],[127.28422,35.34086]]]}},{"type":"Feature","properties":{"cls":"단동","emd":"금지면","area":1991},"geometry":{"type":"MultiPolygon","coordinates":[[[[127.28959,35.34297],[127.28967,35.34297],[127.28966,35.34212],[127.2896,35.34211],[127.28959,35.34297]]],[[[127.28958,35.34296],[127.28957,35.34211],[127.2895,35.3421],[127.2895,35.34297],[127.28958,35.34296]]],[[[127.28941,35.34211],[127.28942,35.34297],[127.28949,35.34297],[127.28948,35.34212],[127.28941,35.34211]]]]}},{"type":"Feature","properties":{"cls":"단동","emd":"금지면","area":2698},"geometry":{"type":"MultiPolygon","coordinates":[[[[127.29432,35.34194],[127.29431,35.34283],[127.29439,35.34283],[127.29439,35.34194],[127.29432,35.34194]]],[[[127.29423,35.34283],[127.29431,35.34283],[127.2943,35.34193],[127.29423,35.34194],[127.29423,35.34283]]],[[[127.29414,35.34283],[127.29422,35.34283],[127.29421,35.34193],[127.29414,35.34193],[127.29414,35.34283]]],[[[127.29406,35.34194],[127.29406,35.34283],[127.29407,35.34284],[127.29413,35.34283],[127.29413,35.34197],[127.29406,35.34194]]]]}},{"type":"Feature","properties":{"cls":"단동","emd":"금지면","area":5098},"geometry":{"type":"MultiPolygon","coordinates":[[[[127.29505,35.3409],[127.29506,35.34179],[127.29514,35.34179],[127.29513,35.3409],[127.29505,35.3409]]],[[[127.29496,35.3409],[127.29497,35.34179],[127.29505,35.34179],[127.29503,35.3409],[127.29496,35.3409]]],[[[127.29496,35.34179],[127.29495,35.34092],[127.29487,35.3409],[127.29488,35.34179],[127.29496,35.34179]]],[[[127.29479,35.34179],[127.29486,35.34179],[127.29486,35.3409],[127.29478,35.3409],[127.29479,35.34179]]],[[[127.29467,35.3409],[127.29468,35.34179],[127.29476,35.34179],[127.29476,35.3409],[127.29467,35.3409]]],[[[127.29459,35.34179],[127.29467,35.34179],[127.29466,35.3409],[127.29457,35.3409],[127.29459,35.34179]]],[[[127.29455,35.3409],[127.29447,35.3409],[127.29449,35.34179],[127.29457,35.34179],[127.29455,35.3409]]]]}},{"type":"Feature","properties":{"cls":"단동","emd":"금지면","area":1644},"geometry":{"type":"Polygon","coordinates":[[[127.28984,35.3402],[127.28985,35.34104],[127.29004,35.34104],[127.29003,35.34019],[127.28984,35.3402]],[[127.28993,35.34036],[127.28993,35.34024],[127.28994,35.34021],[127.28994,35.34035],[127.28993,35.34036]]]}},{"type":"Feature","properties":{"cls":"단동","emd":"금지면","area":63},"geometry":{"type":"Polygon","coordinates":[[[127.29384,35.3397],[127.29384,35.33978],[127.29391,35.33978],[127.29392,35.3397],[127.29384,35.3397]]]}},{"type":"Feature","properties":{"cls":"단동","emd":"금지면","area":1372},"geometry":{"type":"MultiPolygon","coordinates":[[[[127.29578,35.33883],[127.29572,35.33883],[127.29572,35.33973],[127.29579,35.33973],[127.29578,35.33883]]],[[[127.2957,35.33882],[127.29563,35.33883],[127.29564,35.33974],[127.29571,35.33973],[127.2957,35.33882]]]]}},{"type":"Feature","properties":{"cls":"단동","emd":"금지면","area":2448},"geometry":{"type":"MultiPolygon","coordinates":[[[[127.28883,35.33913],[127.28891,35.33913],[127.2889,35.33827],[127.28882,35.33828],[127.28883,35.33913]]],[[[127.28882,35.33913],[127.28882,35.33912],[127.28881,35.33826],[127.28874,35.33827],[127.28874,35.33913],[127.28882,35.33913]]],[[[127.28865,35.33826],[127.28866,35.33913],[127.28873,35.33913],[127.28873,35.33828],[127.28865,35.33826]]],[[[127.28858,35.33826],[127.2886,35.33914],[127.28862,35.33914],[127.28863,35.33826],[127.28858,35.33826]]]]}},{"type":"Feature","properties":{"cls":"단동","emd":"금지면","area":1365},"geometry":{"type":"MultiPolygon","coordinates":[[[[127.28995,35.33913],[127.29003,35.33913],[127.29002,35.33827],[127.28995,35.33826],[127.28995,35.33913]]],[[[127.28992,35.33826],[127.28985,35.33826],[127.28986,35.33913],[127.28993,35.33913],[127.28992,35.33826]]]]}},{"type":"Feature","properties":{"cls":"단동","emd":"금지면","area":2275},"geometry":{"type":"MultiPolygon","coordinates":[[[[127.28977,35.33727],[127.28976,35.33792],[127.28978,35.33801],[127.28978,35.33727],[127.28977,35.33727]]],[[[127.28965,35.33727],[127.28965,35.33811],[127.28968,35.33812],[127.28973,35.33811],[127.28973,35.33727],[127.28965,35.33727]]],[[[127.28964,35.33812],[127.28963,35.33727],[127.28955,35.33727],[127.28955,35.33812],[127.28964,35.33812]]],[[[127.28946,35.33727],[127.28946,35.33811],[127.28954,35.33812],[127.28954,35.33727],[127.28946,35.33727]]]]}},{"type":"Feature","properties":{"cls":"단동","emd":"금지면","area":1938},"geometry":{"type":"MultiPolygon","coordinates":[[[[127.2887,35.33011],[127.28872,35.33009],[127.28871,35.32931],[127.28863,35.32932],[127.28864,35.3301],[127.2887,35.33011]]],[[[127.28861,35.32932],[127.28854,35.32932],[127.28855,35.33016],[127.28862,35.33016],[127.28861,35.32932]]],[[[127.28853,35.33016],[127.28852,35.32932],[127.28844,35.32932],[127.28845,35.33016],[127.28853,35.33016]]]]}},{"type":"Feature","properties":{"cls":"단동","emd":"금지면","area":521},"geometry":{"type":"MultiPolygon","coordinates":[[[[127.28873,35.33185],[127.28872,35.33123],[127.28865,35.33123],[127.28865,35.33176],[127.28873,35.33185]]],[[[127.28865,35.33192],[127.28863,35.33123],[127.28863,35.33192],[127.28865,35.33192]]]]}},{"type":"Feature","properties":{"cls":"단동","emd":"금지면","area":1056},"geometry":{"type":"MultiPolygon","coordinates":[[[[127.2884,35.33168],[127.28839,35.33123],[127.28831,35.33124],[127.28832,35.33169],[127.2884,35.33168]]],[[[127.28823,35.33169],[127.28831,35.33169],[127.2883,35.33124],[127.28822,35.33124],[127.28823,35.33169]]],[[[127.28814,35.33169],[127.28822,35.33169],[127.28821,35.33124],[127.28813,35.33124],[127.28814,35.33169]]]]}},{"type":"Feature","properties":{"cls":"단동","emd":"금지면","area":360},"geometry":{"type":"MultiPolygon","coordinates":[[[[127.28656,35.3224],[127.28654,35.32219],[127.28651,35.32253],[127.28656,35.32253],[127.28656,35.3224]]],[[[127.28645,35.32227],[127.28651,35.32226],[127.28652,35.32218],[127.28645,35.32219],[127.28645,35.32227]]],[[[127.28635,35.32243],[127.28645,35.32241],[127.2864,35.32221],[127.28631,35.32223],[127.28635,35.32243]]]]}},{"type":"Feature","properties":{"cls":"단동","emd":"금지면","area":1365},"geometry":{"type":"MultiPolygon","coordinates":[[[[127.28673,35.3309],[127.28667,35.33092],[127.28675,35.33181],[127.28683,35.33183],[127.28673,35.3309]]],[[[127.28659,35.33092],[127.28667,35.33181],[127.28674,35.33181],[127.28665,35.33091],[127.28659,35.33092]]]]}},{"type":"Feature","properties":{"cls":"단동","emd":"금지면","area":764},"geometry":{"type":"Polygon","coordinates":[[[127.28713,35.33087],[127.28712,35.33089],[127.28722,35.33183],[127.2873,35.3318],[127.28719,35.33087],[127.28713,35.33087]]]}},{"type":"Feature","properties":{"cls":"단동","emd":"금지면","area":797},"geometry":{"type":"Polygon","coordinates":[[[127.28755,35.33076],[127.28764,35.33073],[127.28753,35.32986],[127.28745,35.32989],[127.28755,35.33076]]]}},{"type":"Feature","properties":{"cls":"단동","emd":"금지면","area":1100},"geometry":{"type":"MultiPolygon","coordinates":[[[[127.28714,35.32666],[127.28726,35.326],[127.28726,35.32597],[127.28718,35.32597],[127.28708,35.32651],[127.28707,35.32665],[127.28714,35.32666]]],[[[127.28698,35.32664],[127.28709,35.32598],[127.28709,35.32596],[127.28702,35.32595],[127.28691,35.32663],[127.28698,35.32664]]]]}},{"type":"Feature","properties":{"cls":"단동","emd":"금지면","area":488},"geometry":{"type":"Polygon","coordinates":[[[127.28737,35.32152],[127.28728,35.32154],[127.28721,35.32204],[127.2873,35.32204],[127.28737,35.32152]]]}},{"type":"Feature","properties":{"cls":"단동","emd":"금지면","area":1946},"geometry":{"type":"MultiPolygon","coordinates":[[[[127.29468,35.33768],[127.29475,35.33767],[127.29474,35.33681],[127.29466,35.33681],[127.29468,35.33768]]],[[[127.29458,35.3368],[127.29459,35.33768],[127.29466,35.33767],[127.29465,35.3368],[127.29458,35.3368]]],[[[127.29457,35.33765],[127.29456,35.3368],[127.29449,35.3368],[127.29449,35.33766],[127.29457,35.33765]]]]}},{"type":"Feature","properties":{"cls":"단동","emd":"금지면","area":1347},"geometry":{"type":"MultiPolygon","coordinates":[[[[127.29523,35.33768],[127.2953,35.33768],[127.2953,35.3368],[127.29523,35.3368],[127.29523,35.33768]]],[[[127.29514,35.33769],[127.29522,35.33768],[127.29521,35.3368],[127.29514,35.33681],[127.29514,35.33769]]]]}},{"type":"Feature","properties":{"cls":"단동","emd":"금지면","area":1954},"geometry":{"type":"MultiPolygon","coordinates":[[[[127.29596,35.33671],[127.29596,35.33661],[127.29595,35.33581],[127.29588,35.33581],[127.29589,35.33671],[127.29596,35.33671]]],[[[127.29579,35.33581],[127.2958,35.33671],[127.29587,35.33671],[127.29587,35.33581],[127.29579,35.33581]]],[[[127.29578,35.33671],[127.29578,35.33581],[127.29577,35.33581],[127.2957,35.33581],[127.29571,35.3367],[127.29578,35.33671]]]]}},{"type":"Feature","properties":{"cls":"단동","emd":"금지면","area":1716},"geometry":{"type":"MultiPolygon","coordinates":[[[[127.2911,35.33212],[127.2911,35.33125],[127.29104,35.33125],[127.29106,35.33212],[127.2911,35.33212]]],[[[127.29096,35.33125],[127.29097,35.33211],[127.29104,35.33211],[127.29104,35.33127],[127.29096,35.33125]]],[[[127.29096,35.33211],[127.29095,35.33125],[127.29088,35.33125],[127.29089,35.3321],[127.29096,35.33211]]]]}},{"type":"Feature","properties":{"cls":"단동","emd":"금지면","area":2474},"geometry":{"type":"MultiPolygon","coordinates":[[[[127.29222,35.33125],[127.29215,35.33125],[127.29215,35.3321],[127.29222,35.3321],[127.29222,35.33125]]],[[[127.29206,35.33125],[127.29207,35.3321],[127.29214,35.3321],[127.29213,35.33125],[127.29206,35.33125]]],[[[127.29205,35.3321],[127.29204,35.33125],[127.29197,35.33125],[127.29198,35.3321],[127.29205,35.3321]]],[[[127.29195,35.33125],[127.29188,35.33125],[127.29189,35.3321],[127.29196,35.33209],[127.29195,35.33125]]]]}},{"type":"Feature","properties":{"cls":"단동","emd":"금지면","area":1348},"geometry":{"type":"Polygon","coordinates":[[[127.29225,35.33125],[127.29225,35.3321],[127.29241,35.3321],[127.2924,35.33125],[127.29225,35.33125]]]}},{"type":"Feature","properties":{"cls":"단동","emd":"금지면","area":2032},"geometry":{"type":"MultiPolygon","coordinates":[[[[127.2931,35.33031],[127.2931,35.33119],[127.29317,35.33119],[127.29318,35.33031],[127.2931,35.33031]]],[[[127.29301,35.33118],[127.29309,35.33119],[127.29309,35.33031],[127.29301,35.33031],[127.29301,35.33118]]],[[[127.29299,35.33119],[127.293,35.33031],[127.29294,35.33031],[127.29292,35.33118],[127.29299,35.33119]]]]}},{"type":"Feature","properties":{"cls":"단동","emd":"금지면","area":657},"geometry":{"type":"Polygon","coordinates":[[[127.29361,35.33119],[127.29362,35.3303],[127.29355,35.3303],[127.29354,35.33118],[127.29361,35.33119]]]}},{"type":"Feature","properties":{"cls":"단동","emd":"금지면","area":3567},"geometry":{"type":"MultiPolygon","coordinates":[[[[127.29546,35.33363],[127.29546,35.33276],[127.29545,35.33275],[127.29539,35.33276],[127.29539,35.33363],[127.29546,35.33363]]],[[[127.29537,35.33363],[127.29538,35.33276],[127.29532,35.33276],[127.29532,35.33362],[127.29537,35.33363]]],[[[127.29525,35.33363],[127.29531,35.33362],[127.29529,35.33275],[127.29524,35.33276],[127.29525,35.33363]]],[[[127.29522,35.33276],[127.29516,35.33276],[127.29516,35.33363],[127.29522,35.33363],[127.29522,35.33276]]],[[[127.29515,35.33363],[127.29515,35.33277],[127.29509,35.33276],[127.29509,35.33362],[127.29515,35.33363]]],[[[127.29501,35.33276],[127.29501,35.33362],[127.29507,35.33362],[127.29507,35.33276],[127.29501,35.33276]]]]}},{"type":"Feature","properties":{"cls":"단동","emd":"금지면","area":5316},"geometry":{"type":"MultiPolygon","coordinates":[[[[127.29614,35.33276],[127.29615,35.33363],[127.29622,35.33363],[127.29621,35.33275],[127.29614,35.33276]]],[[[127.29605,35.33275],[127.29605,35.33363],[127.29605,35.33363],[127.29612,35.33363],[127.29612,35.33275],[127.29605,35.33275]]],[[[127.29596,35.33275],[127.29596,35.33363],[127.29603,35.33364],[127.29603,35.33276],[127.29596,35.33275]]],[[[127.29586,35.33275],[127.29586,35.33363],[127.29594,35.33364],[127.29594,35.33275],[127.29586,35.33275]]],[[[127.29583,35.33276],[127.29576,35.33276],[127.29576,35.33363],[127.29583,35.33363],[127.29583,35.33276]]],[[[127.29566,35.33276],[127.29567,35.33364],[127.29575,35.33363],[127.29574,35.33276],[127.29566,35.33276]]],[[[127.29565,35.33276],[127.29558,35.33276],[127.29559,35.33363],[127.29566,35.33363],[127.29565,35.33276]]],[[[127.29556,35.33363],[127.29557,35.3336],[127.29555,35.33275],[127.29549,35.33276],[127.29549,35.33363],[127.29556,35.33363]]]]}},{"type":"Feature","properties":{"cls":"단동","emd":"금지면","area":1798},"geometry":{"type":"MultiPolygon","coordinates":[[[[127.29562,35.3327],[127.29562,35.33192],[127.29556,35.33189],[127.29555,35.33269],[127.29562,35.3327]]],[[[127.29546,35.33189],[127.29546,35.33269],[127.29553,35.33269],[127.29553,35.3319],[127.29546,35.33189]]],[[[127.29544,35.33269],[127.29544,35.33189],[127.29537,35.33189],[127.29538,35.3327],[127.29544,35.33269]]]]}},{"type":"Feature","properties":{"cls":"단동","emd":"금지면","area":3431},"geometry":{"type":"MultiPolygon","coordinates":[[[[127.29613,35.33187],[127.29613,35.33268],[127.29619,35.33268],[127.29619,35.33186],[127.29613,35.33187]]],[[[127.2961,35.33268],[127.2961,35.33187],[127.29603,35.33186],[127.29603,35.33268],[127.2961,35.33268]]],[[[127.296,35.33186],[127.29593,35.33187],[127.29592,35.33268],[127.296,35.33268],[127.296,35.33186]]],[[[127.29583,35.33187],[127.29583,35.33268],[127.29591,35.33268],[127.29591,35.33187],[127.29583,35.33187]]],[[[127.29574,35.33266],[127.29581,35.33266],[127.29581,35.33186],[127.29574,35.33187],[127.29574,35.33266]]],[[[127.29566,35.33187],[127.29566,35.33193],[127.29566,35.33268],[127.29571,35.33268],[127.29572,35.33187],[127.29566,35.33187]]]]}},{"type":"Feature","properties":{"cls":"단동","emd":"금지면","area":1697},"geometry":{"type":"MultiPolygon","coordinates":[[[[127.29493,35.33169],[127.295,35.33169],[127.29499,35.33085],[127.29493,35.33085],[127.29493,35.33169]]],[[[127.29492,35.33169],[127.29492,35.33085],[127.29485,35.33084],[127.29485,35.33173],[127.29491,35.33174],[127.29492,35.33169]]],[[[127.29477,35.33135],[127.29477,35.33174],[127.29484,35.33173],[127.29484,35.33132],[127.29477,35.33135]]],[[[127.29479,35.33085],[127.2948,35.33131],[127.29484,35.33131],[127.29484,35.33084],[127.29479,35.33085]]]]}},{"type":"Feature","properties":{"cls":"단동","emd":"금지면","area":634},"geometry":{"type":"Polygon","coordinates":[[[127.29007,35.32436],[127.29008,35.32524],[127.29015,35.32524],[127.29014,35.32436],[127.29007,35.32436]]]}},{"type":"Feature","properties":{"cls":"단동","emd":"금지면","area":1288},"geometry":{"type":"MultiPolygon","coordinates":[[[[127.2897,35.32145],[127.28962,35.32146],[127.28964,35.32231],[127.28972,35.32231],[127.2897,35.32145]]],[[[127.28955,35.32231],[127.28962,35.32231],[127.28961,35.32145],[127.28953,35.32146],[127.28955,35.32231]]]]}},{"type":"Feature","properties":{"cls":"단동","emd":"금지면","area":2678},"geometry":{"type":"MultiPolygon","coordinates":[[[[127.29016,35.32145],[127.29009,35.32145],[127.29009,35.3223],[127.29026,35.3223],[127.29025,35.32145],[127.29017,35.32146],[127.29017,35.32227],[127.29016,35.32145]],[[127.29017,35.32228],[127.29018,35.32228],[127.29017,35.32228],[127.29017,35.32228]]],[[[127.28999,35.32146],[127.29001,35.3223],[127.29008,35.3223],[127.29007,35.32146],[127.28999,35.32146]]],[[[127.2899,35.32147],[127.28992,35.32231],[127.28999,35.32231],[127.28998,35.32145],[127.2899,35.32147]]]]}},{"type":"Feature","properties":{"cls":"단동","emd":"금지면","area":2467},"geometry":{"type":"MultiPolygon","coordinates":[[[[127.29055,35.32145],[127.29057,35.3223],[127.29064,35.3223],[127.29063,35.32145],[127.29055,35.32145]]],[[[127.29054,35.32144],[127.29046,35.32144],[127.29048,35.3223],[127.29055,35.3223],[127.29054,35.32144]]],[[[127.29039,35.3223],[127.29046,35.3223],[127.29044,35.32145],[127.29037,35.32145],[127.29039,35.3223]]],[[[127.2903,35.3223],[127.29037,35.32229],[127.29035,35.32145],[127.29028,35.32145],[127.2903,35.3223]]]]}},{"type":"Feature","properties":{"cls":"단동","emd":"금지면","area":2972},"geometry":{"type":"MultiPolygon","coordinates":[[[[127.28899,35.31759],[127.28896,35.31759],[127.28897,35.31848],[127.289,35.31849],[127.28899,35.31759]]],[[[127.28887,35.31849],[127.28896,35.31847],[127.28893,35.31759],[127.28884,35.31759],[127.28887,35.31849]]],[[[127.28883,35.31759],[127.28873,35.31759],[127.28876,35.31849],[127.28884,35.31848],[127.28883,35.31759]]],[[[127.28869,35.31759],[127.28862,35.3176],[127.28866,35.31847],[127.28874,35.31844],[127.28872,35.31759],[127.28869,35.31759]]]]}},{"type":"Feature","properties":{"cls":"다동","emd":"금지면","area":1009},"geometry":{"type":"Polygon","coordinates":[[[127.30099,35.34176],[127.30099,35.34152],[127.30098,35.34115],[127.30087,35.34118],[127.30079,35.34182],[127.30097,35.34183],[127.30099,35.34176]]]}},{"type":"Feature","properties":{"cls":"단동","emd":"금지면","area":2677},"geometry":{"type":"MultiPolygon","coordinates":[[[[127.29675,35.3409],[127.29676,35.34179],[127.29683,35.34179],[127.29682,35.3409],[127.29675,35.3409]]],[[[127.29673,35.3409],[127.29666,35.3409],[127.29667,35.34179],[127.29674,35.34178],[127.29673,35.3409]]],[[[127.29657,35.34091],[127.29657,35.34171],[127.29658,35.34179],[127.29665,35.34179],[127.29664,35.3409],[127.29657,35.34091]]],[[[127.29649,35.34179],[127.29656,35.34179],[127.29655,35.3409],[127.29647,35.34091],[127.29649,35.34179]]]]}},{"type":"Feature","properties":{"cls":"단동","emd":"금지면","area":2200},"geometry":{"type":"MultiPolygon","coordinates":[[[[127.29973,35.34174],[127.29981,35.34174],[127.29981,35.34089],[127.29972,35.34089],[127.29973,35.34174]]],[[[127.29971,35.34089],[127.29963,35.34089],[127.29963,35.34174],[127.29972,35.34172],[127.29971,35.34089]]],[[[127.29962,35.34089],[127.29953,35.34089],[127.29953,35.34179],[127.29962,35.34179],[127.29962,35.34089]]]]}},{"type":"Feature","properties":{"cls":"단동","emd":"금지면","area":3738},"geometry":{"type":"Polygon","coordinates":[[[127.29795,35.34084],[127.29834,35.34084],[127.29833,35.3399],[127.29795,35.33991],[127.29795,35.34084]],[[127.29797,35.34085],[127.29797,35.34086],[127.29796,35.34085],[127.29797,35.34085]]]}},{"type":"Feature","properties":{"cls":"단동","emd":"금지면","area":3152},"geometry":{"type":"MultiPolygon","coordinates":[[[[127.29954,35.33882],[127.29947,35.33882],[127.29948,35.33966],[127.29955,35.33967],[127.29954,35.33882]]],[[[127.29945,35.33882],[127.29938,35.33882],[127.2994,35.33967],[127.29946,35.33966],[127.29945,35.33882]]],[[[127.29929,35.33882],[127.29931,35.3397],[127.29937,35.3397],[127.29937,35.33882],[127.29929,35.33882]]],[[[127.29928,35.33969],[127.29928,35.33882],[127.2992,35.33882],[127.29921,35.3397],[127.29928,35.33969]]],[[[127.29913,35.33882],[127.29912,35.33968],[127.2992,35.33968],[127.29919,35.33882],[127.29913,35.33882]]]]}},{"type":"Feature","properties":{"cls":"단동","emd":"금지면","area":1116},"geometry":{"type":"MultiPolygon","coordinates":[[[[127.2998,35.33882],[127.29971,35.33882],[127.29971,35.33969],[127.29981,35.33969],[127.2998,35.33882]]],[[[127.29961,35.33939],[127.29961,35.33968],[127.29969,35.33969],[127.29969,35.33938],[127.29961,35.33939]]]]}},{"type":"Feature","properties":{"cls":"단동","emd":"금지면","area":1443},"geometry":{"type":"Polygon","coordinates":[[[127.3003,35.33882],[127.30014,35.33882],[127.30015,35.33969],[127.30031,35.33969],[127.3003,35.33882]]]}},{"type":"Feature","properties":{"cls":"단동","emd":"금지면","area":2840},"geometry":{"type":"MultiPolygon","coordinates":[[[[127.29757,35.33882],[127.2975,35.33882],[127.29751,35.33971],[127.29757,35.33971],[127.29757,35.33882]]],[[[127.29741,35.33882],[127.29741,35.33971],[127.29748,35.33971],[127.29749,35.33882],[127.29741,35.33882]]],[[[127.29732,35.33971],[127.2974,35.33971],[127.2974,35.33882],[127.29732,35.33883],[127.29732,35.33971]]],[[[127.2973,35.33971],[127.2973,35.33883],[127.29722,35.33883],[127.29722,35.33971],[127.2973,35.33971]]]]}},{"type":"Feature","properties":{"cls":"단동","emd":"금지면","area":2731},"geometry":{"type":"MultiPolygon","coordinates":[[[[127.29976,35.33782],[127.29972,35.33782],[127.29974,35.33875],[127.29981,35.33875],[127.29976,35.33782]]],[[[127.29964,35.33783],[127.29966,35.33875],[127.29973,35.33875],[127.29971,35.33783],[127.29964,35.33783]]],[[[127.29958,35.33875],[127.29965,35.33875],[127.29963,35.33782],[127.29955,35.33783],[127.29958,35.33875]]],[[[127.2995,35.33875],[127.29956,35.33875],[127.29954,35.33782],[127.29947,35.33783],[127.2995,35.33875]]]]}},{"type":"Feature","properties":{"cls":"단동","emd":"금지면","area":4135},"geometry":{"type":"MultiPolygon","coordinates":[[[[127.29795,35.33679],[127.29788,35.33679],[127.29789,35.33767],[127.29812,35.33767],[127.29813,35.3368],[127.29805,35.33679],[127.29805,35.33765],[127.29804,35.33679],[127.29797,35.3368],[127.29797,35.33767],[127.29795,35.33679]]],[[[127.2978,35.33679],[127.2978,35.33765],[127.29787,35.33767],[127.29787,35.33681],[127.2978,35.33679]]],[[[127.29779,35.33679],[127.29771,35.33679],[127.29771,35.33766],[127.29776,35.33767],[127.2978,35.33766],[127.29779,35.33679]]],[[[127.2977,35.33679],[127.29762,35.3368],[127.29763,35.33767],[127.29771,35.33766],[127.2977,35.33679]]]]}},{"type":"Feature","properties":{"cls":"단동","emd":"금지면","area":2917},"geometry":{"type":"MultiPolygon","coordinates":[[[[127.29987,35.33765],[127.29986,35.33678],[127.29986,35.33678],[127.29979,35.33678],[127.2998,35.33766],[127.29987,35.33765]]],[[[127.29978,35.33766],[127.29977,35.33678],[127.29971,35.33678],[127.29971,35.33766],[127.29978,35.33766]]],[[[127.29973,35.33767],[127.29958,35.33767],[127.29958,35.33771],[127.29973,35.33771],[127.29973,35.33767]]],[[[127.2996,35.33678],[127.2996,35.33766],[127.29969,35.33766],[127.29968,35.33679],[127.2996,35.33678]]],[[[127.29959,35.33765],[127.29958,35.33678],[127.29951,35.33678],[127.29951,35.33765],[127.29959,35.33765]]],[[[127.29949,35.33763],[127.2995,35.33681],[127.29948,35.33678],[127.29949,35.33763]]]]}},{"type":"Feature","properties":{"cls":"단동","emd":"금지면","area":2133},"geometry":{"type":"MultiPolygon","coordinates":[[[[127.30017,35.33768],[127.30024,35.33767],[127.30023,35.33739],[127.30017,35.33739],[127.30017,35.33768]]],[[[127.30008,35.33702],[127.30008,35.33768],[127.30015,35.33768],[127.30015,35.33702],[127.30008,35.33702]]],[[[127.29998,35.33678],[127.29999,35.33768],[127.29999,35.33768],[127.30006,35.33768],[127.30006,35.3368],[127.29998,35.33678]]],[[[127.29997,35.33766],[127.29996,35.33678],[127.29989,35.33678],[127.2999,35.33769],[127.29997,35.33766]]]]}},{"type":"Feature","properties":{"cls":"단동","emd":"금지면","area":3264},"geometry":{"type":"Polygon","coordinates":[[[127.29721,35.33772],[127.29756,35.3377],[127.29756,35.33679],[127.29721,35.33679],[127.29721,35.33772]]]}},{"type":"Feature","properties":{"cls":"단동","emd":"금지면","area":3143},"geometry":{"type":"MultiPolygon","coordinates":[[[[127.29683,35.33474],[127.29675,35.33474],[127.29675,35.33564],[127.29683,35.33565],[127.29683,35.33474]]],[[[127.29665,35.33474],[127.29665,35.33564],[127.29674,35.33564],[127.29673,35.33474],[127.29665,35.33474]]],[[[127.29655,35.33564],[127.29664,35.33564],[127.29663,35.33474],[127.29655,35.33474],[127.29655,35.33564]]],[[[127.29654,35.33474],[127.29645,35.33474],[127.29645,35.33565],[127.29654,35.33564],[127.29654,35.33474]]]]}},{"type":"Feature","properties":{"cls":"단동","emd":"금지면","area":1593},"geometry":{"type":"MultiPolygon","coordinates":[[[[127.29735,35.33563],[127.29734,35.33474],[127.29725,35.33474],[127.29726,35.33563],[127.29735,35.33563]]],[[[127.29716,35.33563],[127.29724,35.33563],[127.29724,35.33474],[127.29715,35.33474],[127.29716,35.33563]]]]}},{"type":"Feature","properties":{"cls":"단동","emd":"금지면","area":1154},"geometry":{"type":"MultiPolygon","coordinates":[[[[127.30268,35.33599],[127.30223,35.33561],[127.30218,35.33565],[127.30265,35.33602],[127.30268,35.33599]]],[[[127.30217,35.33566],[127.30213,35.3357],[127.30261,35.33608],[127.30265,35.33604],[127.30217,35.33566]]],[[[127.30259,35.33613],[127.30261,35.3361],[127.30217,35.33574],[127.30211,35.3357],[127.30207,35.33574],[127.30259,35.33613]]]]}},{"type":"Feature","properties":{"cls":"단동","emd":"금지면","area":505},"geometry":{"type":"Polygon","coordinates":[[[127.3033,35.33455],[127.30325,35.33457],[127.30339,35.33522],[127.30345,35.33522],[127.3033,35.33455]]]}},{"type":"Feature","properties":{"cls":"단동","emd":"금지면","area":831},"geometry":{"type":"MultiPolygon","coordinates":[[[[127.30248,35.3344],[127.30274,35.33435],[127.30273,35.33429],[127.30214,35.33439],[127.30217,35.33445],[127.30248,35.3344]]],[[[127.30269,35.33421],[127.30211,35.33431],[127.3021,35.33432],[127.30213,35.33438],[127.30271,35.33427],[127.30269,35.33421]]]]}},{"type":"Feature","properties":{"cls":"단동","emd":"금지면","area":1366},"geometry":{"type":"Polygon","coordinates":[[[127.30291,35.33398],[127.30287,35.33387],[127.30291,35.33384],[127.30212,35.3341],[127.30201,35.33415],[127.30201,35.33419],[127.30207,35.33429],[127.30291,35.33398]],[[127.30209,35.33414],[127.30208,35.33414],[127.30208,35.33413],[127.30209,35.33414]]]}},{"type":"Feature","properties":{"cls":"단동","emd":"금지면","area":785},"geometry":{"type":"MultiPolygon","coordinates":[[[[127.30321,35.33405],[127.30325,35.33403],[127.3031,35.33367],[127.30306,35.33369],[127.30321,35.33405]]],[[[127.30297,35.33368],[127.30313,35.33407],[127.30319,35.33405],[127.30304,35.33365],[127.30297,35.33368]]],[[[127.30289,35.33371],[127.30304,35.3341],[127.30311,35.33407],[127.30295,35.33368],[127.30289,35.33371]]]]}},{"type":"Feature","properties":{"cls":"단동","emd":"금지면","area":1770},"geometry":{"type":"MultiPolygon","coordinates":[[[[127.30306,35.3336],[127.30259,35.33291],[127.30253,35.33293],[127.30297,35.33359],[127.30306,35.3336]],[[127.30302,35.33361],[127.30302,35.33361],[127.30301,35.33361],[127.30302,35.33361]]],[[[127.30298,35.33363],[127.30252,35.33294],[127.30245,35.33295],[127.30291,35.33365],[127.30298,35.33363]]],[[[127.30238,35.33298],[127.30285,35.33369],[127.30291,35.33368],[127.30245,35.33297],[127.30238,35.33298]]]]}},{"type":"Feature","properties":{"cls":"단동","emd":"금지면","area":4131},"geometry":{"type":"Polygon","coordinates":[[[127.3022,35.33335],[127.30184,35.33348],[127.30186,35.33353],[127.30201,35.33348],[127.30171,35.3336],[127.30194,35.33396],[127.30276,35.33368],[127.30255,35.33344],[127.30247,35.33326],[127.3022,35.33335]],[[127.30247,35.3333],[127.30248,35.33331],[127.30247,35.33331],[127.30247,35.3333]],[[127.30236,35.33336],[127.30235,35.33336],[127.30236,35.33336],[127.30236,35.33336]],[[127.30222,35.33341],[127.30222,35.33341],[127.30222,35.33341],[127.30222,35.33341]],[[127.30218,35.33342],[127.30216,35.33343],[127.30218,35.33342],[127.30218,35.33342]],[[127.30217,35.33389],[127.30218,35.33389],[127.30217,35.33389],[127.30217,35.33389]],[[127.30217,35.33379],[127.30215,35.3338],[127.30215,35.33378],[127.30217,35.33379],[127.30217,35.33379]],[[127.30214,35.3338],[127.30209,35.33378],[127.30214,35.33378],[127.30214,35.3338]],[[127.30212,35.33381],[127.30212,35.33381],[127.30212,35.3338],[127.30212,35.33381]],[[127.30211,35.33345],[127.30211,35.33345],[127.30211,35.33344],[127.30211,35.33345]],[[127.3021,35.33381],[127.30208,35.33381],[127.30208,35.3338],[127.3021,35.33381]],[[127.30209,35.33381],[127.3021,35.33382],[127.30209,35.33382],[127.30209,35.33381]],[[127.30208,35.33383],[127.30205,35.33383],[127.30209,35.33382],[127.30208,35.33383]],[[127.30202,35.33384],[127.30202,35.33383],[127.30205,35.33383],[127.30205,35.33384],[127.30202,35.33384]],[[127.30203,35.33382],[127.30202,35.33383],[127.30202,35.33382],[127.30203,35.33382]],[[127.302,35.33383],[127.30201,35.33384],[127.302,35.33384],[127.302,35.33383]],[[127.30199,35.33385],[127.30197,35.33387],[127.30196,35.33385],[127.30199,35.33385]],[[127.30199,35.33384],[127.30198,35.33384],[127.30199,35.33384],[127.30199,35.33384]],[[127.30199,35.33384],[127.30197,35.33384],[127.30198,35.33384],[127.30199,35.33384]],[[127.30193,35.33384],[127.30196,35.33385],[127.30196,35.33387],[127.30193,35.33388],[127.30193,35.33384]],[[127.30191,35.33387],[127.30192,35.33387],[127.30192,35.33387],[127.30191,35.33387]],[[127.30191,35.33387],[127.30191,35.33387],[127.30192,35.33385],[127.30191,35.33387]],[[127.3019,35.33385],[127.3019,35.33384],[127.3019,35.33385],[127.3019,35.33385]]]}},{"type":"Feature","properties":{"cls":"단동","emd":"금지면","area":1140},"geometry":{"type":"MultiPolygon","coordinates":[[[[127.30494,35.33213],[127.30475,35.33255],[127.30481,35.33258],[127.30502,35.33214],[127.30494,35.33213]]],[[[127.30465,35.33255],[127.30472,35.33258],[127.30491,35.33211],[127.30485,35.33211],[127.30465,35.33255]]],[[[127.30457,35.33251],[127.30463,35.33255],[127.30483,35.3321],[127.30476,35.33209],[127.30457,35.33251]]],[[[127.30442,35.33244],[127.30448,35.33246],[127.30454,35.33237],[127.30448,35.33234],[127.30442,35.33244]]]]}},{"type":"Feature","properties":{"cls":"단동","emd":"금지면","area":3405},"geometry":{"type":"MultiPolygon","coordinates":[[[[127.30457,35.33318],[127.30459,35.3326],[127.30452,35.33259],[127.3045,35.3332],[127.30457,35.33318]]],[[[127.30451,35.33255],[127.30444,35.33254],[127.30442,35.33318],[127.30448,35.3332],[127.30451,35.33255]]],[[[127.30432,35.33317],[127.3044,35.33318],[127.30443,35.3325],[127.30435,35.33249],[127.30432,35.33317]]],[[[127.30427,35.33248],[127.30423,35.33314],[127.30431,35.33317],[127.30434,35.33249],[127.30427,35.33248]]],[[[127.30415,35.33313],[127.30423,35.33314],[127.30425,35.33249],[127.30418,35.33248],[127.30415,35.33313]]],[[[127.30413,35.33313],[127.30416,35.33248],[127.30409,35.33247],[127.30406,35.33311],[127.30413,35.33313]]],[[[127.30397,35.3331],[127.30403,35.33311],[127.30404,35.33306],[127.30407,35.33247],[127.30399,35.33246],[127.30397,35.3331]]]]}},{"type":"Feature","properties":{"cls":"단동","emd":"금지면","area":3502},"geometry":{"type":"MultiPolygon","coordinates":[[[[127.30098,35.33648],[127.30106,35.33646],[127.30089,35.3356],[127.30083,35.33561],[127.30098,35.33648]]],[[[127.30074,35.33562],[127.3009,35.33648],[127.30097,35.33648],[127.30081,35.33561],[127.30074,35.33562]]],[[[127.30065,35.33564],[127.30081,35.33649],[127.30089,35.33649],[127.30072,35.33564],[127.30065,35.33564]]],[[[127.3008,35.3365],[127.30063,35.33566],[127.30058,35.33564],[127.30073,35.3365],[127.3008,35.3365]]],[[[127.30048,35.33566],[127.30064,35.33651],[127.30071,35.33652],[127.30055,35.33567],[127.30048,35.33566]]]]}},{"type":"Feature","properties":{"cls":"단동","emd":"금지면","area":1545},"geometry":{"type":"MultiPolygon","coordinates":[[[[127.30129,35.33644],[127.30111,35.33557],[127.30111,35.33557],[127.30127,35.33644],[127.30129,35.33644]]],[[[127.30101,35.33559],[127.30117,35.33645],[127.30125,35.33644],[127.30109,35.33559],[127.30101,35.33559]]],[[[127.30092,35.33561],[127.30108,35.33644],[127.30115,35.33643],[127.301,35.33559],[127.30092,35.33561]]]]}},{"type":"Feature","properties":{"cls":"단동","emd":"금지면","area":2702},"geometry":{"type":"MultiPolygon","coordinates":[[[[127.30103,35.33017],[127.30105,35.33101],[127.30113,35.331],[127.30112,35.33017],[127.30103,35.33017]]],[[[127.30103,35.33098],[127.30101,35.33016],[127.30093,35.33017],[127.30094,35.33101],[127.30103,35.33098]]],[[[127.30082,35.33102],[127.30088,35.33102],[127.30087,35.33015],[127.3008,35.33016],[127.30082,35.33102]]],[[[127.30074,35.33102],[127.3008,35.33101],[127.30079,35.33016],[127.30072,35.33016],[127.30074,35.33102]]]]}},{"type":"Feature","properties":{"cls":"단동","emd":"금지면","area":1305},"geometry":{"type":"MultiPolygon","coordinates":[[[[127.30134,35.33012],[127.30128,35.33012],[127.30129,35.33099],[127.30136,35.33096],[127.30134,35.33012]]],[[[127.3012,35.331],[127.30127,35.33099],[127.30126,35.33012],[127.30119,35.33012],[127.3012,35.331]]]]}},{"type":"Feature","properties":{"cls":"단동","emd":"금지면","area":1767},"geometry":{"type":"MultiPolygon","coordinates":[[[[127.30241,35.33082],[127.30241,35.33005],[127.30241,35.33005],[127.30234,35.33006],[127.30235,35.33083],[127.30241,35.33082]]],[[[127.30233,35.33092],[127.30232,35.33005],[127.30232,35.33005],[127.30225,35.33006],[127.30226,35.33093],[127.30233,35.33092]]],[[[127.30217,35.33087],[127.30225,35.33086],[127.30223,35.33005],[127.30216,35.33006],[127.30217,35.33087]]]]}},{"type":"Feature","properties":{"cls":"단동","emd":"금지면","area":1202},"geometry":{"type":"Polygon","coordinates":[[[127.29955,35.32921],[127.29954,35.33008],[127.29967,35.33008],[127.29968,35.32921],[127.29955,35.32921]]]}},{"type":"Feature","properties":{"cls":"단동","emd":"금지면","area":1741},"geometry":{"type":"MultiPolygon","coordinates":[[[[127.30066,35.32915],[127.30061,35.32917],[127.3006,35.33001],[127.30065,35.33001],[127.30066,35.32915]]],[[[127.30059,35.32917],[127.30052,35.32917],[127.30051,35.33001],[127.30058,35.33],[127.30059,35.32917]]],[[[127.30051,35.32917],[127.30043,35.32917],[127.30043,35.33002],[127.3005,35.33001],[127.30051,35.32917]]]]}},{"type":"Feature","properties":{"cls":"단동","emd":"금지면","area":692},"geometry":{"type":"Polygon","coordinates":[[[127.30055,35.32823],[127.30048,35.32823],[127.30048,35.32912],[127.30055,35.32912],[127.30055,35.32823]]]}},{"type":"Feature","properties":{"cls":"단동","emd":"금지면","area":2541},"geometry":{"type":"MultiPolygon","coordinates":[[[[127.30113,35.32909],[127.30111,35.32819],[127.30111,35.32819],[127.30104,35.3282],[127.30106,35.3291],[127.30113,35.32909]]],[[[127.30096,35.3282],[127.30098,35.32909],[127.30105,35.3291],[127.30103,35.3282],[127.30096,35.3282]]],[[[127.30095,35.3282],[127.30088,35.3282],[127.3009,35.3291],[127.30097,35.32909],[127.30095,35.3282]]],[[[127.3008,35.32823],[127.30082,35.3291],[127.30089,35.3291],[127.30087,35.32821],[127.3008,35.32823]]]]}},{"type":"Feature","properties":{"cls":"단동","emd":"금지면","area":2317},"geometry":{"type":"MultiPolygon","coordinates":[[[[127.30168,35.32821],[127.30165,35.32821],[127.30166,35.32906],[127.30168,35.32906],[127.30168,35.32821]]],[[[127.30157,35.32905],[127.30165,35.32905],[127.30164,35.3282],[127.30158,35.32819],[127.30157,35.32905]]],[[[127.30148,35.32907],[127.30156,35.32907],[127.30155,35.32819],[127.30152,35.32817],[127.30148,35.32818],[127.30148,35.32907]]],[[[127.30145,35.32818],[127.30137,35.32818],[127.30137,35.32906],[127.30146,35.32907],[127.30145,35.32818]]]]}},{"type":"Feature","properties":{"cls":"단동","emd":"금지면","area":615},"geometry":{"type":"Polygon","coordinates":[[[127.30226,35.32804],[127.30232,35.32804],[127.30232,35.32717],[127.30224,35.32718],[127.30226,35.32804]]]}},{"type":"Feature","properties":{"cls":"단동","emd":"금지면","area":1450},"geometry":{"type":"MultiPolygon","coordinates":[[[[127.30251,35.32716],[127.30243,35.32717],[127.30244,35.32805],[127.30252,35.32804],[127.30251,35.32716]]],[[[127.30241,35.32717],[127.30233,35.32717],[127.30234,35.32795],[127.30234,35.32805],[127.30242,35.32805],[127.30241,35.32717]]]]}},{"type":"Feature","properties":{"cls":"단동","emd":"금지면","area":2730},"geometry":{"type":"Polygon","coordinates":[[[127.30265,35.32715],[127.30266,35.32802],[127.30272,35.32802],[127.30272,35.32754],[127.30273,35.32799],[127.30299,35.32796],[127.30297,35.32714],[127.30272,35.32716],[127.30272,35.32746],[127.30272,35.32716],[127.30265,35.32715]],[[127.30272,35.32746],[127.30272,35.32752],[127.30272,35.32752],[127.30272,35.32746]],[[127.30272,35.32753],[127.30272,35.32752],[127.30272,35.32752],[127.30272,35.32753]]]}},{"type":"Feature","properties":{"cls":"단동","emd":"금지면","area":1257},"geometry":{"type":"MultiPolygon","coordinates":[[[[127.30332,35.32713],[127.30324,35.32713],[127.30325,35.32793],[127.30332,35.32794],[127.30332,35.32713]]],[[[127.30324,35.32793],[127.30323,35.32713],[127.30316,35.32713],[127.30317,35.32794],[127.30324,35.32793]]]]}},{"type":"Feature","properties":{"cls":"단동","emd":"금지면","area":1200},"geometry":{"type":"MultiPolygon","coordinates":[[[[127.30355,35.32712],[127.30348,35.32713],[127.30349,35.32795],[127.30356,35.32795],[127.30355,35.32712]]],[[[127.3034,35.32795],[127.30347,35.32795],[127.30346,35.32712],[127.30339,35.32713],[127.3034,35.32795]]]]}},{"type":"Feature","properties":{"cls":"단동","emd":"금지면","area":1407},"geometry":{"type":"Polygon","coordinates":[[[127.30294,35.32525],[127.30295,35.32612],[127.30311,35.32612],[127.3031,35.32525],[127.30294,35.32525]]]}},{"type":"Feature","properties":{"cls":"단동","emd":"금지면","area":80},"geometry":{"type":"Polygon","coordinates":[[[127.30313,35.32605],[127.30313,35.32612],[127.30325,35.32612],[127.30325,35.32605],[127.30313,35.32605]]]}},{"type":"Feature","properties":{"cls":"단동","emd":"금지면","area":2642},"geometry":{"type":"MultiPolygon","coordinates":[[[[127.30405,35.32521],[127.30398,35.32522],[127.30401,35.32604],[127.30406,35.32604],[127.30405,35.32521]]],[[[127.30388,35.32522],[127.30389,35.32604],[127.30397,35.32604],[127.30396,35.32521],[127.30388,35.32522]]],[[[127.30387,35.32523],[127.30378,35.32523],[127.30379,35.32604],[127.30388,35.32604],[127.30387,35.32523]]],[[[127.30377,35.32523],[127.30368,35.32523],[127.30369,35.32605],[127.30378,35.32604],[127.30377,35.32523]]]]}},{"type":"Feature","properties":{"cls":"단동","emd":"금지면","area":2729},"geometry":{"type":"MultiPolygon","coordinates":[[[[127.30484,35.3252],[127.30482,35.32599],[127.30482,35.32607],[127.3049,35.32607],[127.30491,35.3253],[127.30491,35.3252],[127.30484,35.3252]]],[[[127.30483,35.32518],[127.30475,35.32518],[127.30474,35.32608],[127.30482,35.32607],[127.30483,35.32518]]],[[[127.30466,35.32607],[127.30473,35.32607],[127.30473,35.32518],[127.30466,35.32518],[127.30466,35.32607]]],[[[127.30457,35.32519],[127.30458,35.32608],[127.30459,35.32608],[127.30465,35.32607],[127.30465,35.32519],[127.30457,35.32519]]]]}},{"type":"Feature","properties":{"cls":"단동","emd":"금지면","area":642},"geometry":{"type":"Polygon","coordinates":[[[127.30285,35.32435],[127.30285,35.32512],[127.30294,35.32512],[127.30294,35.32435],[127.30285,35.32435]]]}},{"type":"Feature","properties":{"cls":"단동","emd":"금지면","area":122},"geometry":{"type":"Polygon","coordinates":[[[127.3054,35.32506],[127.3054,35.32497],[127.30541,35.32435],[127.30538,35.32506],[127.3054,35.32506]]]}},{"type":"Feature","properties":{"cls":"단동","emd":"금지면","area":1572},"geometry":{"type":"MultiPolygon","coordinates":[[[[127.30263,35.32426],[127.30272,35.32427],[127.30272,35.32338],[127.30263,35.32338],[127.30263,35.32426]]],[[[127.30262,35.32338],[127.30254,35.32339],[127.30254,35.32427],[127.30262,35.32427],[127.30262,35.32338]],[[127.30258,35.32424],[127.30259,35.32424],[127.30259,35.32425],[127.30258,35.32424]]]]}},{"type":"Feature","properties":{"cls":"단동","emd":"금지면","area":667},"geometry":{"type":"MultiPolygon","coordinates":[[[[127.30275,35.32418],[127.30275,35.32426],[127.30282,35.32426],[127.30282,35.32418],[127.30275,35.32418]]],[[[127.30275,35.32418],[127.30282,35.32418],[127.30282,35.32338],[127.30275,35.32339],[127.30275,35.32418]]]]}},{"type":"Feature","properties":{"cls":"단동","emd":"금지면","area":3791},"geometry":{"type":"MultiPolygon","coordinates":[[[[127.30507,35.32399],[127.30506,35.32337],[127.30499,35.32338],[127.30499,35.32408],[127.30507,35.32399]]],[[[127.30498,35.32338],[127.3049,35.32338],[127.30491,35.3242],[127.30499,35.32409],[127.30498,35.32338]]],[[[127.30482,35.32338],[127.30482,35.32422],[127.30488,35.32423],[127.3049,35.32338],[127.30482,35.32338]]],[[[127.30482,35.32422],[127.30481,35.32338],[127.30473,35.32338],[127.30474,35.32423],[127.30482,35.32422]]],[[[127.30465,35.32337],[127.30466,35.32423],[127.30473,35.32422],[127.30473,35.32338],[127.30465,35.32337]]],[[[127.30464,35.32337],[127.30456,35.32337],[127.30457,35.32422],[127.30465,35.32422],[127.30464,35.32337]]]]}},{"type":"Feature","properties":{"cls":"단동","emd":"금지면","area":3507},"geometry":{"type":"MultiPolygon","coordinates":[[[[127.29914,35.33166],[127.29923,35.33166],[127.29922,35.33085],[127.29913,35.33085],[127.29914,35.33166]]],[[[127.29905,35.33167],[127.29912,35.33166],[127.29911,35.33088],[127.29903,35.33088],[127.29905,35.33167]]],[[[127.29902,35.33167],[127.29901,35.33085],[127.29899,35.33085],[127.29892,35.33085],[127.29893,35.33167],[127.29902,35.33167]]],[[[127.29883,35.33167],[127.29891,35.33167],[127.2989,35.33085],[127.29882,35.33085],[127.29883,35.33167]]],[[[127.29871,35.33085],[127.29872,35.33167],[127.29881,35.33167],[127.2988,35.33085],[127.29871,35.33085]]]]}},{"type":"Feature","properties":{"cls":"단동","emd":"금지면","area":1514},"geometry":{"type":"MultiPolygon","coordinates":[[[[127.29757,35.32886],[127.29758,35.32978],[127.29766,35.32979],[127.29765,35.32886],[127.29757,35.32886]]],[[[127.29747,35.32886],[127.29748,35.32979],[127.29756,35.32978],[127.29756,35.32886],[127.29747,35.32886]]]]}},{"type":"Feature","properties":{"cls":"단동","emd":"금지면","area":3064},"geometry":{"type":"MultiPolygon","coordinates":[[[[127.2964,35.32721],[127.29642,35.32821],[127.29643,35.32825],[127.2965,35.32824],[127.29648,35.32722],[127.2964,35.32721]]],[[[127.29633,35.32819],[127.29632,35.32738],[127.29634,35.3282],[127.29642,35.32819],[127.2964,35.32721],[127.29625,35.3272],[127.29626,35.3282],[127.29633,35.32819]]],[[[127.29616,35.32721],[127.29618,35.32814],[127.29625,35.32814],[127.29623,35.3272],[127.29616,35.32721]]]]}},{"type":"Feature","properties":{"cls":"단동","emd":"금지면","area":2392},"geometry":{"type":"MultiPolygon","coordinates":[[[[127.29512,35.32625],[127.29503,35.32625],[127.29505,35.32713],[127.29511,35.32713],[127.29512,35.32625]]],[[[127.29501,35.32624],[127.29493,35.32624],[127.29495,35.32713],[127.29503,35.32713],[127.29501,35.32624]]],[[[127.2949,35.32625],[127.29483,35.32625],[127.29484,35.32713],[127.29493,35.32713],[127.2949,35.32625]]]]}},{"type":"Feature","properties":{"cls":"단동","emd":"금지면","area":1974},"geometry":{"type":"MultiPolygon","coordinates":[[[[127.29544,35.32711],[127.29543,35.32627],[127.29536,35.32623],[127.29537,35.32713],[127.29544,35.32711]]],[[[127.29528,35.32712],[127.29535,35.32712],[127.29533,35.32623],[127.29527,35.32624],[127.29528,35.32712]]],[[[127.29517,35.32626],[127.29519,35.32712],[127.29527,35.32712],[127.29525,35.32626],[127.29517,35.32626]]]]}},{"type":"Feature","properties":{"cls":"단동","emd":"금지면","area":2058},"geometry":{"type":"MultiPolygon","coordinates":[[[[127.29737,35.32622],[127.29738,35.3271],[127.29739,35.3271],[127.29746,35.3271],[127.29744,35.32622],[127.29737,35.32622]]],[[[127.29735,35.3271],[127.29733,35.3262],[127.29726,35.3262],[127.29727,35.3271],[127.29735,35.3271]]],[[[127.29722,35.32622],[127.29714,35.32622],[127.29716,35.3271],[127.29724,35.3271],[127.29722,35.32622]]]]}},{"type":"Feature","properties":{"cls":"단동","emd":"금지면","area":3592},"geometry":{"type":"MultiPolygon","coordinates":[[[[127.29802,35.3262],[127.29803,35.3271],[127.29811,35.3271],[127.2981,35.32621],[127.29802,35.3262]]],[[[127.29801,35.3271],[127.298,35.32621],[127.29793,35.3262],[127.29793,35.3271],[127.29801,35.3271]]],[[[127.29787,35.3262],[127.29784,35.32621],[127.29785,35.3271],[127.29793,35.3271],[127.29791,35.32621],[127.29787,35.3262]]],[[[127.29776,35.3271],[127.29782,35.3271],[127.2978,35.32621],[127.29773,35.32622],[127.29776,35.3271]]],[[[127.29765,35.32709],[127.29773,35.32708],[127.29771,35.32621],[127.29764,35.32621],[127.29765,35.32709]]]]}},{"type":"Feature","properties":{"cls":"단동","emd":"금지면","area":2092},"geometry":{"type":"MultiPolygon","coordinates":[[[[127.29309,35.32613],[127.29317,35.32613],[127.29315,35.32529],[127.29307,35.32529],[127.29309,35.32613]]],[[[127.29298,35.32615],[127.29306,35.32615],[127.29304,35.32528],[127.29296,35.32528],[127.29298,35.32615]]],[[[127.29296,35.32615],[127.29295,35.32529],[127.29287,35.32528],[127.29288,35.32615],[127.29296,35.32615]]]]}},{"type":"Feature","properties":{"cls":"단동","emd":"금지면","area":2210},"geometry":{"type":"MultiPolygon","coordinates":[[[[127.2952,35.32611],[127.29518,35.32527],[127.2951,35.32527],[127.29511,35.32611],[127.2952,35.32611]]],[[[127.295,35.32527],[127.29501,35.32611],[127.2951,35.32611],[127.29509,35.32527],[127.295,35.32527]]],[[[127.29491,35.32611],[127.295,35.32611],[127.29497,35.32527],[127.2949,35.32528],[127.29491,35.32611]]]]}},{"type":"Feature","properties":{"cls":"단동","emd":"금지면","area":3496},"geometry":{"type":"MultiPolygon","coordinates":[[[[127.29776,35.32525],[127.29777,35.32599],[127.29779,35.32599],[127.29777,35.32525],[127.29776,35.32525]]],[[[127.29774,35.32525],[127.29766,35.32526],[127.29768,35.32612],[127.29776,35.3261],[127.29774,35.32525]]],[[[127.29756,35.32526],[127.29758,35.32611],[127.29766,35.32612],[127.29764,35.32527],[127.29756,35.32526]]],[[[127.2974,35.32526],[127.29742,35.32611],[127.2975,35.32611],[127.29749,35.32527],[127.2974,35.32526]]],[[[127.29731,35.32584],[127.2974,35.32584],[127.29738,35.32526],[127.2973,35.32526],[127.29731,35.32584]]],[[[127.2973,35.32611],[127.29729,35.32526],[127.2972,35.32527],[127.29722,35.32611],[127.2973,35.32611]]]]}},{"type":"Feature","properties":{"cls":"단동","emd":"금지면","area":2416},"geometry":{"type":"MultiPolygon","coordinates":[[[[127.29351,35.32433],[127.29352,35.32522],[127.29353,35.32522],[127.29359,35.32521],[127.29358,35.32434],[127.29351,35.32433]]],[[[127.2935,35.32433],[127.29344,35.32433],[127.29345,35.32521],[127.29351,35.32522],[127.2935,35.32433]]],[[[127.29342,35.32433],[127.29336,35.32433],[127.29337,35.32522],[127.29343,35.32522],[127.29342,35.32433]]],[[[127.29334,35.32433],[127.29328,35.32433],[127.29329,35.32522],[127.29336,35.32522],[127.29334,35.32433]]]]}},{"type":"Feature","properties":{"cls":"단동","emd":"금지면","area":1878},"geometry":{"type":"MultiPolygon","coordinates":[[[[127.29199,35.3242],[127.29206,35.32421],[127.29204,35.32335],[127.29197,35.32335],[127.29199,35.3242]]],[[[127.29196,35.32335],[127.29188,35.32335],[127.29191,35.32422],[127.29198,35.32421],[127.29196,35.32335]]],[[[127.29187,35.32335],[127.2918,35.32336],[127.29183,35.32422],[127.2919,35.32422],[127.29187,35.32335]]]]}},{"type":"Feature","properties":{"cls":"단동","emd":"금지면","area":1946},"geometry":{"type":"MultiPolygon","coordinates":[[[[127.2973,35.32333],[127.29731,35.32417],[127.29739,35.32417],[127.29738,35.32333],[127.2973,35.32333]]],[[[127.29722,35.32418],[127.2973,35.32418],[127.29728,35.32332],[127.29721,35.32333],[127.29722,35.32418]]],[[[127.29712,35.32333],[127.29713,35.32417],[127.29721,35.32418],[127.29719,35.32333],[127.29712,35.32333]]]]}},{"type":"Feature","properties":{"cls":"단동","emd":"금지면","area":2256},"geometry":{"type":"MultiPolygon","coordinates":[[[[127.29773,35.32333],[127.29765,35.32333],[127.29767,35.32414],[127.29775,35.32413],[127.29773,35.32333]]],[[[127.29756,35.32414],[127.29765,35.32413],[127.29763,35.32332],[127.29754,35.32333],[127.29756,35.32414]]],[[[127.29744,35.32333],[127.29745,35.32414],[127.29755,35.32414],[127.29754,35.32335],[127.29744,35.32333]]]]}},{"type":"Feature","properties":{"cls":"단동","emd":"금지면","area":2588},"geometry":{"type":"MultiPolygon","coordinates":[[[[127.29158,35.3224],[127.2916,35.3233],[127.2917,35.32329],[127.29168,35.3224],[127.29158,35.3224]]],[[[127.29149,35.3233],[127.29158,35.32329],[127.29155,35.3224],[127.29146,35.32241],[127.29149,35.3233]]],[[[127.29144,35.3224],[127.29135,35.32241],[127.29137,35.3233],[127.29146,35.3233],[127.29144,35.3224]]]]}},{"type":"Feature","properties":{"cls":"단동","emd":"금지면","area":3314},"geometry":{"type":"MultiPolygon","coordinates":[[[[127.29251,35.32238],[127.29244,35.32239],[127.29246,35.32329],[127.29253,35.3233],[127.29251,35.32238]]],[[[127.29241,35.32239],[127.29235,35.3224],[127.29238,35.3233],[127.29245,35.32329],[127.29241,35.32239]]],[[[127.29228,35.32329],[127.29235,35.32328],[127.29233,35.32239],[127.29226,35.32239],[127.29228,35.32329]]],[[[127.29226,35.32329],[127.29225,35.3224],[127.29224,35.32239],[127.29217,35.3224],[127.2922,35.32329],[127.29226,35.32329]]],[[[127.29218,35.32329],[127.29216,35.32239],[127.29216,35.32239],[127.29209,35.32239],[127.29211,35.32329],[127.29218,35.32329]]]]}},{"type":"Feature","properties":{"cls":"단동","emd":"금지면","area":3034},"geometry":{"type":"MultiPolygon","coordinates":[[[[127.29652,35.32327],[127.29661,35.32327],[127.29659,35.32237],[127.2965,35.32238],[127.29652,35.32327]]],[[[127.29649,35.32237],[127.29642,35.32237],[127.29641,35.32241],[127.29643,35.32327],[127.2965,35.32327],[127.29649,35.32237]]],[[[127.29632,35.32237],[127.29633,35.32328],[127.29634,35.32328],[127.29641,35.32328],[127.29639,35.32237],[127.29632,35.32237]]],[[[127.29623,35.32237],[127.29625,35.32333],[127.29625,35.32333],[127.29632,35.32332],[127.29631,35.32237],[127.29623,35.32237]]]]}},{"type":"Feature","properties":{"cls":"단동","emd":"금지면","area":2343},"geometry":{"type":"MultiPolygon","coordinates":[[[[127.29851,35.32326],[127.2986,35.32325],[127.29856,35.32238],[127.2985,35.32238],[127.29851,35.32326]]],[[[127.2984,35.32238],[127.29841,35.32326],[127.2985,35.32326],[127.29848,35.32238],[127.2984,35.32238]]],[[[127.29829,35.32237],[127.29831,35.32326],[127.29839,35.32326],[127.29838,35.32238],[127.29829,35.32237]]]]}},{"type":"Feature","properties":{"cls":"단동","emd":"금지면","area":2388},"geometry":{"type":"MultiPolygon","coordinates":[[[[127.29184,35.32144],[127.29186,35.32231],[127.29192,35.32232],[127.29191,35.32143],[127.29184,35.32144]]],[[[127.29183,35.32144],[127.29176,35.32144],[127.29177,35.32229],[127.29184,35.32229],[127.29183,35.32144]]],[[[127.29176,35.32229],[127.29175,35.32143],[127.29168,35.32143],[127.29169,35.32229],[127.29176,35.32229]]],[[[127.29167,35.32229],[127.29166,35.32143],[127.2916,35.32143],[127.29161,35.32229],[127.29167,35.32229]]]]}},{"type":"Feature","properties":{"cls":"단동","emd":"금지면","area":1939},"geometry":{"type":"MultiPolygon","coordinates":[[[[127.29363,35.32142],[127.29356,35.32142],[127.29358,35.32231],[127.29364,35.3223],[127.29363,35.32142]]],[[[127.29349,35.32231],[127.29356,35.3223],[127.29355,35.32142],[127.29347,35.32145],[127.29349,35.32231]]],[[[127.29342,35.32142],[127.29335,35.32143],[127.29337,35.32231],[127.29345,35.3223],[127.29342,35.32142]]]]}},{"type":"Feature","properties":{"cls":"단동","emd":"금지면","area":2288},"geometry":{"type":"MultiPolygon","coordinates":[[[[127.29421,35.32229],[127.2943,35.32228],[127.29427,35.32141],[127.29419,35.32141],[127.29421,35.32229]]],[[[127.2941,35.32229],[127.29419,35.32228],[127.29417,35.32141],[127.29409,35.32142],[127.2941,35.32229]]],[[[127.29408,35.32142],[127.29398,35.32142],[127.29399,35.32222],[127.29408,35.32222],[127.29408,35.32142]]]]}},{"type":"Feature","properties":{"cls":"단동","emd":"금지면","area":2496},"geometry":{"type":"MultiPolygon","coordinates":[[[[127.29537,35.32141],[127.29538,35.32229],[127.29538,35.32229],[127.29545,35.32229],[127.29544,35.32141],[127.29537,35.32141]]],[[[127.29536,35.32229],[127.29535,35.32141],[127.29528,35.32141],[127.29529,35.32229],[127.29536,35.32229]]],[[[127.2952,35.32141],[127.2952,35.32229],[127.29528,35.32229],[127.29527,35.32141],[127.2952,35.32141]]],[[[127.29511,35.32141],[127.29512,35.32229],[127.29519,35.32229],[127.29518,35.32141],[127.29511,35.32141]]]]}},{"type":"Feature","properties":{"cls":"단동","emd":"금지면","area":1228},"geometry":{"type":"MultiPolygon","coordinates":[[[[127.29827,35.32138],[127.29821,35.32138],[127.29822,35.32227],[127.29829,35.32227],[127.29827,35.32138]]],[[[127.29812,35.32139],[127.29813,35.32223],[127.29814,35.32227],[127.2982,35.32226],[127.29819,35.32138],[127.29812,35.32139]]]]}},{"type":"Feature","properties":{"cls":"단동","emd":"금지면","area":1783},"geometry":{"type":"MultiPolygon","coordinates":[[[[127.29275,35.32049],[127.29276,35.32135],[127.29282,35.32135],[127.29281,35.32049],[127.29275,35.32049]]],[[[127.29273,35.32049],[127.29266,35.32049],[127.29268,35.32137],[127.29274,35.32136],[127.29273,35.32049]]],[[[127.29263,35.32049],[127.29258,35.32049],[127.29259,35.32135],[127.29266,35.32135],[127.29263,35.32049]]]]}},{"type":"Feature","properties":{"cls":"단동","emd":"금지면","area":1430},"geometry":{"type":"MultiPolygon","coordinates":[[[[127.29989,35.32815],[127.29988,35.32812],[127.29987,35.32729],[127.29983,35.3273],[127.29985,35.32816],[127.29989,35.32815]]],[[[127.29981,35.3273],[127.29974,35.32731],[127.29977,35.32815],[127.29985,35.32814],[127.29981,35.3273]]],[[[127.29972,35.32731],[127.29964,35.32731],[127.29967,35.32789],[127.29974,35.32788],[127.29972,35.32731]]]]}},{"type":"Feature","properties":{"cls":"단동","emd":"금지면","area":211},"geometry":{"type":"Polygon","coordinates":[[[127.30114,35.32617],[127.30113,35.3253],[127.3011,35.3253],[127.30111,35.32617],[127.30114,35.32617]]]}},{"type":"Feature","properties":{"cls":"단동","emd":"금지면","area":1053},"geometry":{"type":"MultiPolygon","coordinates":[[[[127.30064,35.32437],[127.30056,35.32438],[127.30057,35.32504],[127.30065,35.32504],[127.30064,35.32437]]],[[[127.30056,35.32504],[127.30055,35.32438],[127.30048,35.32438],[127.30048,35.32504],[127.30056,35.32504]]],[[[127.30029,35.32436],[127.30032,35.32446],[127.30037,35.32446],[127.30036,35.32436],[127.30029,35.32436]]]]}},{"type":"Feature","properties":{"cls":"단동","emd":"금지면","area":2394},"geometry":{"type":"MultiPolygon","coordinates":[[[[127.30143,35.32438],[127.30136,35.32438],[127.30137,35.32525],[127.30144,35.32525],[127.30143,35.32438]]],[[[127.30128,35.32526],[127.30135,35.32526],[127.30134,35.32438],[127.30128,35.32438],[127.30128,35.32526]]],[[[127.30127,35.32526],[127.30126,35.32438],[127.3012,35.32438],[127.3012,35.32525],[127.30127,35.32526]]],[[[127.30112,35.32527],[127.30119,35.32526],[127.30116,35.32438],[127.30111,35.32438],[127.30112,35.32527]]]]}},{"type":"Feature","properties":{"cls":"단동","emd":"금지면","area":1632},"geometry":{"type":"MultiPolygon","coordinates":[[[[127.30108,35.32338],[127.30101,35.32339],[127.30102,35.32426],[127.30109,35.32426],[127.30108,35.32338]]],[[[127.30099,35.32339],[127.30092,35.32339],[127.30094,35.32427],[127.30101,35.32426],[127.30099,35.32339]]],[[[127.30092,35.32427],[127.3009,35.32339],[127.30087,35.32339],[127.30088,35.32427],[127.30092,35.32427]]]]}},{"type":"Feature","properties":{"cls":"단동","emd":"금지면","area":1336},"geometry":{"type":"MultiPolygon","coordinates":[[[[127.30146,35.32339],[127.30141,35.32339],[127.30143,35.32426],[127.3015,35.32426],[127.30146,35.32339]]],[[[127.30132,35.32339],[127.30133,35.32426],[127.30141,35.32426],[127.3014,35.3234],[127.30132,35.32339]]]]}},{"type":"Feature","properties":{"cls":"단동","emd":"금지면","area":1366},"geometry":{"type":"MultiPolygon","coordinates":[[[[127.29925,35.32246],[127.29918,35.32246],[127.29921,35.32336],[127.29928,35.32333],[127.29925,35.32246]]],[[[127.29911,35.32246],[127.2991,35.32282],[127.29915,35.32338],[127.29921,35.32335],[127.29917,35.32247],[127.29911,35.32246]]]]}},{"type":"Feature","properties":{"cls":"단동","emd":"금지면","area":2350},"geometry":{"type":"MultiPolygon","coordinates":[[[[127.29957,35.32151],[127.29957,35.32238],[127.29964,35.32238],[127.29963,35.32151],[127.29957,35.32151]]],[[[127.29949,35.32238],[127.29956,35.32238],[127.29953,35.32151],[127.29948,35.32151],[127.29949,35.32238]]],[[[127.29947,35.32151],[127.2994,35.32152],[127.29941,35.32238],[127.29947,35.32238],[127.29947,35.32151]]],[[[127.29932,35.3215],[127.29932,35.32237],[127.29939,35.32238],[127.29939,35.3215],[127.29932,35.3215]]]]}},{"type":"Feature","properties":{"cls":"단동","emd":"금지면","area":2687},"geometry":{"type":"Polygon","coordinates":[[[127.29117,35.31952],[127.29112,35.31953],[127.29112,35.32039],[127.29113,35.32041],[127.29121,35.3204],[127.29122,35.32041],[127.29135,35.32041],[127.2914,35.3204],[127.29139,35.32041],[127.29144,35.32041],[127.2914,35.32041],[127.29144,35.32037],[127.29143,35.31951],[127.29117,35.31952]],[[127.29143,35.31997],[127.29142,35.31997],[127.29142,35.31997],[127.29143,35.31997]],[[127.29133,35.32038],[127.29134,35.3204],[127.29133,35.3204],[127.29133,35.32038]],[[127.29132,35.32034],[127.29133,35.32032],[127.29133,35.32032],[127.29133,35.32034],[127.29132,35.32034]],[[127.29133,35.32026],[127.29133,35.32024],[127.29133,35.32024],[127.29133,35.32026]],[[127.29133,35.32032],[127.29133,35.3203],[127.29133,35.3203],[127.29133,35.32032]],[[127.29133,35.32034],[127.29133,35.32034],[127.29133,35.32034],[127.29133,35.32034]],[[127.29133,35.32036],[127.29133,35.32035],[127.29133,35.32035],[127.29133,35.32036]],[[127.29132,35.3204],[127.29132,35.32041],[127.29131,35.32041],[127.29132,35.3204]],[[127.29131,35.3204],[127.2913,35.32041],[127.2913,35.3204],[127.29131,35.3204]],[[127.29124,35.32041],[127.29124,35.3204],[127.29125,35.3204],[127.29124,35.32041]],[[127.29124,35.32041],[127.29123,35.32041],[127.29123,35.3204],[127.29124,35.32041]],[[127.29122,35.32033],[127.29122,35.32033],[127.29122,35.32033],[127.29122,35.32033]],[[127.29122,35.32036],[127.29122,35.32036],[127.29122,35.32036],[127.29122,35.32036]],[[127.29121,35.31954],[127.29121,35.31954],[127.29121,35.31954],[127.29121,35.31954]],[[127.29121,35.31955],[127.29121,35.31955],[127.29121,35.31955],[127.29121,35.31955]],[[127.29121,35.31957],[127.29121,35.31957],[127.29121,35.31957],[127.29121,35.31957]],[[127.29121,35.31958],[127.29121,35.31958],[127.29121,35.31958],[127.29121,35.31958]]]}},{"type":"Feature","properties":{"cls":"단동","emd":"금지면","area":2032},"geometry":{"type":"MultiPolygon","coordinates":[[[[127.29165,35.32038],[127.29172,35.32038],[127.29171,35.31951],[127.29163,35.31951],[127.29165,35.32038]]],[[[127.29161,35.31951],[127.29154,35.31951],[127.29156,35.32039],[127.29163,35.32038],[127.29161,35.31951]]],[[[127.29152,35.31951],[127.29144,35.31952],[127.29145,35.32038],[127.29153,35.32039],[127.29152,35.31951]]]]}},{"type":"Feature","properties":{"cls":"단동","emd":"금지면","area":1337},"geometry":{"type":"MultiPolygon","coordinates":[[[[127.29264,35.31951],[127.29265,35.32037],[127.29273,35.32037],[127.29271,35.31951],[127.29264,35.31951]]],[[[127.29263,35.31951],[127.29255,35.31951],[127.29256,35.32038],[127.29263,35.32037],[127.29263,35.31951]]]]}},{"type":"Feature","properties":{"cls":"단동","emd":"금지면","area":1327},"geometry":{"type":"MultiPolygon","coordinates":[[[[127.29291,35.32038],[127.29291,35.31952],[127.29284,35.31951],[127.29284,35.32037],[127.29291,35.32038]]],[[[127.29282,35.31952],[127.29275,35.31951],[127.29275,35.32037],[127.29283,35.32037],[127.29282,35.31952]]]]}},{"type":"Feature","properties":{"cls":"단동","emd":"금지면","area":1962},"geometry":{"type":"MultiPolygon","coordinates":[[[[127.29197,35.31867],[127.29198,35.31945],[127.29206,35.31945],[127.29204,35.31868],[127.29197,35.31867]]],[[[127.29188,35.31945],[127.29196,35.31943],[127.29194,35.31859],[127.29187,35.31859],[127.29188,35.31945]]],[[[127.29179,35.31945],[127.29186,35.31945],[127.29185,35.31859],[127.29177,35.31859],[127.29179,35.31945]]]]}},{"type":"Feature","properties":{"cls":"단동","emd":"금지면","area":1893},"geometry":{"type":"MultiPolygon","coordinates":[[[[127.2949,35.31856],[127.29492,35.31943],[127.29498,35.31943],[127.29497,35.31856],[127.2949,35.31856]]],[[[127.29488,35.31856],[127.29481,35.31857],[127.29483,35.31943],[127.2949,35.31943],[127.29488,35.31856]]],[[[127.29473,35.31943],[127.29481,35.31943],[127.29479,35.31856],[127.29471,35.31857],[127.29473,35.31943]]]]}},{"type":"Feature","properties":{"cls":"단동","emd":"금지면","area":616},"geometry":{"type":"Polygon","coordinates":[[[127.29509,35.31943],[127.29507,35.31856],[127.29506,35.31855],[127.295,35.31856],[127.29502,35.31943],[127.29509,35.31943]]]}},{"type":"Feature","properties":{"cls":"단동","emd":"금지면","area":604},"geometry":{"type":"Polygon","coordinates":[[[127.29237,35.31757],[127.2923,35.31756],[127.29232,35.31846],[127.29239,35.31845],[127.29237,35.31757]]]}},{"type":"Feature","properties":{"cls":"단동","emd":"금지면","area":876},"geometry":{"type":"MultiPolygon","coordinates":[[[[127.29404,35.31804],[127.29388,35.31806],[127.29405,35.31845],[127.29412,35.31842],[127.29398,35.31807],[127.29415,35.31846],[127.29422,35.31843],[127.29404,35.31804]],[[127.29405,35.31825],[127.29404,35.31824],[127.29405,35.31824],[127.29405,35.31825]],[[127.29402,35.31819],[127.29401,35.31819],[127.29402,35.31819],[127.29402,35.31819]]],[[[127.29388,35.31809],[127.2938,35.31813],[127.29395,35.31846],[127.29399,35.31846],[127.29388,35.31809]],[[127.29393,35.31828],[127.29392,35.31828],[127.29392,35.31827],[127.29393,35.31828]],[[127.29393,35.31829],[127.29392,35.31829],[127.29392,35.31829],[127.29393,35.31829]],[[127.29392,35.31827],[127.29391,35.31827],[127.29391,35.31827],[127.29392,35.31827]]]]}},{"type":"Feature","properties":{"cls":"단동","emd":"금지면","area":2172},"geometry":{"type":"MultiPolygon","coordinates":[[[[127.29643,35.31738],[127.29642,35.31744],[127.29718,35.31753],[127.29719,35.31747],[127.29643,35.31738]]],[[[127.29642,35.31737],[127.29715,35.31746],[127.29716,35.31743],[127.29715,35.31739],[127.29643,35.3173],[127.29642,35.31737]]],[[[127.297,35.31752],[127.297,35.31757],[127.29715,35.31758],[127.29715,35.31754],[127.297,35.31752]]],[[[127.29641,35.3173],[127.29712,35.31738],[127.29713,35.31738],[127.29713,35.31732],[127.29642,35.31723],[127.29641,35.3173]]],[[[127.29708,35.31731],[127.29709,35.31724],[127.29642,35.31717],[127.29642,35.31723],[127.29708,35.31731]]],[[[127.29693,35.31751],[127.2966,35.31748],[127.2966,35.31755],[127.29692,35.31758],[127.29693,35.31751]]]]}},{"type":"Feature","properties":{"cls":"단동","emd":"금지면","area":2506},"geometry":{"type":"MultiPolygon","coordinates":[[[[127.29596,35.31948],[127.29597,35.32037],[127.29606,35.32037],[127.29605,35.31948],[127.29596,35.31948]]],[[[127.29594,35.31948],[127.29584,35.31949],[127.29586,35.32038],[127.29596,35.32036],[127.29594,35.31948]],[[127.29595,35.32033],[127.29596,35.32033],[127.29596,35.32033],[127.29595,35.32033]],[[127.29595,35.32035],[127.29596,35.32035],[127.29596,35.32035],[127.29595,35.32035]]],[[[127.29574,35.31949],[127.29575,35.32038],[127.29584,35.32037],[127.29583,35.31949],[127.29574,35.31949]]]]}},{"type":"Feature","properties":{"cls":"단동","emd":"금지면","area":1413},"geometry":{"type":"MultiPolygon","coordinates":[[[[127.29651,35.3195],[127.29653,35.32036],[127.29659,35.32036],[127.29658,35.31949],[127.29651,35.3195]]],[[[127.2965,35.3195],[127.2964,35.31951],[127.29642,35.32036],[127.29651,35.32036],[127.2965,35.3195]]]]}},{"type":"Feature","properties":{"cls":"단동","emd":"금지면","area":2629},"geometry":{"type":"MultiPolygon","coordinates":[[[[127.29731,35.31949],[127.29732,35.32036],[127.29739,35.32036],[127.29738,35.3195],[127.29731,35.31949]]],[[[127.29723,35.31948],[127.29724,35.32036],[127.29731,35.32036],[127.2973,35.31949],[127.29723,35.31948]]],[[[127.29716,35.32036],[127.29723,35.32036],[127.29722,35.31948],[127.29715,35.31949],[127.29716,35.32036]]],[[[127.29708,35.32037],[127.29715,35.32037],[127.29714,35.31949],[127.29707,35.31949],[127.29708,35.32037]]]]}},{"type":"Feature","properties":{"cls":"다동","emd":"금지면","area":2068},"geometry":{"type":"Polygon","coordinates":[[[127.29741,35.32036],[127.29751,35.32035],[127.29751,35.32003],[127.29772,35.32002],[127.29772,35.31948],[127.2974,35.31948],[127.29741,35.32036]]]}},{"type":"Feature","properties":{"cls":"단동","emd":"금지면","area":2625},"geometry":{"type":"MultiPolygon","coordinates":[[[[127.29752,35.31852],[127.29744,35.31853],[127.29746,35.31942],[127.29753,35.31942],[127.29752,35.31852]]],[[[127.29738,35.31942],[127.29745,35.31942],[127.29743,35.31853],[127.29736,35.31853],[127.29738,35.31942]]],[[[127.29736,35.31942],[127.29735,35.31853],[127.29728,35.31853],[127.29729,35.31941],[127.29736,35.31942]]],[[[127.29727,35.31857],[127.2972,35.31853],[127.29721,35.31942],[127.29729,35.31941],[127.29727,35.31857]]]]}},{"type":"Feature","properties":{"cls":"단동","emd":"금지면","area":2381},"geometry":{"type":"MultiPolygon","coordinates":[[[[127.3004,35.31756],[127.3004,35.31666],[127.30038,35.31666],[127.30032,35.31667],[127.30033,35.31756],[127.3004,35.31756]]],[[[127.30021,35.31754],[127.30031,35.31755],[127.3003,35.31667],[127.30025,35.31666],[127.3002,35.31667],[127.30021,35.31754]]],[[[127.30008,35.31667],[127.3001,35.31755],[127.30012,35.31756],[127.30019,35.31755],[127.30018,35.31667],[127.30008,35.31667]]]]}},{"type":"Feature","properties":{"cls":"단동","emd":"금지면","area":3840},"geometry":{"type":"MultiPolygon","coordinates":[[[[127.29976,35.3205],[127.29971,35.3205],[127.29971,35.32134],[127.29977,35.32134],[127.29976,35.3205]]],[[[127.29962,35.32134],[127.2997,35.32134],[127.2997,35.3205],[127.29962,35.32051],[127.29962,35.32134]]],[[[127.29953,35.3205],[127.29953,35.32133],[127.2996,35.32134],[127.29961,35.3205],[127.29953,35.3205]]],[[[127.29945,35.32134],[127.29952,35.32134],[127.29951,35.3205],[127.29945,35.3205],[127.29945,35.32134]]],[[[127.29944,35.3205],[127.29936,35.32051],[127.29935,35.32134],[127.29944,35.32133],[127.29944,35.3205]]],[[[127.29935,35.3205],[127.29927,35.3205],[127.29927,35.32134],[127.29935,35.32134],[127.29935,35.3205]]]]}},{"type":"Feature","properties":{"cls":"단동","emd":"금지면","area":2456},"geometry":{"type":"MultiPolygon","coordinates":[[[[127.30001,35.31953],[127.30002,35.32042],[127.30008,35.32042],[127.30008,35.31953],[127.30001,35.31953]]],[[[127.29999,35.31952],[127.29993,35.31953],[127.29994,35.32042],[127.3,35.32042],[127.29999,35.31952]]],[[[127.29991,35.31952],[127.29985,35.31955],[127.29985,35.32038],[127.29992,35.32037],[127.29991,35.31952]]],[[[127.29978,35.32042],[127.29984,35.32041],[127.29983,35.31952],[127.29976,35.31953],[127.29978,35.32042]]]]}},{"type":"Feature","properties":{"cls":"단동","emd":"금지면","area":1337},"geometry":{"type":"MultiPolygon","coordinates":[[[[127.30019,35.3204],[127.30026,35.3204],[127.30025,35.31953],[127.30018,35.31954],[127.30019,35.3204]]],[[[127.3001,35.32018],[127.30011,35.3204],[127.30018,35.3204],[127.30017,35.31953],[127.3001,35.31953],[127.3001,35.32018]]]]}},{"type":"Feature","properties":{"cls":"단동","emd":"금지면","area":904},"geometry":{"type":"Polygon","coordinates":[[[127.29976,35.31864],[127.29976,35.31947],[127.29986,35.31949],[127.29986,35.31863],[127.29976,35.31864]]]}},{"type":"Feature","properties":{"cls":"단동","emd":"금지면","area":523},"geometry":{"type":"MultiPolygon","coordinates":[[[[127.30879,35.32371],[127.30872,35.32368],[127.3086,35.32402],[127.30868,35.32402],[127.30879,35.32371]]],[[[127.30859,35.32402],[127.30871,35.32368],[127.30863,35.32366],[127.30852,35.32401],[127.30859,35.32402]]]]}},{"type":"Feature","properties":{"cls":"단동","emd":"금지면","area":622},"geometry":{"type":"MultiPolygon","coordinates":[[[[127.30854,35.31758],[127.3086,35.31803],[127.30867,35.31803],[127.3086,35.31758],[127.30854,35.31758]]],[[[127.30852,35.31802],[127.30859,35.31803],[127.30853,35.31757],[127.30848,35.31757],[127.30852,35.31802]]]]}},{"type":"Feature","properties":{"cls":"단동","emd":"금지면","area":1418},"geometry":{"type":"MultiPolygon","coordinates":[[[[127.3089,35.32328],[127.30884,35.32324],[127.30876,35.32346],[127.30881,35.32348],[127.3089,35.32328]]],[[[127.30868,35.32343],[127.30874,35.32346],[127.30883,35.32324],[127.30877,35.32319],[127.30868,35.32343]]],[[[127.30875,35.32318],[127.3087,35.32315],[127.30861,35.32339],[127.30869,35.32338],[127.30875,35.32318]]],[[[127.30868,35.32314],[127.30862,35.3231],[127.30851,35.3234],[127.30858,35.32341],[127.30868,35.32314]]],[[[127.30855,35.32305],[127.30842,35.32338],[127.3085,35.3234],[127.30861,35.32309],[127.30855,35.32305]]],[[[127.30835,35.32334],[127.30842,35.32336],[127.30853,35.32304],[127.30847,35.323],[127.30835,35.32334]]],[[[127.30846,35.32299],[127.30835,35.32309],[127.30829,35.32328],[127.30836,35.32329],[127.30846,35.32299]]]]}},{"type":"Feature","properties":{"cls":"단동","emd":"금지면","area":2347},"geometry":{"type":"MultiPolygon","coordinates":[[[[127.30587,35.31757],[127.3058,35.31757],[127.30581,35.31838],[127.30588,35.31837],[127.30587,35.31757]]],[[[127.30572,35.31757],[127.30572,35.31837],[127.30579,35.31837],[127.30579,35.31757],[127.30572,35.31757]]],[[[127.30568,35.31756],[127.30563,35.31757],[127.30564,35.31837],[127.30571,35.31837],[127.30568,35.31756]]],[[[127.30556,35.31837],[127.30563,35.31836],[127.30562,35.31757],[127.30558,35.31757],[127.30556,35.31837]]]]}},{"type":"Feature","properties":{"cls":"단동","emd":"금지면","area":3018},"geometry":{"type":"Polygon","coordinates":[[[127.31126,35.31743],[127.31098,35.31734],[127.31059,35.31814],[127.31087,35.31824],[127.31094,35.3182],[127.31126,35.31743]],[[127.31087,35.31823],[127.31087,35.31823],[127.31087,35.31823],[127.31087,35.31823]]]}},{"type":"Feature","properties":{"cls":"단동","emd":"금지면","area":568},"geometry":{"type":"MultiPolygon","coordinates":[[[[127.30582,35.32286],[127.30582,35.32245],[127.30576,35.32245],[127.30577,35.32286],[127.30582,35.32286]]],[[[127.30575,35.32245],[127.30567,35.32245],[127.30568,35.32284],[127.30576,35.32283],[127.30575,35.32245]]]]}},{"type":"Feature","properties":{"cls":"단동","emd":"금지면","area":1668},"geometry":{"type":"Polygon","coordinates":[[[127.30296,35.32333],[127.30316,35.32332],[127.30315,35.32244],[127.30296,35.32244],[127.30296,35.32333]],[[127.30306,35.3233],[127.30306,35.3233],[127.30306,35.32331],[127.30306,35.3233]]]}},{"type":"Feature","properties":{"cls":"단동","emd":"금지면","area":1235},"geometry":{"type":"MultiPolygon","coordinates":[[[[127.3037,35.32244],[127.30371,35.32332],[127.30378,35.32332],[127.30377,35.32243],[127.3037,35.32244]]],[[[127.3037,35.3229],[127.30368,35.32284],[127.30362,35.32284],[127.30363,35.32332],[127.3037,35.32332],[127.3037,35.3229]]],[[[127.30362,35.32248],[127.30362,35.32283],[127.30369,35.32283],[127.30369,35.32249],[127.30362,35.32248]]]]}},{"type":"Feature","properties":{"cls":"단동","emd":"금지면","area":1300},"geometry":{"type":"MultiPolygon","coordinates":[[[[127.30468,35.32248],[127.30471,35.32332],[127.30478,35.32332],[127.30476,35.32247],[127.30468,35.32248]]],[[[127.30462,35.32332],[127.3047,35.32332],[127.30467,35.32247],[127.3046,35.32248],[127.30462,35.32332]]]]}},{"type":"Feature","properties":{"cls":"단동","emd":"금지면","area":1468},"geometry":{"type":"MultiPolygon","coordinates":[[[[127.30304,35.32142],[127.30304,35.32234],[127.30312,35.32234],[127.30311,35.32142],[127.30304,35.32142]]],[[[127.30298,35.32141],[127.30295,35.32233],[127.30303,35.32234],[127.30303,35.32142],[127.30298,35.32141]]]]}},{"type":"Feature","properties":{"cls":"단동","emd":"금지면","area":1535},"geometry":{"type":"Polygon","coordinates":[[[127.30318,35.32234],[127.30334,35.32234],[127.30333,35.32142],[127.30317,35.32142],[127.30318,35.32234]]]}},{"type":"Feature","properties":{"cls":"단동","emd":"금지면","area":1415},"geometry":{"type":"MultiPolygon","coordinates":[[[[127.3035,35.322],[127.30349,35.32237],[127.30356,35.32237],[127.30355,35.32177],[127.30348,35.32178],[127.3035,35.322]]],[[[127.30355,35.32177],[127.30354,35.32141],[127.30347,35.32141],[127.30348,35.32177],[127.30355,35.32177]]],[[[127.30346,35.32141],[127.30338,35.32142],[127.30339,35.32225],[127.30347,35.32225],[127.30346,35.32141]]],[[[127.30347,35.32225],[127.30339,35.32225],[127.30339,35.32234],[127.30346,35.32234],[127.30347,35.32225]]]]}},{"type":"Feature","properties":{"cls":"단동","emd":"금지면","area":1455},"geometry":{"type":"MultiPolygon","coordinates":[[[[127.30369,35.32141],[127.3037,35.32236],[127.30378,35.32236],[127.30377,35.32142],[127.30369,35.32141]]],[[[127.30361,35.32141],[127.30362,35.32236],[127.30369,35.32236],[127.30368,35.32141],[127.30361,35.32141]]]]}},{"type":"Feature","properties":{"cls":"단동","emd":"금지면","area":1445},"geometry":{"type":"MultiPolygon","coordinates":[[[[127.3051,35.32233],[127.30509,35.32142],[127.30505,35.32141],[127.30501,35.32142],[127.30502,35.32233],[127.3051,35.32233]]],[[[127.30492,35.32142],[127.30493,35.32233],[127.305,35.32233],[127.305,35.32144],[127.30492,35.32142]]]]}},{"type":"Feature","properties":{"cls":"단동","emd":"금지면","area":1660},"geometry":{"type":"MultiPolygon","coordinates":[[[[127.30526,35.32231],[127.30535,35.32231],[127.30534,35.3214],[127.30525,35.3214],[127.30526,35.32231]]],[[[127.30516,35.32231],[127.30525,35.32229],[127.30524,35.3214],[127.30515,35.3214],[127.30516,35.32231]]]]}},{"type":"Feature","properties":{"cls":"단동","emd":"금지면","area":2477},"geometry":{"type":"MultiPolygon","coordinates":[[[[127.3056,35.32141],[127.3056,35.32231],[127.30567,35.32231],[127.30566,35.32142],[127.3056,35.32141]]],[[[127.30558,35.32141],[127.30552,35.32141],[127.30552,35.32228],[127.30559,35.32231],[127.30558,35.32141]]],[[[127.30552,35.3223],[127.30551,35.32141],[127.30544,35.32141],[127.30545,35.3223],[127.30552,35.3223]]],[[[127.30536,35.32141],[127.30537,35.3223],[127.30537,35.3223],[127.30544,35.3223],[127.30543,35.32141],[127.30536,35.32141]]]]}},{"type":"Feature","properties":{"cls":"단동","emd":"금지면","area":1460},"geometry":{"type":"Polygon","coordinates":[[[127.30583,35.3214],[127.30568,35.3214],[127.30569,35.32234],[127.30584,35.32234],[127.30583,35.3214]]]}},{"type":"Feature","properties":{"cls":"단동","emd":"금지면","area":2528},"geometry":{"type":"MultiPolygon","coordinates":[[[[127.30628,35.3214],[127.30621,35.3214],[127.30622,35.32223],[127.3063,35.32222],[127.30628,35.3214]]],[[[127.3062,35.3214],[127.30613,35.3214],[127.30614,35.32229],[127.30621,35.32229],[127.3062,35.3214]]],[[[127.30606,35.32229],[127.30613,35.32229],[127.30612,35.3214],[127.30605,35.32141],[127.30606,35.32229]]],[[[127.30608,35.3223],[127.30597,35.3223],[127.30597,35.32235],[127.30608,35.32234],[127.30608,35.3223]]],[[[127.30598,35.32229],[127.30605,35.32229],[127.30603,35.3214],[127.30597,35.3214],[127.30598,35.32229]]]]}},{"type":"Feature","properties":{"cls":"단동","emd":"금지면","area":3710},"geometry":{"type":"Polygon","coordinates":[[[127.30793,35.32204],[127.30753,35.32282],[127.30783,35.32292],[127.30794,35.32292],[127.30833,35.32217],[127.30793,35.32204]]]}},{"type":"Feature","properties":{"cls":"단동","emd":"금지면","area":4882},"geometry":{"type":"MultiPolygon","coordinates":[[[[127.30451,35.32136],[127.30457,35.32136],[127.30456,35.32044],[127.30449,35.32044],[127.30451,35.32136]]],[[[127.30449,35.32045],[127.30441,35.32045],[127.30442,35.32136],[127.30449,35.32136],[127.30449,35.32045]]],[[[127.30434,35.32136],[127.30441,35.32136],[127.30441,35.32044],[127.30433,35.32045],[127.30434,35.32136]]],[[[127.30426,35.32136],[127.30433,35.32135],[127.30432,35.32044],[127.30425,35.32044],[127.30426,35.32136]]],[[[127.30417,35.32136],[127.30424,35.32136],[127.30424,35.32045],[127.30418,35.32045],[127.30417,35.32136]]],[[[127.30415,35.32136],[127.30415,35.32045],[127.304,35.32045],[127.304,35.32136],[127.30408,35.32136],[127.30407,35.32091],[127.30409,35.32136],[127.30415,35.32136]]]]}},{"type":"Feature","properties":{"cls":"단동","emd":"금지면","area":3645},"geometry":{"type":"MultiPolygon","coordinates":[[[[127.30638,35.32117],[127.30638,35.32044],[127.30632,35.32043],[127.30631,35.32135],[127.30639,35.32135],[127.30638,35.32117]]],[[[127.3063,35.32135],[127.3063,35.32046],[127.30622,35.32043],[127.30622,35.32135],[127.3063,35.32135]]],[[[127.30622,35.32135],[127.30621,35.32044],[127.30614,35.32043],[127.30614,35.32135],[127.30622,35.32135]]],[[[127.30605,35.32048],[127.30606,35.32135],[127.30613,35.32136],[127.30612,35.32044],[127.30606,35.32044],[127.30605,35.32048]],[[127.3061,35.32047],[127.30611,35.32047],[127.3061,35.32047],[127.3061,35.32047]]],[[[127.30605,35.32135],[127.30604,35.32044],[127.30597,35.32044],[127.30598,35.32136],[127.30605,35.32135]]],[[[127.30595,35.32136],[127.30596,35.32136],[127.30595,35.32044],[127.30595,35.32136]]]]}},{"type":"Feature","properties":{"cls":"단동","emd":"금지면","area":2428},"geometry":{"type":"MultiPolygon","coordinates":[[[[127.30139,35.31951],[127.30131,35.31951],[127.30132,35.32041],[127.30141,35.32041],[127.30139,35.31951]]],[[[127.30129,35.32041],[127.30129,35.31951],[127.3012,35.31952],[127.30121,35.32041],[127.30129,35.32041]]],[[[127.3011,35.32041],[127.30119,35.32041],[127.30118,35.31951],[127.30109,35.31952],[127.3011,35.32041]]]]}},{"type":"Feature","properties":{"cls":"단동","emd":"금지면","area":2522},"geometry":{"type":"MultiPolygon","coordinates":[[[[127.30383,35.3195],[127.30383,35.32037],[127.30388,35.32038],[127.30389,35.31949],[127.30383,35.3195]]],[[[127.30377,35.31949],[127.30375,35.3195],[127.30375,35.32038],[127.30382,35.32037],[127.30382,35.3195],[127.30377,35.31949]]],[[[127.30374,35.3195],[127.30367,35.3195],[127.30367,35.32037],[127.30374,35.32037],[127.30374,35.3195]]],[[[127.30359,35.32037],[127.30366,35.32038],[127.30366,35.3195],[127.30359,35.3195],[127.30359,35.32037]]]]}},{"type":"Feature","properties":{"cls":"단동","emd":"금지면","area":2622},"geometry":{"type":"MultiPolygon","coordinates":[[[[127.30416,35.31949],[127.30416,35.32037],[127.30422,35.32038],[127.30423,35.31949],[127.30416,35.31949]]],[[[127.30414,35.31949],[127.30407,35.31949],[127.30409,35.32038],[127.30415,35.32037],[127.30414,35.31949]]],[[[127.30399,35.31949],[127.304,35.32037],[127.30407,35.32038],[127.30407,35.31949],[127.30399,35.31949]]],[[[127.30393,35.31949],[127.30392,35.32035],[127.30399,35.32038],[127.30399,35.31951],[127.30393,35.31949]]]]}},{"type":"Feature","properties":{"cls":"단동","emd":"금지면","area":1366},"geometry":{"type":"MultiPolygon","coordinates":[[[[127.30449,35.32038],[127.30456,35.32037],[127.30455,35.31948],[127.30448,35.31949],[127.30449,35.32038]]],[[[127.30439,35.31949],[127.3044,35.32038],[127.30447,35.32038],[127.30447,35.31949],[127.30439,35.31949]]]]}},{"type":"Feature","properties":{"cls":"단동","emd":"금지면","area":2617},"geometry":{"type":"MultiPolygon","coordinates":[[[[127.30483,35.32038],[127.30489,35.32037],[127.30487,35.31948],[127.30481,35.31948],[127.30483,35.32038]]],[[[127.30474,35.32038],[127.30481,35.32037],[127.30479,35.31948],[127.30473,35.31948],[127.30474,35.32038]]],[[[127.30465,35.31949],[127.30466,35.32038],[127.30467,35.32038],[127.30473,35.32036],[127.30472,35.31948],[127.30465,35.31949]]],[[[127.30457,35.31949],[127.30458,35.32038],[127.30465,35.32038],[127.30464,35.31948],[127.30457,35.31949]]]]}},{"type":"Feature","properties":{"cls":"단동","emd":"금지면","area":2660},"geometry":{"type":"MultiPolygon","coordinates":[[[[127.30547,35.31947],[127.3054,35.31947],[127.3054,35.32036],[127.30555,35.32037],[127.30555,35.31947],[127.30548,35.31947],[127.30548,35.32036],[127.30547,35.31947]]],[[[127.30532,35.32037],[127.3054,35.32036],[127.30538,35.31947],[127.30531,35.31948],[127.30532,35.32037]]],[[[127.3053,35.31947],[127.30523,35.31947],[127.30524,35.32037],[127.30531,35.32036],[127.3053,35.31947]]]]}},{"type":"Feature","properties":{"cls":"단동","emd":"금지면","area":1013},"geometry":{"type":"Polygon","coordinates":[[[127.30607,35.31946],[127.30596,35.31947],[127.30597,35.32036],[127.30607,35.32036],[127.30607,35.31946]]]}},{"type":"Feature","properties":{"cls":"단동","emd":"금지면","area":2000},"geometry":{"type":"MultiPolygon","coordinates":[[[[127.30644,35.31946],[127.30637,35.31946],[127.30638,35.32032],[127.30642,35.32032],[127.30645,35.3203],[127.30644,35.31946]]],[[[127.30629,35.32035],[127.30636,35.32036],[127.30636,35.31945],[127.30629,35.31947],[127.30629,35.32035]]],[[[127.30621,35.31946],[127.30621,35.32035],[127.30627,35.32036],[127.30628,35.31947],[127.30621,35.31946]]],[[[127.3062,35.32036],[127.30621,35.32018],[127.3062,35.31946],[127.30619,35.32035],[127.3062,35.3203],[127.3062,35.32036]]]]}},{"type":"Feature","properties":{"cls":"단동","emd":"금지면","area":2510},"geometry":{"type":"MultiPolygon","coordinates":[[[[127.30452,35.31855],[127.30448,35.31856],[127.3045,35.31943],[127.30456,35.31943],[127.30452,35.31855]]],[[[127.30447,35.31856],[127.3044,35.31856],[127.30441,35.31943],[127.30448,35.31943],[127.30447,35.31856]]],[[[127.30432,35.31858],[127.30433,35.31944],[127.3044,35.31943],[127.30439,35.31856],[127.30432,35.31858]]],[[[127.30431,35.31856],[127.30424,35.31856],[127.30425,35.31944],[127.30432,35.31943],[127.30431,35.31856]]]]}},{"type":"Feature","properties":{"cls":"단동","emd":"금지면","area":1334},"geometry":{"type":"MultiPolygon","coordinates":[[[[127.3051,35.31856],[127.3051,35.31943],[127.30518,35.31943],[127.30518,35.31857],[127.3051,35.31856]]],[[[127.30502,35.31943],[127.30509,35.31943],[127.30509,35.31856],[127.30501,35.31857],[127.30502,35.31943]]]]}},{"type":"Feature","properties":{"cls":"단동","emd":"금지면","area":1762},"geometry":{"type":"Polygon","coordinates":[[[127.30746,35.32179],[127.30763,35.32187],[127.30806,35.32103],[127.30788,35.32101],[127.30746,35.32179]]]}},{"type":"Feature","properties":{"cls":"단동","emd":"금지면","area":8763},"geometry":{"type":"Polygon","coordinates":[[[127.30823,35.32109],[127.30807,35.32105],[127.30764,35.32187],[127.30851,35.32218],[127.30895,35.32136],[127.30823,35.32109]],[[127.3085,35.32217],[127.3085,35.32217],[127.3085,35.32217],[127.3085,35.32217]]]}}]}