{"type":"FeatureCollection","features":[{"type":"Feature","properties":{"cls":"단동","emd":"금동"},"geometry":{"type":"Point","coordinates":[127.3707,35.40408]}},{"type":"Feature","properties":{"cls":"단동","emd":"금동"},"geometry":{"type":"Point","coordinates":[127.36961,35.40489]}},{"type":"Feature","properties":{"cls":"단동","emd":"금동"},"geometry":{"type":"Point","coordinates":[127.36814,35.40412]}},{"type":"Feature","properties":{"cls":"단동","emd":"금동"},"geometry":{"type":"Point","coordinates":[127.36743,35.40391]}},{"type":"Feature","properties":{"cls":"단동","emd":"금동"},"geometry":{"type":"Point","coordinates":[127.36657,35.40226]}},{"type":"Feature","properties":{"cls":"단동","emd":"금동"},"geometry":{"type":"Point","coordinates":[127.36563,35.40167]}},{"type":"Feature","properties":{"cls":"단동","emd":"금동"},"geometry":{"type":"Point","coordinates":[127.36414,35.39959]}},{"type":"Feature","properties":{"cls":"단동","emd":"금동"},"geometry":{"type":"Point","coordinates":[127.36381,35.40003]}},{"type":"Feature","properties":{"cls":"단동","emd":"금동"},"geometry":{"type":"Point","coordinates":[127.36385,35.39989]}},{"type":"Feature","properties":{"cls":"단동","emd":"금동"},"geometry":{"type":"Point","coordinates":[127.36273,35.39914]}},{"type":"Feature","properties":{"cls":"단동","emd":"금동"},"geometry":{"type":"Point","coordinates":[127.36291,35.39934]}},{"type":"Feature","properties":{"cls":"단동","emd":"금동"},"geometry":{"type":"Point","coordinates":[127.36313,35.39888]}},{"type":"Feature","properties":{"cls":"다동","emd":"금동"},"geometry":{"type":"Point","coordinates":[127.3632,35.39875]}},{"type":"Feature","properties":{"cls":"단동","emd":"왕정동"},"geometry":{"type":"Point","coordinates":[127.37635,35.41381]}},{"type":"Feature","properties":{"cls":"단동","emd":"신정동"},"geometry":{"type":"Point","coordinates":[127.35899,35.40875]}},{"type":"Feature","properties":{"cls":"단동","emd":"신정동"},"geometry":{"type":"Point","coordinates":[127.35916,35.40359]}},{"type":"Feature","properties":{"cls":"단동","emd":"신정동"},"geometry":{"type":"Point","coordinates":[127.36032,35.40336]}},{"type":"Feature","properties":{"cls":"단동","emd":"신정동"},"geometry":{"type":"Point","coordinates":[127.36294,35.40428]}},{"type":"Feature","properties":{"cls":"단동","emd":"신정동"},"geometry":{"type":"Point","coordinates":[127.36353,35.4044]}},{"type":"Feature","properties":{"cls":"단동","emd":"신정동"},"geometry":{"type":"Point","coordinates":[127.36247,35.40212]}},{"type":"Feature","properties":{"cls":"단동","emd":"신정동"},"geometry":{"type":"Point","coordinates":[127.36238,35.40253]}},{"type":"Feature","properties":{"cls":"단동","emd":"신정동"},"geometry":{"type":"Point","coordinates":[127.36192,35.40285]}},{"type":"Feature","properties":{"cls":"단동","emd":"신정동"},"geometry":{"type":"Point","coordinates":[127.35908,35.40295]}},{"type":"Feature","properties":{"cls":"단동","emd":"신정동"},"geometry":{"type":"Point","coordinates":[127.35915,35.40228]}},{"type":"Feature","properties":{"cls":"단동","emd":"신정동"},"geometry":{"type":"Point","coordinates":[127.35757,35.40222]}},{"type":"Feature","properties":{"cls":"단동","emd":"신정동"},"geometry":{"type":"Point","coordinates":[127.35749,35.40238]}},{"type":"Feature","properties":{"cls":"단동","emd":"신정동"},"geometry":{"type":"Point","coordinates":[127.3586,35.40257]}},{"type":"Feature","properties":{"cls":"단동","emd":"신정동"},"geometry":{"type":"Point","coordinates":[127.35827,35.40275]}},{"type":"Feature","properties":{"cls":"단동","emd":"신정동"},"geometry":{"type":"Point","coordinates":[127.3564,35.40725]}},{"type":"Feature","properties":{"cls":"단동","emd":"신정동"},"geometry":{"type":"Point","coordinates":[127.35629,35.40762]}},{"type":"Feature","properties":{"cls":"단동","emd":"신정동"},"geometry":{"type":"Point","coordinates":[127.35803,35.40919]}},{"type":"Feature","properties":{"cls":"단동","emd":"신정동"},"geometry":{"type":"Point","coordinates":[127.36114,35.4135]}},{"type":"Feature","properties":{"cls":"단동","emd":"신정동"},"geometry":{"type":"Point","coordinates":[127.35974,35.41305]}},{"type":"Feature","properties":{"cls":"다동","emd":"신정동"},"geometry":{"type":"Point","coordinates":[127.35939,35.41218]}},{"type":"Feature","properties":{"cls":"단동","emd":"신정동"},"geometry":{"type":"Point","coordinates":[127.35796,35.41119]}},{"type":"Feature","properties":{"cls":"단동","emd":"신정동"},"geometry":{"type":"Point","coordinates":[127.35811,35.41293]}},{"type":"Feature","properties":{"cls":"단동","emd":"신정동"},"geometry":{"type":"Point","coordinates":[127.35854,35.41288]}},{"type":"Feature","properties":{"cls":"단동","emd":"화정동"},"geometry":{"type":"Point","coordinates":[127.34848,35.4106]}},{"type":"Feature","properties":{"cls":"단동","emd":"화정동"},"geometry":{"type":"Point","coordinates":[127.3484,35.41065]}},{"type":"Feature","properties":{"cls":"단동","emd":"화정동"},"geometry":{"type":"Point","coordinates":[127.34844,35.41069]}},{"type":"Feature","properties":{"cls":"단동","emd":"화정동"},"geometry":{"type":"Point","coordinates":[127.34839,35.41074]}},{"type":"Feature","properties":{"cls":"단동","emd":"화정동"},"geometry":{"type":"Point","coordinates":[127.34901,35.41421]}},{"type":"Feature","properties":{"cls":"단동","emd":"화정동"},"geometry":{"type":"Point","coordinates":[127.34638,35.40889]}},{"type":"Feature","properties":{"cls":"단동","emd":"화정동"},"geometry":{"type":"Point","coordinates":[127.34632,35.40705]}},{"type":"Feature","properties":{"cls":"단동","emd":"화정동"},"geometry":{"type":"Point","coordinates":[127.34499,35.40723]}},{"type":"Feature","properties":{"cls":"단동","emd":"향교동"},"geometry":{"type":"Point","coordinates":[127.37288,35.41285]}},{"type":"Feature","properties":{"cls":"단동","emd":"용정동"},"geometry":{"type":"Point","coordinates":[127.37572,35.42864]}},{"type":"Feature","properties":{"cls":"단동","emd":"용정동"},"geometry":{"type":"Point","coordinates":[127.38023,35.42932]}},{"type":"Feature","properties":{"cls":"단동","emd":"광치동"},"geometry":{"type":"Point","coordinates":[127.39349,35.45591]}},{"type":"Feature","properties":{"cls":"단동","emd":"광치동"},"geometry":{"type":"Point","coordinates":[127.39449,35.45292]}},{"type":"Feature","properties":{"cls":"다동","emd":"광치동"},"geometry":{"type":"Point","coordinates":[127.36799,35.44447]}},{"type":"Feature","properties":{"cls":"단동","emd":"광치동"},"geometry":{"type":"Point","coordinates":[127.38164,35.44954]}},{"type":"Feature","properties":{"cls":"단동","emd":"내척동"},"geometry":{"type":"Point","coordinates":[127.35793,35.44167]}},{"type":"Feature","properties":{"cls":"단동","emd":"월락동"},"geometry":{"type":"Point","coordinates":[127.40202,35.42195]}},{"type":"Feature","properties":{"cls":"단동","emd":"고죽동"},"geometry":{"type":"Point","coordinates":[127.41326,35.42957]}},{"type":"Feature","properties":{"cls":"단동","emd":"고죽동"},"geometry":{"type":"Point","coordinates":[127.39915,35.44767]}},{"type":"Feature","properties":{"cls":"다동","emd":"고죽동"},"geometry":{"type":"Point","coordinates":[127.39734,35.44923]}},{"type":"Feature","properties":{"cls":"단동","emd":"식정동"},"geometry":{"type":"Point","coordinates":[127.42678,35.4408]}},{"type":"Feature","properties":{"cls":"단동","emd":"식정동"},"geometry":{"type":"Point","coordinates":[127.42511,35.43911]}},{"type":"Feature","properties":{"cls":"단동","emd":"식정동"},"geometry":{"type":"Point","coordinates":[127.42526,35.4389]}},{"type":"Feature","properties":{"cls":"단동","emd":"갈치동"},"geometry":{"type":"Point","coordinates":[127.41473,35.45272]}},{"type":"Feature","properties":{"cls":"단동","emd":"갈치동"},"geometry":{"type":"Point","coordinates":[127.41641,35.44862]}},{"type":"Feature","properties":{"cls":"단동","emd":"어현동"},"geometry":{"type":"Point","coordinates":[127.38773,35.38166]}},{"type":"Feature","properties":{"cls":"단동","emd":"어현동"},"geometry":{"type":"Point","coordinates":[127.38859,35.38566]}},{"type":"Feature","properties":{"cls":"단동","emd":"어현동"},"geometry":{"type":"Point","coordinates":[127.38911,35.38596]}},{"type":"Feature","properties":{"cls":"단동","emd":"어현동"},"geometry":{"type":"Point","coordinates":[127.39195,35.38741]}},{"type":"Feature","properties":{"cls":"단동","emd":"어현동"},"geometry":{"type":"Point","coordinates":[127.38882,35.38599]}},{"type":"Feature","properties":{"cls":"단동","emd":"운봉읍"},"geometry":{"type":"Point","coordinates":[127.51292,35.40028]}},{"type":"Feature","properties":{"cls":"단동","emd":"운봉읍"},"geometry":{"type":"Point","coordinates":[127.51076,35.39503]}},{"type":"Feature","properties":{"cls":"단동","emd":"운봉읍"},"geometry":{"type":"Point","coordinates":[127.51035,35.39473]}},{"type":"Feature","properties":{"cls":"단동","emd":"운봉읍"},"geometry":{"type":"Point","coordinates":[127.51077,35.39823]}},{"type":"Feature","properties":{"cls":"단동","emd":"운봉읍"},"geometry":{"type":"Point","coordinates":[127.50639,35.40075]}},{"type":"Feature","properties":{"cls":"단동","emd":"운봉읍"},"geometry":{"type":"Point","coordinates":[127.50657,35.40129]}},{"type":"Feature","properties":{"cls":"단동","emd":"운봉읍"},"geometry":{"type":"Point","coordinates":[127.51225,35.4012]}},{"type":"Feature","properties":{"cls":"단동","emd":"운봉읍"},"geometry":{"type":"Point","coordinates":[127.50809,35.40087]}},{"type":"Feature","properties":{"cls":"단동","emd":"운봉읍"},"geometry":{"type":"Point","coordinates":[127.51124,35.40221]}},{"type":"Feature","properties":{"cls":"단동","emd":"운봉읍"},"geometry":{"type":"Point","coordinates":[127.50484,35.40221]}},{"type":"Feature","properties":{"cls":"단동","emd":"운봉읍"},"geometry":{"type":"Point","coordinates":[127.50582,35.40279]}},{"type":"Feature","properties":{"cls":"단동","emd":"운봉읍"},"geometry":{"type":"Point","coordinates":[127.50826,35.40168]}},{"type":"Feature","properties":{"cls":"다동","emd":"운봉읍"},"geometry":{"type":"Point","coordinates":[127.51453,35.40252]}},{"type":"Feature","properties":{"cls":"단동","emd":"운봉읍"},"geometry":{"type":"Point","coordinates":[127.51509,35.39449]}},{"type":"Feature","properties":{"cls":"단동","emd":"운봉읍"},"geometry":{"type":"Point","coordinates":[127.5053,35.40182]}},{"type":"Feature","properties":{"cls":"단동","emd":"운봉읍"},"geometry":{"type":"Point","coordinates":[127.50586,35.40021]}},{"type":"Feature","properties":{"cls":"단동","emd":"운봉읍"},"geometry":{"type":"Point","coordinates":[127.52282,35.40473]}},{"type":"Feature","properties":{"cls":"단동","emd":"운봉읍"},"geometry":{"type":"Point","coordinates":[127.52327,35.40571]}},{"type":"Feature","properties":{"cls":"단동","emd":"운봉읍"},"geometry":{"type":"Point","coordinates":[127.52495,35.40753]}},{"type":"Feature","properties":{"cls":"단동","emd":"운봉읍"},"geometry":{"type":"Point","coordinates":[127.52551,35.40684]}},{"type":"Feature","properties":{"cls":"단동","emd":"운봉읍"},"geometry":{"type":"Point","coordinates":[127.52373,35.40403]}},{"type":"Feature","properties":{"cls":"단동","emd":"운봉읍"},"geometry":{"type":"Point","coordinates":[127.5255,35.4019]}},{"type":"Feature","properties":{"cls":"단동","emd":"운봉읍"},"geometry":{"type":"Point","coordinates":[127.52599,35.40152]}},{"type":"Feature","properties":{"cls":"단동","emd":"운봉읍"},"geometry":{"type":"Point","coordinates":[127.52619,35.4013]}},{"type":"Feature","properties":{"cls":"단동","emd":"운봉읍"},"geometry":{"type":"Point","coordinates":[127.52664,35.40108]}},{"type":"Feature","properties":{"cls":"단동","emd":"운봉읍"},"geometry":{"type":"Point","coordinates":[127.5265,35.40251]}},{"type":"Feature","properties":{"cls":"단동","emd":"운봉읍"},"geometry":{"type":"Point","coordinates":[127.5267,35.40232]}},{"type":"Feature","properties":{"cls":"단동","emd":"운봉읍"},"geometry":{"type":"Point","coordinates":[127.52616,35.40441]}},{"type":"Feature","properties":{"cls":"단동","emd":"운봉읍"},"geometry":{"type":"Point","coordinates":[127.52635,35.40419]}},{"type":"Feature","properties":{"cls":"단동","emd":"운봉읍"},"geometry":{"type":"Point","coordinates":[127.52759,35.40295]}},{"type":"Feature","properties":{"cls":"다동","emd":"운봉읍"},"geometry":{"type":"Point","coordinates":[127.52644,35.40567]}},{"type":"Feature","properties":{"cls":"단동","emd":"운봉읍"},"geometry":{"type":"Point","coordinates":[127.52664,35.40552]}},{"type":"Feature","properties":{"cls":"단동","emd":"운봉읍"},"geometry":{"type":"Point","coordinates":[127.52711,35.40505]}},{"type":"Feature","properties":{"cls":"단동","emd":"운봉읍"},"geometry":{"type":"Point","coordinates":[127.52772,35.4044]}},{"type":"Feature","properties":{"cls":"단동","emd":"운봉읍"},"geometry":{"type":"Point","coordinates":[127.52793,35.40412]}},{"type":"Feature","properties":{"cls":"단동","emd":"운봉읍"},"geometry":{"type":"Point","coordinates":[127.52941,35.40268]}},{"type":"Feature","properties":{"cls":"단동","emd":"운봉읍"},"geometry":{"type":"Point","coordinates":[127.51516,35.41191]}},{"type":"Feature","properties":{"cls":"단동","emd":"운봉읍"},"geometry":{"type":"Point","coordinates":[127.51593,35.41098]}},{"type":"Feature","properties":{"cls":"단동","emd":"운봉읍"},"geometry":{"type":"Point","coordinates":[127.51607,35.41108]}},{"type":"Feature","properties":{"cls":"단동","emd":"운봉읍"},"geometry":{"type":"Point","coordinates":[127.51527,35.4093]}},{"type":"Feature","properties":{"cls":"단동","emd":"운봉읍"},"geometry":{"type":"Point","coordinates":[127.51544,35.4094]}},{"type":"Feature","properties":{"cls":"단동","emd":"운봉읍"},"geometry":{"type":"Point","coordinates":[127.51877,35.41123]}},{"type":"Feature","properties":{"cls":"단동","emd":"운봉읍"},"geometry":{"type":"Point","coordinates":[127.51813,35.40775]}},{"type":"Feature","properties":{"cls":"단동","emd":"운봉읍"},"geometry":{"type":"Point","coordinates":[127.51631,35.40649]}},{"type":"Feature","properties":{"cls":"단동","emd":"운봉읍"},"geometry":{"type":"Point","coordinates":[127.52415,35.40316]}},{"type":"Feature","properties":{"cls":"단동","emd":"운봉읍"},"geometry":{"type":"Point","coordinates":[127.53095,35.41315]}},{"type":"Feature","properties":{"cls":"단동","emd":"운봉읍"},"geometry":{"type":"Point","coordinates":[127.52929,35.41076]}},{"type":"Feature","properties":{"cls":"단동","emd":"운봉읍"},"geometry":{"type":"Point","coordinates":[127.52892,35.41133]}},{"type":"Feature","properties":{"cls":"단동","emd":"운봉읍"},"geometry":{"type":"Point","coordinates":[127.53576,35.40522]}},{"type":"Feature","properties":{"cls":"단동","emd":"운봉읍"},"geometry":{"type":"Point","coordinates":[127.52471,35.40917]}},{"type":"Feature","properties":{"cls":"단동","emd":"운봉읍"},"geometry":{"type":"Point","coordinates":[127.52775,35.4091]}},{"type":"Feature","properties":{"cls":"단동","emd":"운봉읍"},"geometry":{"type":"Point","coordinates":[127.52799,35.40891]}},{"type":"Feature","properties":{"cls":"단동","emd":"운봉읍"},"geometry":{"type":"Point","coordinates":[127.52658,35.41183]}},{"type":"Feature","properties":{"cls":"단동","emd":"운봉읍"},"geometry":{"type":"Point","coordinates":[127.52744,35.40634]}},{"type":"Feature","properties":{"cls":"단동","emd":"운봉읍"},"geometry":{"type":"Point","coordinates":[127.52972,35.40399]}},{"type":"Feature","properties":{"cls":"단동","emd":"운봉읍"},"geometry":{"type":"Point","coordinates":[127.52966,35.40573]}},{"type":"Feature","properties":{"cls":"단동","emd":"운봉읍"},"geometry":{"type":"Point","coordinates":[127.53007,35.40531]}},{"type":"Feature","properties":{"cls":"단동","emd":"운봉읍"},"geometry":{"type":"Point","coordinates":[127.53119,35.40569]}},{"type":"Feature","properties":{"cls":"단동","emd":"운봉읍"},"geometry":{"type":"Point","coordinates":[127.53027,35.40359]}},{"type":"Feature","properties":{"cls":"단동","emd":"운봉읍"},"geometry":{"type":"Point","coordinates":[127.53087,35.40297]}},{"type":"Feature","properties":{"cls":"단동","emd":"운봉읍"},"geometry":{"type":"Point","coordinates":[127.5255,35.41683]}},{"type":"Feature","properties":{"cls":"단동","emd":"운봉읍"},"geometry":{"type":"Point","coordinates":[127.52427,35.41664]}},{"type":"Feature","properties":{"cls":"단동","emd":"운봉읍"},"geometry":{"type":"Point","coordinates":[127.52106,35.41739]}},{"type":"Feature","properties":{"cls":"단동","emd":"운봉읍"},"geometry":{"type":"Point","coordinates":[127.52298,35.41635]}},{"type":"Feature","properties":{"cls":"단동","emd":"운봉읍"},"geometry":{"type":"Point","coordinates":[127.52468,35.4152]}},{"type":"Feature","properties":{"cls":"단동","emd":"운봉읍"},"geometry":{"type":"Point","coordinates":[127.5253,35.41486]}},{"type":"Feature","properties":{"cls":"단동","emd":"운봉읍"},"geometry":{"type":"Point","coordinates":[127.52013,35.42098]}},{"type":"Feature","properties":{"cls":"단동","emd":"운봉읍"},"geometry":{"type":"Point","coordinates":[127.52001,35.42195]}},{"type":"Feature","properties":{"cls":"단동","emd":"운봉읍"},"geometry":{"type":"Point","coordinates":[127.52128,35.42231]}},{"type":"Feature","properties":{"cls":"단동","emd":"운봉읍"},"geometry":{"type":"Point","coordinates":[127.52168,35.42291]}},{"type":"Feature","properties":{"cls":"단동","emd":"운봉읍"},"geometry":{"type":"Point","coordinates":[127.51995,35.42789]}},{"type":"Feature","properties":{"cls":"단동","emd":"운봉읍"},"geometry":{"type":"Point","coordinates":[127.52271,35.42844]}},{"type":"Feature","properties":{"cls":"다동","emd":"운봉읍"},"geometry":{"type":"Point","coordinates":[127.50856,35.4246]}},{"type":"Feature","properties":{"cls":"단동","emd":"운봉읍"},"geometry":{"type":"Point","coordinates":[127.52268,35.4237]}},{"type":"Feature","properties":{"cls":"단동","emd":"운봉읍"},"geometry":{"type":"Point","coordinates":[127.52177,35.4193]}},{"type":"Feature","properties":{"cls":"다동","emd":"운봉읍"},"geometry":{"type":"Point","coordinates":[127.52233,35.41906]}},{"type":"Feature","properties":{"cls":"단동","emd":"운봉읍"},"geometry":{"type":"Point","coordinates":[127.50903,35.42577]}},{"type":"Feature","properties":{"cls":"다동","emd":"운봉읍"},"geometry":{"type":"Point","coordinates":[127.50808,35.42287]}},{"type":"Feature","properties":{"cls":"단동","emd":"운봉읍"},"geometry":{"type":"Point","coordinates":[127.54442,35.42425]}},{"type":"Feature","properties":{"cls":"단동","emd":"운봉읍"},"geometry":{"type":"Point","coordinates":[127.53874,35.42032]}},{"type":"Feature","properties":{"cls":"다동","emd":"운봉읍"},"geometry":{"type":"Point","coordinates":[127.52442,35.42715]}},{"type":"Feature","properties":{"cls":"단동","emd":"운봉읍"},"geometry":{"type":"Point","coordinates":[127.52468,35.42407]}},{"type":"Feature","properties":{"cls":"단동","emd":"운봉읍"},"geometry":{"type":"Point","coordinates":[127.52921,35.42351]}},{"type":"Feature","properties":{"cls":"다동","emd":"운봉읍"},"geometry":{"type":"Point","coordinates":[127.53004,35.42236]}},{"type":"Feature","properties":{"cls":"단동","emd":"운봉읍"},"geometry":{"type":"Point","coordinates":[127.53318,35.42318]}},{"type":"Feature","properties":{"cls":"단동","emd":"운봉읍"},"geometry":{"type":"Point","coordinates":[127.53265,35.42677]}},{"type":"Feature","properties":{"cls":"단동","emd":"운봉읍"},"geometry":{"type":"Point","coordinates":[127.53273,35.42668]}},{"type":"Feature","properties":{"cls":"다동","emd":"운봉읍"},"geometry":{"type":"Point","coordinates":[127.53455,35.42624]}},{"type":"Feature","properties":{"cls":"다동","emd":"운봉읍"},"geometry":{"type":"Point","coordinates":[127.53393,35.42854]}},{"type":"Feature","properties":{"cls":"단동","emd":"운봉읍"},"geometry":{"type":"Point","coordinates":[127.53317,35.4246]}},{"type":"Feature","properties":{"cls":"단동","emd":"운봉읍"},"geometry":{"type":"Point","coordinates":[127.53425,35.42376]}},{"type":"Feature","properties":{"cls":"다동","emd":"운봉읍"},"geometry":{"type":"Point","coordinates":[127.53449,35.42479]}},{"type":"Feature","properties":{"cls":"단동","emd":"운봉읍"},"geometry":{"type":"Point","coordinates":[127.53698,35.42676]}},{"type":"Feature","properties":{"cls":"단동","emd":"운봉읍"},"geometry":{"type":"Point","coordinates":[127.53713,35.42668]}},{"type":"Feature","properties":{"cls":"단동","emd":"운봉읍"},"geometry":{"type":"Point","coordinates":[127.53884,35.42437]}},{"type":"Feature","properties":{"cls":"단동","emd":"운봉읍"},"geometry":{"type":"Point","coordinates":[127.53682,35.42377]}},{"type":"Feature","properties":{"cls":"단동","emd":"운봉읍"},"geometry":{"type":"Point","coordinates":[127.54217,35.4256]}},{"type":"Feature","properties":{"cls":"단동","emd":"운봉읍"},"geometry":{"type":"Point","coordinates":[127.5425,35.42535]}},{"type":"Feature","properties":{"cls":"단동","emd":"운봉읍"},"geometry":{"type":"Point","coordinates":[127.54441,35.41722]}},{"type":"Feature","properties":{"cls":"단동","emd":"운봉읍"},"geometry":{"type":"Point","coordinates":[127.52604,35.43063]}},{"type":"Feature","properties":{"cls":"단동","emd":"운봉읍"},"geometry":{"type":"Point","coordinates":[127.52437,35.42918]}},{"type":"Feature","properties":{"cls":"다동","emd":"운봉읍"},"geometry":{"type":"Point","coordinates":[127.5301,35.42954]}},{"type":"Feature","properties":{"cls":"단동","emd":"운봉읍"},"geometry":{"type":"Point","coordinates":[127.5323,35.43033]}},{"type":"Feature","properties":{"cls":"다동","emd":"운봉읍"},"geometry":{"type":"Point","coordinates":[127.53081,35.43356]}},{"type":"Feature","properties":{"cls":"다동","emd":"운봉읍"},"geometry":{"type":"Point","coordinates":[127.53395,35.4317]}},{"type":"Feature","properties":{"cls":"다동","emd":"운봉읍"},"geometry":{"type":"Point","coordinates":[127.53545,35.42849]}},{"type":"Feature","properties":{"cls":"단동","emd":"운봉읍"},"geometry":{"type":"Point","coordinates":[127.5361,35.43113]}},{"type":"Feature","properties":{"cls":"다동","emd":"운봉읍"},"geometry":{"type":"Point","coordinates":[127.54885,35.42281]}},{"type":"Feature","properties":{"cls":"단동","emd":"운봉읍"},"geometry":{"type":"Point","coordinates":[127.54224,35.43129]}},{"type":"Feature","properties":{"cls":"단동","emd":"운봉읍"},"geometry":{"type":"Point","coordinates":[127.54324,35.43083]}},{"type":"Feature","properties":{"cls":"다동","emd":"운봉읍"},"geometry":{"type":"Point","coordinates":[127.5402,35.4313]}},{"type":"Feature","properties":{"cls":"단동","emd":"운봉읍"},"geometry":{"type":"Point","coordinates":[127.54044,35.44103]}},{"type":"Feature","properties":{"cls":"단동","emd":"운봉읍"},"geometry":{"type":"Point","coordinates":[127.53987,35.44009]}},{"type":"Feature","properties":{"cls":"단동","emd":"운봉읍"},"geometry":{"type":"Point","coordinates":[127.5393,35.43955]}},{"type":"Feature","properties":{"cls":"단동","emd":"운봉읍"},"geometry":{"type":"Point","coordinates":[127.53868,35.44394]}},{"type":"Feature","properties":{"cls":"단동","emd":"운봉읍"},"geometry":{"type":"Point","coordinates":[127.53652,35.43993]}},{"type":"Feature","properties":{"cls":"단동","emd":"운봉읍"},"geometry":{"type":"Point","coordinates":[127.53525,35.44225]}},{"type":"Feature","properties":{"cls":"단동","emd":"운봉읍"},"geometry":{"type":"Point","coordinates":[127.52529,35.44733]}},{"type":"Feature","properties":{"cls":"다동","emd":"운봉읍"},"geometry":{"type":"Point","coordinates":[127.52453,35.44659]}},{"type":"Feature","properties":{"cls":"단동","emd":"운봉읍"},"geometry":{"type":"Point","coordinates":[127.5236,35.44201]}},{"type":"Feature","properties":{"cls":"단동","emd":"운봉읍"},"geometry":{"type":"Point","coordinates":[127.52616,35.44412]}},{"type":"Feature","properties":{"cls":"단동","emd":"운봉읍"},"geometry":{"type":"Point","coordinates":[127.52925,35.4435]}},{"type":"Feature","properties":{"cls":"단동","emd":"운봉읍"},"geometry":{"type":"Point","coordinates":[127.52744,35.44268]}},{"type":"Feature","properties":{"cls":"단동","emd":"운봉읍"},"geometry":{"type":"Point","coordinates":[127.52802,35.44256]}},{"type":"Feature","properties":{"cls":"단동","emd":"운봉읍"},"geometry":{"type":"Point","coordinates":[127.52727,35.44173]}},{"type":"Feature","properties":{"cls":"단동","emd":"운봉읍"},"geometry":{"type":"Point","coordinates":[127.52542,35.44116]}},{"type":"Feature","properties":{"cls":"다동","emd":"운봉읍"},"geometry":{"type":"Point","coordinates":[127.52545,35.44004]}},{"type":"Feature","properties":{"cls":"단동","emd":"운봉읍"},"geometry":{"type":"Point","coordinates":[127.52398,35.43832]}},{"type":"Feature","properties":{"cls":"단동","emd":"운봉읍"},"geometry":{"type":"Point","coordinates":[127.52346,35.43509]}},{"type":"Feature","properties":{"cls":"단동","emd":"운봉읍"},"geometry":{"type":"Point","coordinates":[127.5067,35.43867]}},{"type":"Feature","properties":{"cls":"단동","emd":"운봉읍"},"geometry":{"type":"Point","coordinates":[127.51984,35.44143]}},{"type":"Feature","properties":{"cls":"단동","emd":"운봉읍"},"geometry":{"type":"Point","coordinates":[127.50994,35.4371]}},{"type":"Feature","properties":{"cls":"단동","emd":"운봉읍"},"geometry":{"type":"Point","coordinates":[127.51685,35.43913]}},{"type":"Feature","properties":{"cls":"단동","emd":"운봉읍"},"geometry":{"type":"Point","coordinates":[127.51764,35.43808]}},{"type":"Feature","properties":{"cls":"단동","emd":"운봉읍"},"geometry":{"type":"Point","coordinates":[127.51708,35.43755]}},{"type":"Feature","properties":{"cls":"단동","emd":"운봉읍"},"geometry":{"type":"Point","coordinates":[127.51422,35.43649]}},{"type":"Feature","properties":{"cls":"단동","emd":"운봉읍"},"geometry":{"type":"Point","coordinates":[127.51309,35.43468]}},{"type":"Feature","properties":{"cls":"단동","emd":"운봉읍"},"geometry":{"type":"Point","coordinates":[127.51413,35.43217]}},{"type":"Feature","properties":{"cls":"다동","emd":"운봉읍"},"geometry":{"type":"Point","coordinates":[127.51853,35.43726]}},{"type":"Feature","properties":{"cls":"단동","emd":"운봉읍"},"geometry":{"type":"Point","coordinates":[127.51716,35.45125]}},{"type":"Feature","properties":{"cls":"단동","emd":"운봉읍"},"geometry":{"type":"Point","coordinates":[127.50118,35.45721]}},{"type":"Feature","properties":{"cls":"단동","emd":"운봉읍"},"geometry":{"type":"Point","coordinates":[127.49923,35.45666]}},{"type":"Feature","properties":{"cls":"단동","emd":"운봉읍"},"geometry":{"type":"Point","coordinates":[127.49995,35.45631]}},{"type":"Feature","properties":{"cls":"단동","emd":"운봉읍"},"geometry":{"type":"Point","coordinates":[127.50095,35.45851]}},{"type":"Feature","properties":{"cls":"단동","emd":"운봉읍"},"geometry":{"type":"Point","coordinates":[127.50337,35.45798]}},{"type":"Feature","properties":{"cls":"단동","emd":"운봉읍"},"geometry":{"type":"Point","coordinates":[127.50354,35.45203]}},{"type":"Feature","properties":{"cls":"단동","emd":"운봉읍"},"geometry":{"type":"Point","coordinates":[127.50217,35.45022]}},{"type":"Feature","properties":{"cls":"단동","emd":"운봉읍"},"geometry":{"type":"Point","coordinates":[127.50174,35.44945]}},{"type":"Feature","properties":{"cls":"단동","emd":"운봉읍"},"geometry":{"type":"Point","coordinates":[127.50175,35.4493]}},{"type":"Feature","properties":{"cls":"단동","emd":"운봉읍"},"geometry":{"type":"Point","coordinates":[127.50132,35.44913]}},{"type":"Feature","properties":{"cls":"단동","emd":"운봉읍"},"geometry":{"type":"Point","coordinates":[127.50199,35.44822]}},{"type":"Feature","properties":{"cls":"단동","emd":"운봉읍"},"geometry":{"type":"Point","coordinates":[127.51329,35.44869]}},{"type":"Feature","properties":{"cls":"단동","emd":"운봉읍"},"geometry":{"type":"Point","coordinates":[127.49607,35.45485]}},{"type":"Feature","properties":{"cls":"단동","emd":"운봉읍"},"geometry":{"type":"Point","coordinates":[127.49593,35.45343]}},{"type":"Feature","properties":{"cls":"단동","emd":"운봉읍"},"geometry":{"type":"Point","coordinates":[127.51495,35.44928]}},{"type":"Feature","properties":{"cls":"단동","emd":"운봉읍"},"geometry":{"type":"Point","coordinates":[127.51594,35.46576]}},{"type":"Feature","properties":{"cls":"단동","emd":"운봉읍"},"geometry":{"type":"Point","coordinates":[127.51449,35.45813]}},{"type":"Feature","properties":{"cls":"단동","emd":"운봉읍"},"geometry":{"type":"Point","coordinates":[127.51428,35.45772]}},{"type":"Feature","properties":{"cls":"단동","emd":"운봉읍"},"geometry":{"type":"Point","coordinates":[127.50921,35.46629]}},{"type":"Feature","properties":{"cls":"단동","emd":"운봉읍"},"geometry":{"type":"Point","coordinates":[127.51333,35.46973]}},{"type":"Feature","properties":{"cls":"단동","emd":"운봉읍"},"geometry":{"type":"Point","coordinates":[127.50736,35.46742]}},{"type":"Feature","properties":{"cls":"단동","emd":"운봉읍"},"geometry":{"type":"Point","coordinates":[127.50744,35.46595]}},{"type":"Feature","properties":{"cls":"단동","emd":"운봉읍"},"geometry":{"type":"Point","coordinates":[127.50688,35.45974]}},{"type":"Feature","properties":{"cls":"단동","emd":"운봉읍"},"geometry":{"type":"Point","coordinates":[127.50838,35.45776]}},{"type":"Feature","properties":{"cls":"단동","emd":"운봉읍"},"geometry":{"type":"Point","coordinates":[127.50931,35.45786]}},{"type":"Feature","properties":{"cls":"단동","emd":"운봉읍"},"geometry":{"type":"Point","coordinates":[127.50984,35.46401]}},{"type":"Feature","properties":{"cls":"단동","emd":"운봉읍"},"geometry":{"type":"Point","coordinates":[127.51056,35.46268]}},{"type":"Feature","properties":{"cls":"단동","emd":"운봉읍"},"geometry":{"type":"Point","coordinates":[127.51282,35.46638]}},{"type":"Feature","properties":{"cls":"단동","emd":"운봉읍"},"geometry":{"type":"Point","coordinates":[127.51167,35.46711]}},{"type":"Feature","properties":{"cls":"단동","emd":"운봉읍"},"geometry":{"type":"Point","coordinates":[127.51135,35.4657]}},{"type":"Feature","properties":{"cls":"단동","emd":"운봉읍"},"geometry":{"type":"Point","coordinates":[127.51341,35.46417]}},{"type":"Feature","properties":{"cls":"단동","emd":"운봉읍"},"geometry":{"type":"Point","coordinates":[127.51347,35.46389]}},{"type":"Feature","properties":{"cls":"단동","emd":"운봉읍"},"geometry":{"type":"Point","coordinates":[127.51408,35.46277]}},{"type":"Feature","properties":{"cls":"단동","emd":"운봉읍"},"geometry":{"type":"Point","coordinates":[127.51472,35.46193]}},{"type":"Feature","properties":{"cls":"단동","emd":"운봉읍"},"geometry":{"type":"Point","coordinates":[127.51463,35.46097]}},{"type":"Feature","properties":{"cls":"단동","emd":"운봉읍"},"geometry":{"type":"Point","coordinates":[127.51482,35.46017]}},{"type":"Feature","properties":{"cls":"단동","emd":"운봉읍"},"geometry":{"type":"Point","coordinates":[127.51701,35.45935]}},{"type":"Feature","properties":{"cls":"단동","emd":"운봉읍"},"geometry":{"type":"Point","coordinates":[127.51742,35.46599]}},{"type":"Feature","properties":{"cls":"단동","emd":"운봉읍"},"geometry":{"type":"Point","coordinates":[127.5181,35.46455]}},{"type":"Feature","properties":{"cls":"단동","emd":"운봉읍"},"geometry":{"type":"Point","coordinates":[127.5163,35.4642]}},{"type":"Feature","properties":{"cls":"단동","emd":"운봉읍"},"geometry":{"type":"Point","coordinates":[127.51855,35.4613]}},{"type":"Feature","properties":{"cls":"다동","emd":"운봉읍"},"geometry":{"type":"Point","coordinates":[127.51844,35.46039]}},{"type":"Feature","properties":{"cls":"단동","emd":"운봉읍"},"geometry":{"type":"Point","coordinates":[127.51965,35.46051]}},{"type":"Feature","properties":{"cls":"단동","emd":"운봉읍"},"geometry":{"type":"Point","coordinates":[127.51921,35.45958]}},{"type":"Feature","properties":{"cls":"단동","emd":"운봉읍"},"geometry":{"type":"Point","coordinates":[127.51941,35.45951]}},{"type":"Feature","properties":{"cls":"단동","emd":"운봉읍"},"geometry":{"type":"Point","coordinates":[127.51956,35.45954]}},{"type":"Feature","properties":{"cls":"단동","emd":"운봉읍"},"geometry":{"type":"Point","coordinates":[127.52158,35.45954]}},{"type":"Feature","properties":{"cls":"단동","emd":"운봉읍"},"geometry":{"type":"Point","coordinates":[127.5203,35.46138]}},{"type":"Feature","properties":{"cls":"단동","emd":"운봉읍"},"geometry":{"type":"Point","coordinates":[127.52084,35.46055]}},{"type":"Feature","properties":{"cls":"단동","emd":"운봉읍"},"geometry":{"type":"Point","coordinates":[127.52501,35.4615]}},{"type":"Feature","properties":{"cls":"단동","emd":"운봉읍"},"geometry":{"type":"Point","coordinates":[127.52459,35.4597]}},{"type":"Feature","properties":{"cls":"단동","emd":"운봉읍"},"geometry":{"type":"Point","coordinates":[127.525,35.45974]}},{"type":"Feature","properties":{"cls":"단동","emd":"운봉읍"},"geometry":{"type":"Point","coordinates":[127.52668,35.45955]}},{"type":"Feature","properties":{"cls":"단동","emd":"운봉읍"},"geometry":{"type":"Point","coordinates":[127.52404,35.45529]}},{"type":"Feature","properties":{"cls":"단동","emd":"운봉읍"},"geometry":{"type":"Point","coordinates":[127.52355,35.45399]}},{"type":"Feature","properties":{"cls":"단동","emd":"운봉읍"},"geometry":{"type":"Point","coordinates":[127.52377,35.45307]}},{"type":"Feature","properties":{"cls":"다동","emd":"운봉읍"},"geometry":{"type":"Point","coordinates":[127.52322,35.45317]}},{"type":"Feature","properties":{"cls":"단동","emd":"운봉읍"},"geometry":{"type":"Point","coordinates":[127.52521,35.4526]}},{"type":"Feature","properties":{"cls":"단동","emd":"운봉읍"},"geometry":{"type":"Point","coordinates":[127.50639,35.46796]}},{"type":"Feature","properties":{"cls":"단동","emd":"운봉읍"},"geometry":{"type":"Point","coordinates":[127.50665,35.46918]}},{"type":"Feature","properties":{"cls":"단동","emd":"운봉읍"},"geometry":{"type":"Point","coordinates":[127.51337,35.46837]}},{"type":"Feature","properties":{"cls":"단동","emd":"운봉읍"},"geometry":{"type":"Point","coordinates":[127.52272,35.46202]}},{"type":"Feature","properties":{"cls":"다동","emd":"운봉읍"},"geometry":{"type":"Point","coordinates":[127.52526,35.47019]}},{"type":"Feature","properties":{"cls":"단동","emd":"운봉읍"},"geometry":{"type":"Point","coordinates":[127.52563,35.47135]}},{"type":"Feature","properties":{"cls":"다동","emd":"운봉읍"},"geometry":{"type":"Point","coordinates":[127.52524,35.47081]}},{"type":"Feature","properties":{"cls":"단동","emd":"운봉읍"},"geometry":{"type":"Point","coordinates":[127.52671,35.45841]}},{"type":"Feature","properties":{"cls":"단동","emd":"운봉읍"},"geometry":{"type":"Point","coordinates":[127.52413,35.47092]}},{"type":"Feature","properties":{"cls":"단동","emd":"운봉읍"},"geometry":{"type":"Point","coordinates":[127.52047,35.46878]}},{"type":"Feature","properties":{"cls":"단동","emd":"운봉읍"},"geometry":{"type":"Point","coordinates":[127.5239,35.46596]}},{"type":"Feature","properties":{"cls":"단동","emd":"운봉읍"},"geometry":{"type":"Point","coordinates":[127.52476,35.46509]}},{"type":"Feature","properties":{"cls":"단동","emd":"운봉읍"},"geometry":{"type":"Point","coordinates":[127.52637,35.46322]}},{"type":"Feature","properties":{"cls":"다동","emd":"운봉읍"},"geometry":{"type":"Point","coordinates":[127.52696,35.46247]}},{"type":"Feature","properties":{"cls":"단동","emd":"운봉읍"},"geometry":{"type":"Point","coordinates":[127.5268,35.46242]}},{"type":"Feature","properties":{"cls":"단동","emd":"운봉읍"},"geometry":{"type":"Point","coordinates":[127.52453,35.4653]}},{"type":"Feature","properties":{"cls":"다동","emd":"운봉읍"},"geometry":{"type":"Point","coordinates":[127.5273,35.46358]}},{"type":"Feature","properties":{"cls":"단동","emd":"운봉읍"},"geometry":{"type":"Point","coordinates":[127.52817,35.46158]}},{"type":"Feature","properties":{"cls":"단동","emd":"운봉읍"},"geometry":{"type":"Point","coordinates":[127.52935,35.46223]}},{"type":"Feature","properties":{"cls":"단동","emd":"운봉읍"},"geometry":{"type":"Point","coordinates":[127.53095,35.46272]}},{"type":"Feature","properties":{"cls":"단동","emd":"운봉읍"},"geometry":{"type":"Point","coordinates":[127.52715,35.45962]}},{"type":"Feature","properties":{"cls":"단동","emd":"운봉읍"},"geometry":{"type":"Point","coordinates":[127.53925,35.44811]}},{"type":"Feature","properties":{"cls":"단동","emd":"운봉읍"},"geometry":{"type":"Point","coordinates":[127.53991,35.44897]}},{"type":"Feature","properties":{"cls":"단동","emd":"운봉읍"},"geometry":{"type":"Point","coordinates":[127.54142,35.4504]}},{"type":"Feature","properties":{"cls":"단동","emd":"운봉읍"},"geometry":{"type":"Point","coordinates":[127.55074,35.45474]}},{"type":"Feature","properties":{"cls":"단동","emd":"운봉읍"},"geometry":{"type":"Point","coordinates":[127.55156,35.4553]}},{"type":"Feature","properties":{"cls":"단동","emd":"운봉읍"},"geometry":{"type":"Point","coordinates":[127.55109,35.45887]}},{"type":"Feature","properties":{"cls":"단동","emd":"운봉읍"},"geometry":{"type":"Point","coordinates":[127.55243,35.45753]}},{"type":"Feature","properties":{"cls":"단동","emd":"운봉읍"},"geometry":{"type":"Point","coordinates":[127.5528,35.45713]}},{"type":"Feature","properties":{"cls":"단동","emd":"운봉읍"},"geometry":{"type":"Point","coordinates":[127.55301,35.45656]}},{"type":"Feature","properties":{"cls":"단동","emd":"운봉읍"},"geometry":{"type":"Point","coordinates":[127.54674,35.45676]}},{"type":"Feature","properties":{"cls":"단동","emd":"운봉읍"},"geometry":{"type":"Point","coordinates":[127.54045,35.45389]}},{"type":"Feature","properties":{"cls":"단동","emd":"운봉읍"},"geometry":{"type":"Point","coordinates":[127.55286,35.45953]}},{"type":"Feature","properties":{"cls":"다동","emd":"운봉읍"},"geometry":{"type":"Point","coordinates":[127.53292,35.45836]}},{"type":"Feature","properties":{"cls":"단동","emd":"운봉읍"},"geometry":{"type":"Point","coordinates":[127.54487,35.45743]}},{"type":"Feature","properties":{"cls":"단동","emd":"운봉읍"},"geometry":{"type":"Point","coordinates":[127.54232,35.46732]}},{"type":"Feature","properties":{"cls":"단동","emd":"운봉읍"},"geometry":{"type":"Point","coordinates":[127.54463,35.46147]}},{"type":"Feature","properties":{"cls":"단동","emd":"운봉읍"},"geometry":{"type":"Point","coordinates":[127.53802,35.46011]}},{"type":"Feature","properties":{"cls":"단동","emd":"운봉읍"},"geometry":{"type":"Point","coordinates":[127.54009,35.46042]}},{"type":"Feature","properties":{"cls":"단동","emd":"운봉읍"},"geometry":{"type":"Point","coordinates":[127.53063,35.46735]}},{"type":"Feature","properties":{"cls":"단동","emd":"운봉읍"},"geometry":{"type":"Point","coordinates":[127.53893,35.46658]}},{"type":"Feature","properties":{"cls":"단동","emd":"운봉읍"},"geometry":{"type":"Point","coordinates":[127.54046,35.46694]}},{"type":"Feature","properties":{"cls":"단동","emd":"운봉읍"},"geometry":{"type":"Point","coordinates":[127.54617,35.4674]}},{"type":"Feature","properties":{"cls":"단동","emd":"운봉읍"},"geometry":{"type":"Point","coordinates":[127.54602,35.46618]}},{"type":"Feature","properties":{"cls":"단동","emd":"운봉읍"},"geometry":{"type":"Point","coordinates":[127.5637,35.47155]}},{"type":"Feature","properties":{"cls":"단동","emd":"운봉읍"},"geometry":{"type":"Point","coordinates":[127.56494,35.47162]}},{"type":"Feature","properties":{"cls":"단동","emd":"운봉읍"},"geometry":{"type":"Point","coordinates":[127.56773,35.46157]}},{"type":"Feature","properties":{"cls":"다동","emd":"운봉읍"},"geometry":{"type":"Point","coordinates":[127.56743,35.46144]}},{"type":"Feature","properties":{"cls":"다동","emd":"운봉읍"},"geometry":{"type":"Point","coordinates":[127.55783,35.46614]}},{"type":"Feature","properties":{"cls":"단동","emd":"운봉읍"},"geometry":{"type":"Point","coordinates":[127.56192,35.47113]}},{"type":"Feature","properties":{"cls":"다동","emd":"운봉읍"},"geometry":{"type":"Point","coordinates":[127.55525,35.46159]}},{"type":"Feature","properties":{"cls":"단동","emd":"운봉읍"},"geometry":{"type":"Point","coordinates":[127.55568,35.4614]}},{"type":"Feature","properties":{"cls":"다동","emd":"운봉읍"},"geometry":{"type":"Point","coordinates":[127.55641,35.4621]}},{"type":"Feature","properties":{"cls":"단동","emd":"운봉읍"},"geometry":{"type":"Point","coordinates":[127.55589,35.46208]}},{"type":"Feature","properties":{"cls":"다동","emd":"운봉읍"},"geometry":{"type":"Point","coordinates":[127.55912,35.46073]}},{"type":"Feature","properties":{"cls":"단동","emd":"운봉읍"},"geometry":{"type":"Point","coordinates":[127.54399,35.44945]}},{"type":"Feature","properties":{"cls":"단동","emd":"운봉읍"},"geometry":{"type":"Point","coordinates":[127.54613,35.45106]}},{"type":"Feature","properties":{"cls":"단동","emd":"운봉읍"},"geometry":{"type":"Point","coordinates":[127.5474,35.45087]}},{"type":"Feature","properties":{"cls":"단동","emd":"운봉읍"},"geometry":{"type":"Point","coordinates":[127.55206,35.45215]}},{"type":"Feature","properties":{"cls":"단동","emd":"운봉읍"},"geometry":{"type":"Point","coordinates":[127.55319,35.45229]}},{"type":"Feature","properties":{"cls":"단동","emd":"운봉읍"},"geometry":{"type":"Point","coordinates":[127.56359,35.45151]}},{"type":"Feature","properties":{"cls":"단동","emd":"운봉읍"},"geometry":{"type":"Point","coordinates":[127.55774,35.45369]}},{"type":"Feature","properties":{"cls":"단동","emd":"운봉읍"},"geometry":{"type":"Point","coordinates":[127.55889,35.45485]}},{"type":"Feature","properties":{"cls":"다동","emd":"운봉읍"},"geometry":{"type":"Point","coordinates":[127.56489,35.45533]}},{"type":"Feature","properties":{"cls":"단동","emd":"운봉읍"},"geometry":{"type":"Point","coordinates":[127.56205,35.45477]}},{"type":"Feature","properties":{"cls":"단동","emd":"운봉읍"},"geometry":{"type":"Point","coordinates":[127.56121,35.45252]}},{"type":"Feature","properties":{"cls":"단동","emd":"운봉읍"},"geometry":{"type":"Point","coordinates":[127.56133,35.45196]}},{"type":"Feature","properties":{"cls":"단동","emd":"운봉읍"},"geometry":{"type":"Point","coordinates":[127.55887,35.44907]}},{"type":"Feature","properties":{"cls":"단동","emd":"운봉읍"},"geometry":{"type":"Point","coordinates":[127.56083,35.45138]}},{"type":"Feature","properties":{"cls":"단동","emd":"운봉읍"},"geometry":{"type":"Point","coordinates":[127.55787,35.44361]}},{"type":"Feature","properties":{"cls":"단동","emd":"운봉읍"},"geometry":{"type":"Point","coordinates":[127.55452,35.44283]}},{"type":"Feature","properties":{"cls":"단동","emd":"운봉읍"},"geometry":{"type":"Point","coordinates":[127.55493,35.44421]}},{"type":"Feature","properties":{"cls":"단동","emd":"운봉읍"},"geometry":{"type":"Point","coordinates":[127.54437,35.44579]}},{"type":"Feature","properties":{"cls":"단동","emd":"운봉읍"},"geometry":{"type":"Point","coordinates":[127.56412,35.45992]}},{"type":"Feature","properties":{"cls":"단동","emd":"운봉읍"},"geometry":{"type":"Point","coordinates":[127.54744,35.44737]}},{"type":"Feature","properties":{"cls":"단동","emd":"운봉읍"},"geometry":{"type":"Point","coordinates":[127.55591,35.44757]}},{"type":"Feature","properties":{"cls":"단동","emd":"운봉읍"},"geometry":{"type":"Point","coordinates":[127.5565,35.44705]}},{"type":"Feature","properties":{"cls":"다동","emd":"주천면"},"geometry":{"type":"Point","coordinates":[127.40864,35.36996]}},{"type":"Feature","properties":{"cls":"단동","emd":"주천면"},"geometry":{"type":"Point","coordinates":[127.41803,35.36241]}},{"type":"Feature","properties":{"cls":"단동","emd":"주천면"},"geometry":{"type":"Point","coordinates":[127.41762,35.36181]}},{"type":"Feature","properties":{"cls":"다동","emd":"주천면"},"geometry":{"type":"Point","coordinates":[127.43658,35.37591]}},{"type":"Feature","properties":{"cls":"단동","emd":"주천면"},"geometry":{"type":"Point","coordinates":[127.42586,35.38447]}},{"type":"Feature","properties":{"cls":"단동","emd":"주천면"},"geometry":{"type":"Point","coordinates":[127.42087,35.40272]}},{"type":"Feature","properties":{"cls":"단동","emd":"주천면"},"geometry":{"type":"Point","coordinates":[127.44148,35.39596]}},{"type":"Feature","properties":{"cls":"단동","emd":"주천면"},"geometry":{"type":"Point","coordinates":[127.44173,35.39569]}},{"type":"Feature","properties":{"cls":"단동","emd":"주천면"},"geometry":{"type":"Point","coordinates":[127.44544,35.3864]}},{"type":"Feature","properties":{"cls":"단동","emd":"주천면"},"geometry":{"type":"Point","coordinates":[127.44677,35.38907]}},{"type":"Feature","properties":{"cls":"단동","emd":"주천면"},"geometry":{"type":"Point","coordinates":[127.45452,35.39934]}},{"type":"Feature","properties":{"cls":"단동","emd":"주천면"},"geometry":{"type":"Point","coordinates":[127.4441,35.39696]}},{"type":"Feature","properties":{"cls":"단동","emd":"주천면"},"geometry":{"type":"Point","coordinates":[127.45327,35.39442]}},{"type":"Feature","properties":{"cls":"다동","emd":"주천면"},"geometry":{"type":"Point","coordinates":[127.4482,35.39334]}},{"type":"Feature","properties":{"cls":"단동","emd":"주천면"},"geometry":{"type":"Point","coordinates":[127.45066,35.38493]}},{"type":"Feature","properties":{"cls":"단동","emd":"주천면"},"geometry":{"type":"Point","coordinates":[127.50449,35.39495]}},{"type":"Feature","properties":{"cls":"다동","emd":"주천면"},"geometry":{"type":"Point","coordinates":[127.50488,35.39509]}},{"type":"Feature","properties":{"cls":"단동","emd":"주천면"},"geometry":{"type":"Point","coordinates":[127.50196,35.38788]}},{"type":"Feature","properties":{"cls":"단동","emd":"주천면"},"geometry":{"type":"Point","coordinates":[127.50174,35.38681]}},{"type":"Feature","properties":{"cls":"단동","emd":"주천면"},"geometry":{"type":"Point","coordinates":[127.49231,35.39094]}},{"type":"Feature","properties":{"cls":"단동","emd":"주천면"},"geometry":{"type":"Point","coordinates":[127.50219,35.39109]}},{"type":"Feature","properties":{"cls":"단동","emd":"주천면"},"geometry":{"type":"Point","coordinates":[127.50289,35.39329]}},{"type":"Feature","properties":{"cls":"단동","emd":"주천면"},"geometry":{"type":"Point","coordinates":[127.50272,35.39228]}},{"type":"Feature","properties":{"cls":"단동","emd":"주천면"},"geometry":{"type":"Point","coordinates":[127.50274,35.39209]}},{"type":"Feature","properties":{"cls":"단동","emd":"주천면"},"geometry":{"type":"Point","coordinates":[127.50277,35.39185]}},{"type":"Feature","properties":{"cls":"단동","emd":"주천면"},"geometry":{"type":"Point","coordinates":[127.50394,35.3925]}},{"type":"Feature","properties":{"cls":"단동","emd":"주천면"},"geometry":{"type":"Point","coordinates":[127.50413,35.39171]}},{"type":"Feature","properties":{"cls":"단동","emd":"주천면"},"geometry":{"type":"Point","coordinates":[127.50419,35.39118]}},{"type":"Feature","properties":{"cls":"단동","emd":"주천면"},"geometry":{"type":"Point","coordinates":[127.50227,35.38845]}},{"type":"Feature","properties":{"cls":"단동","emd":"주천면"},"geometry":{"type":"Point","coordinates":[127.50438,35.39038]}},{"type":"Feature","properties":{"cls":"단동","emd":"주천면"},"geometry":{"type":"Point","coordinates":[127.504,35.38947]}},{"type":"Feature","properties":{"cls":"단동","emd":"주천면"},"geometry":{"type":"Point","coordinates":[127.50456,35.38927]}},{"type":"Feature","properties":{"cls":"단동","emd":"주천면"},"geometry":{"type":"Point","coordinates":[127.50567,35.38995]}},{"type":"Feature","properties":{"cls":"단동","emd":"주천면"},"geometry":{"type":"Point","coordinates":[127.49745,35.3985]}},{"type":"Feature","properties":{"cls":"단동","emd":"주천면"},"geometry":{"type":"Point","coordinates":[127.4978,35.39863]}},{"type":"Feature","properties":{"cls":"단동","emd":"주천면"},"geometry":{"type":"Point","coordinates":[127.49788,35.39762]}},{"type":"Feature","properties":{"cls":"단동","emd":"주천면"},"geometry":{"type":"Point","coordinates":[127.49792,35.39809]}},{"type":"Feature","properties":{"cls":"단동","emd":"수지면"},"geometry":{"type":"Point","coordinates":[127.33305,35.32916]}},{"type":"Feature","properties":{"cls":"단동","emd":"수지면"},"geometry":{"type":"Point","coordinates":[127.32583,35.32648]}},{"type":"Feature","properties":{"cls":"단동","emd":"수지면"},"geometry":{"type":"Point","coordinates":[127.3332,35.3189]}},{"type":"Feature","properties":{"cls":"단동","emd":"수지면"},"geometry":{"type":"Point","coordinates":[127.33124,35.31845]}},{"type":"Feature","properties":{"cls":"단동","emd":"수지면"},"geometry":{"type":"Point","coordinates":[127.32793,35.31741]}},{"type":"Feature","properties":{"cls":"단동","emd":"수지면"},"geometry":{"type":"Point","coordinates":[127.32772,35.31542]}},{"type":"Feature","properties":{"cls":"단동","emd":"수지면"},"geometry":{"type":"Point","coordinates":[127.34375,35.33564]}},{"type":"Feature","properties":{"cls":"단동","emd":"수지면"},"geometry":{"type":"Point","coordinates":[127.33677,35.33067]}},{"type":"Feature","properties":{"cls":"단동","emd":"수지면"},"geometry":{"type":"Point","coordinates":[127.3384,35.33684]}},{"type":"Feature","properties":{"cls":"단동","emd":"수지면"},"geometry":{"type":"Point","coordinates":[127.3344,35.33216]}},{"type":"Feature","properties":{"cls":"단동","emd":"수지면"},"geometry":{"type":"Point","coordinates":[127.33017,35.32881]}},{"type":"Feature","properties":{"cls":"단동","emd":"수지면"},"geometry":{"type":"Point","coordinates":[127.32854,35.32082]}},{"type":"Feature","properties":{"cls":"단동","emd":"수지면"},"geometry":{"type":"Point","coordinates":[127.32803,35.3238]}},{"type":"Feature","properties":{"cls":"단동","emd":"수지면"},"geometry":{"type":"Point","coordinates":[127.32858,35.32212]}},{"type":"Feature","properties":{"cls":"단동","emd":"수지면"},"geometry":{"type":"Point","coordinates":[127.32903,35.32429]}},{"type":"Feature","properties":{"cls":"단동","emd":"수지면"},"geometry":{"type":"Point","coordinates":[127.32926,35.32316]}},{"type":"Feature","properties":{"cls":"단동","emd":"수지면"},"geometry":{"type":"Point","coordinates":[127.32932,35.32297]}},{"type":"Feature","properties":{"cls":"단동","emd":"수지면"},"geometry":{"type":"Point","coordinates":[127.32948,35.32248]}},{"type":"Feature","properties":{"cls":"단동","emd":"수지면"},"geometry":{"type":"Point","coordinates":[127.33045,35.32303]}},{"type":"Feature","properties":{"cls":"단동","emd":"수지면"},"geometry":{"type":"Point","coordinates":[127.33059,35.32243]}},{"type":"Feature","properties":{"cls":"단동","emd":"수지면"},"geometry":{"type":"Point","coordinates":[127.33068,35.32189]}},{"type":"Feature","properties":{"cls":"단동","emd":"수지면"},"geometry":{"type":"Point","coordinates":[127.33163,35.3232]}},{"type":"Feature","properties":{"cls":"단동","emd":"수지면"},"geometry":{"type":"Point","coordinates":[127.33173,35.32274]}},{"type":"Feature","properties":{"cls":"단동","emd":"수지면"},"geometry":{"type":"Point","coordinates":[127.33176,35.32258]}},{"type":"Feature","properties":{"cls":"단동","emd":"수지면"},"geometry":{"type":"Point","coordinates":[127.33203,35.3214]}},{"type":"Feature","properties":{"cls":"단동","emd":"수지면"},"geometry":{"type":"Point","coordinates":[127.33277,35.3241]}},{"type":"Feature","properties":{"cls":"단동","emd":"수지면"},"geometry":{"type":"Point","coordinates":[127.33269,35.32368]}},{"type":"Feature","properties":{"cls":"단동","emd":"수지면"},"geometry":{"type":"Point","coordinates":[127.33272,35.32342]}},{"type":"Feature","properties":{"cls":"단동","emd":"수지면"},"geometry":{"type":"Point","coordinates":[127.33394,35.3239]}},{"type":"Feature","properties":{"cls":"단동","emd":"수지면"},"geometry":{"type":"Point","coordinates":[127.3382,35.32582]}},{"type":"Feature","properties":{"cls":"단동","emd":"수지면"},"geometry":{"type":"Point","coordinates":[127.35171,35.32993]}},{"type":"Feature","properties":{"cls":"단동","emd":"수지면"},"geometry":{"type":"Point","coordinates":[127.3397,35.32393]}},{"type":"Feature","properties":{"cls":"단동","emd":"수지면"},"geometry":{"type":"Point","coordinates":[127.33873,35.32356]}},{"type":"Feature","properties":{"cls":"단동","emd":"수지면"},"geometry":{"type":"Point","coordinates":[127.33681,35.32303]}},{"type":"Feature","properties":{"cls":"단동","emd":"수지면"},"geometry":{"type":"Point","coordinates":[127.33578,35.32196]}},{"type":"Feature","properties":{"cls":"다동","emd":"수지면"},"geometry":{"type":"Point","coordinates":[127.35311,35.33277]}},{"type":"Feature","properties":{"cls":"단동","emd":"수지면"},"geometry":{"type":"Point","coordinates":[127.34353,35.3231]}},{"type":"Feature","properties":{"cls":"단동","emd":"수지면"},"geometry":{"type":"Point","coordinates":[127.33623,35.32046]}},{"type":"Feature","properties":{"cls":"단동","emd":"수지면"},"geometry":{"type":"Point","coordinates":[127.35434,35.32646]}},{"type":"Feature","properties":{"cls":"단동","emd":"수지면"},"geometry":{"type":"Point","coordinates":[127.35473,35.32518]}},{"type":"Feature","properties":{"cls":"단동","emd":"수지면"},"geometry":{"type":"Point","coordinates":[127.34867,35.32547]}},{"type":"Feature","properties":{"cls":"단동","emd":"수지면"},"geometry":{"type":"Point","coordinates":[127.35117,35.32528]}},{"type":"Feature","properties":{"cls":"단동","emd":"수지면"},"geometry":{"type":"Point","coordinates":[127.35237,35.32498]}},{"type":"Feature","properties":{"cls":"다동","emd":"수지면"},"geometry":{"type":"Point","coordinates":[127.35417,35.3239]}},{"type":"Feature","properties":{"cls":"단동","emd":"수지면"},"geometry":{"type":"Point","coordinates":[127.35405,35.3238]}},{"type":"Feature","properties":{"cls":"단동","emd":"수지면"},"geometry":{"type":"Point","coordinates":[127.36334,35.32847]}},{"type":"Feature","properties":{"cls":"단동","emd":"수지면"},"geometry":{"type":"Point","coordinates":[127.35936,35.33562]}},{"type":"Feature","properties":{"cls":"단동","emd":"수지면"},"geometry":{"type":"Point","coordinates":[127.35996,35.33496]}},{"type":"Feature","properties":{"cls":"단동","emd":"수지면"},"geometry":{"type":"Point","coordinates":[127.3607,35.33182]}},{"type":"Feature","properties":{"cls":"다동","emd":"수지면"},"geometry":{"type":"Point","coordinates":[127.36259,35.33214]}},{"type":"Feature","properties":{"cls":"단동","emd":"수지면"},"geometry":{"type":"Point","coordinates":[127.35982,35.33058]}},{"type":"Feature","properties":{"cls":"단동","emd":"수지면"},"geometry":{"type":"Point","coordinates":[127.3661,35.33359]}},{"type":"Feature","properties":{"cls":"단동","emd":"수지면"},"geometry":{"type":"Point","coordinates":[127.36566,35.3333]}},{"type":"Feature","properties":{"cls":"다동","emd":"수지면"},"geometry":{"type":"Point","coordinates":[127.36363,35.33108]}},{"type":"Feature","properties":{"cls":"단동","emd":"수지면"},"geometry":{"type":"Point","coordinates":[127.36361,35.33109]}},{"type":"Feature","properties":{"cls":"단동","emd":"수지면"},"geometry":{"type":"Point","coordinates":[127.3676,35.33257]}},{"type":"Feature","properties":{"cls":"단동","emd":"수지면"},"geometry":{"type":"Point","coordinates":[127.36764,35.33179]}},{"type":"Feature","properties":{"cls":"단동","emd":"수지면"},"geometry":{"type":"Point","coordinates":[127.3559,35.32575]}},{"type":"Feature","properties":{"cls":"단동","emd":"수지면"},"geometry":{"type":"Point","coordinates":[127.37472,35.32687]}},{"type":"Feature","properties":{"cls":"단동","emd":"수지면"},"geometry":{"type":"Point","coordinates":[127.37418,35.32633]}},{"type":"Feature","properties":{"cls":"단동","emd":"수지면"},"geometry":{"type":"Point","coordinates":[127.37515,35.33539]}},{"type":"Feature","properties":{"cls":"단동","emd":"수지면"},"geometry":{"type":"Point","coordinates":[127.37743,35.33521]}},{"type":"Feature","properties":{"cls":"단동","emd":"수지면"},"geometry":{"type":"Point","coordinates":[127.374,35.33604]}},{"type":"Feature","properties":{"cls":"단동","emd":"수지면"},"geometry":{"type":"Point","coordinates":[127.3708,35.33572]}},{"type":"Feature","properties":{"cls":"단동","emd":"수지면"},"geometry":{"type":"Point","coordinates":[127.37936,35.34399]}},{"type":"Feature","properties":{"cls":"단동","emd":"수지면"},"geometry":{"type":"Point","coordinates":[127.37819,35.34178]}},{"type":"Feature","properties":{"cls":"단동","emd":"수지면"},"geometry":{"type":"Point","coordinates":[127.38063,35.33634]}},{"type":"Feature","properties":{"cls":"단동","emd":"수지면"},"geometry":{"type":"Point","coordinates":[127.38092,35.33631]}},{"type":"Feature","properties":{"cls":"단동","emd":"수지면"},"geometry":{"type":"Point","coordinates":[127.38005,35.33478]}},{"type":"Feature","properties":{"cls":"단동","emd":"수지면"},"geometry":{"type":"Point","coordinates":[127.3808,35.33465]}},{"type":"Feature","properties":{"cls":"단동","emd":"수지면"},"geometry":{"type":"Point","coordinates":[127.37868,35.33421]}},{"type":"Feature","properties":{"cls":"단동","emd":"수지면"},"geometry":{"type":"Point","coordinates":[127.38111,35.34684]}},{"type":"Feature","properties":{"cls":"단동","emd":"수지면"},"geometry":{"type":"Point","coordinates":[127.384,35.34824]}},{"type":"Feature","properties":{"cls":"단동","emd":"수지면"},"geometry":{"type":"Point","coordinates":[127.39315,35.35145]}},{"type":"Feature","properties":{"cls":"단동","emd":"수지면"},"geometry":{"type":"Point","coordinates":[127.38838,35.34906]}},{"type":"Feature","properties":{"cls":"단동","emd":"수지면"},"geometry":{"type":"Point","coordinates":[127.39313,35.35073]}},{"type":"Feature","properties":{"cls":"단동","emd":"수지면"},"geometry":{"type":"Point","coordinates":[127.39349,35.35087]}},{"type":"Feature","properties":{"cls":"단동","emd":"수지면"},"geometry":{"type":"Point","coordinates":[127.38906,35.34856]}},{"type":"Feature","properties":{"cls":"단동","emd":"수지면"},"geometry":{"type":"Point","coordinates":[127.3841,35.34622]}},{"type":"Feature","properties":{"cls":"단동","emd":"수지면"},"geometry":{"type":"Point","coordinates":[127.38767,35.35894]}},{"type":"Feature","properties":{"cls":"단동","emd":"수지면"},"geometry":{"type":"Point","coordinates":[127.38843,35.35883]}},{"type":"Feature","properties":{"cls":"단동","emd":"수지면"},"geometry":{"type":"Point","coordinates":[127.40186,35.35633]}},{"type":"Feature","properties":{"cls":"단동","emd":"송동면"},"geometry":{"type":"Point","coordinates":[127.32618,35.36666]}},{"type":"Feature","properties":{"cls":"단동","emd":"송동면"},"geometry":{"type":"Point","coordinates":[127.32532,35.36516]}},{"type":"Feature","properties":{"cls":"단동","emd":"송동면"},"geometry":{"type":"Point","coordinates":[127.32251,35.3669]}},{"type":"Feature","properties":{"cls":"단동","emd":"송동면"},"geometry":{"type":"Point","coordinates":[127.32181,35.36563]}},{"type":"Feature","properties":{"cls":"단동","emd":"송동면"},"geometry":{"type":"Point","coordinates":[127.32016,35.36504]}},{"type":"Feature","properties":{"cls":"단동","emd":"송동면"},"geometry":{"type":"Point","coordinates":[127.32097,35.36204]}},{"type":"Feature","properties":{"cls":"단동","emd":"송동면"},"geometry":{"type":"Point","coordinates":[127.31216,35.35974]}},{"type":"Feature","properties":{"cls":"단동","emd":"송동면"},"geometry":{"type":"Point","coordinates":[127.32608,35.36965]}},{"type":"Feature","properties":{"cls":"단동","emd":"송동면"},"geometry":{"type":"Point","coordinates":[127.33259,35.36626]}},{"type":"Feature","properties":{"cls":"단동","emd":"송동면"},"geometry":{"type":"Point","coordinates":[127.33855,35.36723]}},{"type":"Feature","properties":{"cls":"단동","emd":"송동면"},"geometry":{"type":"Point","coordinates":[127.33616,35.36563]}},{"type":"Feature","properties":{"cls":"단동","emd":"송동면"},"geometry":{"type":"Point","coordinates":[127.33333,35.35894]}},{"type":"Feature","properties":{"cls":"단동","emd":"송동면"},"geometry":{"type":"Point","coordinates":[127.34313,35.36182]}},{"type":"Feature","properties":{"cls":"단동","emd":"송동면"},"geometry":{"type":"Point","coordinates":[127.35014,35.35939]}},{"type":"Feature","properties":{"cls":"단동","emd":"송동면"},"geometry":{"type":"Point","coordinates":[127.3578,35.35582]}},{"type":"Feature","properties":{"cls":"단동","emd":"송동면"},"geometry":{"type":"Point","coordinates":[127.35873,35.35525]}},{"type":"Feature","properties":{"cls":"단동","emd":"송동면"},"geometry":{"type":"Point","coordinates":[127.37136,35.35271]}},{"type":"Feature","properties":{"cls":"단동","emd":"송동면"},"geometry":{"type":"Point","coordinates":[127.35825,35.35672]}},{"type":"Feature","properties":{"cls":"단동","emd":"송동면"},"geometry":{"type":"Point","coordinates":[127.38263,35.36037]}},{"type":"Feature","properties":{"cls":"단동","emd":"송동면"},"geometry":{"type":"Point","coordinates":[127.37715,35.35553]}},{"type":"Feature","properties":{"cls":"단동","emd":"송동면"},"geometry":{"type":"Point","coordinates":[127.37673,35.35568]}},{"type":"Feature","properties":{"cls":"단동","emd":"송동면"},"geometry":{"type":"Point","coordinates":[127.35816,35.38719]}},{"type":"Feature","properties":{"cls":"단동","emd":"송동면"},"geometry":{"type":"Point","coordinates":[127.34241,35.37821]}},{"type":"Feature","properties":{"cls":"단동","emd":"송동면"},"geometry":{"type":"Point","coordinates":[127.34617,35.37085]}},{"type":"Feature","properties":{"cls":"단동","emd":"송동면"},"geometry":{"type":"Point","coordinates":[127.33656,35.35343]}},{"type":"Feature","properties":{"cls":"단동","emd":"송동면"},"geometry":{"type":"Point","coordinates":[127.33217,35.34885]}},{"type":"Feature","properties":{"cls":"단동","emd":"송동면"},"geometry":{"type":"Point","coordinates":[127.32947,35.34944]}},{"type":"Feature","properties":{"cls":"단동","emd":"송동면"},"geometry":{"type":"Point","coordinates":[127.32105,35.34152]}},{"type":"Feature","properties":{"cls":"단동","emd":"송동면"},"geometry":{"type":"Point","coordinates":[127.32729,35.34455]}},{"type":"Feature","properties":{"cls":"단동","emd":"송동면"},"geometry":{"type":"Point","coordinates":[127.32642,35.34396]}},{"type":"Feature","properties":{"cls":"단동","emd":"송동면"},"geometry":{"type":"Point","coordinates":[127.32564,35.34406]}},{"type":"Feature","properties":{"cls":"단동","emd":"송동면"},"geometry":{"type":"Point","coordinates":[127.32495,35.34335]}},{"type":"Feature","properties":{"cls":"단동","emd":"송동면"},"geometry":{"type":"Point","coordinates":[127.32898,35.33991]}},{"type":"Feature","properties":{"cls":"다동","emd":"송동면"},"geometry":{"type":"Point","coordinates":[127.31971,35.33978]}},{"type":"Feature","properties":{"cls":"단동","emd":"송동면"},"geometry":{"type":"Point","coordinates":[127.32112,35.32951]}},{"type":"Feature","properties":{"cls":"단동","emd":"송동면"},"geometry":{"type":"Point","coordinates":[127.30818,35.33807]}},{"type":"Feature","properties":{"cls":"단동","emd":"송동면"},"geometry":{"type":"Point","coordinates":[127.30863,35.33804]}},{"type":"Feature","properties":{"cls":"단동","emd":"송동면"},"geometry":{"type":"Point","coordinates":[127.30894,35.338]}},{"type":"Feature","properties":{"cls":"단동","emd":"송동면"},"geometry":{"type":"Point","coordinates":[127.30974,35.33796]}},{"type":"Feature","properties":{"cls":"단동","emd":"송동면"},"geometry":{"type":"Point","coordinates":[127.30877,35.3371]}},{"type":"Feature","properties":{"cls":"단동","emd":"송동면"},"geometry":{"type":"Point","coordinates":[127.30939,35.33706]}},{"type":"Feature","properties":{"cls":"단동","emd":"송동면"},"geometry":{"type":"Point","coordinates":[127.30971,35.33703]}},{"type":"Feature","properties":{"cls":"단동","emd":"송동면"},"geometry":{"type":"Point","coordinates":[127.31028,35.337]}},{"type":"Feature","properties":{"cls":"단동","emd":"송동면"},"geometry":{"type":"Point","coordinates":[127.30954,35.33604]}},{"type":"Feature","properties":{"cls":"단동","emd":"송동면"},"geometry":{"type":"Point","coordinates":[127.31005,35.33601]}},{"type":"Feature","properties":{"cls":"단동","emd":"송동면"},"geometry":{"type":"Point","coordinates":[127.31048,35.33599]}},{"type":"Feature","properties":{"cls":"단동","emd":"송동면"},"geometry":{"type":"Point","coordinates":[127.30853,35.33522]}},{"type":"Feature","properties":{"cls":"단동","emd":"송동면"},"geometry":{"type":"Point","coordinates":[127.30907,35.33516]}},{"type":"Feature","properties":{"cls":"단동","emd":"송동면"},"geometry":{"type":"Point","coordinates":[127.31342,35.33483]}},{"type":"Feature","properties":{"cls":"단동","emd":"송동면"},"geometry":{"type":"Point","coordinates":[127.30931,35.33326]}},{"type":"Feature","properties":{"cls":"단동","emd":"송동면"},"geometry":{"type":"Point","coordinates":[127.31317,35.33028]}},{"type":"Feature","properties":{"cls":"단동","emd":"송동면"},"geometry":{"type":"Point","coordinates":[127.3136,35.33037]}},{"type":"Feature","properties":{"cls":"단동","emd":"송동면"},"geometry":{"type":"Point","coordinates":[127.31144,35.32886]}},{"type":"Feature","properties":{"cls":"단동","emd":"송동면"},"geometry":{"type":"Point","coordinates":[127.31167,35.32893]}},{"type":"Feature","properties":{"cls":"단동","emd":"송동면"},"geometry":{"type":"Point","coordinates":[127.31188,35.32897]}},{"type":"Feature","properties":{"cls":"단동","emd":"송동면"},"geometry":{"type":"Point","coordinates":[127.31382,35.32742]}},{"type":"Feature","properties":{"cls":"단동","emd":"송동면"},"geometry":{"type":"Point","coordinates":[127.31424,35.32754]}},{"type":"Feature","properties":{"cls":"단동","emd":"송동면"},"geometry":{"type":"Point","coordinates":[127.31321,35.32634]}},{"type":"Feature","properties":{"cls":"단동","emd":"송동면"},"geometry":{"type":"Point","coordinates":[127.3156,35.3269]}},{"type":"Feature","properties":{"cls":"단동","emd":"송동면"},"geometry":{"type":"Point","coordinates":[127.31046,35.3398]}},{"type":"Feature","properties":{"cls":"단동","emd":"송동면"},"geometry":{"type":"Point","coordinates":[127.31028,35.3389]}},{"type":"Feature","properties":{"cls":"단동","emd":"송동면"},"geometry":{"type":"Point","coordinates":[127.3111,35.35899]}},{"type":"Feature","properties":{"cls":"단동","emd":"송동면"},"geometry":{"type":"Point","coordinates":[127.31216,35.35797]}},{"type":"Feature","properties":{"cls":"단동","emd":"송동면"},"geometry":{"type":"Point","coordinates":[127.30916,35.34775]}},{"type":"Feature","properties":{"cls":"단동","emd":"송동면"},"geometry":{"type":"Point","coordinates":[127.30928,35.3476]}},{"type":"Feature","properties":{"cls":"단동","emd":"송동면"},"geometry":{"type":"Point","coordinates":[127.31599,35.32199]}},{"type":"Feature","properties":{"cls":"단동","emd":"송동면"},"geometry":{"type":"Point","coordinates":[127.31248,35.32516]}},{"type":"Feature","properties":{"cls":"단동","emd":"송동면"},"geometry":{"type":"Point","coordinates":[127.31301,35.32526]}},{"type":"Feature","properties":{"cls":"단동","emd":"송동면"},"geometry":{"type":"Point","coordinates":[127.31434,35.32556]}},{"type":"Feature","properties":{"cls":"단동","emd":"송동면"},"geometry":{"type":"Point","coordinates":[127.31259,35.32422]}},{"type":"Feature","properties":{"cls":"단동","emd":"송동면"},"geometry":{"type":"Point","coordinates":[127.31332,35.32438]}},{"type":"Feature","properties":{"cls":"단동","emd":"송동면"},"geometry":{"type":"Point","coordinates":[127.31386,35.3245]}},{"type":"Feature","properties":{"cls":"단동","emd":"송동면"},"geometry":{"type":"Point","coordinates":[127.31489,35.32459]}},{"type":"Feature","properties":{"cls":"단동","emd":"송동면"},"geometry":{"type":"Point","coordinates":[127.31544,35.32486]}},{"type":"Feature","properties":{"cls":"단동","emd":"송동면"},"geometry":{"type":"Point","coordinates":[127.31618,35.32503]}},{"type":"Feature","properties":{"cls":"단동","emd":"송동면"},"geometry":{"type":"Point","coordinates":[127.31369,35.32344]}},{"type":"Feature","properties":{"cls":"단동","emd":"송동면"},"geometry":{"type":"Point","coordinates":[127.31488,35.32371]}},{"type":"Feature","properties":{"cls":"단동","emd":"송동면"},"geometry":{"type":"Point","coordinates":[127.3158,35.32393]}},{"type":"Feature","properties":{"cls":"단동","emd":"송동면"},"geometry":{"type":"Point","coordinates":[127.31524,35.32275]}},{"type":"Feature","properties":{"cls":"단동","emd":"송동면"},"geometry":{"type":"Point","coordinates":[127.31575,35.32292]}},{"type":"Feature","properties":{"cls":"단동","emd":"송동면"},"geometry":{"type":"Point","coordinates":[127.31648,35.32309]}},{"type":"Feature","properties":{"cls":"단동","emd":"송동면"},"geometry":{"type":"Point","coordinates":[127.31383,35.32151]}},{"type":"Feature","properties":{"cls":"단동","emd":"송동면"},"geometry":{"type":"Point","coordinates":[127.31464,35.32168]}},{"type":"Feature","properties":{"cls":"단동","emd":"송동면"},"geometry":{"type":"Point","coordinates":[127.315,35.32175]}},{"type":"Feature","properties":{"cls":"단동","emd":"송동면"},"geometry":{"type":"Point","coordinates":[127.31613,35.32203]}},{"type":"Feature","properties":{"cls":"단동","emd":"송동면"},"geometry":{"type":"Point","coordinates":[127.31626,35.32207]}},{"type":"Feature","properties":{"cls":"단동","emd":"송동면"},"geometry":{"type":"Point","coordinates":[127.31615,35.31902]}},{"type":"Feature","properties":{"cls":"단동","emd":"송동면"},"geometry":{"type":"Point","coordinates":[127.31658,35.31825]}},{"type":"Feature","properties":{"cls":"단동","emd":"송동면"},"geometry":{"type":"Point","coordinates":[127.31671,35.31806]}},{"type":"Feature","properties":{"cls":"단동","emd":"송동면"},"geometry":{"type":"Point","coordinates":[127.31727,35.31731]}},{"type":"Feature","properties":{"cls":"단동","emd":"송동면"},"geometry":{"type":"Point","coordinates":[127.31837,35.31269]}},{"type":"Feature","properties":{"cls":"단동","emd":"송동면"},"geometry":{"type":"Point","coordinates":[127.31783,35.32001]}},{"type":"Feature","properties":{"cls":"단동","emd":"송동면"},"geometry":{"type":"Point","coordinates":[127.31786,35.31984]}},{"type":"Feature","properties":{"cls":"단동","emd":"송동면"},"geometry":{"type":"Point","coordinates":[127.3179,35.31962]}},{"type":"Feature","properties":{"cls":"단동","emd":"송동면"},"geometry":{"type":"Point","coordinates":[127.31795,35.31945]}},{"type":"Feature","properties":{"cls":"단동","emd":"송동면"},"geometry":{"type":"Point","coordinates":[127.31821,35.31839]}},{"type":"Feature","properties":{"cls":"단동","emd":"송동면"},"geometry":{"type":"Point","coordinates":[127.31825,35.31816]}},{"type":"Feature","properties":{"cls":"단동","emd":"송동면"},"geometry":{"type":"Point","coordinates":[127.3183,35.31797]}},{"type":"Feature","properties":{"cls":"다동","emd":"송동면"},"geometry":{"type":"Point","coordinates":[127.31832,35.31792]}},{"type":"Feature","properties":{"cls":"단동","emd":"송동면"},"geometry":{"type":"Point","coordinates":[127.31859,35.31682]}},{"type":"Feature","properties":{"cls":"단동","emd":"송동면"},"geometry":{"type":"Point","coordinates":[127.31864,35.31661]}},{"type":"Feature","properties":{"cls":"단동","emd":"송동면"},"geometry":{"type":"Point","coordinates":[127.31868,35.31645]}},{"type":"Feature","properties":{"cls":"단동","emd":"송동면"},"geometry":{"type":"Point","coordinates":[127.31872,35.31627]}},{"type":"Feature","properties":{"cls":"단동","emd":"송동면"},"geometry":{"type":"Point","coordinates":[127.319,35.31511]}},{"type":"Feature","properties":{"cls":"단동","emd":"송동면"},"geometry":{"type":"Point","coordinates":[127.31922,35.31413]}},{"type":"Feature","properties":{"cls":"단동","emd":"송동면"},"geometry":{"type":"Point","coordinates":[127.31933,35.31383]}},{"type":"Feature","properties":{"cls":"단동","emd":"송동면"},"geometry":{"type":"Point","coordinates":[127.31945,35.31317]}},{"type":"Feature","properties":{"cls":"단동","emd":"송동면"},"geometry":{"type":"Point","coordinates":[127.31953,35.31293]}},{"type":"Feature","properties":{"cls":"단동","emd":"송동면"},"geometry":{"type":"Point","coordinates":[127.31959,35.31263]}},{"type":"Feature","properties":{"cls":"단동","emd":"송동면"},"geometry":{"type":"Point","coordinates":[127.31974,35.312]}},{"type":"Feature","properties":{"cls":"단동","emd":"송동면"},"geometry":{"type":"Point","coordinates":[127.31986,35.31658]}},{"type":"Feature","properties":{"cls":"단동","emd":"송동면"},"geometry":{"type":"Point","coordinates":[127.32,35.316]}},{"type":"Feature","properties":{"cls":"단동","emd":"송동면"},"geometry":{"type":"Point","coordinates":[127.3201,35.31563]}},{"type":"Feature","properties":{"cls":"단동","emd":"송동면"},"geometry":{"type":"Point","coordinates":[127.32028,35.3149]}},{"type":"Feature","properties":{"cls":"단동","emd":"송동면"},"geometry":{"type":"Point","coordinates":[127.32086,35.31246]}},{"type":"Feature","properties":{"cls":"단동","emd":"송동면"},"geometry":{"type":"Point","coordinates":[127.32094,35.3121]}},{"type":"Feature","properties":{"cls":"단동","emd":"송동면"},"geometry":{"type":"Point","coordinates":[127.32144,35.31081]}},{"type":"Feature","properties":{"cls":"단동","emd":"송동면"},"geometry":{"type":"Point","coordinates":[127.32097,35.31687]}},{"type":"Feature","properties":{"cls":"단동","emd":"송동면"},"geometry":{"type":"Point","coordinates":[127.32378,35.31512]}},{"type":"Feature","properties":{"cls":"단동","emd":"주생면"},"geometry":{"type":"Point","coordinates":[127.35391,35.39784]}},{"type":"Feature","properties":{"cls":"단동","emd":"주생면"},"geometry":{"type":"Point","coordinates":[127.34984,35.39763]}},{"type":"Feature","properties":{"cls":"단동","emd":"주생면"},"geometry":{"type":"Point","coordinates":[127.35017,35.40375]}},{"type":"Feature","properties":{"cls":"단동","emd":"주생면"},"geometry":{"type":"Point","coordinates":[127.3363,35.39985]}},{"type":"Feature","properties":{"cls":"단동","emd":"주생면"},"geometry":{"type":"Point","coordinates":[127.33797,35.39892]}},{"type":"Feature","properties":{"cls":"다동","emd":"주생면"},"geometry":{"type":"Point","coordinates":[127.33771,35.3993]}},{"type":"Feature","properties":{"cls":"단동","emd":"주생면"},"geometry":{"type":"Point","coordinates":[127.33813,35.39833]}},{"type":"Feature","properties":{"cls":"단동","emd":"주생면"},"geometry":{"type":"Point","coordinates":[127.34826,35.39724]}},{"type":"Feature","properties":{"cls":"단동","emd":"주생면"},"geometry":{"type":"Point","coordinates":[127.35116,35.39559]}},{"type":"Feature","properties":{"cls":"다동","emd":"주생면"},"geometry":{"type":"Point","coordinates":[127.35243,35.39511]}},{"type":"Feature","properties":{"cls":"단동","emd":"주생면"},"geometry":{"type":"Point","coordinates":[127.35152,35.39839]}},{"type":"Feature","properties":{"cls":"단동","emd":"주생면"},"geometry":{"type":"Point","coordinates":[127.35273,35.39857]}},{"type":"Feature","properties":{"cls":"단동","emd":"주생면"},"geometry":{"type":"Point","coordinates":[127.3499,35.40417]}},{"type":"Feature","properties":{"cls":"다동","emd":"주생면"},"geometry":{"type":"Point","coordinates":[127.3464,35.39168]}},{"type":"Feature","properties":{"cls":"단동","emd":"주생면"},"geometry":{"type":"Point","coordinates":[127.34198,35.39261]}},{"type":"Feature","properties":{"cls":"단동","emd":"주생면"},"geometry":{"type":"Point","coordinates":[127.33888,35.38671]}},{"type":"Feature","properties":{"cls":"단동","emd":"주생면"},"geometry":{"type":"Point","coordinates":[127.35375,35.38945]}},{"type":"Feature","properties":{"cls":"단동","emd":"주생면"},"geometry":{"type":"Point","coordinates":[127.33773,35.39477]}},{"type":"Feature","properties":{"cls":"다동","emd":"주생면"},"geometry":{"type":"Point","coordinates":[127.33603,35.39216]}},{"type":"Feature","properties":{"cls":"다동","emd":"주생면"},"geometry":{"type":"Point","coordinates":[127.34348,35.3927]}},{"type":"Feature","properties":{"cls":"단동","emd":"주생면"},"geometry":{"type":"Point","coordinates":[127.34384,35.39281]}},{"type":"Feature","properties":{"cls":"단동","emd":"주생면"},"geometry":{"type":"Point","coordinates":[127.32478,35.37949]}},{"type":"Feature","properties":{"cls":"단동","emd":"주생면"},"geometry":{"type":"Point","coordinates":[127.32721,35.37953]}},{"type":"Feature","properties":{"cls":"단동","emd":"주생면"},"geometry":{"type":"Point","coordinates":[127.32771,35.37895]}},{"type":"Feature","properties":{"cls":"단동","emd":"주생면"},"geometry":{"type":"Point","coordinates":[127.32907,35.37904]}},{"type":"Feature","properties":{"cls":"단동","emd":"주생면"},"geometry":{"type":"Point","coordinates":[127.32922,35.37886]}},{"type":"Feature","properties":{"cls":"단동","emd":"주생면"},"geometry":{"type":"Point","coordinates":[127.32918,35.38034]}},{"type":"Feature","properties":{"cls":"단동","emd":"주생면"},"geometry":{"type":"Point","coordinates":[127.32959,35.38006]}},{"type":"Feature","properties":{"cls":"다동","emd":"주생면"},"geometry":{"type":"Point","coordinates":[127.33084,35.37847]}},{"type":"Feature","properties":{"cls":"다동","emd":"주생면"},"geometry":{"type":"Point","coordinates":[127.33133,35.37786]}},{"type":"Feature","properties":{"cls":"단동","emd":"주생면"},"geometry":{"type":"Point","coordinates":[127.33107,35.38006]}},{"type":"Feature","properties":{"cls":"단동","emd":"주생면"},"geometry":{"type":"Point","coordinates":[127.33062,35.38225]}},{"type":"Feature","properties":{"cls":"단동","emd":"주생면"},"geometry":{"type":"Point","coordinates":[127.33098,35.38178]}},{"type":"Feature","properties":{"cls":"단동","emd":"주생면"},"geometry":{"type":"Point","coordinates":[127.33208,35.38044]}},{"type":"Feature","properties":{"cls":"단동","emd":"주생면"},"geometry":{"type":"Point","coordinates":[127.33281,35.37959]}},{"type":"Feature","properties":{"cls":"단동","emd":"주생면"},"geometry":{"type":"Point","coordinates":[127.33329,35.37901]}},{"type":"Feature","properties":{"cls":"다동","emd":"주생면"},"geometry":{"type":"Point","coordinates":[127.33362,35.37861]}},{"type":"Feature","properties":{"cls":"단동","emd":"주생면"},"geometry":{"type":"Point","coordinates":[127.33162,35.3828]}},{"type":"Feature","properties":{"cls":"단동","emd":"주생면"},"geometry":{"type":"Point","coordinates":[127.3341,35.379]}},{"type":"Feature","properties":{"cls":"단동","emd":"주생면"},"geometry":{"type":"Point","coordinates":[127.33486,35.38061]}},{"type":"Feature","properties":{"cls":"단동","emd":"주생면"},"geometry":{"type":"Point","coordinates":[127.33509,35.38034]}},{"type":"Feature","properties":{"cls":"단동","emd":"주생면"},"geometry":{"type":"Point","coordinates":[127.33666,35.38154]}},{"type":"Feature","properties":{"cls":"단동","emd":"주생면"},"geometry":{"type":"Point","coordinates":[127.32593,35.38101]}},{"type":"Feature","properties":{"cls":"단동","emd":"주생면"},"geometry":{"type":"Point","coordinates":[127.32539,35.38165]}},{"type":"Feature","properties":{"cls":"단동","emd":"주생면"},"geometry":{"type":"Point","coordinates":[127.32554,35.39647]}},{"type":"Feature","properties":{"cls":"단동","emd":"주생면"},"geometry":{"type":"Point","coordinates":[127.31287,35.38498]}},{"type":"Feature","properties":{"cls":"단동","emd":"주생면"},"geometry":{"type":"Point","coordinates":[127.31492,35.37582]}},{"type":"Feature","properties":{"cls":"단동","emd":"주생면"},"geometry":{"type":"Point","coordinates":[127.31553,35.3767]}},{"type":"Feature","properties":{"cls":"단동","emd":"주생면"},"geometry":{"type":"Point","coordinates":[127.31605,35.37768]}},{"type":"Feature","properties":{"cls":"단동","emd":"주생면"},"geometry":{"type":"Point","coordinates":[127.32303,35.37736]}},{"type":"Feature","properties":{"cls":"단동","emd":"주생면"},"geometry":{"type":"Point","coordinates":[127.32235,35.37663]}},{"type":"Feature","properties":{"cls":"다동","emd":"주생면"},"geometry":{"type":"Point","coordinates":[127.30914,35.36597]}},{"type":"Feature","properties":{"cls":"다동","emd":"주생면"},"geometry":{"type":"Point","coordinates":[127.30937,35.36657]}},{"type":"Feature","properties":{"cls":"단동","emd":"주생면"},"geometry":{"type":"Point","coordinates":[127.31325,35.36731]}},{"type":"Feature","properties":{"cls":"단동","emd":"주생면"},"geometry":{"type":"Point","coordinates":[127.31476,35.3687]}},{"type":"Feature","properties":{"cls":"단동","emd":"주생면"},"geometry":{"type":"Point","coordinates":[127.31499,35.36843]}},{"type":"Feature","properties":{"cls":"단동","emd":"주생면"},"geometry":{"type":"Point","coordinates":[127.31627,35.37198]}},{"type":"Feature","properties":{"cls":"단동","emd":"주생면"},"geometry":{"type":"Point","coordinates":[127.31671,35.37148]}},{"type":"Feature","properties":{"cls":"다동","emd":"주생면"},"geometry":{"type":"Point","coordinates":[127.31644,35.37398]}},{"type":"Feature","properties":{"cls":"단동","emd":"주생면"},"geometry":{"type":"Point","coordinates":[127.31664,35.37331]}},{"type":"Feature","properties":{"cls":"단동","emd":"주생면"},"geometry":{"type":"Point","coordinates":[127.31702,35.37299]}},{"type":"Feature","properties":{"cls":"단동","emd":"주생면"},"geometry":{"type":"Point","coordinates":[127.31736,35.37243]}},{"type":"Feature","properties":{"cls":"단동","emd":"주생면"},"geometry":{"type":"Point","coordinates":[127.31904,35.37205]}},{"type":"Feature","properties":{"cls":"단동","emd":"주생면"},"geometry":{"type":"Point","coordinates":[127.31915,35.3719]}},{"type":"Feature","properties":{"cls":"다동","emd":"주생면"},"geometry":{"type":"Point","coordinates":[127.31829,35.37469]}},{"type":"Feature","properties":{"cls":"단동","emd":"주생면"},"geometry":{"type":"Point","coordinates":[127.31888,35.37403]}},{"type":"Feature","properties":{"cls":"단동","emd":"주생면"},"geometry":{"type":"Point","coordinates":[127.31952,35.3732]}},{"type":"Feature","properties":{"cls":"단동","emd":"주생면"},"geometry":{"type":"Point","coordinates":[127.31985,35.37284]}},{"type":"Feature","properties":{"cls":"단동","emd":"주생면"},"geometry":{"type":"Point","coordinates":[127.31903,35.37547]}},{"type":"Feature","properties":{"cls":"단동","emd":"주생면"},"geometry":{"type":"Point","coordinates":[127.31921,35.37524]}},{"type":"Feature","properties":{"cls":"단동","emd":"주생면"},"geometry":{"type":"Point","coordinates":[127.32131,35.37449]}},{"type":"Feature","properties":{"cls":"다동","emd":"주생면"},"geometry":{"type":"Point","coordinates":[127.32176,35.37388]}},{"type":"Feature","properties":{"cls":"단동","emd":"주생면"},"geometry":{"type":"Point","coordinates":[127.3217,35.37569]}},{"type":"Feature","properties":{"cls":"다동","emd":"주생면"},"geometry":{"type":"Point","coordinates":[127.32235,35.37492]}},{"type":"Feature","properties":{"cls":"단동","emd":"주생면"},"geometry":{"type":"Point","coordinates":[127.32275,35.37444]}},{"type":"Feature","properties":{"cls":"단동","emd":"주생면"},"geometry":{"type":"Point","coordinates":[127.32299,35.37414]}},{"type":"Feature","properties":{"cls":"단동","emd":"주생면"},"geometry":{"type":"Point","coordinates":[127.32323,35.37569]}},{"type":"Feature","properties":{"cls":"단동","emd":"주생면"},"geometry":{"type":"Point","coordinates":[127.3236,35.3768]}},{"type":"Feature","properties":{"cls":"단동","emd":"주생면"},"geometry":{"type":"Point","coordinates":[127.32441,35.37585]}},{"type":"Feature","properties":{"cls":"단동","emd":"주생면"},"geometry":{"type":"Point","coordinates":[127.31107,35.3725]}},{"type":"Feature","properties":{"cls":"단동","emd":"주생면"},"geometry":{"type":"Point","coordinates":[127.30832,35.37052]}},{"type":"Feature","properties":{"cls":"단동","emd":"주생면"},"geometry":{"type":"Point","coordinates":[127.29269,35.39421]}},{"type":"Feature","properties":{"cls":"다동","emd":"주생면"},"geometry":{"type":"Point","coordinates":[127.29255,35.39415]}},{"type":"Feature","properties":{"cls":"단동","emd":"주생면"},"geometry":{"type":"Point","coordinates":[127.29133,35.3917]}},{"type":"Feature","properties":{"cls":"단동","emd":"주생면"},"geometry":{"type":"Point","coordinates":[127.29432,35.3884]}},{"type":"Feature","properties":{"cls":"다동","emd":"주생면"},"geometry":{"type":"Point","coordinates":[127.29373,35.3863]}},{"type":"Feature","properties":{"cls":"단동","emd":"주생면"},"geometry":{"type":"Point","coordinates":[127.29415,35.38616]}},{"type":"Feature","properties":{"cls":"다동","emd":"주생면"},"geometry":{"type":"Point","coordinates":[127.29539,35.38546]}},{"type":"Feature","properties":{"cls":"단동","emd":"주생면"},"geometry":{"type":"Point","coordinates":[127.29989,35.37452]}},{"type":"Feature","properties":{"cls":"단동","emd":"주생면"},"geometry":{"type":"Point","coordinates":[127.28123,35.39682]}},{"type":"Feature","properties":{"cls":"다동","emd":"주생면"},"geometry":{"type":"Point","coordinates":[127.27872,35.39561]}},{"type":"Feature","properties":{"cls":"단동","emd":"주생면"},"geometry":{"type":"Point","coordinates":[127.28059,35.39135]}},{"type":"Feature","properties":{"cls":"단동","emd":"주생면"},"geometry":{"type":"Point","coordinates":[127.28154,35.39185]}},{"type":"Feature","properties":{"cls":"단동","emd":"주생면"},"geometry":{"type":"Point","coordinates":[127.27833,35.37947]}},{"type":"Feature","properties":{"cls":"다동","emd":"주생면"},"geometry":{"type":"Point","coordinates":[127.27735,35.37462]}},{"type":"Feature","properties":{"cls":"단동","emd":"주생면"},"geometry":{"type":"Point","coordinates":[127.27448,35.37236]}},{"type":"Feature","properties":{"cls":"다동","emd":"주생면"},"geometry":{"type":"Point","coordinates":[127.27446,35.37252]}},{"type":"Feature","properties":{"cls":"단동","emd":"주생면"},"geometry":{"type":"Point","coordinates":[127.28881,35.36746]}},{"type":"Feature","properties":{"cls":"단동","emd":"주생면"},"geometry":{"type":"Point","coordinates":[127.2908,35.36741]}},{"type":"Feature","properties":{"cls":"단동","emd":"주생면"},"geometry":{"type":"Point","coordinates":[127.2912,35.36655]}},{"type":"Feature","properties":{"cls":"단동","emd":"주생면"},"geometry":{"type":"Point","coordinates":[127.29205,35.37153]}},{"type":"Feature","properties":{"cls":"다동","emd":"주생면"},"geometry":{"type":"Point","coordinates":[127.29386,35.368]}},{"type":"Feature","properties":{"cls":"다동","emd":"주생면"},"geometry":{"type":"Point","coordinates":[127.29365,35.36688]}},{"type":"Feature","properties":{"cls":"다동","emd":"금지면"},"geometry":{"type":"Point","coordinates":[127.30622,35.36145]}},{"type":"Feature","properties":{"cls":"다동","emd":"금지면"},"geometry":{"type":"Point","coordinates":[127.3057,35.35997]}},{"type":"Feature","properties":{"cls":"단동","emd":"금지면"},"geometry":{"type":"Point","coordinates":[127.3055,35.35972]}},{"type":"Feature","properties":{"cls":"단동","emd":"금지면"},"geometry":{"type":"Point","coordinates":[127.30448,35.35912]}},{"type":"Feature","properties":{"cls":"다동","emd":"금지면"},"geometry":{"type":"Point","coordinates":[127.30261,35.34766]}},{"type":"Feature","properties":{"cls":"다동","emd":"금지면"},"geometry":{"type":"Point","coordinates":[127.30247,35.3558]}},{"type":"Feature","properties":{"cls":"다동","emd":"금지면"},"geometry":{"type":"Point","coordinates":[127.30233,35.35543]}},{"type":"Feature","properties":{"cls":"다동","emd":"금지면"},"geometry":{"type":"Point","coordinates":[127.30223,35.35509]}},{"type":"Feature","properties":{"cls":"다동","emd":"금지면"},"geometry":{"type":"Point","coordinates":[127.30353,35.35505]}},{"type":"Feature","properties":{"cls":"다동","emd":"금지면"},"geometry":{"type":"Point","coordinates":[127.30083,35.35483]}},{"type":"Feature","properties":{"cls":"다동","emd":"금지면"},"geometry":{"type":"Point","coordinates":[127.30063,35.3542]}},{"type":"Feature","properties":{"cls":"다동","emd":"금지면"},"geometry":{"type":"Point","coordinates":[127.29957,35.35523]}},{"type":"Feature","properties":{"cls":"다동","emd":"금지면"},"geometry":{"type":"Point","coordinates":[127.29843,35.35188]}},{"type":"Feature","properties":{"cls":"다동","emd":"금지면"},"geometry":{"type":"Point","coordinates":[127.30093,35.35123]}},{"type":"Feature","properties":{"cls":"다동","emd":"금지면"},"geometry":{"type":"Point","coordinates":[127.30086,35.3511]}},{"type":"Feature","properties":{"cls":"다동","emd":"금지면"},"geometry":{"type":"Point","coordinates":[127.30345,35.3516]}},{"type":"Feature","properties":{"cls":"다동","emd":"금지면"},"geometry":{"type":"Point","coordinates":[127.3033,35.35113]}},{"type":"Feature","properties":{"cls":"단동","emd":"금지면"},"geometry":{"type":"Point","coordinates":[127.30375,35.35258]}},{"type":"Feature","properties":{"cls":"다동","emd":"금지면"},"geometry":{"type":"Point","coordinates":[127.30126,35.34825]}},{"type":"Feature","properties":{"cls":"단동","emd":"금지면"},"geometry":{"type":"Point","coordinates":[127.2977,35.34964]}},{"type":"Feature","properties":{"cls":"다동","emd":"금지면"},"geometry":{"type":"Point","coordinates":[127.29392,35.35068]}},{"type":"Feature","properties":{"cls":"단동","emd":"금지면"},"geometry":{"type":"Point","coordinates":[127.28908,35.3583]}},{"type":"Feature","properties":{"cls":"단동","emd":"금지면"},"geometry":{"type":"Point","coordinates":[127.28553,35.35751]}},{"type":"Feature","properties":{"cls":"단동","emd":"금지면"},"geometry":{"type":"Point","coordinates":[127.28674,35.35811]}},{"type":"Feature","properties":{"cls":"단동","emd":"금지면"},"geometry":{"type":"Point","coordinates":[127.28593,35.35837]}},{"type":"Feature","properties":{"cls":"단동","emd":"금지면"},"geometry":{"type":"Point","coordinates":[127.28912,35.35363]}},{"type":"Feature","properties":{"cls":"단동","emd":"금지면"},"geometry":{"type":"Point","coordinates":[127.28909,35.35182]}},{"type":"Feature","properties":{"cls":"단동","emd":"금지면"},"geometry":{"type":"Point","coordinates":[127.28854,35.351]}},{"type":"Feature","properties":{"cls":"단동","emd":"금지면"},"geometry":{"type":"Point","coordinates":[127.28386,35.36332]}},{"type":"Feature","properties":{"cls":"단동","emd":"금지면"},"geometry":{"type":"Point","coordinates":[127.28453,35.36361]}},{"type":"Feature","properties":{"cls":"다동","emd":"금지면"},"geometry":{"type":"Point","coordinates":[127.29527,35.3572]}},{"type":"Feature","properties":{"cls":"단동","emd":"금지면"},"geometry":{"type":"Point","coordinates":[127.29551,35.35716]}},{"type":"Feature","properties":{"cls":"다동","emd":"금지면"},"geometry":{"type":"Point","coordinates":[127.29725,35.35682]}},{"type":"Feature","properties":{"cls":"다동","emd":"금지면"},"geometry":{"type":"Point","coordinates":[127.29718,35.35657]}},{"type":"Feature","properties":{"cls":"다동","emd":"금지면"},"geometry":{"type":"Point","coordinates":[127.29823,35.35514]}},{"type":"Feature","properties":{"cls":"다동","emd":"금지면"},"geometry":{"type":"Point","coordinates":[127.29707,35.35562]}},{"type":"Feature","properties":{"cls":"다동","emd":"금지면"},"geometry":{"type":"Point","coordinates":[127.29343,35.3546]}},{"type":"Feature","properties":{"cls":"다동","emd":"금지면"},"geometry":{"type":"Point","coordinates":[127.29337,35.35452]}},{"type":"Feature","properties":{"cls":"다동","emd":"금지면"},"geometry":{"type":"Point","coordinates":[127.29328,35.35441]}},{"type":"Feature","properties":{"cls":"단동","emd":"금지면"},"geometry":{"type":"Point","coordinates":[127.29447,35.35235]}},{"type":"Feature","properties":{"cls":"다동","emd":"금지면"},"geometry":{"type":"Point","coordinates":[127.29445,35.35236]}},{"type":"Feature","properties":{"cls":"다동","emd":"금지면"},"geometry":{"type":"Point","coordinates":[127.29632,35.35344]}},{"type":"Feature","properties":{"cls":"다동","emd":"금지면"},"geometry":{"type":"Point","coordinates":[127.29618,35.35303]}},{"type":"Feature","properties":{"cls":"다동","emd":"금지면"},"geometry":{"type":"Point","coordinates":[127.29605,35.35265]}},{"type":"Feature","properties":{"cls":"다동","emd":"금지면"},"geometry":{"type":"Point","coordinates":[127.29715,35.35184]}},{"type":"Feature","properties":{"cls":"다동","emd":"금지면"},"geometry":{"type":"Point","coordinates":[127.29262,35.35208]}},{"type":"Feature","properties":{"cls":"단동","emd":"금지면"},"geometry":{"type":"Point","coordinates":[127.29284,35.35203]}},{"type":"Feature","properties":{"cls":"단동","emd":"금지면"},"geometry":{"type":"Point","coordinates":[127.29459,35.35023]}},{"type":"Feature","properties":{"cls":"단동","emd":"금지면"},"geometry":{"type":"Point","coordinates":[127.29306,35.34992]}},{"type":"Feature","properties":{"cls":"다동","emd":"금지면"},"geometry":{"type":"Point","coordinates":[127.29022,35.35096]}},{"type":"Feature","properties":{"cls":"단동","emd":"금지면"},"geometry":{"type":"Point","coordinates":[127.29257,35.3655]}},{"type":"Feature","properties":{"cls":"단동","emd":"금지면"},"geometry":{"type":"Point","coordinates":[127.29061,35.36462]}},{"type":"Feature","properties":{"cls":"단동","emd":"금지면"},"geometry":{"type":"Point","coordinates":[127.294,35.36358]}},{"type":"Feature","properties":{"cls":"단동","emd":"금지면"},"geometry":{"type":"Point","coordinates":[127.28832,35.36276]}},{"type":"Feature","properties":{"cls":"단동","emd":"금지면"},"geometry":{"type":"Point","coordinates":[127.29069,35.36273]}},{"type":"Feature","properties":{"cls":"다동","emd":"금지면"},"geometry":{"type":"Point","coordinates":[127.28185,35.35635]}},{"type":"Feature","properties":{"cls":"단동","emd":"금지면"},"geometry":{"type":"Point","coordinates":[127.28153,35.35628]}},{"type":"Feature","properties":{"cls":"단동","emd":"금지면"},"geometry":{"type":"Point","coordinates":[127.28303,35.35786]}},{"type":"Feature","properties":{"cls":"다동","emd":"금지면"},"geometry":{"type":"Point","coordinates":[127.28377,35.36144]}},{"type":"Feature","properties":{"cls":"단동","emd":"금지면"},"geometry":{"type":"Point","coordinates":[127.27629,35.36184]}},{"type":"Feature","properties":{"cls":"다동","emd":"금지면"},"geometry":{"type":"Point","coordinates":[127.2762,35.36123]}},{"type":"Feature","properties":{"cls":"단동","emd":"금지면"},"geometry":{"type":"Point","coordinates":[127.2778,35.36134]}},{"type":"Feature","properties":{"cls":"단동","emd":"금지면"},"geometry":{"type":"Point","coordinates":[127.27494,35.35668]}},{"type":"Feature","properties":{"cls":"다동","emd":"금지면"},"geometry":{"type":"Point","coordinates":[127.27689,35.35458]}},{"type":"Feature","properties":{"cls":"단동","emd":"금지면"},"geometry":{"type":"Point","coordinates":[127.27489,35.35067]}},{"type":"Feature","properties":{"cls":"다동","emd":"금지면"},"geometry":{"type":"Point","coordinates":[127.27332,35.36028]}},{"type":"Feature","properties":{"cls":"단동","emd":"금지면"},"geometry":{"type":"Point","coordinates":[127.27295,35.36151]}},{"type":"Feature","properties":{"cls":"단동","emd":"금지면"},"geometry":{"type":"Point","coordinates":[127.27412,35.3632]}},{"type":"Feature","properties":{"cls":"단동","emd":"금지면"},"geometry":{"type":"Point","coordinates":[127.2741,35.36206]}},{"type":"Feature","properties":{"cls":"다동","emd":"금지면"},"geometry":{"type":"Point","coordinates":[127.28265,35.35582]}},{"type":"Feature","properties":{"cls":"단동","emd":"금지면"},"geometry":{"type":"Point","coordinates":[127.28557,35.35335]}},{"type":"Feature","properties":{"cls":"단동","emd":"금지면"},"geometry":{"type":"Point","coordinates":[127.28339,35.35351]}},{"type":"Feature","properties":{"cls":"단동","emd":"금지면"},"geometry":{"type":"Point","coordinates":[127.28627,35.35202]}},{"type":"Feature","properties":{"cls":"단동","emd":"금지면"},"geometry":{"type":"Point","coordinates":[127.28651,35.35191]}},{"type":"Feature","properties":{"cls":"단동","emd":"금지면"},"geometry":{"type":"Point","coordinates":[127.28327,35.35255]}},{"type":"Feature","properties":{"cls":"다동","emd":"금지면"},"geometry":{"type":"Point","coordinates":[127.27572,35.36504]}},{"type":"Feature","properties":{"cls":"다동","emd":"금지면"},"geometry":{"type":"Point","coordinates":[127.27928,35.36456]}},{"type":"Feature","properties":{"cls":"단동","emd":"금지면"},"geometry":{"type":"Point","coordinates":[127.28089,35.36419]}},{"type":"Feature","properties":{"cls":"다동","emd":"금지면"},"geometry":{"type":"Point","coordinates":[127.27764,35.35379]}},{"type":"Feature","properties":{"cls":"다동","emd":"금지면"},"geometry":{"type":"Point","coordinates":[127.27872,35.35215]}},{"type":"Feature","properties":{"cls":"다동","emd":"금지면"},"geometry":{"type":"Point","coordinates":[127.28234,35.35296]}},{"type":"Feature","properties":{"cls":"다동","emd":"금지면"},"geometry":{"type":"Point","coordinates":[127.27735,35.35099]}},{"type":"Feature","properties":{"cls":"단동","emd":"금지면"},"geometry":{"type":"Point","coordinates":[127.27755,35.35714]}},{"type":"Feature","properties":{"cls":"단동","emd":"금지면"},"geometry":{"type":"Point","coordinates":[127.27954,35.35629]}},{"type":"Feature","properties":{"cls":"단동","emd":"금지면"},"geometry":{"type":"Point","coordinates":[127.2792,35.35731]}},{"type":"Feature","properties":{"cls":"단동","emd":"금지면"},"geometry":{"type":"Point","coordinates":[127.28313,35.34787]}},{"type":"Feature","properties":{"cls":"단동","emd":"금지면"},"geometry":{"type":"Point","coordinates":[127.28099,35.34111]}},{"type":"Feature","properties":{"cls":"단동","emd":"금지면"},"geometry":{"type":"Point","coordinates":[127.28462,35.35018]}},{"type":"Feature","properties":{"cls":"다동","emd":"금지면"},"geometry":{"type":"Point","coordinates":[127.28398,35.34055]}},{"type":"Feature","properties":{"cls":"단동","emd":"금지면"},"geometry":{"type":"Point","coordinates":[127.28989,35.34919]}},{"type":"Feature","properties":{"cls":"단동","emd":"금지면"},"geometry":{"type":"Point","coordinates":[127.29098,35.34828]}},{"type":"Feature","properties":{"cls":"단동","emd":"금지면"},"geometry":{"type":"Point","coordinates":[127.29343,35.34847]}},{"type":"Feature","properties":{"cls":"단동","emd":"금지면"},"geometry":{"type":"Point","coordinates":[127.29546,35.34757]}},{"type":"Feature","properties":{"cls":"단동","emd":"금지면"},"geometry":{"type":"Point","coordinates":[127.29304,35.34758]}},{"type":"Feature","properties":{"cls":"단동","emd":"금지면"},"geometry":{"type":"Point","coordinates":[127.29466,35.34551]}},{"type":"Feature","properties":{"cls":"단동","emd":"금지면"},"geometry":{"type":"Point","coordinates":[127.2927,35.34552]}},{"type":"Feature","properties":{"cls":"단동","emd":"금지면"},"geometry":{"type":"Point","coordinates":[127.29365,35.3434]}},{"type":"Feature","properties":{"cls":"단동","emd":"금지면"},"geometry":{"type":"Point","coordinates":[127.2942,35.34338]}},{"type":"Feature","properties":{"cls":"다동","emd":"금지면"},"geometry":{"type":"Point","coordinates":[127.29522,35.3434]}},{"type":"Feature","properties":{"cls":"단동","emd":"금지면"},"geometry":{"type":"Point","coordinates":[127.29626,35.34337]}},{"type":"Feature","properties":{"cls":"단동","emd":"금지면"},"geometry":{"type":"Point","coordinates":[127.28855,35.34344]}},{"type":"Feature","properties":{"cls":"단동","emd":"금지면"},"geometry":{"type":"Point","coordinates":[127.28954,35.34254]}},{"type":"Feature","properties":{"cls":"단동","emd":"금지면"},"geometry":{"type":"Point","coordinates":[127.29422,35.34239]}},{"type":"Feature","properties":{"cls":"단동","emd":"금지면"},"geometry":{"type":"Point","coordinates":[127.2948,35.34134]}},{"type":"Feature","properties":{"cls":"단동","emd":"금지면"},"geometry":{"type":"Point","coordinates":[127.28994,35.34062]}},{"type":"Feature","properties":{"cls":"단동","emd":"금지면"},"geometry":{"type":"Point","coordinates":[127.29388,35.33974]}},{"type":"Feature","properties":{"cls":"단동","emd":"금지면"},"geometry":{"type":"Point","coordinates":[127.29571,35.33928]}},{"type":"Feature","properties":{"cls":"단동","emd":"금지면"},"geometry":{"type":"Point","coordinates":[127.28875,35.3387]}},{"type":"Feature","properties":{"cls":"단동","emd":"금지면"},"geometry":{"type":"Point","coordinates":[127.28994,35.3387]}},{"type":"Feature","properties":{"cls":"단동","emd":"금지면"},"geometry":{"type":"Point","coordinates":[127.2896,35.33769]}},{"type":"Feature","properties":{"cls":"단동","emd":"금지면"},"geometry":{"type":"Point","coordinates":[127.28858,35.32973]}},{"type":"Feature","properties":{"cls":"단동","emd":"금지면"},"geometry":{"type":"Point","coordinates":[127.28868,35.33153]}},{"type":"Feature","properties":{"cls":"단동","emd":"금지면"},"geometry":{"type":"Point","coordinates":[127.28826,35.33146]}},{"type":"Feature","properties":{"cls":"단동","emd":"금지면"},"geometry":{"type":"Point","coordinates":[127.28644,35.32233]}},{"type":"Feature","properties":{"cls":"단동","emd":"금지면"},"geometry":{"type":"Point","coordinates":[127.2867,35.33136]}},{"type":"Feature","properties":{"cls":"단동","emd":"금지면"},"geometry":{"type":"Point","coordinates":[127.28721,35.33134]}},{"type":"Feature","properties":{"cls":"단동","emd":"금지면"},"geometry":{"type":"Point","coordinates":[127.28754,35.33032]}},{"type":"Feature","properties":{"cls":"단동","emd":"금지면"},"geometry":{"type":"Point","coordinates":[127.28709,35.32631]}},{"type":"Feature","properties":{"cls":"단동","emd":"금지면"},"geometry":{"type":"Point","coordinates":[127.28729,35.32179]}},{"type":"Feature","properties":{"cls":"단동","emd":"금지면"},"geometry":{"type":"Point","coordinates":[127.29462,35.33723]}},{"type":"Feature","properties":{"cls":"단동","emd":"금지면"},"geometry":{"type":"Point","coordinates":[127.29522,35.33725]}},{"type":"Feature","properties":{"cls":"단동","emd":"금지면"},"geometry":{"type":"Point","coordinates":[127.29583,35.33626]}},{"type":"Feature","properties":{"cls":"단동","emd":"금지면"},"geometry":{"type":"Point","coordinates":[127.29099,35.33168]}},{"type":"Feature","properties":{"cls":"단동","emd":"금지면"},"geometry":{"type":"Point","coordinates":[127.29206,35.33167]}},{"type":"Feature","properties":{"cls":"단동","emd":"금지면"},"geometry":{"type":"Point","coordinates":[127.29233,35.33168]}},{"type":"Feature","properties":{"cls":"단동","emd":"금지면"},"geometry":{"type":"Point","coordinates":[127.29305,35.33075]}},{"type":"Feature","properties":{"cls":"단동","emd":"금지면"},"geometry":{"type":"Point","coordinates":[127.29358,35.33073]}},{"type":"Feature","properties":{"cls":"단동","emd":"금지면"},"geometry":{"type":"Point","coordinates":[127.29523,35.33319]}},{"type":"Feature","properties":{"cls":"단동","emd":"금지면"},"geometry":{"type":"Point","coordinates":[127.29585,35.33319]}},{"type":"Feature","properties":{"cls":"단동","emd":"금지면"},"geometry":{"type":"Point","coordinates":[127.29549,35.3323]}},{"type":"Feature","properties":{"cls":"단동","emd":"금지면"},"geometry":{"type":"Point","coordinates":[127.29593,35.33227]}},{"type":"Feature","properties":{"cls":"단동","emd":"금지면"},"geometry":{"type":"Point","coordinates":[127.29489,35.3313]}},{"type":"Feature","properties":{"cls":"단동","emd":"금지면"},"geometry":{"type":"Point","coordinates":[127.29011,35.3248]}},{"type":"Feature","properties":{"cls":"단동","emd":"금지면"},"geometry":{"type":"Point","coordinates":[127.28962,35.32188]}},{"type":"Feature","properties":{"cls":"단동","emd":"금지면"},"geometry":{"type":"Point","coordinates":[127.29008,35.32188]}},{"type":"Feature","properties":{"cls":"단동","emd":"금지면"},"geometry":{"type":"Point","coordinates":[127.29046,35.32187]}},{"type":"Feature","properties":{"cls":"단동","emd":"금지면"},"geometry":{"type":"Point","coordinates":[127.28881,35.31803]}},{"type":"Feature","properties":{"cls":"다동","emd":"금지면"},"geometry":{"type":"Point","coordinates":[127.30091,35.34153]}},{"type":"Feature","properties":{"cls":"다동","emd":"금지면"},"geometry":{"type":"Point","coordinates":[127.29717,35.34798]}},{"type":"Feature","properties":{"cls":"다동","emd":"금지면"},"geometry":{"type":"Point","coordinates":[127.29857,35.34809]}},{"type":"Feature","properties":{"cls":"단동","emd":"금지면"},"geometry":{"type":"Point","coordinates":[127.29815,35.34667]}},{"type":"Feature","properties":{"cls":"다동","emd":"금지면"},"geometry":{"type":"Point","coordinates":[127.29954,35.34715]}},{"type":"Feature","properties":{"cls":"단동","emd":"금지면"},"geometry":{"type":"Point","coordinates":[127.30099,35.34734]}},{"type":"Feature","properties":{"cls":"다동","emd":"금지면"},"geometry":{"type":"Point","coordinates":[127.3009,35.34714]}},{"type":"Feature","properties":{"cls":"단동","emd":"금지면"},"geometry":{"type":"Point","coordinates":[127.29959,35.34451]}},{"type":"Feature","properties":{"cls":"단동","emd":"금지면"},"geometry":{"type":"Point","coordinates":[127.29738,35.34339]}},{"type":"Feature","properties":{"cls":"단동","emd":"금지면"},"geometry":{"type":"Point","coordinates":[127.29957,35.34338]}},{"type":"Feature","properties":{"cls":"단동","emd":"금지면"},"geometry":{"type":"Point","coordinates":[127.30063,35.34337]}},{"type":"Feature","properties":{"cls":"단동","emd":"금지면"},"geometry":{"type":"Point","coordinates":[127.29665,35.34135]}},{"type":"Feature","properties":{"cls":"단동","emd":"금지면"},"geometry":{"type":"Point","coordinates":[127.29967,35.34132]}},{"type":"Feature","properties":{"cls":"단동","emd":"금지면"},"geometry":{"type":"Point","coordinates":[127.29814,35.34037]}},{"type":"Feature","properties":{"cls":"단동","emd":"금지면"},"geometry":{"type":"Point","coordinates":[127.29933,35.33925]}},{"type":"Feature","properties":{"cls":"단동","emd":"금지면"},"geometry":{"type":"Point","coordinates":[127.29973,35.33932]}},{"type":"Feature","properties":{"cls":"단동","emd":"금지면"},"geometry":{"type":"Point","coordinates":[127.30022,35.33926]}},{"type":"Feature","properties":{"cls":"단동","emd":"금지면"},"geometry":{"type":"Point","coordinates":[127.29739,35.33926]}},{"type":"Feature","properties":{"cls":"단동","emd":"금지면"},"geometry":{"type":"Point","coordinates":[127.29964,35.33829]}},{"type":"Feature","properties":{"cls":"단동","emd":"금지면"},"geometry":{"type":"Point","coordinates":[127.29788,35.33723]}},{"type":"Feature","properties":{"cls":"단동","emd":"금지면"},"geometry":{"type":"Point","coordinates":[127.29968,35.33723]}},{"type":"Feature","properties":{"cls":"단동","emd":"금지면"},"geometry":{"type":"Point","coordinates":[127.30003,35.33728]}},{"type":"Feature","properties":{"cls":"단동","emd":"금지면"},"geometry":{"type":"Point","coordinates":[127.29738,35.33725]}},{"type":"Feature","properties":{"cls":"단동","emd":"금지면"},"geometry":{"type":"Point","coordinates":[127.29664,35.3352]}},{"type":"Feature","properties":{"cls":"단동","emd":"금지면"},"geometry":{"type":"Point","coordinates":[127.29725,35.33518]}},{"type":"Feature","properties":{"cls":"단동","emd":"금지면"},"geometry":{"type":"Point","coordinates":[127.30238,35.33587]}},{"type":"Feature","properties":{"cls":"단동","emd":"금지면"},"geometry":{"type":"Point","coordinates":[127.30335,35.3349]}},{"type":"Feature","properties":{"cls":"단동","emd":"금지면"},"geometry":{"type":"Point","coordinates":[127.30242,35.33433]}},{"type":"Feature","properties":{"cls":"단동","emd":"금지면"},"geometry":{"type":"Point","coordinates":[127.30245,35.33407]}},{"type":"Feature","properties":{"cls":"단동","emd":"금지면"},"geometry":{"type":"Point","coordinates":[127.30307,35.33387]}},{"type":"Feature","properties":{"cls":"단동","emd":"금지면"},"geometry":{"type":"Point","coordinates":[127.30272,35.3333]}},{"type":"Feature","properties":{"cls":"단동","emd":"금지면"},"geometry":{"type":"Point","coordinates":[127.30222,35.33361]}},{"type":"Feature","properties":{"cls":"단동","emd":"금지면"},"geometry":{"type":"Point","coordinates":[127.30476,35.33234]}},{"type":"Feature","properties":{"cls":"단동","emd":"금지면"},"geometry":{"type":"Point","coordinates":[127.30428,35.33283]}},{"type":"Feature","properties":{"cls":"단동","emd":"금지면"},"geometry":{"type":"Point","coordinates":[127.30078,35.33607]}},{"type":"Feature","properties":{"cls":"단동","emd":"금지면"},"geometry":{"type":"Point","coordinates":[127.30109,35.33602]}},{"type":"Feature","properties":{"cls":"단동","emd":"금지면"},"geometry":{"type":"Point","coordinates":[127.30093,35.33059]}},{"type":"Feature","properties":{"cls":"단동","emd":"금지면"},"geometry":{"type":"Point","coordinates":[127.30127,35.33056]}},{"type":"Feature","properties":{"cls":"단동","emd":"금지면"},"geometry":{"type":"Point","coordinates":[127.30229,35.33046]}},{"type":"Feature","properties":{"cls":"단동","emd":"금지면"},"geometry":{"type":"Point","coordinates":[127.29961,35.32965]}},{"type":"Feature","properties":{"cls":"단동","emd":"금지면"},"geometry":{"type":"Point","coordinates":[127.30054,35.32959]}},{"type":"Feature","properties":{"cls":"단동","emd":"금지면"},"geometry":{"type":"Point","coordinates":[127.30051,35.32868]}},{"type":"Feature","properties":{"cls":"단동","emd":"금지면"},"geometry":{"type":"Point","coordinates":[127.30097,35.32865]}},{"type":"Feature","properties":{"cls":"단동","emd":"금지면"},"geometry":{"type":"Point","coordinates":[127.30152,35.32863]}},{"type":"Feature","properties":{"cls":"단동","emd":"금지면"},"geometry":{"type":"Point","coordinates":[127.30229,35.3276]}},{"type":"Feature","properties":{"cls":"단동","emd":"금지면"},"geometry":{"type":"Point","coordinates":[127.30243,35.32761]}},{"type":"Feature","properties":{"cls":"단동","emd":"금지면"},"geometry":{"type":"Point","coordinates":[127.30281,35.32757]}},{"type":"Feature","properties":{"cls":"단동","emd":"금지면"},"geometry":{"type":"Point","coordinates":[127.30324,35.32753]}},{"type":"Feature","properties":{"cls":"단동","emd":"금지면"},"geometry":{"type":"Point","coordinates":[127.30347,35.32753]}},{"type":"Feature","properties":{"cls":"단동","emd":"금지면"},"geometry":{"type":"Point","coordinates":[127.30302,35.32568]}},{"type":"Feature","properties":{"cls":"단동","emd":"금지면"},"geometry":{"type":"Point","coordinates":[127.30319,35.32609]}},{"type":"Feature","properties":{"cls":"단동","emd":"금지면"},"geometry":{"type":"Point","coordinates":[127.30386,35.32563]}},{"type":"Feature","properties":{"cls":"단동","emd":"금지면"},"geometry":{"type":"Point","coordinates":[127.30474,35.32563]}},{"type":"Feature","properties":{"cls":"단동","emd":"금지면"},"geometry":{"type":"Point","coordinates":[127.30289,35.32474]}},{"type":"Feature","properties":{"cls":"단동","emd":"금지면"},"geometry":{"type":"Point","coordinates":[127.30539,35.32482]}},{"type":"Feature","properties":{"cls":"단동","emd":"금지면"},"geometry":{"type":"Point","coordinates":[127.30263,35.32382]}},{"type":"Feature","properties":{"cls":"단동","emd":"금지면"},"geometry":{"type":"Point","coordinates":[127.30278,35.32382]}},{"type":"Feature","properties":{"cls":"단동","emd":"금지면"},"geometry":{"type":"Point","coordinates":[127.3048,35.32378]}},{"type":"Feature","properties":{"cls":"단동","emd":"금지면"},"geometry":{"type":"Point","coordinates":[127.29897,35.33126]}},{"type":"Feature","properties":{"cls":"단동","emd":"금지면"},"geometry":{"type":"Point","coordinates":[127.29757,35.32932]}},{"type":"Feature","properties":{"cls":"단동","emd":"금지면"},"geometry":{"type":"Point","coordinates":[127.29634,35.3277]}},{"type":"Feature","properties":{"cls":"단동","emd":"금지면"},"geometry":{"type":"Point","coordinates":[127.29498,35.32669]}},{"type":"Feature","properties":{"cls":"단동","emd":"금지면"},"geometry":{"type":"Point","coordinates":[127.29531,35.32669]}},{"type":"Feature","properties":{"cls":"단동","emd":"금지면"},"geometry":{"type":"Point","coordinates":[127.2973,35.32666]}},{"type":"Feature","properties":{"cls":"단동","emd":"금지면"},"geometry":{"type":"Point","coordinates":[127.29788,35.32665]}},{"type":"Feature","properties":{"cls":"단동","emd":"금지면"},"geometry":{"type":"Point","coordinates":[127.29302,35.32571]}},{"type":"Feature","properties":{"cls":"단동","emd":"금지면"},"geometry":{"type":"Point","coordinates":[127.29505,35.3257]}},{"type":"Feature","properties":{"cls":"단동","emd":"금지면"},"geometry":{"type":"Point","coordinates":[127.29749,35.32567]}},{"type":"Feature","properties":{"cls":"단동","emd":"금지면"},"geometry":{"type":"Point","coordinates":[127.29344,35.32477]}},{"type":"Feature","properties":{"cls":"단동","emd":"금지면"},"geometry":{"type":"Point","coordinates":[127.29193,35.32378]}},{"type":"Feature","properties":{"cls":"단동","emd":"금지면"},"geometry":{"type":"Point","coordinates":[127.29725,35.32375]}},{"type":"Feature","properties":{"cls":"단동","emd":"금지면"},"geometry":{"type":"Point","coordinates":[127.29759,35.32374]}},{"type":"Feature","properties":{"cls":"단동","emd":"금지면"},"geometry":{"type":"Point","coordinates":[127.29152,35.32285]}},{"type":"Feature","properties":{"cls":"단동","emd":"금지면"},"geometry":{"type":"Point","coordinates":[127.29231,35.32284]}},{"type":"Feature","properties":{"cls":"단동","emd":"금지면"},"geometry":{"type":"Point","coordinates":[127.29642,35.32283]}},{"type":"Feature","properties":{"cls":"단동","emd":"금지면"},"geometry":{"type":"Point","coordinates":[127.29844,35.32282]}},{"type":"Feature","properties":{"cls":"단동","emd":"금지면"},"geometry":{"type":"Point","coordinates":[127.29176,35.32186]}},{"type":"Feature","properties":{"cls":"단동","emd":"금지면"},"geometry":{"type":"Point","coordinates":[127.2935,35.32187]}},{"type":"Feature","properties":{"cls":"단동","emd":"금지면"},"geometry":{"type":"Point","coordinates":[127.29414,35.32184]}},{"type":"Feature","properties":{"cls":"단동","emd":"금지면"},"geometry":{"type":"Point","coordinates":[127.29528,35.32185]}},{"type":"Feature","properties":{"cls":"단동","emd":"금지면"},"geometry":{"type":"Point","coordinates":[127.2982,35.32183]}},{"type":"Feature","properties":{"cls":"단동","emd":"금지면"},"geometry":{"type":"Point","coordinates":[127.2927,35.32093]}},{"type":"Feature","properties":{"cls":"단동","emd":"금지면"},"geometry":{"type":"Point","coordinates":[127.29978,35.32768]}},{"type":"Feature","properties":{"cls":"단동","emd":"금지면"},"geometry":{"type":"Point","coordinates":[127.30112,35.32574]}},{"type":"Feature","properties":{"cls":"단동","emd":"금지면"},"geometry":{"type":"Point","coordinates":[127.30055,35.32469]}},{"type":"Feature","properties":{"cls":"단동","emd":"금지면"},"geometry":{"type":"Point","coordinates":[127.30128,35.32482]}},{"type":"Feature","properties":{"cls":"단동","emd":"금지면"},"geometry":{"type":"Point","coordinates":[127.30099,35.32382]}},{"type":"Feature","properties":{"cls":"단동","emd":"금지면"},"geometry":{"type":"Point","coordinates":[127.3014,35.32384]}},{"type":"Feature","properties":{"cls":"단동","emd":"금지면"},"geometry":{"type":"Point","coordinates":[127.29919,35.32291]}},{"type":"Feature","properties":{"cls":"단동","emd":"금지면"},"geometry":{"type":"Point","coordinates":[127.29947,35.32195]}},{"type":"Feature","properties":{"cls":"단동","emd":"금지면"},"geometry":{"type":"Point","coordinates":[127.28972,35.31598]}},{"type":"Feature","properties":{"cls":"단동","emd":"금지면"},"geometry":{"type":"Point","coordinates":[127.29198,35.31547]}},{"type":"Feature","properties":{"cls":"단동","emd":"금지면"},"geometry":{"type":"Point","coordinates":[127.29285,35.31507]}},{"type":"Feature","properties":{"cls":"단동","emd":"금지면"},"geometry":{"type":"Point","coordinates":[127.29128,35.31996]}},{"type":"Feature","properties":{"cls":"단동","emd":"금지면"},"geometry":{"type":"Point","coordinates":[127.29158,35.31995]}},{"type":"Feature","properties":{"cls":"단동","emd":"금지면"},"geometry":{"type":"Point","coordinates":[127.29264,35.31994]}},{"type":"Feature","properties":{"cls":"단동","emd":"금지면"},"geometry":{"type":"Point","coordinates":[127.29283,35.31995]}},{"type":"Feature","properties":{"cls":"단동","emd":"금지면"},"geometry":{"type":"Point","coordinates":[127.29191,35.31903]}},{"type":"Feature","properties":{"cls":"단동","emd":"금지면"},"geometry":{"type":"Point","coordinates":[127.29485,35.319]}},{"type":"Feature","properties":{"cls":"단동","emd":"금지면"},"geometry":{"type":"Point","coordinates":[127.29504,35.31899]}},{"type":"Feature","properties":{"cls":"단동","emd":"금지면"},"geometry":{"type":"Point","coordinates":[127.29235,35.31801]}},{"type":"Feature","properties":{"cls":"단동","emd":"금지면"},"geometry":{"type":"Point","coordinates":[127.29401,35.31825]}},{"type":"Feature","properties":{"cls":"단동","emd":"금지면"},"geometry":{"type":"Point","coordinates":[127.29032,35.31709]}},{"type":"Feature","properties":{"cls":"단동","emd":"금지면"},"geometry":{"type":"Point","coordinates":[127.29193,35.31709]}},{"type":"Feature","properties":{"cls":"단동","emd":"금지면"},"geometry":{"type":"Point","coordinates":[127.30516,35.30969]}},{"type":"Feature","properties":{"cls":"단동","emd":"금지면"},"geometry":{"type":"Point","coordinates":[127.30626,35.30742]}},{"type":"Feature","properties":{"cls":"단동","emd":"금지면"},"geometry":{"type":"Point","coordinates":[127.29679,35.31737]}},{"type":"Feature","properties":{"cls":"단동","emd":"금지면"},"geometry":{"type":"Point","coordinates":[127.2959,35.31993]}},{"type":"Feature","properties":{"cls":"단동","emd":"금지면"},"geometry":{"type":"Point","coordinates":[127.2965,35.31993]}},{"type":"Feature","properties":{"cls":"단동","emd":"금지면"},"geometry":{"type":"Point","coordinates":[127.29723,35.31992]}},{"type":"Feature","properties":{"cls":"다동","emd":"금지면"},"geometry":{"type":"Point","coordinates":[127.29754,35.31982]}},{"type":"Feature","properties":{"cls":"단동","emd":"금지면"},"geometry":{"type":"Point","coordinates":[127.29737,35.31898]}},{"type":"Feature","properties":{"cls":"단동","emd":"금지면"},"geometry":{"type":"Point","coordinates":[127.30024,35.31711]}},{"type":"Feature","properties":{"cls":"단동","emd":"금지면"},"geometry":{"type":"Point","coordinates":[127.30134,35.31623]}},{"type":"Feature","properties":{"cls":"단동","emd":"금지면"},"geometry":{"type":"Point","coordinates":[127.30227,35.31612]}},{"type":"Feature","properties":{"cls":"단동","emd":"금지면"},"geometry":{"type":"Point","coordinates":[127.30029,35.3152]}},{"type":"Feature","properties":{"cls":"단동","emd":"금지면"},"geometry":{"type":"Point","coordinates":[127.30089,35.3152]}},{"type":"Feature","properties":{"cls":"단동","emd":"금지면"},"geometry":{"type":"Point","coordinates":[127.30051,35.31421]}},{"type":"Feature","properties":{"cls":"단동","emd":"금지면"},"geometry":{"type":"Point","coordinates":[127.30022,35.3133]}},{"type":"Feature","properties":{"cls":"단동","emd":"금지면"},"geometry":{"type":"Point","coordinates":[127.30221,35.31364]}},{"type":"Feature","properties":{"cls":"단동","emd":"금지면"},"geometry":{"type":"Point","coordinates":[127.30201,35.31344]}},{"type":"Feature","properties":{"cls":"단동","emd":"금지면"},"geometry":{"type":"Point","coordinates":[127.30333,35.31324]}},{"type":"Feature","properties":{"cls":"다동","emd":"금지면"},"geometry":{"type":"Point","coordinates":[127.30323,35.3116]}},{"type":"Feature","properties":{"cls":"단동","emd":"금지면"},"geometry":{"type":"Point","coordinates":[127.30577,35.31271]}},{"type":"Feature","properties":{"cls":"단동","emd":"금지면"},"geometry":{"type":"Point","coordinates":[127.3044,35.31118]}},{"type":"Feature","properties":{"cls":"단동","emd":"금지면"},"geometry":{"type":"Point","coordinates":[127.30429,35.311]}},{"type":"Feature","properties":{"cls":"단동","emd":"금지면"},"geometry":{"type":"Point","coordinates":[127.30663,35.31211]}},{"type":"Feature","properties":{"cls":"단동","emd":"금지면"},"geometry":{"type":"Point","coordinates":[127.30648,35.31193]}},{"type":"Feature","properties":{"cls":"단동","emd":"금지면"},"geometry":{"type":"Point","coordinates":[127.3076,35.31154]}},{"type":"Feature","properties":{"cls":"단동","emd":"금지면"},"geometry":{"type":"Point","coordinates":[127.30745,35.31138]}},{"type":"Feature","properties":{"cls":"단동","emd":"금지면"},"geometry":{"type":"Point","coordinates":[127.30735,35.31127]}},{"type":"Feature","properties":{"cls":"단동","emd":"금지면"},"geometry":{"type":"Point","coordinates":[127.30716,35.31106]}},{"type":"Feature","properties":{"cls":"단동","emd":"금지면"},"geometry":{"type":"Point","coordinates":[127.30642,35.31026]}},{"type":"Feature","properties":{"cls":"단동","emd":"금지면"},"geometry":{"type":"Point","coordinates":[127.30849,35.31098]}},{"type":"Feature","properties":{"cls":"단동","emd":"금지면"},"geometry":{"type":"Point","coordinates":[127.30818,35.31065]}},{"type":"Feature","properties":{"cls":"단동","emd":"금지면"},"geometry":{"type":"Point","coordinates":[127.30783,35.31024]}},{"type":"Feature","properties":{"cls":"단동","emd":"금지면"},"geometry":{"type":"Point","coordinates":[127.30703,35.30942]}},{"type":"Feature","properties":{"cls":"단동","emd":"금지면"},"geometry":{"type":"Point","coordinates":[127.30676,35.30888]}},{"type":"Feature","properties":{"cls":"단동","emd":"금지면"},"geometry":{"type":"Point","coordinates":[127.30668,35.30854]}},{"type":"Feature","properties":{"cls":"단동","emd":"금지면"},"geometry":{"type":"Point","coordinates":[127.30883,35.30973]}},{"type":"Feature","properties":{"cls":"단동","emd":"금지면"},"geometry":{"type":"Point","coordinates":[127.30866,35.3095]}},{"type":"Feature","properties":{"cls":"단동","emd":"금지면"},"geometry":{"type":"Point","coordinates":[127.30846,35.30929]}},{"type":"Feature","properties":{"cls":"단동","emd":"금지면"},"geometry":{"type":"Point","coordinates":[127.30825,35.30907]}},{"type":"Feature","properties":{"cls":"단동","emd":"금지면"},"geometry":{"type":"Point","coordinates":[127.30796,35.30875]}},{"type":"Feature","properties":{"cls":"단동","emd":"금지면"},"geometry":{"type":"Point","coordinates":[127.3078,35.30858]}},{"type":"Feature","properties":{"cls":"단동","emd":"금지면"},"geometry":{"type":"Point","coordinates":[127.30753,35.30833]}},{"type":"Feature","properties":{"cls":"단동","emd":"금지면"},"geometry":{"type":"Point","coordinates":[127.29952,35.32092]}},{"type":"Feature","properties":{"cls":"단동","emd":"금지면"},"geometry":{"type":"Point","coordinates":[127.29992,35.31997]}},{"type":"Feature","properties":{"cls":"단동","emd":"금지면"},"geometry":{"type":"Point","coordinates":[127.30018,35.31997]}},{"type":"Feature","properties":{"cls":"단동","emd":"금지면"},"geometry":{"type":"Point","coordinates":[127.29981,35.31905]}},{"type":"Feature","properties":{"cls":"단동","emd":"금지면"},"geometry":{"type":"Point","coordinates":[127.314,35.3076]}},{"type":"Feature","properties":{"cls":"단동","emd":"금지면"},"geometry":{"type":"Point","coordinates":[127.31294,35.30724]}},{"type":"Feature","properties":{"cls":"단동","emd":"금지면"},"geometry":{"type":"Point","coordinates":[127.31205,35.30901]}},{"type":"Feature","properties":{"cls":"단동","emd":"금지면"},"geometry":{"type":"Point","coordinates":[127.31101,35.30917]}},{"type":"Feature","properties":{"cls":"단동","emd":"금지면"},"geometry":{"type":"Point","coordinates":[127.31047,35.30953]}},{"type":"Feature","properties":{"cls":"단동","emd":"금지면"},"geometry":{"type":"Point","coordinates":[127.30985,35.30907]}},{"type":"Feature","properties":{"cls":"단동","emd":"금지면"},"geometry":{"type":"Point","coordinates":[127.31003,35.30861]}},{"type":"Feature","properties":{"cls":"단동","emd":"금지면"},"geometry":{"type":"Point","coordinates":[127.30947,35.30813]}},{"type":"Feature","properties":{"cls":"단동","emd":"금지면"},"geometry":{"type":"Point","coordinates":[127.31068,35.30844]}},{"type":"Feature","properties":{"cls":"단동","emd":"금지면"},"geometry":{"type":"Point","coordinates":[127.31197,35.30749]}},{"type":"Feature","properties":{"cls":"단동","emd":"금지면"},"geometry":{"type":"Point","coordinates":[127.31197,35.30669]}},{"type":"Feature","properties":{"cls":"단동","emd":"금지면"},"geometry":{"type":"Point","coordinates":[127.31123,35.30663]}},{"type":"Feature","properties":{"cls":"단동","emd":"금지면"},"geometry":{"type":"Point","coordinates":[127.31039,35.30646]}},{"type":"Feature","properties":{"cls":"단동","emd":"금지면"},"geometry":{"type":"Point","coordinates":[127.30931,35.30734]}},{"type":"Feature","properties":{"cls":"단동","emd":"금지면"},"geometry":{"type":"Point","coordinates":[127.30865,35.32385]}},{"type":"Feature","properties":{"cls":"단동","emd":"금지면"},"geometry":{"type":"Point","coordinates":[127.30857,35.31781]}},{"type":"Feature","properties":{"cls":"단동","emd":"금지면"},"geometry":{"type":"Point","coordinates":[127.30857,35.32325]}},{"type":"Feature","properties":{"cls":"단동","emd":"금지면"},"geometry":{"type":"Point","coordinates":[127.30997,35.31653]}},{"type":"Feature","properties":{"cls":"단동","emd":"금지면"},"geometry":{"type":"Point","coordinates":[127.30935,35.31591]}},{"type":"Feature","properties":{"cls":"단동","emd":"금지면"},"geometry":{"type":"Point","coordinates":[127.31027,35.31657]}},{"type":"Feature","properties":{"cls":"단동","emd":"금지면"},"geometry":{"type":"Point","coordinates":[127.30572,35.31798]}},{"type":"Feature","properties":{"cls":"단동","emd":"금지면"},"geometry":{"type":"Point","coordinates":[127.30446,35.31708]}},{"type":"Feature","properties":{"cls":"단동","emd":"금지면"},"geometry":{"type":"Point","coordinates":[127.30578,35.31708]}},{"type":"Feature","properties":{"cls":"단동","emd":"금지면"},"geometry":{"type":"Point","coordinates":[127.30603,35.31708]}},{"type":"Feature","properties":{"cls":"단동","emd":"금지면"},"geometry":{"type":"Point","coordinates":[127.30625,35.31708]}},{"type":"Feature","properties":{"cls":"단동","emd":"금지면"},"geometry":{"type":"Point","coordinates":[127.30337,35.31612]}},{"type":"Feature","properties":{"cls":"단동","emd":"금지면"},"geometry":{"type":"Point","coordinates":[127.30408,35.31611]}},{"type":"Feature","properties":{"cls":"단동","emd":"금지면"},"geometry":{"type":"Point","coordinates":[127.30438,35.31611]}},{"type":"Feature","properties":{"cls":"단동","emd":"금지면"},"geometry":{"type":"Point","coordinates":[127.30537,35.31611]}},{"type":"Feature","properties":{"cls":"단동","emd":"금지면"},"geometry":{"type":"Point","coordinates":[127.30574,35.31611]}},{"type":"Feature","properties":{"cls":"단동","emd":"금지면"},"geometry":{"type":"Point","coordinates":[127.30661,35.3161]}},{"type":"Feature","properties":{"cls":"단동","emd":"금지면"},"geometry":{"type":"Point","coordinates":[127.3041,35.31518]}},{"type":"Feature","properties":{"cls":"단동","emd":"금지면"},"geometry":{"type":"Point","coordinates":[127.30443,35.31519]}},{"type":"Feature","properties":{"cls":"단동","emd":"금지면"},"geometry":{"type":"Point","coordinates":[127.3051,35.31519]}},{"type":"Feature","properties":{"cls":"단동","emd":"금지면"},"geometry":{"type":"Point","coordinates":[127.30566,35.31517]}},{"type":"Feature","properties":{"cls":"단동","emd":"금지면"},"geometry":{"type":"Point","coordinates":[127.30588,35.31517]}},{"type":"Feature","properties":{"cls":"단동","emd":"금지면"},"geometry":{"type":"Point","coordinates":[127.3066,35.31517]}},{"type":"Feature","properties":{"cls":"단동","emd":"금지면"},"geometry":{"type":"Point","coordinates":[127.30677,35.31517]}},{"type":"Feature","properties":{"cls":"단동","emd":"금지면"},"geometry":{"type":"Point","coordinates":[127.3043,35.31432]}},{"type":"Feature","properties":{"cls":"단동","emd":"금지면"},"geometry":{"type":"Point","coordinates":[127.30576,35.31432]}},{"type":"Feature","properties":{"cls":"단동","emd":"금지면"},"geometry":{"type":"Point","coordinates":[127.30536,35.31389]}},{"type":"Feature","properties":{"cls":"단동","emd":"금지면"},"geometry":{"type":"Point","coordinates":[127.30735,35.31434]}},{"type":"Feature","properties":{"cls":"단동","emd":"금지면"},"geometry":{"type":"Point","coordinates":[127.30688,35.31396]}},{"type":"Feature","properties":{"cls":"단동","emd":"금지면"},"geometry":{"type":"Point","coordinates":[127.30668,35.31373]}},{"type":"Feature","properties":{"cls":"단동","emd":"금지면"},"geometry":{"type":"Point","coordinates":[127.30649,35.31352]}},{"type":"Feature","properties":{"cls":"단동","emd":"금지면"},"geometry":{"type":"Point","coordinates":[127.30628,35.3133]}},{"type":"Feature","properties":{"cls":"단동","emd":"금지면"},"geometry":{"type":"Point","coordinates":[127.308,35.31359]}},{"type":"Feature","properties":{"cls":"단동","emd":"금지면"},"geometry":{"type":"Point","coordinates":[127.30759,35.31315]}},{"type":"Feature","properties":{"cls":"단동","emd":"금지면"},"geometry":{"type":"Point","coordinates":[127.30745,35.31299]}},{"type":"Feature","properties":{"cls":"단동","emd":"금지면"},"geometry":{"type":"Point","coordinates":[127.30723,35.31274]}},{"type":"Feature","properties":{"cls":"단동","emd":"금지면"},"geometry":{"type":"Point","coordinates":[127.30858,35.31256]}},{"type":"Feature","properties":{"cls":"단동","emd":"금지면"},"geometry":{"type":"Point","coordinates":[127.30839,35.31238]}},{"type":"Feature","properties":{"cls":"단동","emd":"금지면"},"geometry":{"type":"Point","coordinates":[127.30923,35.31177]}},{"type":"Feature","properties":{"cls":"단동","emd":"금지면"},"geometry":{"type":"Point","coordinates":[127.31024,35.31116]}},{"type":"Feature","properties":{"cls":"단동","emd":"금지면"},"geometry":{"type":"Point","coordinates":[127.3099,35.31074]}},{"type":"Feature","properties":{"cls":"단동","emd":"금지면"},"geometry":{"type":"Point","coordinates":[127.30982,35.31033]}},{"type":"Feature","properties":{"cls":"단동","emd":"금지면"},"geometry":{"type":"Point","coordinates":[127.30979,35.31013]}},{"type":"Feature","properties":{"cls":"단동","emd":"금지면"},"geometry":{"type":"Point","coordinates":[127.30723,35.31698]}},{"type":"Feature","properties":{"cls":"단동","emd":"금지면"},"geometry":{"type":"Point","coordinates":[127.31093,35.3178]}},{"type":"Feature","properties":{"cls":"단동","emd":"금지면"},"geometry":{"type":"Point","coordinates":[127.31141,35.31696]}},{"type":"Feature","properties":{"cls":"단동","emd":"금지면"},"geometry":{"type":"Point","coordinates":[127.31006,35.31544]}},{"type":"Feature","properties":{"cls":"단동","emd":"금지면"},"geometry":{"type":"Point","coordinates":[127.31094,35.31576]}},{"type":"Feature","properties":{"cls":"단동","emd":"금지면"},"geometry":{"type":"Point","coordinates":[127.309,35.31411]}},{"type":"Feature","properties":{"cls":"단동","emd":"금지면"},"geometry":{"type":"Point","coordinates":[127.31049,35.31457]}},{"type":"Feature","properties":{"cls":"단동","emd":"금지면"},"geometry":{"type":"Point","coordinates":[127.31301,35.31339]}},{"type":"Feature","properties":{"cls":"단동","emd":"금지면"},"geometry":{"type":"Point","coordinates":[127.31114,35.3117]}},{"type":"Feature","properties":{"cls":"단동","emd":"금지면"},"geometry":{"type":"Point","coordinates":[127.31196,35.31196]}},{"type":"Feature","properties":{"cls":"단동","emd":"금지면"},"geometry":{"type":"Point","coordinates":[127.31308,35.31231]}},{"type":"Feature","properties":{"cls":"단동","emd":"금지면"},"geometry":{"type":"Point","coordinates":[127.31204,35.31101]}},{"type":"Feature","properties":{"cls":"단동","emd":"금지면"},"geometry":{"type":"Point","coordinates":[127.31225,35.31107]}},{"type":"Feature","properties":{"cls":"단동","emd":"금지면"},"geometry":{"type":"Point","coordinates":[127.31298,35.31131]}},{"type":"Feature","properties":{"cls":"단동","emd":"금지면"},"geometry":{"type":"Point","coordinates":[127.31386,35.31159]}},{"type":"Feature","properties":{"cls":"단동","emd":"금지면"},"geometry":{"type":"Point","coordinates":[127.31342,35.31037]}},{"type":"Feature","properties":{"cls":"단동","emd":"금지면"},"geometry":{"type":"Point","coordinates":[127.31388,35.31052]}},{"type":"Feature","properties":{"cls":"단동","emd":"금지면"},"geometry":{"type":"Point","coordinates":[127.31276,35.30918]}},{"type":"Feature","properties":{"cls":"단동","emd":"금지면"},"geometry":{"type":"Point","coordinates":[127.31301,35.30925]}},{"type":"Feature","properties":{"cls":"단동","emd":"금지면"},"geometry":{"type":"Point","coordinates":[127.31336,35.30936]}},{"type":"Feature","properties":{"cls":"단동","emd":"금지면"},"geometry":{"type":"Point","coordinates":[127.31387,35.30953]}},{"type":"Feature","properties":{"cls":"단동","emd":"금지면"},"geometry":{"type":"Point","coordinates":[127.31369,35.30831]}},{"type":"Feature","properties":{"cls":"단동","emd":"금지면"},"geometry":{"type":"Point","coordinates":[127.314,35.30844]}},{"type":"Feature","properties":{"cls":"단동","emd":"금지면"},"geometry":{"type":"Point","coordinates":[127.31424,35.3085]}},{"type":"Feature","properties":{"cls":"단동","emd":"금지면"},"geometry":{"type":"Point","coordinates":[127.31445,35.30865]}},{"type":"Feature","properties":{"cls":"단동","emd":"금지면"},"geometry":{"type":"Point","coordinates":[127.30575,35.32264]}},{"type":"Feature","properties":{"cls":"단동","emd":"금지면"},"geometry":{"type":"Point","coordinates":[127.30306,35.32289]}},{"type":"Feature","properties":{"cls":"단동","emd":"금지면"},"geometry":{"type":"Point","coordinates":[127.3037,35.32289]}},{"type":"Feature","properties":{"cls":"단동","emd":"금지면"},"geometry":{"type":"Point","coordinates":[127.30469,35.3229]}},{"type":"Feature","properties":{"cls":"단동","emd":"금지면"},"geometry":{"type":"Point","coordinates":[127.30304,35.32189]}},{"type":"Feature","properties":{"cls":"단동","emd":"금지면"},"geometry":{"type":"Point","coordinates":[127.30325,35.32188]}},{"type":"Feature","properties":{"cls":"단동","emd":"금지면"},"geometry":{"type":"Point","coordinates":[127.30347,35.32187]}},{"type":"Feature","properties":{"cls":"단동","emd":"금지면"},"geometry":{"type":"Point","coordinates":[127.30369,35.32188]}},{"type":"Feature","properties":{"cls":"단동","emd":"금지면"},"geometry":{"type":"Point","coordinates":[127.30501,35.32187]}},{"type":"Feature","properties":{"cls":"단동","emd":"금지면"},"geometry":{"type":"Point","coordinates":[127.30525,35.32185]}},{"type":"Feature","properties":{"cls":"단동","emd":"금지면"},"geometry":{"type":"Point","coordinates":[127.30552,35.32185]}},{"type":"Feature","properties":{"cls":"단동","emd":"금지면"},"geometry":{"type":"Point","coordinates":[127.30576,35.32186]}},{"type":"Feature","properties":{"cls":"단동","emd":"금지면"},"geometry":{"type":"Point","coordinates":[127.30613,35.32185]}},{"type":"Feature","properties":{"cls":"단동","emd":"금지면"},"geometry":{"type":"Point","coordinates":[127.30793,35.32249]}},{"type":"Feature","properties":{"cls":"단동","emd":"금지면"},"geometry":{"type":"Point","coordinates":[127.30429,35.3209]}},{"type":"Feature","properties":{"cls":"단동","emd":"금지면"},"geometry":{"type":"Point","coordinates":[127.30617,35.3209]}},{"type":"Feature","properties":{"cls":"단동","emd":"금지면"},"geometry":{"type":"Point","coordinates":[127.30125,35.31996]}},{"type":"Feature","properties":{"cls":"단동","emd":"금지면"},"geometry":{"type":"Point","coordinates":[127.30374,35.31993]}},{"type":"Feature","properties":{"cls":"단동","emd":"금지면"},"geometry":{"type":"Point","coordinates":[127.30407,35.31993]}},{"type":"Feature","properties":{"cls":"단동","emd":"금지면"},"geometry":{"type":"Point","coordinates":[127.30447,35.31993]}},{"type":"Feature","properties":{"cls":"단동","emd":"금지면"},"geometry":{"type":"Point","coordinates":[127.30472,35.31993]}},{"type":"Feature","properties":{"cls":"단동","emd":"금지면"},"geometry":{"type":"Point","coordinates":[127.30539,35.31992]}},{"type":"Feature","properties":{"cls":"단동","emd":"금지면"},"geometry":{"type":"Point","coordinates":[127.30602,35.3199]}},{"type":"Feature","properties":{"cls":"단동","emd":"금지면"},"geometry":{"type":"Point","coordinates":[127.30632,35.3199]}},{"type":"Feature","properties":{"cls":"단동","emd":"금지면"},"geometry":{"type":"Point","coordinates":[127.30439,35.319]}},{"type":"Feature","properties":{"cls":"단동","emd":"금지면"},"geometry":{"type":"Point","coordinates":[127.3051,35.319]}},{"type":"Feature","properties":{"cls":"단동","emd":"금지면"},"geometry":{"type":"Point","coordinates":[127.30776,35.32143]}},{"type":"Feature","properties":{"cls":"단동","emd":"금지면"},"geometry":{"type":"Point","coordinates":[127.30829,35.32161]}},{"type":"Feature","properties":{"cls":"단동","emd":"대강면"},"geometry":{"type":"Point","coordinates":[127.26069,35.41016]}},{"type":"Feature","properties":{"cls":"단동","emd":"대강면"},"geometry":{"type":"Point","coordinates":[127.26266,35.41024]}},{"type":"Feature","properties":{"cls":"단동","emd":"대강면"},"geometry":{"type":"Point","coordinates":[127.26296,35.40814]}},{"type":"Feature","properties":{"cls":"단동","emd":"대강면"},"geometry":{"type":"Point","coordinates":[127.26375,35.40761]}},{"type":"Feature","properties":{"cls":"단동","emd":"대강면"},"geometry":{"type":"Point","coordinates":[127.26239,35.40849]}},{"type":"Feature","properties":{"cls":"단동","emd":"대강면"},"geometry":{"type":"Point","coordinates":[127.2474,35.3905]}},{"type":"Feature","properties":{"cls":"단동","emd":"대강면"},"geometry":{"type":"Point","coordinates":[127.2478,35.38531]}},{"type":"Feature","properties":{"cls":"단동","emd":"대강면"},"geometry":{"type":"Point","coordinates":[127.24774,35.38566]}},{"type":"Feature","properties":{"cls":"단동","emd":"대강면"},"geometry":{"type":"Point","coordinates":[127.21761,35.37516]}},{"type":"Feature","properties":{"cls":"단동","emd":"대강면"},"geometry":{"type":"Point","coordinates":[127.22484,35.371]}},{"type":"Feature","properties":{"cls":"다동","emd":"대강면"},"geometry":{"type":"Point","coordinates":[127.2308,35.37451]}},{"type":"Feature","properties":{"cls":"단동","emd":"대강면"},"geometry":{"type":"Point","coordinates":[127.22921,35.37099]}},{"type":"Feature","properties":{"cls":"단동","emd":"대강면"},"geometry":{"type":"Point","coordinates":[127.22747,35.36861]}},{"type":"Feature","properties":{"cls":"단동","emd":"대강면"},"geometry":{"type":"Point","coordinates":[127.22068,35.35181]}},{"type":"Feature","properties":{"cls":"단동","emd":"대강면"},"geometry":{"type":"Point","coordinates":[127.22072,35.35141]}},{"type":"Feature","properties":{"cls":"단동","emd":"대강면"},"geometry":{"type":"Point","coordinates":[127.22112,35.35145]}},{"type":"Feature","properties":{"cls":"단동","emd":"대강면"},"geometry":{"type":"Point","coordinates":[127.22426,35.3418]}},{"type":"Feature","properties":{"cls":"단동","emd":"대강면"},"geometry":{"type":"Point","coordinates":[127.22273,35.33982]}},{"type":"Feature","properties":{"cls":"단동","emd":"대강면"},"geometry":{"type":"Point","coordinates":[127.22495,35.3403]}},{"type":"Feature","properties":{"cls":"다동","emd":"대강면"},"geometry":{"type":"Point","coordinates":[127.22334,35.33896]}},{"type":"Feature","properties":{"cls":"다동","emd":"대강면"},"geometry":{"type":"Point","coordinates":[127.22308,35.33874]}},{"type":"Feature","properties":{"cls":"다동","emd":"대강면"},"geometry":{"type":"Point","coordinates":[127.2206,35.34386]}},{"type":"Feature","properties":{"cls":"단동","emd":"대강면"},"geometry":{"type":"Point","coordinates":[127.22425,35.35163]}},{"type":"Feature","properties":{"cls":"다동","emd":"대강면"},"geometry":{"type":"Point","coordinates":[127.22089,35.34332]}},{"type":"Feature","properties":{"cls":"다동","emd":"대강면"},"geometry":{"type":"Point","coordinates":[127.22163,35.34197]}},{"type":"Feature","properties":{"cls":"다동","emd":"대강면"},"geometry":{"type":"Point","coordinates":[127.22446,35.34386]}},{"type":"Feature","properties":{"cls":"다동","emd":"대강면"},"geometry":{"type":"Point","coordinates":[127.2174,35.34658]}},{"type":"Feature","properties":{"cls":"다동","emd":"대강면"},"geometry":{"type":"Point","coordinates":[127.22077,35.34083]}},{"type":"Feature","properties":{"cls":"다동","emd":"대강면"},"geometry":{"type":"Point","coordinates":[127.22106,35.34023]}},{"type":"Feature","properties":{"cls":"다동","emd":"대강면"},"geometry":{"type":"Point","coordinates":[127.2212,35.33994]}},{"type":"Feature","properties":{"cls":"다동","emd":"대강면"},"geometry":{"type":"Point","coordinates":[127.22173,35.33895]}},{"type":"Feature","properties":{"cls":"단동","emd":"대강면"},"geometry":{"type":"Point","coordinates":[127.21683,35.34775]}},{"type":"Feature","properties":{"cls":"단동","emd":"대강면"},"geometry":{"type":"Point","coordinates":[127.21196,35.34162]}},{"type":"Feature","properties":{"cls":"다동","emd":"대강면"},"geometry":{"type":"Point","coordinates":[127.21576,35.33583]}},{"type":"Feature","properties":{"cls":"단동","emd":"대강면"},"geometry":{"type":"Point","coordinates":[127.21547,35.33708]}},{"type":"Feature","properties":{"cls":"단동","emd":"대강면"},"geometry":{"type":"Point","coordinates":[127.216,35.33686]}},{"type":"Feature","properties":{"cls":"단동","emd":"대강면"},"geometry":{"type":"Point","coordinates":[127.21695,35.33639]}},{"type":"Feature","properties":{"cls":"단동","emd":"대강면"},"geometry":{"type":"Point","coordinates":[127.21773,35.3372]}},{"type":"Feature","properties":{"cls":"다동","emd":"대강면"},"geometry":{"type":"Point","coordinates":[127.21626,35.33892]}},{"type":"Feature","properties":{"cls":"다동","emd":"대강면"},"geometry":{"type":"Point","coordinates":[127.22048,35.33812]}},{"type":"Feature","properties":{"cls":"다동","emd":"대강면"},"geometry":{"type":"Point","coordinates":[127.21938,35.33968]}},{"type":"Feature","properties":{"cls":"다동","emd":"대강면"},"geometry":{"type":"Point","coordinates":[127.21874,35.34213]}},{"type":"Feature","properties":{"cls":"다동","emd":"대강면"},"geometry":{"type":"Point","coordinates":[127.21894,35.34181]}},{"type":"Feature","properties":{"cls":"다동","emd":"대강면"},"geometry":{"type":"Point","coordinates":[127.21982,35.34051]}},{"type":"Feature","properties":{"cls":"다동","emd":"대강면"},"geometry":{"type":"Point","coordinates":[127.21966,35.34293]}},{"type":"Feature","properties":{"cls":"다동","emd":"대강면"},"geometry":{"type":"Point","coordinates":[127.21988,35.34255]}},{"type":"Feature","properties":{"cls":"단동","emd":"대강면"},"geometry":{"type":"Point","coordinates":[127.19486,35.33235]}},{"type":"Feature","properties":{"cls":"단동","emd":"대강면"},"geometry":{"type":"Point","coordinates":[127.18973,35.32347]}},{"type":"Feature","properties":{"cls":"단동","emd":"대강면"},"geometry":{"type":"Point","coordinates":[127.19505,35.33479]}},{"type":"Feature","properties":{"cls":"단동","emd":"대강면"},"geometry":{"type":"Point","coordinates":[127.20269,35.33887]}},{"type":"Feature","properties":{"cls":"단동","emd":"대강면"},"geometry":{"type":"Point","coordinates":[127.2136,35.32649]}},{"type":"Feature","properties":{"cls":"다동","emd":"대강면"},"geometry":{"type":"Point","coordinates":[127.21047,35.32666]}},{"type":"Feature","properties":{"cls":"다동","emd":"대강면"},"geometry":{"type":"Point","coordinates":[127.2114,35.32636]}},{"type":"Feature","properties":{"cls":"단동","emd":"대강면"},"geometry":{"type":"Point","coordinates":[127.21274,35.32584]}},{"type":"Feature","properties":{"cls":"단동","emd":"대강면"},"geometry":{"type":"Point","coordinates":[127.21145,35.32525]}},{"type":"Feature","properties":{"cls":"단동","emd":"대강면"},"geometry":{"type":"Point","coordinates":[127.21215,35.32497]}},{"type":"Feature","properties":{"cls":"단동","emd":"대강면"},"geometry":{"type":"Point","coordinates":[127.21202,35.32398]}},{"type":"Feature","properties":{"cls":"단동","emd":"대강면"},"geometry":{"type":"Point","coordinates":[127.21249,35.32377]}},{"type":"Feature","properties":{"cls":"단동","emd":"대강면"},"geometry":{"type":"Point","coordinates":[127.21155,35.32306]}},{"type":"Feature","properties":{"cls":"다동","emd":"대강면"},"geometry":{"type":"Point","coordinates":[127.21307,35.3224]}},{"type":"Feature","properties":{"cls":"단동","emd":"대강면"},"geometry":{"type":"Point","coordinates":[127.20307,35.33919]}},{"type":"Feature","properties":{"cls":"단동","emd":"대강면"},"geometry":{"type":"Point","coordinates":[127.20726,35.32266]}},{"type":"Feature","properties":{"cls":"단동","emd":"대강면"},"geometry":{"type":"Point","coordinates":[127.20944,35.31966]}},{"type":"Feature","properties":{"cls":"단동","emd":"대강면"},"geometry":{"type":"Point","coordinates":[127.20661,35.31867]}},{"type":"Feature","properties":{"cls":"단동","emd":"대강면"},"geometry":{"type":"Point","coordinates":[127.20689,35.31854]}},{"type":"Feature","properties":{"cls":"단동","emd":"대산면"},"geometry":{"type":"Point","coordinates":[127.3437,35.42149]}},{"type":"Feature","properties":{"cls":"다동","emd":"대산면"},"geometry":{"type":"Point","coordinates":[127.3432,35.41804]}},{"type":"Feature","properties":{"cls":"단동","emd":"대산면"},"geometry":{"type":"Point","coordinates":[127.33921,35.42379]}},{"type":"Feature","properties":{"cls":"단동","emd":"대산면"},"geometry":{"type":"Point","coordinates":[127.34,35.42496]}},{"type":"Feature","properties":{"cls":"단동","emd":"대산면"},"geometry":{"type":"Point","coordinates":[127.33405,35.41822]}},{"type":"Feature","properties":{"cls":"단동","emd":"대산면"},"geometry":{"type":"Point","coordinates":[127.33432,35.41612]}},{"type":"Feature","properties":{"cls":"단동","emd":"대산면"},"geometry":{"type":"Point","coordinates":[127.3369,35.42205]}},{"type":"Feature","properties":{"cls":"단동","emd":"대산면"},"geometry":{"type":"Point","coordinates":[127.3404,35.41947]}},{"type":"Feature","properties":{"cls":"단동","emd":"대산면"},"geometry":{"type":"Point","coordinates":[127.32347,35.41359]}},{"type":"Feature","properties":{"cls":"단동","emd":"대산면"},"geometry":{"type":"Point","coordinates":[127.33372,35.40151]}},{"type":"Feature","properties":{"cls":"단동","emd":"대산면"},"geometry":{"type":"Point","coordinates":[127.32788,35.40663]}},{"type":"Feature","properties":{"cls":"단동","emd":"대산면"},"geometry":{"type":"Point","coordinates":[127.32835,35.40686]}},{"type":"Feature","properties":{"cls":"단동","emd":"대산면"},"geometry":{"type":"Point","coordinates":[127.32791,35.40549]}},{"type":"Feature","properties":{"cls":"단동","emd":"대산면"},"geometry":{"type":"Point","coordinates":[127.32857,35.4058]}},{"type":"Feature","properties":{"cls":"단동","emd":"대산면"},"geometry":{"type":"Point","coordinates":[127.29936,35.41321]}},{"type":"Feature","properties":{"cls":"단동","emd":"대산면"},"geometry":{"type":"Point","coordinates":[127.30263,35.40888]}},{"type":"Feature","properties":{"cls":"단동","emd":"대산면"},"geometry":{"type":"Point","coordinates":[127.30548,35.41285]}},{"type":"Feature","properties":{"cls":"단동","emd":"대산면"},"geometry":{"type":"Point","coordinates":[127.30664,35.41322]}},{"type":"Feature","properties":{"cls":"단동","emd":"대산면"},"geometry":{"type":"Point","coordinates":[127.30744,35.41104]}},{"type":"Feature","properties":{"cls":"단동","emd":"대산면"},"geometry":{"type":"Point","coordinates":[127.30984,35.40955]}},{"type":"Feature","properties":{"cls":"단동","emd":"대산면"},"geometry":{"type":"Point","coordinates":[127.31404,35.40363]}},{"type":"Feature","properties":{"cls":"단동","emd":"대산면"},"geometry":{"type":"Point","coordinates":[127.31457,35.40268]}},{"type":"Feature","properties":{"cls":"단동","emd":"대산면"},"geometry":{"type":"Point","coordinates":[127.31606,35.40224]}},{"type":"Feature","properties":{"cls":"단동","emd":"대산면"},"geometry":{"type":"Point","coordinates":[127.3164,35.40173]}},{"type":"Feature","properties":{"cls":"단동","emd":"대산면"},"geometry":{"type":"Point","coordinates":[127.28926,35.40959]}},{"type":"Feature","properties":{"cls":"단동","emd":"대산면"},"geometry":{"type":"Point","coordinates":[127.28378,35.39726]}},{"type":"Feature","properties":{"cls":"단동","emd":"대산면"},"geometry":{"type":"Point","coordinates":[127.30957,35.43049]}},{"type":"Feature","properties":{"cls":"단동","emd":"대산면"},"geometry":{"type":"Point","coordinates":[127.30349,35.41533]}},{"type":"Feature","properties":{"cls":"단동","emd":"대산면"},"geometry":{"type":"Point","coordinates":[127.32361,35.42837]}},{"type":"Feature","properties":{"cls":"단동","emd":"대산면"},"geometry":{"type":"Point","coordinates":[127.32434,35.42818]}},{"type":"Feature","properties":{"cls":"다동","emd":"대산면"},"geometry":{"type":"Point","coordinates":[127.32334,35.45047]}},{"type":"Feature","properties":{"cls":"다동","emd":"대산면"},"geometry":{"type":"Point","coordinates":[127.32341,35.45035]}},{"type":"Feature","properties":{"cls":"단동","emd":"대산면"},"geometry":{"type":"Point","coordinates":[127.33494,35.45025]}},{"type":"Feature","properties":{"cls":"다동","emd":"사매면"},"geometry":{"type":"Point","coordinates":[127.31945,35.49129]}},{"type":"Feature","properties":{"cls":"단동","emd":"사매면"},"geometry":{"type":"Point","coordinates":[127.32298,35.49301]}},{"type":"Feature","properties":{"cls":"다동","emd":"사매면"},"geometry":{"type":"Point","coordinates":[127.32544,35.49476]}},{"type":"Feature","properties":{"cls":"다동","emd":"사매면"},"geometry":{"type":"Point","coordinates":[127.32484,35.49405]}},{"type":"Feature","properties":{"cls":"다동","emd":"사매면"},"geometry":{"type":"Point","coordinates":[127.32442,35.49364]}},{"type":"Feature","properties":{"cls":"단동","emd":"사매면"},"geometry":{"type":"Point","coordinates":[127.32538,35.49022]}},{"type":"Feature","properties":{"cls":"단동","emd":"사매면"},"geometry":{"type":"Point","coordinates":[127.32539,35.48978]}},{"type":"Feature","properties":{"cls":"단동","emd":"사매면"},"geometry":{"type":"Point","coordinates":[127.32347,35.48761]}},{"type":"Feature","properties":{"cls":"단동","emd":"사매면"},"geometry":{"type":"Point","coordinates":[127.32327,35.48473]}},{"type":"Feature","properties":{"cls":"단동","emd":"사매면"},"geometry":{"type":"Point","coordinates":[127.32968,35.4926]}},{"type":"Feature","properties":{"cls":"단동","emd":"사매면"},"geometry":{"type":"Point","coordinates":[127.33755,35.48559]}},{"type":"Feature","properties":{"cls":"다동","emd":"사매면"},"geometry":{"type":"Point","coordinates":[127.33774,35.48549]}},{"type":"Feature","properties":{"cls":"단동","emd":"사매면"},"geometry":{"type":"Point","coordinates":[127.33963,35.48317]}},{"type":"Feature","properties":{"cls":"단동","emd":"사매면"},"geometry":{"type":"Point","coordinates":[127.34945,35.46304]}},{"type":"Feature","properties":{"cls":"단동","emd":"사매면"},"geometry":{"type":"Point","coordinates":[127.34754,35.45943]}},{"type":"Feature","properties":{"cls":"다동","emd":"사매면"},"geometry":{"type":"Point","coordinates":[127.3633,35.46837]}},{"type":"Feature","properties":{"cls":"단동","emd":"사매면"},"geometry":{"type":"Point","coordinates":[127.34349,35.49191]}},{"type":"Feature","properties":{"cls":"단동","emd":"사매면"},"geometry":{"type":"Point","coordinates":[127.34405,35.48903]}},{"type":"Feature","properties":{"cls":"단동","emd":"사매면"},"geometry":{"type":"Point","coordinates":[127.34601,35.48196]}},{"type":"Feature","properties":{"cls":"단동","emd":"사매면"},"geometry":{"type":"Point","coordinates":[127.3653,35.50483]}},{"type":"Feature","properties":{"cls":"단동","emd":"사매면"},"geometry":{"type":"Point","coordinates":[127.36514,35.50418]}},{"type":"Feature","properties":{"cls":"단동","emd":"사매면"},"geometry":{"type":"Point","coordinates":[127.36367,35.50441]}},{"type":"Feature","properties":{"cls":"단동","emd":"사매면"},"geometry":{"type":"Point","coordinates":[127.36379,35.50422]}},{"type":"Feature","properties":{"cls":"다동","emd":"사매면"},"geometry":{"type":"Point","coordinates":[127.35952,35.50536]}},{"type":"Feature","properties":{"cls":"단동","emd":"사매면"},"geometry":{"type":"Point","coordinates":[127.35937,35.50528]}},{"type":"Feature","properties":{"cls":"단동","emd":"사매면"},"geometry":{"type":"Point","coordinates":[127.35924,35.50432]}},{"type":"Feature","properties":{"cls":"단동","emd":"사매면"},"geometry":{"type":"Point","coordinates":[127.35772,35.49957]}},{"type":"Feature","properties":{"cls":"단동","emd":"사매면"},"geometry":{"type":"Point","coordinates":[127.36921,35.49098]}},{"type":"Feature","properties":{"cls":"단동","emd":"사매면"},"geometry":{"type":"Point","coordinates":[127.3681,35.49042]}},{"type":"Feature","properties":{"cls":"단동","emd":"사매면"},"geometry":{"type":"Point","coordinates":[127.38236,35.48385]}},{"type":"Feature","properties":{"cls":"다동","emd":"사매면"},"geometry":{"type":"Point","coordinates":[127.36882,35.48952]}},{"type":"Feature","properties":{"cls":"다동","emd":"사매면"},"geometry":{"type":"Point","coordinates":[127.3708,35.48827]}},{"type":"Feature","properties":{"cls":"다동","emd":"사매면"},"geometry":{"type":"Point","coordinates":[127.38123,35.48486]}},{"type":"Feature","properties":{"cls":"단동","emd":"사매면"},"geometry":{"type":"Point","coordinates":[127.38151,35.47191]}},{"type":"Feature","properties":{"cls":"단동","emd":"덕과면"},"geometry":{"type":"Point","coordinates":[127.39757,35.50441]}},{"type":"Feature","properties":{"cls":"단동","emd":"덕과면"},"geometry":{"type":"Point","coordinates":[127.39358,35.50234]}},{"type":"Feature","properties":{"cls":"단동","emd":"덕과면"},"geometry":{"type":"Point","coordinates":[127.39345,35.50226]}},{"type":"Feature","properties":{"cls":"단동","emd":"덕과면"},"geometry":{"type":"Point","coordinates":[127.39332,35.50218]}},{"type":"Feature","properties":{"cls":"단동","emd":"덕과면"},"geometry":{"type":"Point","coordinates":[127.3548,35.52056]}},{"type":"Feature","properties":{"cls":"단동","emd":"덕과면"},"geometry":{"type":"Point","coordinates":[127.35596,35.52325]}},{"type":"Feature","properties":{"cls":"단동","emd":"덕과면"},"geometry":{"type":"Point","coordinates":[127.35545,35.52251]}},{"type":"Feature","properties":{"cls":"단동","emd":"덕과면"},"geometry":{"type":"Point","coordinates":[127.35344,35.5206]}},{"type":"Feature","properties":{"cls":"단동","emd":"덕과면"},"geometry":{"type":"Point","coordinates":[127.36083,35.54295]}},{"type":"Feature","properties":{"cls":"단동","emd":"덕과면"},"geometry":{"type":"Point","coordinates":[127.36099,35.54306]}},{"type":"Feature","properties":{"cls":"단동","emd":"덕과면"},"geometry":{"type":"Point","coordinates":[127.36076,35.54203]}},{"type":"Feature","properties":{"cls":"단동","emd":"덕과면"},"geometry":{"type":"Point","coordinates":[127.36213,35.54049]}},{"type":"Feature","properties":{"cls":"단동","emd":"덕과면"},"geometry":{"type":"Point","coordinates":[127.36921,35.54656]}},{"type":"Feature","properties":{"cls":"단동","emd":"덕과면"},"geometry":{"type":"Point","coordinates":[127.35371,35.55156]}},{"type":"Feature","properties":{"cls":"단동","emd":"덕과면"},"geometry":{"type":"Point","coordinates":[127.35408,35.55119]}},{"type":"Feature","properties":{"cls":"단동","emd":"덕과면"},"geometry":{"type":"Point","coordinates":[127.35383,35.55131]}},{"type":"Feature","properties":{"cls":"단동","emd":"덕과면"},"geometry":{"type":"Point","coordinates":[127.34853,35.54787]}},{"type":"Feature","properties":{"cls":"단동","emd":"덕과면"},"geometry":{"type":"Point","coordinates":[127.33882,35.55266]}},{"type":"Feature","properties":{"cls":"단동","emd":"보절면"},"geometry":{"type":"Point","coordinates":[127.40151,35.48089]}},{"type":"Feature","properties":{"cls":"단동","emd":"보절면"},"geometry":{"type":"Point","coordinates":[127.40862,35.50062]}},{"type":"Feature","properties":{"cls":"단동","emd":"보절면"},"geometry":{"type":"Point","coordinates":[127.41112,35.49248]}},{"type":"Feature","properties":{"cls":"단동","emd":"보절면"},"geometry":{"type":"Point","coordinates":[127.40941,35.49167]}},{"type":"Feature","properties":{"cls":"단동","emd":"보절면"},"geometry":{"type":"Point","coordinates":[127.40939,35.49144]}},{"type":"Feature","properties":{"cls":"단동","emd":"보절면"},"geometry":{"type":"Point","coordinates":[127.40924,35.49132]}},{"type":"Feature","properties":{"cls":"단동","emd":"보절면"},"geometry":{"type":"Point","coordinates":[127.42103,35.49839]}},{"type":"Feature","properties":{"cls":"단동","emd":"보절면"},"geometry":{"type":"Point","coordinates":[127.41968,35.49476]}},{"type":"Feature","properties":{"cls":"단동","emd":"보절면"},"geometry":{"type":"Point","coordinates":[127.41572,35.5039]}},{"type":"Feature","properties":{"cls":"단동","emd":"보절면"},"geometry":{"type":"Point","coordinates":[127.41555,35.5037]}},{"type":"Feature","properties":{"cls":"단동","emd":"보절면"},"geometry":{"type":"Point","coordinates":[127.41075,35.51]}},{"type":"Feature","properties":{"cls":"단동","emd":"보절면"},"geometry":{"type":"Point","coordinates":[127.41435,35.5097]}},{"type":"Feature","properties":{"cls":"단동","emd":"보절면"},"geometry":{"type":"Point","coordinates":[127.41463,35.50981]}},{"type":"Feature","properties":{"cls":"단동","emd":"보절면"},"geometry":{"type":"Point","coordinates":[127.40271,35.51616]}},{"type":"Feature","properties":{"cls":"단동","emd":"보절면"},"geometry":{"type":"Point","coordinates":[127.40181,35.51533]}},{"type":"Feature","properties":{"cls":"단동","emd":"보절면"},"geometry":{"type":"Point","coordinates":[127.40199,35.51529]}},{"type":"Feature","properties":{"cls":"단동","emd":"보절면"},"geometry":{"type":"Point","coordinates":[127.40279,35.51527]}},{"type":"Feature","properties":{"cls":"단동","emd":"보절면"},"geometry":{"type":"Point","coordinates":[127.40983,35.52879]}},{"type":"Feature","properties":{"cls":"단동","emd":"보절면"},"geometry":{"type":"Point","coordinates":[127.40757,35.54305]}},{"type":"Feature","properties":{"cls":"단동","emd":"보절면"},"geometry":{"type":"Point","coordinates":[127.4079,35.54308]}},{"type":"Feature","properties":{"cls":"단동","emd":"보절면"},"geometry":{"type":"Point","coordinates":[127.40128,35.53484]}},{"type":"Feature","properties":{"cls":"단동","emd":"보절면"},"geometry":{"type":"Point","coordinates":[127.41063,35.54314]}},{"type":"Feature","properties":{"cls":"다동","emd":"보절면"},"geometry":{"type":"Point","coordinates":[127.41062,35.54314]}},{"type":"Feature","properties":{"cls":"단동","emd":"보절면"},"geometry":{"type":"Point","coordinates":[127.41784,35.53478]}},{"type":"Feature","properties":{"cls":"단동","emd":"보절면"},"geometry":{"type":"Point","coordinates":[127.41826,35.53477]}},{"type":"Feature","properties":{"cls":"단동","emd":"보절면"},"geometry":{"type":"Point","coordinates":[127.39997,35.54623]}},{"type":"Feature","properties":{"cls":"단동","emd":"보절면"},"geometry":{"type":"Point","coordinates":[127.3998,35.54513]}},{"type":"Feature","properties":{"cls":"단동","emd":"보절면"},"geometry":{"type":"Point","coordinates":[127.40079,35.54556]}},{"type":"Feature","properties":{"cls":"단동","emd":"산동면"},"geometry":{"type":"Point","coordinates":[127.44394,35.46822]}},{"type":"Feature","properties":{"cls":"단동","emd":"산동면"},"geometry":{"type":"Point","coordinates":[127.4441,35.46805]}},{"type":"Feature","properties":{"cls":"단동","emd":"산동면"},"geometry":{"type":"Point","coordinates":[127.44678,35.46811]}},{"type":"Feature","properties":{"cls":"다동","emd":"산동면"},"geometry":{"type":"Point","coordinates":[127.44884,35.46909]}},{"type":"Feature","properties":{"cls":"다동","emd":"산동면"},"geometry":{"type":"Point","coordinates":[127.46206,35.4856]}},{"type":"Feature","properties":{"cls":"단동","emd":"산동면"},"geometry":{"type":"Point","coordinates":[127.46156,35.4829]}},{"type":"Feature","properties":{"cls":"단동","emd":"산동면"},"geometry":{"type":"Point","coordinates":[127.46169,35.48264]}},{"type":"Feature","properties":{"cls":"단동","emd":"산동면"},"geometry":{"type":"Point","coordinates":[127.46189,35.48117]}},{"type":"Feature","properties":{"cls":"다동","emd":"산동면"},"geometry":{"type":"Point","coordinates":[127.45946,35.48031]}},{"type":"Feature","properties":{"cls":"단동","emd":"산동면"},"geometry":{"type":"Point","coordinates":[127.45671,35.48215]}},{"type":"Feature","properties":{"cls":"단동","emd":"산동면"},"geometry":{"type":"Point","coordinates":[127.45683,35.4819]}},{"type":"Feature","properties":{"cls":"단동","emd":"산동면"},"geometry":{"type":"Point","coordinates":[127.47793,35.48741]}},{"type":"Feature","properties":{"cls":"단동","emd":"산동면"},"geometry":{"type":"Point","coordinates":[127.47592,35.48636]}},{"type":"Feature","properties":{"cls":"단동","emd":"산동면"},"geometry":{"type":"Point","coordinates":[127.47409,35.48697]}},{"type":"Feature","properties":{"cls":"단동","emd":"산동면"},"geometry":{"type":"Point","coordinates":[127.4742,35.48328]}},{"type":"Feature","properties":{"cls":"단동","emd":"산동면"},"geometry":{"type":"Point","coordinates":[127.47446,35.483]}},{"type":"Feature","properties":{"cls":"단동","emd":"산동면"},"geometry":{"type":"Point","coordinates":[127.46983,35.48331]}},{"type":"Feature","properties":{"cls":"단동","emd":"산동면"},"geometry":{"type":"Point","coordinates":[127.47078,35.48233]}},{"type":"Feature","properties":{"cls":"단동","emd":"산동면"},"geometry":{"type":"Point","coordinates":[127.4726,35.48054]}},{"type":"Feature","properties":{"cls":"단동","emd":"산동면"},"geometry":{"type":"Point","coordinates":[127.47016,35.47981]}},{"type":"Feature","properties":{"cls":"단동","emd":"산동면"},"geometry":{"type":"Point","coordinates":[127.46378,35.47891]}},{"type":"Feature","properties":{"cls":"단동","emd":"산동면"},"geometry":{"type":"Point","coordinates":[127.46015,35.47599]}},{"type":"Feature","properties":{"cls":"단동","emd":"산동면"},"geometry":{"type":"Point","coordinates":[127.46046,35.47458]}},{"type":"Feature","properties":{"cls":"단동","emd":"산동면"},"geometry":{"type":"Point","coordinates":[127.45705,35.47095]}},{"type":"Feature","properties":{"cls":"단동","emd":"산동면"},"geometry":{"type":"Point","coordinates":[127.48049,35.49241]}},{"type":"Feature","properties":{"cls":"단동","emd":"산동면"},"geometry":{"type":"Point","coordinates":[127.48181,35.49187]}},{"type":"Feature","properties":{"cls":"단동","emd":"산동면"},"geometry":{"type":"Point","coordinates":[127.48883,35.50056]}},{"type":"Feature","properties":{"cls":"단동","emd":"산동면"},"geometry":{"type":"Point","coordinates":[127.48763,35.50107]}},{"type":"Feature","properties":{"cls":"단동","emd":"산동면"},"geometry":{"type":"Point","coordinates":[127.50358,35.49663]}},{"type":"Feature","properties":{"cls":"단동","emd":"산동면"},"geometry":{"type":"Point","coordinates":[127.50456,35.49721]}},{"type":"Feature","properties":{"cls":"단동","emd":"산동면"},"geometry":{"type":"Point","coordinates":[127.50598,35.50122]}},{"type":"Feature","properties":{"cls":"단동","emd":"산동면"},"geometry":{"type":"Point","coordinates":[127.50823,35.49969]}},{"type":"Feature","properties":{"cls":"단동","emd":"산동면"},"geometry":{"type":"Point","coordinates":[127.50838,35.4992]}},{"type":"Feature","properties":{"cls":"단동","emd":"산동면"},"geometry":{"type":"Point","coordinates":[127.51049,35.50002]}},{"type":"Feature","properties":{"cls":"단동","emd":"산동면"},"geometry":{"type":"Point","coordinates":[127.51079,35.49901]}},{"type":"Feature","properties":{"cls":"단동","emd":"산동면"},"geometry":{"type":"Point","coordinates":[127.51332,35.49841]}},{"type":"Feature","properties":{"cls":"단동","emd":"산동면"},"geometry":{"type":"Point","coordinates":[127.51446,35.49854]}},{"type":"Feature","properties":{"cls":"단동","emd":"산동면"},"geometry":{"type":"Point","coordinates":[127.51461,35.49814]}},{"type":"Feature","properties":{"cls":"다동","emd":"산동면"},"geometry":{"type":"Point","coordinates":[127.51488,35.50065]}},{"type":"Feature","properties":{"cls":"단동","emd":"산동면"},"geometry":{"type":"Point","coordinates":[127.47693,35.52359]}},{"type":"Feature","properties":{"cls":"단동","emd":"산동면"},"geometry":{"type":"Point","coordinates":[127.47842,35.51943]}},{"type":"Feature","properties":{"cls":"단동","emd":"이백면"},"geometry":{"type":"Point","coordinates":[127.43159,35.42442]}},{"type":"Feature","properties":{"cls":"단동","emd":"이백면"},"geometry":{"type":"Point","coordinates":[127.42345,35.4203]}},{"type":"Feature","properties":{"cls":"단동","emd":"이백면"},"geometry":{"type":"Point","coordinates":[127.42902,35.42622]}},{"type":"Feature","properties":{"cls":"단동","emd":"이백면"},"geometry":{"type":"Point","coordinates":[127.42874,35.42611]}},{"type":"Feature","properties":{"cls":"단동","emd":"이백면"},"geometry":{"type":"Point","coordinates":[127.42424,35.43209]}},{"type":"Feature","properties":{"cls":"단동","emd":"이백면"},"geometry":{"type":"Point","coordinates":[127.42632,35.42282]}},{"type":"Feature","properties":{"cls":"단동","emd":"이백면"},"geometry":{"type":"Point","coordinates":[127.41852,35.42219]}},{"type":"Feature","properties":{"cls":"단동","emd":"이백면"},"geometry":{"type":"Point","coordinates":[127.41887,35.42288]}},{"type":"Feature","properties":{"cls":"단동","emd":"이백면"},"geometry":{"type":"Point","coordinates":[127.41133,35.41784]}},{"type":"Feature","properties":{"cls":"단동","emd":"이백면"},"geometry":{"type":"Point","coordinates":[127.42498,35.42535]}},{"type":"Feature","properties":{"cls":"단동","emd":"이백면"},"geometry":{"type":"Point","coordinates":[127.4244,35.4242]}},{"type":"Feature","properties":{"cls":"단동","emd":"이백면"},"geometry":{"type":"Point","coordinates":[127.44611,35.42225]}},{"type":"Feature","properties":{"cls":"단동","emd":"이백면"},"geometry":{"type":"Point","coordinates":[127.45072,35.46553]}},{"type":"Feature","properties":{"cls":"단동","emd":"이백면"},"geometry":{"type":"Point","coordinates":[127.44826,35.45957]}},{"type":"Feature","properties":{"cls":"단동","emd":"이백면"},"geometry":{"type":"Point","coordinates":[127.44244,35.46065]}},{"type":"Feature","properties":{"cls":"단동","emd":"이백면"},"geometry":{"type":"Point","coordinates":[127.44285,35.45705]}},{"type":"Feature","properties":{"cls":"단동","emd":"이백면"},"geometry":{"type":"Point","coordinates":[127.43847,35.45281]}},{"type":"Feature","properties":{"cls":"단동","emd":"이백면"},"geometry":{"type":"Point","coordinates":[127.43885,35.45266]}},{"type":"Feature","properties":{"cls":"다동","emd":"이백면"},"geometry":{"type":"Point","coordinates":[127.45643,35.45595]}},{"type":"Feature","properties":{"cls":"단동","emd":"이백면"},"geometry":{"type":"Point","coordinates":[127.4619,35.45542]}},{"type":"Feature","properties":{"cls":"단동","emd":"이백면"},"geometry":{"type":"Point","coordinates":[127.46043,35.43855]}},{"type":"Feature","properties":{"cls":"단동","emd":"이백면"},"geometry":{"type":"Point","coordinates":[127.46822,35.43904]}},{"type":"Feature","properties":{"cls":"다동","emd":"이백면"},"geometry":{"type":"Point","coordinates":[127.46813,35.43894]}},{"type":"Feature","properties":{"cls":"다동","emd":"이백면"},"geometry":{"type":"Point","coordinates":[127.45997,35.43349]}},{"type":"Feature","properties":{"cls":"단동","emd":"이백면"},"geometry":{"type":"Point","coordinates":[127.47899,35.4267]}},{"type":"Feature","properties":{"cls":"단동","emd":"이백면"},"geometry":{"type":"Point","coordinates":[127.46026,35.42796]}},{"type":"Feature","properties":{"cls":"단동","emd":"이백면"},"geometry":{"type":"Point","coordinates":[127.45525,35.41692]}},{"type":"Feature","properties":{"cls":"단동","emd":"이백면"},"geometry":{"type":"Point","coordinates":[127.45477,35.42049]}},{"type":"Feature","properties":{"cls":"단동","emd":"이백면"},"geometry":{"type":"Point","coordinates":[127.45577,35.42048]}},{"type":"Feature","properties":{"cls":"단동","emd":"이백면"},"geometry":{"type":"Point","coordinates":[127.45828,35.42034]}},{"type":"Feature","properties":{"cls":"다동","emd":"아영면"},"geometry":{"type":"Point","coordinates":[127.57405,35.48144]}},{"type":"Feature","properties":{"cls":"단동","emd":"아영면"},"geometry":{"type":"Point","coordinates":[127.57308,35.48823]}},{"type":"Feature","properties":{"cls":"단동","emd":"아영면"},"geometry":{"type":"Point","coordinates":[127.56542,35.47706]}},{"type":"Feature","properties":{"cls":"단동","emd":"아영면"},"geometry":{"type":"Point","coordinates":[127.57642,35.48095]}},{"type":"Feature","properties":{"cls":"단동","emd":"아영면"},"geometry":{"type":"Point","coordinates":[127.57714,35.48017]}},{"type":"Feature","properties":{"cls":"단동","emd":"아영면"},"geometry":{"type":"Point","coordinates":[127.5761,35.47975]}},{"type":"Feature","properties":{"cls":"단동","emd":"아영면"},"geometry":{"type":"Point","coordinates":[127.57348,35.47925]}},{"type":"Feature","properties":{"cls":"단동","emd":"아영면"},"geometry":{"type":"Point","coordinates":[127.57781,35.47669]}},{"type":"Feature","properties":{"cls":"단동","emd":"아영면"},"geometry":{"type":"Point","coordinates":[127.578,35.47662]}},{"type":"Feature","properties":{"cls":"단동","emd":"아영면"},"geometry":{"type":"Point","coordinates":[127.57878,35.47597]}},{"type":"Feature","properties":{"cls":"단동","emd":"아영면"},"geometry":{"type":"Point","coordinates":[127.56919,35.47681]}},{"type":"Feature","properties":{"cls":"단동","emd":"아영면"},"geometry":{"type":"Point","coordinates":[127.56962,35.47696]}},{"type":"Feature","properties":{"cls":"단동","emd":"아영면"},"geometry":{"type":"Point","coordinates":[127.57033,35.47829]}},{"type":"Feature","properties":{"cls":"단동","emd":"아영면"},"geometry":{"type":"Point","coordinates":[127.56871,35.47659]}},{"type":"Feature","properties":{"cls":"단동","emd":"아영면"},"geometry":{"type":"Point","coordinates":[127.57016,35.47715]}},{"type":"Feature","properties":{"cls":"다동","emd":"아영면"},"geometry":{"type":"Point","coordinates":[127.57072,35.47768]}},{"type":"Feature","properties":{"cls":"단동","emd":"아영면"},"geometry":{"type":"Point","coordinates":[127.58671,35.4844]}},{"type":"Feature","properties":{"cls":"단동","emd":"아영면"},"geometry":{"type":"Point","coordinates":[127.58397,35.47213]}},{"type":"Feature","properties":{"cls":"단동","emd":"아영면"},"geometry":{"type":"Point","coordinates":[127.57764,35.48213]}},{"type":"Feature","properties":{"cls":"단동","emd":"아영면"},"geometry":{"type":"Point","coordinates":[127.58652,35.48144]}},{"type":"Feature","properties":{"cls":"단동","emd":"아영면"},"geometry":{"type":"Point","coordinates":[127.58838,35.48255]}},{"type":"Feature","properties":{"cls":"단동","emd":"아영면"},"geometry":{"type":"Point","coordinates":[127.58608,35.47983]}},{"type":"Feature","properties":{"cls":"단동","emd":"아영면"},"geometry":{"type":"Point","coordinates":[127.58814,35.48006]}},{"type":"Feature","properties":{"cls":"단동","emd":"아영면"},"geometry":{"type":"Point","coordinates":[127.58537,35.47933]}},{"type":"Feature","properties":{"cls":"단동","emd":"아영면"},"geometry":{"type":"Point","coordinates":[127.58713,35.47819]}},{"type":"Feature","properties":{"cls":"단동","emd":"아영면"},"geometry":{"type":"Point","coordinates":[127.58567,35.47723]}},{"type":"Feature","properties":{"cls":"다동","emd":"아영면"},"geometry":{"type":"Point","coordinates":[127.58807,35.4761]}},{"type":"Feature","properties":{"cls":"단동","emd":"아영면"},"geometry":{"type":"Point","coordinates":[127.58552,35.4714]}},{"type":"Feature","properties":{"cls":"단동","emd":"아영면"},"geometry":{"type":"Point","coordinates":[127.59718,35.48048]}},{"type":"Feature","properties":{"cls":"단동","emd":"아영면"},"geometry":{"type":"Point","coordinates":[127.59146,35.48307]}},{"type":"Feature","properties":{"cls":"단동","emd":"아영면"},"geometry":{"type":"Point","coordinates":[127.59415,35.48106]}},{"type":"Feature","properties":{"cls":"단동","emd":"아영면"},"geometry":{"type":"Point","coordinates":[127.59497,35.47666]}},{"type":"Feature","properties":{"cls":"단동","emd":"아영면"},"geometry":{"type":"Point","coordinates":[127.58835,35.47454]}},{"type":"Feature","properties":{"cls":"단동","emd":"아영면"},"geometry":{"type":"Point","coordinates":[127.59944,35.48696]}},{"type":"Feature","properties":{"cls":"단동","emd":"아영면"},"geometry":{"type":"Point","coordinates":[127.59935,35.48613]}},{"type":"Feature","properties":{"cls":"단동","emd":"아영면"},"geometry":{"type":"Point","coordinates":[127.59784,35.48232]}},{"type":"Feature","properties":{"cls":"단동","emd":"아영면"},"geometry":{"type":"Point","coordinates":[127.59821,35.48218]}},{"type":"Feature","properties":{"cls":"단동","emd":"아영면"},"geometry":{"type":"Point","coordinates":[127.59992,35.48103]}},{"type":"Feature","properties":{"cls":"단동","emd":"아영면"},"geometry":{"type":"Point","coordinates":[127.59557,35.48366]}},{"type":"Feature","properties":{"cls":"단동","emd":"아영면"},"geometry":{"type":"Point","coordinates":[127.5992,35.48045]}},{"type":"Feature","properties":{"cls":"단동","emd":"아영면"},"geometry":{"type":"Point","coordinates":[127.59955,35.48031]}},{"type":"Feature","properties":{"cls":"단동","emd":"아영면"},"geometry":{"type":"Point","coordinates":[127.60014,35.48037]}},{"type":"Feature","properties":{"cls":"다동","emd":"아영면"},"geometry":{"type":"Point","coordinates":[127.60987,35.50276]}},{"type":"Feature","properties":{"cls":"단동","emd":"아영면"},"geometry":{"type":"Point","coordinates":[127.6089,35.50099]}},{"type":"Feature","properties":{"cls":"단동","emd":"아영면"},"geometry":{"type":"Point","coordinates":[127.60801,35.50026]}},{"type":"Feature","properties":{"cls":"단동","emd":"아영면"},"geometry":{"type":"Point","coordinates":[127.60435,35.49248]}},{"type":"Feature","properties":{"cls":"다동","emd":"아영면"},"geometry":{"type":"Point","coordinates":[127.60438,35.49143]}},{"type":"Feature","properties":{"cls":"단동","emd":"아영면"},"geometry":{"type":"Point","coordinates":[127.6036,35.48831]}},{"type":"Feature","properties":{"cls":"단동","emd":"아영면"},"geometry":{"type":"Point","coordinates":[127.60454,35.49943]}},{"type":"Feature","properties":{"cls":"다동","emd":"아영면"},"geometry":{"type":"Point","coordinates":[127.61081,35.50579]}},{"type":"Feature","properties":{"cls":"다동","emd":"아영면"},"geometry":{"type":"Point","coordinates":[127.60544,35.50913]}},{"type":"Feature","properties":{"cls":"다동","emd":"아영면"},"geometry":{"type":"Point","coordinates":[127.6084,35.50944]}},{"type":"Feature","properties":{"cls":"단동","emd":"아영면"},"geometry":{"type":"Point","coordinates":[127.61088,35.50866]}},{"type":"Feature","properties":{"cls":"단동","emd":"아영면"},"geometry":{"type":"Point","coordinates":[127.60463,35.50731]}},{"type":"Feature","properties":{"cls":"단동","emd":"아영면"},"geometry":{"type":"Point","coordinates":[127.59505,35.51503]}},{"type":"Feature","properties":{"cls":"단동","emd":"아영면"},"geometry":{"type":"Point","coordinates":[127.60287,35.51438]}},{"type":"Feature","properties":{"cls":"단동","emd":"아영면"},"geometry":{"type":"Point","coordinates":[127.61156,35.51078]}},{"type":"Feature","properties":{"cls":"단동","emd":"아영면"},"geometry":{"type":"Point","coordinates":[127.61351,35.51052]}},{"type":"Feature","properties":{"cls":"단동","emd":"아영면"},"geometry":{"type":"Point","coordinates":[127.58546,35.51803]}},{"type":"Feature","properties":{"cls":"다동","emd":"아영면"},"geometry":{"type":"Point","coordinates":[127.58237,35.52405]}},{"type":"Feature","properties":{"cls":"다동","emd":"아영면"},"geometry":{"type":"Point","coordinates":[127.58389,35.52456]}},{"type":"Feature","properties":{"cls":"다동","emd":"아영면"},"geometry":{"type":"Point","coordinates":[127.58018,35.52306]}},{"type":"Feature","properties":{"cls":"단동","emd":"아영면"},"geometry":{"type":"Point","coordinates":[127.57966,35.52139]}},{"type":"Feature","properties":{"cls":"단동","emd":"아영면"},"geometry":{"type":"Point","coordinates":[127.59703,35.52005]}},{"type":"Feature","properties":{"cls":"단동","emd":"아영면"},"geometry":{"type":"Point","coordinates":[127.59838,35.51946]}},{"type":"Feature","properties":{"cls":"단동","emd":"아영면"},"geometry":{"type":"Point","coordinates":[127.60084,35.52176]}},{"type":"Feature","properties":{"cls":"다동","emd":"아영면"},"geometry":{"type":"Point","coordinates":[127.60122,35.52102]}},{"type":"Feature","properties":{"cls":"다동","emd":"아영면"},"geometry":{"type":"Point","coordinates":[127.60259,35.52056]}},{"type":"Feature","properties":{"cls":"단동","emd":"아영면"},"geometry":{"type":"Point","coordinates":[127.60218,35.51818]}},{"type":"Feature","properties":{"cls":"다동","emd":"아영면"},"geometry":{"type":"Point","coordinates":[127.57557,35.52132]}},{"type":"Feature","properties":{"cls":"단동","emd":"아영면"},"geometry":{"type":"Point","coordinates":[127.58606,35.52992]}},{"type":"Feature","properties":{"cls":"단동","emd":"아영면"},"geometry":{"type":"Point","coordinates":[127.59365,35.53922]}},{"type":"Feature","properties":{"cls":"단동","emd":"아영면"},"geometry":{"type":"Point","coordinates":[127.59386,35.53805]}},{"type":"Feature","properties":{"cls":"단동","emd":"아영면"},"geometry":{"type":"Point","coordinates":[127.5939,35.53779]}},{"type":"Feature","properties":{"cls":"단동","emd":"아영면"},"geometry":{"type":"Point","coordinates":[127.59401,35.53773]}},{"type":"Feature","properties":{"cls":"단동","emd":"아영면"},"geometry":{"type":"Point","coordinates":[127.59131,35.53417]}},{"type":"Feature","properties":{"cls":"다동","emd":"아영면"},"geometry":{"type":"Point","coordinates":[127.59132,35.53404]}},{"type":"Feature","properties":{"cls":"단동","emd":"아영면"},"geometry":{"type":"Point","coordinates":[127.59291,35.52714]}},{"type":"Feature","properties":{"cls":"단동","emd":"아영면"},"geometry":{"type":"Point","coordinates":[127.59203,35.52702]}},{"type":"Feature","properties":{"cls":"단동","emd":"아영면"},"geometry":{"type":"Point","coordinates":[127.59264,35.52615]}},{"type":"Feature","properties":{"cls":"단동","emd":"아영면"},"geometry":{"type":"Point","coordinates":[127.59053,35.52795]}},{"type":"Feature","properties":{"cls":"단동","emd":"아영면"},"geometry":{"type":"Point","coordinates":[127.59076,35.52651]}},{"type":"Feature","properties":{"cls":"다동","emd":"아영면"},"geometry":{"type":"Point","coordinates":[127.58958,35.52619]}},{"type":"Feature","properties":{"cls":"단동","emd":"아영면"},"geometry":{"type":"Point","coordinates":[127.59009,35.5249]}},{"type":"Feature","properties":{"cls":"단동","emd":"아영면"},"geometry":{"type":"Point","coordinates":[127.58661,35.5288]}},{"type":"Feature","properties":{"cls":"다동","emd":"아영면"},"geometry":{"type":"Point","coordinates":[127.60796,35.52505]}},{"type":"Feature","properties":{"cls":"단동","emd":"아영면"},"geometry":{"type":"Point","coordinates":[127.60129,35.5267]}},{"type":"Feature","properties":{"cls":"단동","emd":"아영면"},"geometry":{"type":"Point","coordinates":[127.5978,35.54097]}},{"type":"Feature","properties":{"cls":"단동","emd":"아영면"},"geometry":{"type":"Point","coordinates":[127.59786,35.53804]}},{"type":"Feature","properties":{"cls":"다동","emd":"아영면"},"geometry":{"type":"Point","coordinates":[127.60082,35.538]}},{"type":"Feature","properties":{"cls":"다동","emd":"아영면"},"geometry":{"type":"Point","coordinates":[127.59624,35.52996]}},{"type":"Feature","properties":{"cls":"단동","emd":"아영면"},"geometry":{"type":"Point","coordinates":[127.59495,35.53702]}},{"type":"Feature","properties":{"cls":"단동","emd":"아영면"},"geometry":{"type":"Point","coordinates":[127.59999,35.52961]}},{"type":"Feature","properties":{"cls":"단동","emd":"아영면"},"geometry":{"type":"Point","coordinates":[127.59978,35.52986]}},{"type":"Feature","properties":{"cls":"단동","emd":"아영면"},"geometry":{"type":"Point","coordinates":[127.60021,35.53097]}},{"type":"Feature","properties":{"cls":"단동","emd":"아영면"},"geometry":{"type":"Point","coordinates":[127.60241,35.53094]}},{"type":"Feature","properties":{"cls":"단동","emd":"아영면"},"geometry":{"type":"Point","coordinates":[127.60279,35.53011]}},{"type":"Feature","properties":{"cls":"단동","emd":"아영면"},"geometry":{"type":"Point","coordinates":[127.60358,35.52954]}},{"type":"Feature","properties":{"cls":"단동","emd":"아영면"},"geometry":{"type":"Point","coordinates":[127.60376,35.52759]}},{"type":"Feature","properties":{"cls":"단동","emd":"아영면"},"geometry":{"type":"Point","coordinates":[127.60001,35.52484]}},{"type":"Feature","properties":{"cls":"단동","emd":"아영면"},"geometry":{"type":"Point","coordinates":[127.60073,35.5251]}},{"type":"Feature","properties":{"cls":"단동","emd":"아영면"},"geometry":{"type":"Point","coordinates":[127.60205,35.52599]}},{"type":"Feature","properties":{"cls":"단동","emd":"아영면"},"geometry":{"type":"Point","coordinates":[127.60337,35.52646]}},{"type":"Feature","properties":{"cls":"단동","emd":"아영면"},"geometry":{"type":"Point","coordinates":[127.60627,35.52447]}},{"type":"Feature","properties":{"cls":"단동","emd":"아영면"},"geometry":{"type":"Point","coordinates":[127.60164,35.52337]}},{"type":"Feature","properties":{"cls":"단동","emd":"아영면"},"geometry":{"type":"Point","coordinates":[127.6207,35.5285]}},{"type":"Feature","properties":{"cls":"단동","emd":"아영면"},"geometry":{"type":"Point","coordinates":[127.62042,35.53075]}},{"type":"Feature","properties":{"cls":"다동","emd":"아영면"},"geometry":{"type":"Point","coordinates":[127.62105,35.52978]}},{"type":"Feature","properties":{"cls":"단동","emd":"아영면"},"geometry":{"type":"Point","coordinates":[127.61395,35.51819]}},{"type":"Feature","properties":{"cls":"단동","emd":"아영면"},"geometry":{"type":"Point","coordinates":[127.61418,35.51827]}},{"type":"Feature","properties":{"cls":"단동","emd":"아영면"},"geometry":{"type":"Point","coordinates":[127.61508,35.51636]}},{"type":"Feature","properties":{"cls":"단동","emd":"아영면"},"geometry":{"type":"Point","coordinates":[127.62265,35.52785]}},{"type":"Feature","properties":{"cls":"단동","emd":"아영면"},"geometry":{"type":"Point","coordinates":[127.60745,35.5243]}},{"type":"Feature","properties":{"cls":"단동","emd":"아영면"},"geometry":{"type":"Point","coordinates":[127.60741,35.52419]}},{"type":"Feature","properties":{"cls":"단동","emd":"아영면"},"geometry":{"type":"Point","coordinates":[127.6103,35.52251]}},{"type":"Feature","properties":{"cls":"단동","emd":"아영면"},"geometry":{"type":"Point","coordinates":[127.6315,35.50947]}},{"type":"Feature","properties":{"cls":"단동","emd":"아영면"},"geometry":{"type":"Point","coordinates":[127.62232,35.51881]}},{"type":"Feature","properties":{"cls":"단동","emd":"아영면"},"geometry":{"type":"Point","coordinates":[127.62358,35.51688]}},{"type":"Feature","properties":{"cls":"단동","emd":"아영면"},"geometry":{"type":"Point","coordinates":[127.61919,35.51618]}},{"type":"Feature","properties":{"cls":"단동","emd":"아영면"},"geometry":{"type":"Point","coordinates":[127.61917,35.5165]}},{"type":"Feature","properties":{"cls":"단동","emd":"아영면"},"geometry":{"type":"Point","coordinates":[127.62398,35.51647]}},{"type":"Feature","properties":{"cls":"단동","emd":"아영면"},"geometry":{"type":"Point","coordinates":[127.62371,35.51736]}},{"type":"Feature","properties":{"cls":"단동","emd":"아영면"},"geometry":{"type":"Point","coordinates":[127.61823,35.51062]}},{"type":"Feature","properties":{"cls":"단동","emd":"아영면"},"geometry":{"type":"Point","coordinates":[127.62335,35.52423]}},{"type":"Feature","properties":{"cls":"단동","emd":"아영면"},"geometry":{"type":"Point","coordinates":[127.62337,35.51939]}},{"type":"Feature","properties":{"cls":"단동","emd":"아영면"},"geometry":{"type":"Point","coordinates":[127.62407,35.52414]}},{"type":"Feature","properties":{"cls":"단동","emd":"아영면"},"geometry":{"type":"Point","coordinates":[127.62202,35.51627]}},{"type":"Feature","properties":{"cls":"단동","emd":"아영면"},"geometry":{"type":"Point","coordinates":[127.62156,35.5162]}},{"type":"Feature","properties":{"cls":"다동","emd":"아영면"},"geometry":{"type":"Point","coordinates":[127.62224,35.51534]}},{"type":"Feature","properties":{"cls":"단동","emd":"아영면"},"geometry":{"type":"Point","coordinates":[127.62168,35.5149]}},{"type":"Feature","properties":{"cls":"단동","emd":"아영면"},"geometry":{"type":"Point","coordinates":[127.6231,35.51009]}},{"type":"Feature","properties":{"cls":"다동","emd":"아영면"},"geometry":{"type":"Point","coordinates":[127.62576,35.50967]}},{"type":"Feature","properties":{"cls":"단동","emd":"아영면"},"geometry":{"type":"Point","coordinates":[127.62772,35.51056]}},{"type":"Feature","properties":{"cls":"다동","emd":"아영면"},"geometry":{"type":"Point","coordinates":[127.62772,35.51047]}},{"type":"Feature","properties":{"cls":"단동","emd":"아영면"},"geometry":{"type":"Point","coordinates":[127.62957,35.51132]}},{"type":"Feature","properties":{"cls":"단동","emd":"아영면"},"geometry":{"type":"Point","coordinates":[127.61824,35.51736]}},{"type":"Feature","properties":{"cls":"단동","emd":"아영면"},"geometry":{"type":"Point","coordinates":[127.6171,35.51538]}},{"type":"Feature","properties":{"cls":"단동","emd":"아영면"},"geometry":{"type":"Point","coordinates":[127.61878,35.51533]}},{"type":"Feature","properties":{"cls":"단동","emd":"아영면"},"geometry":{"type":"Point","coordinates":[127.61953,35.51533]}},{"type":"Feature","properties":{"cls":"단동","emd":"아영면"},"geometry":{"type":"Point","coordinates":[127.61626,35.51452]}},{"type":"Feature","properties":{"cls":"단동","emd":"아영면"},"geometry":{"type":"Point","coordinates":[127.61704,35.51448]}},{"type":"Feature","properties":{"cls":"단동","emd":"아영면"},"geometry":{"type":"Point","coordinates":[127.6177,35.51449]}},{"type":"Feature","properties":{"cls":"단동","emd":"아영면"},"geometry":{"type":"Point","coordinates":[127.61759,35.51357]}},{"type":"Feature","properties":{"cls":"단동","emd":"아영면"},"geometry":{"type":"Point","coordinates":[127.61575,35.51311]}},{"type":"Feature","properties":{"cls":"단동","emd":"아영면"},"geometry":{"type":"Point","coordinates":[127.61683,35.51263]}},{"type":"Feature","properties":{"cls":"단동","emd":"아영면"},"geometry":{"type":"Point","coordinates":[127.61618,35.50789]}},{"type":"Feature","properties":{"cls":"단동","emd":"아영면"},"geometry":{"type":"Point","coordinates":[127.61671,35.50785]}},{"type":"Feature","properties":{"cls":"단동","emd":"산내면"},"geometry":{"type":"Point","coordinates":[127.66154,35.42848]}},{"type":"Feature","properties":{"cls":"단동","emd":"산내면"},"geometry":{"type":"Point","coordinates":[127.657,35.42803]}},{"type":"Feature","properties":{"cls":"단동","emd":"산내면"},"geometry":{"type":"Point","coordinates":[127.65651,35.42628]}},{"type":"Feature","properties":{"cls":"단동","emd":"산내면"},"geometry":{"type":"Point","coordinates":[127.65273,35.42597]}},{"type":"Feature","properties":{"cls":"단동","emd":"산내면"},"geometry":{"type":"Point","coordinates":[127.6533,35.43021]}},{"type":"Feature","properties":{"cls":"단동","emd":"산내면"},"geometry":{"type":"Point","coordinates":[127.6558,35.43105]}},{"type":"Feature","properties":{"cls":"단동","emd":"산내면"},"geometry":{"type":"Point","coordinates":[127.6536,35.43111]}},{"type":"Feature","properties":{"cls":"단동","emd":"산내면"},"geometry":{"type":"Point","coordinates":[127.65448,35.4333]}},{"type":"Feature","properties":{"cls":"단동","emd":"산내면"},"geometry":{"type":"Point","coordinates":[127.64833,35.42693]}},{"type":"Feature","properties":{"cls":"단동","emd":"산내면"},"geometry":{"type":"Point","coordinates":[127.64278,35.42047]}},{"type":"Feature","properties":{"cls":"단동","emd":"산내면"},"geometry":{"type":"Point","coordinates":[127.64231,35.41282]}},{"type":"Feature","properties":{"cls":"단동","emd":"산내면"},"geometry":{"type":"Point","coordinates":[127.64224,35.41306]}},{"type":"Feature","properties":{"cls":"단동","emd":"산내면"},"geometry":{"type":"Point","coordinates":[127.63128,35.42338]}},{"type":"Feature","properties":{"cls":"다동","emd":"산내면"},"geometry":{"type":"Point","coordinates":[127.6317,35.42335]}},{"type":"Feature","properties":{"cls":"단동","emd":"산내면"},"geometry":{"type":"Point","coordinates":[127.63156,35.42665]}},{"type":"Feature","properties":{"cls":"단동","emd":"산내면"},"geometry":{"type":"Point","coordinates":[127.63215,35.42499]}},{"type":"Feature","properties":{"cls":"단동","emd":"산내면"},"geometry":{"type":"Point","coordinates":[127.62355,35.43156]}},{"type":"Feature","properties":{"cls":"단동","emd":"산내면"},"geometry":{"type":"Point","coordinates":[127.62611,35.42341]}},{"type":"Feature","properties":{"cls":"단동","emd":"산내면"},"geometry":{"type":"Point","coordinates":[127.6257,35.42291]}},{"type":"Feature","properties":{"cls":"단동","emd":"산내면"},"geometry":{"type":"Point","coordinates":[127.61827,35.42421]}},{"type":"Feature","properties":{"cls":"단동","emd":"산내면"},"geometry":{"type":"Point","coordinates":[127.63689,35.41621]}},{"type":"Feature","properties":{"cls":"단동","emd":"산내면"},"geometry":{"type":"Point","coordinates":[127.63176,35.41281]}},{"type":"Feature","properties":{"cls":"단동","emd":"산내면"},"geometry":{"type":"Point","coordinates":[127.62986,35.41865]}},{"type":"Feature","properties":{"cls":"단동","emd":"산내면"},"geometry":{"type":"Point","coordinates":[127.62916,35.41807]}},{"type":"Feature","properties":{"cls":"단동","emd":"산내면"},"geometry":{"type":"Point","coordinates":[127.63339,35.41996]}},{"type":"Feature","properties":{"cls":"단동","emd":"산내면"},"geometry":{"type":"Point","coordinates":[127.63285,35.41964]}},{"type":"Feature","properties":{"cls":"단동","emd":"산내면"},"geometry":{"type":"Point","coordinates":[127.6326,35.41945]}},{"type":"Feature","properties":{"cls":"다동","emd":"산내면"},"geometry":{"type":"Point","coordinates":[127.63879,35.41473]}},{"type":"Feature","properties":{"cls":"단동","emd":"산내면"},"geometry":{"type":"Point","coordinates":[127.62293,35.41577]}},{"type":"Feature","properties":{"cls":"단동","emd":"산내면"},"geometry":{"type":"Point","coordinates":[127.62277,35.41567]}},{"type":"Feature","properties":{"cls":"단동","emd":"산내면"},"geometry":{"type":"Point","coordinates":[127.62254,35.41552]}},{"type":"Feature","properties":{"cls":"단동","emd":"산내면"},"geometry":{"type":"Point","coordinates":[127.62237,35.41535]}},{"type":"Feature","properties":{"cls":"단동","emd":"산내면"},"geometry":{"type":"Point","coordinates":[127.62222,35.41523]}},{"type":"Feature","properties":{"cls":"단동","emd":"산내면"},"geometry":{"type":"Point","coordinates":[127.62369,35.41499]}},{"type":"Feature","properties":{"cls":"단동","emd":"산내면"},"geometry":{"type":"Point","coordinates":[127.62358,35.4149]}},{"type":"Feature","properties":{"cls":"단동","emd":"산내면"},"geometry":{"type":"Point","coordinates":[127.62178,35.41295]}},{"type":"Feature","properties":{"cls":"단동","emd":"산내면"},"geometry":{"type":"Point","coordinates":[127.62481,35.4146]}},{"type":"Feature","properties":{"cls":"단동","emd":"산내면"},"geometry":{"type":"Point","coordinates":[127.62364,35.41368]}},{"type":"Feature","properties":{"cls":"단동","emd":"산내면"},"geometry":{"type":"Point","coordinates":[127.62214,35.41258]}},{"type":"Feature","properties":{"cls":"단동","emd":"산내면"},"geometry":{"type":"Point","coordinates":[127.63018,35.41532]}},{"type":"Feature","properties":{"cls":"단동","emd":"산내면"},"geometry":{"type":"Point","coordinates":[127.62935,35.4142]}},{"type":"Feature","properties":{"cls":"단동","emd":"인월면"},"geometry":{"type":"Point","coordinates":[127.60769,35.44388]}},{"type":"Feature","properties":{"cls":"단동","emd":"인월면"},"geometry":{"type":"Point","coordinates":[127.60503,35.4593]}},{"type":"Feature","properties":{"cls":"단동","emd":"인월면"},"geometry":{"type":"Point","coordinates":[127.59881,35.45504]}},{"type":"Feature","properties":{"cls":"단동","emd":"인월면"},"geometry":{"type":"Point","coordinates":[127.59921,35.45514]}},{"type":"Feature","properties":{"cls":"단동","emd":"인월면"},"geometry":{"type":"Point","coordinates":[127.58826,35.45778]}},{"type":"Feature","properties":{"cls":"단동","emd":"인월면"},"geometry":{"type":"Point","coordinates":[127.59497,35.45894]}},{"type":"Feature","properties":{"cls":"단동","emd":"인월면"},"geometry":{"type":"Point","coordinates":[127.59628,35.46035]}},{"type":"Feature","properties":{"cls":"단동","emd":"인월면"},"geometry":{"type":"Point","coordinates":[127.59605,35.46022]}},{"type":"Feature","properties":{"cls":"단동","emd":"인월면"},"geometry":{"type":"Point","coordinates":[127.59737,35.46033]}},{"type":"Feature","properties":{"cls":"단동","emd":"인월면"},"geometry":{"type":"Point","coordinates":[127.59793,35.46026]}},{"type":"Feature","properties":{"cls":"단동","emd":"인월면"},"geometry":{"type":"Point","coordinates":[127.5983,35.45996]}},{"type":"Feature","properties":{"cls":"단동","emd":"인월면"},"geometry":{"type":"Point","coordinates":[127.60197,35.45771]}},{"type":"Feature","properties":{"cls":"단동","emd":"인월면"},"geometry":{"type":"Point","coordinates":[127.6027,35.45653]}},{"type":"Feature","properties":{"cls":"단동","emd":"인월면"},"geometry":{"type":"Point","coordinates":[127.60438,35.45657]}},{"type":"Feature","properties":{"cls":"다동","emd":"인월면"},"geometry":{"type":"Point","coordinates":[127.60548,35.4555]}},{"type":"Feature","properties":{"cls":"단동","emd":"인월면"},"geometry":{"type":"Point","coordinates":[127.60719,35.45537]}},{"type":"Feature","properties":{"cls":"단동","emd":"인월면"},"geometry":{"type":"Point","coordinates":[127.60518,35.45261]}},{"type":"Feature","properties":{"cls":"단동","emd":"인월면"},"geometry":{"type":"Point","coordinates":[127.59592,35.47308]}},{"type":"Feature","properties":{"cls":"단동","emd":"인월면"},"geometry":{"type":"Point","coordinates":[127.59596,35.47322]}},{"type":"Feature","properties":{"cls":"단동","emd":"인월면"},"geometry":{"type":"Point","coordinates":[127.59245,35.4735]}},{"type":"Feature","properties":{"cls":"단동","emd":"인월면"},"geometry":{"type":"Point","coordinates":[127.59107,35.47285]}},{"type":"Feature","properties":{"cls":"단동","emd":"인월면"},"geometry":{"type":"Point","coordinates":[127.59078,35.47042]}},{"type":"Feature","properties":{"cls":"단동","emd":"인월면"},"geometry":{"type":"Point","coordinates":[127.59173,35.46619]}},{"type":"Feature","properties":{"cls":"단동","emd":"인월면"},"geometry":{"type":"Point","coordinates":[127.59116,35.4663]}},{"type":"Feature","properties":{"cls":"단동","emd":"인월면"},"geometry":{"type":"Point","coordinates":[127.59154,35.46644]}},{"type":"Feature","properties":{"cls":"단동","emd":"인월면"},"geometry":{"type":"Point","coordinates":[127.59366,35.46604]}},{"type":"Feature","properties":{"cls":"단동","emd":"인월면"},"geometry":{"type":"Point","coordinates":[127.58996,35.47098]}},{"type":"Feature","properties":{"cls":"단동","emd":"인월면"},"geometry":{"type":"Point","coordinates":[127.58947,35.47054]}},{"type":"Feature","properties":{"cls":"단동","emd":"인월면"},"geometry":{"type":"Point","coordinates":[127.59167,35.47243]}},{"type":"Feature","properties":{"cls":"단동","emd":"인월면"},"geometry":{"type":"Point","coordinates":[127.59172,35.47265]}},{"type":"Feature","properties":{"cls":"다동","emd":"인월면"},"geometry":{"type":"Point","coordinates":[127.59231,35.47297]}},{"type":"Feature","properties":{"cls":"단동","emd":"인월면"},"geometry":{"type":"Point","coordinates":[127.59256,35.473]}},{"type":"Feature","properties":{"cls":"단동","emd":"인월면"},"geometry":{"type":"Point","coordinates":[127.59435,35.47373]}},{"type":"Feature","properties":{"cls":"단동","emd":"인월면"},"geometry":{"type":"Point","coordinates":[127.59392,35.47357]}},{"type":"Feature","properties":{"cls":"단동","emd":"인월면"},"geometry":{"type":"Point","coordinates":[127.59267,35.46743]}},{"type":"Feature","properties":{"cls":"단동","emd":"인월면"},"geometry":{"type":"Point","coordinates":[127.59362,35.46631]}},{"type":"Feature","properties":{"cls":"단동","emd":"인월면"},"geometry":{"type":"Point","coordinates":[127.59176,35.46522]}},{"type":"Feature","properties":{"cls":"다동","emd":"인월면"},"geometry":{"type":"Point","coordinates":[127.59021,35.46053]}},{"type":"Feature","properties":{"cls":"단동","emd":"인월면"},"geometry":{"type":"Point","coordinates":[127.61208,35.4775]}},{"type":"Feature","properties":{"cls":"단동","emd":"인월면"},"geometry":{"type":"Point","coordinates":[127.6122,35.47744]}},{"type":"Feature","properties":{"cls":"단동","emd":"인월면"},"geometry":{"type":"Point","coordinates":[127.61458,35.47614]}},{"type":"Feature","properties":{"cls":"단동","emd":"인월면"},"geometry":{"type":"Point","coordinates":[127.60664,35.48096]}},{"type":"Feature","properties":{"cls":"단동","emd":"인월면"},"geometry":{"type":"Point","coordinates":[127.60933,35.4799]}},{"type":"Feature","properties":{"cls":"단동","emd":"인월면"},"geometry":{"type":"Point","coordinates":[127.60292,35.48265]}},{"type":"Feature","properties":{"cls":"단동","emd":"인월면"},"geometry":{"type":"Point","coordinates":[127.62532,35.48845]}},{"type":"Feature","properties":{"cls":"단동","emd":"인월면"},"geometry":{"type":"Point","coordinates":[127.62565,35.48844]}},{"type":"Feature","properties":{"cls":"단동","emd":"인월면"},"geometry":{"type":"Point","coordinates":[127.62877,35.486]}},{"type":"Feature","properties":{"cls":"다동","emd":"인월면"},"geometry":{"type":"Point","coordinates":[127.63114,35.48581]}},{"type":"Feature","properties":{"cls":"단동","emd":"인월면"},"geometry":{"type":"Point","coordinates":[127.62811,35.48988]}},{"type":"Feature","properties":{"cls":"다동","emd":"인월면"},"geometry":{"type":"Point","coordinates":[127.62761,35.49002]}},{"type":"Feature","properties":{"cls":"단동","emd":"인월면"},"geometry":{"type":"Point","coordinates":[127.6248,35.49139]}},{"type":"Feature","properties":{"cls":"단동","emd":"인월면"},"geometry":{"type":"Point","coordinates":[127.61905,35.49414]}},{"type":"Feature","properties":{"cls":"단동","emd":"인월면"},"geometry":{"type":"Point","coordinates":[127.6203,35.49276]}},{"type":"Feature","properties":{"cls":"단동","emd":"인월면"},"geometry":{"type":"Point","coordinates":[127.62316,35.49275]}},{"type":"Feature","properties":{"cls":"단동","emd":"인월면"},"geometry":{"type":"Point","coordinates":[127.62411,35.49515]}},{"type":"Feature","properties":{"cls":"단동","emd":"인월면"},"geometry":{"type":"Point","coordinates":[127.62145,35.4969]}},{"type":"Feature","properties":{"cls":"단동","emd":"인월면"},"geometry":{"type":"Point","coordinates":[127.61721,35.49833]}},{"type":"Feature","properties":{"cls":"단동","emd":"인월면"},"geometry":{"type":"Point","coordinates":[127.61446,35.49808]}},{"type":"Feature","properties":{"cls":"단동","emd":"인월면"},"geometry":{"type":"Point","coordinates":[127.61617,35.49823]}},{"type":"Feature","properties":{"cls":"단동","emd":"인월면"},"geometry":{"type":"Point","coordinates":[127.61777,35.50066]}},{"type":"Feature","properties":{"cls":"단동","emd":"인월면"},"geometry":{"type":"Point","coordinates":[127.61882,35.50031]}},{"type":"Feature","properties":{"cls":"다동","emd":"인월면"},"geometry":{"type":"Point","coordinates":[127.6235,35.49551]}},{"type":"Feature","properties":{"cls":"단동","emd":"인월면"},"geometry":{"type":"Point","coordinates":[127.62198,35.49153]}},{"type":"Feature","properties":{"cls":"단동","emd":"인월면"},"geometry":{"type":"Point","coordinates":[127.61453,35.50293]}},{"type":"Feature","properties":{"cls":"단동","emd":"인월면"},"geometry":{"type":"Point","coordinates":[127.61763,35.50162]}},{"type":"Feature","properties":{"cls":"단동","emd":"인월면"},"geometry":{"type":"Point","coordinates":[127.61894,35.50097]}},{"type":"Feature","properties":{"cls":"단동","emd":"인월면"},"geometry":{"type":"Point","coordinates":[127.61908,35.50092]}},{"type":"Feature","properties":{"cls":"단동","emd":"인월면"},"geometry":{"type":"Point","coordinates":[127.61314,35.50008]}},{"type":"Feature","properties":{"cls":"단동","emd":"인월면"},"geometry":{"type":"Point","coordinates":[127.61333,35.49916]}},{"type":"Feature","properties":{"cls":"단동","emd":"인월면"},"geometry":{"type":"Point","coordinates":[127.6126,35.49815]}},{"type":"Feature","properties":{"cls":"단동","emd":"인월면"},"geometry":{"type":"Point","coordinates":[127.61349,35.49814]}},{"type":"Feature","properties":{"cls":"단동","emd":"인월면"},"geometry":{"type":"Point","coordinates":[127.61253,35.49726]}},{"type":"Feature","properties":{"cls":"단동","emd":"인월면"},"geometry":{"type":"Point","coordinates":[127.61313,35.49723]}},{"type":"Feature","properties":{"cls":"단동","emd":"인월면"},"geometry":{"type":"Point","coordinates":[127.61144,35.49632]}},{"type":"Feature","properties":{"cls":"단동","emd":"인월면"},"geometry":{"type":"Point","coordinates":[127.60909,35.49554]}},{"type":"Feature","properties":{"cls":"다동","emd":"인월면"},"geometry":{"type":"Point","coordinates":[127.60942,35.49552]}},{"type":"Feature","properties":{"cls":"단동","emd":"인월면"},"geometry":{"type":"Point","coordinates":[127.61545,35.49578]}},{"type":"Feature","properties":{"cls":"단동","emd":"인월면"},"geometry":{"type":"Point","coordinates":[127.6143,35.49487]}},{"type":"Feature","properties":{"cls":"단동","emd":"인월면"},"geometry":{"type":"Point","coordinates":[127.61008,35.49276]}},{"type":"Feature","properties":{"cls":"단동","emd":"인월면"},"geometry":{"type":"Point","coordinates":[127.61005,35.49206]}},{"type":"Feature","properties":{"cls":"단동","emd":"인월면"},"geometry":{"type":"Point","coordinates":[127.6113,35.49248]}},{"type":"Feature","properties":{"cls":"단동","emd":"인월면"},"geometry":{"type":"Point","coordinates":[127.60988,35.49149]}},{"type":"Feature","properties":{"cls":"단동","emd":"인월면"},"geometry":{"type":"Point","coordinates":[127.61021,35.49145]}},{"type":"Feature","properties":{"cls":"단동","emd":"인월면"},"geometry":{"type":"Point","coordinates":[127.61218,35.49118]}},{"type":"Feature","properties":{"cls":"단동","emd":"인월면"},"geometry":{"type":"Point","coordinates":[127.61989,35.50083]}},{"type":"Feature","properties":{"cls":"단동","emd":"인월면"},"geometry":{"type":"Point","coordinates":[127.61634,35.49968]}},{"type":"Feature","properties":{"cls":"단동","emd":"인월면"},"geometry":{"type":"Point","coordinates":[127.6347,35.50511]}},{"type":"Feature","properties":{"cls":"단동","emd":"인월면"},"geometry":{"type":"Point","coordinates":[127.63487,35.4976]}},{"type":"Feature","properties":{"cls":"다동","emd":"인월면"},"geometry":{"type":"Point","coordinates":[127.63227,35.49235]}},{"type":"Feature","properties":{"cls":"단동","emd":"인월면"},"geometry":{"type":"Point","coordinates":[127.62691,35.49686]}},{"type":"Feature","properties":{"cls":"다동","emd":"인월면"},"geometry":{"type":"Point","coordinates":[127.63266,35.50423]}},{"type":"Feature","properties":{"cls":"단동","emd":"인월면"},"geometry":{"type":"Point","coordinates":[127.62033,35.50471]}},{"type":"Feature","properties":{"cls":"단동","emd":"인월면"},"geometry":{"type":"Point","coordinates":[127.62033,35.50461]}},{"type":"Feature","properties":{"cls":"다동","emd":"인월면"},"geometry":{"type":"Point","coordinates":[127.62456,35.50461]}},{"type":"Feature","properties":{"cls":"단동","emd":"인월면"},"geometry":{"type":"Point","coordinates":[127.62276,35.50283]}},{"type":"Feature","properties":{"cls":"단동","emd":"인월면"},"geometry":{"type":"Point","coordinates":[127.62523,35.49953]}},{"type":"Feature","properties":{"cls":"단동","emd":"인월면"},"geometry":{"type":"Point","coordinates":[127.6254,35.49946]}},{"type":"Feature","properties":{"cls":"단동","emd":"인월면"},"geometry":{"type":"Point","coordinates":[127.6294,35.49997]}},{"type":"Feature","properties":{"cls":"단동","emd":"인월면"},"geometry":{"type":"Point","coordinates":[127.62975,35.49966]}},{"type":"Feature","properties":{"cls":"단동","emd":"인월면"},"geometry":{"type":"Point","coordinates":[127.62988,35.49953]}},{"type":"Feature","properties":{"cls":"단동","emd":"인월면"},"geometry":{"type":"Point","coordinates":[127.63001,35.49933]}},{"type":"Feature","properties":{"cls":"단동","emd":"인월면"},"geometry":{"type":"Point","coordinates":[127.62868,35.50135]}},{"type":"Feature","properties":{"cls":"단동","emd":"인월면"},"geometry":{"type":"Point","coordinates":[127.61447,35.50575]}},{"type":"Feature","properties":{"cls":"단동","emd":"인월면"},"geometry":{"type":"Point","coordinates":[127.61763,35.50332]}},{"type":"Feature","properties":{"cls":"다동","emd":"인월면"},"geometry":{"type":"Point","coordinates":[127.61768,35.50274]}},{"type":"Feature","properties":{"cls":"단동","emd":"인월면"},"geometry":{"type":"Point","coordinates":[127.62161,35.50304]}},{"type":"Feature","properties":{"cls":"단동","emd":"인월면"},"geometry":{"type":"Point","coordinates":[127.62305,35.50648]}},{"type":"Feature","properties":{"cls":"단동","emd":"인월면"},"geometry":{"type":"Point","coordinates":[127.62263,35.50611]}},{"type":"Feature","properties":{"cls":"다동","emd":"인월면"},"geometry":{"type":"Point","coordinates":[127.62171,35.50521]}},{"type":"Feature","properties":{"cls":"단동","emd":"인월면"},"geometry":{"type":"Point","coordinates":[127.62328,35.50447]}},{"type":"Feature","properties":{"cls":"다동","emd":"인월면"},"geometry":{"type":"Point","coordinates":[127.62546,35.50448]}},{"type":"Feature","properties":{"cls":"단동","emd":"인월면"},"geometry":{"type":"Point","coordinates":[127.62396,35.50329]}},{"type":"Feature","properties":{"cls":"단동","emd":"인월면"},"geometry":{"type":"Point","coordinates":[127.62674,35.50192]}},{"type":"Feature","properties":{"cls":"단동","emd":"인월면"},"geometry":{"type":"Point","coordinates":[127.61566,35.46279]}},{"type":"Feature","properties":{"cls":"단동","emd":"인월면"},"geometry":{"type":"Point","coordinates":[127.61699,35.4618]}},{"type":"Feature","properties":{"cls":"단동","emd":"인월면"},"geometry":{"type":"Point","coordinates":[127.60827,35.45918]}},{"type":"Feature","properties":{"cls":"단동","emd":"인월면"},"geometry":{"type":"Point","coordinates":[127.60933,35.45954]}},{"type":"Feature","properties":{"cls":"단동","emd":"인월면"},"geometry":{"type":"Point","coordinates":[127.60938,35.45973]}},{"type":"Feature","properties":{"cls":"단동","emd":"인월면"},"geometry":{"type":"Point","coordinates":[127.61033,35.46462]}},{"type":"Feature","properties":{"cls":"단동","emd":"인월면"},"geometry":{"type":"Point","coordinates":[127.61419,35.46593]}},{"type":"Feature","properties":{"cls":"단동","emd":"인월면"},"geometry":{"type":"Point","coordinates":[127.61492,35.46577]}},{"type":"Feature","properties":{"cls":"다동","emd":"인월면"},"geometry":{"type":"Point","coordinates":[127.61485,35.46531]}},{"type":"Feature","properties":{"cls":"단동","emd":"인월면"},"geometry":{"type":"Point","coordinates":[127.61737,35.46415]}},{"type":"Feature","properties":{"cls":"단동","emd":"인월면"},"geometry":{"type":"Point","coordinates":[127.61241,35.46376]}},{"type":"Feature","properties":{"cls":"단동","emd":"인월면"},"geometry":{"type":"Point","coordinates":[127.61268,35.46378]}},{"type":"Feature","properties":{"cls":"단동","emd":"인월면"},"geometry":{"type":"Point","coordinates":[127.61434,35.46266]}},{"type":"Feature","properties":{"cls":"단동","emd":"인월면"},"geometry":{"type":"Point","coordinates":[127.61221,35.46201]}},{"type":"Feature","properties":{"cls":"단동","emd":"인월면"},"geometry":{"type":"Point","coordinates":[127.61241,35.46198]}},{"type":"Feature","properties":{"cls":"단동","emd":"인월면"},"geometry":{"type":"Point","coordinates":[127.60988,35.46044]}},{"type":"Feature","properties":{"cls":"단동","emd":"인월면"},"geometry":{"type":"Point","coordinates":[127.62814,35.46843]}},{"type":"Feature","properties":{"cls":"단동","emd":"인월면"},"geometry":{"type":"Point","coordinates":[127.61658,35.48375]}},{"type":"Feature","properties":{"cls":"단동","emd":"인월면"},"geometry":{"type":"Point","coordinates":[127.61894,35.48425]}},{"type":"Feature","properties":{"cls":"단동","emd":"인월면"},"geometry":{"type":"Point","coordinates":[127.61689,35.48022]}},{"type":"Feature","properties":{"cls":"단동","emd":"인월면"},"geometry":{"type":"Point","coordinates":[127.61467,35.47647]}},{"type":"Feature","properties":{"cls":"단동","emd":"인월면"},"geometry":{"type":"Point","coordinates":[127.61059,35.47987]}},{"type":"Feature","properties":{"cls":"단동","emd":"인월면"},"geometry":{"type":"Point","coordinates":[127.6119,35.48537]}},{"type":"Feature","properties":{"cls":"단동","emd":"인월면"},"geometry":{"type":"Point","coordinates":[127.61071,35.48716]}},{"type":"Feature","properties":{"cls":"단동","emd":"인월면"},"geometry":{"type":"Point","coordinates":[127.61333,35.48868]}},{"type":"Feature","properties":{"cls":"단동","emd":"인월면"},"geometry":{"type":"Point","coordinates":[127.62094,35.48825]}},{"type":"Feature","properties":{"cls":"단동","emd":"인월면"},"geometry":{"type":"Point","coordinates":[127.60776,35.48678]}},{"type":"Feature","properties":{"cls":"단동","emd":"인월면"},"geometry":{"type":"Point","coordinates":[127.6119,35.48686]}},{"type":"Feature","properties":{"cls":"단동","emd":"인월면"},"geometry":{"type":"Point","coordinates":[127.61207,35.487]}},{"type":"Feature","properties":{"cls":"단동","emd":"인월면"},"geometry":{"type":"Point","coordinates":[127.60553,35.48597]}},{"type":"Feature","properties":{"cls":"단동","emd":"인월면"},"geometry":{"type":"Point","coordinates":[127.6098,35.48561]}},{"type":"Feature","properties":{"cls":"단동","emd":"인월면"},"geometry":{"type":"Point","coordinates":[127.61013,35.48564]}},{"type":"Feature","properties":{"cls":"단동","emd":"인월면"},"geometry":{"type":"Point","coordinates":[127.60738,35.48489]}},{"type":"Feature","properties":{"cls":"단동","emd":"인월면"},"geometry":{"type":"Point","coordinates":[127.60866,35.48479]}},{"type":"Feature","properties":{"cls":"단동","emd":"인월면"},"geometry":{"type":"Point","coordinates":[127.609,35.48486]}},{"type":"Feature","properties":{"cls":"단동","emd":"인월면"},"geometry":{"type":"Point","coordinates":[127.60925,35.48492]}},{"type":"Feature","properties":{"cls":"단동","emd":"인월면"},"geometry":{"type":"Point","coordinates":[127.60888,35.48371]}},{"type":"Feature","properties":{"cls":"단동","emd":"인월면"},"geometry":{"type":"Point","coordinates":[127.60921,35.48367]}},{"type":"Feature","properties":{"cls":"단동","emd":"인월면"},"geometry":{"type":"Point","coordinates":[127.60953,35.48364]}},{"type":"Feature","properties":{"cls":"단동","emd":"인월면"},"geometry":{"type":"Point","coordinates":[127.60974,35.4836]}},{"type":"Feature","properties":{"cls":"단동","emd":"인월면"},"geometry":{"type":"Point","coordinates":[127.61018,35.48358]}},{"type":"Feature","properties":{"cls":"단동","emd":"인월면"},"geometry":{"type":"Point","coordinates":[127.61058,35.48363]}},{"type":"Feature","properties":{"cls":"단동","emd":"인월면"},"geometry":{"type":"Point","coordinates":[127.61063,35.4836]}},{"type":"Feature","properties":{"cls":"단동","emd":"인월면"},"geometry":{"type":"Point","coordinates":[127.61426,35.48097]}}]}