{"type":"FeatureCollection","xy_coordinate_resolution":1e-06,"features":[{"type":"Feature","properties":{"id":"14f30d4abdb977326b2ba9a8768bd91f72529613","cls":"styrofoam","cid":3,"cat":2,"conf":0.638,"area":0.7,"mask":true,"color":"#FFFFFF"},"geometry":{"type":"Polygon","coordinates":[[[127.647416,34.635236],[127.647418,34.635236],[127.647418,34.635234],[127.647414,34.635232],[127.647413,34.635233],[127.647413,34.635235],[127.647416,34.635236]]]}},{"type":"Feature","properties":{"id":"e94d18eea6cf8c0dc3cb981ef6f42210c6ec231d","cls":"styrofoam","cid":3,"cat":2,"conf":0.79,"area":1.0,"mask":true,"color":"#FFFFFF"},"geometry":{"type":"Polygon","coordinates":[[[127.647463,34.635126],[127.647465,34.635124],[127.647465,34.635123],[127.647461,34.63512],[127.64746,34.63512],[127.647458,34.635122],[127.647463,34.635126]]]}},{"type":"Feature","properties":{"id":"1ba1c886691759069057f4e4cabdd064bb2aedae","cls":"styrofoam","cid":3,"cat":2,"conf":0.759,"area":0.7,"mask":true,"color":"#FFFFFF"},"geometry":{"type":"Polygon","coordinates":[[[127.647416,34.635236],[127.647418,34.635236],[127.647418,34.635234],[127.647414,34.635232],[127.647413,34.635233],[127.647413,34.635235],[127.647416,34.635236]]]}},{"type":"Feature","properties":{"id":"4c3114ee06ff581dcb689863f0c1108bd9390f56","cls":"styrofoam","cid":3,"cat":2,"conf":0.737,"area":0.8,"mask":true,"color":"#FFFFFF"},"geometry":{"type":"Polygon","coordinates":[[[127.647444,34.635115],[127.647446,34.635115],[127.647447,34.635113],[127.647446,34.635111],[127.647443,34.63511],[127.647442,34.63511],[127.647441,34.635112],[127.647444,34.635115]]]}},{"type":"Feature","properties":{"id":"a9dfb87397b1996ad0a3c79aaac42e813c2b77c8","cls":"styrofoam","cid":3,"cat":2,"conf":0.673,"area":0.8,"mask":true,"color":"#FFFFFF"},"geometry":{"type":"Polygon","coordinates":[[[127.647468,34.635132],[127.647471,34.635132],[127.647471,34.63513],[127.64747,34.635129],[127.647468,34.635128],[127.647465,34.63513],[127.647465,34.635131],[127.647468,34.635132]]]}},{"type":"Feature","properties":{"id":"7e319fcc4b3aee66a659eb59dcd9eb039dd8c05c","cls":"styrofoam","cid":3,"cat":2,"conf":0.604,"area":1.6,"mask":true,"color":"#FFFFFF"},"geometry":{"type":"Polygon","coordinates":[[[127.647457,34.63512],[127.647458,34.63512],[127.647458,34.635117],[127.647459,34.635116],[127.64746,34.635111],[127.64746,34.635111],[127.647456,34.635109],[127.647453,34.635111],[127.647455,34.635112],[127.647455,34.635116],[127.647457,34.635117],[127.647456,34.635119],[127.647457,34.63512]]]}},{"type":"Feature","properties":{"id":"b3c54addc3cccd5d75a413c81117ab48a8126ee4","cls":"styrofoam","cid":3,"cat":2,"conf":0.714,"area":0.9,"mask":true,"color":"#FFFFFF"},"geometry":{"type":"Polygon","coordinates":[[[127.647444,34.635115],[127.647447,34.635114],[127.647447,34.635112],[127.647445,34.63511],[127.647442,34.63511],[127.647441,34.635112],[127.647442,34.635114],[127.647444,34.635115]]]}},{"type":"Feature","properties":{"id":"cccc8a87b19deb56232f0a1c0f0d2b63ded5b14d","cls":"styrofoam","cid":3,"cat":2,"conf":0.757,"area":1.0,"mask":true,"color":"#FFFFFF"},"geometry":{"type":"Polygon","coordinates":[[[127.647317,34.634886],[127.647319,34.634885],[127.647319,34.634881],[127.647318,34.634881],[127.647314,34.634881],[127.647315,34.634885],[127.647317,34.634886]]]}},{"type":"Feature","properties":{"id":"4ca15e5abfa422a855c5b475bc00f027ebbbf740","cls":"styrofoam","cid":3,"cat":2,"conf":0.815,"area":1.1,"mask":true,"color":"#FFFFFF"},"geometry":{"type":"Polygon","coordinates":[[[127.647294,34.634747],[127.647299,34.634746],[127.647298,34.634742],[127.647292,34.634742],[127.647292,34.634744],[127.647294,34.634747]]]}},{"type":"Feature","properties":{"id":"487e755c51ab02ad56f313d2217c7f95101d3722","cls":"styrofoam","cid":3,"cat":2,"conf":0.802,"area":1.1,"mask":true,"color":"#FFFFFF"},"geometry":{"type":"Polygon","coordinates":[[[127.647296,34.634788],[127.647298,34.634787],[127.647299,34.634784],[127.647297,34.634782],[127.647295,34.634782],[127.647294,34.634783],[127.647293,34.634787],[127.647296,34.634788]]]}},{"type":"Feature","properties":{"id":"4d14dbdbf7b59239e16c77e315378b65784350b9","cls":"styrofoam","cid":3,"cat":2,"conf":0.791,"area":1.2,"mask":true,"color":"#FFFFFF"},"geometry":{"type":"Polygon","coordinates":[[[127.647303,34.634819],[127.647305,34.634818],[127.647307,34.634816],[127.647307,34.634815],[127.647305,34.634814],[127.647302,34.634813],[127.647299,34.634815],[127.647303,34.634819]]]}},{"type":"Feature","properties":{"id":"2ea829666d25923827d40e9977d601c2030f962e","cls":"styrofoam","cid":3,"cat":2,"conf":0.788,"area":1.0,"mask":true,"color":"#FFFFFF"},"geometry":{"type":"Polygon","coordinates":[[[127.647307,34.634813],[127.647309,34.634813],[127.64731,34.63481],[127.647305,34.634808],[127.647303,34.634811],[127.647307,34.634813]]]}},{"type":"Feature","properties":{"id":"f4f58529e06f2ce4c96182c760667424f7d958f7","cls":"styrofoam","cid":3,"cat":2,"conf":0.781,"area":1.0,"mask":true,"color":"#FFFFFF"},"geometry":{"type":"Polygon","coordinates":[[[127.647312,34.634854],[127.647315,34.634854],[127.647315,34.63485],[127.647314,34.634849],[127.64731,34.634849],[127.647311,34.634854],[127.647312,34.634854]]]}},{"type":"Feature","properties":{"id":"d9b3f3b5b15ce827edaff99f86cdf3dea37e1ea2","cls":"styrofoam","cid":3,"cat":2,"conf":0.615,"area":1.0,"mask":true,"color":"#FFFFFF"},"geometry":{"type":"Polygon","coordinates":[[[127.647259,34.634827],[127.647263,34.634827],[127.647263,34.634826],[127.647261,34.634821],[127.647257,34.634823],[127.647259,34.634827]]]}},{"type":"Feature","properties":{"id":"5de02436749d01e66fa159b7d91af8c7390ba194","cls":"styrofoam","cid":3,"cat":2,"conf":0.585,"area":0.8,"mask":true,"color":"#FFFFFF"},"geometry":{"type":"Polygon","coordinates":[[[127.64732,34.634846],[127.64732,34.634842],[127.64732,34.634841],[127.647317,34.634841],[127.647316,34.634842],[127.647317,34.634845],[127.64732,34.634846]]]}},{"type":"Feature","properties":{"id":"bbba0cc596563e74e919658eb3e50709c82c42a5","cls":"styrofoam","cid":3,"cat":2,"conf":0.762,"area":0.7,"mask":true,"color":"#FFFFFF"},"geometry":{"type":"Polygon","coordinates":[[[127.647223,34.634625],[127.647225,34.634623],[127.647225,34.634622],[127.647216,34.634622],[127.647218,34.634624],[127.647223,34.634625]]]}},{"type":"Feature","properties":{"id":"54bbaa53ce7e2ebb74ac1a1efddf7377836ba240","cls":"styrofoam","cid":3,"cat":2,"conf":0.636,"area":1.1,"mask":true,"color":"#FFFFFF"},"geometry":{"type":"Polygon","coordinates":[[[127.647232,34.634668],[127.647235,34.634667],[127.647235,34.634664],[127.647234,34.634662],[127.647229,34.634663],[127.64723,34.634667],[127.647232,34.634668]]]}},{"type":"Feature","properties":{"id":"1f609fbfae4852f511e4fa56c150cd28fe2a0ba5","cls":"styrofoam","cid":3,"cat":2,"conf":0.498,"area":1.1,"mask":true,"color":"#FFFFFF"},"geometry":{"type":"Polygon","coordinates":[[[127.647225,34.634658],[127.647225,34.634656],[127.647222,34.63465],[127.647221,34.63465],[127.647221,34.634652],[127.64722,34.634653],[127.64722,34.634654],[127.647221,34.634657],[127.647225,34.634658]]]}},{"type":"Feature","properties":{"id":"51501671cd167b02d8a2b485b6a80c57b1c41a50","cls":"styrofoam","cid":3,"cat":2,"conf":0.432,"area":0.5,"mask":true,"color":"#FFFFFF"},"geometry":{"type":"Polygon","coordinates":[[[127.647255,34.63469],[127.647255,34.634684],[127.647252,34.634685],[127.647253,34.634687],[127.647255,34.63469]]]}},{"type":"Feature","properties":{"id":"787fec5557f9cf26357fba5441ea8a9143885467","cls":"styrofoam","cid":3,"cat":2,"conf":0.837,"area":1.2,"mask":true,"color":"#FFFFFF"},"geometry":{"type":"Polygon","coordinates":[[[127.647294,34.634747],[127.647297,34.634747],[127.647299,34.634746],[127.647297,34.634741],[127.647293,34.634742],[127.647292,34.634743],[127.647294,34.634747]]]}},{"type":"Feature","properties":{"id":"09a7ebd6ada166ab0266637d5f6b2745e4e805d9","cls":"styrofoam","cid":3,"cat":2,"conf":0.669,"area":1.1,"mask":true,"color":"#FFFFFF"},"geometry":{"type":"Polygon","coordinates":[[[127.647255,34.63469],[127.64726,34.634688],[127.647256,34.634684],[127.647254,34.634684],[127.647252,34.634685],[127.647253,34.634687],[127.647255,34.63469]]]}},{"type":"Feature","properties":{"id":"2e34cadbe9526820edb53b85190f93de7ca72c2d","cls":"styrofoam","cid":3,"cat":2,"conf":0.803,"area":1.1,"mask":true,"color":"#FFFFFF"},"geometry":{"type":"Polygon","coordinates":[[[127.647236,34.634546],[127.647238,34.634546],[127.64724,34.634542],[127.647239,34.634541],[127.647237,34.63454],[127.647235,34.634541],[127.647233,34.634544],[127.647234,34.634545],[127.647236,34.634546]]]}},{"type":"Feature","properties":{"id":"30e665d15a46715c79e6b5addda5c2ad02618ce2","cls":"styrofoam","cid":3,"cat":2,"conf":0.769,"area":1.1,"mask":true,"color":"#FFFFFF"},"geometry":{"type":"Polygon","coordinates":[[[127.647202,34.63457],[127.647206,34.634567],[127.647205,34.634565],[127.647203,34.634564],[127.647201,34.634565],[127.647199,34.634567],[127.6472,34.634569],[127.647202,34.63457]]]}},{"type":"Feature","properties":{"id":"b509aa9b906884480b446994696ec2091fb01c07","cls":"styrofoam","cid":3,"cat":2,"conf":0.746,"area":1.0,"mask":true,"color":"#FFFFFF"},"geometry":{"type":"Polygon","coordinates":[[[127.647242,34.634544],[127.647247,34.634543],[127.647248,34.634541],[127.647246,34.63454],[127.647244,34.63454],[127.647241,34.634541],[127.647241,34.634543],[127.647242,34.634544]]]}},{"type":"Feature","properties":{"id":"57968c947c74c1866c69704601153e68463be4f8","cls":"styrofoam","cid":3,"cat":2,"conf":0.746,"area":1.6,"mask":true,"color":"#FFFFFF"},"geometry":{"type":"Polygon","coordinates":[[[127.647216,34.634615],[127.647219,34.634613],[127.647219,34.634609],[127.647217,34.634608],[127.647212,34.634609],[127.647211,34.634612],[127.647213,34.634613],[127.647216,34.634615]]]}},{"type":"Feature","properties":{"id":"7f4e7daffa64ff157289b98c772bf46ac5425719","cls":"styrofoam","cid":3,"cat":2,"conf":0.736,"area":1.0,"mask":true,"color":"#FFFFFF"},"geometry":{"type":"Polygon","coordinates":[[[127.647222,34.634625],[127.647224,34.634624],[127.647224,34.634622],[127.647222,34.63462],[127.647218,34.63462],[127.647217,34.634623],[127.647222,34.634625]]]}},{"type":"Feature","properties":{"id":"ddfb4b017991c7636716cf63d89bf94f5b7c43fc","cls":"styrofoam","cid":3,"cat":2,"conf":0.726,"area":1.6,"mask":true,"color":"#FFFFFF"},"geometry":{"type":"Polygon","coordinates":[[[127.647208,34.634568],[127.647211,34.634567],[127.647213,34.634565],[127.647213,34.634564],[127.647212,34.634562],[127.647206,34.634562],[127.647205,34.634562],[127.647205,34.634565],[127.647206,34.634567],[127.647208,34.634568]]]}},{"type":"Feature","properties":{"id":"1036edece647ede175bd72867bd8ef6363582b60","cls":"styrofoam","cid":3,"cat":2,"conf":0.719,"area":1.3,"mask":true,"color":"#FFFFFF"},"geometry":{"type":"Polygon","coordinates":[[[127.647202,34.63453],[127.647205,34.634528],[127.647205,34.634526],[127.647203,34.634525],[127.6472,34.634526],[127.647197,34.634528],[127.647197,34.63453],[127.647202,34.63453]]]}},{"type":"Feature","properties":{"id":"8699302bb089b0eda5e08d4653a0e33fd5cbe7ae","cls":"styrofoam","cid":3,"cat":2,"conf":0.712,"area":0.9,"mask":true,"color":"#FFFFFF"},"geometry":{"type":"Polygon","coordinates":[[[127.647212,34.634593],[127.647218,34.634593],[127.647218,34.63459],[127.647216,34.634589],[127.647211,34.63459],[127.647211,34.634592],[127.647212,34.634593]]]}},{"type":"Feature","properties":{"id":"0ebf3c1ee6e95e1114a75470cfbea6d0cd906e61","cls":"styrofoam","cid":3,"cat":2,"conf":0.602,"area":1.1,"mask":true,"color":"#FFFFFF"},"geometry":{"type":"Polygon","coordinates":[[[127.647208,34.634601],[127.647212,34.6346],[127.647212,34.634596],[127.647208,34.634596],[127.647205,34.634597],[127.647206,34.6346],[127.647208,34.634601]]]}},{"type":"Feature","properties":{"id":"1c5c6ee86d382ee0578dbb6db20b4af53cac65a8","cls":"styrofoam","cid":3,"cat":2,"conf":0.566,"area":0.9,"mask":true,"color":"#FFFFFF"},"geometry":{"type":"Polygon","coordinates":[[[127.647211,34.634582],[127.647213,34.634582],[127.647216,34.63458],[127.647215,34.634578],[127.647212,34.634578],[127.64721,34.634579],[127.64721,34.634581],[127.647211,34.634582]]]}},{"type":"Feature","properties":{"id":"5f7b2386dcff71d4277537a972c44120e855de0e","cls":"styrofoam","cid":3,"cat":2,"conf":0.51,"area":0.8,"mask":true,"color":"#FFFFFF"},"geometry":{"type":"Polygon","coordinates":[[[127.647217,34.63459],[127.647219,34.634589],[127.647219,34.634585],[127.647217,34.634585],[127.647215,34.634586],[127.647214,34.634589],[127.647217,34.63459]]]}},{"type":"Feature","properties":{"id":"fbc03d1fd2979c4f54e171095fa7402020554c03","cls":"styrofoam","cid":3,"cat":2,"conf":0.691,"area":1.0,"mask":true,"color":"#FFFFFF"},"geometry":{"type":"Polygon","coordinates":[[[127.647242,34.634544],[127.647247,34.634543],[127.647248,34.634541],[127.647246,34.63454],[127.647244,34.63454],[127.647241,34.634541],[127.647241,34.634543],[127.647242,34.634544]]]}},{"type":"Feature","properties":{"id":"74d39ef8245d23e4244525df4c376b8e9384c7c4","cls":"styrofoam","cid":3,"cat":2,"conf":0.676,"area":0.7,"mask":true,"color":"#FFFFFF"},"geometry":{"type":"Polygon","coordinates":[[[127.64729,34.634451],[127.647292,34.63445],[127.647293,34.634449],[127.647293,34.634448],[127.647291,34.634447],[127.647289,34.634447],[127.647288,34.634448],[127.647288,34.63445],[127.64729,34.634451]]]}},{"type":"Feature","properties":{"id":"ca54cadc832ed061e029961d11b9c272fd09714f","cls":"styrofoam","cid":3,"cat":2,"conf":0.57,"area":1.1,"mask":true,"color":"#FFFFFF"},"geometry":{"type":"Polygon","coordinates":[[[127.647275,34.634436],[127.647278,34.634436],[127.647279,34.634435],[127.64728,34.634434],[127.647278,34.634432],[127.647273,34.634432],[127.647272,34.634435],[127.647275,34.634436]]]}},{"type":"Feature","properties":{"id":"bb2d01d12b9ec0c985ff45b106ace43ee1f86318","cls":"styrofoam","cid":3,"cat":2,"conf":0.49,"area":1.1,"mask":true,"color":"#FFFFFF"},"geometry":{"type":"Polygon","coordinates":[[[127.648353,34.63623],[127.648355,34.636229],[127.648357,34.636228],[127.648357,34.636226],[127.648355,34.636224],[127.648353,34.636224],[127.648352,34.636224],[127.648352,34.636229],[127.648353,34.63623]]]}},{"type":"Feature","properties":{"id":"ddf25d38a8ad6b35a6c09c9c1c8ffb01ff38b815","cls":"styrofoam","cid":3,"cat":2,"conf":0.703,"area":1.3,"mask":true,"color":"#FFFFFF"},"geometry":{"type":"Polygon","coordinates":[[[127.648353,34.63623],[127.648356,34.636229],[127.648357,34.636228],[127.648357,34.636225],[127.648355,34.636223],[127.648352,34.636224],[127.648351,34.636225],[127.648351,34.636228],[127.648353,34.63623]]]}},{"type":"Feature","properties":{"id":"02464e5aab55af752d93a32f9a9ba5bb1fd83637","cls":"styrofoam","cid":3,"cat":2,"conf":0.595,"area":1.3,"mask":true,"color":"#FFFFFF"},"geometry":{"type":"Polygon","coordinates":[[[127.648357,34.636251],[127.648359,34.636251],[127.64836,34.63625],[127.648359,34.636246],[127.648357,34.636244],[127.648353,34.636246],[127.648357,34.636251]]]}},{"type":"Feature","properties":{"id":"22c5e780092f2bfe007abdddef3dabf184947d99","cls":"styrofoam","cid":3,"cat":2,"conf":0.646,"area":0.3,"mask":true,"color":"#FFFFFF"},"geometry":{"type":"Polygon","coordinates":[[[127.648744,34.636213],[127.648746,34.636212],[127.648746,34.63621],[127.648743,34.636211],[127.648743,34.636212],[127.648744,34.636213]]]}},{"type":"Feature","properties":{"id":"a2d50cc18a8a7a547a9026608a853ffb190be501","cls":"styrofoam","cid":3,"cat":2,"conf":0.581,"area":0.9,"mask":true,"color":"#FFFFFF"},"geometry":{"type":"Polygon","coordinates":[[[127.648483,34.636138],[127.648485,34.636137],[127.648485,34.636136],[127.648484,34.636135],[127.648479,34.636135],[127.648478,34.636136],[127.648478,34.636137],[127.648478,34.636138],[127.648483,34.636138]]]}},{"type":"Feature","properties":{"id":"313eeaa74b1c9d776ad817fa45f9405a0ce8e960","cls":"styrofoam","cid":3,"cat":2,"conf":0.427,"area":0.9,"mask":true,"color":"#FFFFFF"},"geometry":{"type":"Polygon","coordinates":[[[127.648781,34.636066],[127.648785,34.636065],[127.648787,34.636063],[127.648777,34.636063],[127.648778,34.636065],[127.648781,34.636066]]]}},{"type":"Feature","properties":{"id":"338fbef7b28109c95bc225960567e05da16b4d71","cls":"plastic_box","cid":6,"cat":3,"conf":0.215,"area":1.0,"mask":true,"color":"#FF8C00"},"geometry":{"type":"Polygon","coordinates":[[[127.649261,34.636086],[127.649262,34.636085],[127.649263,34.636082],[127.649258,34.636081],[127.649256,34.636082],[127.649256,34.636084],[127.649261,34.636086]]]}},{"type":"Feature","properties":{"id":"b006e100805690d800f3066d5b6e6448981e0f30","cls":"styrofoam","cid":3,"cat":2,"conf":0.787,"area":0.7,"mask":true,"color":"#FFFFFF"},"geometry":{"type":"Polygon","coordinates":[[[127.649451,34.636035],[127.649453,34.636033],[127.649448,34.63603],[127.649447,34.636033],[127.649451,34.636035]]]}},{"type":"Feature","properties":{"id":"8d449a18dfffe0db3bc1790304494975cdcb50e6","cls":"styrofoam","cid":3,"cat":2,"conf":0.817,"area":1.1,"mask":true,"color":"#FFFFFF"},"geometry":{"type":"Polygon","coordinates":[[[127.649555,34.635958],[127.649557,34.635958],[127.649557,34.635955],[127.649554,34.635954],[127.649551,34.635954],[127.649551,34.635958],[127.649555,34.635958]]]}},{"type":"Feature","properties":{"id":"d443e2848185d64c4373e17cbcf682852c3e5530","cls":"styrofoam","cid":3,"cat":2,"conf":0.626,"area":1.2,"mask":true,"color":"#FFFFFF"},"geometry":{"type":"Polygon","coordinates":[[[127.649619,34.635955],[127.649621,34.635953],[127.649621,34.635951],[127.649618,34.63595],[127.649615,34.635951],[127.649614,34.635954],[127.649615,34.635955],[127.649619,34.635955]]]}},{"type":"Feature","properties":{"id":"cfa20a9b15a7d5288c5a349fd0c92e2467573bd8","cls":"plastic_box","cid":6,"cat":3,"conf":0.137,"area":0.2,"mask":true,"color":"#FF8C00"},"geometry":{"type":"Polygon","coordinates":[[[127.649615,34.635951],[127.649621,34.635951],[127.649616,34.63595],[127.649615,34.635951]]]}},{"type":"Feature","properties":{"id":"d5493e9f9ed4bbc581b3bdeb2adb03d07f03806f","cls":"styrofoam","cid":3,"cat":2,"conf":0.658,"area":0.9,"mask":true,"color":"#FFFFFF"},"geometry":{"type":"Polygon","coordinates":[[[127.646906,34.635202],[127.646907,34.6352],[127.646906,34.635199],[127.646899,34.635199],[127.646899,34.6352],[127.646901,34.635202],[127.646903,34.635201],[127.646906,34.635202]]]}},{"type":"Feature","properties":{"id":"dabd34caba99864bf89d9537e2dcca1a2768bb79","cls":"styrofoam","cid":3,"cat":2,"conf":0.773,"area":1.0,"mask":true,"color":"#FFFFFF"},"geometry":{"type":"Polygon","coordinates":[[[127.646878,34.634876],[127.646881,34.634876],[127.646882,34.634874],[127.646881,34.634872],[127.646879,34.63487],[127.646877,34.634871],[127.646876,34.634872],[127.646876,34.634874],[127.646878,34.634876]]]}},{"type":"Feature","properties":{"id":"f9d2b4ae79d2796178bb29197b145bfb426696ee","cls":"buoy_blue","cid":1,"cat":1,"conf":0.594,"area":1.2,"mask":true,"color":"#0066CC"},"geometry":{"type":"Polygon","coordinates":[[[127.646895,34.634878],[127.646898,34.634877],[127.646898,34.634875],[127.646896,34.634873],[127.646893,34.634873],[127.646892,34.634873],[127.646891,34.634876],[127.646895,34.634878]]]}},{"type":"Feature","properties":{"id":"5b138f60439c2de66fc99aee64a2080038f83ed0","cls":"buoy_blue","cid":1,"cat":1,"conf":0.738,"area":1.2,"mask":true,"color":"#0066CC"},"geometry":{"type":"Polygon","coordinates":[[[127.646873,34.634796],[127.646875,34.634793],[127.646875,34.634791],[127.646874,34.63479],[127.64687,34.634791],[127.646868,34.634793],[127.646869,34.634795],[127.646872,34.634794],[127.646873,34.634796]]]}},{"type":"Feature","properties":{"id":"645dae08f6c57197b1744105a36f422c26283bc4","cls":"styrofoam","cid":3,"cat":2,"conf":0.68,"area":0.9,"mask":true,"color":"#FFFFFF"},"geometry":{"type":"Polygon","coordinates":[[[127.646873,34.634763],[127.646875,34.634763],[127.646877,34.634761],[127.646876,34.634758],[127.646875,34.634757],[127.646872,34.634758],[127.646872,34.634762],[127.646873,34.634763]]]}},{"type":"Feature","properties":{"id":"93ac86a4b39d70c545ec410be0b31bce89f1be91","cls":"styrofoam","cid":3,"cat":2,"conf":0.61,"area":0.9,"mask":true,"color":"#FFFFFF"},"geometry":{"type":"Polygon","coordinates":[[[127.646894,34.634817],[127.646898,34.634817],[127.646897,34.634813],[127.646897,34.634812],[127.646893,34.634813],[127.646894,34.634817]]]}},{"type":"Feature","properties":{"id":"261fbd5382207c2acdf98474b27f548b4e951d02","cls":"styrofoam","cid":3,"cat":2,"conf":0.49,"area":0.9,"mask":true,"color":"#FFFFFF"},"geometry":{"type":"Polygon","coordinates":[[[127.646887,34.634787],[127.646889,34.634787],[127.64689,34.634785],[127.646888,34.634783],[127.646884,34.634783],[127.646883,34.634785],[127.646887,34.634787]]]}},{"type":"Feature","properties":{"id":"2b14fb92d82a62b2cffb31e2d5b5017b53b183e6","cls":"styrofoam","cid":3,"cat":2,"conf":0.461,"area":0.8,"mask":true,"color":"#FFFFFF"},"geometry":{"type":"Polygon","coordinates":[[[127.64688,34.634783],[127.646882,34.634783],[127.646883,34.634782],[127.646883,34.634779],[127.646882,34.634778],[127.64688,34.634778],[127.646879,34.63478],[127.646878,34.634783],[127.64688,34.634783]]]}},{"type":"Feature","properties":{"id":"24e794b7635dbaeb0da35b928720cd0ea7a39174","cls":"styrofoam","cid":3,"cat":2,"conf":0.5,"area":1.5,"mask":true,"color":"#FFFFFF"},"geometry":{"type":"Polygon","coordinates":[[[127.646828,34.634725],[127.646828,34.634716],[127.646826,34.634716],[127.646822,34.634717],[127.646823,34.634721],[127.646824,34.63472],[127.646825,34.634723],[127.646828,34.634725]]]}},{"type":"Feature","properties":{"id":"4ab1f9f1d342ca9b10060c9354e8be44626f41c4","cls":"styrofoam","cid":3,"cat":2,"conf":0.765,"area":0.8,"mask":true,"color":"#FFFFFF"},"geometry":{"type":"Polygon","coordinates":[[[127.646839,34.634665],[127.646843,34.634663],[127.646843,34.634661],[127.646842,34.63466],[127.646837,34.634662],[127.646838,34.634664],[127.646839,34.634665]]]}},{"type":"Feature","properties":{"id":"c3cdbefb684f9f8461d56985dbb4b497a74b4d02","cls":"styrofoam","cid":3,"cat":2,"conf":0.759,"area":1.2,"mask":true,"color":"#FFFFFF"},"geometry":{"type":"Polygon","coordinates":[[[127.646863,34.634689],[127.646871,34.634688],[127.646871,34.634685],[127.64687,34.634684],[127.646864,34.634685],[127.646862,34.634685],[127.646863,34.634689]]]}},{"type":"Feature","properties":{"id":"235ab28dce1dba814d20da50a6e4cac07a44c2b2","cls":"styrofoam","cid":3,"cat":2,"conf":0.747,"area":1.0,"mask":true,"color":"#FFFFFF"},"geometry":{"type":"Polygon","coordinates":[[[127.646845,34.6347],[127.64685,34.634699],[127.646849,34.634696],[127.646846,34.634695],[127.646843,34.634697],[127.646843,34.634699],[127.646845,34.6347]]]}},{"type":"Feature","properties":{"id":"1676a0f3b998159a7de03ee8e44b70ac2ccd8771","cls":"styrofoam","cid":3,"cat":2,"conf":0.636,"area":2.5,"mask":true,"color":"#FFFFFF"},"geometry":{"type":"Polygon","coordinates":[[[127.646841,34.634682],[127.646848,34.634682],[127.646847,34.63468],[127.646849,34.634678],[127.646848,34.634676],[127.646845,34.634674],[127.646838,34.634674],[127.646837,34.634675],[127.64684,34.634676],[127.646841,34.634682]]]}},{"type":"Feature","properties":{"id":"63fac0370c0544651fa889e69dfb4649edc5d7ed","cls":"buoy_blue","cid":1,"cat":1,"conf":0.567,"area":0.9,"mask":true,"color":"#0066CC"},"geometry":{"type":"Polygon","coordinates":[[[127.646833,34.63466],[127.646834,34.634659],[127.646834,34.634656],[127.646832,34.634655],[127.64683,34.634656],[127.646829,34.634657],[127.646829,34.634659],[127.646833,34.63466]]]}},{"type":"Feature","properties":{"id":"2161c57197cc5f5b748c55e988c4067d47d0ce63","cls":"styrofoam","cid":3,"cat":2,"conf":0.598,"area":1.0,"mask":true,"color":"#FFFFFF"},"geometry":{"type":"Polygon","coordinates":[[[127.646597,34.63441],[127.646601,34.63441],[127.646601,34.634406],[127.6466,34.634405],[127.646597,34.634406],[127.646596,34.634409],[127.646597,34.63441]]]}},{"type":"Feature","properties":{"id":"f2028117b35f26c7cf1bca48cf8e8ca1c6f5ed77","cls":"plastic_box","cid":6,"cat":3,"conf":0.817,"area":1.0,"mask":true,"color":"#FF8C00"},"geometry":{"type":"Polygon","coordinates":[[[127.646594,34.634167],[127.6466,34.634165],[127.646599,34.634162],[127.646597,34.634162],[127.646593,34.634163],[127.646594,34.634167]]]}},{"type":"Feature","properties":{"id":"04060f10530a4c3e8c1c6f461e64574589d07553","cls":"styrofoam","cid":3,"cat":2,"conf":0.801,"area":1.2,"mask":true,"color":"#FFFFFF"},"geometry":{"type":"Polygon","coordinates":[[[127.646581,34.634145],[127.646585,34.634141],[127.646582,34.634138],[127.646578,34.634142],[127.646578,34.634143],[127.646581,34.634145]]]}},{"type":"Feature","properties":{"id":"30449c03eb5b5c522929910e6de34e095474a9a1","cls":"plastic_box","cid":6,"cat":3,"conf":0.799,"area":0.9,"mask":true,"color":"#FF8C00"},"geometry":{"type":"Polygon","coordinates":[[[127.64658,34.634158],[127.646582,34.634157],[127.646583,34.634156],[127.64658,34.634154],[127.646577,34.634154],[127.646576,34.634156],[127.64658,34.634158]]]}},{"type":"Feature","properties":{"id":"003c7a188e65069070bf67866fe7b9795df4371f","cls":"plastic_box","cid":6,"cat":3,"conf":0.71,"area":1.0,"mask":true,"color":"#FF8C00"},"geometry":{"type":"Polygon","coordinates":[[[127.646567,34.634183],[127.646573,34.634181],[127.646572,34.634178],[127.646566,34.634179],[127.646566,34.634181],[127.646567,34.634183]]]}},{"type":"Feature","properties":{"id":"064dc6dfa660cf4b9f31318a6ed3d4f05608a5db","cls":"plastic_box","cid":6,"cat":3,"conf":0.644,"area":0.9,"mask":true,"color":"#FF8C00"},"geometry":{"type":"Polygon","coordinates":[[[127.646578,34.63415],[127.646581,34.634149],[127.646581,34.634147],[127.646576,34.634146],[127.646575,34.634147],[127.646575,34.634149],[127.646578,34.63415]]]}},{"type":"Feature","properties":{"id":"80dd7a9b29261499c0b1b42c29110940e93507bc","cls":"styrofoam","cid":3,"cat":2,"conf":0.425,"area":0.9,"mask":true,"color":"#FFFFFF"},"geometry":{"type":"Polygon","coordinates":[[[127.646593,34.63419],[127.646598,34.63419],[127.646598,34.634187],[127.646593,34.634186],[127.646592,34.63419],[127.646593,34.63419]]]}},{"type":"Feature","properties":{"id":"5ba60a9378fc4878f735a756e8726017f7d2ddb2","cls":"plastic_box","cid":6,"cat":3,"conf":0.146,"area":0.9,"mask":true,"color":"#FF8C00"},"geometry":{"type":"Polygon","coordinates":[[[127.646593,34.63419],[127.646598,34.63419],[127.646598,34.634187],[127.646593,34.634186],[127.646592,34.63419],[127.646593,34.63419]]]}},{"type":"Feature","properties":{"id":"7204e9f17343544662318f1d348e88bc79944a65","cls":"styrofoam","cid":3,"cat":2,"conf":0.807,"area":1.1,"mask":true,"color":"#FFFFFF"},"geometry":{"type":"Polygon","coordinates":[[[127.646581,34.634145],[127.646585,34.634141],[127.646585,34.63414],[127.646582,34.634138],[127.646578,34.634142],[127.646578,34.634143],[127.646581,34.634145]]]}},{"type":"Feature","properties":{"id":"a654485dd898dd22354b20f117d00ddc239a0c3c","cls":"plastic_box","cid":6,"cat":3,"conf":0.62,"area":0.7,"mask":true,"color":"#FF8C00"},"geometry":{"type":"Polygon","coordinates":[[[127.646575,34.634149],[127.646581,34.634149],[127.646581,34.634147],[127.646576,34.634146],[127.646575,34.634149]]]}},{"type":"Feature","properties":{"id":"b01791fcf7de6250d889505a11b70dcaadce0c85","cls":"styrofoam","cid":3,"cat":2,"conf":0.52,"area":0.9,"mask":true,"color":"#FFFFFF"},"geometry":{"type":"Polygon","coordinates":[[[127.64658,34.634051],[127.646582,34.634051],[127.646585,34.634048],[127.646585,34.634047],[127.646582,34.634046],[127.646581,34.634046],[127.646578,34.634048],[127.646579,34.63405],[127.64658,34.634051]]]}},{"type":"Feature","properties":{"id":"168a3a92fbea67cb117f53a629fedff97510cac6","cls":"plastic_box","cid":6,"cat":3,"conf":0.778,"area":0.9,"mask":true,"color":"#FF8C00"},"geometry":{"type":"Polygon","coordinates":[[[127.646599,34.634014],[127.646603,34.634012],[127.646601,34.634009],[127.646596,34.634012],[127.646596,34.634013],[127.646599,34.634014]]]}},{"type":"Feature","properties":{"id":"f13530960d90679629fd4a6eac8929b8abc6ea32","cls":"styrofoam","cid":3,"cat":2,"conf":0.596,"area":0.3,"mask":true,"color":"#FFFFFF"},"geometry":{"type":"Polygon","coordinates":[[[127.646529,34.63378],[127.646529,34.633776],[127.646527,34.633778],[127.646527,34.633779],[127.646529,34.63378]]]}},{"type":"Feature","properties":{"id":"eb10e7f4980ce7a8e8614e85ccc17c24b9b575b1","cls":"styrofoam","cid":3,"cat":2,"conf":0.84,"area":0.9,"mask":true,"color":"#FFFFFF"},"geometry":{"type":"Polygon","coordinates":[[[127.646529,34.63378],[127.646531,34.63378],[127.646532,34.633778],[127.646533,34.633776],[127.646531,34.633775],[127.646529,34.633775],[127.646527,34.633778],[127.646527,34.633779],[127.646529,34.63378]]]}},{"type":"Feature","properties":{"id":"b94235634690b6ecebe8adabec0f396209d205e8","cls":"plastic_box","cid":6,"cat":3,"conf":0.564,"area":0.8,"mask":true,"color":"#FF8C00"},"geometry":{"type":"Polygon","coordinates":[[[127.64656,34.633787],[127.646561,34.633787],[127.646562,34.633785],[127.646558,34.633782],[127.646556,34.633785],[127.64656,34.633787]]]}},{"type":"Feature","properties":{"id":"c58d916405a1a22ad3877f5f8819c79653c71bb8","cls":"plastic_box","cid":6,"cat":3,"conf":0.114,"area":0.7,"mask":true,"color":"#FF8C00"},"geometry":{"type":"Polygon","coordinates":[[[127.646558,34.63378],[127.64656,34.633779],[127.64656,34.633777],[127.646555,34.633776],[127.646554,34.633778],[127.646558,34.63378]]]}},{"type":"Feature","properties":{"id":"71bd9f7ab4cc3392d00b22127b79753e6f5507a4","cls":"styrofoam","cid":3,"cat":2,"conf":0.538,"area":0.3,"mask":true,"color":"#FFFFFF"},"geometry":{"type":"Polygon","coordinates":[[[127.646529,34.63378],[127.646529,34.633776],[127.646527,34.633778],[127.646527,34.633779],[127.646529,34.63378]]]}},{"type":"Feature","properties":{"id":"ebb4e3080be9b74d28aa8a77def2a4585d746c0d","cls":"styrofoam","cid":3,"cat":2,"conf":0.82,"area":0.9,"mask":true,"color":"#FFFFFF"},"geometry":{"type":"Polygon","coordinates":[[[127.646529,34.63378],[127.64653,34.63378],[127.646532,34.633779],[127.646533,34.633776],[127.646531,34.633775],[127.646529,34.633775],[127.646527,34.633778],[127.646527,34.633779],[127.646529,34.63378]]]}},{"type":"Feature","properties":{"id":"a55a535dfe6ac56968d789343c1c32ce3b88ce82","cls":"plastic_box","cid":6,"cat":3,"conf":0.79,"area":0.9,"mask":true,"color":"#FF8C00"},"geometry":{"type":"Polygon","coordinates":[[[127.646557,34.633732],[127.64656,34.633731],[127.646559,34.633729],[127.646557,34.633727],[127.646554,34.633729],[127.646554,34.63373],[127.646557,34.633732]]]}},{"type":"Feature","properties":{"id":"71ca30d9c16c790fed272c8f86dfd9e436c0bc38","cls":"plastic_box","cid":6,"cat":3,"conf":0.583,"area":0.8,"mask":true,"color":"#FF8C00"},"geometry":{"type":"Polygon","coordinates":[[[127.64656,34.633787],[127.646561,34.633787],[127.646562,34.633785],[127.646558,34.633782],[127.646556,34.633785],[127.64656,34.633787]]]}},{"type":"Feature","properties":{"id":"796fdd210a4a8166f854946e3968d8af92885f7b","cls":"plastic_box","cid":6,"cat":3,"conf":0.299,"area":1.1,"mask":true,"color":"#FF8C00"},"geometry":{"type":"Polygon","coordinates":[[[127.646538,34.633676],[127.646541,34.633676],[127.646542,34.633674],[127.646541,34.633671],[127.646537,34.633671],[127.646536,34.633672],[127.646537,34.633675],[127.646538,34.633676]]]}},{"type":"Feature","properties":{"id":"191534a3eeafa9f3d1d646c3bc758c3d302cb36c","cls":"buoy_blue","cid":1,"cat":1,"conf":0.806,"area":1.1,"mask":true,"color":"#0066CC"},"geometry":{"type":"Polygon","coordinates":[[[127.646486,34.633558],[127.646489,34.633558],[127.646491,34.633557],[127.646491,34.633555],[127.64649,34.633554],[127.646487,34.633553],[127.646484,34.633555],[127.646484,34.633557],[127.646486,34.633558]]]}},{"type":"Feature","properties":{"id":"557bb2ac2093e9da090f197280a1025ff5cfc7c6","cls":"buoy_blue","cid":1,"cat":1,"conf":0.792,"area":1.2,"mask":true,"color":"#0066CC"},"geometry":{"type":"Polygon","coordinates":[[[127.646501,34.633543],[127.646504,34.633541],[127.646505,34.633539],[127.646502,34.633537],[127.6465,34.633537],[127.646499,34.633538],[127.646498,34.63354],[127.646501,34.633543]]]}},{"type":"Feature","properties":{"id":"cbc186f0c927a9b9223f5c975486d7593dbecde3","cls":"plastic_box","cid":6,"cat":3,"conf":0.791,"area":1.0,"mask":true,"color":"#FF8C00"},"geometry":{"type":"Polygon","coordinates":[[[127.646497,34.633564],[127.6465,34.633563],[127.6465,34.633561],[127.646495,34.633559],[127.646494,34.63356],[127.646493,34.633562],[127.646497,34.633564]]]}},{"type":"Feature","properties":{"id":"31d181a0f25d16f27649aec32b23a7f92cd0ed5c","cls":"plastic_box","cid":6,"cat":3,"conf":0.782,"area":0.8,"mask":true,"color":"#FF8C00"},"geometry":{"type":"Polygon","coordinates":[[[127.646516,34.633569],[127.646518,34.633568],[127.646519,34.633567],[127.646516,34.633564],[127.646515,34.633564],[127.646513,34.633566],[127.646516,34.633569]]]}},{"type":"Feature","properties":{"id":"0b955979a6628e6fd32523bfd0c8451b5af41d8b","cls":"styrofoam","cid":3,"cat":2,"conf":0.754,"area":1.1,"mask":true,"color":"#FFFFFF"},"geometry":{"type":"Polygon","coordinates":[[[127.646483,34.63354],[127.646485,34.63354],[127.646486,34.633538],[127.646485,34.633534],[127.646485,34.633534],[127.646484,34.633535],[127.646481,34.633535],[127.64648,34.633537],[127.64648,34.633539],[127.646483,34.63354]]]}},{"type":"Feature","properties":{"id":"f84a3203ac9a3bb81383ceb296e6b395dda5516a","cls":"plastic_box","cid":6,"cat":3,"conf":0.123,"area":1.0,"mask":true,"color":"#FF8C00"},"geometry":{"type":"Polygon","coordinates":[[[127.646516,34.633607],[127.646518,34.633606],[127.646519,34.633604],[127.646518,34.633602],[127.646516,34.633601],[127.646513,34.633603],[127.646513,34.633604],[127.646516,34.633607]]]}},{"type":"Feature","properties":{"id":"8f1dc28764acf176de12182284a6a55323df85d4","cls":"plastic_box","cid":6,"cat":3,"conf":0.761,"area":0.9,"mask":true,"color":"#FF8C00"},"geometry":{"type":"Polygon","coordinates":[[[127.646532,34.63365],[127.646537,34.633649],[127.646536,34.633646],[127.646531,34.633647],[127.646532,34.63365]]]}},{"type":"Feature","properties":{"id":"b8cd2f01cc83df5a4c0906a61cf90f3b2ef2c032","cls":"plastic_box","cid":6,"cat":3,"conf":0.737,"area":0.8,"mask":true,"color":"#FF8C00"},"geometry":{"type":"Polygon","coordinates":[[[127.646516,34.633569],[127.646518,34.633568],[127.646519,34.633567],[127.646516,34.633564],[127.646513,34.633566],[127.646516,34.633569]]]}},{"type":"Feature","properties":{"id":"ad0a9cbe32b9094b5e74975793a47e8395342d13","cls":"styrofoam","cid":3,"cat":2,"conf":0.648,"area":0.8,"mask":true,"color":"#FFFFFF"},"geometry":{"type":"Polygon","coordinates":[[[127.64654,34.633636],[127.646543,34.633636],[127.646544,34.633634],[127.646541,34.633632],[127.646539,34.633632],[127.646538,34.633633],[127.646538,34.633634],[127.64654,34.633636]]]}},{"type":"Feature","properties":{"id":"561ebf41dd0aeb92f35467e1dbbcc39a77138a6f","cls":"buoy_blue","cid":1,"cat":1,"conf":0.59,"area":1.0,"mask":true,"color":"#0066CC"},"geometry":{"type":"Polygon","coordinates":[[[127.646522,34.633635],[127.646526,34.633634],[127.646527,34.633633],[127.646527,34.633631],[127.646524,34.633631],[127.646522,34.633632],[127.64652,34.633633],[127.64652,34.633634],[127.646522,34.633635]]]}},{"type":"Feature","properties":{"id":"dac933e018a677dfd8048bb690b2841991d0f05e","cls":"plastic_box","cid":6,"cat":3,"conf":0.464,"area":0.9,"mask":true,"color":"#FF8C00"},"geometry":{"type":"Polygon","coordinates":[[[127.646516,34.633607],[127.646518,34.633607],[127.646519,34.633605],[127.646517,34.633602],[127.646515,34.633602],[127.646513,34.633602],[127.646513,34.633603],[127.646516,34.633607]]]}},{"type":"Feature","properties":{"id":"ee8027cc62c2e877602df28bdef4ce855a062779","cls":"plastic_box","cid":6,"cat":3,"conf":0.113,"area":0.7,"mask":true,"color":"#FF8C00"},"geometry":{"type":"Polygon","coordinates":[[[127.646528,34.633631],[127.64653,34.633631],[127.64653,34.633628],[127.646528,34.633627],[127.646525,34.633628],[127.646525,34.63363],[127.646528,34.633631]]]}},{"type":"Feature","properties":{"id":"102c9a1fcffc34e9aef8379b0b19d41583c27a45","cls":"styrofoam","cid":3,"cat":2,"conf":0.835,"area":1.0,"mask":true,"color":"#FFFFFF"},"geometry":{"type":"Polygon","coordinates":[[[127.646483,34.633528],[127.646487,34.633527],[127.646484,34.633522],[127.64648,34.633524],[127.646483,34.633528]]]}},{"type":"Feature","properties":{"id":"d6f10c2de67a05952cc9f49cbd27dd654c672aca","cls":"buoy_blue","cid":1,"cat":1,"conf":0.812,"area":1.2,"mask":true,"color":"#0066CC"},"geometry":{"type":"Polygon","coordinates":[[[127.646501,34.633543],[127.646503,34.633542],[127.646505,34.63354],[127.646505,34.633539],[127.646502,34.633537],[127.646499,34.633537],[127.646498,34.633539],[127.646498,34.633541],[127.646501,34.633543]]]}},{"type":"Feature","properties":{"id":"f103112db82d98354d91174b390d8618bcec6957","cls":"styrofoam","cid":3,"cat":2,"conf":0.783,"area":1.0,"mask":true,"color":"#FFFFFF"},"geometry":{"type":"Polygon","coordinates":[[[127.646486,34.633464],[127.646489,34.633464],[127.64649,34.633463],[127.646489,34.63346],[127.646487,34.633459],[127.646484,34.63346],[127.646486,34.633464]]]}},{"type":"Feature","properties":{"id":"229e8d010730c17c3252d297c906213200b76ed2","cls":"styrofoam","cid":3,"cat":2,"conf":0.779,"area":1.0,"mask":true,"color":"#FFFFFF"},"geometry":{"type":"Polygon","coordinates":[[[127.646432,34.633443],[127.646435,34.633443],[127.646436,34.633442],[127.646434,34.633438],[127.646431,34.633438],[127.646431,34.633442],[127.646432,34.633443]]]}},{"type":"Feature","properties":{"id":"994b5a91ddba731098fde9ee75cad72c8d72a533","cls":"styrofoam","cid":3,"cat":2,"conf":0.767,"area":1.2,"mask":true,"color":"#FFFFFF"},"geometry":{"type":"Polygon","coordinates":[[[127.646453,34.633464],[127.646455,34.633464],[127.646456,34.633461],[127.646454,34.633458],[127.646452,34.633458],[127.646449,34.633461],[127.646453,34.633464]]]}},{"type":"Feature","properties":{"id":"600012b4d30e081925ebba416d853d1a20698b54","cls":"styrofoam","cid":3,"cat":2,"conf":0.738,"area":1.0,"mask":true,"color":"#FFFFFF"},"geometry":{"type":"Polygon","coordinates":[[[127.646484,34.63354],[127.646486,34.633539],[127.646486,34.633536],[127.646481,34.633535],[127.64648,34.633537],[127.64648,34.633539],[127.646484,34.63354]]]}},{"type":"Feature","properties":{"id":"699b040ce7ad8ba9727c267187e6eee61d46fb23","cls":"styrofoam","cid":3,"cat":2,"conf":0.736,"area":0.7,"mask":true,"color":"#FFFFFF"},"geometry":{"type":"Polygon","coordinates":[[[127.646472,34.6335],[127.646475,34.633497],[127.646473,34.633495],[127.646471,34.633495],[127.646469,34.633498],[127.646472,34.6335]]]}},{"type":"Feature","properties":{"id":"8de6a6ce6ade6a71cae7f778c60e44aea8a6f4cd","cls":"styrofoam","cid":3,"cat":2,"conf":0.724,"area":1.0,"mask":true,"color":"#FFFFFF"},"geometry":{"type":"Polygon","coordinates":[[[127.646474,34.633424],[127.646479,34.633422],[127.646479,34.633421],[127.646478,34.633419],[127.646472,34.633421],[127.646472,34.633422],[127.646474,34.633424]]]}},{"type":"Feature","properties":{"id":"abc2a96b82102e3de3c960c8e841aff7bf1890b4","cls":"buoy_blue","cid":1,"cat":1,"conf":0.724,"area":1.5,"mask":true,"color":"#0066CC"},"geometry":{"type":"Polygon","coordinates":[[[127.646489,34.633437],[127.646491,34.633437],[127.646494,34.633433],[127.646493,34.633431],[127.646492,34.63343],[127.64649,34.63343],[127.646486,34.633434],[127.646487,34.633436],[127.646489,34.633437]]]}},{"type":"Feature","properties":{"id":"62828a8facafd69b378d8edff4a69d52adae45d5","cls":"buoy_blue","cid":1,"cat":1,"conf":0.721,"area":1.0,"mask":true,"color":"#0066CC"},"geometry":{"type":"Polygon","coordinates":[[[127.646498,34.633511],[127.6465,34.633511],[127.646501,34.633508],[127.646498,34.633505],[127.646495,34.633508],[127.646498,34.633511]]]}},{"type":"Feature","properties":{"id":"be953a37c50cea6c2f7e4fde2b624f3888204e60","cls":"buoy_blue","cid":1,"cat":1,"conf":0.689,"area":1.4,"mask":true,"color":"#0066CC"},"geometry":{"type":"Polygon","coordinates":[[[127.646485,34.633449],[127.646488,34.633448],[127.64649,34.633445],[127.64649,34.633444],[127.646486,34.633443],[127.646483,34.633443],[127.646482,34.633444],[127.646482,34.633446],[127.646485,34.633449]]]}},{"type":"Feature","properties":{"id":"f306f1696cad0e9cee9b9592edabe08cdec98615","cls":"styrofoam","cid":3,"cat":2,"conf":0.665,"area":0.6,"mask":true,"color":"#FFFFFF"},"geometry":{"type":"Polygon","coordinates":[[[127.646493,34.633431],[127.646496,34.63343],[127.646496,34.633428],[127.646496,34.633427],[127.646494,34.633426],[127.646492,34.633427],[127.646491,34.633429],[127.646493,34.633431]]]}},{"type":"Feature","properties":{"id":"5722ca51b5a62b469482691b1ec34b74f03d3961","cls":"styrofoam","cid":3,"cat":2,"conf":0.657,"area":0.9,"mask":true,"color":"#FFFFFF"},"geometry":{"type":"Polygon","coordinates":[[[127.646481,34.63344],[127.646481,34.633439],[127.64648,34.633435],[127.646478,34.633435],[127.646476,34.633435],[127.646476,34.633437],[127.646477,34.633439],[127.646481,34.63344]]]}},{"type":"Feature","properties":{"id":"aa5b6132b9fbf422bf25e4403555609fa18eac2c","cls":"styrofoam","cid":3,"cat":2,"conf":0.613,"area":0.6,"mask":true,"color":"#FFFFFF"},"geometry":{"type":"Polygon","coordinates":[[[127.646494,34.633507],[127.646498,34.633505],[127.646497,34.633504],[127.646494,34.633503],[127.646492,34.633504],[127.646493,34.633506],[127.646494,34.633507]]]}},{"type":"Feature","properties":{"id":"9d5fbf285b586af614c3d13d42c6f54de5dae7b9","cls":"styrofoam","cid":3,"cat":2,"conf":0.553,"area":0.7,"mask":true,"color":"#FFFFFF"},"geometry":{"type":"Polygon","coordinates":[[[127.646495,34.633503],[127.646499,34.633501],[127.646497,34.633499],[127.646495,34.633499],[127.646492,34.633501],[127.646495,34.633503]]]}},{"type":"Feature","properties":{"id":"7bf76442568ac909091d2b397c1f85d52150f69e","cls":"styrofoam","cid":3,"cat":2,"conf":0.824,"area":0.9,"mask":true,"color":"#FFFFFF"},"geometry":{"type":"Polygon","coordinates":[[[127.646553,34.633473],[127.646555,34.633472],[127.646556,34.633471],[127.646554,34.633469],[127.646552,34.633468],[127.64655,34.633469],[127.646549,34.633471],[127.646553,34.633473]]]}},{"type":"Feature","properties":{"id":"dd3adc95cec509b2e97f0642e6b4bceaaf108da8","cls":"styrofoam","cid":3,"cat":2,"conf":0.798,"area":0.7,"mask":true,"color":"#FFFFFF"},"geometry":{"type":"Polygon","coordinates":[[[127.646626,34.633486],[127.646628,34.633486],[127.646629,34.633484],[127.646629,34.633483],[127.646628,34.633482],[127.646626,34.633482],[127.646624,34.633484],[127.646625,34.633486],[127.646626,34.633486]]]}},{"type":"Feature","properties":{"id":"a796881ba811d4921f8a24ca0caf8bbd0d713de4","cls":"styrofoam","cid":3,"cat":2,"conf":0.787,"area":0.9,"mask":true,"color":"#FFFFFF"},"geometry":{"type":"Polygon","coordinates":[[[127.646634,34.633483],[127.646636,34.633482],[127.646636,34.63348],[127.646631,34.633478],[127.64663,34.63348],[127.64663,34.633482],[127.646634,34.633483]]]}},{"type":"Feature","properties":{"id":"d3ea08bda51043c1f9baeaf4d0ef0e82e5bdfada","cls":"styrofoam","cid":3,"cat":2,"conf":0.784,"area":0.9,"mask":true,"color":"#FFFFFF"},"geometry":{"type":"Polygon","coordinates":[[[127.646599,34.63348],[127.646601,34.633478],[127.646601,34.633477],[127.646599,34.633474],[127.646598,34.633474],[127.646596,34.633475],[127.646596,34.633476],[127.646599,34.63348]]]}},{"type":"Feature","properties":{"id":"9d73f01b51f3a490423b6326cc1d1204a6c6f060","cls":"styrofoam","cid":3,"cat":2,"conf":0.687,"area":1.0,"mask":true,"color":"#FFFFFF"},"geometry":{"type":"Polygon","coordinates":[[[127.646552,34.633482],[127.646556,34.633481],[127.646556,34.633477],[127.646555,34.633476],[127.646553,34.633476],[127.646552,34.633477],[127.646551,34.633481],[127.646552,34.633482]]]}},{"type":"Feature","properties":{"id":"1bf4ac595de41d289cb890e0b39598bf87a335cf","cls":"buoy_blue","cid":1,"cat":1,"conf":0.635,"area":1.3,"mask":true,"color":"#0066CC"},"geometry":{"type":"Polygon","coordinates":[[[127.646623,34.633515],[127.646626,34.633514],[127.646627,34.633512],[127.646624,34.63351],[127.646621,34.633509],[127.646619,34.633511],[127.646619,34.633512],[127.64662,34.633514],[127.646623,34.633515]]]}},{"type":"Feature","properties":{"id":"85504b8a7ecfa0a5f0b18fe6bf725c3ddf39f4dd","cls":"styrofoam","cid":3,"cat":2,"conf":0.626,"area":0.8,"mask":true,"color":"#FFFFFF"},"geometry":{"type":"Polygon","coordinates":[[[127.646352,34.633378],[127.646354,34.633378],[127.646355,34.633377],[127.646356,34.633376],[127.646354,34.633374],[127.646352,34.633374],[127.64635,34.633375],[127.64635,34.633377],[127.646352,34.633378]]]}},{"type":"Feature","properties":{"id":"4841e4c09e69e8fb2f624006f97797c5bee82e9e","cls":"styrofoam","cid":3,"cat":2,"conf":0.815,"area":1.0,"mask":true,"color":"#FFFFFF"},"geometry":{"type":"Polygon","coordinates":[[[127.646489,34.633316],[127.64649,34.633315],[127.64649,34.633311],[127.646489,34.63331],[127.646485,34.633311],[127.646485,34.633315],[127.646489,34.633316]]]}},{"type":"Feature","properties":{"id":"cf0ed0280fcd839ac454a8ec4c56da496e3183e3","cls":"styrofoam","cid":3,"cat":2,"conf":0.778,"area":1.2,"mask":true,"color":"#FFFFFF"},"geometry":{"type":"Polygon","coordinates":[[[127.646449,34.633359],[127.646451,34.633358],[127.646452,34.633355],[127.64645,34.633353],[127.646446,34.633354],[127.646445,34.633356],[127.646445,34.633357],[127.646449,34.633359]]]}},{"type":"Feature","properties":{"id":"b2f83afc25d6b197db67ac1d889405eda6b9ab9d","cls":"styrofoam","cid":3,"cat":2,"conf":0.769,"area":0.9,"mask":true,"color":"#FFFFFF"},"geometry":{"type":"Polygon","coordinates":[[[127.646426,34.63332],[127.646428,34.633319],[127.64643,34.633318],[127.646429,34.633316],[127.646428,34.633315],[127.646423,34.633317],[127.646424,34.633319],[127.646426,34.63332]]]}},{"type":"Feature","properties":{"id":"d92573f3bc199b7c304e5a1143c9e22db2733141","cls":"styrofoam","cid":3,"cat":2,"conf":0.753,"area":1.0,"mask":true,"color":"#FFFFFF"},"geometry":{"type":"Polygon","coordinates":[[[127.646473,34.633424],[127.646478,34.633423],[127.646479,34.633422],[127.646479,34.63342],[127.646477,34.633419],[127.646473,34.63342],[127.646472,34.633422],[127.646473,34.633424]]]}},{"type":"Feature","properties":{"id":"9d2c65fe9a41b665e846c6366cc998e0147eaa93","cls":"buoy_blue","cid":1,"cat":1,"conf":0.732,"area":1.2,"mask":true,"color":"#0066CC"},"geometry":{"type":"Polygon","coordinates":[[[127.646463,34.633405],[127.646466,34.633405],[127.646467,34.633403],[127.646464,34.633399],[127.646462,34.6334],[127.64646,34.633401],[127.646461,34.633404],[127.646463,34.633405]]]}},{"type":"Feature","properties":{"id":"a84b5dc7556cc0af42ff0bd4be2ecd774e2f3e4e","cls":"styrofoam","cid":3,"cat":2,"conf":0.656,"area":1.3,"mask":true,"color":"#FFFFFF"},"geometry":{"type":"Polygon","coordinates":[[[127.646407,34.633325],[127.646409,34.633322],[127.646408,34.633321],[127.646406,34.63332],[127.646404,34.63332],[127.646402,34.633323],[127.646403,34.633325],[127.646407,34.633325]]]}},{"type":"Feature","properties":{"id":"543c1c1f856b838f4b2f2f4f189916415b853ea7","cls":"styrofoam","cid":3,"cat":2,"conf":0.61,"area":1.2,"mask":true,"color":"#FFFFFF"},"geometry":{"type":"Polygon","coordinates":[[[127.646463,34.633418],[127.646466,34.633417],[127.646467,34.633416],[127.646468,34.633414],[127.646467,34.633412],[127.646464,34.633412],[127.646461,34.633413],[127.646461,34.633416],[127.646463,34.633418]]]}},{"type":"Feature","properties":{"id":"95b09d33bf33005b7813a5044f3738dd5125fa91","cls":"styrofoam","cid":3,"cat":2,"conf":0.591,"area":0.9,"mask":true,"color":"#FFFFFF"},"geometry":{"type":"Polygon","coordinates":[[[127.646469,34.633402],[127.646472,34.633402],[127.646474,34.633401],[127.64647,34.633398],[127.646468,34.633398],[127.646467,34.6334],[127.646467,34.633401],[127.646469,34.633402]]]}},{"type":"Feature","properties":{"id":"3f6623282acc26158eaf7464e1153b2ce48519cf","cls":"styrofoam","cid":3,"cat":2,"conf":0.681,"area":1.0,"mask":true,"color":"#FFFFFF"},"geometry":{"type":"Polygon","coordinates":[[[127.646539,34.633406],[127.64654,34.633406],[127.646541,34.633405],[127.646542,34.633404],[127.646538,34.633401],[127.646536,34.633401],[127.646535,34.633402],[127.646535,34.633404],[127.646539,34.633406]]]}},{"type":"Feature","properties":{"id":"f0cf1bd918b4b4549037f2744944453bc9f97694","cls":"styrofoam","cid":3,"cat":2,"conf":0.559,"area":0.9,"mask":true,"color":"#FFFFFF"},"geometry":{"type":"Polygon","coordinates":[[[127.646532,34.633388],[127.646535,34.633387],[127.646536,34.633387],[127.646535,34.633383],[127.646534,34.633382],[127.64653,34.633383],[127.646532,34.633388]]]}},{"type":"Feature","properties":{"id":"41b9813409ea22181ff96978e9f3af3a97989d8e","cls":"styrofoam","cid":3,"cat":2,"conf":0.583,"area":1.5,"mask":true,"color":"#FFFFFF"},"geometry":{"type":"Polygon","coordinates":[[[127.646044,34.633152],[127.646046,34.633152],[127.646047,34.63315],[127.646042,34.633146],[127.646037,34.633149],[127.646037,34.63315],[127.646044,34.633152]]]}},{"type":"Feature","properties":{"id":"77c50d0343bd40437857adbbe3859c5231b4d499","cls":"styrofoam","cid":3,"cat":2,"conf":0.738,"area":1.4,"mask":true,"color":"#FFFFFF"},"geometry":{"type":"Polygon","coordinates":[[[127.646204,34.633081],[127.646206,34.633081],[127.646207,34.63308],[127.646208,34.633076],[127.646207,34.633075],[127.646203,34.633074],[127.646202,34.633075],[127.646201,34.63308],[127.646204,34.633081]]]}},{"type":"Feature","properties":{"id":"58fe67abab0694adcb6eb93de1d4ae623aa9db04","cls":"styrofoam","cid":3,"cat":2,"conf":0.534,"area":0.7,"mask":true,"color":"#FFFFFF"},"geometry":{"type":"Polygon","coordinates":[[[127.646183,34.633056],[127.646188,34.633055],[127.646188,34.633053],[127.646182,34.633053],[127.646183,34.633056]]]}},{"type":"Feature","properties":{"id":"8158b3ea271b3823384e7cd5ace8f7cb5a66505e","cls":"styrofoam","cid":3,"cat":2,"conf":0.805,"area":0.9,"mask":true,"color":"#FFFFFF"},"geometry":{"type":"Polygon","coordinates":[[[127.646285,34.633107],[127.646288,34.633105],[127.646288,34.633104],[127.646284,34.633101],[127.646282,34.633102],[127.646282,34.633104],[127.646285,34.633107]]]}},{"type":"Feature","properties":{"id":"b54b45df0c83a5573de3c542ed759331f02b7dfe","cls":"styrofoam","cid":3,"cat":2,"conf":0.805,"area":0.9,"mask":true,"color":"#FFFFFF"},"geometry":{"type":"Polygon","coordinates":[[[127.64624,34.633077],[127.646243,34.633077],[127.646244,34.633076],[127.646244,34.633074],[127.646242,34.633072],[127.646238,34.633073],[127.64624,34.633077]]]}},{"type":"Feature","properties":{"id":"a8ed3ebf926b9cc5440d7010e8e3b201cfee52d8","cls":"styrofoam","cid":3,"cat":2,"conf":0.743,"area":1.1,"mask":true,"color":"#FFFFFF"},"geometry":{"type":"Polygon","coordinates":[[[127.646336,34.633103],[127.646337,34.633102],[127.646338,34.633099],[127.646334,34.633098],[127.646331,34.633098],[127.64633,34.633101],[127.646336,34.633103]]]}},{"type":"Feature","properties":{"id":"79b7f08a0b48dae604e3356a824c36d990ef37bc","cls":"styrofoam","cid":3,"cat":2,"conf":0.602,"area":1.3,"mask":true,"color":"#FFFFFF"},"geometry":{"type":"Polygon","coordinates":[[[127.646295,34.633106],[127.6463,34.633105],[127.646301,34.633103],[127.6463,34.633101],[127.646298,34.633099],[127.646294,34.633101],[127.646295,34.633104],[127.646294,34.633105],[127.646295,34.633106]]]}},{"type":"Feature","properties":{"id":"f7652dced4894b100f28a0730b84f82c5961b9a1","cls":"styrofoam","cid":3,"cat":2,"conf":0.592,"area":1.2,"mask":true,"color":"#FFFFFF"},"geometry":{"type":"Polygon","coordinates":[[[127.646311,34.63311],[127.646313,34.633109],[127.646314,34.633106],[127.646314,34.633104],[127.646312,34.633104],[127.64631,34.633104],[127.646308,34.633107],[127.646308,34.633108],[127.646311,34.63311]]]}},{"type":"Feature","properties":{"id":"224b286500e768b619695d284c72f9fe8b15ee60","cls":"styrofoam","cid":3,"cat":2,"conf":0.833,"area":0.9,"mask":true,"color":"#FFFFFF"},"geometry":{"type":"Polygon","coordinates":[[[127.64613,34.633021],[127.646132,34.63302],[127.646132,34.633018],[127.646128,34.633016],[127.646127,34.633016],[127.646126,34.633019],[127.64613,34.633021]]]}},{"type":"Feature","properties":{"id":"4f6adea4d754bba3da9f887c87bbe4ed75474455","cls":"styrofoam","cid":3,"cat":2,"conf":0.818,"area":2.4,"mask":true,"color":"#FFFFFF"},"geometry":{"type":"Polygon","coordinates":[[[127.646122,34.633033],[127.646125,34.633032],[127.646127,34.63303],[127.646121,34.633025],[127.646118,34.633024],[127.646115,34.633026],[127.646115,34.633027],[127.646118,34.63303],[127.646122,34.633033]]]}},{"type":"Feature","properties":{"id":"873c738bd3e8a86b92784a001c5376d677b08dcc","cls":"buoy_blue","cid":1,"cat":1,"conf":0.81,"area":1.3,"mask":true,"color":"#0066CC"},"geometry":{"type":"Polygon","coordinates":[[[127.646162,34.633027],[127.646164,34.633027],[127.646166,34.633026],[127.646166,34.633023],[127.646164,34.633022],[127.646161,34.633021],[127.646159,34.633023],[127.646159,34.633024],[127.646162,34.633027]]]}},{"type":"Feature","properties":{"id":"db45f2469f2d0dd5f4433c76af5e3eb2d287cf3d","cls":"styrofoam","cid":3,"cat":2,"conf":0.788,"area":2.3,"mask":true,"color":"#FFFFFF"},"geometry":{"type":"Polygon","coordinates":[[[127.646186,34.633051],[127.646189,34.63305],[127.64619,34.633048],[127.646186,34.633047],[127.646185,34.633046],[127.646181,34.633044],[127.646177,34.633044],[127.646176,34.633046],[127.646176,34.633048],[127.646179,34.633049],[127.646181,34.633049],[127.646183,34.63305],[127.646186,34.633051]]]}},{"type":"Feature","properties":{"id":"4a628cad377b2dfea59c2e2b0676e745ea00c2f1","cls":"styrofoam","cid":3,"cat":2,"conf":0.753,"area":1.7,"mask":true,"color":"#FFFFFF"},"geometry":{"type":"Polygon","coordinates":[[[127.6462,34.63306],[127.646204,34.633058],[127.646202,34.633053],[127.6462,34.63305],[127.646197,34.633051],[127.646198,34.633057],[127.6462,34.63306]]]}},{"type":"Feature","properties":{"id":"a86f868c45b86cee41db07c4f1a11553d71c967d","cls":"styrofoam","cid":3,"cat":2,"conf":0.715,"area":0.9,"mask":true,"color":"#FFFFFF"},"geometry":{"type":"Polygon","coordinates":[[[127.646183,34.633056],[127.646188,34.633055],[127.646188,34.633053],[127.646188,34.633052],[127.646182,34.633053],[127.646182,34.633055],[127.646183,34.633056]]]}},{"type":"Feature","properties":{"id":"190982f00ed0a73d060955a83afc926f0fa3e745","cls":"styrofoam","cid":3,"cat":2,"conf":0.693,"area":0.9,"mask":true,"color":"#FFFFFF"},"geometry":{"type":"Polygon","coordinates":[[[127.646125,34.63301],[127.646127,34.633009],[127.646128,34.633007],[127.646123,34.633005],[127.646121,34.633007],[127.646121,34.633008],[127.646125,34.63301]]]}},{"type":"Feature","properties":{"id":"ba57e564dec7baa4ade97e9366d12deceb4b8973","cls":"styrofoam","cid":3,"cat":2,"conf":0.715,"area":1.0,"mask":true,"color":"#FFFFFF"},"geometry":{"type":"Polygon","coordinates":[[[127.646344,34.63297],[127.646345,34.63297],[127.646348,34.632968],[127.646348,34.632966],[127.646347,34.632965],[127.646345,34.632965],[127.646342,34.632967],[127.646342,34.632969],[127.646344,34.63297]]]}},{"type":"Feature","properties":{"id":"5a2ab1909c1d100c36323147ab9bbee455784548","cls":"styrofoam","cid":3,"cat":2,"conf":0.581,"area":1.0,"mask":true,"color":"#FFFFFF"},"geometry":{"type":"Polygon","coordinates":[[[127.645703,34.632825],[127.645706,34.632824],[127.645706,34.632821],[127.645705,34.632819],[127.645702,34.632819],[127.645701,34.63282],[127.645702,34.632824],[127.645703,34.632825]]]}},{"type":"Feature","properties":{"id":"b44a23606a573cebbeb82c7b231752c6dc31b6ea","cls":"styrofoam","cid":3,"cat":2,"conf":0.608,"area":0.8,"mask":true,"color":"#FFFFFF"},"geometry":{"type":"Polygon","coordinates":[[[127.645878,34.632868],[127.645879,34.632868],[127.64588,34.632865],[127.645875,34.632864],[127.645874,34.632865],[127.645874,34.632867],[127.645878,34.632868]]]}},{"type":"Feature","properties":{"id":"e6943162568fc0ef6ee2f2d870b0216faa1b7623","cls":"styrofoam","cid":3,"cat":2,"conf":0.633,"area":0.8,"mask":true,"color":"#FFFFFF"},"geometry":{"type":"Polygon","coordinates":[[[127.645962,34.63293],[127.645965,34.63293],[127.645963,34.632925],[127.64596,34.632926],[127.645961,34.632929],[127.645962,34.63293]]]}},{"type":"Feature","properties":{"id":"800b41cc0ae1838f2ad082b61fef5cba3357994a","cls":"plastic_box","cid":6,"cat":3,"conf":0.802,"area":1.3,"mask":true,"color":"#FF8C00"},"geometry":{"type":"Polygon","coordinates":[[[127.645564,34.632712],[127.645571,34.63271],[127.64557,34.632706],[127.645568,34.632706],[127.645563,34.632709],[127.645564,34.632712]]]}},{"type":"Feature","properties":{"id":"a600717c29805c81253e13191a577d29f29fabc2","cls":"styrofoam","cid":3,"cat":2,"conf":0.648,"area":0.9,"mask":true,"color":"#FFFFFF"},"geometry":{"type":"Polygon","coordinates":[[[127.645716,34.63281],[127.645718,34.632809],[127.645719,34.632807],[127.645714,34.632805],[127.645712,34.632807],[127.645716,34.63281]]]}},{"type":"Feature","properties":{"id":"420558917db9d499aefb108c978e7bb4e696d45f","cls":"styrofoam","cid":3,"cat":2,"conf":0.598,"area":0.9,"mask":true,"color":"#FFFFFF"},"geometry":{"type":"Polygon","coordinates":[[[127.645703,34.632825],[127.645705,34.632824],[127.645706,34.632823],[127.645705,34.632819],[127.645701,34.63282],[127.645702,34.632823],[127.645703,34.632825]]]}},{"type":"Feature","properties":{"id":"d2e7ba0e3c8b538015e4a5652cd926ee50191995","cls":"plastic_box","cid":6,"cat":3,"conf":0.299,"area":0.9,"mask":true,"color":"#FF8C00"},"geometry":{"type":"Polygon","coordinates":[[[127.645716,34.63281],[127.645718,34.632809],[127.645719,34.632807],[127.645714,34.632805],[127.645712,34.632807],[127.645716,34.63281]]]}},{"type":"Feature","properties":{"id":"f78c637c37a91dcffd9ef0ba0ca4da2e2222814c","cls":"plastic_box","cid":6,"cat":3,"conf":0.332,"area":0.4,"mask":true,"color":"#FF8C00"},"geometry":{"type":"Polygon","coordinates":[[[127.645564,34.632709],[127.645571,34.632708],[127.64557,34.632707],[127.645569,34.632706],[127.645564,34.632709]]]}},{"type":"Feature","properties":{"id":"3578db43ebc2c7a8a00f36c588c07723562ed42c","cls":"styrofoam","cid":3,"cat":2,"conf":0.8,"area":1.1,"mask":true,"color":"#FFFFFF"},"geometry":{"type":"Polygon","coordinates":[[[127.643018,34.632844],[127.64302,34.632843],[127.643021,34.632842],[127.643018,34.632838],[127.643016,34.632838],[127.643015,34.63284],[127.643015,34.632842],[127.643018,34.632844]]]}},{"type":"Feature","properties":{"id":"575e62965eef7edca443746b4e189b8e34814f1b","cls":"styrofoam","cid":3,"cat":2,"conf":0.768,"area":1.0,"mask":true,"color":"#FFFFFF"},"geometry":{"type":"Polygon","coordinates":[[[127.643028,34.63282],[127.643029,34.632817],[127.643025,34.632815],[127.643024,34.632815],[127.643022,34.632818],[127.643025,34.63282],[127.643028,34.63282]]]}},{"type":"Feature","properties":{"id":"fd3de8fc085f0caeee9597e23b2d12f822186edf","cls":"styrofoam","cid":3,"cat":2,"conf":0.755,"area":0.9,"mask":true,"color":"#FFFFFF"},"geometry":{"type":"Polygon","coordinates":[[[127.642995,34.632817],[127.642999,34.632816],[127.643,34.632814],[127.642999,34.632811],[127.642995,34.632812],[127.642995,34.632817]]]}},{"type":"Feature","properties":{"id":"2c77d43a76580090945c3cf149d4eaf2c72b66f4","cls":"styrofoam","cid":3,"cat":2,"conf":0.752,"area":2.0,"mask":true,"color":"#FFFFFF"},"geometry":{"type":"Polygon","coordinates":[[[127.643041,34.632899],[127.643045,34.632899],[127.643046,34.632896],[127.643045,34.632893],[127.643041,34.632892],[127.643041,34.63289],[127.64304,34.632892],[127.643038,34.632891],[127.643039,34.632892],[127.643038,34.632896],[127.643039,34.632898],[127.643041,34.632899]]]}},{"type":"Feature","properties":{"id":"b95fdc8efe148a5fc1e667bd3317ad4652226580","cls":"styrofoam","cid":3,"cat":2,"conf":0.747,"area":0.9,"mask":true,"color":"#FFFFFF"},"geometry":{"type":"Polygon","coordinates":[[[127.643029,34.632856],[127.64303,34.632855],[127.643032,34.632853],[127.643032,34.632851],[127.64303,34.63285],[127.643028,34.632851],[127.643026,34.632854],[127.643026,34.632855],[127.643029,34.632856]]]}},{"type":"Feature","properties":{"id":"505fbee263c065666ced9044a428b3b888c1955a","cls":"styrofoam","cid":3,"cat":2,"conf":0.742,"area":0.9,"mask":true,"color":"#FFFFFF"},"geometry":{"type":"Polygon","coordinates":[[[127.643015,34.632835],[127.643016,34.632835],[127.643019,34.632833],[127.643019,34.632831],[127.643017,34.63283],[127.643016,34.63283],[127.643013,34.632833],[127.643013,34.632834],[127.643015,34.632835]]]}},{"type":"Feature","properties":{"id":"ee61f0ae59d101ec82a9810a9e2721fb9af4ba40","cls":"styrofoam","cid":3,"cat":2,"conf":0.724,"area":1.0,"mask":true,"color":"#FFFFFF"},"geometry":{"type":"Polygon","coordinates":[[[127.643023,34.632853],[127.643025,34.632853],[127.643028,34.632851],[127.643028,34.632849],[127.643028,34.632849],[127.643024,34.632848],[127.643021,34.63285],[127.643021,34.632851],[127.643023,34.632853]]]}},{"type":"Feature","properties":{"id":"b136d9610d88e683160472a8570da09106f19f93","cls":"styrofoam","cid":3,"cat":2,"conf":0.724,"area":2.0,"mask":true,"color":"#FFFFFF"},"geometry":{"type":"Polygon","coordinates":[[[127.643048,34.632857],[127.643051,34.632857],[127.643052,34.632854],[127.643053,34.632853],[127.643051,34.632849],[127.643048,34.632849],[127.643045,34.632854],[127.643045,34.632856],[127.643048,34.632857]]]}},{"type":"Feature","properties":{"id":"fe221255d00626a621609da32f8fe83d137e21ea","cls":"styrofoam","cid":3,"cat":2,"conf":0.723,"area":0.9,"mask":true,"color":"#FFFFFF"},"geometry":{"type":"Polygon","coordinates":[[[127.643031,34.632861],[127.643033,34.632861],[127.643034,34.63286],[127.643034,34.632858],[127.643033,34.632856],[127.643031,34.632856],[127.64303,34.632857],[127.64303,34.632859],[127.643031,34.632861]]]}},{"type":"Feature","properties":{"id":"af75febd4ca8b95133f5830eeacae6336c458923","cls":"styrofoam","cid":3,"cat":2,"conf":0.715,"area":0.8,"mask":true,"color":"#FFFFFF"},"geometry":{"type":"Polygon","coordinates":[[[127.643025,34.632842],[127.643027,34.632841],[127.643029,34.632838],[127.643026,34.632836],[127.643025,34.632836],[127.643023,34.63284],[127.643025,34.632842]]]}},{"type":"Feature","properties":{"id":"0b3233f89ac2475cdb33f9acec94a6fa624cef85","cls":"styrofoam","cid":3,"cat":2,"conf":0.713,"area":0.6,"mask":true,"color":"#FFFFFF"},"geometry":{"type":"Polygon","coordinates":[[[127.643018,34.632837],[127.643021,34.632837],[127.64302,34.632833],[127.643018,34.632834],[127.643017,34.632835],[127.643017,34.632837],[127.643018,34.632837]]]}},{"type":"Feature","properties":{"id":"249033181e6c29b73aebf6e0a24d75ebc3354682","cls":"styrofoam","cid":3,"cat":2,"conf":0.689,"area":0.7,"mask":true,"color":"#FFFFFF"},"geometry":{"type":"Polygon","coordinates":[[[127.643052,34.632846],[127.643055,34.632843],[127.643055,34.632842],[127.643053,34.632841],[127.643051,34.632841],[127.643049,34.632843],[127.643049,34.632844],[127.643052,34.632846]]]}},{"type":"Feature","properties":{"id":"ea1a466b4686f89c8cb1b073e11eb8ad092d2e15","cls":"styrofoam","cid":3,"cat":2,"conf":0.683,"area":1.1,"mask":true,"color":"#FFFFFF"},"geometry":{"type":"Polygon","coordinates":[[[127.643029,34.632837],[127.643031,34.632836],[127.643033,34.632833],[127.643032,34.632832],[127.643027,34.632832],[127.643026,34.632835],[127.643029,34.632837]]]}},{"type":"Feature","properties":{"id":"fa28034b77b6a0ccce48ebd3d0996a8496f3e813","cls":"styrofoam","cid":3,"cat":2,"conf":0.674,"area":0.7,"mask":true,"color":"#FFFFFF"},"geometry":{"type":"Polygon","coordinates":[[[127.643029,34.632842],[127.643031,34.632842],[127.643034,34.63284],[127.643032,34.632838],[127.643028,34.632839],[127.643028,34.63284],[127.643029,34.632842]]]}},{"type":"Feature","properties":{"id":"6c158defa6992cc759990ba8df0d3757372a95aa","cls":"styrofoam","cid":3,"cat":2,"conf":0.656,"area":0.8,"mask":true,"color":"#FFFFFF"},"geometry":{"type":"Polygon","coordinates":[[[127.643034,34.63285],[127.643036,34.63285],[127.643037,34.632849],[127.643037,34.632846],[127.643035,34.632845],[127.643033,34.632845],[127.643032,34.632849],[127.643034,34.63285]]]}},{"type":"Feature","properties":{"id":"fd972b94e17a251497c5ee3dd6aed17c63f24beb","cls":"styrofoam","cid":3,"cat":2,"conf":0.634,"area":0.4,"mask":true,"color":"#FFFFFF"},"geometry":{"type":"Polygon","coordinates":[[[127.643021,34.632839],[127.643024,34.632839],[127.643024,34.632837],[127.64302,34.632837],[127.643021,34.632839]]]}},{"type":"Feature","properties":{"id":"35bd59d17467abad95ae957025aae3ec7439a315","cls":"styrofoam","cid":3,"cat":2,"conf":0.624,"area":1.4,"mask":true,"color":"#FFFFFF"},"geometry":{"type":"Polygon","coordinates":[[[127.643039,34.632848],[127.643041,34.632848],[127.643043,34.632847],[127.643042,34.632843],[127.643039,34.632841],[127.643036,34.632844],[127.643036,34.632845],[127.643039,34.632848]]]}},{"type":"Feature","properties":{"id":"624b0b083e0cf3399b505a6fdb558aa6b9909243","cls":"styrofoam","cid":3,"cat":2,"conf":0.556,"area":0.4,"mask":true,"color":"#FFFFFF"},"geometry":{"type":"Polygon","coordinates":[[[127.643007,34.632859],[127.643009,34.632859],[127.643009,34.632856],[127.643008,34.632855],[127.643006,34.632856],[127.643006,34.632857],[127.643007,34.632859]]]}},{"type":"Feature","properties":{"id":"84d00af1b8f777e6a9906a34d138c2a5f8dd216f","cls":"styrofoam","cid":3,"cat":2,"conf":0.544,"area":0.7,"mask":true,"color":"#FFFFFF"},"geometry":{"type":"Polygon","coordinates":[[[127.643023,34.632832],[127.643027,34.632831],[127.643027,34.63283],[127.643027,34.632829],[127.643025,34.632828],[127.643022,34.632828],[127.643021,34.63283],[127.643023,34.632832]]]}},{"type":"Feature","properties":{"id":"3265401b24337036ca28e56b3399c097a845c48a","cls":"styrofoam","cid":3,"cat":2,"conf":0.527,"area":0.9,"mask":true,"color":"#FFFFFF"},"geometry":{"type":"Polygon","coordinates":[[[127.643033,34.632845],[127.643039,34.632841],[127.643034,34.63284],[127.643034,34.63284],[127.643031,34.632842],[127.643031,34.632844],[127.643033,34.632845]]]}},{"type":"Feature","properties":{"id":"db8e56817e357daaed36fd53a4cf28c79198829b","cls":"styrofoam","cid":3,"cat":2,"conf":0.511,"area":2.1,"mask":true,"color":"#FFFFFF"},"geometry":{"type":"Polygon","coordinates":[[[127.643032,34.632848],[127.643032,34.632845],[127.64303,34.632844],[127.64303,34.632842],[127.643028,34.632842],[127.643022,34.632843],[127.643022,34.632848],[127.643032,34.632848]]]}},{"type":"Feature","properties":{"id":"013e066c4569f1b80aa6da666c67b9c2870b899d","cls":"styrofoam","cid":3,"cat":2,"conf":0.499,"area":1.0,"mask":true,"color":"#FFFFFF"},"geometry":{"type":"Polygon","coordinates":[[[127.643044,34.632807],[127.643046,34.632807],[127.643046,34.632804],[127.643041,34.632803],[127.64304,34.632806],[127.643044,34.632807]]]}},{"type":"Feature","properties":{"id":"18fc804d89476c10da6349f55839e863ee7c3f30","cls":"styrofoam","cid":3,"cat":2,"conf":0.486,"area":1.0,"mask":true,"color":"#FFFFFF"},"geometry":{"type":"Polygon","coordinates":[[[127.643011,34.63286],[127.643013,34.632859],[127.643014,34.632858],[127.643015,34.632855],[127.643014,34.632854],[127.643012,34.632854],[127.643009,34.632856],[127.64301,34.632858],[127.643011,34.63286]]]}},{"type":"Feature","properties":{"id":"79c7b731f8df5e0c2781dc3942c74bb6783e4843","cls":"styrofoam","cid":3,"cat":2,"conf":0.452,"area":1.1,"mask":true,"color":"#FFFFFF"},"geometry":{"type":"Polygon","coordinates":[[[127.643023,34.632837],[127.643026,34.632836],[127.643026,34.632832],[127.643023,34.632832],[127.64302,34.63283],[127.64302,34.632833],[127.643021,34.632835],[127.643023,34.632837]]]}},{"type":"Feature","properties":{"id":"8832f8353c7234e80fbe1f9862ebec2504925cc8","cls":"plastic_box","cid":6,"cat":3,"conf":0.288,"area":0.7,"mask":true,"color":"#FF8C00"},"geometry":{"type":"Polygon","coordinates":[[[127.642979,34.63284],[127.642984,34.632838],[127.642983,34.632836],[127.642978,34.632838],[127.642979,34.63284]]]}},{"type":"Feature","properties":{"id":"fb287d47b6ef01aa8d37ede7503c77abc960c6fb","cls":"styrofoam","cid":3,"cat":2,"conf":0.468,"area":0.9,"mask":true,"color":"#FFFFFF"},"geometry":{"type":"Polygon","coordinates":[[[127.643113,34.632753],[127.643116,34.632749],[127.643114,34.632747],[127.64311,34.632751],[127.64311,34.632752],[127.643113,34.632753]]]}},{"type":"Feature","properties":{"id":"eccfc6cdcb4ee83a7671d38cedab22a63775f6d1","cls":"styrofoam","cid":3,"cat":2,"conf":0.418,"area":0.9,"mask":true,"color":"#FFFFFF"},"geometry":{"type":"Polygon","coordinates":[[[127.643112,34.632753],[127.643113,34.632753],[127.643116,34.632749],[127.643114,34.632747],[127.64311,34.632751],[127.64311,34.632752],[127.643112,34.632753]]]}},{"type":"Feature","properties":{"id":"2ac6b68e05dadd8e3604d7c4d521ab674d4a7806","cls":"styrofoam","cid":3,"cat":2,"conf":0.782,"area":1.0,"mask":true,"color":"#FFFFFF"},"geometry":{"type":"Polygon","coordinates":[[[127.643152,34.632646],[127.643153,34.632645],[127.643154,34.632641],[127.643153,34.63264],[127.64315,34.63264],[127.643149,34.632645],[127.643152,34.632646]]]}},{"type":"Feature","properties":{"id":"4e1e6db4f2d51c9377f4fb5a4adf2099733e7c0f","cls":"styrofoam","cid":3,"cat":2,"conf":0.669,"area":0.8,"mask":true,"color":"#FFFFFF"},"geometry":{"type":"Polygon","coordinates":[[[127.643214,34.632561],[127.643217,34.632561],[127.643218,34.632556],[127.643214,34.632556],[127.643213,34.63256],[127.643214,34.632561]]]}},{"type":"Feature","properties":{"id":"a0a0071745b06f9dd622bf18acf165d9bce0c45c","cls":"styrofoam","cid":3,"cat":2,"conf":0.788,"area":1.2,"mask":true,"color":"#FFFFFF"},"geometry":{"type":"Polygon","coordinates":[[[127.643258,34.632489],[127.643259,34.632489],[127.643262,34.632486],[127.643262,34.632485],[127.64326,34.632483],[127.643259,34.632484],[127.643254,34.632487],[127.643258,34.632489]]]}},{"type":"Feature","properties":{"id":"a708d7c8a61f554c9eedf40181ea7edc3e6cabf8","cls":"styrofoam","cid":3,"cat":2,"conf":0.756,"area":0.7,"mask":true,"color":"#FFFFFF"},"geometry":{"type":"Polygon","coordinates":[[[127.643245,34.632518],[127.643247,34.632517],[127.643248,34.632516],[127.643245,34.632514],[127.643243,34.632513],[127.643242,34.632516],[127.643245,34.632518]]]}},{"type":"Feature","properties":{"id":"109c56c889f7e5a2cc4887f06d36817c03d81a5d","cls":"styrofoam","cid":3,"cat":2,"conf":0.743,"area":3.0,"mask":true,"color":"#FFFFFF"},"geometry":{"type":"Polygon","coordinates":[[[127.643242,34.632487],[127.643247,34.632483],[127.643249,34.632479],[127.643243,34.632477],[127.64324,34.632477],[127.643237,34.632483],[127.643238,34.632484],[127.643242,34.632487]]]}},{"type":"Feature","properties":{"id":"440dbab46caa71990b9acc33994638000a3c92ac","cls":"styrofoam","cid":3,"cat":2,"conf":0.729,"area":0.8,"mask":true,"color":"#FFFFFF"},"geometry":{"type":"Polygon","coordinates":[[[127.64324,34.632515],[127.643242,34.632514],[127.643243,34.632512],[127.643242,34.632511],[127.643239,34.63251],[127.643238,34.632512],[127.643237,34.632513],[127.643238,34.632514],[127.64324,34.632515]]]}},{"type":"Feature","properties":{"id":"afc7f460901cdf868bd0bf81e253d784a8e4677b","cls":"styrofoam","cid":3,"cat":2,"conf":0.726,"area":1.0,"mask":true,"color":"#FFFFFF"},"geometry":{"type":"Polygon","coordinates":[[[127.643249,34.632516],[127.643252,34.632515],[127.643253,34.632513],[127.643252,34.632511],[127.643251,34.632511],[127.643249,34.632511],[127.643246,34.632514],[127.643247,34.632515],[127.643249,34.632516]]]}},{"type":"Feature","properties":{"id":"844336ba7ab79f9a6144d5981e5db7fa8c4f6283","cls":"styrofoam","cid":3,"cat":2,"conf":0.695,"area":1.1,"mask":true,"color":"#FFFFFF"},"geometry":{"type":"Polygon","coordinates":[[[127.64324,34.632507],[127.643244,34.632504],[127.643242,34.632501],[127.643237,34.632505],[127.643237,34.632505],[127.64324,34.632507]]]}},{"type":"Feature","properties":{"id":"16b80eb53c5f9195fe68c03d659c638458aaf749","cls":"styrofoam","cid":3,"cat":2,"conf":0.79,"area":1.3,"mask":true,"color":"#FFFFFF"},"geometry":{"type":"Polygon","coordinates":[[[127.643258,34.632489],[127.643259,34.632489],[127.643262,34.632486],[127.643262,34.632484],[127.643261,34.632483],[127.643258,34.632484],[127.643253,34.632487],[127.643258,34.632489]]]}},{"type":"Feature","properties":{"id":"4eeab444e6cca54e350b1d96365fb28bcff140fc","cls":"styrofoam","cid":3,"cat":2,"conf":0.725,"area":0.9,"mask":true,"color":"#FFFFFF"},"geometry":{"type":"Polygon","coordinates":[[[127.643315,34.632467],[127.643317,34.632467],[127.64332,34.632465],[127.643317,34.632463],[127.643315,34.632463],[127.643313,34.632465],[127.643315,34.632467]]]}},{"type":"Feature","properties":{"id":"d41e2bba044bcf69ee32f7b97a4113b69f7d957d","cls":"styrofoam","cid":3,"cat":2,"conf":0.65,"area":0.8,"mask":true,"color":"#FFFFFF"},"geometry":{"type":"Polygon","coordinates":[[[127.643321,34.632468],[127.643324,34.632467],[127.643325,34.632465],[127.643324,34.632464],[127.64332,34.632464],[127.643318,34.632467],[127.643321,34.632468]]]}},{"type":"Feature","properties":{"id":"4af4afc9e402f3260c05751539693665a64b9199","cls":"styrofoam","cid":3,"cat":2,"conf":0.575,"area":1.0,"mask":true,"color":"#FFFFFF"},"geometry":{"type":"Polygon","coordinates":[[[127.643299,34.63245],[127.643301,34.63245],[127.643303,34.632446],[127.643303,34.632446],[127.643299,34.632445],[127.643298,34.632446],[127.643296,34.632448],[127.643299,34.63245]]]}},{"type":"Feature","properties":{"id":"6793c31c890712bab9dff5c0c98b8523c118f350","cls":"styrofoam","cid":3,"cat":2,"conf":0.704,"area":0.7,"mask":true,"color":"#FFFFFF"},"geometry":{"type":"Polygon","coordinates":[[[127.643377,34.632427],[127.643378,34.632427],[127.64338,34.632426],[127.64338,34.632424],[127.643379,34.632422],[127.643374,34.632424],[127.643374,34.632425],[127.643377,34.632427]]]}},{"type":"Feature","properties":{"id":"bfb0569d5993f414df183c94e14c66db0df1d09d","cls":"styrofoam","cid":3,"cat":2,"conf":0.749,"area":1.0,"mask":true,"color":"#FFFFFF"},"geometry":{"type":"Polygon","coordinates":[[[127.643819,34.63215],[127.643825,34.63215],[127.643825,34.632147],[127.643819,34.632147],[127.643819,34.63215],[127.643819,34.63215]]]}},{"type":"Feature","properties":{"id":"0eb98f8b0682283cdf0a899da85f457d2582d644","cls":"styrofoam","cid":3,"cat":2,"conf":0.738,"area":0.9,"mask":true,"color":"#FFFFFF"},"geometry":{"type":"Polygon","coordinates":[[[127.643826,34.632154],[127.64383,34.632154],[127.643831,34.632151],[127.643829,34.63215],[127.643825,34.63215],[127.643824,34.632151],[127.643824,34.632153],[127.643826,34.632154]]]}},{"type":"Feature","properties":{"id":"89fb88a41ad2c93f14ec2ef37682f60ca22ffb13","cls":"styrofoam","cid":3,"cat":2,"conf":0.693,"area":1.2,"mask":true,"color":"#FFFFFF"},"geometry":{"type":"Polygon","coordinates":[[[127.643838,34.632144],[127.643841,34.632142],[127.643842,34.63214],[127.643841,34.632139],[127.643837,34.632139],[127.643835,34.632141],[127.643834,34.632143],[127.643838,34.632144]]]}},{"type":"Feature","properties":{"id":"84e9d5879a107c81fd0067e23b6c208f2a0e0a9a","cls":"styrofoam","cid":3,"cat":2,"conf":0.791,"area":0.9,"mask":true,"color":"#FFFFFF"},"geometry":{"type":"Polygon","coordinates":[[[127.64385,34.632098],[127.643852,34.632098],[127.643854,34.632097],[127.643852,34.632093],[127.64385,34.632093],[127.643848,34.632094],[127.64385,34.632098]]]}},{"type":"Feature","properties":{"id":"c6dd7517c4202ee06bfd6abe09e038fc81c7e36f","cls":"styrofoam","cid":3,"cat":2,"conf":0.781,"area":0.9,"mask":true,"color":"#FFFFFF"},"geometry":{"type":"Polygon","coordinates":[[[127.643965,34.632121],[127.643968,34.63212],[127.643967,34.632117],[127.643962,34.632117],[127.643962,34.63212],[127.643965,34.632121]]]}},{"type":"Feature","properties":{"id":"d2eb0a19074dcfeb2c5a7f2def730c7a48f3548e","cls":"styrofoam","cid":3,"cat":2,"conf":0.775,"area":1.9,"mask":true,"color":"#FFFFFF"},"geometry":{"type":"Polygon","coordinates":[[[127.643855,34.632111],[127.643859,34.63211],[127.64386,34.632109],[127.64386,34.632106],[127.643859,34.632105],[127.643859,34.632103],[127.643858,34.632102],[127.643856,34.632102],[127.643854,34.632104],[127.643853,34.63211],[127.643855,34.632111]]]}},{"type":"Feature","properties":{"id":"c413322d371c0e1a9a1529cb5c4bf70b40eea07b","cls":"styrofoam","cid":3,"cat":2,"conf":0.765,"area":0.9,"mask":true,"color":"#FFFFFF"},"geometry":{"type":"Polygon","coordinates":[[[127.643886,34.632143],[127.643892,34.632142],[127.643892,34.632141],[127.643892,34.63214],[127.643891,34.632139],[127.643886,34.632139],[127.643886,34.632143],[127.643886,34.632143]]]}},{"type":"Feature","properties":{"id":"e81bec7186c4a819c1ec9598af92ddc533555956","cls":"styrofoam","cid":3,"cat":2,"conf":0.741,"area":0.9,"mask":true,"color":"#FFFFFF"},"geometry":{"type":"Polygon","coordinates":[[[127.643855,34.632121],[127.64386,34.63212],[127.64386,34.632119],[127.643859,34.632117],[127.643854,34.632118],[127.643854,34.63212],[127.643855,34.632121]]]}},{"type":"Feature","properties":{"id":"e28f26396d3a51061e6f146d0a69a8e709f1b292","cls":"styrofoam","cid":3,"cat":2,"conf":0.736,"area":0.9,"mask":true,"color":"#FFFFFF"},"geometry":{"type":"Polygon","coordinates":[[[127.643925,34.632114],[127.643928,34.632114],[127.643929,34.632113],[127.643929,34.63211],[127.643928,34.632109],[127.643924,34.63211],[127.643925,34.632114]]]}},{"type":"Feature","properties":{"id":"dae68f4c5b7b277011df1873f04b8973f8e074d3","cls":"styrofoam","cid":3,"cat":2,"conf":0.724,"area":1.2,"mask":true,"color":"#FFFFFF"},"geometry":{"type":"Polygon","coordinates":[[[127.643838,34.632144],[127.643841,34.632142],[127.643842,34.632139],[127.643837,34.632139],[127.643834,34.632141],[127.643834,34.632143],[127.643838,34.632144]]]}},{"type":"Feature","properties":{"id":"ba4c0650eae4002f18e982e59064b461e95865e9","cls":"styrofoam","cid":3,"cat":2,"conf":0.723,"area":1.0,"mask":true,"color":"#FFFFFF"},"geometry":{"type":"Polygon","coordinates":[[[127.643894,34.632126],[127.643898,34.632124],[127.643899,34.632121],[127.643898,34.632121],[127.643896,34.632121],[127.643892,34.632123],[127.643893,34.632126],[127.643894,34.632126]]]}},{"type":"Feature","properties":{"id":"3d10fbbbc0710299dae0c04e65402bee21085d0b","cls":"styrofoam","cid":3,"cat":2,"conf":0.711,"area":0.7,"mask":true,"color":"#FFFFFF"},"geometry":{"type":"Polygon","coordinates":[[[127.643852,34.632102],[127.643857,34.632102],[127.643857,34.632099],[127.643852,34.632099],[127.643852,34.632101],[127.643852,34.632102]]]}},{"type":"Feature","properties":{"id":"c8d0a199a5e895c9ae1b2eb5bdd6a8667387ad05","cls":"styrofoam","cid":3,"cat":2,"conf":0.657,"area":0.8,"mask":true,"color":"#FFFFFF"},"geometry":{"type":"Polygon","coordinates":[[[127.643896,34.632109],[127.643898,34.632108],[127.6439,34.632107],[127.6439,34.632105],[127.643899,34.632104],[127.643898,34.632104],[127.643895,34.632106],[127.643895,34.632108],[127.643896,34.632109]]]}},{"type":"Feature","properties":{"id":"b4ea6666da0484e6ecc98b541521dc6cbef57847","cls":"styrofoam","cid":3,"cat":2,"conf":0.654,"area":1.0,"mask":true,"color":"#FFFFFF"},"geometry":{"type":"Polygon","coordinates":[[[127.643862,34.632114],[127.643865,34.632113],[127.643865,34.63211],[127.643864,34.632108],[127.643861,34.632109],[127.643861,34.632109],[127.64386,34.632112],[127.643862,34.632114]]]}},{"type":"Feature","properties":{"id":"c3ad03701d73c835458c05af981eb50ad7d2a4a4","cls":"styrofoam","cid":3,"cat":2,"conf":0.593,"area":1.0,"mask":true,"color":"#FFFFFF"},"geometry":{"type":"Polygon","coordinates":[[[127.643867,34.63212],[127.643868,34.632119],[127.643868,34.632116],[127.643868,34.632115],[127.643865,34.632115],[127.643863,34.632118],[127.643863,34.63212],[127.643867,34.63212]]]}},{"type":"Feature","properties":{"id":"b5366fab71bb8581406389cb78da9bba353c5b7e","cls":"styrofoam","cid":3,"cat":2,"conf":0.76,"area":0.8,"mask":true,"color":"#FFFFFF"},"geometry":{"type":"Polygon","coordinates":[[[127.64385,34.632098],[127.643853,34.632098],[127.643854,34.632097],[127.643852,34.632093],[127.64385,34.632093],[127.643848,34.632094],[127.64385,34.632098]]]}},{"type":"Feature","properties":{"id":"5df48df407c72ee898dacaa12d668bf833dfa8f7","cls":"styrofoam","cid":3,"cat":2,"conf":0.717,"area":0.7,"mask":true,"color":"#FFFFFF"},"geometry":{"type":"Polygon","coordinates":[[[127.643852,34.632102],[127.643857,34.632102],[127.643857,34.632099],[127.643852,34.632099],[127.643852,34.632101],[127.643852,34.632102]]]}},{"type":"Feature","properties":{"id":"e9ff34d724fe5b67e54299e1a6b81c7e5eb6b864","cls":"styrofoam","cid":3,"cat":2,"conf":0.577,"area":0.4,"mask":true,"color":"#FFFFFF"},"geometry":{"type":"Polygon","coordinates":[[[127.643854,34.632105],[127.643859,34.632105],[127.643859,34.632103],[127.643857,34.632102],[127.643856,34.632102],[127.643855,34.632103],[127.643854,34.632105]]]}},{"type":"Feature","properties":{"id":"19d1405d6ed83b00a20956c4ef9f20610fe077ba","cls":"styrofoam","cid":3,"cat":2,"conf":0.788,"area":1.0,"mask":true,"color":"#FFFFFF"},"geometry":{"type":"Polygon","coordinates":[[[127.644028,34.632076],[127.64403,34.632075],[127.644032,34.632073],[127.644028,34.63207],[127.644026,34.63207],[127.644025,34.632072],[127.644028,34.632076]]]}},{"type":"Feature","properties":{"id":"7622d0805772baf85249494832eca330cc9a274c","cls":"styrofoam","cid":3,"cat":2,"conf":0.78,"area":1.1,"mask":true,"color":"#FFFFFF"},"geometry":{"type":"Polygon","coordinates":[[[127.644096,34.632072],[127.644101,34.632071],[127.644101,34.632067],[127.6441,34.632067],[127.644095,34.632068],[127.644094,34.632069],[127.644096,34.632072]]]}},{"type":"Feature","properties":{"id":"7b9f47e740142b8e632fdf064ab73c80f4105485","cls":"styrofoam","cid":3,"cat":2,"conf":0.683,"area":0.8,"mask":true,"color":"#FFFFFF"},"geometry":{"type":"Polygon","coordinates":[[[127.644024,34.632076],[127.644026,34.632074],[127.644026,34.632074],[127.644023,34.632071],[127.644022,34.632071],[127.64402,34.632073],[127.644024,34.632076]]]}},{"type":"Feature","properties":{"id":"72895885fb72653e0af58da8598fc6d20f24426e","cls":"styrofoam","cid":3,"cat":2,"conf":0.492,"area":0.8,"mask":true,"color":"#FFFFFF"},"geometry":{"type":"Polygon","coordinates":[[[127.644105,34.632079],[127.644107,34.632079],[127.644108,34.632077],[127.644106,34.632074],[127.644104,34.632074],[127.644103,34.632075],[127.644103,34.632077],[127.644105,34.632079]]]}},{"type":"Feature","properties":{"id":"c8493e87352425f582bf9117b21b1076ebf3ab68","cls":"styrofoam","cid":3,"cat":2,"conf":0.416,"area":3.0,"mask":false,"color":"#FFFFFF"},"geometry":{"type":"Polygon","coordinates":[[[127.644025,34.632098],[127.644011,34.632098],[127.644011,34.632104],[127.644025,34.632104],[127.644025,34.632098]]]}},{"type":"Feature","properties":{"id":"f27fec42f49db2140aacc5f0bb3d3e2e0d725e1a","cls":"styrofoam","cid":3,"cat":2,"conf":0.739,"area":1.0,"mask":true,"color":"#FFFFFF"},"geometry":{"type":"Polygon","coordinates":[[[127.64426,34.63203],[127.644262,34.632029],[127.644262,34.632027],[127.64426,34.632026],[127.644257,34.632026],[127.644256,34.632029],[127.64426,34.63203]]]}},{"type":"Feature","properties":{"id":"bb2fc7440656d4ca0a65a4fd07cc578efa92d157","cls":"styrofoam","cid":3,"cat":2,"conf":0.683,"area":0.5,"mask":true,"color":"#FFFFFF"},"geometry":{"type":"Polygon","coordinates":[[[127.64421,34.632057],[127.644213,34.632055],[127.644213,34.632054],[127.644211,34.632053],[127.64421,34.632053],[127.644208,34.632054],[127.644208,34.632055],[127.64421,34.632057]]]}},{"type":"Feature","properties":{"id":"c203b6af7d60cb5e22fec504e2abb3df334a9473","cls":"styrofoam","cid":3,"cat":2,"conf":0.675,"area":0.9,"mask":true,"color":"#FFFFFF"},"geometry":{"type":"Polygon","coordinates":[[[127.644165,34.632048],[127.644169,34.632046],[127.644169,34.632042],[127.644163,34.632045],[127.644165,34.632048]]]}},{"type":"Feature","properties":{"id":"237f43c4503658502cb819114e2d58af044b9a42","cls":"styrofoam","cid":3,"cat":2,"conf":0.674,"area":1.3,"mask":true,"color":"#FFFFFF"},"geometry":{"type":"Polygon","coordinates":[[[127.644212,34.63206],[127.644219,34.632058],[127.644218,34.632055],[127.644213,34.632055],[127.644211,34.632057],[127.644211,34.632059],[127.644212,34.63206]]]}},{"type":"Feature","properties":{"id":"b188b43dbbf98b21553a93e4fd52877da2faa743","cls":"styrofoam","cid":3,"cat":2,"conf":0.656,"area":0.9,"mask":true,"color":"#FFFFFF"},"geometry":{"type":"Polygon","coordinates":[[[127.644192,34.63209],[127.644194,34.63209],[127.644195,34.632088],[127.644192,34.632085],[127.644191,34.632085],[127.644189,34.632085],[127.644189,34.632087],[127.64419,34.632089],[127.644192,34.63209]]]}},{"type":"Feature","properties":{"id":"42c94e6a94b7ca5f32ad7f0c328c8f6e8dc1c25a","cls":"styrofoam","cid":3,"cat":2,"conf":0.521,"area":1.3,"mask":true,"color":"#FFFFFF"},"geometry":{"type":"Polygon","coordinates":[[[127.644166,34.632033],[127.644169,34.632033],[127.64417,34.63203],[127.644169,34.632028],[127.644165,34.632027],[127.644164,34.632028],[127.644163,34.632031],[127.644164,34.632033],[127.644166,34.632033]]]}},{"type":"Feature","properties":{"id":"121b17d2267dbf2eec4b55d842eedd159362a621","cls":"styrofoam","cid":3,"cat":2,"conf":0.418,"area":1.2,"mask":true,"color":"#FFFFFF"},"geometry":{"type":"Polygon","coordinates":[[[127.644237,34.632049],[127.644242,34.632048],[127.644242,34.632046],[127.644241,34.632043],[127.644238,34.632043],[127.644236,34.632044],[127.644236,34.632048],[127.644237,34.632049]]]}},{"type":"Feature","properties":{"id":"fa670c37bfdf7abc2ca02cc9933e7b7b960d1100","cls":"styrofoam","cid":3,"cat":2,"conf":0.812,"area":0.9,"mask":true,"color":"#FFFFFF"},"geometry":{"type":"Polygon","coordinates":[[[127.644328,34.631999],[127.644329,34.631998],[127.644332,34.631996],[127.644332,34.631995],[127.64433,34.631994],[127.644328,34.631994],[127.644326,34.631996],[127.644328,34.631999]]]}},{"type":"Feature","properties":{"id":"2c41ca9ceff6858c61d3ff540bbc012357618915","cls":"styrofoam","cid":3,"cat":2,"conf":0.794,"area":0.9,"mask":true,"color":"#FFFFFF"},"geometry":{"type":"Polygon","coordinates":[[[127.644362,34.632087],[127.644366,34.632087],[127.644367,34.632084],[127.644365,34.632083],[127.644361,34.632083],[127.64436,34.632086],[127.644362,34.632087]]]}},{"type":"Feature","properties":{"id":"e25f516f4a48bfaedc893e3d90caf63767a9dc51","cls":"styrofoam","cid":3,"cat":2,"conf":0.793,"area":0.9,"mask":true,"color":"#FFFFFF"},"geometry":{"type":"Polygon","coordinates":[[[127.644289,34.632071],[127.644294,34.632069],[127.644292,34.632066],[127.64429,34.632066],[127.644287,34.632067],[127.644287,34.632068],[127.644289,34.632071]]]}},{"type":"Feature","properties":{"id":"ac3b77513ed1c2efd41d3ddbddc2ab432c161bb8","cls":"styrofoam","cid":3,"cat":2,"conf":0.78,"area":0.8,"mask":true,"color":"#FFFFFF"},"geometry":{"type":"Polygon","coordinates":[[[127.64432,34.632042],[127.644325,34.63204],[127.644325,34.632038],[127.644323,34.632037],[127.644322,34.632037],[127.644319,34.632039],[127.644319,34.63204],[127.64432,34.632042]]]}},{"type":"Feature","properties":{"id":"671bb66f64cf879c66ba1a8577a656966e6d0f09","cls":"buoy_blue","cid":1,"cat":1,"conf":0.766,"area":1.2,"mask":true,"color":"#0066CC"},"geometry":{"type":"Polygon","coordinates":[[[127.644397,34.632029],[127.6444,34.632027],[127.644401,34.632025],[127.6444,34.632024],[127.644397,34.632024],[127.644394,34.632025],[127.644393,34.632027],[127.644397,34.632029]]]}},{"type":"Feature","properties":{"id":"683c909434d25505734d0f83fcee021bef98500c","cls":"styrofoam","cid":3,"cat":2,"conf":0.76,"area":1.2,"mask":true,"color":"#FFFFFF"},"geometry":{"type":"Polygon","coordinates":[[[127.644363,34.631999],[127.644366,34.631998],[127.644366,34.631996],[127.644365,34.631994],[127.644362,34.631993],[127.64436,34.631994],[127.64436,34.631995],[127.644361,34.631998],[127.644363,34.631999]]]}},{"type":"Feature","properties":{"id":"ecad448fc1c00bfbf8ff8b05c9a1913d3d63d5e5","cls":"styrofoam","cid":3,"cat":2,"conf":0.757,"area":0.9,"mask":true,"color":"#FFFFFF"},"geometry":{"type":"Polygon","coordinates":[[[127.644298,34.632023],[127.644299,34.632022],[127.644302,34.63202],[127.644302,34.632018],[127.644301,34.632017],[127.644299,34.632017],[127.644296,34.632021],[127.644297,34.632022],[127.644298,34.632023]]]}},{"type":"Feature","properties":{"id":"a83ba14fbe3bc0a8465a1a330696d0f7be672b05","cls":"styrofoam","cid":3,"cat":2,"conf":0.722,"area":1.0,"mask":true,"color":"#FFFFFF"},"geometry":{"type":"Polygon","coordinates":[[[127.644335,34.632037],[127.644337,34.632036],[127.644337,34.632033],[127.644336,34.632032],[127.644333,34.632032],[127.644332,34.632033],[127.644332,34.632035],[127.644335,34.632037]]]}},{"type":"Feature","properties":{"id":"10fd766291ae97893c1ccd4db3d9208850cf5616","cls":"styrofoam","cid":3,"cat":2,"conf":0.719,"area":1.4,"mask":true,"color":"#FFFFFF"},"geometry":{"type":"Polygon","coordinates":[[[127.644311,34.632039],[127.644318,34.632038],[127.644318,34.632034],[127.644314,34.632034],[127.644311,34.632034],[127.64431,34.632036],[127.644311,34.632039]]]}},{"type":"Feature","properties":{"id":"e2a95774f41d9edc09428d12a00b0610cc466322","cls":"styrofoam","cid":3,"cat":2,"conf":0.71,"area":0.9,"mask":true,"color":"#FFFFFF"},"geometry":{"type":"Polygon","coordinates":[[[127.644307,34.632041],[127.644309,34.63204],[127.64431,34.632036],[127.644307,34.632035],[127.644306,34.632036],[127.644305,34.63204],[127.644307,34.632041]]]}},{"type":"Feature","properties":{"id":"8b292057cb3f2be968b3d3b0fc326c58d30e4937","cls":"styrofoam","cid":3,"cat":2,"conf":0.71,"area":1.0,"mask":true,"color":"#FFFFFF"},"geometry":{"type":"Polygon","coordinates":[[[127.644346,34.63202],[127.644349,34.632018],[127.644348,34.632015],[127.644347,34.632014],[127.644343,34.632016],[127.644344,34.632018],[127.644346,34.63202]]]}},{"type":"Feature","properties":{"id":"4d7a6681034b92f1482b54e68ab6c30faf48e3ed","cls":"styrofoam","cid":3,"cat":2,"conf":0.7,"area":0.9,"mask":true,"color":"#FFFFFF"},"geometry":{"type":"Polygon","coordinates":[[[127.644362,34.632011],[127.644364,34.632011],[127.644365,34.63201],[127.644365,34.632007],[127.644363,34.632006],[127.644361,34.632006],[127.64436,34.632008],[127.64436,34.63201],[127.644362,34.632011]]]}},{"type":"Feature","properties":{"id":"26376c989a22b3c3bf806d5b696088ca747cec8b","cls":"styrofoam","cid":3,"cat":2,"conf":0.695,"area":0.9,"mask":true,"color":"#FFFFFF"},"geometry":{"type":"Polygon","coordinates":[[[127.644355,34.632013],[127.644358,34.632012],[127.644359,34.632011],[127.644359,34.632008],[127.644358,34.632007],[127.644356,34.632007],[127.644355,34.632007],[127.644354,34.632012],[127.644355,34.632013]]]}},{"type":"Feature","properties":{"id":"c5f4822c5f974250b92a5be5adb2a4b15da0ffe5","cls":"styrofoam","cid":3,"cat":2,"conf":0.689,"area":1.1,"mask":true,"color":"#FFFFFF"},"geometry":{"type":"Polygon","coordinates":[[[127.644342,34.632019],[127.644343,34.632019],[127.64434,34.632015],[127.644336,34.632017],[127.644337,34.63202],[127.644338,34.63202],[127.644342,34.632019]]]}},{"type":"Feature","properties":{"id":"28064cfe2b501103a0d110e2050f185255ba35f8","cls":"styrofoam","cid":3,"cat":2,"conf":0.687,"area":0.6,"mask":true,"color":"#FFFFFF"},"geometry":{"type":"Polygon","coordinates":[[[127.64434,34.632037],[127.644342,34.632037],[127.644344,34.632036],[127.644344,34.632035],[127.644342,34.632033],[127.64434,34.632033],[127.644339,34.632034],[127.644339,34.632036],[127.64434,34.632037]]]}},{"type":"Feature","properties":{"id":"e4569cbbd4c2b464e9ab945302acb8ef29b24998","cls":"styrofoam","cid":3,"cat":2,"conf":0.661,"area":1.7,"mask":true,"color":"#FFFFFF"},"geometry":{"type":"Polygon","coordinates":[[[127.644328,34.632036],[127.644329,34.632036],[127.644331,34.632032],[127.644327,34.632029],[127.644326,34.632028],[127.644324,34.63203],[127.644323,34.632035],[127.644328,34.632036]]]}},{"type":"Feature","properties":{"id":"cb68c7e244b21edf7532faedb0acffb109b9e6cc","cls":"styrofoam","cid":3,"cat":2,"conf":0.657,"area":0.7,"mask":true,"color":"#FFFFFF"},"geometry":{"type":"Polygon","coordinates":[[[127.644353,34.632018],[127.644354,34.632018],[127.644356,34.632016],[127.644352,34.632014],[127.64435,34.632014],[127.644349,34.632016],[127.644353,34.632018]]]}},{"type":"Feature","properties":{"id":"2ded2eab682dc927c7029ad9db794cacbe693dcb","cls":"styrofoam","cid":3,"cat":2,"conf":0.654,"area":1.1,"mask":true,"color":"#FFFFFF"},"geometry":{"type":"Polygon","coordinates":[[[127.644313,34.632045],[127.644316,34.632044],[127.644317,34.632042],[127.644313,34.632039],[127.644311,34.632039],[127.64431,34.63204],[127.644309,34.632042],[127.644313,34.632045]]]}},{"type":"Feature","properties":{"id":"0c9987e475e4a5c71b9a4a1da357dff0e6c515f0","cls":"buoy_blue","cid":1,"cat":1,"conf":0.647,"area":1.3,"mask":true,"color":"#0066CC"},"geometry":{"type":"Polygon","coordinates":[[[127.644338,34.632028],[127.644341,34.632028],[127.644343,34.632027],[127.644343,34.632024],[127.644341,34.632022],[127.644339,34.632022],[127.644337,34.632024],[127.644337,34.632026],[127.644338,34.632028]]]}},{"type":"Feature","properties":{"id":"73ae6208eeb589b478e55aefdec1bc436f698b43","cls":"styrofoam","cid":3,"cat":2,"conf":0.627,"area":1.0,"mask":true,"color":"#FFFFFF"},"geometry":{"type":"Polygon","coordinates":[[[127.644398,34.632043],[127.6444,34.632041],[127.6444,34.632039],[127.644398,34.632038],[127.644395,34.632039],[127.644393,34.632041],[127.644394,34.632043],[127.644398,34.632043]]]}},{"type":"Feature","properties":{"id":"2587f39472b92c21417be653b87d51a6c5d5e2b5","cls":"styrofoam","cid":3,"cat":2,"conf":0.612,"area":1.4,"mask":true,"color":"#FFFFFF"},"geometry":{"type":"Polygon","coordinates":[[[127.644291,34.632064],[127.644293,34.632063],[127.644292,34.63206],[127.644289,34.632059],[127.644285,34.63206],[127.644284,34.632063],[127.644286,34.632064],[127.644291,34.632064]]]}},{"type":"Feature","properties":{"id":"f3a7fde9dad22b03807df0b8301d84f7e5803990","cls":"buoy_blue","cid":1,"cat":1,"conf":0.587,"area":1.3,"mask":true,"color":"#0066CC"},"geometry":{"type":"Polygon","coordinates":[[[127.644376,34.632031],[127.644379,34.63203],[127.644381,34.632029],[127.64438,34.632026],[127.644378,34.632025],[127.644373,34.632027],[127.644374,34.63203],[127.644376,34.632031]]]}},{"type":"Feature","properties":{"id":"300345891eca27c58a7d378455483c02bc6ec7bc","cls":"styrofoam","cid":3,"cat":2,"conf":0.584,"area":0.9,"mask":true,"color":"#FFFFFF"},"geometry":{"type":"Polygon","coordinates":[[[127.644314,34.632009],[127.644317,34.632008],[127.644317,34.632006],[127.644316,34.632005],[127.644313,34.632004],[127.644311,34.632005],[127.644314,34.632009]]]}},{"type":"Feature","properties":{"id":"43ee47ef963926abfabe27d08003ba962364aaa3","cls":"buoy_blue","cid":1,"cat":1,"conf":0.561,"area":1.1,"mask":true,"color":"#0066CC"},"geometry":{"type":"Polygon","coordinates":[[[127.644374,34.632026],[127.644378,34.632025],[127.644378,34.632023],[127.644376,34.632022],[127.644373,34.632021],[127.644371,34.632022],[127.644371,34.632023],[127.644372,34.632025],[127.644374,34.632026]]]}},{"type":"Feature","properties":{"id":"8d82100e0a405732b0830b015a9f1f3cf3e5ddbf","cls":"styrofoam","cid":3,"cat":2,"conf":0.56,"area":1.0,"mask":true,"color":"#FFFFFF"},"geometry":{"type":"Polygon","coordinates":[[[127.644343,34.632016],[127.644345,34.632015],[127.644347,34.632014],[127.644346,34.632012],[127.644344,34.632011],[127.64434,34.632012],[127.64434,34.632014],[127.644343,34.632016]]]}},{"type":"Feature","properties":{"id":"a67eae6d4c13a98e517710b82d802fea9aa7d344","cls":"styrofoam","cid":3,"cat":2,"conf":0.558,"area":0.9,"mask":true,"color":"#FFFFFF"},"geometry":{"type":"Polygon","coordinates":[[[127.644323,34.631999],[127.644324,34.631995],[127.644321,34.631995],[127.644319,34.631996],[127.644319,34.632],[127.644323,34.631999]]]}},{"type":"Feature","properties":{"id":"15a37d74a92d0215c7ecf2c26768535af8ba9160","cls":"styrofoam","cid":3,"cat":2,"conf":0.504,"area":1.1,"mask":true,"color":"#FFFFFF"},"geometry":{"type":"Polygon","coordinates":[[[127.644374,34.632026],[127.644378,34.632025],[127.644378,34.632023],[127.644376,34.632021],[127.644372,34.632021],[127.644371,34.632022],[127.644371,34.632024],[127.644374,34.632026]]]}},{"type":"Feature","properties":{"id":"4569c8ae3ca545f5c8ece753463671ad7597cfc9","cls":"styrofoam","cid":3,"cat":2,"conf":0.458,"area":1.0,"mask":true,"color":"#FFFFFF"},"geometry":{"type":"Polygon","coordinates":[[[127.644356,34.632047],[127.644358,34.632046],[127.644359,34.632044],[127.644357,34.632041],[127.644355,34.63204],[127.644353,34.632043],[127.644354,34.632045],[127.644356,34.632047]]]}},{"type":"Feature","properties":{"id":"51c183e9f885122fa12ff9b0ce88e4c5a067c0fd","cls":"styrofoam","cid":3,"cat":2,"conf":0.456,"area":1.0,"mask":true,"color":"#FFFFFF"},"geometry":{"type":"Polygon","coordinates":[[[127.644306,34.632021],[127.644311,34.632018],[127.644308,34.632016],[127.644307,34.632016],[127.644303,34.632019],[127.644306,34.632021]]]}},{"type":"Feature","properties":{"id":"ae4051e6149e157e4d5b296a84bf1356524342b2","cls":"styrofoam","cid":3,"cat":2,"conf":0.446,"area":2.4,"mask":true,"color":"#FFFFFF"},"geometry":{"type":"Polygon","coordinates":[[[127.644311,34.632034],[127.644313,34.632034],[127.644315,34.632032],[127.644318,34.632033],[127.64432,34.632033],[127.644322,34.63203],[127.644322,34.632028],[127.644319,34.632027],[127.644314,34.632029],[127.644312,34.632028],[127.644309,34.632029],[127.644309,34.63203],[127.644311,34.632034]]]}},{"type":"Feature","properties":{"id":"9fdb758d7edb6ba4a4d3df4d768782e57fcbdaeb","cls":"styrofoam","cid":3,"cat":2,"conf":0.41,"area":1.6,"mask":true,"color":"#FFFFFF"},"geometry":{"type":"Polygon","coordinates":[[[127.644348,34.632014],[127.644352,34.632013],[127.644351,34.632009],[127.644354,34.632007],[127.644354,34.632006],[127.644353,34.632005],[127.644348,34.632005],[127.644348,34.632008],[127.644348,34.63201],[127.644347,34.632013],[127.644348,34.632014]]]}},{"type":"Feature","properties":{"id":"9e342ec3895af05b11c06c20b209400441dd2381","cls":"styrofoam","cid":3,"cat":2,"conf":0.801,"area":0.8,"mask":true,"color":"#FFFFFF"},"geometry":{"type":"Polygon","coordinates":[[[127.644471,34.632021],[127.644473,34.63202],[127.644473,34.632019],[127.644469,34.632017],[127.644467,34.632017],[127.644467,34.63202],[127.644471,34.632021]]]}},{"type":"Feature","properties":{"id":"03c4b6b832457d2661cdb5cd9b3d2e2be2683de5","cls":"styrofoam","cid":3,"cat":2,"conf":0.734,"area":0.7,"mask":true,"color":"#FFFFFF"},"geometry":{"type":"Polygon","coordinates":[[[127.644465,34.632018],[127.64447,34.632016],[127.644469,34.632013],[127.644464,34.632015],[127.644465,34.632018]]]}},{"type":"Feature","properties":{"id":"8bec24cd044a210572f24de3cf33c3509ccd990c","cls":"styrofoam","cid":3,"cat":2,"conf":0.726,"area":1.0,"mask":true,"color":"#FFFFFF"},"geometry":{"type":"Polygon","coordinates":[[[127.644461,34.632009],[127.644463,34.632009],[127.644464,34.632008],[127.644464,34.632005],[127.644462,34.632003],[127.644459,34.632004],[127.644458,34.632005],[127.644459,34.632008],[127.644461,34.632009]]]}},{"type":"Feature","properties":{"id":"646aee566ad478e1b8f7122383430695166df151","cls":"styrofoam","cid":3,"cat":2,"conf":0.621,"area":1.0,"mask":true,"color":"#FFFFFF"},"geometry":{"type":"Polygon","coordinates":[[[127.644477,34.63202],[127.644478,34.63202],[127.644479,34.632017],[127.644477,34.632015],[127.644475,34.632014],[127.644472,34.632018],[127.644477,34.63202]]]}},{"type":"Feature","properties":{"id":"abfeb1325a8dbdd8fc4491ccce6fffe65e4d2efc","cls":"styrofoam","cid":3,"cat":2,"conf":0.838,"area":1.2,"mask":true,"color":"#FFFFFF"},"geometry":{"type":"Polygon","coordinates":[[[127.644329,34.631862],[127.644331,34.631861],[127.644333,34.631858],[127.644333,34.631857],[127.644331,34.631855],[127.644329,34.631856],[127.644327,34.631859],[127.644329,34.631862]]]}},{"type":"Feature","properties":{"id":"a6f6c09c9ecee4e44aa42b8354f7a82ed1b353e0","cls":"styrofoam","cid":3,"cat":2,"conf":0.811,"area":0.8,"mask":true,"color":"#FFFFFF"},"geometry":{"type":"Polygon","coordinates":[[[127.644291,34.631894],[127.644292,34.631893],[127.644293,34.631891],[127.644291,34.631889],[127.644289,34.631889],[127.644288,34.63189],[127.644288,34.631891],[127.644291,34.631894]]]}},{"type":"Feature","properties":{"id":"c33d839f484e9497d5e8530e97d3f7cad162e164","cls":"styrofoam","cid":3,"cat":2,"conf":0.81,"area":1.1,"mask":true,"color":"#FFFFFF"},"geometry":{"type":"Polygon","coordinates":[[[127.644336,34.631913],[127.644338,34.631913],[127.644341,34.631909],[127.644338,34.631906],[127.644335,34.63191],[127.644335,34.631912],[127.644336,34.631912],[127.644336,34.631913]]]}},{"type":"Feature","properties":{"id":"3c7fc44bf9d99fdf7c573ae62cfc9a28b0629ba6","cls":"styrofoam","cid":3,"cat":2,"conf":0.789,"area":1.0,"mask":true,"color":"#FFFFFF"},"geometry":{"type":"Polygon","coordinates":[[[127.644369,34.631928],[127.644371,34.631928],[127.644372,34.631925],[127.644372,34.631923],[127.64437,34.631922],[127.644368,34.631923],[127.644366,34.631925],[127.644367,34.631927],[127.644369,34.631928]]]}},{"type":"Feature","properties":{"id":"23676090870481c0f226ab236940bcb9bd700a3b","cls":"styrofoam","cid":3,"cat":2,"conf":0.788,"area":0.9,"mask":true,"color":"#FFFFFF"},"geometry":{"type":"Polygon","coordinates":[[[127.644386,34.631954],[127.644388,34.631951],[127.644388,34.63195],[127.644385,34.631948],[127.644382,34.631949],[127.644381,34.63195],[127.644381,34.631951],[127.644386,34.631954]]]}},{"type":"Feature","properties":{"id":"5b6b002d11787cc9cad5c9dbca10b2455718aeec","cls":"styrofoam","cid":3,"cat":2,"conf":0.776,"area":0.9,"mask":true,"color":"#FFFFFF"},"geometry":{"type":"Polygon","coordinates":[[[127.644372,34.631919],[127.644374,34.631919],[127.644374,34.631916],[127.644371,34.631915],[127.644368,34.631916],[127.644368,34.631918],[127.644372,34.631919]]]}},{"type":"Feature","properties":{"id":"5455df42e3b2efb85ed82027ccc86ffdfe276843","cls":"styrofoam","cid":3,"cat":2,"conf":0.77,"area":0.9,"mask":true,"color":"#FFFFFF"},"geometry":{"type":"Polygon","coordinates":[[[127.644375,34.631939],[127.644376,34.631938],[127.644377,34.631936],[127.644375,34.631935],[127.644371,34.631934],[127.64437,34.631937],[127.644375,34.631939]]]}},{"type":"Feature","properties":{"id":"7130d8939128ece941abea38bf2b4094ba3657a0","cls":"styrofoam","cid":3,"cat":2,"conf":0.768,"area":1.0,"mask":true,"color":"#FFFFFF"},"geometry":{"type":"Polygon","coordinates":[[[127.644317,34.631864],[127.644318,34.631864],[127.644318,34.631863],[127.644319,34.631863],[127.64432,34.63186],[127.644318,34.631858],[127.644316,34.631858],[127.644313,34.631861],[127.644314,34.631863],[127.644317,34.631864]]]}},{"type":"Feature","properties":{"id":"effa864e655e26b0085fc3e7182719e310d86516","cls":"styrofoam","cid":3,"cat":2,"conf":0.75,"area":0.7,"mask":true,"color":"#FFFFFF"},"geometry":{"type":"Polygon","coordinates":[[[127.644365,34.63194],[127.644369,34.631939],[127.644369,34.631937],[127.644368,34.631937],[127.644366,34.631936],[127.644364,34.631937],[127.644364,34.631939],[127.644365,34.63194]]]}},{"type":"Feature","properties":{"id":"d97e3a4522c6ac4cdefce2a9cd35ec3d54f1a2f9","cls":"styrofoam","cid":3,"cat":2,"conf":0.698,"area":0.9,"mask":true,"color":"#FFFFFF"},"geometry":{"type":"Polygon","coordinates":[[[127.644323,34.631904],[127.644326,34.631903],[127.644326,34.631899],[127.644325,34.631899],[127.644323,34.631898],[127.644322,34.631899],[127.644321,34.631903],[127.644323,34.631904]]]}},{"type":"Feature","properties":{"id":"197ea75c0a9299d9ae5ce58d254b91ca5e90519a","cls":"styrofoam","cid":3,"cat":2,"conf":0.659,"area":0.9,"mask":true,"color":"#FFFFFF"},"geometry":{"type":"Polygon","coordinates":[[[127.644311,34.631861],[127.644316,34.631859],[127.644316,34.631858],[127.644314,34.631856],[127.644312,34.631857],[127.644309,34.631858],[127.644311,34.631861]]]}},{"type":"Feature","properties":{"id":"ea81e7cf80c82387b56fb86b1256b8fcc115a1e7","cls":"styrofoam","cid":3,"cat":2,"conf":0.644,"area":0.6,"mask":true,"color":"#FFFFFF"},"geometry":{"type":"Polygon","coordinates":[[[127.644349,34.631884],[127.644351,34.631883],[127.644352,34.631882],[127.644352,34.631881],[127.64435,34.63188],[127.644349,34.63188],[127.644347,34.631881],[127.644347,34.631882],[127.644349,34.631884]]]}},{"type":"Feature","properties":{"id":"d1d1d192861681fa1f6e9108e2f1b7b8e900a00d","cls":"styrofoam","cid":3,"cat":2,"conf":0.624,"area":0.9,"mask":true,"color":"#FFFFFF"},"geometry":{"type":"Polygon","coordinates":[[[127.644364,34.63193],[127.644367,34.631929],[127.644365,34.631925],[127.644363,34.631925],[127.644361,34.631926],[127.644362,34.631929],[127.644364,34.63193]]]}},{"type":"Feature","properties":{"id":"7cc721554033829c979a9cbd0a2c1f0c968157d2","cls":"styrofoam","cid":3,"cat":2,"conf":0.454,"area":0.9,"mask":true,"color":"#FFFFFF"},"geometry":{"type":"Polygon","coordinates":[[[127.644334,34.631908],[127.644336,34.631907],[127.644337,34.631903],[127.644333,34.631902],[127.644332,34.631904],[127.644332,34.631907],[127.644334,34.631908]]]}},{"type":"Feature","properties":{"id":"e2b89373502869a440d68bcd5a9e6cbe8d81be46","cls":"styrofoam","cid":3,"cat":2,"conf":0.688,"area":0.6,"mask":true,"color":"#FFFFFF"},"geometry":{"type":"Polygon","coordinates":[[[127.64428,34.63181],[127.64428,34.631809],[127.64428,34.631806],[127.644278,34.631805],[127.644277,34.631807],[127.644277,34.631809],[127.64428,34.63181]]]}},{"type":"Feature","properties":{"id":"d1abefa1fa164e780510df697c28a1c15b215125","cls":"styrofoam","cid":3,"cat":2,"conf":0.667,"area":1.0,"mask":true,"color":"#FFFFFF"},"geometry":{"type":"Polygon","coordinates":[[[127.644261,34.631792],[127.644264,34.631791],[127.644263,34.631789],[127.644261,34.631787],[127.644257,34.63179],[127.644258,34.631792],[127.644261,34.631792]]]}},{"type":"Feature","properties":{"id":"f2ddc60ffd4e68fc2e8e0fa43102d1b46a5928be","cls":"styrofoam","cid":3,"cat":2,"conf":0.617,"area":1.2,"mask":true,"color":"#FFFFFF"},"geometry":{"type":"Polygon","coordinates":[[[127.644273,34.631795],[127.644276,34.631794],[127.644276,34.631791],[127.644275,34.631789],[127.644273,34.631789],[127.644271,34.63179],[127.64427,34.631792],[127.644271,34.631794],[127.644273,34.631795]]]}},{"type":"Feature","properties":{"id":"2af393c96e21a06b0aff0e1dc9cb1603f0f16793","cls":"styrofoam","cid":3,"cat":2,"conf":0.545,"area":0.9,"mask":true,"color":"#FFFFFF"},"geometry":{"type":"Polygon","coordinates":[[[127.644249,34.631751],[127.64425,34.631751],[127.644251,34.63175],[127.644252,34.63175],[127.644252,34.631748],[127.64425,34.631747],[127.644246,34.631747],[127.644245,34.631749],[127.644246,34.63175],[127.644249,34.631751]]]}},{"type":"Feature","properties":{"id":"50348c892753c341762d2b148a70fdcde6683fc6","cls":"styrofoam","cid":3,"cat":2,"conf":0.489,"area":0.7,"mask":true,"color":"#FFFFFF"},"geometry":{"type":"Polygon","coordinates":[[[127.64427,34.631802],[127.644271,34.631802],[127.644271,34.6318],[127.644268,34.631798],[127.644267,34.631798],[127.644266,34.631799],[127.64427,34.631802]]]}},{"type":"Feature","properties":{"id":"5d45a7e1da7a04fd0cce7b7e87f82c90959c3717","cls":"styrofoam","cid":3,"cat":2,"conf":0.48,"area":0.4,"mask":true,"color":"#FFFFFF"},"geometry":{"type":"Polygon","coordinates":[[[127.644278,34.631768],[127.64428,34.631766],[127.644278,34.631764],[127.644275,34.631765],[127.644276,34.631767],[127.644278,34.631768]]]}},{"type":"Feature","properties":{"id":"5d6ffede21ddf39aaf4068c088001959b47d5f90","cls":"styrofoam","cid":3,"cat":2,"conf":0.817,"area":1.1,"mask":true,"color":"#FFFFFF"},"geometry":{"type":"Polygon","coordinates":[[[127.644328,34.631861],[127.644331,34.631861],[127.644333,34.631859],[127.644333,34.631857],[127.644331,34.631855],[127.644329,34.631856],[127.644327,34.631859],[127.644328,34.631861]]]}},{"type":"Feature","properties":{"id":"2b4ed2d23c501c97ac11a5fc4eea4375ce12abc5","cls":"styrofoam","cid":3,"cat":2,"conf":0.757,"area":0.6,"mask":true,"color":"#FFFFFF"},"geometry":{"type":"Polygon","coordinates":[[[127.644277,34.63181],[127.64428,34.631809],[127.644281,34.631808],[127.644281,34.631806],[127.644279,34.631805],[127.644278,34.631805],[127.644277,34.631807],[127.644276,34.631809],[127.644277,34.63181]]]}},{"type":"Feature","properties":{"id":"56e3d4851895d9376d7259b1abe65555dadfc56c","cls":"styrofoam","cid":3,"cat":2,"conf":0.744,"area":0.7,"mask":true,"color":"#FFFFFF"},"geometry":{"type":"Polygon","coordinates":[[[127.644269,34.631802],[127.644271,34.631801],[127.644271,34.6318],[127.644267,34.631798],[127.644266,34.631798],[127.644266,34.6318],[127.644269,34.631802]]]}},{"type":"Feature","properties":{"id":"f10881a6e3886368bb31a14b8a9ca91e518c8331","cls":"styrofoam","cid":3,"cat":2,"conf":0.709,"area":1.2,"mask":true,"color":"#FFFFFF"},"geometry":{"type":"Polygon","coordinates":[[[127.644272,34.631795],[127.644275,34.631795],[127.644276,34.631794],[127.644276,34.631791],[127.644274,34.631789],[127.644272,34.631789],[127.64427,34.63179],[127.644271,34.631794],[127.644272,34.631795]]]}},{"type":"Feature","properties":{"id":"ce076107dfb2c162fa378287cd09b3c6550cdb36","cls":"styrofoam","cid":3,"cat":2,"conf":0.682,"area":0.8,"mask":true,"color":"#FFFFFF"},"geometry":{"type":"Polygon","coordinates":[[[127.644311,34.631861],[127.644316,34.631859],[127.644314,34.631856],[127.644312,34.631857],[127.644309,34.631858],[127.644311,34.631861]]]}},{"type":"Feature","properties":{"id":"bb6c2670e327f2281d967198d6f5980e347b354d","cls":"styrofoam","cid":3,"cat":2,"conf":0.679,"area":1.2,"mask":true,"color":"#FFFFFF"},"geometry":{"type":"Polygon","coordinates":[[[127.644295,34.631793],[127.644298,34.631792],[127.644298,34.63179],[127.644296,34.631787],[127.644292,34.631789],[127.644293,34.631792],[127.644295,34.631793]]]}},{"type":"Feature","properties":{"id":"d4733a1aee846b2ac2e72a13ec9e3a59e9eef417","cls":"styrofoam","cid":3,"cat":2,"conf":0.623,"area":1.4,"mask":true,"color":"#FFFFFF"},"geometry":{"type":"Polygon","coordinates":[[[127.644269,34.631788],[127.644274,34.631784],[127.644272,34.631782],[127.64427,34.631782],[127.644266,34.631784],[127.644264,34.631784],[127.644264,34.631787],[127.644269,34.631788]]]}},{"type":"Feature","properties":{"id":"404045074d4dfce4be8cee7325612418bd7afbdc","cls":"styrofoam","cid":3,"cat":2,"conf":0.548,"area":0.4,"mask":true,"color":"#FFFFFF"},"geometry":{"type":"Polygon","coordinates":[[[127.644315,34.631861],[127.644319,34.631861],[127.64432,34.631859],[127.644318,34.631859],[127.644316,34.631859],[127.644315,34.631861]]]}},{"type":"Feature","properties":{"id":"9a3423dcf002de094e98ea01e4888c2c6b534c61","cls":"styrofoam","cid":3,"cat":2,"conf":0.548,"area":0.8,"mask":true,"color":"#FFFFFF"},"geometry":{"type":"Polygon","coordinates":[[[127.644307,34.631846],[127.644311,34.631845],[127.64431,34.631842],[127.644308,34.631841],[127.644305,34.631843],[127.644307,34.631846]]]}},{"type":"Feature","properties":{"id":"961afdccea69c6d42d153a349f3c5b1134d2553b","cls":"styrofoam","cid":3,"cat":2,"conf":0.533,"area":0.7,"mask":true,"color":"#FFFFFF"},"geometry":{"type":"Polygon","coordinates":[[[127.644303,34.631848],[127.644305,34.631848],[127.644307,34.631846],[127.644305,34.631844],[127.644301,34.631845],[127.644301,34.631846],[127.644303,34.631848]]]}},{"type":"Feature","properties":{"id":"6b46d66aa24e12cf777f071507c9f98712228150","cls":"styrofoam","cid":3,"cat":2,"conf":0.498,"area":0.7,"mask":true,"color":"#FFFFFF"},"geometry":{"type":"Polygon","coordinates":[[[127.644291,34.631811],[127.644294,34.63181],[127.644294,34.631807],[127.644292,34.631807],[127.64429,34.631808],[127.64429,34.63181],[127.644291,34.631811]]]}},{"type":"Feature","properties":{"id":"2a53a45823425a88ce9cc9bc998bf416f360d4da","cls":"styrofoam","cid":3,"cat":2,"conf":0.461,"area":0.5,"mask":true,"color":"#FFFFFF"},"geometry":{"type":"Polygon","coordinates":[[[127.644277,34.631768],[127.64428,34.631766],[127.64428,34.631765],[127.644278,34.631764],[127.644276,34.631765],[127.644275,34.631766],[127.644275,34.631767],[127.644277,34.631768]]]}},{"type":"Feature","properties":{"id":"b7316a19ce9204608806beb85125a6a781e207d4","cls":"plastic_box","cid":6,"cat":3,"conf":0.193,"area":1.4,"mask":true,"color":"#FF8C00"},"geometry":{"type":"Polygon","coordinates":[[[127.64437,34.631826],[127.644374,34.631825],[127.644375,34.631824],[127.644375,34.631823],[127.64437,34.631821],[127.644367,34.631821],[127.644366,34.631822],[127.644366,34.631824],[127.644368,34.631826],[127.64437,34.631826]]]}},{"type":"Feature","properties":{"id":"00725b04ecc472f63eb2ce235444e132955261c4","cls":"styrofoam","cid":3,"cat":2,"conf":0.724,"area":2.8,"mask":true,"color":"#FFFFFF"},"geometry":{"type":"Polygon","coordinates":[[[127.644171,34.631645],[127.644175,34.631645],[127.644179,34.631643],[127.644178,34.631641],[127.64418,34.63164],[127.64418,34.631639],[127.644178,34.631636],[127.644177,34.631636],[127.644168,34.63164],[127.644169,34.631642],[127.644171,34.631645]]]}},{"type":"Feature","properties":{"id":"e50070019381843fb3c9b413e2580f8b9358241d","cls":"styrofoam","cid":3,"cat":2,"conf":0.753,"area":4.8,"mask":true,"color":"#FFFFFF"},"geometry":{"type":"Polygon","coordinates":[[[127.644021,34.631619],[127.644029,34.631618],[127.64403,34.631617],[127.64403,34.631613],[127.644029,34.631611],[127.644026,34.631609],[127.644019,34.63161],[127.644016,34.631613],[127.644016,34.631617],[127.644019,34.631619],[127.644021,34.631619]]]}},{"type":"Feature","properties":{"id":"49ae397d25ac1aa4305756ee8d2998d9e2ef680a","cls":"styrofoam","cid":3,"cat":2,"conf":0.8,"area":4.2,"mask":true,"color":"#FFFFFF"},"geometry":{"type":"Polygon","coordinates":[[[127.644168,34.631495],[127.644181,34.631494],[127.644182,34.631493],[127.644181,34.631489],[127.644182,34.631487],[127.644166,34.631488],[127.644167,34.631489],[127.644168,34.631495]]]}},{"type":"Feature","properties":{"id":"f6a6d48e114457ed92545fdc6fc46dd48a6c3f08","cls":"styrofoam","cid":3,"cat":2,"conf":0.742,"area":0.8,"mask":true,"color":"#FFFFFF"},"geometry":{"type":"Polygon","coordinates":[[[127.64417,34.631561],[127.644172,34.631561],[127.644174,34.631559],[127.644174,34.631558],[127.644172,34.631557],[127.644168,34.631557],[127.644169,34.631558],[127.644168,34.63156],[127.64417,34.631561]]]}},{"type":"Feature","properties":{"id":"0c6c7a396f85a6a18e068b3f8bf24a11f1cc3afb","cls":"styrofoam","cid":3,"cat":2,"conf":0.681,"area":2.1,"mask":true,"color":"#FFFFFF"},"geometry":{"type":"Polygon","coordinates":[[[127.644148,34.631604],[127.644151,34.631603],[127.644152,34.631601],[127.644148,34.631593],[127.644146,34.631592],[127.644143,34.631593],[127.644143,34.631595],[127.644144,34.631597],[127.644148,34.6316],[127.644148,34.631604]]]}},{"type":"Feature","properties":{"id":"c5b273b799882947b5c28b2f2c13b8303a9b52f1","cls":"buoy_blue","cid":1,"cat":1,"conf":0.787,"area":3.1,"mask":true,"color":"#0066CC"},"geometry":{"type":"Polygon","coordinates":[[[127.644084,34.631471],[127.644087,34.631471],[127.644088,34.63147],[127.644088,34.631467],[127.644084,34.631459],[127.644082,34.631458],[127.644078,34.63146],[127.644077,34.631462],[127.644079,34.631465],[127.644083,34.631467],[127.644084,34.631471]]]}},{"type":"Feature","properties":{"id":"5ff0f70a04284d09f2f71a7f80bbfea8e5181fea","cls":"styrofoam","cid":3,"cat":2,"conf":0.712,"area":1.0,"mask":true,"color":"#FFFFFF"},"geometry":{"type":"Polygon","coordinates":[[[127.644075,34.6314],[127.644078,34.631398],[127.644077,34.631394],[127.644073,34.631395],[127.644075,34.6314]]]}},{"type":"Feature","properties":{"id":"d8affb52c796acece9cf7a071f69938318135023","cls":"styrofoam","cid":3,"cat":2,"conf":0.635,"area":3.9,"mask":true,"color":"#FFFFFF"},"geometry":{"type":"Polygon","coordinates":[[[127.644169,34.631495],[127.644181,34.631494],[127.644181,34.631488],[127.644183,34.631487],[127.644182,34.631485],[127.644181,34.631485],[127.644181,34.631487],[127.644179,34.631488],[127.644172,34.631488],[127.64417,34.631489],[127.644168,34.631489],[127.644168,34.631493],[127.644169,34.631495]]]}},{"type":"Feature","properties":{"id":"29aa86d120e749f7ee240112a2a84579e29c8821","cls":"styrofoam","cid":3,"cat":2,"conf":0.798,"area":0.9,"mask":true,"color":"#FFFFFF"},"geometry":{"type":"Polygon","coordinates":[[[127.644041,34.631273],[127.644043,34.631273],[127.644046,34.631271],[127.644045,34.631268],[127.644042,34.631268],[127.64404,34.63127],[127.644041,34.631273]]]}},{"type":"Feature","properties":{"id":"c4991eefb144f61eb698c54cc4266e14a77845d1","cls":"styrofoam","cid":3,"cat":2,"conf":0.77,"area":1.1,"mask":true,"color":"#FFFFFF"},"geometry":{"type":"Polygon","coordinates":[[[127.644034,34.631264],[127.644036,34.631263],[127.644038,34.631261],[127.644038,34.631259],[127.644036,34.631258],[127.644034,34.631258],[127.644033,34.63126],[127.644032,34.631263],[127.644034,34.631264]]]}},{"type":"Feature","properties":{"id":"72bfae25d6d3af010b6802d595976865e007db67","cls":"styrofoam","cid":3,"cat":2,"conf":0.76,"area":0.8,"mask":true,"color":"#FFFFFF"},"geometry":{"type":"Polygon","coordinates":[[[127.644035,34.631267],[127.644037,34.631267],[127.644039,34.631266],[127.64404,34.631264],[127.644039,34.631263],[127.644037,34.631263],[127.644033,34.631264],[127.644033,34.631266],[127.644035,34.631267]]]}},{"type":"Feature","properties":{"id":"e0341b04ddb73159e8c5e5ea8b77444ad81523ff","cls":"styrofoam","cid":3,"cat":2,"conf":0.772,"area":0.9,"mask":true,"color":"#FFFFFF"},"geometry":{"type":"Polygon","coordinates":[[[127.643954,34.631138],[127.643955,34.631138],[127.643957,34.631136],[127.643956,34.631134],[127.643952,34.631133],[127.643951,34.631134],[127.64395,34.631136],[127.643954,34.631138]]]}},{"type":"Feature","properties":{"id":"ff477825303ea6368d47f264b20756dca7b76125","cls":"styrofoam","cid":3,"cat":2,"conf":0.746,"area":1.0,"mask":true,"color":"#FFFFFF"},"geometry":{"type":"Polygon","coordinates":[[[127.643949,34.631134],[127.643954,34.631133],[127.643954,34.631131],[127.643953,34.631129],[127.643951,34.631129],[127.643947,34.631131],[127.643947,34.631133],[127.643949,34.631134]]]}},{"type":"Feature","properties":{"id":"08156ea4f494fdf4b9f5811e7db9f6904a6f367e","cls":"styrofoam","cid":3,"cat":2,"conf":0.765,"area":0.6,"mask":true,"color":"#FFFFFF"},"geometry":{"type":"Polygon","coordinates":[[[127.644032,34.631261],[127.644039,34.63126],[127.644038,34.631259],[127.644036,34.631258],[127.644034,34.631258],[127.644032,34.631261]]]}},{"type":"Feature","properties":{"id":"aa20c5fb0cc5e77220d43bef06729a441413c4d1","cls":"styrofoam","cid":3,"cat":2,"conf":0.808,"area":1.1,"mask":true,"color":"#FFFFFF"},"geometry":{"type":"Polygon","coordinates":[[[127.643942,34.631012],[127.643945,34.63101],[127.643946,34.631009],[127.643944,34.631007],[127.643939,34.631007],[127.643938,34.631008],[127.643938,34.631009],[127.643942,34.631012]]]}},{"type":"Feature","properties":{"id":"a57ca41a19bb1dc6de12cc7ee3497976cec0db34","cls":"styrofoam","cid":3,"cat":2,"conf":0.796,"area":1.0,"mask":true,"color":"#FFFFFF"},"geometry":{"type":"Polygon","coordinates":[[[127.643931,34.631113],[127.643932,34.631113],[127.643934,34.631112],[127.643932,34.631108],[127.643928,34.631109],[127.643931,34.631113]]]}},{"type":"Feature","properties":{"id":"9fcc2d9c25c5a986fc42af9f53b45ae12f23b54b","cls":"styrofoam","cid":3,"cat":2,"conf":0.772,"area":1.0,"mask":true,"color":"#FFFFFF"},"geometry":{"type":"Polygon","coordinates":[[[127.643953,34.631138],[127.643955,34.631138],[127.643957,34.631136],[127.643957,34.631135],[127.643953,34.631133],[127.643951,34.631134],[127.64395,34.631135],[127.64395,34.631137],[127.643953,34.631138]]]}},{"type":"Feature","properties":{"id":"1cc8d4e2a56af2ef71e5392578fc13783d242de0","cls":"styrofoam","cid":3,"cat":2,"conf":0.77,"area":1.0,"mask":true,"color":"#FFFFFF"},"geometry":{"type":"Polygon","coordinates":[[[127.643949,34.631134],[127.643954,34.631133],[127.643954,34.631131],[127.643952,34.631129],[127.64395,34.63113],[127.643947,34.631132],[127.643947,34.631133],[127.643949,34.631134]]]}},{"type":"Feature","properties":{"id":"5dcd69c6a546fca837b907178585b5f36258b14b","cls":"styrofoam","cid":3,"cat":2,"conf":0.763,"area":1.0,"mask":true,"color":"#FFFFFF"},"geometry":{"type":"Polygon","coordinates":[[[127.643922,34.631116],[127.643926,34.631114],[127.643924,34.631109],[127.643919,34.631112],[127.643922,34.631116]]]}},{"type":"Feature","properties":{"id":"999d4c2d73096bb0d9edf7a408968e563914ae35","cls":"styrofoam","cid":3,"cat":2,"conf":0.738,"area":1.1,"mask":true,"color":"#FFFFFF"},"geometry":{"type":"Polygon","coordinates":[[[127.643958,34.631076],[127.643959,34.631075],[127.643959,34.631072],[127.643952,34.631072],[127.643952,34.631075],[127.643952,34.631075],[127.643958,34.631076]]]}},{"type":"Feature","properties":{"id":"ea3111a4fd22d3119c928d4428649ae06f27aa4c","cls":"styrofoam","cid":3,"cat":2,"conf":0.69,"area":0.9,"mask":true,"color":"#FFFFFF"},"geometry":{"type":"Polygon","coordinates":[[[127.643949,34.631111],[127.643951,34.631111],[127.643951,34.631108],[127.643948,34.631107],[127.643945,34.631108],[127.643945,34.631109],[127.643949,34.631111]]]}},{"type":"Feature","properties":{"id":"bcfa0605388b669dc0a0e165b1635e1f60a8ef22","cls":"styrofoam","cid":3,"cat":2,"conf":0.662,"area":0.7,"mask":true,"color":"#FFFFFF"},"geometry":{"type":"Polygon","coordinates":[[[127.643929,34.631107],[127.643931,34.631106],[127.643931,34.631104],[127.643929,34.631102],[127.643927,34.631102],[127.643927,34.631105],[127.643929,34.631107]]]}},{"type":"Feature","properties":{"id":"33e3139cd583f5dcefa0e3a7d1a59f8c1ee01a26","cls":"styrofoam","cid":3,"cat":2,"conf":0.589,"area":0.8,"mask":true,"color":"#FFFFFF"},"geometry":{"type":"Polygon","coordinates":[[[127.643935,34.631094],[127.643937,34.631093],[127.643938,34.631092],[127.643936,34.631089],[127.643934,34.631089],[127.643933,34.63109],[127.643932,34.631091],[127.643935,34.631094]]]}},{"type":"Feature","properties":{"id":"94056aaf0826272c9d404f92923b905d60cb14db","cls":"styrofoam","cid":3,"cat":2,"conf":0.571,"area":0.9,"mask":true,"color":"#FFFFFF"},"geometry":{"type":"Polygon","coordinates":[[[127.643961,34.631035],[127.643962,34.631034],[127.643962,34.631032],[127.643958,34.63103],[127.643957,34.63103],[127.643956,34.631031],[127.643956,34.631032],[127.643958,34.631034],[127.643961,34.631035]]]}},{"type":"Feature","properties":{"id":"8c4dd38fb1faddac9d071604ed92ab306265844c","cls":"styrofoam","cid":3,"cat":2,"conf":0.422,"area":0.8,"mask":true,"color":"#FFFFFF"},"geometry":{"type":"Polygon","coordinates":[[[127.643935,34.631106],[127.643938,34.631104],[127.643938,34.631103],[127.643936,34.6311],[127.643933,34.631102],[127.643935,34.631106]]]}},{"type":"Feature","properties":{"id":"cec208e0a7815c71133ac698e3eac9056761df9a","cls":"styrofoam","cid":3,"cat":2,"conf":0.786,"area":0.9,"mask":true,"color":"#FFFFFF"},"geometry":{"type":"Polygon","coordinates":[[[127.643939,34.631003],[127.643941,34.631002],[127.643941,34.631001],[127.643938,34.630998],[127.643936,34.630998],[127.643934,34.631],[127.643934,34.631001],[127.643939,34.631003]]]}},{"type":"Feature","properties":{"id":"29d371e36c4dde0193af753f94d7bfb64f479c90","cls":"styrofoam","cid":3,"cat":2,"conf":0.784,"area":1.2,"mask":true,"color":"#FFFFFF"},"geometry":{"type":"Polygon","coordinates":[[[127.643942,34.631011],[127.643944,34.631011],[127.643945,34.63101],[127.643945,34.631009],[127.643943,34.631006],[127.643941,34.631005],[127.643938,34.631008],[127.643942,34.631011]]]}},{"type":"Feature","properties":{"id":"c530d5e5193b26cccf3fd7ee5218848fb523e14d","cls":"styrofoam","cid":3,"cat":2,"conf":0.775,"area":1.1,"mask":true,"color":"#FFFFFF"},"geometry":{"type":"Polygon","coordinates":[[[127.643973,34.630957],[127.643977,34.630957],[127.643977,34.630953],[127.643976,34.630952],[127.643973,34.630952],[127.643972,34.630953],[127.643971,34.630956],[127.643973,34.630957]]]}},{"type":"Feature","properties":{"id":"ed8c8bbac6b57f2f9f85bd05a1d5bb79e5479b26","cls":"styrofoam","cid":3,"cat":2,"conf":0.759,"area":1.0,"mask":true,"color":"#FFFFFF"},"geometry":{"type":"Polygon","coordinates":[[[127.643971,34.630951],[127.643971,34.63095],[127.643972,34.630947],[127.643971,34.630946],[127.643968,34.630946],[127.643967,34.630948],[127.643967,34.63095],[127.643965,34.63095],[127.643971,34.630951]]]}},{"type":"Feature","properties":{"id":"a8c77cb1f4ce09b95d417c5513a17599c9d9b98e","cls":"styrofoam","cid":3,"cat":2,"conf":0.756,"area":1.1,"mask":true,"color":"#FFFFFF"},"geometry":{"type":"Polygon","coordinates":[[[127.643943,34.630945],[127.643945,34.630944],[127.643944,34.630943],[127.643938,34.630939],[127.643937,34.630941],[127.643943,34.630945]]]}},{"type":"Feature","properties":{"id":"8833bd48d37de5821e38e8bdf30b0dbc575e2ff2","cls":"styrofoam","cid":3,"cat":2,"conf":0.716,"area":1.4,"mask":true,"color":"#FFFFFF"},"geometry":{"type":"Polygon","coordinates":[[[127.643954,34.630949],[127.643956,34.630949],[127.643957,34.630948],[127.643959,34.630944],[127.643959,34.630943],[127.643958,34.630942],[127.643955,34.630941],[127.643954,34.630943],[127.643953,34.630947],[127.643954,34.630949]]]}},{"type":"Feature","properties":{"id":"aeaf6c404f3e02ce3e3236c22e34578eae7e91ef","cls":"styrofoam","cid":3,"cat":2,"conf":0.708,"area":1.1,"mask":true,"color":"#FFFFFF"},"geometry":{"type":"Polygon","coordinates":[[[127.643972,34.630946],[127.643973,34.630946],[127.643976,34.630943],[127.643976,34.630942],[127.643975,34.630941],[127.64397,34.630942],[127.64397,34.630945],[127.643972,34.630946]]]}},{"type":"Feature","properties":{"id":"207f72522b72907e61efac67937aeacb65688e55","cls":"styrofoam","cid":3,"cat":2,"conf":0.668,"area":0.7,"mask":true,"color":"#FFFFFF"},"geometry":{"type":"Polygon","coordinates":[[[127.64396,34.630928],[127.643963,34.630927],[127.643964,34.630926],[127.643962,34.630924],[127.643958,34.630925],[127.643958,34.630927],[127.64396,34.630928]]]}},{"type":"Feature","properties":{"id":"084ab869199a477ce4cda8c2ed1d6a2d14424b2a","cls":"styrofoam","cid":3,"cat":2,"conf":0.646,"area":0.9,"mask":true,"color":"#FFFFFF"},"geometry":{"type":"Polygon","coordinates":[[[127.643924,34.630952],[127.643929,34.63095],[127.643928,34.630947],[127.643926,34.630947],[127.643923,34.630948],[127.643924,34.630952]]]}},{"type":"Feature","properties":{"id":"d236d3a658467ae88de9c86031eadab60ce1fa89","cls":"styrofoam","cid":3,"cat":2,"conf":0.643,"area":1.4,"mask":true,"color":"#FFFFFF"},"geometry":{"type":"Polygon","coordinates":[[[127.643931,34.63095],[127.643934,34.630949],[127.643935,34.630948],[127.643933,34.630946],[127.643933,34.630944],[127.643929,34.630942],[127.643927,34.630944],[127.643929,34.630948],[127.643931,34.63095]]]}},{"type":"Feature","properties":{"id":"6da9a6ed663cba867cb7dc97786ec16eec0065b8","cls":"styrofoam","cid":3,"cat":2,"conf":0.609,"area":0.7,"mask":true,"color":"#FFFFFF"},"geometry":{"type":"Polygon","coordinates":[[[127.643935,34.630954],[127.643937,34.630952],[127.643936,34.63095],[127.643934,34.630949],[127.643932,34.63095],[127.643932,34.630952],[127.643935,34.630954]]]}},{"type":"Feature","properties":{"id":"9b87a117dab415ab3ed587246a671dc38b46bbc3","cls":"styrofoam","cid":3,"cat":2,"conf":0.599,"area":1.0,"mask":true,"color":"#FFFFFF"},"geometry":{"type":"Polygon","coordinates":[[[127.643956,34.630904],[127.643959,34.630903],[127.643959,34.630902],[127.643955,34.6309],[127.643953,34.6309],[127.643952,34.630901],[127.643952,34.630903],[127.643956,34.630904]]]}},{"type":"Feature","properties":{"id":"96553b005e5386017988956522565595f8b8e9d7","cls":"styrofoam","cid":3,"cat":2,"conf":0.566,"area":1.0,"mask":true,"color":"#FFFFFF"},"geometry":{"type":"Polygon","coordinates":[[[127.643862,34.630982],[127.643866,34.630981],[127.643866,34.630979],[127.643864,34.630976],[127.64386,34.630977],[127.643861,34.63098],[127.643862,34.630982]]]}},{"type":"Feature","properties":{"id":"4ee2893ed0a768e23bb60c2aae1a9afc62922a29","cls":"styrofoam","cid":3,"cat":2,"conf":0.488,"area":1.0,"mask":true,"color":"#FFFFFF"},"geometry":{"type":"Polygon","coordinates":[[[127.643965,34.630947],[127.64397,34.630945],[127.643969,34.630942],[127.643968,34.630942],[127.643965,34.630942],[127.643963,34.630944],[127.643963,34.630946],[127.643965,34.630947]]]}},{"type":"Feature","properties":{"id":"0606130c343b61ffcc73b00c0518899fbc2b483a","cls":"styrofoam","cid":3,"cat":2,"conf":0.48,"area":0.8,"mask":true,"color":"#FFFFFF"},"geometry":{"type":"Polygon","coordinates":[[[127.643859,34.630951],[127.64386,34.630951],[127.643861,34.630948],[127.643857,34.630946],[127.643855,34.630949],[127.643859,34.630951]]]}},{"type":"Feature","properties":{"id":"fc36140668a0a4e14eac77e69a2813fb2fd0cfc0","cls":"styrofoam","cid":3,"cat":2,"conf":0.448,"area":0.7,"mask":true,"color":"#FFFFFF"},"geometry":{"type":"Polygon","coordinates":[[[127.643936,34.630947],[127.643939,34.630945],[127.643939,34.630944],[127.643936,34.630943],[127.643935,34.630943],[127.643934,34.630944],[127.643934,34.630946],[127.643936,34.630947]]]}},{"type":"Feature","properties":{"id":"00650aadd462dc1d25c6b2719a69e26f895384fb","cls":"styrofoam","cid":3,"cat":2,"conf":0.783,"area":1.1,"mask":true,"color":"#FFFFFF"},"geometry":{"type":"Polygon","coordinates":[[[127.643973,34.630957],[127.643977,34.630957],[127.643977,34.630953],[127.643976,34.630952],[127.643972,34.630953],[127.643972,34.630956],[127.643973,34.630957]]]}},{"type":"Feature","properties":{"id":"2e5d92455b3d1a4611b6bd0fba570ad8945dd7e0","cls":"styrofoam","cid":3,"cat":2,"conf":0.747,"area":1.0,"mask":true,"color":"#FFFFFF"},"geometry":{"type":"Polygon","coordinates":[[[127.643969,34.630951],[127.643971,34.63095],[127.643971,34.630946],[127.64397,34.630946],[127.643968,34.630946],[127.643966,34.630947],[127.643966,34.630951],[127.643969,34.630951]]]}},{"type":"Feature","properties":{"id":"06cb7453ade61e9a5293d9bfc3ea41238bbf1b17","cls":"styrofoam","cid":3,"cat":2,"conf":0.722,"area":1.1,"mask":true,"color":"#FFFFFF"},"geometry":{"type":"Polygon","coordinates":[[[127.643972,34.630946],[127.643974,34.630945],[127.643976,34.630943],[127.643976,34.630941],[127.643974,34.630941],[127.64397,34.630943],[127.64397,34.630945],[127.643972,34.630946]]]}},{"type":"Feature","properties":{"id":"8723e122838e6af0141ac7e79623855d8668b4fa","cls":"styrofoam","cid":3,"cat":2,"conf":0.643,"area":0.5,"mask":true,"color":"#FFFFFF"},"geometry":{"type":"Polygon","coordinates":[[[127.643966,34.630947],[127.64397,34.630945],[127.64397,34.630943],[127.643968,34.630942],[127.643966,34.630942],[127.643966,34.630947]]]}},{"type":"Feature","properties":{"id":"ef6ed7e76d7a0c4e61469e60466c39574738f769","cls":"styrofoam","cid":3,"cat":2,"conf":0.576,"area":0.9,"mask":true,"color":"#FFFFFF"},"geometry":{"type":"Polygon","coordinates":[[[127.643988,34.630917],[127.64399,34.630916],[127.643991,34.630915],[127.643989,34.630911],[127.643986,34.630912],[127.643985,34.630912],[127.643986,34.630915],[127.643988,34.630917]]]}},{"type":"Feature","properties":{"id":"4fbc229c5914943d5e09cbe9e5d0b34923b30321","cls":"styrofoam","cid":3,"cat":2,"conf":0.714,"area":0.8,"mask":true,"color":"#FFFFFF"},"geometry":{"type":"Polygon","coordinates":[[[127.643988,34.630831],[127.64399,34.630831],[127.643991,34.630829],[127.643991,34.630828],[127.643989,34.630827],[127.643986,34.630828],[127.643986,34.63083],[127.643988,34.630831]]]}},{"type":"Feature","properties":{"id":"4ea45ec041767c15ea27b0f018e99bece49b8c53","cls":"styrofoam","cid":3,"cat":2,"conf":0.601,"area":0.5,"mask":true,"color":"#FFFFFF"},"geometry":{"type":"Polygon","coordinates":[[[127.64398,34.630754],[127.643981,34.630747],[127.643978,34.630751],[127.643978,34.630753],[127.64398,34.630754]]]}},{"type":"Feature","properties":{"id":"877086fda28220389ccf4df2b2b7ab41a371edb2","cls":"styrofoam","cid":3,"cat":2,"conf":0.442,"area":0.6,"mask":true,"color":"#FFFFFF"},"geometry":{"type":"Polygon","coordinates":[[[127.643979,34.630747],[127.643981,34.630747],[127.643981,34.630742],[127.643978,34.630741],[127.643977,34.630742],[127.643977,34.630744],[127.643979,34.630747]]]}},{"type":"Feature","properties":{"id":"b79838a30eb9bf0eca5085098a09b5f23a1c90e1","cls":"styrofoam","cid":3,"cat":2,"conf":0.406,"area":0.6,"mask":true,"color":"#FFFFFF"},"geometry":{"type":"Polygon","coordinates":[[[127.64398,34.630702],[127.64398,34.630697],[127.643978,34.630697],[127.643977,34.630701],[127.64398,34.630702]]]}},{"type":"Feature","properties":{"id":"957ea1f687cf0611645c54bbf1b195774af1b38a","cls":"styrofoam","cid":3,"cat":2,"conf":0.799,"area":1.0,"mask":true,"color":"#FFFFFF"},"geometry":{"type":"Polygon","coordinates":[[[127.643981,34.630702],[127.643985,34.630699],[127.643986,34.630698],[127.643984,34.630697],[127.643981,34.630697],[127.643979,34.630699],[127.64398,34.630701],[127.643981,34.630702]]]}},{"type":"Feature","properties":{"id":"30d6a2e16aa39b2c812d21504a8d356d6a1cea1a","cls":"styrofoam","cid":3,"cat":2,"conf":0.786,"area":1.0,"mask":true,"color":"#FFFFFF"},"geometry":{"type":"Polygon","coordinates":[[[127.643988,34.630676],[127.643993,34.630673],[127.643993,34.630672],[127.64399,34.63067],[127.643986,34.630673],[127.643986,34.630674],[127.643988,34.630676]]]}},{"type":"Feature","properties":{"id":"54dc350b9128e74561bb62ad81d6c8fc0f0e4a45","cls":"styrofoam","cid":3,"cat":2,"conf":0.778,"area":0.9,"mask":true,"color":"#FFFFFF"},"geometry":{"type":"Polygon","coordinates":[[[127.643983,34.630747],[127.643984,34.630745],[127.64398,34.630742],[127.643978,34.630741],[127.643977,34.630742],[127.643977,34.630744],[127.643979,34.630747],[127.643983,34.630747]]]}},{"type":"Feature","properties":{"id":"a626df5a53f0436ddcbdf1a2f2c15f4a649c2c5a","cls":"styrofoam","cid":3,"cat":2,"conf":0.774,"area":1.1,"mask":true,"color":"#FFFFFF"},"geometry":{"type":"Polygon","coordinates":[[[127.643981,34.630754],[127.643983,34.630753],[127.643984,34.630751],[127.643984,34.630749],[127.643981,34.630748],[127.643979,34.630749],[127.643978,34.630751],[127.643978,34.630753],[127.643981,34.630754]]]}},{"type":"Feature","properties":{"id":"a22f69bf9883a53a451d23c2cf351af28113fddb","cls":"styrofoam","cid":3,"cat":2,"conf":0.772,"area":0.8,"mask":true,"color":"#FFFFFF"},"geometry":{"type":"Polygon","coordinates":[[[127.643989,34.630704],[127.64399,34.630703],[127.643991,34.630702],[127.643988,34.630699],[127.643986,34.630699],[127.643985,34.630701],[127.643987,34.630703],[127.643989,34.630704]]]}},{"type":"Feature","properties":{"id":"394d2850352deb2fe0dff71dbe83ba92cd9e1c92","cls":"styrofoam","cid":3,"cat":2,"conf":0.769,"area":1.0,"mask":true,"color":"#FFFFFF"},"geometry":{"type":"Polygon","coordinates":[[[127.643986,34.630695],[127.643988,34.630694],[127.643989,34.630692],[127.643989,34.630691],[127.643986,34.63069],[127.643985,34.63069],[127.643983,34.630693],[127.643983,34.630694],[127.643986,34.630695]]]}},{"type":"Feature","properties":{"id":"53bf177d55773a0a10f0ae92f61526a7e15fa620","cls":"styrofoam","cid":3,"cat":2,"conf":0.763,"area":1.0,"mask":true,"color":"#FFFFFF"},"geometry":{"type":"Polygon","coordinates":[[[127.643983,34.630738],[127.643984,34.630734],[127.643981,34.630733],[127.643979,34.630734],[127.643979,34.630738],[127.643983,34.630738]]]}},{"type":"Feature","properties":{"id":"717533a572529d3e002682dfc173cbb942f7b6e3","cls":"styrofoam","cid":3,"cat":2,"conf":0.756,"area":0.9,"mask":true,"color":"#FFFFFF"},"geometry":{"type":"Polygon","coordinates":[[[127.644029,34.630706],[127.644033,34.630706],[127.644033,34.630703],[127.644032,34.630703],[127.644028,34.630703],[127.644027,34.630705],[127.644029,34.630706]]]}},{"type":"Feature","properties":{"id":"f4c94ea648c5cb99a899673d905716e2d65a8bbc","cls":"styrofoam","cid":3,"cat":2,"conf":0.754,"area":1.8,"mask":true,"color":"#FFFFFF"},"geometry":{"type":"Polygon","coordinates":[[[127.64398,34.630687],[127.643982,34.630687],[127.643986,34.630684],[127.643986,34.630681],[127.643982,34.630679],[127.643981,34.630679],[127.64398,34.63068],[127.643979,34.630681],[127.64398,34.630683],[127.643978,34.630685],[127.643978,34.630686],[127.64398,34.630687]]]}},{"type":"Feature","properties":{"id":"e10def6450ebff9919396080dc3ce8b49f4c525c","cls":"styrofoam","cid":3,"cat":2,"conf":0.694,"area":0.5,"mask":true,"color":"#FFFFFF"},"geometry":{"type":"Polygon","coordinates":[[[127.643992,34.630701],[127.643993,34.630701],[127.643995,34.630699],[127.643995,34.630698],[127.643993,34.630697],[127.643991,34.630698],[127.64399,34.630699],[127.64399,34.6307],[127.643992,34.630701]]]}},{"type":"Feature","properties":{"id":"dce0ba9a5971eeb5546e44b5a7966f45754d0327","cls":"styrofoam","cid":3,"cat":2,"conf":0.685,"area":1.2,"mask":true,"color":"#FFFFFF"},"geometry":{"type":"Polygon","coordinates":[[[127.644005,34.630655],[127.644006,34.630651],[127.644004,34.63065],[127.644002,34.63065],[127.644,34.630653],[127.643999,34.630655],[127.644,34.630656],[127.644005,34.630655]]]}},{"type":"Feature","properties":{"id":"a0b8f5c84ae5b25d67df62f986b85cdd73c60ba2","cls":"buoy_blue","cid":1,"cat":1,"conf":0.615,"area":1.4,"mask":true,"color":"#0066CC"},"geometry":{"type":"Polygon","coordinates":[[[127.644097,34.63068],[127.644099,34.63068],[127.644101,34.630678],[127.644101,34.630675],[127.644098,34.630673],[127.644096,34.630674],[127.644094,34.630675],[127.644097,34.63068]]]}},{"type":"Feature","properties":{"id":"513497b50555e4c7c80eb67e7b7f708804e659db","cls":"styrofoam","cid":3,"cat":2,"conf":0.612,"area":1.0,"mask":true,"color":"#FFFFFF"},"geometry":{"type":"Polygon","coordinates":[[[127.64399,34.630698],[127.643991,34.630698],[127.643994,34.630695],[127.643993,34.630692],[127.643991,34.630692],[127.643988,34.630695],[127.643988,34.630697],[127.64399,34.630698]]]}},{"type":"Feature","properties":{"id":"c76db77fa0800c420e287f7b55679e10c20a9619","cls":"styrofoam","cid":3,"cat":2,"conf":0.604,"area":1.0,"mask":true,"color":"#FFFFFF"},"geometry":{"type":"Polygon","coordinates":[[[127.644006,34.630723],[127.644007,34.63072],[127.644005,34.630718],[127.644002,34.630718],[127.644002,34.630718],[127.644001,34.630722],[127.644006,34.630723]]]}},{"type":"Feature","properties":{"id":"3fd3c97dc868502b54ffabaf36ebc478bde6f0e1","cls":"styrofoam","cid":3,"cat":2,"conf":0.68,"area":1.3,"mask":true,"color":"#FFFFFF"},"geometry":{"type":"Polygon","coordinates":[[[127.644005,34.630656],[127.644006,34.630654],[127.644006,34.630652],[127.644005,34.63065],[127.644002,34.63065],[127.644,34.630653],[127.644,34.630655],[127.644005,34.630656]]]}},{"type":"Feature","properties":{"id":"5eab0871c2cc77585104cd0e98f0f5776fd30c87","cls":"styrofoam","cid":3,"cat":2,"conf":0.691,"area":0.7,"mask":true,"color":"#FFFFFF"},"geometry":{"type":"Polygon","coordinates":[[[127.644416,34.630484],[127.644416,34.630477],[127.644415,34.630477],[127.644411,34.63048],[127.644412,34.630481],[127.644416,34.630484]]]}},{"type":"Feature","properties":{"id":"53f5db68d5bb82e7c5bd56445b87f6463cf129e4","cls":"styrofoam","cid":3,"cat":2,"conf":0.636,"area":1.1,"mask":true,"color":"#FFFFFF"},"geometry":{"type":"Polygon","coordinates":[[[127.644407,34.630422],[127.644408,34.630422],[127.644411,34.63042],[127.644409,34.630417],[127.644407,34.630416],[127.644404,34.630419],[127.644404,34.630421],[127.644407,34.630422]]]}},{"type":"Feature","properties":{"id":"0eb58f486b109602fa380bce1033567bbff154ef","cls":"rope","cid":5,"cat":3,"conf":0.264,"area":2.2,"mask":true,"color":"#8B008B"},"geometry":{"type":"Polygon","coordinates":[[[127.644407,34.630422],[127.644409,34.630422],[127.644411,34.63042],[127.644411,34.630418],[127.644408,34.630415],[127.644409,34.630412],[127.64441,34.630412],[127.644409,34.630413],[127.644411,34.630414],[127.644411,34.630413],[127.644412,34.630413],[127.644415,34.630413],[127.644415,34.630413],[127.644415,34.63041],[127.644412,34.63041],[127.644411,34.630411],[127.644409,34.630411],[127.644409,34.63041],[127.644407,34.630413],[127.644404,34.63042],[127.644405,34.630422],[127.644407,34.630422]]]}},{"type":"Feature","properties":{"id":"93ea44ac2da521d6ff7281228c0510b9d618fc1c","cls":"rope","cid":5,"cat":3,"conf":0.252,"area":3.1,"mask":false,"color":"#8B008B"},"geometry":{"type":"Polygon","coordinates":[[[127.644416,34.630409],[127.644409,34.630409],[127.644409,34.63042],[127.644416,34.63042],[127.644416,34.630409]]]}},{"type":"Feature","properties":{"id":"d90f2dd0f77483d480fa74e8e069165086b1ddac","cls":"styrofoam","cid":3,"cat":2,"conf":0.822,"area":1.2,"mask":true,"color":"#FFFFFF"},"geometry":{"type":"Polygon","coordinates":[[[127.644416,34.630484],[127.644418,34.630483],[127.644419,34.630481],[127.644415,34.630478],[127.644414,34.630478],[127.644411,34.63048],[127.644412,34.630481],[127.644416,34.630484]]]}},{"type":"Feature","properties":{"id":"abdabc12f1f75221cf193d2b77aa2b49a686aa31","cls":"rope","cid":5,"cat":3,"conf":0.722,"area":8.7,"mask":true,"color":"#8B008B"},"geometry":{"type":"Polygon","coordinates":[[[127.644406,34.630422],[127.644409,34.630422],[127.644411,34.630419],[127.644413,34.630419],[127.644416,34.630418],[127.644417,34.630415],[127.644417,34.630411],[127.644413,34.630408],[127.644404,34.630406],[127.644399,34.630406],[127.644399,34.630421],[127.644401,34.630421],[127.644406,34.630418],[127.644408,34.630419],[127.644407,34.63042],[127.644409,34.63042],[127.644407,34.630421],[127.644405,34.630421],[127.644406,34.630422]]]}},{"type":"Feature","properties":{"id":"a16dc64196504d629f53fc16f0732957508beb1d","cls":"styrofoam","cid":3,"cat":2,"conf":0.412,"area":1.3,"mask":true,"color":"#FFFFFF"},"geometry":{"type":"Polygon","coordinates":[[[127.644406,34.630422],[127.644409,34.630422],[127.644411,34.630419],[127.644409,34.630417],[127.644407,34.630416],[127.644406,34.630416],[127.644404,34.63042],[127.644404,34.630422],[127.644406,34.630422]]]}},{"type":"Feature","properties":{"id":"bf625438cdfc7af34b1e6c984e035b327dfafab3","cls":"rope","cid":5,"cat":3,"conf":0.158,"area":5.6,"mask":true,"color":"#8B008B"},"geometry":{"type":"Polygon","coordinates":[[[127.644406,34.630422],[127.644408,34.630422],[127.644411,34.630419],[127.644415,34.630418],[127.644417,34.630416],[127.644417,34.630411],[127.644412,34.630408],[127.644406,34.630407],[127.644405,34.630408],[127.644405,34.630409],[127.644405,34.63041],[127.644406,34.630411],[127.644406,34.630413],[127.644405,34.630415],[127.644405,34.630417],[127.644404,34.630421],[127.644406,34.630422]]]}},{"type":"Feature","properties":{"id":"54e9475b9ffc88909b66978074e4faf0ce2ae9e7","cls":"rope","cid":5,"cat":3,"conf":0.308,"area":5.7,"mask":true,"color":"#8B008B"},"geometry":{"type":"Polygon","coordinates":[[[127.644399,34.630415],[127.644417,34.630415],[127.644417,34.630411],[127.644413,34.630408],[127.6444,34.630406],[127.644399,34.630407],[127.644399,34.630415]]]}},{"type":"Feature","properties":{"id":"deb86712071023eb2a68122ad7d5d3866ee7be54","cls":"rope","cid":5,"cat":3,"conf":0.179,"area":5.8,"mask":true,"color":"#8B008B"},"geometry":{"type":"Polygon","coordinates":[[[127.644399,34.630415],[127.644417,34.630415],[127.644417,34.630411],[127.644413,34.630408],[127.644405,34.630407],[127.644403,34.630406],[127.644399,34.630406],[127.644399,34.630415]]]}},{"type":"Feature","properties":{"id":"b8c512c0b3f8d9489dc42bb99a9201d249603b4d","cls":"styrofoam","cid":3,"cat":2,"conf":0.467,"area":0.3,"mask":true,"color":"#FFFFFF"},"geometry":{"type":"Polygon","coordinates":[[[127.647354,34.635833],[127.64736,34.635832],[127.647358,34.635831],[127.647355,34.635831],[127.647354,34.635833]]]}},{"type":"Feature","properties":{"id":"a4a08b3532ba28ba6aee49ba91fac574fac9805d","cls":"styrofoam","cid":3,"cat":2,"conf":0.721,"area":0.9,"mask":true,"color":"#FFFFFF"},"geometry":{"type":"Polygon","coordinates":[[[127.64808,34.63574],[127.648081,34.635739],[127.648081,34.635737],[127.648079,34.635736],[127.648077,34.635736],[127.648076,34.635737],[127.648076,34.63574],[127.64808,34.63574]]]}},{"type":"Feature","properties":{"id":"2420a4addc8cef29600432f2a8c1889a7d715bec","cls":"styrofoam","cid":3,"cat":2,"conf":0.812,"area":0.7,"mask":true,"color":"#FFFFFF"},"geometry":{"type":"Polygon","coordinates":[[[127.647013,34.635505],[127.647017,34.635503],[127.647016,34.635501],[127.647014,34.635501],[127.647012,34.635503],[127.647011,34.635504],[127.647013,34.635505]]]}},{"type":"Feature","properties":{"id":"31846641e8a627fa270d0725626e2a7684350060","cls":"styrofoam","cid":3,"cat":2,"conf":0.604,"area":1.0,"mask":true,"color":"#FFFFFF"},"geometry":{"type":"Polygon","coordinates":[[[127.647016,34.635496],[127.647018,34.635495],[127.647019,34.635493],[127.647018,34.635491],[127.647016,34.63549],[127.647014,34.635491],[127.647013,34.635492],[127.647013,34.635495],[127.647016,34.635496]]]}},{"type":"Feature","properties":{"id":"1fc8ad156f635eafb227335d73c542b7cedd1a85","cls":"styrofoam","cid":3,"cat":2,"conf":0.796,"area":0.8,"mask":true,"color":"#FFFFFF"},"geometry":{"type":"Polygon","coordinates":[[[127.647013,34.635505],[127.647017,34.635503],[127.647017,34.635502],[127.647015,34.6355],[127.647013,34.635501],[127.647011,34.635503],[127.647012,34.635504],[127.647013,34.635505]]]}},{"type":"Feature","properties":{"id":"a1f7f7e16bdd693cb58183484da17adb2bf5b224","cls":"styrofoam","cid":3,"cat":2,"conf":0.549,"area":1.1,"mask":true,"color":"#FFFFFF"},"geometry":{"type":"Polygon","coordinates":[[[127.647015,34.635496],[127.647018,34.635495],[127.647019,34.635492],[127.647016,34.63549],[127.647014,34.635491],[127.647012,34.635493],[127.647013,34.635495],[127.647015,34.635496]]]}},{"type":"Feature","properties":{"id":"afdeb92361fdaca8aa893a0418887c1ba3697650","cls":"styrofoam","cid":3,"cat":2,"conf":0.518,"area":0.6,"mask":true,"color":"#FFFFFF"},"geometry":{"type":"Polygon","coordinates":[[[127.647961,34.63554],[127.647962,34.635539],[127.647964,34.635538],[127.647964,34.635536],[127.647961,34.635536],[127.647959,34.635538],[127.647961,34.63554]]]}},{"type":"Feature","properties":{"id":"fbcd5f9e2d185d7bfe10975214a5e9340d5bfda1","cls":"styrofoam","cid":3,"cat":2,"conf":0.495,"area":0.9,"mask":true,"color":"#FFFFFF"},"geometry":{"type":"Polygon","coordinates":[[[127.647964,34.635533],[127.647966,34.635532],[127.647967,34.635531],[127.647966,34.635528],[127.647964,34.635527],[127.647963,34.635527],[127.647961,34.635531],[127.647964,34.635533]]]}},{"type":"Feature","properties":{"id":"f5f15b53e074fdb83c81d855213a0807b4e173f2","cls":"plastic_box","cid":6,"cat":3,"conf":0.149,"area":0.9,"mask":true,"color":"#FF8C00"},"geometry":{"type":"Polygon","coordinates":[[[127.646935,34.63545],[127.646936,34.635449],[127.646937,34.635447],[127.646935,34.635445],[127.646932,34.635445],[127.64693,34.635447],[127.646935,34.63545]]]}},{"type":"Feature","properties":{"id":"10a4d2f4e8ae84e9ee9fdc124a423e4d8792f0ea","cls":"styrofoam","cid":3,"cat":2,"conf":0.806,"area":3.2,"mask":true,"color":"#FFFFFF"},"geometry":{"type":"Polygon","coordinates":[[[127.646534,34.619264],[127.646538,34.619261],[127.646538,34.61926],[127.646536,34.619257],[127.646536,34.619254],[127.646534,34.619252],[127.64653,34.619252],[127.646529,34.619254],[127.646528,34.619257],[127.646532,34.619263],[127.646534,34.619264]]]}},{"type":"Feature","properties":{"id":"6d34319627681eb200bb6e383593cb8c5e0abac4","cls":"styrofoam","cid":3,"cat":2,"conf":0.789,"area":1.2,"mask":true,"color":"#FFFFFF"},"geometry":{"type":"Polygon","coordinates":[[[127.646611,34.61928],[127.646612,34.619279],[127.646614,34.619277],[127.646614,34.619275],[127.646611,34.619273],[127.64661,34.619274],[127.646608,34.619278],[127.646609,34.619279],[127.646611,34.61928]]]}},{"type":"Feature","properties":{"id":"70eb4a45557c9e3c647d39f2debf4f1cb014b6cd","cls":"styrofoam","cid":3,"cat":2,"conf":0.73,"area":1.5,"mask":true,"color":"#FFFFFF"},"geometry":{"type":"Polygon","coordinates":[[[127.646629,34.619226],[127.646631,34.619225],[127.646633,34.619219],[127.646632,34.619218],[127.64663,34.619217],[127.646629,34.619218],[127.646627,34.619224],[127.646627,34.619225],[127.646629,34.619226]]]}},{"type":"Feature","properties":{"id":"74ef854f55a68e227eb18dbf1fcc994408f2e0ec","cls":"buoy_blue","cid":1,"cat":1,"conf":0.713,"area":3.5,"mask":true,"color":"#0066CC"},"geometry":{"type":"Polygon","coordinates":[[[127.646569,34.619203],[127.646572,34.619202],[127.646573,34.619198],[127.646567,34.619193],[127.646565,34.619192],[127.646563,34.619192],[127.64656,34.619194],[127.646561,34.619196],[127.646566,34.619202],[127.646569,34.619203]]]}},{"type":"Feature","properties":{"id":"e5c26c23a32dc331f499d6a3e1c55c910b497ced","cls":"styrofoam","cid":3,"cat":2,"conf":0.639,"area":0.7,"mask":true,"color":"#FFFFFF"},"geometry":{"type":"Polygon","coordinates":[[[127.646645,34.619201],[127.646647,34.6192],[127.646647,34.619198],[127.646646,34.619197],[127.646643,34.619197],[127.646643,34.619198],[127.646643,34.619201],[127.646645,34.619201]]]}},{"type":"Feature","properties":{"id":"23fa9bf36357eaa6d20be19e164e518cc927c493","cls":"styrofoam","cid":3,"cat":2,"conf":0.585,"area":1.3,"mask":true,"color":"#FFFFFF"},"geometry":{"type":"Polygon","coordinates":[[[127.646621,34.619242],[127.646623,34.619241],[127.646625,34.619238],[127.646625,34.619235],[127.646622,34.619234],[127.646619,34.619237],[127.646619,34.619239],[127.646621,34.619242]]]}},{"type":"Feature","properties":{"id":"5a10a81069192867fb87b71497e33a8abceefa66","cls":"styrofoam","cid":3,"cat":2,"conf":0.542,"area":0.4,"mask":true,"color":"#FFFFFF"},"geometry":{"type":"Polygon","coordinates":[[[127.646637,34.619201],[127.646639,34.619201],[127.646639,34.619199],[127.646638,34.619198],[127.646636,34.619199],[127.646636,34.619201],[127.646637,34.619201]]]}},{"type":"Feature","properties":{"id":"4b4aab5d1d111e01641b1c53a205eb5f7cb37d5a","cls":"styrofoam","cid":3,"cat":2,"conf":0.789,"area":1.1,"mask":true,"color":"#FFFFFF"},"geometry":{"type":"Polygon","coordinates":[[[127.646683,34.619149],[127.646686,34.619148],[127.646688,34.619145],[127.646687,34.619144],[127.646685,34.619143],[127.646682,34.619144],[127.646681,34.619147],[127.646683,34.619149]]]}},{"type":"Feature","properties":{"id":"13a33b7e6cca4c6f1a42e291735dfa364fdd2aef","cls":"styrofoam","cid":3,"cat":2,"conf":0.778,"area":0.9,"mask":true,"color":"#FFFFFF"},"geometry":{"type":"Polygon","coordinates":[[[127.646691,34.619121],[127.646693,34.61912],[127.646694,34.619119],[127.64669,34.619115],[127.646688,34.619118],[127.646691,34.619121]]]}},{"type":"Feature","properties":{"id":"a02ec9b10db64a1ed5e499ecca21852d97ad3914","cls":"styrofoam","cid":3,"cat":2,"conf":0.762,"area":1.0,"mask":true,"color":"#FFFFFF"},"geometry":{"type":"Polygon","coordinates":[[[127.64666,34.619163],[127.646663,34.619162],[127.646663,34.61916],[127.646662,34.619158],[127.64666,34.619157],[127.646658,34.619158],[127.646658,34.619159],[127.64666,34.619163]]]}},{"type":"Feature","properties":{"id":"1977aa27d960e003bb2edf9045a2f710a55aebb8","cls":"buoy_blue","cid":1,"cat":1,"conf":0.759,"area":3.0,"mask":true,"color":"#0066CC"},"geometry":{"type":"Polygon","coordinates":[[[127.646565,34.619201],[127.646572,34.619201],[127.646573,34.619198],[127.646567,34.619193],[127.646563,34.619192],[127.646561,34.619193],[127.64656,34.619195],[127.646561,34.619197],[127.646565,34.619201]]]}},{"type":"Feature","properties":{"id":"70aa71667457dddd5961a81dbec98151005ab678","cls":"styrofoam","cid":3,"cat":2,"conf":0.753,"area":0.7,"mask":true,"color":"#FFFFFF"},"geometry":{"type":"Polygon","coordinates":[[[127.646681,34.619125],[127.646683,34.619125],[127.646684,34.619123],[127.646683,34.619122],[127.64668,34.619121],[127.646679,34.619124],[127.646681,34.619125]]]}},{"type":"Feature","properties":{"id":"426d986d612a8b504df03b0ec9e3b5e8dee2f438","cls":"styrofoam","cid":3,"cat":2,"conf":0.748,"area":0.8,"mask":true,"color":"#FFFFFF"},"geometry":{"type":"Polygon","coordinates":[[[127.646681,34.619116],[127.646682,34.619115],[127.646683,34.619111],[127.64668,34.61911],[127.646678,34.619113],[127.646678,34.619115],[127.646681,34.619116]]]}},{"type":"Feature","properties":{"id":"ce8cd91528030eb2076f3f89429b6bfa7a560e31","cls":"styrofoam","cid":3,"cat":2,"conf":0.748,"area":1.1,"mask":true,"color":"#FFFFFF"},"geometry":{"type":"Polygon","coordinates":[[[127.646674,34.619167],[127.646676,34.619167],[127.646678,34.619166],[127.646677,34.619164],[127.646676,34.619162],[127.646672,34.619163],[127.646673,34.619166],[127.646674,34.619167]]]}},{"type":"Feature","properties":{"id":"9955a7fb3393bc968399d871c3b38df81d3ca236","cls":"styrofoam","cid":3,"cat":2,"conf":0.735,"area":0.9,"mask":true,"color":"#FFFFFF"},"geometry":{"type":"Polygon","coordinates":[[[127.646697,34.619109],[127.646699,34.619109],[127.646699,34.619108],[127.646699,34.619104],[127.646698,34.619103],[127.646696,34.619103],[127.646695,34.619105],[127.646696,34.619108],[127.646697,34.619109]]]}},{"type":"Feature","properties":{"id":"48871074d5027c0a863bc5b7bc9e8493b1d0f822","cls":"styrofoam","cid":3,"cat":2,"conf":0.733,"area":0.9,"mask":true,"color":"#FFFFFF"},"geometry":{"type":"Polygon","coordinates":[[[127.646692,34.619103],[127.646697,34.619103],[127.646698,34.619102],[127.646697,34.6191],[127.646692,34.6191],[127.646691,34.619102],[127.646692,34.619103]]]}},{"type":"Feature","properties":{"id":"49fc3a8a6765d437a115a8689487f958ec6182f4","cls":"styrofoam","cid":3,"cat":2,"conf":0.732,"area":0.7,"mask":true,"color":"#FFFFFF"},"geometry":{"type":"Polygon","coordinates":[[[127.646669,34.619126],[127.646671,34.619125],[127.646672,34.619124],[127.646672,34.619122],[127.64667,34.619121],[127.646669,34.619121],[127.646667,34.619123],[127.646667,34.619125],[127.646669,34.619126]]]}},{"type":"Feature","properties":{"id":"c0ca5b100e7423b3e072c98f430533b849b76938","cls":"styrofoam","cid":3,"cat":2,"conf":0.726,"area":0.8,"mask":true,"color":"#FFFFFF"},"geometry":{"type":"Polygon","coordinates":[[[127.646697,34.6191],[127.646699,34.6191],[127.6467,34.619097],[127.646697,34.619096],[127.646694,34.619096],[127.646693,34.619099],[127.646697,34.6191]]]}},{"type":"Feature","properties":{"id":"016c1f5ee6236b04be547b757a208898a5248358","cls":"styrofoam","cid":3,"cat":2,"conf":0.724,"area":1.0,"mask":true,"color":"#FFFFFF"},"geometry":{"type":"Polygon","coordinates":[[[127.6467,34.619097],[127.646702,34.619097],[127.646704,34.619095],[127.646703,34.619093],[127.646701,34.619092],[127.646699,34.619092],[127.646698,34.619094],[127.646698,34.619096],[127.6467,34.619097]]]}},{"type":"Feature","properties":{"id":"c5853f1f9940d7cd1ffaba1b654ca0f905a1373d","cls":"styrofoam","cid":3,"cat":2,"conf":0.722,"area":1.0,"mask":true,"color":"#FFFFFF"},"geometry":{"type":"Polygon","coordinates":[[[127.646687,34.619109],[127.64669,34.619109],[127.64669,34.619106],[127.646686,34.619105],[127.646684,34.619105],[127.646683,34.619108],[127.646687,34.619109]]]}},{"type":"Feature","properties":{"id":"1ad6d321bbe430fde2d996a4de3e391560473919","cls":"styrofoam","cid":3,"cat":2,"conf":0.707,"area":0.9,"mask":true,"color":"#FFFFFF"},"geometry":{"type":"Polygon","coordinates":[[[127.646699,34.619117],[127.646701,34.619115],[127.646701,34.619111],[127.646698,34.619111],[127.646696,34.619113],[127.646698,34.619116],[127.646699,34.619117]]]}},{"type":"Feature","properties":{"id":"4657ec8678876f1dbe23c180400d349f736f19a1","cls":"styrofoam","cid":3,"cat":2,"conf":0.705,"area":1.6,"mask":true,"color":"#FFFFFF"},"geometry":{"type":"Polygon","coordinates":[[[127.646679,34.619107],[127.646681,34.619107],[127.646684,34.619104],[127.646684,34.619101],[127.646683,34.6191],[127.64668,34.619101],[127.646677,34.619103],[127.646677,34.619105],[127.646679,34.619107]]]}},{"type":"Feature","properties":{"id":"d905823d6e6afb13303378b1d0869c85f390d344","cls":"styrofoam","cid":3,"cat":2,"conf":0.705,"area":0.7,"mask":true,"color":"#FFFFFF"},"geometry":{"type":"Polygon","coordinates":[[[127.646691,34.619137],[127.646694,34.619135],[127.64669,34.619132],[127.646688,34.619132],[127.646688,34.619134],[127.646691,34.619137]]]}},{"type":"Feature","properties":{"id":"aab9055f7fac7168412457bd082543d1838bdad2","cls":"styrofoam","cid":3,"cat":2,"conf":0.702,"area":1.0,"mask":true,"color":"#FFFFFF"},"geometry":{"type":"Polygon","coordinates":[[[127.646689,34.619129],[127.646691,34.619127],[127.64669,34.619126],[127.646689,34.619125],[127.646684,34.619124],[127.646683,34.619127],[127.646689,34.619129]]]}},{"type":"Feature","properties":{"id":"f8056cbb27bb51579aaa83acfa8fff6aa1cb17a9","cls":"styrofoam","cid":3,"cat":2,"conf":0.699,"area":1.1,"mask":true,"color":"#FFFFFF"},"geometry":{"type":"Polygon","coordinates":[[[127.646658,34.619139],[127.646664,34.619139],[127.646664,34.619135],[127.646657,34.619135],[127.646657,34.619138],[127.646658,34.619139]]]}},{"type":"Feature","properties":{"id":"8bf28d42e09f656cce9f861c11e03b517bae08af","cls":"styrofoam","cid":3,"cat":2,"conf":0.697,"area":1.3,"mask":true,"color":"#FFFFFF"},"geometry":{"type":"Polygon","coordinates":[[[127.64669,34.619089],[127.64669,34.619088],[127.64669,34.619085],[127.646685,34.619084],[127.646683,34.619084],[127.646682,34.619087],[127.64669,34.619089]]]}},{"type":"Feature","properties":{"id":"f916865e7065a3f1e8aea88d105489d41e4022a1","cls":"styrofoam","cid":3,"cat":2,"conf":0.679,"area":1.1,"mask":true,"color":"#FFFFFF"},"geometry":{"type":"Polygon","coordinates":[[[127.646687,34.619143],[127.646689,34.619142],[127.646688,34.619141],[127.646687,34.61914],[127.646683,34.619138],[127.646682,34.619139],[127.646681,34.619142],[127.646687,34.619143]]]}},{"type":"Feature","properties":{"id":"8cb7f4875bad06da299151ceceaeb94b8f362f7b","cls":"styrofoam","cid":3,"cat":2,"conf":0.677,"area":1.5,"mask":true,"color":"#FFFFFF"},"geometry":{"type":"Polygon","coordinates":[[[127.646702,34.619078],[127.646708,34.619077],[127.646708,34.619072],[127.6467,34.619073],[127.6467,34.619074],[127.646702,34.619078]]]}},{"type":"Feature","properties":{"id":"7bd32101d55e99ae9b21487cf13d5774efb9481b","cls":"styrofoam","cid":3,"cat":2,"conf":0.669,"area":0.9,"mask":true,"color":"#FFFFFF"},"geometry":{"type":"Polygon","coordinates":[[[127.646688,34.619115],[127.646691,34.619112],[127.646691,34.61911],[127.646689,34.619109],[127.646687,34.619109],[127.646685,34.619112],[127.646685,34.619113],[127.646688,34.619115]]]}},{"type":"Feature","properties":{"id":"48f23b4fafa5414da61a05429b44e508a93992a4","cls":"styrofoam","cid":3,"cat":2,"conf":0.668,"area":0.6,"mask":true,"color":"#FFFFFF"},"geometry":{"type":"Polygon","coordinates":[[[127.646702,34.6191],[127.646704,34.6191],[127.646706,34.619098],[127.646706,34.619097],[127.646704,34.619096],[127.646701,34.619098],[127.646702,34.6191]]]}},{"type":"Feature","properties":{"id":"c046d6c97f4d01eddf9636cb91c4c3df671303ed","cls":"styrofoam","cid":3,"cat":2,"conf":0.665,"area":1.0,"mask":true,"color":"#FFFFFF"},"geometry":{"type":"Polygon","coordinates":[[[127.646677,34.619113],[127.646679,34.619113],[127.64668,34.619109],[127.64668,34.619108],[127.646677,34.619107],[127.646676,34.619109],[127.646675,34.619112],[127.646677,34.619113]]]}},{"type":"Feature","properties":{"id":"7464b69fa37c123af70d6e34db79943cff9ee419","cls":"styrofoam","cid":3,"cat":2,"conf":0.663,"area":1.1,"mask":true,"color":"#FFFFFF"},"geometry":{"type":"Polygon","coordinates":[[[127.646684,34.619165],[127.646687,34.619165],[127.646688,34.619164],[127.646688,34.619162],[127.646685,34.619161],[127.646682,34.619161],[127.646681,34.619162],[127.646681,34.619164],[127.646684,34.619165]]]}},{"type":"Feature","properties":{"id":"7674f39ff47d1d0cd87d50bf2b40a600cdb26862","cls":"styrofoam","cid":3,"cat":2,"conf":0.659,"area":1.0,"mask":true,"color":"#FFFFFF"},"geometry":{"type":"Polygon","coordinates":[[[127.646704,34.619152],[127.646704,34.619149],[127.646704,34.619147],[127.646702,34.619146],[127.6467,34.619147],[127.646699,34.61915],[127.646699,34.619152],[127.646704,34.619152]]]}},{"type":"Feature","properties":{"id":"99a5f939160e95d0c94760c8a5465d8df33069b8","cls":"styrofoam","cid":3,"cat":2,"conf":0.646,"area":1.1,"mask":true,"color":"#FFFFFF"},"geometry":{"type":"Polygon","coordinates":[[[127.646701,34.619108],[127.646702,34.619107],[127.646702,34.619101],[127.646699,34.6191],[127.646698,34.619103],[127.646699,34.619104],[127.646699,34.619108],[127.646701,34.619108]]]}},{"type":"Feature","properties":{"id":"d5c89f4ae3170ffa5e341957738e909bfbc1a595","cls":"styrofoam","cid":3,"cat":2,"conf":0.645,"area":1.1,"mask":true,"color":"#FFFFFF"},"geometry":{"type":"Polygon","coordinates":[[[127.64667,34.619138],[127.646673,34.619138],[127.646674,34.619137],[127.646674,34.619135],[127.646672,34.619133],[127.64667,34.619133],[127.646667,34.619136],[127.646668,34.619137],[127.64667,34.619138]]]}},{"type":"Feature","properties":{"id":"106a700bd12a3b499521dca54aa0bdbf4e9bb20c","cls":"styrofoam","cid":3,"cat":2,"conf":0.644,"area":0.6,"mask":true,"color":"#FFFFFF"},"geometry":{"type":"Polygon","coordinates":[[[127.646643,34.6192],[127.646647,34.6192],[127.646647,34.619198],[127.646646,34.619197],[127.646643,34.619197],[127.646642,34.619199],[127.646643,34.6192]]]}},{"type":"Feature","properties":{"id":"9783d91e2e1a8220729286cb5bfd4d2f662d2bdd","cls":"styrofoam","cid":3,"cat":2,"conf":0.632,"area":1.4,"mask":true,"color":"#FFFFFF"},"geometry":{"type":"Polygon","coordinates":[[[127.646671,34.619154],[127.646673,34.619152],[127.646673,34.619148],[127.646672,34.619146],[127.64667,34.619145],[127.646669,34.619146],[127.646667,34.61915],[127.646669,34.619153],[127.646671,34.619154]]]}},{"type":"Feature","properties":{"id":"9464e331454c0544b8af1a869d204cdbf1e7d28f","cls":"styrofoam","cid":3,"cat":2,"conf":0.624,"area":1.5,"mask":true,"color":"#FFFFFF"},"geometry":{"type":"Polygon","coordinates":[[[127.646696,34.61912],[127.646698,34.61912],[127.646699,34.619119],[127.646699,34.619117],[127.646695,34.619112],[127.646693,34.619112],[127.646691,34.619114],[127.646696,34.61912]]]}},{"type":"Feature","properties":{"id":"4aa302d1fd4506c517ed6d62cc01931f7bcf597b","cls":"styrofoam","cid":3,"cat":2,"conf":0.62,"area":1.2,"mask":true,"color":"#FFFFFF"},"geometry":{"type":"Polygon","coordinates":[[[127.646694,34.619079],[127.646696,34.619078],[127.646697,34.619077],[127.646696,34.619074],[127.646694,34.619072],[127.646692,34.619073],[127.646691,34.619075],[127.646692,34.619078],[127.646694,34.619079]]]}},{"type":"Feature","properties":{"id":"47bffa643b1d237de15d140bfa7c4813873d9878","cls":"styrofoam","cid":3,"cat":2,"conf":0.608,"area":1.3,"mask":true,"color":"#FFFFFF"},"geometry":{"type":"Polygon","coordinates":[[[127.646661,34.619119],[127.646666,34.619118],[127.646666,34.619116],[127.646665,34.619115],[127.646661,34.619114],[127.646659,34.619115],[127.646659,34.619119],[127.646661,34.619119]]]}},{"type":"Feature","properties":{"id":"0d5a050f2f5c3ed0a3f6427fd7267bd54711888e","cls":"styrofoam","cid":3,"cat":2,"conf":0.577,"area":0.5,"mask":true,"color":"#FFFFFF"},"geometry":{"type":"Polygon","coordinates":[[[127.646653,34.619159],[127.646655,34.619158],[127.646656,34.619157],[127.646656,34.619156],[127.646654,34.619155],[127.646653,34.619155],[127.646652,34.619156],[127.646652,34.619158],[127.646653,34.619159]]]}},{"type":"Feature","properties":{"id":"9fa2c7116744a9b1db322dcc4f6c647f86eba441","cls":"styrofoam","cid":3,"cat":2,"conf":0.575,"area":0.8,"mask":true,"color":"#FFFFFF"},"geometry":{"type":"Polygon","coordinates":[[[127.646665,34.619124],[127.646666,34.619124],[127.646667,34.619122],[127.646667,34.61912],[127.646666,34.619119],[127.646664,34.619119],[127.646662,34.619121],[127.646663,34.619123],[127.646665,34.619124]]]}},{"type":"Feature","properties":{"id":"0e098a7d559ce55991a26c2d5431a3bcbba2a86d","cls":"styrofoam","cid":3,"cat":2,"conf":0.574,"area":0.7,"mask":true,"color":"#FFFFFF"},"geometry":{"type":"Polygon","coordinates":[[[127.646708,34.619142],[127.646708,34.619137],[127.646705,34.619137],[127.646704,34.619138],[127.646704,34.619141],[127.646708,34.619142]]]}},{"type":"Feature","properties":{"id":"2f60ebafec912978c5ef27bd70ae5df8b449a65a","cls":"styrofoam","cid":3,"cat":2,"conf":0.572,"area":0.3,"mask":true,"color":"#FFFFFF"},"geometry":{"type":"Polygon","coordinates":[[[127.646708,34.619102],[127.646708,34.619098],[127.646706,34.6191],[127.646708,34.619102]]]}},{"type":"Feature","properties":{"id":"72f70d6e5782c9a306f7cbed203521ec0f863712","cls":"styrofoam","cid":3,"cat":2,"conf":0.568,"area":1.4,"mask":true,"color":"#FFFFFF"},"geometry":{"type":"Polygon","coordinates":[[[127.646689,34.619074],[127.646691,34.619074],[127.646694,34.619071],[127.646691,34.619067],[127.646688,34.619069],[127.646687,34.619073],[127.646689,34.619074]]]}},{"type":"Feature","properties":{"id":"69a960eec4d31230d359be037ebe6a4259f52d2a","cls":"styrofoam","cid":3,"cat":2,"conf":0.562,"area":0.6,"mask":true,"color":"#FFFFFF"},"geometry":{"type":"Polygon","coordinates":[[[127.64667,34.619132],[127.646671,34.619132],[127.646673,34.61913],[127.646671,34.619129],[127.646669,34.619128],[127.646668,34.61913],[127.64667,34.619132]]]}},{"type":"Feature","properties":{"id":"d6e7ab5035386b18f1ba6185c5020726df7c1910","cls":"styrofoam","cid":3,"cat":2,"conf":0.547,"area":0.5,"mask":true,"color":"#FFFFFF"},"geometry":{"type":"Polygon","coordinates":[[[127.646674,34.619121],[127.646677,34.619121],[127.646677,34.61912],[127.646676,34.619118],[127.646673,34.619118],[127.646673,34.61912],[127.646674,34.619121]]]}},{"type":"Feature","properties":{"id":"2c8e5a060ec9ff57dc4951e21b0c3981657af8fe","cls":"styrofoam","cid":3,"cat":2,"conf":0.544,"area":0.7,"mask":true,"color":"#FFFFFF"},"geometry":{"type":"Polygon","coordinates":[[[127.646702,34.619071],[127.646705,34.61907],[127.646706,34.619069],[127.646705,34.619067],[127.646703,34.619066],[127.646701,34.619067],[127.646701,34.61907],[127.646702,34.619071]]]}},{"type":"Feature","properties":{"id":"2bb88f1bc65db371eb67f56930035d3f2373f0bd","cls":"styrofoam","cid":3,"cat":2,"conf":0.539,"area":0.3,"mask":true,"color":"#FFFFFF"},"geometry":{"type":"Polygon","coordinates":[[[127.646697,34.619096],[127.646697,34.619094],[127.646695,34.619093],[127.646694,34.619095],[127.646697,34.619096]]]}},{"type":"Feature","properties":{"id":"0e8dc373f663093d5385ef22e681698861a67f43","cls":"styrofoam","cid":3,"cat":2,"conf":0.528,"area":0.5,"mask":true,"color":"#FFFFFF"},"geometry":{"type":"Polygon","coordinates":[[[127.646695,34.619112],[127.646698,34.619111],[127.646698,34.619109],[127.646695,34.619109],[127.646694,34.619109],[127.646694,34.619111],[127.646695,34.619112]]]}},{"type":"Feature","properties":{"id":"27969fdf131956c7829233fd455ccc619b3e00f9","cls":"styrofoam","cid":3,"cat":2,"conf":0.508,"area":0.6,"mask":true,"color":"#FFFFFF"},"geometry":{"type":"Polygon","coordinates":[[[127.646694,34.61914],[127.646696,34.619139],[127.646696,34.619138],[127.646696,34.619136],[127.646695,34.619135],[127.646692,34.619137],[127.646692,34.619139],[127.646694,34.61914]]]}},{"type":"Feature","properties":{"id":"4391e04eea46d637653d285368bfbe5c7563a764","cls":"styrofoam","cid":3,"cat":2,"conf":0.503,"area":0.7,"mask":true,"color":"#FFFFFF"},"geometry":{"type":"Polygon","coordinates":[[[127.646675,34.619108],[127.646676,34.619106],[127.646676,34.619104],[127.646675,34.619103],[127.646673,34.619103],[127.646672,34.619105],[127.646672,34.619107],[127.646675,34.619108]]]}},{"type":"Feature","properties":{"id":"fb932f77ee091809c96e154fb4e5cf0bd9db7fb5","cls":"styrofoam","cid":3,"cat":2,"conf":0.463,"area":0.6,"mask":true,"color":"#FFFFFF"},"geometry":{"type":"Polygon","coordinates":[[[127.646688,34.619096],[127.64669,34.619096],[127.646691,34.619095],[127.646691,34.619093],[127.646689,34.619092],[127.646688,34.619092],[127.646686,34.619094],[127.646688,34.619096]]]}},{"type":"Feature","properties":{"id":"6f4675eb4d563769cfcc20fe7dc776aa271d894e","cls":"styrofoam","cid":3,"cat":2,"conf":0.448,"area":1.5,"mask":true,"color":"#FFFFFF"},"geometry":{"type":"Polygon","coordinates":[[[127.646667,34.61916],[127.646672,34.619157],[127.646671,34.619154],[127.646669,34.619154],[127.646664,34.619156],[127.646664,34.619158],[127.646667,34.61916]]]}},{"type":"Feature","properties":{"id":"68455593d56ab6fbff26589188b5055e5f2da36a","cls":"styrofoam","cid":3,"cat":2,"conf":0.439,"area":0.9,"mask":true,"color":"#FFFFFF"},"geometry":{"type":"Polygon","coordinates":[[[127.646668,34.619181],[127.646669,34.61918],[127.64667,34.619178],[127.646668,34.619176],[127.646666,34.619176],[127.646664,34.619177],[127.646664,34.619179],[127.646668,34.619181]]]}},{"type":"Feature","properties":{"id":"b778e21b7925afb9021ef238a2a0762cede75f4f","cls":"styrofoam","cid":3,"cat":2,"conf":0.407,"area":1.0,"mask":true,"color":"#FFFFFF"},"geometry":{"type":"Polygon","coordinates":[[[127.646703,34.619085],[127.646708,34.619084],[127.646708,34.619082],[127.646706,34.61908],[127.646703,34.61908],[127.646701,34.61908],[127.646702,34.619084],[127.646703,34.619085]]]}},{"type":"Feature","properties":{"id":"da48cd1f944c438886dacb7b609a87cea9559802","cls":"styrofoam","cid":3,"cat":2,"conf":0.796,"area":0.9,"mask":true,"color":"#FFFFFF"},"geometry":{"type":"Polygon","coordinates":[[[127.646709,34.619102],[127.646712,34.619099],[127.64671,34.619097],[127.646709,34.619097],[127.646706,34.6191],[127.646706,34.619101],[127.646709,34.619102]]]}},{"type":"Feature","properties":{"id":"b283b89a5acdcc688d60ff0aa1167cc4de4fc274","cls":"styrofoam","cid":3,"cat":2,"conf":0.739,"area":2.1,"mask":true,"color":"#FFFFFF"},"geometry":{"type":"Polygon","coordinates":[[[127.646701,34.619078],[127.64671,34.619077],[127.646711,34.619075],[127.64671,34.619073],[127.646708,34.619072],[127.6467,34.619073],[127.6467,34.619074],[127.646701,34.619078]]]}},{"type":"Feature","properties":{"id":"0b27834a1b30b8520c4f8e4948c524c75e918be6","cls":"styrofoam","cid":3,"cat":2,"conf":0.73,"area":1.0,"mask":true,"color":"#FFFFFF"},"geometry":{"type":"Polygon","coordinates":[[[127.6467,34.619097],[127.646702,34.619097],[127.646704,34.619095],[127.646703,34.619093],[127.6467,34.619092],[127.646699,34.619092],[127.646698,34.619093],[127.646698,34.619095],[127.6467,34.619097]]]}},{"type":"Feature","properties":{"id":"a725a51127609431216d5cdac8282dc76194e21c","cls":"styrofoam","cid":3,"cat":2,"conf":0.727,"area":0.9,"mask":true,"color":"#FFFFFF"},"geometry":{"type":"Polygon","coordinates":[[[127.646698,34.619116],[127.6467,34.619116],[127.646701,34.619115],[127.646701,34.619111],[127.646698,34.619111],[127.646696,34.619113],[127.646698,34.619116]]]}},{"type":"Feature","properties":{"id":"47a6c54f628d5cf4ab562a05ca425e9397688872","cls":"styrofoam","cid":3,"cat":2,"conf":0.727,"area":0.9,"mask":true,"color":"#FFFFFF"},"geometry":{"type":"Polygon","coordinates":[[[127.646697,34.619109],[127.646699,34.619108],[127.646699,34.619105],[127.646698,34.619103],[127.646696,34.619103],[127.646695,34.619104],[127.646695,34.619107],[127.646697,34.619109]]]}},{"type":"Feature","properties":{"id":"f174e200110dbf516ae9cd4aba4ccc3b984af016","cls":"styrofoam","cid":3,"cat":2,"conf":0.722,"area":0.8,"mask":true,"color":"#FFFFFF"},"geometry":{"type":"Polygon","coordinates":[[[127.646692,34.619103],[127.646697,34.619103],[127.646698,34.619102],[127.646697,34.6191],[127.646692,34.6191],[127.646692,34.619103]]]}},{"type":"Feature","properties":{"id":"cfc4bfe17aaf242bdf735c27ede1b65bc1c63fbc","cls":"styrofoam","cid":3,"cat":2,"conf":0.721,"area":0.9,"mask":true,"color":"#FFFFFF"},"geometry":{"type":"Polygon","coordinates":[[[127.646697,34.6191],[127.646699,34.6191],[127.6467,34.619097],[127.646698,34.619096],[127.646694,34.619096],[127.646693,34.619099],[127.646697,34.6191]]]}},{"type":"Feature","properties":{"id":"6a1ff692894fedcab7d0b62f4e0235713dbd965c","cls":"styrofoam","cid":3,"cat":2,"conf":0.679,"area":1.4,"mask":true,"color":"#FFFFFF"},"geometry":{"type":"Polygon","coordinates":[[[127.646696,34.61912],[127.646698,34.61912],[127.646699,34.619117],[127.646695,34.619112],[127.646693,34.619112],[127.646692,34.619112],[127.646693,34.619116],[127.646696,34.61912]]]}},{"type":"Feature","properties":{"id":"b072aa96016684dcfc7f7016c3b4512961502fbc","cls":"styrofoam","cid":3,"cat":2,"conf":0.676,"area":0.6,"mask":true,"color":"#FFFFFF"},"geometry":{"type":"Polygon","coordinates":[[[127.646702,34.6191],[127.646704,34.6191],[127.646706,34.619098],[127.646706,34.619097],[127.646704,34.619096],[127.646701,34.619098],[127.646701,34.619099],[127.646702,34.6191]]]}},{"type":"Feature","properties":{"id":"f02b0bc4d8f358ad9ac5dcd8337014d932e9135f","cls":"styrofoam","cid":3,"cat":2,"conf":0.643,"area":0.7,"mask":true,"color":"#FFFFFF"},"geometry":{"type":"Polygon","coordinates":[[[127.646701,34.619071],[127.646705,34.61907],[127.646705,34.619068],[127.646704,34.619067],[127.646701,34.619066],[127.646701,34.61907],[127.646701,34.619071]]]}},{"type":"Feature","properties":{"id":"90026d64ab9976e1744d65003fe1159bd05113d1","cls":"styrofoam","cid":3,"cat":2,"conf":0.604,"area":0.2,"mask":true,"color":"#FFFFFF"},"geometry":{"type":"Polygon","coordinates":[[[127.646692,34.619096],[127.646694,34.619096],[127.646694,34.619093],[127.646693,34.619092],[127.646692,34.619092],[127.646692,34.619096]]]}},{"type":"Feature","properties":{"id":"3339568a50fa04f71b3ad6a6644239231acc3a56","cls":"styrofoam","cid":3,"cat":2,"conf":0.579,"area":1.1,"mask":true,"color":"#FFFFFF"},"geometry":{"type":"Polygon","coordinates":[[[127.646694,34.619079],[127.646697,34.619078],[127.646696,34.619073],[127.646695,34.619073],[127.646692,34.619073],[127.646692,34.619075],[127.646692,34.619078],[127.646694,34.619079]]]}},{"type":"Feature","properties":{"id":"8f72287a3bcc1006d176856a12eea42c9e7bebc5","cls":"styrofoam","cid":3,"cat":2,"conf":0.569,"area":1.1,"mask":true,"color":"#FFFFFF"},"geometry":{"type":"Polygon","coordinates":[[[127.646701,34.619108],[127.646702,34.619107],[127.646702,34.619101],[127.646701,34.6191],[127.646699,34.619101],[127.646698,34.619103],[127.646699,34.619104],[127.646699,34.619107],[127.646701,34.619108]]]}},{"type":"Feature","properties":{"id":"4aa6dcd74b374e3e8ac4ab71b0bff278f77c317f","cls":"styrofoam","cid":3,"cat":2,"conf":0.563,"area":0.4,"mask":true,"color":"#FFFFFF"},"geometry":{"type":"Polygon","coordinates":[[[127.646696,34.619096],[127.646698,34.619096],[127.646697,34.619094],[127.646696,34.619093],[127.646694,34.619093],[127.646694,34.619095],[127.646696,34.619096]]]}},{"type":"Feature","properties":{"id":"ba4cb4fdaa0ff71ec7924a03ff46b92cf72c19a3","cls":"styrofoam","cid":3,"cat":2,"conf":0.555,"area":1.0,"mask":true,"color":"#FFFFFF"},"geometry":{"type":"Polygon","coordinates":[[[127.646702,34.619152],[127.646703,34.619152],[127.646704,34.619149],[127.646703,34.619146],[127.646702,34.619146],[127.646699,34.619147],[127.646699,34.619151],[127.646702,34.619152]]]}},{"type":"Feature","properties":{"id":"ca58963eb27081dbb513389384e1d21bf83fa7e5","cls":"styrofoam","cid":3,"cat":2,"conf":0.521,"area":0.5,"mask":true,"color":"#FFFFFF"},"geometry":{"type":"Polygon","coordinates":[[[127.646695,34.619112],[127.646698,34.619111],[127.646698,34.619109],[127.646695,34.619109],[127.646694,34.619109],[127.646694,34.619111],[127.646695,34.619112]]]}},{"type":"Feature","properties":{"id":"172ff7ce43b621e925d30099672feea686834a35","cls":"styrofoam","cid":3,"cat":2,"conf":0.432,"area":0.5,"mask":true,"color":"#FFFFFF"},"geometry":{"type":"Polygon","coordinates":[[[127.646713,34.6192],[127.646718,34.6192],[127.646718,34.619198],[127.646717,34.619198],[127.646714,34.619198],[127.646713,34.619198],[127.646713,34.6192]]]}},{"type":"Feature","properties":{"id":"73ada6a5d764b9bf921e98fbfb8b2c5640996f55","cls":"styrofoam","cid":3,"cat":2,"conf":0.784,"area":0.9,"mask":true,"color":"#FFFFFF"},"geometry":{"type":"Polygon","coordinates":[[[127.646782,34.619002],[127.646784,34.619001],[127.646785,34.618998],[127.646785,34.618997],[127.646784,34.618996],[127.646781,34.618997],[127.64678,34.619],[127.64678,34.619001],[127.646782,34.619002]]]}},{"type":"Feature","properties":{"id":"f0b445d91530f2f1e54fb9d09f87b6e81db20058","cls":"styrofoam","cid":3,"cat":2,"conf":0.764,"area":2.1,"mask":true,"color":"#FFFFFF"},"geometry":{"type":"Polygon","coordinates":[[[127.646702,34.619078],[127.64671,34.619077],[127.646711,34.619075],[127.64671,34.619073],[127.646708,34.619072],[127.646701,34.619073],[127.6467,34.619074],[127.646702,34.619078]]]}},{"type":"Feature","properties":{"id":"636d467bd2074dab3fb604fd87736019eec21738","cls":"styrofoam","cid":3,"cat":2,"conf":0.763,"area":0.9,"mask":true,"color":"#FFFFFF"},"geometry":{"type":"Polygon","coordinates":[[[127.646782,34.619013],[127.646784,34.619012],[127.646785,34.61901],[127.646785,34.619008],[127.646784,34.619008],[127.646781,34.619008],[127.64678,34.619009],[127.64678,34.619012],[127.646782,34.619013]]]}},{"type":"Feature","properties":{"id":"0a74df5387d386bd4be2cb9d28785a8178e2339d","cls":"styrofoam","cid":3,"cat":2,"conf":0.747,"area":1.0,"mask":true,"color":"#FFFFFF"},"geometry":{"type":"Polygon","coordinates":[[[127.64676,34.619027],[127.646762,34.619027],[127.646764,34.619026],[127.646765,34.619024],[127.646764,34.619022],[127.64676,34.619022],[127.646758,34.619025],[127.64676,34.619027]]]}},{"type":"Feature","properties":{"id":"b9cd09af7fe5b826f48c40b6713c60ce673ba578","cls":"styrofoam","cid":3,"cat":2,"conf":0.746,"area":1.0,"mask":true,"color":"#FFFFFF"},"geometry":{"type":"Polygon","coordinates":[[[127.646766,34.61902],[127.646768,34.61902],[127.64677,34.619018],[127.64677,34.619016],[127.646769,34.619015],[127.646766,34.619015],[127.646764,34.619017],[127.646764,34.619019],[127.646766,34.61902]]]}},{"type":"Feature","properties":{"id":"575b1f79bfddbeaad5b4628b2007eecca01d778f","cls":"styrofoam","cid":3,"cat":2,"conf":0.744,"area":1.2,"mask":true,"color":"#FFFFFF"},"geometry":{"type":"Polygon","coordinates":[[[127.646711,34.619045],[127.646716,34.619044],[127.64672,34.619041],[127.646716,34.619041],[127.646712,34.619041],[127.64671,34.619042],[127.64671,34.619044],[127.646711,34.619045]]]}},{"type":"Feature","properties":{"id":"5a813b3238494239d3fbcdf36a4eb2ca5abbef37","cls":"styrofoam","cid":3,"cat":2,"conf":0.732,"area":1.0,"mask":true,"color":"#FFFFFF"},"geometry":{"type":"Polygon","coordinates":[[[127.646753,34.619054],[127.646758,34.619053],[127.646757,34.61905],[127.646751,34.61905],[127.646752,34.619052],[127.646753,34.619054]]]}},{"type":"Feature","properties":{"id":"c6b4aabad85a69f7c0ee4d640e04ade6e05de27c","cls":"styrofoam","cid":3,"cat":2,"conf":0.727,"area":1.1,"mask":true,"color":"#FFFFFF"},"geometry":{"type":"Polygon","coordinates":[[[127.646745,34.619049],[127.646748,34.619046],[127.646747,34.619043],[127.646745,34.619043],[127.646742,34.619046],[127.646741,34.619048],[127.646745,34.619049]]]}},{"type":"Feature","properties":{"id":"971e816f9eb22042a874a28fc95f8672eaa226eb","cls":"styrofoam","cid":3,"cat":2,"conf":0.722,"area":1.0,"mask":true,"color":"#FFFFFF"},"geometry":{"type":"Polygon","coordinates":[[[127.646776,34.618997],[127.646781,34.618996],[127.646781,34.618993],[127.64678,34.618992],[127.646779,34.618992],[127.646774,34.618994],[127.646776,34.618997]]]}},{"type":"Feature","properties":{"id":"cbfdb371027c86ccf8c816c21f74fa435499550e","cls":"styrofoam","cid":3,"cat":2,"conf":0.722,"area":1.0,"mask":true,"color":"#FFFFFF"},"geometry":{"type":"Polygon","coordinates":[[[127.646782,34.619007],[127.646785,34.619007],[127.646786,34.619007],[127.646786,34.619003],[127.646781,34.619003],[127.646781,34.619005],[127.646782,34.619007]]]}},{"type":"Feature","properties":{"id":"e7e36f56cf691fba2c4b69d542246540c9162a35","cls":"styrofoam","cid":3,"cat":2,"conf":0.693,"area":1.2,"mask":true,"color":"#FFFFFF"},"geometry":{"type":"Polygon","coordinates":[[[127.646764,34.619003],[127.646766,34.619],[127.646763,34.618997],[127.64676,34.618998],[127.646758,34.619],[127.646759,34.619002],[127.646764,34.619003]]]}},{"type":"Feature","properties":{"id":"8bbcbcca33c6c00250fae4dde7b6f118d929a46f","cls":"styrofoam","cid":3,"cat":2,"conf":0.689,"area":1.0,"mask":true,"color":"#FFFFFF"},"geometry":{"type":"Polygon","coordinates":[[[127.646823,34.618989],[127.646827,34.618986],[127.646827,34.618984],[127.646825,34.618983],[127.646823,34.618984],[127.646821,34.618986],[127.646821,34.618987],[127.646823,34.618989]]]}},{"type":"Feature","properties":{"id":"9b0947dd317f103031a721d7ecb7247d88a0f18c","cls":"styrofoam","cid":3,"cat":2,"conf":0.674,"area":1.5,"mask":true,"color":"#FFFFFF"},"geometry":{"type":"Polygon","coordinates":[[[127.646772,34.619006],[127.646773,34.619006],[127.646775,34.619004],[127.646776,34.619002],[127.646775,34.619001],[127.646773,34.618999],[127.64677,34.618999],[127.646768,34.619001],[127.646768,34.619002],[127.646772,34.619006]]]}},{"type":"Feature","properties":{"id":"2dcfc4af35e540ec0ff525edf417fc32d9fed856","cls":"styrofoam","cid":3,"cat":2,"conf":0.662,"area":0.6,"mask":true,"color":"#FFFFFF"},"geometry":{"type":"Polygon","coordinates":[[[127.646766,34.619015],[127.646769,34.619014],[127.646769,34.619011],[127.646766,34.619011],[127.646765,34.619012],[127.646765,34.619014],[127.646766,34.619015]]]}},{"type":"Feature","properties":{"id":"cf602cd1aefda56061f63f734e5abd5b91f9066f","cls":"styrofoam","cid":3,"cat":2,"conf":0.632,"area":0.8,"mask":true,"color":"#FFFFFF"},"geometry":{"type":"Polygon","coordinates":[[[127.646776,34.619011],[127.646781,34.619007],[127.64678,34.619005],[127.646775,34.619009],[127.646776,34.619011]]]}},{"type":"Feature","properties":{"id":"82964cc8c69e61e95b5001b547b63b3fa2c5cadd","cls":"styrofoam","cid":3,"cat":2,"conf":0.632,"area":0.7,"mask":true,"color":"#FFFFFF"},"geometry":{"type":"Polygon","coordinates":[[[127.646783,34.618991],[127.646784,34.618989],[127.646783,34.618988],[127.646781,34.618987],[127.64678,34.618991],[127.646783,34.618991]]]}},{"type":"Feature","properties":{"id":"dc12a177af0eb4cbdc9b995d597492a8023cbe28","cls":"styrofoam","cid":3,"cat":2,"conf":0.619,"area":1.1,"mask":true,"color":"#FFFFFF"},"geometry":{"type":"Polygon","coordinates":[[[127.646694,34.619079],[127.646697,34.619078],[127.646696,34.619073],[127.646695,34.619073],[127.646693,34.619073],[127.646692,34.619074],[127.646692,34.619078],[127.646694,34.619079]]]}},{"type":"Feature","properties":{"id":"c1729c150080b2ac8a5eb6e649f27e5b945bd4c3","cls":"styrofoam","cid":3,"cat":2,"conf":0.521,"area":0.9,"mask":true,"color":"#FFFFFF"},"geometry":{"type":"Polygon","coordinates":[[[127.646759,34.619031],[127.646761,34.61903],[127.64676,34.619027],[127.646757,34.619025],[127.646755,34.619027],[127.646755,34.619028],[127.646757,34.61903],[127.646759,34.619031]]]}},{"type":"Feature","properties":{"id":"9e6027d2ae4e5cd1563680ad2c2a7172917cd97d","cls":"styrofoam","cid":3,"cat":2,"conf":0.512,"area":5.7,"mask":false,"color":"#FFFFFF"},"geometry":{"type":"Polygon","coordinates":[[[127.646719,34.619039],[127.646703,34.61904],[127.646703,34.619048],[127.646719,34.619048],[127.646719,34.619039]]]}},{"type":"Feature","properties":{"id":"3a29ae4a3726e618369be33ef604e27fc6dd7c22","cls":"styrofoam","cid":3,"cat":2,"conf":0.508,"area":1.1,"mask":true,"color":"#FFFFFF"},"geometry":{"type":"Polygon","coordinates":[[[127.646752,34.619036],[127.646754,34.619035],[127.646756,34.619034],[127.646755,34.619032],[127.646753,34.61903],[127.646749,34.619032],[127.64675,34.619035],[127.646752,34.619036]]]}},{"type":"Feature","properties":{"id":"3a02e85b0e96dc4091e8cbccff757cd4ca2009af","cls":"styrofoam","cid":3,"cat":2,"conf":0.488,"area":0.5,"mask":true,"color":"#FFFFFF"},"geometry":{"type":"Polygon","coordinates":[[[127.646778,34.619005],[127.64678,34.619004],[127.646781,34.619002],[127.646779,34.619001],[127.646777,34.619001],[127.646776,34.619003],[127.646778,34.619005]]]}},{"type":"Feature","properties":{"id":"3a541759bce0cd6d912115e9f004378e5d74c6d8","cls":"styrofoam","cid":3,"cat":2,"conf":0.486,"area":0.9,"mask":true,"color":"#FFFFFF"},"geometry":{"type":"Polygon","coordinates":[[[127.64677,34.61901],[127.646774,34.61901],[127.646775,34.619007],[127.646774,34.619006],[127.646772,34.619006],[127.64677,34.619005],[127.646769,34.619005],[127.646769,34.619008],[127.64677,34.61901]]]}},{"type":"Feature","properties":{"id":"d26a8535d70458fd0692873a2059c644a5f46713","cls":"styrofoam","cid":3,"cat":2,"conf":0.458,"area":0.7,"mask":true,"color":"#FFFFFF"},"geometry":{"type":"Polygon","coordinates":[[[127.646805,34.618967],[127.646807,34.618966],[127.646808,34.618963],[127.646807,34.618961],[127.646806,34.618962],[127.646804,34.618963],[127.646804,34.618966],[127.646805,34.618967]]]}},{"type":"Feature","properties":{"id":"7937da269b70ec6ece15de4ab4e71cb5dbd841f5","cls":"styrofoam","cid":3,"cat":2,"conf":0.433,"area":0.7,"mask":true,"color":"#FFFFFF"},"geometry":{"type":"Polygon","coordinates":[[[127.646701,34.619071],[127.646705,34.61907],[127.646705,34.619068],[127.646704,34.619066],[127.646702,34.619066],[127.646701,34.619067],[127.646701,34.61907],[127.646701,34.619071]]]}},{"type":"Feature","properties":{"id":"5996ccdab145ad49569d0bc8f6cf23266410eb66","cls":"styrofoam","cid":3,"cat":2,"conf":0.428,"area":0.9,"mask":true,"color":"#FFFFFF"},"geometry":{"type":"Polygon","coordinates":[[[127.646814,34.618949],[127.646819,34.618949],[127.64682,34.618947],[127.64682,34.618946],[127.646814,34.618945],[127.646813,34.618947],[127.646814,34.618949]]]}},{"type":"Feature","properties":{"id":"7e9fe0d3eb2fdaaca823d3bd6c2d825086450eae","cls":"styrofoam","cid":3,"cat":2,"conf":0.414,"area":0.5,"mask":true,"color":"#FFFFFF"},"geometry":{"type":"Polygon","coordinates":[[[127.646768,34.619011],[127.646769,34.619011],[127.64677,34.619009],[127.646769,34.619008],[127.646767,34.619008],[127.646766,34.619009],[127.646766,34.619011],[127.646768,34.619011]]]}},{"type":"Feature","properties":{"id":"c4a213d67fd59d3f637c18f2c66d503958ab53da","cls":"styrofoam","cid":3,"cat":2,"conf":0.404,"area":0.4,"mask":true,"color":"#FFFFFF"},"geometry":{"type":"Polygon","coordinates":[[[127.646692,34.619073],[127.646694,34.619071],[127.646692,34.619067],[127.646692,34.619067],[127.646692,34.619073]]]}},{"type":"Feature","properties":{"id":"a801a061aa7ad87f7cc5591b5890900be96e6ae7","cls":"styrofoam","cid":3,"cat":2,"conf":0.688,"area":1.0,"mask":true,"color":"#FFFFFF"},"geometry":{"type":"Polygon","coordinates":[[[127.646838,34.618944],[127.646839,34.618944],[127.646841,34.61894],[127.646836,34.618939],[127.646835,34.618943],[127.646838,34.618944]]]}},{"type":"Feature","properties":{"id":"57ece040822600d70fcc09d3d04340deb93f99ec","cls":"styrofoam","cid":3,"cat":2,"conf":0.642,"area":1.0,"mask":true,"color":"#FFFFFF"},"geometry":{"type":"Polygon","coordinates":[[[127.646834,34.618933],[127.646837,34.618932],[127.646839,34.61893],[127.646836,34.618928],[127.646834,34.618929],[127.646832,34.618931],[127.646832,34.618933],[127.646834,34.618933]]]}},{"type":"Feature","properties":{"id":"050d7f832e8e3a7f3954998b95329189a4372be3","cls":"styrofoam","cid":3,"cat":2,"conf":0.545,"area":1.2,"mask":true,"color":"#FFFFFF"},"geometry":{"type":"Polygon","coordinates":[[[127.646818,34.618949],[127.64682,34.618948],[127.64682,34.618946],[127.646817,34.618944],[127.646813,34.618944],[127.646812,34.618946],[127.646814,34.618948],[127.646818,34.618949]]]}},{"type":"Feature","properties":{"id":"bfb4d6ca40ef3df995a9daf9b040f9971971fb65","cls":"styrofoam","cid":3,"cat":2,"conf":0.481,"area":0.8,"mask":true,"color":"#FFFFFF"},"geometry":{"type":"Polygon","coordinates":[[[127.646833,34.618937],[127.646839,34.618935],[127.646838,34.618932],[127.646831,34.618934],[127.646833,34.618937]]]}},{"type":"Feature","properties":{"id":"4e9504568a1a6529b56dc3352b66080b733886f7","cls":"styrofoam","cid":3,"cat":2,"conf":0.765,"area":1.0,"mask":true,"color":"#FFFFFF"},"geometry":{"type":"Polygon","coordinates":[[[127.646907,34.61885],[127.646908,34.61885],[127.64691,34.618848],[127.646908,34.618845],[127.646906,34.618845],[127.646904,34.618846],[127.646904,34.618847],[127.646907,34.61885]]]}},{"type":"Feature","properties":{"id":"c39d8223d21a0569b86be30e88f85824c3a0ecc2","cls":"styrofoam","cid":3,"cat":2,"conf":0.76,"area":1.0,"mask":true,"color":"#FFFFFF"},"geometry":{"type":"Polygon","coordinates":[[[127.64687,34.618893],[127.646874,34.618889],[127.646871,34.618887],[127.646869,34.618888],[127.646867,34.61889],[127.64687,34.618893]]]}},{"type":"Feature","properties":{"id":"61645aae99927c1a21e8422eef5c42f4799aef22","cls":"styrofoam","cid":3,"cat":2,"conf":0.404,"area":5.9,"mask":true,"color":"#FFFFFF"},"geometry":{"type":"Polygon","coordinates":[[[127.646895,34.618765],[127.646901,34.618761],[127.646903,34.618761],[127.646905,34.61876],[127.646904,34.618757],[127.646902,34.618756],[127.646901,34.618753],[127.646899,34.618752],[127.646895,34.618753],[127.64689,34.618756],[127.646888,34.618758],[127.646888,34.618761],[127.646889,34.618763],[127.646895,34.618765]]]}},{"type":"Feature","properties":{"id":"c1a1f50d0c95364bd1fb61d0f809742846e2fbd1","cls":"styrofoam","cid":3,"cat":2,"conf":0.709,"area":4.5,"mask":true,"color":"#FFFFFF"},"geometry":{"type":"Polygon","coordinates":[[[127.647297,34.61853],[127.647299,34.618519],[127.647298,34.618517],[127.647293,34.618517],[127.647291,34.618519],[127.647289,34.618529],[127.647291,34.61853],[127.647297,34.61853]]]}},{"type":"Feature","properties":{"id":"abb61a4f1fb257c30b41d02fa6ea5dd57d862093","cls":"styrofoam","cid":3,"cat":2,"conf":0.748,"area":0.6,"mask":true,"color":"#FFFFFF"},"geometry":{"type":"Polygon","coordinates":[[[127.647378,34.618436],[127.647381,34.618436],[127.64738,34.618432],[127.647377,34.618433],[127.647377,34.618435],[127.647378,34.618436]]]}},{"type":"Feature","properties":{"id":"e94206211e48b1cf93f96e3e44b7f8fcc826eb66","cls":"styrofoam","cid":3,"cat":2,"conf":0.705,"area":0.6,"mask":true,"color":"#FFFFFF"},"geometry":{"type":"Polygon","coordinates":[[[127.647415,34.618397],[127.647417,34.618397],[127.647417,34.618394],[127.647414,34.618393],[127.647413,34.618394],[127.647413,34.618396],[127.647415,34.618397]]]}},{"type":"Feature","properties":{"id":"bafc61637fff1cda1640a50161c9a40ffcf99b23","cls":"styrofoam","cid":3,"cat":2,"conf":0.627,"area":0.5,"mask":true,"color":"#FFFFFF"},"geometry":{"type":"Polygon","coordinates":[[[127.647413,34.618393],[127.647416,34.618392],[127.647414,34.618389],[127.647411,34.618391],[127.647411,34.618392],[127.647413,34.618393]]]}},{"type":"Feature","properties":{"id":"39e9599e6f20bfc416b605f7d57e478f882d1cfa","cls":"styrofoam","cid":3,"cat":2,"conf":0.668,"area":0.8,"mask":true,"color":"#FFFFFF"},"geometry":{"type":"Polygon","coordinates":[[[127.647499,34.618375],[127.647501,34.618374],[127.647501,34.618372],[127.6475,34.618371],[127.647498,34.61837],[127.647495,34.618372],[127.647494,34.618372],[127.647496,34.618374],[127.647499,34.618375]]]}},{"type":"Feature","properties":{"id":"44e5adb5c1cf3af4cf1c132f4f808f3a88ba9035","cls":"styrofoam","cid":3,"cat":2,"conf":0.538,"area":0.5,"mask":true,"color":"#FFFFFF"},"geometry":{"type":"Polygon","coordinates":[[[127.647415,34.618398],[127.647419,34.618394],[127.647417,34.618392],[127.647415,34.618393],[127.647415,34.618398]]]}},{"type":"Feature","properties":{"id":"a5e19d28abeea489c0b39f8e64b95e98f29b3ea5","cls":"styrofoam","cid":3,"cat":2,"conf":0.408,"area":1.2,"mask":true,"color":"#FFFFFF"},"geometry":{"type":"Polygon","coordinates":[[[127.647471,34.61832],[127.647473,34.618319],[127.647474,34.618317],[127.647472,34.618315],[127.647469,34.618314],[127.647467,34.618315],[127.647467,34.618318],[127.647468,34.618319],[127.647471,34.61832]]]}},{"type":"Feature","properties":{"id":"ef10651346dbbadc867c3a71d5713067b151aaba","cls":"rope","cid":5,"cat":3,"conf":0.113,"area":6.8,"mask":true,"color":"#8B008B"},"geometry":{"type":"Polygon","coordinates":[[[127.64762,34.61804],[127.647624,34.618039],[127.64763,34.618038],[127.64763,34.618036],[127.647633,34.618034],[127.64763,34.618032],[127.647629,34.618029],[127.647626,34.618025],[127.647623,34.618025],[127.647618,34.61803],[127.647615,34.618036],[127.64762,34.61804]]]}},{"type":"Feature","properties":{"id":"d185bc622747876d779a409aab2c19d753016a73","cls":"styrofoam","cid":3,"cat":2,"conf":0.75,"area":1.9,"mask":true,"color":"#FFFFFF"},"geometry":{"type":"Polygon","coordinates":[[[127.647782,34.617875],[127.647785,34.617874],[127.647786,34.617871],[127.647784,34.617868],[127.647779,34.617867],[127.647778,34.617868],[127.647777,34.61787],[127.64778,34.617872],[127.64778,34.617875],[127.647782,34.617875]]]}},{"type":"Feature","properties":{"id":"f1d27e6c2b5f1d773a8107915b459ed959747632","cls":"styrofoam","cid":3,"cat":2,"conf":0.595,"area":0.9,"mask":true,"color":"#FFFFFF"},"geometry":{"type":"Polygon","coordinates":[[[127.647769,34.617906],[127.64777,34.617906],[127.647771,34.617905],[127.647772,34.617901],[127.647771,34.617901],[127.647768,34.617901],[127.647767,34.617902],[127.647767,34.617905],[127.647769,34.617906]]]}},{"type":"Feature","properties":{"id":"86349418c475ba08da29d39f3e85e3e897643c91","cls":"styrofoam","cid":3,"cat":2,"conf":0.576,"area":0.9,"mask":true,"color":"#FFFFFF"},"geometry":{"type":"Polygon","coordinates":[[[127.64779,34.617864],[127.647793,34.617863],[127.647792,34.61786],[127.647791,34.617859],[127.647786,34.617861],[127.647787,34.617863],[127.64779,34.617864]]]}},{"type":"Feature","properties":{"id":"3f0a19cfdf39286ffa7f79ba8fb8976d4be5a518","cls":"styrofoam","cid":3,"cat":2,"conf":0.789,"area":1.0,"mask":true,"color":"#FFFFFF"},"geometry":{"type":"Polygon","coordinates":[[[127.647808,34.617867],[127.647809,34.617867],[127.647813,34.617866],[127.647813,34.617864],[127.647812,34.617863],[127.647808,34.617863],[127.647806,34.617864],[127.647808,34.617867]]]}},{"type":"Feature","properties":{"id":"46cf5f744478f5ada15e7c0e7f02868e19e875d3","cls":"styrofoam","cid":3,"cat":2,"conf":0.78,"area":0.9,"mask":true,"color":"#FFFFFF"},"geometry":{"type":"Polygon","coordinates":[[[127.647907,34.617837],[127.647909,34.617836],[127.647909,34.617834],[127.647906,34.617833],[127.647903,34.617833],[127.647902,34.617835],[127.647907,34.617837]]]}},{"type":"Feature","properties":{"id":"2f44af2b523e8ccd5bc13659d3a31db8339f77c5","cls":"styrofoam","cid":3,"cat":2,"conf":0.732,"area":1.0,"mask":true,"color":"#FFFFFF"},"geometry":{"type":"Polygon","coordinates":[[[127.647851,34.617843],[127.647853,34.617842],[127.647854,34.61784],[127.64785,34.617837],[127.647848,34.617838],[127.647848,34.61784],[127.647851,34.617843]]]}},{"type":"Feature","properties":{"id":"d92b339c378e162773e116eb4d194ce862b0ad03","cls":"styrofoam","cid":3,"cat":2,"conf":0.721,"area":0.9,"mask":true,"color":"#FFFFFF"},"geometry":{"type":"Polygon","coordinates":[[[127.64781,34.617859],[127.647813,34.617858],[127.647813,34.617856],[127.647809,34.617855],[127.647807,34.617855],[127.647807,34.617858],[127.64781,34.617859]]]}},{"type":"Feature","properties":{"id":"92ad444fd4029202a2c2e63d6d3f28501930bef0","cls":"styrofoam","cid":3,"cat":2,"conf":0.714,"area":1.2,"mask":true,"color":"#FFFFFF"},"geometry":{"type":"Polygon","coordinates":[[[127.647843,34.617839],[127.647847,34.617838],[127.647848,34.617835],[127.647847,34.617834],[127.647842,34.617834],[127.64784,34.617835],[127.647841,34.617838],[127.647843,34.617839]]]}},{"type":"Feature","properties":{"id":"24386dab17e53964b13385f61299c81f89faeb98","cls":"styrofoam","cid":3,"cat":2,"conf":0.603,"area":0.9,"mask":true,"color":"#FFFFFF"},"geometry":{"type":"Polygon","coordinates":[[[127.647789,34.617864],[127.647793,34.617863],[127.647792,34.61786],[127.647791,34.617859],[127.647786,34.617861],[127.647787,34.617863],[127.647789,34.617864]]]}},{"type":"Feature","properties":{"id":"338ecdc76575fb77138a4a8641ad134b9d5f0284","cls":"styrofoam","cid":3,"cat":2,"conf":0.578,"area":0.8,"mask":true,"color":"#FFFFFF"},"geometry":{"type":"Polygon","coordinates":[[[127.647854,34.617846],[127.647856,34.617845],[127.647857,34.617842],[127.647854,34.61784],[127.647852,34.617844],[127.647854,34.617846]]]}},{"type":"Feature","properties":{"id":"cd667feabc31480bd36c8f4906b77198ed20db0b","cls":"styrofoam","cid":3,"cat":2,"conf":0.569,"area":1.7,"mask":true,"color":"#FFFFFF"},"geometry":{"type":"Polygon","coordinates":[[[127.647803,34.617864],[127.647806,34.617864],[127.647806,34.617858],[127.647802,34.61786],[127.6478,34.61786],[127.647799,34.617861],[127.647795,34.617861],[127.647794,34.617863],[127.647795,34.617864],[127.647799,34.617863],[127.647803,34.617864]]]}},{"type":"Feature","properties":{"id":"d0a3ab85a924fdf51dea40d606ff8b7ee2907e6e","cls":"styrofoam","cid":3,"cat":2,"conf":0.445,"area":0.5,"mask":true,"color":"#FFFFFF"},"geometry":{"type":"Polygon","coordinates":[[[127.647851,34.61783],[127.647852,34.61783],[127.647852,34.617827],[127.64785,34.617826],[127.647848,34.617828],[127.647851,34.61783]]]}},{"type":"Feature","properties":{"id":"c4261cfb5bdf5a1d76d78167de0920b3e5e16909","cls":"styrofoam","cid":3,"cat":2,"conf":0.715,"area":1.0,"mask":true,"color":"#FFFFFF"},"geometry":{"type":"Polygon","coordinates":[[[127.647864,34.617814],[127.647868,34.617813],[127.647869,34.617811],[127.647869,34.61781],[127.647866,34.617809],[127.647863,34.61781],[127.647863,34.617813],[127.647864,34.617814]]]}},{"type":"Feature","properties":{"id":"559e973e22ef7b01c3306bdd89e6896b66ce233e","cls":"styrofoam","cid":3,"cat":2,"conf":0.678,"area":1.2,"mask":true,"color":"#FFFFFF"},"geometry":{"type":"Polygon","coordinates":[[[127.647897,34.617795],[127.647899,34.617793],[127.6479,34.617791],[127.647899,34.61779],[127.647895,34.61779],[127.647893,34.617793],[127.647894,34.617794],[127.647897,34.617795]]]}},{"type":"Feature","properties":{"id":"da741faa17961b7b39f98d3b4ab6a210117eb6ea","cls":"styrofoam","cid":3,"cat":2,"conf":0.652,"area":1.0,"mask":true,"color":"#FFFFFF"},"geometry":{"type":"Polygon","coordinates":[[[127.647855,34.617821],[127.647856,34.61782],[127.647855,34.617816],[127.647854,34.617816],[127.647851,34.617816],[127.64785,34.617818],[127.647851,34.61782],[127.647855,34.617821]]]}},{"type":"Feature","properties":{"id":"fedc60c316e140af0ac5d5c8268e9fd585ec1b36","cls":"styrofoam","cid":3,"cat":2,"conf":0.637,"area":0.5,"mask":true,"color":"#FFFFFF"},"geometry":{"type":"Polygon","coordinates":[[[127.647902,34.617835],[127.647909,34.617835],[127.647909,34.617834],[127.647906,34.617833],[127.647903,34.617833],[127.647902,34.617835]]]}},{"type":"Feature","properties":{"id":"5fb3f24f0fa388d088fe28dc0e8917b3dba5ee6b","cls":"styrofoam","cid":3,"cat":2,"conf":0.625,"area":1.3,"mask":true,"color":"#FFFFFF"},"geometry":{"type":"Polygon","coordinates":[[[127.647919,34.617791],[127.647921,34.61779],[127.647922,34.617787],[127.647922,34.617786],[127.64792,34.617785],[127.647917,34.617785],[127.647915,34.617788],[127.647917,34.61779],[127.647919,34.617791]]]}},{"type":"Feature","properties":{"id":"177c6b756b9fec12c2573697ff652b71619d569f","cls":"styrofoam","cid":3,"cat":2,"conf":0.605,"area":0.5,"mask":true,"color":"#FFFFFF"},"geometry":{"type":"Polygon","coordinates":[[[127.647848,34.617818],[127.64785,34.617818],[127.647853,34.617815],[127.647851,34.617814],[127.647848,34.617815],[127.647848,34.617818]]]}},{"type":"Feature","properties":{"id":"73bf736cd2e479c5e3fbdb07565375c2643db1be","cls":"styrofoam","cid":3,"cat":2,"conf":0.549,"area":0.6,"mask":true,"color":"#FFFFFF"},"geometry":{"type":"Polygon","coordinates":[[[127.647852,34.617827],[127.647854,34.617826],[127.647854,34.617824],[127.647851,34.617823],[127.647849,34.617825],[127.647852,34.617827]]]}},{"type":"Feature","properties":{"id":"c09a556238f395b833b61478ce6dd86bdba9eb60","cls":"styrofoam","cid":3,"cat":2,"conf":0.535,"area":0.3,"mask":true,"color":"#FFFFFF"},"geometry":{"type":"Polygon","coordinates":[[[127.64785,34.617823],[127.647851,34.617822],[127.64785,34.61782],[127.647848,34.617821],[127.647848,34.617823],[127.64785,34.617823]]]}},{"type":"Feature","properties":{"id":"d82d113d653052115fbcce5d79035604c04b725f","cls":"styrofoam","cid":3,"cat":2,"conf":0.458,"area":0.5,"mask":true,"color":"#FFFFFF"},"geometry":{"type":"Polygon","coordinates":[[[127.647851,34.61783],[127.647852,34.61783],[127.647852,34.617827],[127.647849,34.617826],[127.647849,34.617828],[127.647851,34.61783]]]}},{"type":"Feature","properties":{"id":"f6485c82623e7ae2cb16eb478b45b19d36a88930","cls":"styrofoam","cid":3,"cat":2,"conf":0.47,"area":0.9,"mask":true,"color":"#FFFFFF"},"geometry":{"type":"Polygon","coordinates":[[[127.648042,34.617717],[127.648044,34.617716],[127.648045,34.617714],[127.648043,34.617713],[127.648041,34.617713],[127.648039,34.617714],[127.648039,34.617716],[127.648042,34.617717]]]}},{"type":"Feature","properties":{"id":"e78e75f59526845482edf059bcedb4ecb9da9096","cls":"styrofoam","cid":3,"cat":2,"conf":0.789,"area":1.2,"mask":true,"color":"#FFFFFF"},"geometry":{"type":"Polygon","coordinates":[[[127.647991,34.617693],[127.647993,34.617693],[127.647995,34.61769],[127.647994,34.617686],[127.647993,34.617686],[127.647988,34.617691],[127.647991,34.617693]]]}},{"type":"Feature","properties":{"id":"6b493e3c1712cae7dec0f5512a5b8bf42bfca0c7","cls":"styrofoam","cid":3,"cat":2,"conf":0.724,"area":1.1,"mask":true,"color":"#FFFFFF"},"geometry":{"type":"Polygon","coordinates":[[[127.64799,34.6177],[127.647992,34.617699],[127.647993,34.617697],[127.647989,34.617695],[127.647986,34.617695],[127.647986,34.617698],[127.64799,34.6177]]]}},{"type":"Feature","properties":{"id":"f7b87a85553701918a6bc7b76fe82e1164be331a","cls":"styrofoam","cid":3,"cat":2,"conf":0.788,"area":3.4,"mask":true,"color":"#FFFFFF"},"geometry":{"type":"Polygon","coordinates":[[[127.648217,34.617574],[127.648219,34.617574],[127.648224,34.61757],[127.648226,34.61757],[127.648227,34.617567],[127.648224,34.617564],[127.648222,34.617564],[127.648221,34.617564],[127.648213,34.61757],[127.648213,34.617571],[127.648217,34.617574]]]}},{"type":"Feature","properties":{"id":"50dedfad2bedf5e84d3e1469fc3c5678e5ced4b3","cls":"styrofoam","cid":3,"cat":2,"conf":0.777,"area":3.3,"mask":true,"color":"#FFFFFF"},"geometry":{"type":"Polygon","coordinates":[[[127.648218,34.617574],[127.648227,34.617569],[127.648227,34.617566],[127.648223,34.617564],[127.648221,34.617564],[127.648214,34.617569],[127.648214,34.617572],[127.648218,34.617574]]]}},{"type":"Feature","properties":{"id":"18b05677205c3d376ba31b4fa920fbc63d9049f3","cls":"styrofoam","cid":3,"cat":2,"conf":0.767,"area":1.2,"mask":true,"color":"#FFFFFF"},"geometry":{"type":"Polygon","coordinates":[[[127.648285,34.617507],[127.648291,34.617507],[127.648291,34.617505],[127.648291,34.617504],[127.64829,34.617503],[127.648284,34.617503],[127.648284,34.617506],[127.648285,34.617507]]]}},{"type":"Feature","properties":{"id":"90f0cef0d0915f2e47cc1d6aa958dfab3f4bb937","cls":"styrofoam","cid":3,"cat":2,"conf":0.492,"area":5.3,"mask":true,"color":"#FFFFFF"},"geometry":{"type":"Polygon","coordinates":[[[127.648336,34.6175],[127.648337,34.6175],[127.648349,34.617491],[127.648344,34.617486],[127.648342,34.617486],[127.64833,34.617495],[127.64833,34.617496],[127.648333,34.617498],[127.648336,34.6175]]]}},{"type":"Feature","properties":{"id":"5e1bf4476b78225ac8cc7c7a07bb3e08434146fe","cls":"buoy_blue","cid":1,"cat":1,"conf":0.727,"area":1.2,"mask":true,"color":"#0066CC"},"geometry":{"type":"Polygon","coordinates":[[[127.649086,34.616906],[127.649087,34.616905],[127.649089,34.616901],[127.649085,34.616899],[127.649082,34.616904],[127.649083,34.616905],[127.649086,34.616906]]]}},{"type":"Feature","properties":{"id":"1e83c6702fb782972d3f632dcd871d8b69ab2189","cls":"styrofoam","cid":3,"cat":2,"conf":0.562,"area":1.4,"mask":true,"color":"#FFFFFF"},"geometry":{"type":"Polygon","coordinates":[[[127.649172,34.616964],[127.649176,34.616963],[127.649177,34.616961],[127.649179,34.61696],[127.649178,34.616958],[127.649175,34.616958],[127.649171,34.616959],[127.649171,34.616962],[127.649172,34.616964]]]}},{"type":"Feature","properties":{"id":"26e87fae1689f12aa4731b4bcb4f07f49c735a54","cls":"styrofoam","cid":3,"cat":2,"conf":0.816,"area":1.2,"mask":true,"color":"#FFFFFF"},"geometry":{"type":"Polygon","coordinates":[[[127.649647,34.616156],[127.649653,34.616155],[127.649653,34.616152],[127.649646,34.616152],[127.649646,34.616154],[127.649647,34.616156]]]}},{"type":"Feature","properties":{"id":"9e0383604c97cb6dc418315a4ca962521b36cbc6","cls":"styrofoam","cid":3,"cat":2,"conf":0.633,"area":0.9,"mask":true,"color":"#FFFFFF"},"geometry":{"type":"Polygon","coordinates":[[[127.649621,34.616148],[127.649624,34.616147],[127.649624,34.616145],[127.649618,34.616144],[127.649618,34.616147],[127.649621,34.616148]]]}},{"type":"Feature","properties":{"id":"ad6f4a11274d6d291de6d7665140fcafd481d673","cls":"styrofoam","cid":3,"cat":2,"conf":0.633,"area":0.8,"mask":true,"color":"#FFFFFF"},"geometry":{"type":"Polygon","coordinates":[[[127.649639,34.616173],[127.649641,34.616172],[127.649643,34.616169],[127.649642,34.616168],[127.64964,34.616168],[127.649639,34.616168],[127.649637,34.616171],[127.649638,34.616173],[127.649639,34.616173]]]}},{"type":"Feature","properties":{"id":"c495f2dcaa2ab43bac8d053b6cc475f14f593875","cls":"styrofoam","cid":3,"cat":2,"conf":0.625,"area":1.0,"mask":true,"color":"#FFFFFF"},"geometry":{"type":"Polygon","coordinates":[[[127.649593,34.616195],[127.649596,34.616192],[127.649594,34.61619],[127.649592,34.61619],[127.649589,34.616193],[127.649589,34.616194],[127.649593,34.616195]]]}},{"type":"Feature","properties":{"id":"a37fd5d94943c88b385f2139cf18ae7acdee7ced","cls":"styrofoam","cid":3,"cat":2,"conf":0.595,"area":0.8,"mask":true,"color":"#FFFFFF"},"geometry":{"type":"Polygon","coordinates":[[[127.649632,34.616168],[127.649633,34.616168],[127.649635,34.616165],[127.649633,34.616163],[127.649632,34.616163],[127.64963,34.616166],[127.64963,34.616167],[127.649632,34.616168]]]}},{"type":"Feature","properties":{"id":"fcf5c80688a5238df81dbb5887376f4871f9a1e8","cls":"styrofoam","cid":3,"cat":2,"conf":0.497,"area":0.4,"mask":true,"color":"#FFFFFF"},"geometry":{"type":"Polygon","coordinates":[[[127.649672,34.61618],[127.649675,34.616179],[127.649675,34.616178],[127.649673,34.616176],[127.649671,34.616178],[127.649672,34.61618]]]}},{"type":"Feature","properties":{"id":"463fb8570b2d43ec57286d1002eb9490f4f1bcab","cls":"styrofoam","cid":3,"cat":2,"conf":0.76,"area":0.9,"mask":true,"color":"#FFFFFF"},"geometry":{"type":"Polygon","coordinates":[[[127.649695,34.616134],[127.649697,34.616134],[127.649698,34.616132],[127.649696,34.61613],[127.649694,34.616129],[127.649692,34.61613],[127.649692,34.616131],[127.649695,34.616134]]]}},{"type":"Feature","properties":{"id":"4e46c43db1fb2a77835687585f2caf7cca7e1e46","cls":"styrofoam","cid":3,"cat":2,"conf":0.749,"area":1.2,"mask":true,"color":"#FFFFFF"},"geometry":{"type":"Polygon","coordinates":[[[127.649708,34.616141],[127.649711,34.616139],[127.649712,34.616137],[127.649711,34.616135],[127.649709,34.616134],[127.649707,34.616135],[127.649706,34.616137],[127.649706,34.616139],[127.649708,34.616141]]]}},{"type":"Feature","properties":{"id":"600343fd9f8fda58ba3166979fd7e2b8fe10ccc1","cls":"styrofoam","cid":3,"cat":2,"conf":0.71,"area":0.9,"mask":true,"color":"#FFFFFF"},"geometry":{"type":"Polygon","coordinates":[[[127.649706,34.616132],[127.649709,34.616131],[127.649709,34.61613],[127.649705,34.616126],[127.649703,34.616128],[127.649703,34.616129],[127.649706,34.616132]]]}},{"type":"Feature","properties":{"id":"e2ee31034e5a3294aa706b5ff57f223fda88f6a7","cls":"styrofoam","cid":3,"cat":2,"conf":0.446,"area":1.0,"mask":true,"color":"#FFFFFF"},"geometry":{"type":"Polygon","coordinates":[[[127.649677,34.616141],[127.649679,34.616141],[127.64968,34.616139],[127.649681,34.616136],[127.649679,34.616135],[127.649677,34.616135],[127.649676,34.616137],[127.649676,34.61614],[127.649677,34.616141]]]}},{"type":"Feature","properties":{"id":"c4e548a95a623607d1340cfeb253ca3fcb6f3c15","cls":"styrofoam","cid":3,"cat":2,"conf":0.786,"area":0.9,"mask":true,"color":"#FFFFFF"},"geometry":{"type":"Polygon","coordinates":[[[127.649695,34.616134],[127.649697,34.616134],[127.649698,34.616132],[127.649695,34.616129],[127.649694,34.616129],[127.649692,34.616131],[127.649695,34.616134]]]}},{"type":"Feature","properties":{"id":"8cd8216630f415c5ad75d8780d347f39f3dbe185","cls":"styrofoam","cid":3,"cat":2,"conf":0.731,"area":1.0,"mask":true,"color":"#FFFFFF"},"geometry":{"type":"Polygon","coordinates":[[[127.649705,34.616132],[127.649708,34.616131],[127.649709,34.61613],[127.649706,34.616126],[127.649705,34.616126],[127.649703,34.616128],[127.649703,34.616129],[127.649705,34.616132]]]}},{"type":"Feature","properties":{"id":"a3ad656aa061f86f4ed8e65276f816548bdfd55d","cls":"styrofoam","cid":3,"cat":2,"conf":0.73,"area":0.9,"mask":true,"color":"#FFFFFF"},"geometry":{"type":"Polygon","coordinates":[[[127.649706,34.616139],[127.649711,34.616139],[127.649711,34.616136],[127.649709,34.616134],[127.649707,34.616135],[127.649706,34.616136],[127.649706,34.616139]]]}},{"type":"Feature","properties":{"id":"06d95ab2ea496de9e24ffee41270b9d1af63bc16","cls":"styrofoam","cid":3,"cat":2,"conf":0.489,"area":2.4,"mask":true,"color":"#FFFFFF"},"geometry":{"type":"MultiPolygon","coordinates":[[[[127.649695,34.616139],[127.649694,34.616134],[127.649691,34.616134],[127.64969,34.616139],[127.649695,34.616139]]],[[[127.649685,34.616139],[127.649684,34.616135],[127.649678,34.616135],[127.649676,34.616136],[127.649676,34.616139],[127.649685,34.616139]]]]}},{"type":"Feature","properties":{"id":"0ccdd7f79ac2aedd57635620cceba92e4e955fda","cls":"styrofoam","cid":3,"cat":2,"conf":0.481,"area":0.7,"mask":true,"color":"#FFFFFF"},"geometry":{"type":"Polygon","coordinates":[[[127.649676,34.616139],[127.64968,34.616139],[127.64968,34.616136],[127.649677,34.616135],[127.649676,34.616137],[127.649676,34.616139]]]}},{"type":"Feature","properties":{"id":"2141cf083b8b623ffe4d784daace0cac08d915c4","cls":"styrofoam","cid":3,"cat":2,"conf":0.663,"area":0.7,"mask":true,"color":"#FFFFFF"},"geometry":{"type":"Polygon","coordinates":[[[127.650002,34.615944],[127.650005,34.615944],[127.650006,34.615943],[127.650006,34.615941],[127.650004,34.61594],[127.650002,34.61594],[127.650001,34.615942],[127.650001,34.615943],[127.650002,34.615944]]]}},{"type":"Feature","properties":{"id":"d363c34ddc6161292b0eb5744738f61e0554d376","cls":"buoy_blue","cid":1,"cat":1,"conf":0.814,"area":1.3,"mask":true,"color":"#0066CC"},"geometry":{"type":"Polygon","coordinates":[[[127.650556,34.615257],[127.650558,34.615256],[127.650558,34.615254],[127.650556,34.615252],[127.650554,34.615251],[127.650552,34.615251],[127.650551,34.615253],[127.650551,34.615255],[127.650556,34.615257]]]}},{"type":"Feature","properties":{"id":"bb508d55ad32a1496991ba23fcc7e2e77f5b7391","cls":"styrofoam","cid":3,"cat":2,"conf":0.8,"area":1.0,"mask":true,"color":"#FFFFFF"},"geometry":{"type":"Polygon","coordinates":[[[127.650806,34.614852],[127.650808,34.614852],[127.650809,34.61485],[127.650805,34.614847],[127.650803,34.614847],[127.650802,34.614848],[127.650801,34.614849],[127.650806,34.614852]]]}},{"type":"Feature","properties":{"id":"6d55e32d38f69cc400f948dfcab6ad68d2eff309","cls":"styrofoam","cid":3,"cat":2,"conf":0.717,"area":0.7,"mask":true,"color":"#FFFFFF"},"geometry":{"type":"Polygon","coordinates":[[[127.650803,34.61485],[127.650808,34.61485],[127.650808,34.61485],[127.650804,34.614847],[127.650802,34.614848],[127.650802,34.61485],[127.650803,34.61485]]]}},{"type":"Feature","properties":{"id":"d4211ed6d67c8f91d2816a99785d129cba873cb5","cls":"styrofoam","cid":3,"cat":2,"conf":0.632,"area":0.6,"mask":true,"color":"#FFFFFF"},"geometry":{"type":"Polygon","coordinates":[[[127.650942,34.614821],[127.650944,34.61482],[127.650944,34.614819],[127.650943,34.614818],[127.650941,34.614817],[127.65094,34.614818],[127.650939,34.61482],[127.650942,34.614821]]]}},{"type":"Feature","properties":{"id":"195508180d27c94ce6860b3f16d9f7dec80315f3","cls":"styrofoam","cid":3,"cat":2,"conf":0.64,"area":1.3,"mask":true,"color":"#FFFFFF"},"geometry":{"type":"Polygon","coordinates":[[[127.651143,34.612852],[127.651147,34.612851],[127.651147,34.612849],[127.651145,34.612847],[127.651144,34.612846],[127.651142,34.612846],[127.65114,34.612847],[127.651142,34.612851],[127.651143,34.612852]]]}},{"type":"Feature","properties":{"id":"9c5d04a66bd4769fd8815490dfb5e42e59608b45","cls":"styrofoam","cid":3,"cat":2,"conf":0.674,"area":0.5,"mask":true,"color":"#FFFFFF"},"geometry":{"type":"Polygon","coordinates":[[[127.651287,34.612804],[127.651289,34.612803],[127.651289,34.6128],[127.651288,34.6128],[127.651286,34.612801],[127.651285,34.612803],[127.651287,34.612804]]]}},{"type":"Feature","properties":{"id":"628edaa3211735b845592a8408a5474bbc86d3c8","cls":"styrofoam","cid":3,"cat":2,"conf":0.402,"area":0.8,"mask":true,"color":"#FFFFFF"},"geometry":{"type":"Polygon","coordinates":[[[127.651174,34.612796],[127.651174,34.612795],[127.651174,34.612794],[127.651172,34.612792],[127.651169,34.612792],[127.651168,34.612793],[127.651168,34.612795],[127.651174,34.612796]]]}},{"type":"Feature","properties":{"id":"da8e9413309c100943dde61eae25330df835263c","cls":"styrofoam","cid":3,"cat":2,"conf":0.561,"area":0.8,"mask":true,"color":"#FFFFFF"},"geometry":{"type":"Polygon","coordinates":[[[127.651174,34.612796],[127.651174,34.612794],[127.651173,34.612793],[127.651169,34.612792],[127.651168,34.612795],[127.651169,34.612796],[127.651174,34.612796]]]}},{"type":"Feature","properties":{"id":"72168790f8c3e9912a43bba6d86ab6b9710822f1","cls":"styrofoam","cid":3,"cat":2,"conf":0.524,"area":0.4,"mask":true,"color":"#FFFFFF"},"geometry":{"type":"Polygon","coordinates":[[[127.651316,34.612767],[127.651319,34.612765],[127.65132,34.612764],[127.651319,34.612764],[127.651316,34.612765],[127.651315,34.612767],[127.651316,34.612767]]]}},{"type":"Feature","properties":{"id":"533cf44ae0de012253f320ad78159916e0102847","cls":"styrofoam","cid":3,"cat":2,"conf":0.431,"area":0.6,"mask":true,"color":"#FFFFFF"},"geometry":{"type":"Polygon","coordinates":[[[127.651348,34.612677],[127.65135,34.612676],[127.651351,34.612673],[127.65135,34.612673],[127.651347,34.612673],[127.651346,34.612674],[127.651346,34.612676],[127.651348,34.612677]]]}},{"type":"Feature","properties":{"id":"dab92bfd2beec9660d41f2e7b893e92ad7d615d0","cls":"styrofoam","cid":3,"cat":2,"conf":0.608,"area":0.7,"mask":true,"color":"#FFFFFF"},"geometry":{"type":"Polygon","coordinates":[[[127.651405,34.612659],[127.651408,34.612658],[127.651409,34.612657],[127.651408,34.612655],[127.651404,34.612656],[127.651403,34.612657],[127.651403,34.612658],[127.651405,34.612659]]]}},{"type":"Feature","properties":{"id":"93f8b5d10d5f8fb5c9a8a7f59bb58c4ce9513e36","cls":"styrofoam","cid":3,"cat":2,"conf":0.547,"area":0.7,"mask":true,"color":"#FFFFFF"},"geometry":{"type":"Polygon","coordinates":[[[127.651348,34.612677],[127.65135,34.612676],[127.651351,34.612673],[127.65135,34.612673],[127.651346,34.612673],[127.651346,34.612674],[127.651345,34.612675],[127.651348,34.612677]]]}},{"type":"Feature","properties":{"id":"1bdc9d7a26c7ee2b4a47fb933a8b76bafc6c3b89","cls":"styrofoam","cid":3,"cat":2,"conf":0.466,"area":0.4,"mask":true,"color":"#FFFFFF"},"geometry":{"type":"Polygon","coordinates":[[[127.651373,34.612666],[127.651377,34.612665],[127.651377,34.612664],[127.651376,34.612663],[127.651373,34.612663],[127.651373,34.612666]]]}},{"type":"Feature","properties":{"id":"ed1bbaf85d9e3514f631d54bb827d56cc29ce94d","cls":"styrofoam","cid":3,"cat":2,"conf":0.445,"area":0.5,"mask":true,"color":"#FFFFFF"},"geometry":{"type":"Polygon","coordinates":[[[127.651377,34.612662],[127.651379,34.612661],[127.65138,34.612659],[127.651379,34.612658],[127.651378,34.612658],[127.651376,34.612659],[127.651375,34.612661],[127.651377,34.612662]]]}},{"type":"Feature","properties":{"id":"709bdd88b62afeb99ebc3a003974068e732e95d1","cls":"styrofoam","cid":3,"cat":2,"conf":0.401,"area":0.5,"mask":true,"color":"#FFFFFF"},"geometry":{"type":"Polygon","coordinates":[[[127.651364,34.612624],[127.651366,34.612623],[127.651366,34.612621],[127.651364,34.612621],[127.651362,34.612621],[127.651362,34.612623],[127.651364,34.612624]]]}},{"type":"Feature","properties":{"id":"34608c28d11299c064e11a205546fd7449cec548","cls":"styrofoam","cid":3,"cat":2,"conf":0.812,"area":0.6,"mask":true,"color":"#FFFFFF"},"geometry":{"type":"Polygon","coordinates":[[[127.651472,34.612602],[127.651473,34.612601],[127.651474,34.612598],[127.65147,34.612598],[127.65147,34.612601],[127.651472,34.612602]]]}},{"type":"Feature","properties":{"id":"14f5f93ac615d2c5278c367ad0f8d95fa13b217c","cls":"buoy_blue","cid":1,"cat":1,"conf":0.686,"area":2.7,"mask":false,"color":"#0066CC"},"geometry":{"type":"Polygon","coordinates":[[[127.651848,34.61245],[127.651839,34.61245],[127.651839,34.612459],[127.651848,34.612458],[127.651848,34.61245]]]}},{"type":"Feature","properties":{"id":"b7a5543fe6b9afcd8ace91505ab8cc32365cb769","cls":"styrofoam","cid":3,"cat":2,"conf":0.759,"area":1.2,"mask":true,"color":"#FFFFFF"},"geometry":{"type":"Polygon","coordinates":[[[127.651584,34.612386],[127.651585,34.612386],[127.651587,34.612382],[127.651582,34.61238],[127.651579,34.612382],[127.651579,34.612383],[127.651584,34.612386]]]}},{"type":"Feature","properties":{"id":"b62b5786b3003059aa0bad5c9161dddb043fa4a1","cls":"buoy_blue","cid":1,"cat":1,"conf":0.655,"area":0.7,"mask":true,"color":"#0066CC"},"geometry":{"type":"Polygon","coordinates":[[[127.65166,34.612314],[127.651663,34.612311],[127.651661,34.61231],[127.651659,34.61231],[127.651658,34.612312],[127.65166,34.612314]]]}},{"type":"Feature","properties":{"id":"fd855966c4fca65ce58e46b635510ae190899d4e","cls":"styrofoam","cid":3,"cat":2,"conf":0.534,"area":1.1,"mask":true,"color":"#FFFFFF"},"geometry":{"type":"Polygon","coordinates":[[[127.651648,34.612396],[127.65165,34.612396],[127.651651,34.612393],[127.651648,34.61239],[127.651644,34.612393],[127.651645,34.612395],[127.651648,34.612396]]]}},{"type":"Feature","properties":{"id":"96eb470809630a5f800e82d4203d07df13014aa7","cls":"styrofoam","cid":3,"cat":2,"conf":0.499,"area":1.3,"mask":true,"color":"#FFFFFF"},"geometry":{"type":"Polygon","coordinates":[[[127.65168,34.612318],[127.651682,34.612318],[127.651685,34.612316],[127.651686,34.612314],[127.651685,34.612312],[127.651682,34.612312],[127.651679,34.612315],[127.651678,34.612317],[127.65168,34.612318]]]}},{"type":"Feature","properties":{"id":"70a4f644afe025dabb71f1fcdc11be2424bc10e5","cls":"styrofoam","cid":3,"cat":2,"conf":0.494,"area":1.8,"mask":true,"color":"#FFFFFF"},"geometry":{"type":"Polygon","coordinates":[[[127.651749,34.612399],[127.651752,34.612399],[127.651753,34.612397],[127.651753,34.612394],[127.651751,34.612391],[127.651747,34.612392],[127.651747,34.612394],[127.651745,34.612396],[127.651746,34.612398],[127.651749,34.612399]]]}},{"type":"Feature","properties":{"id":"2d6a28bcc9f1bad441e7acfe932a70171e038730","cls":"rope","cid":5,"cat":3,"conf":0.17,"area":2.2,"mask":true,"color":"#8B008B"},"geometry":{"type":"Polygon","coordinates":[[[127.651798,34.612418],[127.651797,34.612416],[127.651792,34.612414],[127.651791,34.612412],[127.651788,34.612412],[127.651785,34.612413],[127.651785,34.612416],[127.651787,34.612418],[127.651798,34.612418]]]}},{"type":"Feature","properties":{"id":"4a6c7a0475d776f8a91b35f4504a15faeb7c65eb","cls":"styrofoam","cid":3,"cat":2,"conf":0.745,"area":0.8,"mask":true,"color":"#FFFFFF"},"geometry":{"type":"Polygon","coordinates":[[[127.651958,34.61231],[127.651961,34.612309],[127.651963,34.612306],[127.651962,34.612305],[127.651961,34.612305],[127.651958,34.612306],[127.651957,34.612309],[127.651958,34.61231]]]}},{"type":"Feature","properties":{"id":"765e94f6b386c6ffebb8c044e03b98c33325251a","cls":"buoy_blue","cid":1,"cat":1,"conf":0.699,"area":1.6,"mask":true,"color":"#0066CC"},"geometry":{"type":"Polygon","coordinates":[[[127.652094,34.612359],[127.652097,34.612359],[127.652099,34.612356],[127.652098,34.612354],[127.652094,34.612352],[127.652091,34.612353],[127.652091,34.612356],[127.652094,34.612359]]]}},{"type":"Feature","properties":{"id":"a5632324241ab1c3a77e484223ea87f470499749","cls":"buoy_blue","cid":1,"cat":1,"conf":0.743,"area":0.8,"mask":true,"color":"#0066CC"},"geometry":{"type":"Polygon","coordinates":[[[127.65166,34.612314],[127.651663,34.612313],[127.651663,34.612311],[127.65166,34.612309],[127.651658,34.612311],[127.651658,34.612312],[127.65166,34.612314]]]}},{"type":"Feature","properties":{"id":"39e5e59efa29f3d4dca6bb0cd26189a586f76b2d","cls":"styrofoam","cid":3,"cat":2,"conf":0.671,"area":0.7,"mask":true,"color":"#FFFFFF"},"geometry":{"type":"Polygon","coordinates":[[[127.651959,34.61231],[127.651961,34.612309],[127.651963,34.612306],[127.651962,34.612305],[127.651961,34.612305],[127.651958,34.612306],[127.651957,34.612309],[127.651959,34.61231]]]}},{"type":"Feature","properties":{"id":"177ffc1a87b426326ddc24e28d5ccc46f831b59f","cls":"plastic_box","cid":6,"cat":3,"conf":0.195,"area":0.3,"mask":true,"color":"#FF8C00"},"geometry":{"type":"Polygon","coordinates":[[[127.652043,34.612197],[127.652045,34.612197],[127.652046,34.612196],[127.652043,34.612195],[127.652042,34.612196],[127.652043,34.612197]]]}},{"type":"Feature","properties":{"id":"a11f461d118228527ab1d2a398c43bdbb62410e0","cls":"styrofoam","cid":3,"cat":2,"conf":0.429,"area":0.5,"mask":true,"color":"#FFFFFF"},"geometry":{"type":"Polygon","coordinates":[[[127.68087,34.594873],[127.680871,34.594872],[127.680871,34.59487],[127.680865,34.59487],[127.680865,34.594871],[127.68087,34.594873]]]}},{"type":"Feature","properties":{"id":"872a575459df22770afef4ec4668f4517f779f85","cls":"styrofoam","cid":3,"cat":2,"conf":0.814,"area":0.8,"mask":true,"color":"#FFFFFF"},"geometry":{"type":"Polygon","coordinates":[[[127.680869,34.594872],[127.680871,34.594872],[127.680871,34.59487],[127.680867,34.594868],[127.680866,34.594868],[127.680865,34.594871],[127.680869,34.594872]]]}},{"type":"Feature","properties":{"id":"17c8b1bf893950682249be97d46da262a98ed521","cls":"styrofoam","cid":3,"cat":2,"conf":0.648,"area":0.8,"mask":true,"color":"#FFFFFF"},"geometry":{"type":"Polygon","coordinates":[[[127.680681,34.59459],[127.680683,34.59459],[127.680684,34.594588],[127.680679,34.594585],[127.680677,34.594588],[127.680681,34.59459]]]}},{"type":"Feature","properties":{"id":"69a3293fa1807dbdf219d1eb8b29c86663753d30","cls":"buoy_bottle","cid":0,"cat":1,"conf":0.725,"area":0.8,"mask":true,"color":"#8B4513"},"geometry":{"type":"Polygon","coordinates":[[[127.680543,34.593829],[127.680545,34.593827],[127.680545,34.593826],[127.680542,34.593824],[127.68054,34.593825],[127.680539,34.593827],[127.68054,34.593829],[127.680543,34.593829]]]}},{"type":"Feature","properties":{"id":"63cf1cab659bfa573c282137ea41c686eec13de9","cls":"styrofoam","cid":3,"cat":2,"conf":0.621,"area":0.7,"mask":true,"color":"#FFFFFF"},"geometry":{"type":"Polygon","coordinates":[[[127.680971,34.593547],[127.680977,34.593546],[127.680977,34.593546],[127.680977,34.593544],[127.680969,34.593544],[127.68097,34.593546],[127.680971,34.593547]]]}},{"type":"Feature","properties":{"id":"91aa33004933cc57f99ac4bc810a2a3c15ffc9f7","cls":"plastic_box","cid":6,"cat":3,"conf":0.159,"area":0.9,"mask":true,"color":"#FF8C00"},"geometry":{"type":"Polygon","coordinates":[[[127.680996,34.593638],[127.680999,34.593637],[127.680999,34.593635],[127.680998,34.593634],[127.680995,34.593633],[127.680994,34.593634],[127.680993,34.593636],[127.680996,34.593638]]]}},{"type":"Feature","properties":{"id":"0f80d1c0aad5713b0cb3baf45794957181bcbd06","cls":"styrofoam","cid":3,"cat":2,"conf":0.786,"area":1.2,"mask":true,"color":"#FFFFFF"},"geometry":{"type":"Polygon","coordinates":[[[127.681199,34.593482],[127.681207,34.593482],[127.681207,34.593478],[127.681201,34.593478],[127.6812,34.59348],[127.681199,34.593482]]]}},{"type":"Feature","properties":{"id":"b846906653e69e5fa998dbd4666bc0be6ac29b81","cls":"styrofoam","cid":3,"cat":2,"conf":0.71,"area":0.5,"mask":true,"color":"#FFFFFF"},"geometry":{"type":"Polygon","coordinates":[[[127.681203,34.593486],[127.681205,34.593486],[127.681206,34.593485],[127.681206,34.593483],[127.681205,34.593482],[127.681202,34.593483],[127.681202,34.593485],[127.681203,34.593486]]]}},{"type":"Feature","properties":{"id":"9c34d548857be64cdb313661b24bb4d5d9785f78","cls":"styrofoam","cid":3,"cat":2,"conf":0.822,"area":0.9,"mask":true,"color":"#FFFFFF"},"geometry":{"type":"Polygon","coordinates":[[[127.681267,34.593461],[127.681269,34.593457],[127.681266,34.593456],[127.681264,34.593456],[127.681262,34.593458],[127.681262,34.59346],[127.681267,34.593461]]]}},{"type":"Feature","properties":{"id":"f1ce84aa668d54012506934c67a909dfc3935aff","cls":"styrofoam","cid":3,"cat":2,"conf":0.585,"area":1.8,"mask":true,"color":"#FFFFFF"},"geometry":{"type":"Polygon","coordinates":[[[127.681115,34.593389],[127.681118,34.593388],[127.681118,34.593386],[127.681118,34.593384],[127.681112,34.593383],[127.68111,34.593384],[127.681109,34.593389],[127.681115,34.593389]]]}},{"type":"Feature","properties":{"id":"5b84d77210bc0a24cf28c0710d29b8cf2644ebe9","cls":"styrofoam","cid":3,"cat":2,"conf":0.585,"area":0.8,"mask":true,"color":"#FFFFFF"},"geometry":{"type":"Polygon","coordinates":[[[127.681216,34.593413],[127.68122,34.593411],[127.68122,34.59341],[127.681219,34.593409],[127.681216,34.593409],[127.681215,34.59341],[127.681214,34.593412],[127.681216,34.593413]]]}},{"type":"Feature","properties":{"id":"4586e7647ab2ab476c7be1ce742123053834a3d9","cls":"buoy_blue","cid":1,"cat":1,"conf":0.722,"area":1.0,"mask":true,"color":"#0066CC"},"geometry":{"type":"Polygon","coordinates":[[[127.681282,34.593422],[127.681284,34.593422],[127.681284,34.593421],[127.681285,34.593417],[127.681283,34.593416],[127.681281,34.593416],[127.68128,34.593417],[127.681279,34.59342],[127.681282,34.593422]]]}},{"type":"Feature","properties":{"id":"1f1cdafb2eb26324e16f77b2187b926c86d60dce","cls":"styrofoam","cid":3,"cat":2,"conf":0.529,"area":0.6,"mask":true,"color":"#FFFFFF"},"geometry":{"type":"Polygon","coordinates":[[[127.681282,34.593306],[127.681285,34.593304],[127.681285,34.593302],[127.68128,34.593302],[127.681282,34.593306]]]}},{"type":"Feature","properties":{"id":"cbb6f23e5d1025ce3e3bd4466664921d1ab408ae","cls":"styrofoam","cid":3,"cat":2,"conf":0.477,"area":1.4,"mask":true,"color":"#FFFFFF"},"geometry":{"type":"Polygon","coordinates":[[[127.681346,34.593399],[127.68135,34.593398],[127.68135,34.593395],[127.681346,34.593393],[127.681342,34.593394],[127.681342,34.593395],[127.681342,34.593397],[127.681346,34.593399]]]}},{"type":"Feature","properties":{"id":"2cf62795613367797cd924bdce471703d8422605","cls":"buoy_bottle","cid":0,"cat":1,"conf":0.639,"area":1.4,"mask":true,"color":"#8B4513"},"geometry":{"type":"Polygon","coordinates":[[[127.681351,34.593185],[127.681354,34.593184],[127.681357,34.593184],[127.681356,34.593183],[127.681357,34.593181],[127.681346,34.593181],[127.681345,34.593182],[127.681346,34.593183],[127.681351,34.593185]]]}},{"type":"Feature","properties":{"id":"02048db9376687afb7bed1f174b4c40c6219d8f2","cls":"styrofoam","cid":3,"cat":2,"conf":0.79,"area":1.2,"mask":true,"color":"#FFFFFF"},"geometry":{"type":"Polygon","coordinates":[[[127.681446,34.593276],[127.681447,34.593274],[127.681447,34.593273],[127.681444,34.593271],[127.681442,34.593271],[127.681439,34.593274],[127.681441,34.593276],[127.681446,34.593276]]]}},{"type":"Feature","properties":{"id":"29899db532fafe947c58b6cefab41aa4a4b7d97f","cls":"styrofoam","cid":3,"cat":2,"conf":0.737,"area":0.3,"mask":true,"color":"#FFFFFF"},"geometry":{"type":"Polygon","coordinates":[[[127.681733,34.593131],[127.681735,34.593131],[127.681736,34.59313],[127.681735,34.593129],[127.681732,34.593129],[127.681731,34.59313],[127.681733,34.593131]]]}},{"type":"Feature","properties":{"id":"47dd87aaa712aed996f18a731b00ab2d5532263b","cls":"buoy_bottle","cid":0,"cat":1,"conf":0.814,"area":1.0,"mask":true,"color":"#8B4513"},"geometry":{"type":"Polygon","coordinates":[[[127.681605,34.59305],[127.681607,34.593049],[127.681608,34.593047],[127.681605,34.593047],[127.681602,34.593045],[127.681599,34.593046],[127.681599,34.593048],[127.6816,34.593049],[127.681605,34.59305]]]}},{"type":"Feature","properties":{"id":"d02c24a547f09efdcf6051ed74e2faaf5612cd63","cls":"buoy_bottle","cid":0,"cat":1,"conf":0.791,"area":1.1,"mask":true,"color":"#8B4513"},"geometry":{"type":"Polygon","coordinates":[[[127.681619,34.593036],[127.681621,34.593035],[127.681621,34.593034],[127.681615,34.593032],[127.68161,34.593035],[127.68161,34.593036],[127.681619,34.593036]]]}},{"type":"Feature","properties":{"id":"2c8db222a830227e9c62a65708d89265e64427a7","cls":"buoy_bottle","cid":0,"cat":1,"conf":0.689,"area":1.0,"mask":true,"color":"#8B4513"},"geometry":{"type":"Polygon","coordinates":[[[127.681689,34.592951],[127.681693,34.59295],[127.681693,34.592949],[127.681691,34.592946],[127.681688,34.592946],[127.681686,34.592948],[127.681687,34.592949],[127.681689,34.592951]]]}},{"type":"Feature","properties":{"id":"43446286395df974a875e0d96c01fcaa167841bb","cls":"plastic_box","cid":6,"cat":3,"conf":0.625,"area":0.5,"mask":true,"color":"#FF8C00"},"geometry":{"type":"Polygon","coordinates":[[[127.68184,34.592968],[127.681842,34.592966],[127.681838,34.592964],[127.681837,34.592967],[127.68184,34.592968]]]}},{"type":"Feature","properties":{"id":"707dcfd24769a01ee28475eddfd510f2e34453d2","cls":"buoy_bottle","cid":0,"cat":1,"conf":0.647,"area":1.0,"mask":true,"color":"#8B4513"},"geometry":{"type":"Polygon","coordinates":[[[127.681689,34.592951],[127.681693,34.59295],[127.681693,34.592949],[127.681692,34.592948],[127.681691,34.592946],[127.681688,34.592946],[127.681686,34.592948],[127.681687,34.592949],[127.681689,34.592951]]]}},{"type":"Feature","properties":{"id":"0978e8c35745fd88241b59e0980a7907969540ee","cls":"plastic_box","cid":6,"cat":3,"conf":0.498,"area":1.6,"mask":true,"color":"#FF8C00"},"geometry":{"type":"Polygon","coordinates":[[[127.682193,34.59264],[127.682197,34.592639],[127.682197,34.592638],[127.682195,34.592634],[127.682191,34.592633],[127.682189,34.592635],[127.682193,34.59264]]]}},{"type":"Feature","properties":{"id":"b6d75022a4b16c2da6342ff4ab1dd28b9e168f6b","cls":"styrofoam","cid":3,"cat":2,"conf":0.679,"area":1.0,"mask":true,"color":"#FFFFFF"},"geometry":{"type":"Polygon","coordinates":[[[127.682369,34.592388],[127.682371,34.592387],[127.682372,34.592385],[127.682369,34.592383],[127.682367,34.592383],[127.682365,34.592386],[127.682369,34.592388]]]}},{"type":"Feature","properties":{"id":"f0f4de41a2cc7564c162331e6c92332f58b12125","cls":"buoy_bottle","cid":0,"cat":1,"conf":0.509,"area":0.8,"mask":true,"color":"#8B4513"},"geometry":{"type":"Polygon","coordinates":[[[127.682526,34.591746],[127.682529,34.591746],[127.68253,34.591743],[127.682524,34.591742],[127.682524,34.591745],[127.682526,34.591746]]]}},{"type":"Feature","properties":{"id":"e5a168ca64a5ec2cee0ca430aaf9533e4d2babdd","cls":"styrofoam","cid":3,"cat":2,"conf":0.788,"area":0.6,"mask":true,"color":"#FFFFFF"},"geometry":{"type":"Polygon","coordinates":[[[127.682657,34.591799],[127.682659,34.591797],[127.682659,34.591795],[127.682658,34.591795],[127.682656,34.591795],[127.682655,34.591797],[127.682656,34.591799],[127.682657,34.591799]]]}},{"type":"Feature","properties":{"id":"4de6f486e0aeec8ed87d8af514aa0b5f370e8128","cls":"styrofoam","cid":3,"cat":2,"conf":0.419,"area":1.9,"mask":true,"color":"#FFFFFF"},"geometry":{"type":"Polygon","coordinates":[[[127.682639,34.591772],[127.682644,34.591771],[127.682645,34.591765],[127.682644,34.591764],[127.68264,34.591764],[127.682639,34.591765],[127.682639,34.591767],[127.682639,34.591769],[127.682639,34.591772]]]}},{"type":"Feature","properties":{"id":"cfbe987d60bffe50f006e01c13f716ab93fa420a","cls":"plastic_box","cid":6,"cat":3,"conf":0.831,"area":1.4,"mask":true,"color":"#FF8C00"},"geometry":{"type":"Polygon","coordinates":[[[127.682815,34.591803],[127.682817,34.591803],[127.682818,34.591797],[127.682814,34.591796],[127.682812,34.591797],[127.682812,34.591802],[127.682815,34.591803]]]}},{"type":"Feature","properties":{"id":"b0ab6e18b48b099da38694882185480a0227e698","cls":"styrofoam","cid":3,"cat":2,"conf":0.556,"area":1.5,"mask":true,"color":"#FFFFFF"},"geometry":{"type":"Polygon","coordinates":[[[127.682883,34.591752],[127.682885,34.591751],[127.682887,34.591752],[127.682888,34.591752],[127.682887,34.591749],[127.682888,34.591747],[127.682884,34.591746],[127.682881,34.591747],[127.682881,34.591751],[127.682883,34.591752]]]}},{"type":"Feature","properties":{"id":"65972c354d753331be0f3094b371f4bac21894fb","cls":"styrofoam","cid":3,"cat":2,"conf":0.692,"area":1.6,"mask":true,"color":"#FFFFFF"},"geometry":{"type":"Polygon","coordinates":[[[127.683129,34.590908],[127.683133,34.590907],[127.683135,34.590905],[127.683135,34.590902],[127.683133,34.590901],[127.68313,34.590902],[127.683128,34.590904],[127.683129,34.590905],[127.683127,34.590907],[127.683129,34.590908]]]}},{"type":"Feature","properties":{"id":"107397587e95515c95d73cc168ed1b493a9b9366","cls":"styrofoam","cid":3,"cat":2,"conf":0.707,"area":1.9,"mask":true,"color":"#FFFFFF"},"geometry":{"type":"Polygon","coordinates":[[[127.683134,34.590909],[127.683134,34.590906],[127.683136,34.590903],[127.683132,34.590901],[127.683128,34.590904],[127.683129,34.590905],[127.683127,34.590907],[127.683128,34.590908],[127.683134,34.590909]]]}},{"type":"Feature","properties":{"id":"b9936345b7bcbf1436011a8a58e2c4244c02ecf4","cls":"styrofoam","cid":3,"cat":2,"conf":0.816,"area":3.9,"mask":true,"color":"#FFFFFF"},"geometry":{"type":"Polygon","coordinates":[[[127.683278,34.590879],[127.683282,34.590877],[127.683282,34.590874],[127.683281,34.590871],[127.683275,34.590866],[127.683272,34.590866],[127.68327,34.590868],[127.68327,34.590871],[127.683272,34.590874],[127.683278,34.590879]]]}},{"type":"Feature","properties":{"id":"a89048721453e724b04f11a7bc919b44486fc90d","cls":"styrofoam","cid":3,"cat":2,"conf":0.768,"area":2.1,"mask":true,"color":"#FFFFFF"},"geometry":{"type":"Polygon","coordinates":[[[127.683264,34.590877],[127.683268,34.590876],[127.683271,34.590873],[127.68327,34.590868],[127.683265,34.59087],[127.683264,34.590873],[127.683262,34.590875],[127.683262,34.590876],[127.683264,34.590877]]]}},{"type":"Feature","properties":{"id":"383c525943c737dcfb62db4d7b61f3afaa66dc31","cls":"styrofoam","cid":3,"cat":2,"conf":0.682,"area":1.0,"mask":true,"color":"#FFFFFF"},"geometry":{"type":"Polygon","coordinates":[[[127.683291,34.590889],[127.683293,34.590889],[127.683293,34.590885],[127.68329,34.590884],[127.683288,34.590887],[127.683288,34.590888],[127.683291,34.590889]]]}},{"type":"Feature","properties":{"id":"2eed9d175d5ebf2f334d9334e71b7432a7844770","cls":"styrofoam","cid":3,"cat":2,"conf":0.489,"area":0.6,"mask":true,"color":"#FFFFFF"},"geometry":{"type":"Polygon","coordinates":[[[127.683301,34.590891],[127.683302,34.590891],[127.683302,34.590888],[127.683301,34.590887],[127.6833,34.590887],[127.683298,34.590889],[127.683297,34.59089],[127.683298,34.590891],[127.683301,34.590891]]]}},{"type":"Feature","properties":{"id":"927a7f006c9197f6574196cfdafd07afd9746752","cls":"styrofoam","cid":3,"cat":2,"conf":0.489,"area":0.5,"mask":true,"color":"#FFFFFF"},"geometry":{"type":"Polygon","coordinates":[[[127.683296,34.590878],[127.683299,34.590878],[127.683299,34.590876],[127.683297,34.590875],[127.683295,34.590875],[127.683294,34.590877],[127.683296,34.590878]]]}},{"type":"Feature","properties":{"id":"c6051b8d1e2f04549cd4686f284c7a899f6a0e51","cls":"styrofoam","cid":3,"cat":2,"conf":0.402,"area":2.2,"mask":true,"color":"#FFFFFF"},"geometry":{"type":"Polygon","coordinates":[[[127.683295,34.590888],[127.6833,34.590887],[127.683303,34.590883],[127.683303,34.590879],[127.683301,34.590876],[127.683299,34.590881],[127.683295,34.590885],[127.683294,34.590887],[127.683295,34.590888]]]}},{"type":"Feature","properties":{"id":"bf09125b929cfded945b3edb6efc63bd1dd8679d","cls":"buoy_blue","cid":1,"cat":1,"conf":0.777,"area":1.4,"mask":true,"color":"#0066CC"},"geometry":{"type":"Polygon","coordinates":[[[127.68338,34.590709],[127.683382,34.590709],[127.683384,34.590708],[127.683384,34.590706],[127.683386,34.590703],[127.683382,34.590703],[127.683377,34.590706],[127.683377,34.590708],[127.68338,34.590709]]]}},{"type":"Feature","properties":{"id":"825c177f092daf2e137bf66427a0b56e55467288","cls":"styrofoam","cid":3,"cat":2,"conf":0.71,"area":1.7,"mask":true,"color":"#FFFFFF"},"geometry":{"type":"Polygon","coordinates":[[[127.683383,34.590586],[127.683387,34.590585],[127.683385,34.590581],[127.683383,34.590579],[127.683382,34.590579],[127.683377,34.590583],[127.683379,34.590585],[127.683383,34.590586]]]}},{"type":"Feature","properties":{"id":"0e190df6e6a6d41767680cf097fd3bb6a5a67fd5","cls":"styrofoam","cid":3,"cat":2,"conf":0.576,"area":1.9,"mask":true,"color":"#FFFFFF"},"geometry":{"type":"Polygon","coordinates":[[[127.683453,34.590472],[127.683457,34.590472],[127.683459,34.590471],[127.683459,34.590466],[127.683459,34.590464],[127.683453,34.590464],[127.683453,34.590472]]]}},{"type":"Feature","properties":{"id":"7f525ddb61cece5e17f0a97b0e042b0e24fa5f20","cls":"plastic_box","cid":6,"cat":3,"conf":0.299,"area":1.5,"mask":true,"color":"#FF8C00"},"geometry":{"type":"Polygon","coordinates":[[[127.683906,34.589562],[127.683909,34.58956],[127.683906,34.589555],[127.683904,34.589554],[127.683901,34.589557],[127.683906,34.589562]]]}},{"type":"Feature","properties":{"id":"7b0a52f3d8cc8229bf8ab85452a692bbd8e75dcb","cls":"styrofoam","cid":3,"cat":2,"conf":0.819,"area":0.9,"mask":true,"color":"#FFFFFF"},"geometry":{"type":"Polygon","coordinates":[[[127.684014,34.589418],[127.684016,34.589417],[127.684017,34.589415],[127.684014,34.589412],[127.684012,34.589412],[127.684011,34.589414],[127.684011,34.589415],[127.684014,34.589418]]]}},{"type":"Feature","properties":{"id":"0a652d0529b7cc1499d2608ded43d4892319824f","cls":"styrofoam","cid":3,"cat":2,"conf":0.743,"area":0.7,"mask":true,"color":"#FFFFFF"},"geometry":{"type":"Polygon","coordinates":[[[127.684001,34.589409],[127.684004,34.589408],[127.684004,34.589407],[127.684002,34.589404],[127.684,34.589404],[127.683999,34.589405],[127.683999,34.589407],[127.684001,34.589409]]]}},{"type":"Feature","properties":{"id":"c5c9df01117ea549ede9c7f999a7159d3e6ff8d3","cls":"styrofoam","cid":3,"cat":2,"conf":0.694,"area":0.7,"mask":true,"color":"#FFFFFF"},"geometry":{"type":"Polygon","coordinates":[[[127.684002,34.589409],[127.684004,34.589408],[127.684004,34.589407],[127.684002,34.589404],[127.684001,34.589404],[127.683999,34.589405],[127.683999,34.589407],[127.684,34.589408],[127.684002,34.589409]]]}},{"type":"Feature","properties":{"id":"407a6bc8ec990bd0ad07b528fa4f6cf546a46d24","cls":"buoy_red","cid":2,"cat":1,"conf":0.812,"area":1.2,"mask":true,"color":"#CC0000"},"geometry":{"type":"Polygon","coordinates":[[[127.680253,34.579351],[127.680257,34.579349],[127.680257,34.579346],[127.680255,34.579344],[127.680253,34.579345],[127.680251,34.579347],[127.680251,34.579349],[127.680253,34.579351]]]}},{"type":"Feature","properties":{"id":"ead27f4ad2e07bdf8bc9573523ff1ffdca2d2229","cls":"styrofoam","cid":3,"cat":2,"conf":0.448,"area":2.3,"mask":true,"color":"#FFFFFF"},"geometry":{"type":"Polygon","coordinates":[[[127.68028,34.579404],[127.680281,34.579402],[127.680282,34.579395],[127.680278,34.579393],[127.680275,34.579393],[127.680274,34.579394],[127.680276,34.579398],[127.680276,34.579402],[127.680277,34.579403],[127.68028,34.579404]]]}},{"type":"Feature","properties":{"id":"174d97b141701e40db9581b9a83ae318ff5333b5","cls":"buoy_red","cid":2,"cat":1,"conf":0.841,"area":1.2,"mask":true,"color":"#CC0000"},"geometry":{"type":"Polygon","coordinates":[[[127.680253,34.579351],[127.680255,34.579351],[127.680257,34.579349],[127.680257,34.579346],[127.680255,34.579344],[127.680253,34.579344],[127.680251,34.579346],[127.680251,34.579349],[127.680253,34.579351]]]}},{"type":"Feature","properties":{"id":"b976cefb7cd56589c1c38386cbcabf786dfc61a7","cls":"styrofoam","cid":3,"cat":2,"conf":0.423,"area":0.9,"mask":true,"color":"#FFFFFF"},"geometry":{"type":"Polygon","coordinates":[[[127.680234,34.579343],[127.680237,34.579343],[127.680237,34.57934],[127.680235,34.579339],[127.680232,34.579339],[127.680231,34.57934],[127.680231,34.579342],[127.680234,34.579343]]]}},{"type":"Feature","properties":{"id":"2360d6745bdaf6b4f994b1676fff81cd036c0589","cls":"styrofoam","cid":3,"cat":2,"conf":0.691,"area":0.8,"mask":true,"color":"#FFFFFF"},"geometry":{"type":"Polygon","coordinates":[[[127.681349,34.579934],[127.681354,34.579933],[127.681354,34.579931],[127.681348,34.579931],[127.681346,34.579933],[127.681346,34.579934],[127.681349,34.579934]]]}},{"type":"Feature","properties":{"id":"94531e8ebb16250ef7d8107d970de6d7657c8da6","cls":"styrofoam","cid":3,"cat":2,"conf":0.807,"area":1.0,"mask":true,"color":"#FFFFFF"},"geometry":{"type":"Polygon","coordinates":[[[127.681349,34.579934],[127.681354,34.579933],[127.681354,34.579931],[127.681352,34.57993],[127.681348,34.579931],[127.681346,34.579933],[127.681349,34.579934]]]}},{"type":"Feature","properties":{"id":"d69534635398ebe12bd088b95f255da5e3b1d648","cls":"styrofoam","cid":3,"cat":2,"conf":0.807,"area":0.7,"mask":true,"color":"#FFFFFF"},"geometry":{"type":"Polygon","coordinates":[[[127.679323,34.579034],[127.679327,34.579033],[127.679328,34.579032],[127.679328,34.57903],[127.679325,34.57903],[127.679323,34.579031],[127.679322,34.579033],[127.679323,34.579034]]]}},{"type":"Feature","properties":{"id":"3931f0a7973893092523cc73c44e0471743d7e70","cls":"styrofoam","cid":3,"cat":2,"conf":0.749,"area":0.9,"mask":true,"color":"#FFFFFF"},"geometry":{"type":"Polygon","coordinates":[[[127.679353,34.579054],[127.679356,34.579054],[127.679358,34.579053],[127.679358,34.57905],[127.679355,34.579049],[127.679352,34.579051],[127.679352,34.579053],[127.679353,34.579054]]]}},{"type":"Feature","properties":{"id":"9a8e51cd80cde83273b25f468bac0aa0c135a244","cls":"styrofoam","cid":3,"cat":2,"conf":0.634,"area":1.1,"mask":true,"color":"#FFFFFF"},"geometry":{"type":"Polygon","coordinates":[[[127.6793,34.579033],[127.679302,34.579032],[127.679301,34.579029],[127.679296,34.579029],[127.679295,34.57903],[127.679294,34.579032],[127.679295,34.579033],[127.6793,34.579033]]]}},{"type":"Feature","properties":{"id":"b8a98860e71fce9e7d1f90b2db5e5cfa8115de92","cls":"plastic_box","cid":6,"cat":3,"conf":0.706,"area":3.0,"mask":true,"color":"#FF8C00"},"geometry":{"type":"Polygon","coordinates":[[[127.679407,34.579005],[127.679418,34.579001],[127.679417,34.578996],[127.67941,34.578998],[127.679405,34.579],[127.679405,34.579003],[127.679407,34.579005]]]}},{"type":"Feature","properties":{"id":"b50014475111b6a23bf4f6c115d8ff7d82e8605d","cls":"plastic_box","cid":6,"cat":3,"conf":0.108,"area":2.7,"mask":true,"color":"#FF8C00"},"geometry":{"type":"Polygon","coordinates":[[[127.679456,34.579016],[127.679458,34.579014],[127.679458,34.579012],[127.679458,34.579011],[127.679453,34.579011],[127.679448,34.57901],[127.679446,34.57901],[127.679445,34.579013],[127.679446,34.579015],[127.679456,34.579016]]]}},{"type":"Feature","properties":{"id":"81e45411ae26f888b6977ecf4d7549b2ac322335","cls":"styrofoam","cid":3,"cat":2,"conf":0.793,"area":1.3,"mask":true,"color":"#FFFFFF"},"geometry":{"type":"Polygon","coordinates":[[[127.678967,34.578502],[127.678969,34.578501],[127.67897,34.578498],[127.678967,34.578496],[127.678965,34.578496],[127.678963,34.578499],[127.678967,34.578502]]]}},{"type":"Feature","properties":{"id":"1d741a07117f6fe272c0af6b047e6f01b1a58599","cls":"styrofoam","cid":3,"cat":2,"conf":0.724,"area":0.6,"mask":true,"color":"#FFFFFF"},"geometry":{"type":"Polygon","coordinates":[[[127.679632,34.578372],[127.679634,34.578372],[127.679635,34.57837],[127.679633,34.578368],[127.679631,34.578367],[127.67963,34.578371],[127.679632,34.578372]]]}},{"type":"Feature","properties":{"id":"322c61224752183c093a77f8c1b1fab1aef4484f","cls":"styrofoam","cid":3,"cat":2,"conf":0.791,"area":1.2,"mask":true,"color":"#FFFFFF"},"geometry":{"type":"Polygon","coordinates":[[[127.680801,34.578256],[127.680808,34.578255],[127.680807,34.578252],[127.680803,34.578252],[127.680801,34.578252],[127.6808,34.578255],[127.680801,34.578256]]]}},{"type":"Feature","properties":{"id":"1f57cc6ab9e9365f5848db865d7ba20a89014242","cls":"styrofoam","cid":3,"cat":2,"conf":0.648,"area":1.1,"mask":true,"color":"#FFFFFF"},"geometry":{"type":"Polygon","coordinates":[[[127.680799,34.578259],[127.680801,34.578258],[127.680802,34.578257],[127.6808,34.578256],[127.680799,34.578253],[127.680797,34.578252],[127.680795,34.578254],[127.680799,34.578259]]]}},{"type":"Feature","properties":{"id":"6947ab0e434228cc7abd3877aee48eb237906d72","cls":"styrofoam","cid":3,"cat":2,"conf":0.834,"area":1.3,"mask":true,"color":"#FFFFFF"},"geometry":{"type":"Polygon","coordinates":[[[127.680771,34.578231],[127.680774,34.57823],[127.680777,34.578227],[127.680777,34.578226],[127.680775,34.578225],[127.680774,34.578225],[127.680772,34.578226],[127.680769,34.578228],[127.680768,34.578229],[127.680769,34.57823],[127.680771,34.578231]]]}},{"type":"Feature","properties":{"id":"ad359e78902848c439cea0cf90e0b6bf3843cba3","cls":"styrofoam","cid":3,"cat":2,"conf":0.822,"area":1.4,"mask":true,"color":"#FFFFFF"},"geometry":{"type":"Polygon","coordinates":[[[127.68082,34.578192],[127.680823,34.578192],[127.680826,34.578189],[127.680825,34.578187],[127.680822,34.578186],[127.680818,34.578188],[127.680818,34.57819],[127.68082,34.578192]]]}},{"type":"Feature","properties":{"id":"c291c159df1462e14cf3cf114faf50b48f7531bb","cls":"other_debris","cid":7,"cat":4,"conf":0.815,"area":5.8,"mask":false,"color":"#696969"},"geometry":{"type":"Polygon","coordinates":[[[127.680915,34.578195],[127.680903,34.578195],[127.680903,34.578207],[127.680915,34.578206],[127.680915,34.578195]]]}},{"type":"Feature","properties":{"id":"0700307a24f1236d652f3ed2ed3b2ef0a53e986a","cls":"styrofoam","cid":3,"cat":2,"conf":0.813,"area":1.0,"mask":true,"color":"#FFFFFF"},"geometry":{"type":"Polygon","coordinates":[[[127.680837,34.578238],[127.680843,34.578238],[127.680843,34.578235],[127.680842,34.578234],[127.680838,34.578234],[127.680837,34.578235],[127.680837,34.578238]]]}},{"type":"Feature","properties":{"id":"077939a60623b17b64a207be6d54fc25d9141942","cls":"styrofoam","cid":3,"cat":2,"conf":0.804,"area":1.5,"mask":true,"color":"#FFFFFF"},"geometry":{"type":"Polygon","coordinates":[[[127.680816,34.578229],[127.680819,34.578229],[127.680822,34.578228],[127.680822,34.578224],[127.680822,34.578223],[127.680819,34.578223],[127.680815,34.578225],[127.680815,34.578228],[127.680816,34.578229]]]}},{"type":"Feature","properties":{"id":"5233d7134e3ded2c8a6214822bd44a82b07627f8","cls":"styrofoam","cid":3,"cat":2,"conf":0.799,"area":1.1,"mask":true,"color":"#FFFFFF"},"geometry":{"type":"Polygon","coordinates":[[[127.680801,34.578256],[127.680807,34.578256],[127.680808,34.578255],[127.680807,34.578252],[127.680804,34.578252],[127.680801,34.578252],[127.6808,34.578255],[127.680801,34.578256]]]}},{"type":"Feature","properties":{"id":"66f3f46e530190a1677cc1196f0b46905ed6317f","cls":"styrofoam","cid":3,"cat":2,"conf":0.739,"area":1.0,"mask":true,"color":"#FFFFFF"},"geometry":{"type":"Polygon","coordinates":[[[127.6808,34.578259],[127.680801,34.578259],[127.680802,34.578257],[127.6808,34.578256],[127.680799,34.578253],[127.680798,34.578252],[127.680795,34.578254],[127.6808,34.578259]]]}},{"type":"Feature","properties":{"id":"7793c31ac9763915f693c35e001485e185fb0d4d","cls":"styrofoam","cid":3,"cat":2,"conf":0.721,"area":1.1,"mask":true,"color":"#FFFFFF"},"geometry":{"type":"Polygon","coordinates":[[[127.680836,34.578235],[127.680838,34.578234],[127.680838,34.578231],[127.680837,34.57823],[127.680835,34.578229],[127.680832,34.578232],[127.680832,34.578234],[127.680836,34.578235]]]}},{"type":"Feature","properties":{"id":"115dbd55fb32e43de009840cae8acb6ae2982fb4","cls":"styrofoam","cid":3,"cat":2,"conf":0.699,"area":0.6,"mask":true,"color":"#FFFFFF"},"geometry":{"type":"Polygon","coordinates":[[[127.680814,34.578213],[127.680816,34.578212],[127.680817,34.578211],[127.680815,34.578209],[127.680814,34.578209],[127.680812,34.578211],[127.680812,34.578213],[127.680814,34.578213]]]}},{"type":"Feature","properties":{"id":"c477d7f4d453e1c9fecf6a75992eca2208d83493","cls":"styrofoam","cid":3,"cat":2,"conf":0.626,"area":0.8,"mask":true,"color":"#FFFFFF"},"geometry":{"type":"Polygon","coordinates":[[[127.680806,34.57825],[127.680811,34.578248],[127.680809,34.578245],[127.680808,34.578245],[127.680804,34.578247],[127.680806,34.57825]]]}},{"type":"Feature","properties":{"id":"1837a26900b7b2b34af7917bcaa1ec0bca415293","cls":"styrofoam","cid":3,"cat":2,"conf":0.615,"area":0.6,"mask":true,"color":"#FFFFFF"},"geometry":{"type":"Polygon","coordinates":[[[127.680891,34.578155],[127.680893,34.578155],[127.680893,34.578154],[127.680894,34.578153],[127.680892,34.578151],[127.68089,34.578151],[127.680889,34.578152],[127.680889,34.578154],[127.680891,34.578155]]]}},{"type":"Feature","properties":{"id":"fad61aa85f2ab478e8230230b80edcabb967dda3","cls":"styrofoam","cid":3,"cat":2,"conf":0.418,"area":0.8,"mask":true,"color":"#FFFFFF"},"geometry":{"type":"Polygon","coordinates":[[[127.680895,34.578163],[127.680896,34.578162],[127.680897,34.57816],[127.680894,34.578158],[127.680893,34.578158],[127.680891,34.578161],[127.680895,34.578163]]]}},{"type":"Feature","properties":{"id":"a4588aec74d9251991aaaa6bad07ac7399e31148","cls":"other_debris","cid":7,"cat":4,"conf":0.864,"area":6.0,"mask":true,"color":"#696969"},"geometry":{"type":"Polygon","coordinates":[[[127.680927,34.578201],[127.680933,34.578199],[127.680936,34.578197],[127.680938,34.578193],[127.680925,34.578188],[127.680924,34.578189],[127.680923,34.578193],[127.680919,34.578198],[127.680927,34.578201]]]}},{"type":"Feature","properties":{"id":"59896b42dbc50d5bc07e77d3cc48312bd927f9c7","cls":"other_debris","cid":7,"cat":4,"conf":0.861,"area":2.6,"mask":true,"color":"#696969"},"geometry":{"type":"Polygon","coordinates":[[[127.680937,34.578188],[127.68094,34.578186],[127.68094,34.578184],[127.680929,34.578178],[127.680926,34.578181],[127.680926,34.578183],[127.680937,34.578188]]]}},{"type":"Feature","properties":{"id":"37d0357d79fe6321621ef6637f685a0441b5a71c","cls":"other_debris","cid":7,"cat":4,"conf":0.828,"area":4.0,"mask":true,"color":"#696969"},"geometry":{"type":"Polygon","coordinates":[[[127.680908,34.578206],[127.680909,34.578205],[127.680913,34.578205],[127.680918,34.578198],[127.680917,34.578197],[127.68091,34.578194],[127.680908,34.578195],[127.680907,34.578198],[127.680904,34.578201],[127.680904,34.578204],[127.680907,34.578205],[127.680908,34.578206]]]}},{"type":"Feature","properties":{"id":"7e52179e39744f2d39b5ad5a97e4ed30cdceebbb","cls":"other_debris","cid":7,"cat":4,"conf":0.804,"area":2.5,"mask":true,"color":"#696969"},"geometry":{"type":"Polygon","coordinates":[[[127.680954,34.578189],[127.680956,34.578189],[127.680957,34.578185],[127.680953,34.578184],[127.680947,34.578181],[127.680946,34.578181],[127.680944,34.578185],[127.680954,34.578189]]]}},{"type":"Feature","properties":{"id":"6682e71fb7c5ce349f80aaa89126579d89835273","cls":"other_debris","cid":7,"cat":4,"conf":0.793,"area":3.4,"mask":true,"color":"#696969"},"geometry":{"type":"Polygon","coordinates":[[[127.680944,34.57818],[127.680945,34.578179],[127.680948,34.578175],[127.680948,34.578173],[127.680946,34.578172],[127.680946,34.57817],[127.680944,34.57817],[127.680942,34.578172],[127.680937,34.578171],[127.680934,34.578173],[127.680934,34.578174],[127.680944,34.57818]]]}},{"type":"Feature","properties":{"id":"f0355fefba3a721dff946498e48d9e654a049364","cls":"other_debris","cid":7,"cat":4,"conf":0.755,"area":2.4,"mask":true,"color":"#696969"},"geometry":{"type":"Polygon","coordinates":[[[127.680958,34.578181],[127.680959,34.578181],[127.680961,34.578176],[127.680951,34.578172],[127.680949,34.578177],[127.680958,34.578181]]]}},{"type":"Feature","properties":{"id":"6f914ae26febcb913783bdb531cd387a761397dc","cls":"other_debris","cid":7,"cat":4,"conf":0.746,"area":1.4,"mask":true,"color":"#696969"},"geometry":{"type":"Polygon","coordinates":[[[127.680943,34.578194],[127.68095,34.578192],[127.680943,34.578188],[127.680941,34.578188],[127.680939,34.578192],[127.680943,34.578194]]]}},{"type":"Feature","properties":{"id":"ca64f75d5981ccd7064989253f5de6f959d2d7b8","cls":"styrofoam","cid":3,"cat":2,"conf":0.739,"area":0.9,"mask":true,"color":"#FFFFFF"},"geometry":{"type":"Polygon","coordinates":[[[127.680782,34.578108],[127.680786,34.578108],[127.680787,34.578104],[127.680783,34.578103],[127.680782,34.578104],[127.680782,34.578108]]]}},{"type":"Feature","properties":{"id":"14d4bce2d795384fc5db26a24fdf2b31c7679419","cls":"styrofoam","cid":3,"cat":2,"conf":0.703,"area":1.2,"mask":true,"color":"#FFFFFF"},"geometry":{"type":"Polygon","coordinates":[[[127.680909,34.577954],[127.680913,34.577953],[127.680913,34.577948],[127.680909,34.577948],[127.680907,34.577949],[127.680907,34.577953],[127.680909,34.577954]]]}},{"type":"Feature","properties":{"id":"1e8db6b48ed8abbfcb05f305d886591df2f0e9e4","cls":"styrofoam","cid":3,"cat":2,"conf":0.551,"area":2.7,"mask":true,"color":"#FFFFFF"},"geometry":{"type":"Polygon","coordinates":[[[127.680906,34.577991],[127.680909,34.577991],[127.680912,34.577988],[127.680913,34.577988],[127.680913,34.577983],[127.680911,34.577982],[127.680909,34.577982],[127.680906,34.577984],[127.680903,34.577987],[127.680903,34.577989],[127.680906,34.577991]]]}},{"type":"Feature","properties":{"id":"32581b5207ecea7ac507af258e1119d3d7378a32","cls":"styrofoam","cid":3,"cat":2,"conf":0.819,"area":3.4,"mask":true,"color":"#FFFFFF"},"geometry":{"type":"Polygon","coordinates":[[[127.680956,34.577957],[127.680958,34.577957],[127.680959,34.577956],[127.68096,34.577952],[127.680951,34.577949],[127.680947,34.577948],[127.680946,34.577951],[127.680946,34.577953],[127.680956,34.577957]]]}},{"type":"Feature","properties":{"id":"de3a9177789166d6801f50ffb11b0684b0a8caa3","cls":"styrofoam","cid":3,"cat":2,"conf":0.758,"area":3.0,"mask":true,"color":"#FFFFFF"},"geometry":{"type":"Polygon","coordinates":[[[127.680933,34.577956],[127.680945,34.577953],[127.680944,34.577949],[127.680939,34.577948],[127.680932,34.57795],[127.680931,34.577951],[127.680933,34.577956]]]}},{"type":"Feature","properties":{"id":"d7f044e2f7afef385f8698510142d15acea86db1","cls":"styrofoam","cid":3,"cat":2,"conf":0.749,"area":2.9,"mask":true,"color":"#FFFFFF"},"geometry":{"type":"Polygon","coordinates":[[[127.680918,34.577954],[127.68092,34.577952],[127.680921,34.577949],[127.68092,34.577949],[127.680913,34.577947],[127.680912,34.577948],[127.680908,34.577948],[127.680907,34.57795],[127.680907,34.577952],[127.680908,34.577953],[127.680913,34.577953],[127.680918,34.577954]]]}},{"type":"Feature","properties":{"id":"e69e68fc302e271f10c0ba452be6efb8b1d7a6b0","cls":"styrofoam","cid":3,"cat":2,"conf":0.744,"area":3.1,"mask":true,"color":"#FFFFFF"},"geometry":{"type":"Polygon","coordinates":[[[127.680919,34.577996],[127.680923,34.577996],[127.680926,34.577995],[127.680929,34.577991],[127.680923,34.57799],[127.680915,34.57799],[127.680914,34.57799],[127.680913,34.577991],[127.680913,34.577993],[127.680919,34.577996]]]}},{"type":"Feature","properties":{"id":"e8f40a14f1898087d6a65e3dd492f60d7eea626f","cls":"styrofoam","cid":3,"cat":2,"conf":0.721,"area":2.8,"mask":true,"color":"#FFFFFF"},"geometry":{"type":"Polygon","coordinates":[[[127.680949,34.57796],[127.68095,34.577958],[127.68095,34.577956],[127.680946,34.577954],[127.680941,34.577954],[127.680937,34.577956],[127.680938,34.577959],[127.680949,34.57796]]]}},{"type":"Feature","properties":{"id":"aefb91aca5d5a01b8e0ab122ab12fa238c2fb772","cls":"buoy_bottle","cid":0,"cat":1,"conf":0.637,"area":0.9,"mask":true,"color":"#8B4513"},"geometry":{"type":"Polygon","coordinates":[[[127.680991,34.577906],[127.680993,34.577906],[127.680994,34.577904],[127.680993,34.577902],[127.680989,34.577901],[127.680988,34.577903],[127.680988,34.577904],[127.680991,34.577906]]]}},{"type":"Feature","properties":{"id":"e4a08bf3d5442553079c5428b4b37e0a617d279c","cls":"styrofoam","cid":3,"cat":2,"conf":0.486,"area":0.9,"mask":true,"color":"#FFFFFF"},"geometry":{"type":"Polygon","coordinates":[[[127.681011,34.577904],[127.681013,34.577903],[127.681014,34.577902],[127.681014,34.577899],[127.681013,34.577898],[127.681009,34.5779],[127.681009,34.577902],[127.681011,34.577904]]]}},{"type":"Feature","properties":{"id":"059d838e7160671ca047d84671150a55f62f500d","cls":"styrofoam","cid":3,"cat":2,"conf":0.827,"area":1.1,"mask":true,"color":"#FFFFFF"},"geometry":{"type":"Polygon","coordinates":[[[127.680874,34.577534],[127.680877,34.577533],[127.680877,34.577532],[127.680876,34.577529],[127.680874,34.577528],[127.680872,34.577529],[127.680871,34.577531],[127.680874,34.577534]]]}},{"type":"Feature","properties":{"id":"53587520c6ab7bad69153a75c7ce822710a683f0","cls":"styrofoam","cid":3,"cat":2,"conf":0.822,"area":2.7,"mask":true,"color":"#FFFFFF"},"geometry":{"type":"Polygon","coordinates":[[[127.68156,34.577622],[127.681563,34.577621],[127.681565,34.577619],[127.681565,34.577618],[127.68156,34.577613],[127.681556,34.577612],[127.681554,34.577614],[127.681554,34.577615],[127.68156,34.577622]]]}},{"type":"Feature","properties":{"id":"aa5f308571a08f87943e245ef0577894be2cc00c","cls":"styrofoam","cid":3,"cat":2,"conf":0.819,"area":4.0,"mask":true,"color":"#FFFFFF"},"geometry":{"type":"Polygon","coordinates":[[[127.681546,34.57762],[127.681548,34.577619],[127.68155,34.577616],[127.68155,34.57761],[127.681549,34.577609],[127.681545,34.577607],[127.681543,34.577608],[127.681539,34.577617],[127.68154,34.577618],[127.681546,34.57762]]]}},{"type":"Feature","properties":{"id":"b5c2e5b12bccdf22de512bf7ac817a1ed34078f6","cls":"styrofoam","cid":3,"cat":2,"conf":0.82,"area":1.0,"mask":true,"color":"#FFFFFF"},"geometry":{"type":"Polygon","coordinates":[[[127.680875,34.577534],[127.680877,34.577533],[127.680878,34.577532],[127.680876,34.577529],[127.680874,34.577529],[127.680871,34.577531],[127.680872,34.577532],[127.680875,34.577534]]]}},{"type":"Feature","properties":{"id":"2f9b0d8681cec7f17c4d7d547472cfa8db03015c","cls":"other_debris","cid":7,"cat":4,"conf":0.848,"area":1.3,"mask":true,"color":"#696969"},"geometry":{"type":"Polygon","coordinates":[[[127.681444,34.577559],[127.681447,34.577559],[127.681449,34.577557],[127.681449,34.577555],[127.681446,34.577554],[127.681444,34.577554],[127.681442,34.577555],[127.681442,34.577558],[127.681444,34.577559]]]}},{"type":"Feature","properties":{"id":"9301172ce398df7457a4b61abe8108310d8ff214","cls":"styrofoam","cid":3,"cat":2,"conf":0.823,"area":0.9,"mask":true,"color":"#FFFFFF"},"geometry":{"type":"Polygon","coordinates":[[[127.681445,34.577552],[127.681446,34.577551],[127.681446,34.577549],[127.681447,34.577548],[127.681447,34.577547],[127.681446,34.577546],[127.681442,34.577548],[127.681443,34.577551],[127.681445,34.577552]]]}},{"type":"Feature","properties":{"id":"aa2610c02554a5935df83351fb6a2aa712ffe71b","cls":"styrofoam","cid":3,"cat":2,"conf":0.758,"area":0.6,"mask":true,"color":"#FFFFFF"},"geometry":{"type":"Polygon","coordinates":[[[127.681688,34.577536],[127.681689,34.577535],[127.68169,34.577533],[127.681689,34.577532],[127.681687,34.577532],[127.681685,34.577533],[127.681685,34.577534],[127.681688,34.577536]]]}},{"type":"Feature","properties":{"id":"5df88fd7393e64551c1205dcf4e6a80b1b516562","cls":"styrofoam","cid":3,"cat":2,"conf":0.753,"area":0.9,"mask":true,"color":"#FFFFFF"},"geometry":{"type":"Polygon","coordinates":[[[127.68166,34.577534],[127.681663,34.577533],[127.681664,34.577531],[127.681663,34.577529],[127.681661,34.577529],[127.681659,34.577531],[127.681658,34.577533],[127.68166,34.577534]]]}},{"type":"Feature","properties":{"id":"a7662db63c113c033d4dc136a7a4ec5980837ad8","cls":"styrofoam","cid":3,"cat":2,"conf":0.828,"area":1.1,"mask":true,"color":"#FFFFFF"},"geometry":{"type":"Polygon","coordinates":[[[127.681397,34.578483],[127.6814,34.578483],[127.681402,34.578481],[127.681399,34.578478],[127.681398,34.578478],[127.681394,34.57848],[127.681397,34.578483]]]}},{"type":"Feature","properties":{"id":"d8e3da2647ea0af794dea5a128865e600948d09b","cls":"styrofoam","cid":3,"cat":2,"conf":0.745,"area":1.0,"mask":true,"color":"#FFFFFF"},"geometry":{"type":"Polygon","coordinates":[[[127.681398,34.578436],[127.6814,34.578435],[127.681403,34.578433],[127.6814,34.57843],[127.681396,34.578433],[127.681396,34.578434],[127.681398,34.578436]]]}},{"type":"Feature","properties":{"id":"5e63b492d315805c71a4025e3f9cd931760852b8","cls":"styrofoam","cid":3,"cat":2,"conf":0.531,"area":0.9,"mask":true,"color":"#FFFFFF"},"geometry":{"type":"Polygon","coordinates":[[[127.681302,34.578318],[127.681306,34.578318],[127.681306,34.578314],[127.681304,34.578313],[127.681302,34.578313],[127.681302,34.578313],[127.681302,34.578318]]]}},{"type":"Feature","properties":{"id":"c25e233363ed833468aa24151b09f478a94c6445","cls":"styrofoam","cid":3,"cat":2,"conf":0.516,"area":0.7,"mask":true,"color":"#FFFFFF"},"geometry":{"type":"Polygon","coordinates":[[[127.681316,34.578272],[127.681317,34.578271],[127.681317,34.578268],[127.681316,34.578267],[127.681313,34.578268],[127.681313,34.578272],[127.681316,34.578272]]]}},{"type":"Feature","properties":{"id":"506c6560935a9473d6c16a06774561fe96d74e4a","cls":"styrofoam","cid":3,"cat":2,"conf":0.829,"area":1.3,"mask":true,"color":"#FFFFFF"},"geometry":{"type":"Polygon","coordinates":[[[127.681287,34.578193],[127.681292,34.578192],[127.681292,34.578189],[127.681291,34.578187],[127.681288,34.578187],[127.681286,34.578188],[127.681287,34.578193]]]}},{"type":"Feature","properties":{"id":"b7a6cf5ba6f31f2caed675d27b2b6534b3693135","cls":"styrofoam","cid":3,"cat":2,"conf":0.826,"area":1.0,"mask":true,"color":"#FFFFFF"},"geometry":{"type":"Polygon","coordinates":[[[127.681292,34.578178],[127.681293,34.578174],[127.681291,34.578174],[127.681287,34.578174],[127.681286,34.578176],[127.681286,34.578177],[127.681292,34.578178]]]}},{"type":"Feature","properties":{"id":"e0b88a5e3995afbc545fbbcea62d4d6f3ce83f73","cls":"styrofoam","cid":3,"cat":2,"conf":0.782,"area":0.9,"mask":true,"color":"#FFFFFF"},"geometry":{"type":"Polygon","coordinates":[[[127.681232,34.57825],[127.681238,34.57825],[127.681237,34.578247],[127.681233,34.578246],[127.681232,34.578247],[127.681232,34.57825]]]}},{"type":"Feature","properties":{"id":"e60d92f7011bbd18cdeb95aff2bcb32b88b24dda","cls":"styrofoam","cid":3,"cat":2,"conf":0.594,"area":0.5,"mask":true,"color":"#FFFFFF"},"geometry":{"type":"Polygon","coordinates":[[[127.681284,34.57818],[127.681286,34.578179],[127.681286,34.578178],[127.681284,34.578176],[127.681283,34.578176],[127.681282,34.578178],[127.681284,34.57818]]]}},{"type":"Feature","properties":{"id":"81bee1e479d79f4c05147a6463bbc9fdff3b9ded","cls":"styrofoam","cid":3,"cat":2,"conf":0.874,"area":1.1,"mask":true,"color":"#FFFFFF"},"geometry":{"type":"Polygon","coordinates":[[[127.681331,34.57816],[127.681334,34.578159],[127.681335,34.578156],[127.681335,34.578155],[127.681332,34.578154],[127.681331,34.578155],[127.681329,34.578159],[127.681331,34.57816]]]}},{"type":"Feature","properties":{"id":"c9f4f50a9b83c4ad9d908b4cf24d0a46004159b2","cls":"styrofoam","cid":3,"cat":2,"conf":0.837,"area":1.0,"mask":true,"color":"#FFFFFF"},"geometry":{"type":"Polygon","coordinates":[[[127.68132,34.578168],[127.681325,34.578166],[127.681325,34.578165],[127.681323,34.578163],[127.681318,34.578165],[127.681318,34.578167],[127.68132,34.578168]]]}},{"type":"Feature","properties":{"id":"9ac03661ea7528fe75558a9b41e8cc1b08827fb0","cls":"styrofoam","cid":3,"cat":2,"conf":0.804,"area":1.2,"mask":true,"color":"#FFFFFF"},"geometry":{"type":"Polygon","coordinates":[[[127.681367,34.578167],[127.68137,34.578166],[127.681373,34.578164],[127.681373,34.578163],[127.681371,34.578161],[127.681366,34.578165],[127.681365,34.578166],[127.681367,34.578167]]]}},{"type":"Feature","properties":{"id":"c014e88e4efe8b633f606d5d61d8dc56b5af0fb4","cls":"styrofoam","cid":3,"cat":2,"conf":0.803,"area":1.0,"mask":true,"color":"#FFFFFF"},"geometry":{"type":"Polygon","coordinates":[[[127.681332,34.578221],[127.681335,34.578221],[127.681336,34.578217],[127.681338,34.578216],[127.681337,34.578215],[127.681332,34.578217],[127.681331,34.57822],[127.681332,34.578221]]]}},{"type":"Feature","properties":{"id":"6c5e793d7c8cd1972aa818cc18e9a74b15bd246b","cls":"styrofoam","cid":3,"cat":2,"conf":0.797,"area":0.9,"mask":true,"color":"#FFFFFF"},"geometry":{"type":"Polygon","coordinates":[[[127.681331,34.578228],[127.681336,34.578227],[127.681336,34.578224],[127.681336,34.578223],[127.681333,34.578223],[127.68133,34.578225],[127.68133,34.578227],[127.681331,34.578228]]]}},{"type":"Feature","properties":{"id":"cb98a00a70be46e9de18d73db90da2c29aadeae9","cls":"styrofoam","cid":3,"cat":2,"conf":0.795,"area":0.8,"mask":true,"color":"#FFFFFF"},"geometry":{"type":"Polygon","coordinates":[[[127.681288,34.578192],[127.681292,34.578192],[127.681291,34.578187],[127.681288,34.578187],[127.681288,34.578192]]]}},{"type":"Feature","properties":{"id":"f253e7263f09a5cd101973b0f864310ab609a310","cls":"styrofoam","cid":3,"cat":2,"conf":0.793,"area":1.3,"mask":true,"color":"#FFFFFF"},"geometry":{"type":"Polygon","coordinates":[[[127.68135,34.578231],[127.681354,34.578231],[127.681355,34.578231],[127.681355,34.578226],[127.681352,34.578226],[127.68135,34.578227],[127.68135,34.578231]]]}},{"type":"Feature","properties":{"id":"f8838652726c6208313c13bb33431037df316e21","cls":"styrofoam","cid":3,"cat":2,"conf":0.788,"area":0.7,"mask":true,"color":"#FFFFFF"},"geometry":{"type":"Polygon","coordinates":[[[127.681291,34.578178],[127.681293,34.578177],[127.681293,34.578175],[127.68129,34.578174],[127.681288,34.578174],[127.681288,34.578177],[127.681291,34.578178]]]}},{"type":"Feature","properties":{"id":"cef5740b923c243b19a2797b037c4e961d83ee50","cls":"styrofoam","cid":3,"cat":2,"conf":0.784,"area":1.6,"mask":true,"color":"#FFFFFF"},"geometry":{"type":"Polygon","coordinates":[[[127.681323,34.578159],[127.681327,34.578158],[127.681329,34.578157],[127.68133,34.578155],[127.681328,34.578153],[127.681326,34.578153],[127.681321,34.578155],[127.681321,34.578157],[127.681323,34.578159]]]}},{"type":"Feature","properties":{"id":"254a0d9ff8b24adff930886b04279a5b68c20dc2","cls":"styrofoam","cid":3,"cat":2,"conf":0.784,"area":0.9,"mask":true,"color":"#FFFFFF"},"geometry":{"type":"Polygon","coordinates":[[[127.681384,34.578177],[127.681386,34.578176],[127.681388,34.578173],[127.681385,34.578171],[127.681384,34.578172],[127.681381,34.578175],[127.681384,34.578177]]]}},{"type":"Feature","properties":{"id":"24fdb82fb969b9e20fe4d56bbc88620818738e92","cls":"styrofoam","cid":3,"cat":2,"conf":0.781,"area":1.3,"mask":true,"color":"#FFFFFF"},"geometry":{"type":"Polygon","coordinates":[[[127.681395,34.578171],[127.681398,34.578171],[127.681399,34.57817],[127.6814,34.578168],[127.6814,34.578166],[127.681395,34.578166],[127.681393,34.578171],[127.681395,34.578171]]]}},{"type":"Feature","properties":{"id":"0ad2a15750ac877b25e4b5982304246734883c0b","cls":"styrofoam","cid":3,"cat":2,"conf":0.771,"area":0.8,"mask":true,"color":"#FFFFFF"},"geometry":{"type":"Polygon","coordinates":[[[127.681389,34.578225],[127.681391,34.578224],[127.681391,34.578222],[127.681391,34.578221],[127.681388,34.578221],[127.681385,34.578222],[127.681385,34.578224],[127.681386,34.578225],[127.681389,34.578225]]]}},{"type":"Feature","properties":{"id":"e67766c050dea441d0338c452a3a37806236a282","cls":"styrofoam","cid":3,"cat":2,"conf":0.765,"area":0.8,"mask":true,"color":"#FFFFFF"},"geometry":{"type":"Polygon","coordinates":[[[127.681331,34.578217],[127.681334,34.578216],[127.681336,34.578215],[127.681335,34.578214],[127.681332,34.578213],[127.681329,34.578214],[127.681329,34.578215],[127.681331,34.578217]]]}},{"type":"Feature","properties":{"id":"5508aa41e27a229f5e233ac0c0da55ffc6cdb1f0","cls":"styrofoam","cid":3,"cat":2,"conf":0.678,"area":0.7,"mask":true,"color":"#FFFFFF"},"geometry":{"type":"Polygon","coordinates":[[[127.681314,34.578272],[127.681317,34.578272],[127.681316,34.578267],[127.681314,34.578267],[127.681313,34.578268],[127.681313,34.578271],[127.681314,34.578272]]]}},{"type":"Feature","properties":{"id":"d26e28f6863087db111f5ae0d5143b3d690b3956","cls":"styrofoam","cid":3,"cat":2,"conf":0.655,"area":0.5,"mask":true,"color":"#FFFFFF"},"geometry":{"type":"Polygon","coordinates":[[[127.68135,34.578248],[127.681352,34.578246],[127.681352,34.578244],[127.681349,34.578244],[127.681347,34.578247],[127.68135,34.578248]]]}},{"type":"Feature","properties":{"id":"722bc733f0f1fc56ba9ed9cf8266561e827a2dd0","cls":"styrofoam","cid":3,"cat":2,"conf":0.652,"area":1.0,"mask":true,"color":"#FFFFFF"},"geometry":{"type":"Polygon","coordinates":[[[127.681315,34.578267],[127.681319,34.578263],[127.681319,34.578262],[127.681316,34.57826],[127.681312,34.578264],[127.681315,34.578267]]]}},{"type":"Feature","properties":{"id":"e4661b1267c15ca60df2e91cbaedaab4aad4d717","cls":"styrofoam","cid":3,"cat":2,"conf":0.604,"area":0.9,"mask":true,"color":"#FFFFFF"},"geometry":{"type":"Polygon","coordinates":[[[127.681311,34.578204],[127.681314,34.578204],[127.681315,34.578202],[127.681315,34.5782],[127.681314,34.578198],[127.681309,34.578202],[127.68131,34.578204],[127.681311,34.578204]]]}},{"type":"Feature","properties":{"id":"cd62ea59b20867deb638550bff76e887441f64cd","cls":"styrofoam","cid":3,"cat":2,"conf":0.601,"area":0.4,"mask":true,"color":"#FFFFFF"},"geometry":{"type":"Polygon","coordinates":[[[127.681326,34.578215],[127.681328,34.578215],[127.681328,34.578214],[127.681328,34.578212],[127.681326,34.578212],[127.681325,34.578213],[127.681325,34.578214],[127.681326,34.578215]]]}},{"type":"Feature","properties":{"id":"39d57edde61a98085004d5b29a576f7f86a61a67","cls":"plastic_box","cid":6,"cat":3,"conf":0.701,"area":1.1,"mask":true,"color":"#FF8C00"},"geometry":{"type":"Polygon","coordinates":[[[127.681453,34.578176],[127.681457,34.578175],[127.681457,34.578171],[127.681453,34.578171],[127.681453,34.578176]]]}},{"type":"Feature","properties":{"id":"d5b5c69fa90c9dfa8808cdfa5d519bf113291f8e","cls":"styrofoam","cid":3,"cat":2,"conf":0.757,"area":1.0,"mask":true,"color":"#FFFFFF"},"geometry":{"type":"Polygon","coordinates":[[[127.681384,34.578144],[127.681386,34.578143],[127.681388,34.57814],[127.681385,34.578138],[127.681381,34.578141],[127.681381,34.578142],[127.681384,34.578144]]]}},{"type":"Feature","properties":{"id":"00fd6c610f90fa8a3a8996084797b770ec4f934b","cls":"styrofoam","cid":3,"cat":2,"conf":0.742,"area":0.5,"mask":true,"color":"#FFFFFF"},"geometry":{"type":"Polygon","coordinates":[[[127.681329,34.578157],[127.681335,34.578157],[127.681335,34.578155],[127.681332,34.578154],[127.681329,34.578157]]]}},{"type":"Feature","properties":{"id":"5b07327e4ed0ad763a96438a19e0473daac0cfbd","cls":"styrofoam","cid":3,"cat":2,"conf":0.74,"area":1.4,"mask":true,"color":"#FFFFFF"},"geometry":{"type":"Polygon","coordinates":[[[127.681398,34.578125],[127.6814,34.578125],[127.681402,34.578123],[127.681401,34.578122],[127.681403,34.578118],[127.6814,34.578117],[127.681399,34.578118],[127.681396,34.578122],[127.681396,34.578124],[127.681398,34.578125]]]}},{"type":"Feature","properties":{"id":"005971e063efbd1df9c057009b831644ccfcc43d","cls":"styrofoam","cid":3,"cat":2,"conf":0.629,"area":1.2,"mask":true,"color":"#FFFFFF"},"geometry":{"type":"Polygon","coordinates":[[[127.681321,34.578157],[127.681329,34.578157],[127.681329,34.578156],[127.681329,34.578154],[127.681328,34.578153],[127.681326,34.578153],[127.681322,34.578154],[127.681321,34.578156],[127.681321,34.578157]]]}},{"type":"Feature","properties":{"id":"ad66f4771a3e06e7de16a0a15d428fa736620173","cls":"styrofoam","cid":3,"cat":2,"conf":0.471,"area":1.0,"mask":true,"color":"#FFFFFF"},"geometry":{"type":"Polygon","coordinates":[[[127.681405,34.578119],[127.681406,34.578117],[127.681408,34.578116],[127.681408,34.578112],[127.681407,34.578112],[127.681406,34.578112],[127.681404,34.578114],[127.681403,34.578118],[127.681403,34.578119],[127.681405,34.578119]]]}},{"type":"Feature","properties":{"id":"af8f961cfdbd3789db6a1245df6c1813f7898e5e","cls":"styrofoam","cid":3,"cat":2,"conf":0.801,"area":0.7,"mask":true,"color":"#FFFFFF"},"geometry":{"type":"Polygon","coordinates":[[[127.681724,34.578025],[127.681726,34.578024],[127.681728,34.578021],[127.681722,34.578022],[127.681722,34.578024],[127.681724,34.578025]]]}},{"type":"Feature","properties":{"id":"59fb7468b1f5c6a0d9ab6f276f6db8df8b0839fe","cls":"styrofoam","cid":3,"cat":2,"conf":0.761,"area":0.9,"mask":true,"color":"#FFFFFF"},"geometry":{"type":"Polygon","coordinates":[[[127.681628,34.578094],[127.68163,34.578094],[127.681632,34.578092],[127.681632,34.578091],[127.681626,34.57809],[127.681625,34.578093],[127.681628,34.578094]]]}},{"type":"Feature","properties":{"id":"571617ce457117eec7ee7884611c9802d98fc9d9","cls":"styrofoam","cid":3,"cat":2,"conf":0.607,"area":1.0,"mask":true,"color":"#FFFFFF"},"geometry":{"type":"Polygon","coordinates":[[[127.681638,34.578097],[127.68164,34.578094],[127.68164,34.578093],[127.681638,34.57809],[127.681636,34.57809],[127.681635,34.578091],[127.681635,34.578092],[127.681636,34.578096],[127.681638,34.578097]]]}},{"type":"Feature","properties":{"id":"efc2a03509724a86f0a3eaf3bd6ea964bae906b8","cls":"styrofoam","cid":3,"cat":2,"conf":0.546,"area":0.5,"mask":true,"color":"#FFFFFF"},"geometry":{"type":"Polygon","coordinates":[[[127.681724,34.578025],[127.681727,34.578023],[127.681728,34.578021],[127.681724,34.578021],[127.681724,34.578025]]]}},{"type":"Feature","properties":{"id":"5507a44e604cd9b5cd8f67b209d5586d24a85829","cls":"styrofoam","cid":3,"cat":2,"conf":0.798,"area":1.0,"mask":true,"color":"#FFFFFF"},"geometry":{"type":"Polygon","coordinates":[[[127.681722,34.578025],[127.681725,34.578025],[127.681728,34.578023],[127.681728,34.578021],[127.681727,34.57802],[127.681725,34.57802],[127.681722,34.578022],[127.681721,34.578024],[127.681722,34.578025]]]}},{"type":"Feature","properties":{"id":"b7b21820f0b5b4d213d0a55f37dea44e19595d22","cls":"styrofoam","cid":3,"cat":2,"conf":0.407,"area":1.2,"mask":true,"color":"#FFFFFF"},"geometry":{"type":"Polygon","coordinates":[[[127.681705,34.577974],[127.681708,34.577973],[127.68171,34.577972],[127.68171,34.577971],[127.681707,34.577968],[127.681704,34.577967],[127.681703,34.577968],[127.681703,34.57797],[127.681704,34.577971],[127.681704,34.577973],[127.681705,34.577974]]]}},{"type":"Feature","properties":{"id":"92b43e995ad754346fe1cb8f223969745b526c5b","cls":"styrofoam","cid":3,"cat":2,"conf":0.748,"area":0.7,"mask":true,"color":"#FFFFFF"},"geometry":{"type":"Polygon","coordinates":[[[127.681724,34.578025],[127.681728,34.578022],[127.681728,34.578021],[127.681726,34.57802],[127.681724,34.578021],[127.681724,34.578025],[127.681724,34.578025]]]}},{"type":"Feature","properties":{"id":"e21bbac3c007e1b6297eb6731c56077920881d44","cls":"styrofoam","cid":3,"cat":2,"conf":0.757,"area":6.9,"mask":true,"color":"#FFFFFF"},"geometry":{"type":"Polygon","coordinates":[[[127.681825,34.580346],[127.681826,34.580346],[127.681828,34.580343],[127.681833,34.580333],[127.681823,34.580329],[127.681815,34.580342],[127.681825,34.580346]]]}},{"type":"Feature","properties":{"id":"2b562056eedf7afd46aaf4946c7559537d9d48eb","cls":"styrofoam","cid":3,"cat":2,"conf":0.695,"area":1.0,"mask":true,"color":"#FFFFFF"},"geometry":{"type":"Polygon","coordinates":[[[127.681923,34.580291],[127.681925,34.58029],[127.681926,34.580289],[127.681926,34.580287],[127.68192,34.580286],[127.681919,34.580289],[127.681923,34.580291]]]}},{"type":"Feature","properties":{"id":"f3dd28e993f7213739a8c810d5bfd790b1ef425c","cls":"styrofoam","cid":3,"cat":2,"conf":0.562,"area":1.0,"mask":true,"color":"#FFFFFF"},"geometry":{"type":"Polygon","coordinates":[[[127.68194,34.580312],[127.681942,34.58031],[127.681942,34.580308],[127.681941,34.580306],[127.681939,34.580306],[127.681937,34.580307],[127.681937,34.580308],[127.681938,34.580311],[127.68194,34.580312]]]}},{"type":"Feature","properties":{"id":"5e0f193bdea7f3d871f8d16b6615ba5548d6e81b","cls":"styrofoam","cid":3,"cat":2,"conf":0.585,"area":2.0,"mask":true,"color":"#FFFFFF"},"geometry":{"type":"Polygon","coordinates":[[[127.681875,34.580235],[127.681877,34.580235],[127.681878,34.580233],[127.681877,34.580231],[127.681876,34.58023],[127.681876,34.580228],[127.681878,34.580227],[127.681877,34.580226],[127.681875,34.580227],[127.681872,34.580227],[127.681869,34.58023],[127.68187,34.580232],[127.681875,34.580235]]]}},{"type":"Feature","properties":{"id":"e6c66b530f570ba92935f29243f4beebfac02c19","cls":"styrofoam","cid":3,"cat":2,"conf":0.572,"area":0.5,"mask":true,"color":"#FFFFFF"},"geometry":{"type":"Polygon","coordinates":[[[127.681868,34.580229],[127.68187,34.580229],[127.681871,34.580228],[127.681869,34.580226],[127.681867,34.580227],[127.681867,34.580229],[127.681868,34.580229]]]}},{"type":"Feature","properties":{"id":"1139c9805fabba8126d5c7477e7bf2b60cde6b90","cls":"plastic_box","cid":6,"cat":3,"conf":0.693,"area":1.1,"mask":true,"color":"#FF8C00"},"geometry":{"type":"Polygon","coordinates":[[[127.676878,34.573321],[127.676879,34.573321],[127.67688,34.57332],[127.676881,34.573318],[127.676879,34.573317],[127.676875,34.573316],[127.676874,34.573318],[127.676878,34.573321]]]}},{"type":"Feature","properties":{"id":"845c4f1bc5b3d76f0101fd3adc82d9adc4cb95a9","cls":"buoy_blue","cid":1,"cat":1,"conf":0.729,"area":3.4,"mask":true,"color":"#0066CC"},"geometry":{"type":"Polygon","coordinates":[[[127.677549,34.572684],[127.67755,34.572683],[127.677553,34.572683],[127.677554,34.572681],[127.677559,34.572671],[127.677559,34.572668],[127.677556,34.572668],[127.677554,34.57267],[127.677549,34.572679],[127.677549,34.572684]]]}},{"type":"Feature","properties":{"id":"866d8be8699ebd2d9fd3514f81fbc167034ce1d4","cls":"styrofoam","cid":3,"cat":2,"conf":0.448,"area":0.9,"mask":true,"color":"#FFFFFF"},"geometry":{"type":"Polygon","coordinates":[[[127.677561,34.572665],[127.677564,34.572664],[127.677565,34.57266],[127.677563,34.572658],[127.677562,34.572658],[127.677561,34.572662],[127.67756,34.572663],[127.677561,34.572665]]]}},{"type":"Feature","properties":{"id":"c86eb3e11809272ce7266a0e11b1d3431639bb73","cls":"styrofoam","cid":3,"cat":2,"conf":0.758,"area":1.5,"mask":false,"color":"#FFFFFF"},"geometry":{"type":"Polygon","coordinates":[[[127.677541,34.572514],[127.677533,34.572514],[127.677533,34.572518],[127.677541,34.572518],[127.677541,34.572514]]]}},{"type":"Feature","properties":{"id":"6c8913e29a181d0cddbbb3eb8a55927f7c45e24f","cls":"styrofoam","cid":3,"cat":2,"conf":0.762,"area":1.6,"mask":true,"color":"#FFFFFF"},"geometry":{"type":"Polygon","coordinates":[[[127.677697,34.572519],[127.677703,34.572519],[127.677703,34.572513],[127.677696,34.572513],[127.677697,34.572519]]]}},{"type":"Feature","properties":{"id":"857d3039b2862a31a741e6bc8e1cde9f7d898b54","cls":"styrofoam","cid":3,"cat":2,"conf":0.754,"area":0.7,"mask":true,"color":"#FFFFFF"},"geometry":{"type":"Polygon","coordinates":[[[127.677696,34.572558],[127.677698,34.572558],[127.677699,34.572556],[127.677697,34.572554],[127.677695,34.572554],[127.677693,34.572555],[127.677693,34.572556],[127.677696,34.572558]]]}},{"type":"Feature","properties":{"id":"2e3138e4dae4fc28a10bbf7649d2cd80c5376348","cls":"styrofoam","cid":3,"cat":2,"conf":0.719,"area":0.7,"mask":true,"color":"#FFFFFF"},"geometry":{"type":"Polygon","coordinates":[[[127.677674,34.572517],[127.677676,34.572517],[127.677676,34.572516],[127.677676,34.572514],[127.677675,34.572513],[127.677673,34.572513],[127.677671,34.572515],[127.677672,34.572516],[127.677674,34.572517]]]}},{"type":"Feature","properties":{"id":"6fd5bab2187f17685f056c3dc7a262b52c87bb66","cls":"styrofoam","cid":3,"cat":2,"conf":0.703,"area":1.5,"mask":true,"color":"#FFFFFF"},"geometry":{"type":"Polygon","coordinates":[[[127.677724,34.572554],[127.677728,34.572552],[127.677728,34.572549],[127.677725,34.572547],[127.677722,34.572548],[127.677721,34.57255],[127.677722,34.572553],[127.677724,34.572554]]]}},{"type":"Feature","properties":{"id":"612f4fce4a671b33edeaa2f15f6f9d4c990cff75","cls":"styrofoam","cid":3,"cat":2,"conf":0.605,"area":0.4,"mask":true,"color":"#FFFFFF"},"geometry":{"type":"Polygon","coordinates":[[[127.677722,34.572557],[127.677723,34.572556],[127.677724,34.572555],[127.677721,34.572553],[127.67772,34.572556],[127.677722,34.572557]]]}},{"type":"Feature","properties":{"id":"727ae5b618dd925e5170c613b850a4f58591da28","cls":"styrofoam","cid":3,"cat":2,"conf":0.51,"area":0.9,"mask":true,"color":"#FFFFFF"},"geometry":{"type":"Polygon","coordinates":[[[127.6777,34.572523],[127.677705,34.572522],[127.677705,34.57252],[127.677703,34.572519],[127.677699,34.57252],[127.677699,34.572522],[127.6777,34.572523]]]}},{"type":"Feature","properties":{"id":"194235a8edd5a22ab1d65212d05c723474951186","cls":"styrofoam","cid":3,"cat":2,"conf":0.5,"area":0.5,"mask":true,"color":"#FFFFFF"},"geometry":{"type":"Polygon","coordinates":[[[127.677597,34.572627],[127.6776,34.572627],[127.677601,34.572626],[127.6776,34.572624],[127.677599,34.572624],[127.677596,34.572626],[127.677597,34.572627]]]}},{"type":"Feature","properties":{"id":"f3b570e3eb70974645761082969c67dfcb3d44ff","cls":"styrofoam","cid":3,"cat":2,"conf":0.417,"area":1.3,"mask":true,"color":"#FFFFFF"},"geometry":{"type":"Polygon","coordinates":[[[127.677714,34.572615],[127.677717,34.572614],[127.677718,34.572613],[127.677718,34.572609],[127.677717,34.572608],[127.677714,34.572608],[127.677713,34.572609],[127.677713,34.572613],[127.677714,34.572615]]]}},{"type":"Feature","properties":{"id":"146af7a918f119c0feea48c8f9ca96d2765a958c","cls":"styrofoam","cid":3,"cat":2,"conf":0.408,"area":0.6,"mask":true,"color":"#FFFFFF"},"geometry":{"type":"Polygon","coordinates":[[[127.677719,34.572602],[127.677721,34.572602],[127.677722,34.572601],[127.677722,34.5726],[127.677721,34.572599],[127.677719,34.572599],[127.677717,34.5726],[127.677718,34.572602],[127.677719,34.572602]]]}},{"type":"Feature","properties":{"id":"ef8ce6a2406246bb06e3b24ce566485fbd41d741","cls":"styrofoam","cid":3,"cat":2,"conf":0.784,"area":1.5,"mask":true,"color":"#FFFFFF"},"geometry":{"type":"Polygon","coordinates":[[[127.677729,34.572544],[127.677731,34.572543],[127.677734,34.572541],[127.677734,34.572539],[127.677735,34.572538],[127.677734,34.572536],[127.677731,34.572537],[127.677727,34.57254],[127.677727,34.572542],[127.677729,34.572544]]]}},{"type":"Feature","properties":{"id":"1791b4d0216e0292a209f22cce1d276c06288a77","cls":"styrofoam","cid":3,"cat":2,"conf":0.742,"area":1.9,"mask":true,"color":"#FFFFFF"},"geometry":{"type":"Polygon","coordinates":[[[127.67776,34.572581],[127.677765,34.57258],[127.677766,34.572578],[127.677763,34.572576],[127.677757,34.572575],[127.677755,34.572579],[127.67776,34.572581]]]}},{"type":"Feature","properties":{"id":"4e2d22a8ff72714ac648d53185ce45943993b45e","cls":"styrofoam","cid":3,"cat":2,"conf":0.739,"area":0.9,"mask":true,"color":"#FFFFFF"},"geometry":{"type":"Polygon","coordinates":[[[127.677767,34.572518],[127.677769,34.572518],[127.677771,34.572515],[127.677771,34.572514],[127.677769,34.572513],[127.677767,34.572513],[127.677765,34.572515],[127.677765,34.572517],[127.677767,34.572518]]]}},{"type":"Feature","properties":{"id":"ccc99f495665db2e660369a0715dc2a60e5c02ef","cls":"styrofoam","cid":3,"cat":2,"conf":0.719,"area":1.6,"mask":true,"color":"#FFFFFF"},"geometry":{"type":"Polygon","coordinates":[[[127.677723,34.572554],[127.677726,34.572553],[127.677728,34.572551],[127.677728,34.572549],[127.677726,34.572547],[127.677723,34.572548],[127.677721,34.572549],[127.677721,34.572552],[127.677723,34.572554]]]}},{"type":"Feature","properties":{"id":"9955723087095e4a63cfbbd7a856fffd1f973c6f","cls":"styrofoam","cid":3,"cat":2,"conf":0.714,"area":0.6,"mask":true,"color":"#FFFFFF"},"geometry":{"type":"Polygon","coordinates":[[[127.67776,34.572524],[127.677761,34.572522],[127.677757,34.572521],[127.677756,34.572521],[127.677756,34.572523],[127.677757,34.572524],[127.67776,34.572524]]]}},{"type":"Feature","properties":{"id":"c71d7dad820442caa413c9bb259012da73eb10ed","cls":"styrofoam","cid":3,"cat":2,"conf":0.711,"area":0.4,"mask":true,"color":"#FFFFFF"},"geometry":{"type":"Polygon","coordinates":[[[127.677721,34.572557],[127.677723,34.572556],[127.677724,34.572555],[127.677724,34.572554],[127.677721,34.572553],[127.67772,34.572555],[127.677721,34.572557]]]}},{"type":"Feature","properties":{"id":"8854ac3d723826ffe371fea75cf850d8b926a7a6","cls":"plastic_box","cid":6,"cat":3,"conf":0.617,"area":3.4,"mask":false,"color":"#FF8C00"},"geometry":{"type":"Polygon","coordinates":[[[127.677764,34.572574],[127.677754,34.572574],[127.677754,34.572582],[127.677764,34.572582],[127.677764,34.572574]]]}},{"type":"Feature","properties":{"id":"cbb489094f97ba5418596f12cbcabafd977bdac8","cls":"styrofoam","cid":3,"cat":2,"conf":0.526,"area":0.6,"mask":true,"color":"#FFFFFF"},"geometry":{"type":"Polygon","coordinates":[[[127.677755,34.572559],[127.677756,34.572558],[127.677758,34.572556],[127.677758,34.572555],[127.677757,34.572554],[127.677753,34.572557],[127.677753,34.572558],[127.677755,34.572559]]]}},{"type":"Feature","properties":{"id":"9798265436beb28dff0ab7edb221b3aea26feff6","cls":"styrofoam","cid":3,"cat":2,"conf":0.418,"area":0.6,"mask":true,"color":"#FFFFFF"},"geometry":{"type":"Polygon","coordinates":[[[127.67772,34.572603],[127.677722,34.572602],[127.677722,34.5726],[127.677721,34.572599],[127.677719,34.572599],[127.677718,34.572599],[127.677718,34.572602],[127.67772,34.572603]]]}},{"type":"Feature","properties":{"id":"584fc00462155d6c97488f334c3672fb506b55e5","cls":"styrofoam","cid":3,"cat":2,"conf":0.407,"area":0.2,"mask":true,"color":"#FFFFFF"},"geometry":{"type":"Polygon","coordinates":[[[127.677773,34.572513],[127.677769,34.572513],[127.677771,34.572514],[127.677773,34.572513]]]}},{"type":"Feature","properties":{"id":"1b7d73fd6660bf18dc3d2c947f1d60f6cc8a988b","cls":"styrofoam","cid":3,"cat":2,"conf":0.77,"area":1.1,"mask":true,"color":"#FFFFFF"},"geometry":{"type":"Polygon","coordinates":[[[127.677991,34.572589],[127.677994,34.572589],[127.677995,34.572587],[127.677995,34.572586],[127.677994,34.572584],[127.677991,34.572585],[127.677989,34.572587],[127.677989,34.572588],[127.677991,34.572589]]]}},{"type":"Feature","properties":{"id":"44347746114e111b3361af68cb1546eea7e65ef4","cls":"styrofoam","cid":3,"cat":2,"conf":0.777,"area":0.9,"mask":true,"color":"#FFFFFF"},"geometry":{"type":"Polygon","coordinates":[[[127.678036,34.572526],[127.678038,34.572526],[127.67804,34.572525],[127.678038,34.572522],[127.678035,34.572522],[127.678034,34.572522],[127.678034,34.572524],[127.678036,34.572526]]]}},{"type":"Feature","properties":{"id":"c0a5f30019b024355d391a7f19ba7609fbcbdaa1","cls":"styrofoam","cid":3,"cat":2,"conf":0.487,"area":0.9,"mask":true,"color":"#FFFFFF"},"geometry":{"type":"Polygon","coordinates":[[[127.678069,34.572547],[127.678072,34.572546],[127.678072,34.572543],[127.678071,34.572542],[127.678068,34.572541],[127.678066,34.572543],[127.678066,34.572544],[127.678067,34.572546],[127.678069,34.572547]]]}},{"type":"Feature","properties":{"id":"f75342bc5546dacea40c704fc6fe8d17d10eb803","cls":"styrofoam","cid":3,"cat":2,"conf":0.809,"area":1.3,"mask":true,"color":"#FFFFFF"},"geometry":{"type":"Polygon","coordinates":[[[127.677537,34.572518],[127.677541,34.572517],[127.677541,34.572514],[127.67754,34.572514],[127.67754,34.572514],[127.677541,34.572513],[127.677538,34.572512],[127.677536,34.572512],[127.677534,34.572513],[127.677535,34.572516],[127.677537,34.572518]]]}},{"type":"Feature","properties":{"id":"80d0667fbbd2faaff78f8260b9fd17e5b0587e10","cls":"styrofoam","cid":3,"cat":2,"conf":0.806,"area":0.7,"mask":true,"color":"#FFFFFF"},"geometry":{"type":"Polygon","coordinates":[[[127.677528,34.572512],[127.67753,34.572512],[127.677532,34.572511],[127.677532,34.572509],[127.67753,34.572508],[127.677527,34.572509],[127.677527,34.57251],[127.677528,34.572512]]]}},{"type":"Feature","properties":{"id":"e4fe1b9397148627b84399249e6f9b9aae7bc334","cls":"styrofoam","cid":3,"cat":2,"conf":0.783,"area":5.0,"mask":true,"color":"#FFFFFF"},"geometry":{"type":"Polygon","coordinates":[[[127.677707,34.572519],[127.677707,34.572511],[127.677706,34.572509],[127.677702,34.572507],[127.677696,34.572508],[127.677696,34.572514],[127.677697,34.572519],[127.677707,34.572519]]]}},{"type":"Feature","properties":{"id":"bed84aa0c14dbc29ea86ba2965a8788a0a75cd22","cls":"styrofoam","cid":3,"cat":2,"conf":0.771,"area":1.6,"mask":true,"color":"#FFFFFF"},"geometry":{"type":"Polygon","coordinates":[[[127.677699,34.572507],[127.677701,34.572506],[127.677701,34.572503],[127.677699,34.5725],[127.677696,34.572499],[127.677694,34.5725],[127.677694,34.572502],[127.677696,34.572506],[127.677699,34.572507]]]}},{"type":"Feature","properties":{"id":"f79c56eafac2437edd2235ab6b5236c2efd80b6d","cls":"styrofoam","cid":3,"cat":2,"conf":0.767,"area":1.0,"mask":true,"color":"#FFFFFF"},"geometry":{"type":"Polygon","coordinates":[[[127.677687,34.572514],[127.677693,34.572513],[127.677694,34.572512],[127.677692,34.57251],[127.677686,34.57251],[127.677686,34.572511],[127.677686,34.572513],[127.677687,34.572514]]]}},{"type":"Feature","properties":{"id":"c887f8ae4b31c40ab9d08f90fd65b35a31e3e4b3","cls":"styrofoam","cid":3,"cat":2,"conf":0.761,"area":1.4,"mask":true,"color":"#FFFFFF"},"geometry":{"type":"Polygon","coordinates":[[[127.677702,34.572503],[127.677707,34.572502],[127.677707,34.5725],[127.677705,34.572497],[127.677702,34.572497],[127.6777,34.572499],[127.677701,34.572502],[127.677702,34.572503]]]}},{"type":"Feature","properties":{"id":"bf5138f0b618af6e2c192760705a3439ea1615a9","cls":"styrofoam","cid":3,"cat":2,"conf":0.743,"area":1.1,"mask":true,"color":"#FFFFFF"},"geometry":{"type":"Polygon","coordinates":[[[127.677708,34.57251],[127.677714,34.572507],[127.677713,34.572505],[127.677708,34.572506],[127.677706,34.572508],[127.677708,34.57251]]]}},{"type":"Feature","properties":{"id":"9db99f9e5119361ad51aef827fade246dd837366","cls":"styrofoam","cid":3,"cat":2,"conf":0.739,"area":0.7,"mask":true,"color":"#FFFFFF"},"geometry":{"type":"Polygon","coordinates":[[[127.677674,34.572517],[127.677676,34.572517],[127.677677,34.572516],[127.677676,34.572514],[127.677674,34.572513],[127.677673,34.572513],[127.677671,34.572514],[127.677672,34.572517],[127.677674,34.572517]]]}},{"type":"Feature","properties":{"id":"9c7d8bf90f8e538592dfe71445e2c31040fafa2b","cls":"styrofoam","cid":3,"cat":2,"conf":0.725,"area":1.0,"mask":true,"color":"#FFFFFF"},"geometry":{"type":"Polygon","coordinates":[[[127.677714,34.572498],[127.677719,34.572495],[127.677719,34.572494],[127.677717,34.572492],[127.677713,34.572494],[127.677712,34.572495],[127.677712,34.572496],[127.677714,34.572498]]]}},{"type":"Feature","properties":{"id":"51615c214058dfdff89d22e096174789c1ee041e","cls":"styrofoam","cid":3,"cat":2,"conf":0.626,"area":1.7,"mask":true,"color":"#FFFFFF"},"geometry":{"type":"Polygon","coordinates":[[[127.677706,34.572504],[127.677713,34.572504],[127.677715,34.572503],[127.677715,34.572501],[127.677713,34.572498],[127.67771,34.572497],[127.677709,34.572498],[127.677708,34.5725],[127.677708,34.572502],[127.677705,34.572503],[127.677706,34.572504]]]}},{"type":"Feature","properties":{"id":"3ba381960fbae5f0c22071864d48648c153604b0","cls":"styrofoam","cid":3,"cat":2,"conf":0.772,"area":1.5,"mask":true,"color":"#FFFFFF"},"geometry":{"type":"Polygon","coordinates":[[[127.677758,34.572503],[127.677763,34.572502],[127.677763,34.572498],[127.677759,34.572498],[127.677758,34.572499],[127.677753,34.5725],[127.677753,34.572501],[127.677758,34.572503]]]}},{"type":"Feature","properties":{"id":"af3c230680522e1080f43a5d80d2dd80698d5f75","cls":"styrofoam","cid":3,"cat":2,"conf":0.71,"area":0.7,"mask":true,"color":"#FFFFFF"},"geometry":{"type":"Polygon","coordinates":[[[127.677757,34.572525],[127.67776,34.572524],[127.677761,34.572522],[127.677759,34.572521],[127.677756,34.572521],[127.677756,34.572524],[127.677757,34.572525]]]}},{"type":"Feature","properties":{"id":"af1faf5c4ebf9e86877b6ded7ea49725e367047f","cls":"styrofoam","cid":3,"cat":2,"conf":0.699,"area":0.9,"mask":true,"color":"#FFFFFF"},"geometry":{"type":"Polygon","coordinates":[[[127.677767,34.572518],[127.677769,34.572518],[127.677771,34.572515],[127.677771,34.572514],[127.677769,34.572513],[127.677767,34.572513],[127.677765,34.572516],[127.677765,34.572516],[127.677767,34.572518]]]}},{"type":"Feature","properties":{"id":"50e1adfa4b9deff21d218ec50bae0f608ced23b6","cls":"styrofoam","cid":3,"cat":2,"conf":0.542,"area":1.0,"mask":true,"color":"#FFFFFF"},"geometry":{"type":"Polygon","coordinates":[[[127.677751,34.5725],[127.677758,34.572499],[127.677758,34.572498],[127.677757,34.572496],[127.677751,34.572496],[127.67775,34.572498],[127.677751,34.5725]]]}},{"type":"Feature","properties":{"id":"d84658898017cd94784767309fe93b51614bfadd","cls":"buoy_bottle","cid":0,"cat":1,"conf":0.537,"area":1.7,"mask":true,"color":"#8B4513"},"geometry":{"type":"Polygon","coordinates":[[[127.677822,34.572501],[127.677824,34.572501],[127.67783,34.572498],[127.67783,34.572496],[127.677829,34.572494],[127.67782,34.572498],[127.67782,34.5725],[127.677822,34.572501]]]}},{"type":"Feature","properties":{"id":"55898da5e9e9ecd51b5c19baeaaf4c9fff734533","cls":"styrofoam","cid":3,"cat":2,"conf":0.433,"area":1.1,"mask":true,"color":"#FFFFFF"},"geometry":{"type":"Polygon","coordinates":[[[127.677714,34.572498],[127.677715,34.572498],[127.677719,34.572495],[127.677717,34.572492],[127.677712,34.572494],[127.677712,34.572496],[127.677714,34.572498]]]}},{"type":"Feature","properties":{"id":"da9f11ad0cf7c15f1b8203ec92fc9442b20cbcd7","cls":"styrofoam","cid":3,"cat":2,"conf":0.427,"area":2.1,"mask":true,"color":"#FFFFFF"},"geometry":{"type":"Polygon","coordinates":[[[127.677751,34.572499],[127.677758,34.572498],[127.677757,34.572494],[127.677751,34.572493],[127.677748,34.572493],[127.677747,34.572497],[127.67775,34.572497],[127.677751,34.572499]]]}},{"type":"Feature","properties":{"id":"3aeb122fe100603f33cb1307730a1a5376e1340e","cls":"plastic_box","cid":6,"cat":3,"conf":0.816,"area":1.0,"mask":true,"color":"#FF8C00"},"geometry":{"type":"Polygon","coordinates":[[[127.677955,34.572494],[127.677958,34.572494],[127.677958,34.572491],[127.677952,34.572489],[127.677952,34.572493],[127.677955,34.572494]]]}},{"type":"Feature","properties":{"id":"129b319eb24f017d198ac5efbc07d1ca0b3f7bc6","cls":"styrofoam","cid":3,"cat":2,"conf":0.697,"area":0.6,"mask":true,"color":"#FFFFFF"},"geometry":{"type":"Polygon","coordinates":[[[127.677958,34.57249],[127.67796,34.57249],[127.677963,34.57249],[127.677964,34.572488],[127.677963,34.572487],[127.67796,34.572486],[127.677958,34.572488],[127.677958,34.57249]]]}},{"type":"Feature","properties":{"id":"d5877ef6e90e04f4d21bac1f11d721355c9925e9","cls":"styrofoam","cid":3,"cat":2,"conf":0.688,"area":1.1,"mask":true,"color":"#FFFFFF"},"geometry":{"type":"Polygon","coordinates":[[[127.678004,34.572507],[127.678008,34.572507],[127.678009,34.572503],[127.678003,34.572502],[127.678002,34.572505],[127.678002,34.572506],[127.678004,34.572507]]]}},{"type":"Feature","properties":{"id":"f25ef51e0a859bfbd47505afcbab084419e0b87c","cls":"styrofoam","cid":3,"cat":2,"conf":0.605,"area":1.4,"mask":true,"color":"#FFFFFF"},"geometry":{"type":"Polygon","coordinates":[[[127.677893,34.57251],[127.6779,34.572509],[127.677902,34.572506],[127.677898,34.572505],[127.677895,34.572505],[127.677894,34.572506],[127.677893,34.57251]]]}},{"type":"Feature","properties":{"id":"938971dcaffac87550bc346c79815e95aa2bbe79","cls":"styrofoam","cid":3,"cat":2,"conf":0.693,"area":0.5,"mask":true,"color":"#FFFFFF"},"geometry":{"type":"Polygon","coordinates":[[[127.678034,34.572524],[127.67804,34.572524],[127.678038,34.572522],[127.678035,34.572522],[127.678034,34.572522],[127.678034,34.572524]]]}},{"type":"Feature","properties":{"id":"accc7d1cc8f96188ab213b98355ad77d801ab8c9","cls":"styrofoam","cid":3,"cat":2,"conf":0.648,"area":0.9,"mask":true,"color":"#FFFFFF"},"geometry":{"type":"Polygon","coordinates":[[[127.678003,34.572507],[127.678008,34.572506],[127.678008,34.572504],[127.678004,34.572502],[127.678003,34.572502],[127.678003,34.572507]]]}},{"type":"Feature","properties":{"id":"298d388775f988ec7660594aeac61aa37035f927","cls":"styrofoam","cid":3,"cat":2,"conf":0.658,"area":1.0,"mask":true,"color":"#FFFFFF"},"geometry":{"type":"Polygon","coordinates":[[[127.679081,34.571922],[127.679083,34.571922],[127.679084,34.571921],[127.679084,34.57192],[127.679083,34.571917],[127.679081,34.571916],[127.679079,34.571917],[127.679078,34.571919],[127.679081,34.571922]]]}},{"type":"Feature","properties":{"id":"8311c028236c32742904953430fe99399b21c96b","cls":"styrofoam","cid":3,"cat":2,"conf":0.827,"area":1.0,"mask":true,"color":"#FFFFFF"},"geometry":{"type":"Polygon","coordinates":[[[127.682883,34.570639],[127.682887,34.570637],[127.682887,34.570635],[127.682885,34.570634],[127.68288,34.570636],[127.682881,34.570638],[127.682883,34.570639]]]}},{"type":"Feature","properties":{"id":"0ab0da744fada427a80444b9790a3c648c77fdcd","cls":"styrofoam","cid":3,"cat":2,"conf":0.801,"area":0.9,"mask":true,"color":"#FFFFFF"},"geometry":{"type":"Polygon","coordinates":[[[127.682773,34.570548],[127.682776,34.570547],[127.682777,34.570546],[127.682774,34.570544],[127.68277,34.570544],[127.682769,34.570547],[127.682773,34.570548]]]}},{"type":"Feature","properties":{"id":"9cd4446d84b8e867a5914551a859419a85bab87a","cls":"styrofoam","cid":3,"cat":2,"conf":0.725,"area":0.8,"mask":true,"color":"#FFFFFF"},"geometry":{"type":"Polygon","coordinates":[[[127.68283,34.570587],[127.682834,34.570586],[127.682834,34.570585],[127.682832,34.570583],[127.68283,34.570583],[127.682829,34.570584],[127.682829,34.570586],[127.68283,34.570587]]]}},{"type":"Feature","properties":{"id":"1abb96e8fd46e7dfb672bd2a2a4141e5806672b0","cls":"styrofoam","cid":3,"cat":2,"conf":0.434,"area":0.5,"mask":true,"color":"#FFFFFF"},"geometry":{"type":"Polygon","coordinates":[[[127.68277,34.57059],[127.682773,34.57059],[127.682771,34.570587],[127.682768,34.570588],[127.682768,34.570589],[127.68277,34.57059]]]}},{"type":"Feature","properties":{"id":"0e3d328e9c6861b67bea131cfb4147a0fb8d2b5a","cls":"styrofoam","cid":3,"cat":2,"conf":0.784,"area":0.9,"mask":true,"color":"#FFFFFF"},"geometry":{"type":"Polygon","coordinates":[[[127.68288,34.570637],[127.682889,34.570637],[127.68289,34.570636],[127.682888,34.570635],[127.682884,34.570634],[127.682882,34.570635],[127.68288,34.570637]]]}},{"type":"Feature","properties":{"id":"53f4ba56060935f90c6dc14c55d39ff8e49c7426","cls":"styrofoam","cid":3,"cat":2,"conf":0.762,"area":1.2,"mask":true,"color":"#FFFFFF"},"geometry":{"type":"Polygon","coordinates":[[[127.682536,34.570414],[127.68254,34.570413],[127.682541,34.570412],[127.682541,34.57041],[127.682539,34.570409],[127.682534,34.570409],[127.682534,34.570413],[127.682536,34.570414]]]}},{"type":"Feature","properties":{"id":"dfb6caf42b08dbef55494ccf65d1a8bd89b8e78e","cls":"styrofoam","cid":3,"cat":2,"conf":0.843,"area":2.9,"mask":true,"color":"#FFFFFF"},"geometry":{"type":"Polygon","coordinates":[[[127.679857,34.57036],[127.679863,34.570359],[127.679862,34.57035],[127.679861,34.570349],[127.679856,34.57035],[127.679855,34.57035],[127.679857,34.57036]]]}},{"type":"Feature","properties":{"id":"d0adcc1bda6a7785b9d19bd007e310db3ead8eae","cls":"styrofoam","cid":3,"cat":2,"conf":0.843,"area":3.7,"mask":true,"color":"#FFFFFF"},"geometry":{"type":"Polygon","coordinates":[[[127.679872,34.570363],[127.679877,34.57036],[127.679877,34.570359],[127.679868,34.570351],[127.679865,34.570352],[127.679863,34.570355],[127.679865,34.570358],[127.679872,34.570363]]]}},{"type":"Feature","properties":{"id":"7397b457bb152fabdedb2925455e003a20329389","cls":"styrofoam","cid":3,"cat":2,"conf":0.832,"area":3.2,"mask":true,"color":"#FFFFFF"},"geometry":{"type":"Polygon","coordinates":[[[127.679854,34.570375],[127.679856,34.570374],[127.679859,34.570373],[127.679861,34.570367],[127.679861,34.570365],[127.679856,34.570363],[127.679855,34.570364],[127.67985,34.570372],[127.67985,34.570373],[127.679854,34.570375]]]}},{"type":"Feature","properties":{"id":"37392569ab8692b8a64c9f1e59d947bf4283ba1e","cls":"styrofoam","cid":3,"cat":2,"conf":0.828,"area":3.1,"mask":true,"color":"#FFFFFF"},"geometry":{"type":"Polygon","coordinates":[[[127.679891,34.570357],[127.679903,34.570356],[127.679903,34.570351],[127.679901,34.57035],[127.679899,34.57035],[127.67989,34.570352],[127.67989,34.570355],[127.679891,34.570357]]]}},{"type":"Feature","properties":{"id":"272cb150e4bb63d4e7489b370ddeb914f409379f","cls":"styrofoam","cid":3,"cat":2,"conf":0.827,"area":3.5,"mask":true,"color":"#FFFFFF"},"geometry":{"type":"Polygon","coordinates":[[[127.679883,34.570362],[127.679888,34.570361],[127.679887,34.570355],[127.679887,34.570352],[127.679885,34.57035],[127.67988,34.57035],[127.679879,34.570351],[127.679879,34.570356],[127.679881,34.570362],[127.679883,34.570362]]]}},{"type":"Feature","properties":{"id":"68d35620dc09a78276aa8372c1396c6505836920","cls":"styrofoam","cid":3,"cat":2,"conf":0.827,"area":2.9,"mask":true,"color":"#FFFFFF"},"geometry":{"type":"Polygon","coordinates":[[[127.679846,34.570359],[127.679846,34.570358],[127.679847,34.57035],[127.679845,34.570348],[127.679841,34.570349],[127.67984,34.57035],[127.67984,34.570358],[127.67984,34.570359],[127.679846,34.570359]]]}},{"type":"Feature","properties":{"id":"6256df9420ffcf3eab4ba1860171dc90152dc9d3","cls":"styrofoam","cid":3,"cat":2,"conf":0.823,"area":3.2,"mask":true,"color":"#FFFFFF"},"geometry":{"type":"Polygon","coordinates":[[[127.679875,34.570374],[127.679881,34.570374],[127.679881,34.570373],[127.679881,34.570364],[127.67988,34.570363],[127.679874,34.570364],[127.679874,34.570373],[127.679875,34.570374]]]}},{"type":"Feature","properties":{"id":"e84b95f13fd4b7a764ee2c1670184db375586513","cls":"styrofoam","cid":3,"cat":2,"conf":0.82,"area":8.0,"mask":false,"color":"#FFFFFF"},"geometry":{"type":"Polygon","coordinates":[[[127.679902,34.570372],[127.679884,34.570372],[127.679884,34.570383],[127.679902,34.570383],[127.679902,34.570372]]]}},{"type":"Feature","properties":{"id":"9e22958b59f641fd256013f84ee3b4fe0d6657b4","cls":"styrofoam","cid":3,"cat":2,"conf":0.818,"area":3.0,"mask":true,"color":"#FFFFFF"},"geometry":{"type":"Polygon","coordinates":[[[127.679887,34.570373],[127.679889,34.570372],[127.679897,34.570367],[127.679894,34.570363],[127.679892,34.570362],[127.679884,34.570368],[127.679884,34.57037],[127.679887,34.570373]]]}},{"type":"Feature","properties":{"id":"2a4b6d524aec507ce7b542e7230109e1f2d78c3a","cls":"styrofoam","cid":3,"cat":2,"conf":0.813,"area":2.8,"mask":true,"color":"#FFFFFF"},"geometry":{"type":"Polygon","coordinates":[[[127.679845,34.570371],[127.679847,34.570371],[127.679854,34.570366],[127.679854,34.570365],[127.679851,34.570362],[127.679849,34.570362],[127.679841,34.570367],[127.679841,34.570369],[127.679845,34.570371]]]}},{"type":"Feature","properties":{"id":"52fc3013799e0d0887892bdf14d41708075742ea","cls":"styrofoam","cid":3,"cat":2,"conf":0.781,"area":3.5,"mask":true,"color":"#FFFFFF"},"geometry":{"type":"Polygon","coordinates":[[[127.679863,34.570374],[127.679867,34.570374],[127.679868,34.570373],[127.679869,34.570363],[127.679866,34.570362],[127.679863,34.570362],[127.679862,34.570363],[127.67986,34.570373],[127.679863,34.570374]]]}},{"type":"Feature","properties":{"id":"70aa7f59e15fe6a77627848ace85f565199f95a6","cls":"styrofoam","cid":3,"cat":2,"conf":0.779,"area":2.4,"mask":true,"color":"#FFFFFF"},"geometry":{"type":"Polygon","coordinates":[[[127.679934,34.570385],[127.679934,34.570378],[127.679932,34.570376],[127.679929,34.570375],[127.679925,34.570379],[127.679928,34.570382],[127.679934,34.570385]]]}},{"type":"Feature","properties":{"id":"d398a36d99bae661bf23a78c6c426c52851378cc","cls":"styrofoam","cid":3,"cat":2,"conf":0.772,"area":1.2,"mask":true,"color":"#FFFFFF"},"geometry":{"type":"Polygon","coordinates":[[[127.679827,34.570386],[127.679834,34.570386],[127.679836,34.570384],[127.679832,34.570382],[127.679827,34.570382],[127.679826,34.570383],[127.679827,34.570386]]]}},{"type":"Feature","properties":{"id":"4e8d3abcd9639f7f1ed619f9d36128f4102fb56a","cls":"styrofoam","cid":3,"cat":2,"conf":0.768,"area":3.1,"mask":true,"color":"#FFFFFF"},"geometry":{"type":"Polygon","coordinates":[[[127.679921,34.570358],[127.679924,34.570357],[127.679926,34.57035],[127.679925,34.570348],[127.679922,34.570347],[127.679919,34.570347],[127.679918,34.570353],[127.679916,34.570356],[127.679917,34.570357],[127.679921,34.570358]]]}},{"type":"Feature","properties":{"id":"8dea819cfc4eaf8090fadec41cd10e9a64408852","cls":"styrofoam","cid":3,"cat":2,"conf":0.757,"area":3.0,"mask":true,"color":"#FFFFFF"},"geometry":{"type":"Polygon","coordinates":[[[127.679916,34.570356],[127.679916,34.570355],[127.679916,34.57035],[127.679904,34.57035],[127.679904,34.570356],[127.679916,34.570356]]]}},{"type":"Feature","properties":{"id":"3bc228323cf2e17ed85bfa168360e5c0f48d82d2","cls":"styrofoam","cid":3,"cat":2,"conf":0.755,"area":0.8,"mask":true,"color":"#FFFFFF"},"geometry":{"type":"Polygon","coordinates":[[[127.679843,34.570376],[127.679847,34.570373],[127.679847,34.570372],[127.679844,34.570371],[127.679843,34.570371],[127.679841,34.570374],[127.679841,34.570375],[127.679843,34.570376]]]}},{"type":"Feature","properties":{"id":"5d2560c6c7b151fd940b487c92a5843c7dea9caa","cls":"styrofoam","cid":3,"cat":2,"conf":0.754,"area":2.9,"mask":true,"color":"#FFFFFF"},"geometry":{"type":"Polygon","coordinates":[[[127.679903,34.57035],[127.679913,34.57035],[127.679913,34.570345],[127.679911,34.570344],[127.679901,34.570344],[127.6799,34.570345],[127.6799,34.570349],[127.679903,34.57035]]]}},{"type":"Feature","properties":{"id":"cb451f5041de437b50b5dfc350dcb470b323d826","cls":"styrofoam","cid":3,"cat":2,"conf":0.729,"area":1.1,"mask":true,"color":"#FFFFFF"},"geometry":{"type":"Polygon","coordinates":[[[127.679851,34.570379],[127.679853,34.570378],[127.679854,34.570376],[127.679851,34.570374],[127.679849,34.570374],[127.679847,34.570376],[127.679847,34.570377],[127.679851,34.570379]]]}},{"type":"Feature","properties":{"id":"75e5f1128d8270d978692eb5203b1db9676b55f1","cls":"styrofoam","cid":3,"cat":2,"conf":0.722,"area":2.7,"mask":true,"color":"#FFFFFF"},"geometry":{"type":"Polygon","coordinates":[[[127.679853,34.570359],[127.679854,34.570358],[127.679854,34.57035],[127.679852,34.570348],[127.679848,34.570349],[127.679847,34.570359],[127.679853,34.570359]]]}},{"type":"Feature","properties":{"id":"069a8217279f4964c72e4efe8ec0625c359e8ee3","cls":"styrofoam","cid":3,"cat":2,"conf":0.72,"area":3.9,"mask":true,"color":"#FFFFFF"},"geometry":{"type":"Polygon","coordinates":[[[127.679839,34.570359],[127.679839,34.57035],[127.679841,34.570349],[127.679841,34.570347],[127.67984,34.570345],[127.679835,34.570345],[127.679834,34.570346],[127.679834,34.570349],[127.679833,34.570349],[127.679833,34.570359],[127.679839,34.570359]]]}},{"type":"Feature","properties":{"id":"dc6aa3b7f94ac1586e9643613fd4fe851bf0fa27","cls":"buoy_blue","cid":1,"cat":1,"conf":0.621,"area":1.0,"mask":true,"color":"#0066CC"},"geometry":{"type":"Polygon","coordinates":[[[127.679843,34.570382],[127.679848,34.570382],[127.679849,34.570381],[127.679848,34.570379],[127.679846,34.570378],[127.679843,34.570378],[127.679842,34.570381],[127.679843,34.570382]]]}},{"type":"Feature","properties":{"id":"737f4efdac3067d4a53c2f462cfc577496b6de6e","cls":"styrofoam","cid":3,"cat":2,"conf":0.589,"area":3.4,"mask":true,"color":"#FFFFFF"},"geometry":{"type":"Polygon","coordinates":[[[127.679921,34.570383],[127.679924,34.570379],[127.679924,34.570378],[127.679915,34.570374],[127.679912,34.570374],[127.67991,34.570377],[127.67991,34.570379],[127.679918,34.570382],[127.679921,34.570383]]]}},{"type":"Feature","properties":{"id":"40f11b215bcfbbea612a81c5ff83e95f39d599fb","cls":"styrofoam","cid":3,"cat":2,"conf":0.532,"area":0.8,"mask":true,"color":"#FFFFFF"},"geometry":{"type":"Polygon","coordinates":[[[127.679886,34.570366],[127.679888,34.570365],[127.67989,34.570364],[127.67989,34.570363],[127.679889,34.570361],[127.679888,34.570361],[127.679884,34.570363],[127.679886,34.570366]]]}},{"type":"Feature","properties":{"id":"e19ddfda990b43cb4e086f1f8cb591619b8d9b93","cls":"styrofoam","cid":3,"cat":2,"conf":0.483,"area":1.5,"mask":true,"color":"#FFFFFF"},"geometry":{"type":"Polygon","coordinates":[[[127.679918,34.570312],[127.679922,34.570312],[127.679924,34.57031],[127.679926,34.570308],[127.679925,34.570307],[127.679922,34.570306],[127.67992,34.570307],[127.679917,34.57031],[127.679918,34.570312]]]}},{"type":"Feature","properties":{"id":"f57697756600a69a4b29291706f41058a5e5d4e2","cls":"styrofoam","cid":3,"cat":2,"conf":0.84,"area":3.2,"mask":true,"color":"#FFFFFF"},"geometry":{"type":"Polygon","coordinates":[[[127.679934,34.570385],[127.679936,34.570385],[127.679937,34.570384],[127.679939,34.570381],[127.679931,34.570375],[127.679929,34.570375],[127.679926,34.570378],[127.679925,34.570379],[127.679934,34.570385]]]}},{"type":"Feature","properties":{"id":"ca0962a8bdc7edcd048b8a0210edc4bc0f872cb6","cls":"styrofoam","cid":3,"cat":2,"conf":0.805,"area":2.9,"mask":true,"color":"#FFFFFF"},"geometry":{"type":"Polygon","coordinates":[[[127.679923,34.570358],[127.679924,34.570357],[127.679926,34.57035],[127.679925,34.570348],[127.679922,34.570347],[127.679919,34.570347],[127.679918,34.570349],[127.679918,34.570357],[127.679923,34.570358]]]}},{"type":"Feature","properties":{"id":"2a0ffc33361d81b845421bd9db768ee70deb7c4d","cls":"styrofoam","cid":3,"cat":2,"conf":0.79,"area":3.2,"mask":true,"color":"#FFFFFF"},"geometry":{"type":"Polygon","coordinates":[[[127.679962,34.570327],[127.679964,34.570327],[127.679964,34.570322],[127.679961,34.570321],[127.679952,34.570321],[127.679951,34.570325],[127.679952,34.570326],[127.679962,34.570327]]]}},{"type":"Feature","properties":{"id":"03660b9c268c7a8fb7e35b962d1802854da68019","cls":"styrofoam","cid":3,"cat":2,"conf":0.764,"area":2.0,"mask":true,"color":"#FFFFFF"},"geometry":{"type":"Polygon","coordinates":[[[127.679923,34.570311],[127.679925,34.570309],[127.679927,34.570306],[127.679923,34.570304],[127.679922,34.570304],[127.679921,34.570306],[127.679918,34.570309],[127.679918,34.570312],[127.679923,34.570311]]]}},{"type":"Feature","properties":{"id":"b6ad2ca5d7dac887b69a6b89932c113bd7d7fec5","cls":"styrofoam","cid":3,"cat":2,"conf":0.695,"area":1.7,"mask":true,"color":"#FFFFFF"},"geometry":{"type":"Polygon","coordinates":[[[127.679937,34.570315],[127.679938,34.570315],[127.679942,34.57031],[127.679941,34.570308],[127.679939,34.570306],[127.679936,34.570307],[127.679935,34.570309],[127.679935,34.570313],[127.679937,34.570315]]]}},{"type":"Feature","properties":{"id":"c03d3d730d9107065927b3264c8e8a94224a9dc2","cls":"styrofoam","cid":3,"cat":2,"conf":0.695,"area":3.3,"mask":true,"color":"#FFFFFF"},"geometry":{"type":"Polygon","coordinates":[[[127.679941,34.570325],[127.679943,34.570325],[127.679952,34.570321],[127.679948,34.570316],[127.679947,34.570316],[127.679938,34.57032],[127.679938,34.570322],[127.679941,34.570325]]]}},{"type":"Feature","properties":{"id":"9a61e586b2458c9ce095f8f42b9d58a0d5d36492","cls":"styrofoam","cid":3,"cat":2,"conf":0.604,"area":1.4,"mask":true,"color":"#FFFFFF"},"geometry":{"type":"Polygon","coordinates":[[[127.679922,34.570383],[127.679924,34.570379],[127.679925,34.570378],[127.679918,34.570375],[127.679918,34.570382],[127.679922,34.570383]]]}},{"type":"Feature","properties":{"id":"914e686dadde17882d0881a81995b56a15b22f42","cls":"styrofoam","cid":3,"cat":2,"conf":0.811,"area":3.3,"mask":true,"color":"#FFFFFF"},"geometry":{"type":"Polygon","coordinates":[[[127.681796,34.570371],[127.681799,34.57037],[127.681804,34.570367],[127.6818,34.570361],[127.681796,34.570362],[127.681791,34.570363],[127.681794,34.57037],[127.681796,34.570371]]]}},{"type":"Feature","properties":{"id":"b7a36aa64a93aa7ed49e8fffa9fd67bcf912de2b","cls":"styrofoam","cid":3,"cat":2,"conf":0.755,"area":1.1,"mask":true,"color":"#FFFFFF"},"geometry":{"type":"Polygon","coordinates":[[[127.679872,34.570194],[127.679874,34.570193],[127.679875,34.570192],[127.679874,34.570188],[127.679872,34.570187],[127.679869,34.570189],[127.67987,34.570191],[127.679872,34.570194]]]}},{"type":"Feature","properties":{"id":"40b4aa68477cd7c72aa390fa49d07159d9136d52","cls":"styrofoam","cid":3,"cat":2,"conf":0.755,"area":1.1,"mask":true,"color":"#FFFFFF"},"geometry":{"type":"Polygon","coordinates":[[[127.679929,34.570113],[127.679932,34.570113],[127.679932,34.570106],[127.679929,34.570107],[127.679928,34.570108],[127.679928,34.570111],[127.679929,34.570113]]]}},{"type":"Feature","properties":{"id":"cd72dfe73437917e680188ef741d7b0f3f516415","cls":"styrofoam","cid":3,"cat":2,"conf":0.69,"area":0.8,"mask":true,"color":"#FFFFFF"},"geometry":{"type":"Polygon","coordinates":[[[127.679827,34.570107],[127.67983,34.570104],[127.67983,34.570103],[127.679828,34.570101],[127.679827,34.570102],[127.679825,34.570104],[127.679825,34.570105],[127.679827,34.570107]]]}},{"type":"Feature","properties":{"id":"eea9f2a286bc6c4be7d5f96819b1328989f695f5","cls":"styrofoam","cid":3,"cat":2,"conf":0.848,"area":3.3,"mask":true,"color":"#FFFFFF"},"geometry":{"type":"Polygon","coordinates":[[[127.680052,34.570105],[127.680059,34.570104],[127.680055,34.570094],[127.680049,34.570095],[127.680051,34.570104],[127.680052,34.570105]]]}},{"type":"Feature","properties":{"id":"fe65c8a785ab2db7c786573006b9e53ba54287b9","cls":"styrofoam","cid":3,"cat":2,"conf":0.841,"area":3.1,"mask":true,"color":"#FFFFFF"},"geometry":{"type":"Polygon","coordinates":[[[127.680063,34.570089],[127.680067,34.570087],[127.680071,34.570083],[127.680072,34.570081],[127.680069,34.570078],[127.680067,34.570078],[127.680064,34.57008],[127.680061,34.570083],[127.68006,34.570086],[127.680062,34.570088],[127.680063,34.570089]]]}},{"type":"Feature","properties":{"id":"64b700fe65f18ac641d8a3f650efb2731dfe74fe","cls":"styrofoam","cid":3,"cat":2,"conf":0.832,"area":3.3,"mask":true,"color":"#FFFFFF"},"geometry":{"type":"Polygon","coordinates":[[[127.680062,34.570051],[127.680073,34.570047],[127.680073,34.570045],[127.68007,34.570041],[127.680066,34.570043],[127.680059,34.570046],[127.68006,34.57005],[127.680062,34.570051]]]}},{"type":"Feature","properties":{"id":"afbeebd9c99e744cfac2f31b49897b91ae75ac19","cls":"styrofoam","cid":3,"cat":2,"conf":0.832,"area":3.2,"mask":true,"color":"#FFFFFF"},"geometry":{"type":"Polygon","coordinates":[[[127.67997,34.570112],[127.679982,34.570109],[127.679982,34.570108],[127.679981,34.570104],[127.679979,34.570104],[127.679969,34.570106],[127.679968,34.570107],[127.67997,34.570112]]]}},{"type":"Feature","properties":{"id":"a8c6bfa12f452b693532cff145aaf63bb67ece95","cls":"styrofoam","cid":3,"cat":2,"conf":0.831,"area":3.1,"mask":true,"color":"#FFFFFF"},"geometry":{"type":"Polygon","coordinates":[[[127.680025,34.570129],[127.680026,34.570129],[127.680033,34.570122],[127.680033,34.57012],[127.680031,34.570119],[127.680028,34.570119],[127.680021,34.570125],[127.680021,34.570126],[127.680025,34.570129]]]}},{"type":"Feature","properties":{"id":"f7dd95474ea9b645ab8497fae96c72679fd60b49","cls":"styrofoam","cid":3,"cat":2,"conf":0.831,"area":3.1,"mask":true,"color":"#FFFFFF"},"geometry":{"type":"Polygon","coordinates":[[[127.67994,34.570113],[127.67994,34.570107],[127.679931,34.570106],[127.679928,34.570107],[127.679928,34.570111],[127.679929,34.570112],[127.67994,34.570113]]]}},{"type":"Feature","properties":{"id":"fd3517db768b106b399a240148efbfe9c10e467d","cls":"styrofoam","cid":3,"cat":2,"conf":0.825,"area":3.0,"mask":true,"color":"#FFFFFF"},"geometry":{"type":"Polygon","coordinates":[[[127.680051,34.570058],[127.680055,34.570058],[127.680061,34.570056],[127.680062,34.570055],[127.680062,34.570053],[127.680059,34.570052],[127.680049,34.570052],[127.680049,34.570057],[127.680051,34.570058]]]}},{"type":"Feature","properties":{"id":"6cf4bb2adaebec76950bd5a469c4277ee0715522","cls":"styrofoam","cid":3,"cat":2,"conf":0.824,"area":2.7,"mask":true,"color":"#FFFFFF"},"geometry":{"type":"Polygon","coordinates":[[[127.680063,34.5701],[127.680067,34.570099],[127.68007,34.570096],[127.680071,34.570092],[127.680069,34.57009],[127.680067,34.570091],[127.680059,34.570096],[127.680059,34.570097],[127.680063,34.5701]]]}},{"type":"Feature","properties":{"id":"33acdfc11cfd51d1a1c790000897cbdd0716ab91","cls":"styrofoam","cid":3,"cat":2,"conf":0.822,"area":3.1,"mask":true,"color":"#FFFFFF"},"geometry":{"type":"Polygon","coordinates":[[[127.679985,34.570098],[127.679997,34.570097],[127.679997,34.570092],[127.679992,34.570092],[127.679984,34.570093],[127.679984,34.570096],[127.679985,34.570098]]]}},{"type":"Feature","properties":{"id":"750d46443721f6ecc177b40600592019a12bb3fe","cls":"styrofoam","cid":3,"cat":2,"conf":0.815,"area":3.1,"mask":true,"color":"#FFFFFF"},"geometry":{"type":"Polygon","coordinates":[[[127.680008,34.570097],[127.680013,34.570096],[127.680015,34.570094],[127.680014,34.570091],[127.680002,34.570091],[127.680001,34.570094],[127.680001,34.570097],[127.680008,34.570097]]]}},{"type":"Feature","properties":{"id":"2dc49deca3fece48e89d18376bf8dc8d191988af","cls":"styrofoam","cid":3,"cat":2,"conf":0.814,"area":3.5,"mask":true,"color":"#FFFFFF"},"geometry":{"type":"Polygon","coordinates":[[[127.67995,34.570095],[127.679961,34.570094],[127.679961,34.570088],[127.679958,34.570088],[127.679949,34.570089],[127.679948,34.570093],[127.67995,34.570095]]]}},{"type":"Feature","properties":{"id":"a37f19966dc50bd86af49215de8561da076d3ea8","cls":"styrofoam","cid":3,"cat":2,"conf":0.813,"area":3.6,"mask":true,"color":"#FFFFFF"},"geometry":{"type":"Polygon","coordinates":[[[127.680066,34.570107],[127.680078,34.570107],[127.680078,34.5701],[127.680074,34.5701],[127.680067,34.570101],[127.680065,34.570103],[127.680066,34.570107]]]}},{"type":"Feature","properties":{"id":"b5bc8210ee7f828e0c96126f533baab345e28d48","cls":"styrofoam","cid":3,"cat":2,"conf":0.811,"area":3.3,"mask":true,"color":"#FFFFFF"},"geometry":{"type":"Polygon","coordinates":[[[127.680059,34.570066],[127.680062,34.570065],[127.680069,34.57006],[127.68007,34.570058],[127.680067,34.570056],[127.680064,34.570056],[127.680063,34.570057],[127.680059,34.570058],[127.680055,34.570062],[127.680059,34.570066]]]}},{"type":"Feature","properties":{"id":"0e24c95b19b85dd7416b249ab0db20bd31931e4a","cls":"styrofoam","cid":3,"cat":2,"conf":0.811,"area":3.2,"mask":true,"color":"#FFFFFF"},"geometry":{"type":"Polygon","coordinates":[[[127.680038,34.570113],[127.680042,34.570113],[127.680043,34.570111],[127.680042,34.570108],[127.680035,34.570106],[127.68003,34.570107],[127.680029,34.570109],[127.68003,34.570112],[127.680036,34.570112],[127.680038,34.570113]]]}},{"type":"Feature","properties":{"id":"275c4419ad908249a1c8b3d443bf5706a6a5a224","cls":"styrofoam","cid":3,"cat":2,"conf":0.81,"area":3.4,"mask":true,"color":"#FFFFFF"},"geometry":{"type":"Polygon","coordinates":[[[127.680048,34.570089],[127.68006,34.570087],[127.68006,34.570086],[127.680059,34.570082],[127.680056,34.570081],[127.680047,34.570082],[127.680046,34.570085],[127.680048,34.570089]]]}},{"type":"Feature","properties":{"id":"1afdbf6f151a6d9566e264e50d58335f0187a8c4","cls":"styrofoam","cid":3,"cat":2,"conf":0.8,"area":3.4,"mask":true,"color":"#FFFFFF"},"geometry":{"type":"Polygon","coordinates":[[[127.680036,34.570118],[127.680036,34.570113],[127.68003,34.570113],[127.680028,34.570111],[127.680023,34.570112],[127.680023,34.570118],[127.680036,34.570118]]]}},{"type":"Feature","properties":{"id":"2e3d206161a2b536ec521cceefd87584efbc985d","cls":"styrofoam","cid":3,"cat":2,"conf":0.798,"area":0.9,"mask":true,"color":"#FFFFFF"},"geometry":{"type":"Polygon","coordinates":[[[127.679962,34.570113],[127.679963,34.570112],[127.679964,34.57011],[127.67996,34.570108],[127.679958,34.570108],[127.679957,34.570111],[127.679962,34.570113]]]}},{"type":"Feature","properties":{"id":"815cb4069610e31e9a742e466e75159c69015607","cls":"styrofoam","cid":3,"cat":2,"conf":0.796,"area":2.9,"mask":true,"color":"#FFFFFF"},"geometry":{"type":"Polygon","coordinates":[[[127.680024,34.5701],[127.680024,34.570098],[127.680023,34.570095],[127.680018,34.570095],[127.680011,34.570097],[127.68001,34.570099],[127.680012,34.570102],[127.680024,34.5701]]]}},{"type":"Feature","properties":{"id":"eccf4ca1f8040fdfc2658e9acecaf32cb4aa021d","cls":"styrofoam","cid":3,"cat":2,"conf":0.794,"area":3.5,"mask":true,"color":"#FFFFFF"},"geometry":{"type":"Polygon","coordinates":[[[127.680037,34.570071],[127.680049,34.570069],[127.68005,34.570068],[127.680049,34.570064],[127.680048,34.570063],[127.680045,34.570063],[127.680037,34.570064],[127.680036,34.570065],[127.680036,34.57007],[127.680037,34.570071]]]}},{"type":"Feature","properties":{"id":"73d8bc77f4eed35e63dd5ddb74c8c1ff539b556b","cls":"styrofoam","cid":3,"cat":2,"conf":0.755,"area":1.7,"mask":true,"color":"#FFFFFF"},"geometry":{"type":"Polygon","coordinates":[[[127.680078,34.570121],[127.680078,34.570115],[127.680074,34.570115],[127.680072,34.570115],[127.680071,34.57012],[127.680073,34.570121],[127.680078,34.570121]]]}},{"type":"Feature","properties":{"id":"6e303347cec5d14b9717a51f78df94cae6d4cfdb","cls":"styrofoam","cid":3,"cat":2,"conf":0.738,"area":1.3,"mask":true,"color":"#FFFFFF"},"geometry":{"type":"Polygon","coordinates":[[[127.680076,34.570096],[127.680078,34.570096],[127.680078,34.570088],[127.680072,34.570091],[127.680076,34.570096]]]}},{"type":"Feature","properties":{"id":"74b0ac5bf38d88d7e42feb63584fbaa010ddd6ed","cls":"styrofoam","cid":3,"cat":2,"conf":0.716,"area":4.3,"mask":true,"color":"#FFFFFF"},"geometry":{"type":"Polygon","coordinates":[[[127.680036,34.570061],[127.680045,34.570058],[127.680048,34.570057],[127.680047,34.570052],[127.680041,34.570051],[127.680039,34.570051],[127.680035,34.570053],[127.680034,34.570057],[127.680033,34.570058],[127.680036,34.570061]]]}},{"type":"Feature","properties":{"id":"152e6f16651361a3606afb62884f03a2464dfade","cls":"styrofoam","cid":3,"cat":2,"conf":0.669,"area":1.1,"mask":true,"color":"#FFFFFF"},"geometry":{"type":"Polygon","coordinates":[[[127.680075,34.570087],[127.680078,34.570087],[127.680078,34.57008],[127.680073,34.570082],[127.680075,34.570087]]]}},{"type":"Feature","properties":{"id":"e42c8914ca1f813c02f241ba3ba7022bf36d0717","cls":"styrofoam","cid":3,"cat":2,"conf":0.645,"area":0.7,"mask":true,"color":"#FFFFFF"},"geometry":{"type":"Polygon","coordinates":[[[127.680077,34.570051],[127.680077,34.570043],[127.680074,34.570047],[127.680074,34.570048],[127.680077,34.570051]]]}},{"type":"Feature","properties":{"id":"2f48bb897d0674c6604c5de045d7ca401427a52f","cls":"styrofoam","cid":3,"cat":2,"conf":0.846,"area":2.9,"mask":true,"color":"#FFFFFF"},"geometry":{"type":"Polygon","coordinates":[[[127.680063,34.570089],[127.680067,34.570088],[127.680072,34.570082],[127.68007,34.570079],[127.680069,34.570078],[127.680063,34.57008],[127.680062,34.570082],[127.680062,34.570087],[127.680063,34.570089]]]}},{"type":"Feature","properties":{"id":"11153215dae243ea510a97422364f93a0798a2f4","cls":"styrofoam","cid":3,"cat":2,"conf":0.838,"area":3.4,"mask":true,"color":"#FFFFFF"},"geometry":{"type":"Polygon","coordinates":[[[127.680133,34.570095],[127.680135,34.570094],[127.680142,34.570087],[127.680142,34.570086],[127.680138,34.570083],[127.680135,34.570084],[127.680129,34.57009],[127.680129,34.570091],[127.680133,34.570095]]]}},{"type":"Feature","properties":{"id":"6545206228463df861a9d2c4dba00d8d6aad276a","cls":"styrofoam","cid":3,"cat":2,"conf":0.837,"area":3.4,"mask":true,"color":"#FFFFFF"},"geometry":{"type":"Polygon","coordinates":[[[127.680107,34.570065],[127.680108,34.570065],[127.680111,34.570057],[127.680111,34.570055],[127.680107,34.570054],[127.680105,34.570054],[127.680104,34.570055],[127.680101,34.570063],[127.680101,34.570064],[127.680107,34.570065]]]}},{"type":"Feature","properties":{"id":"b17305bcef29605229fbc0d5cc1f40618aeebfa6","cls":"styrofoam","cid":3,"cat":2,"conf":0.833,"area":3.2,"mask":true,"color":"#FFFFFF"},"geometry":{"type":"Polygon","coordinates":[[[127.680118,34.570097],[127.68012,34.570096],[127.680127,34.570089],[127.680127,34.570088],[127.680122,34.570086],[127.680121,34.570086],[127.680119,34.570087],[127.680114,34.570093],[127.680114,34.570095],[127.680118,34.570097]]]}},{"type":"Feature","properties":{"id":"b1562e68f1bb2f87ad7211f150c18d4eac490b1a","cls":"styrofoam","cid":3,"cat":2,"conf":0.832,"area":3.1,"mask":true,"color":"#FFFFFF"},"geometry":{"type":"Polygon","coordinates":[[[127.680145,34.57008],[127.680146,34.570079],[127.680152,34.570072],[127.680152,34.570071],[127.680148,34.570068],[127.680146,34.570069],[127.68014,34.570077],[127.680145,34.57008]]]}},{"type":"Feature","properties":{"id":"7440274dbadaf76b1137440806cae8f13fe69b41","cls":"styrofoam","cid":3,"cat":2,"conf":0.832,"area":3.0,"mask":true,"color":"#FFFFFF"},"geometry":{"type":"Polygon","coordinates":[[[127.680062,34.570051],[127.680073,34.570046],[127.680073,34.570045],[127.68007,34.570041],[127.680068,34.570042],[127.680061,34.570045],[127.680062,34.570051]]]}},{"type":"Feature","properties":{"id":"8f0c0b0344aa4c3b0a9a2bb07dfe2811b436d647","cls":"styrofoam","cid":3,"cat":2,"conf":0.829,"area":3.3,"mask":true,"color":"#FFFFFF"},"geometry":{"type":"Polygon","coordinates":[[[127.680102,34.570077],[127.680108,34.570074],[127.680112,34.570071],[127.680112,34.57007],[127.680108,34.570066],[127.680106,34.570067],[127.680098,34.570072],[127.680098,34.570073],[127.680102,34.570077]]]}},{"type":"Feature","properties":{"id":"eb5f2c0223ce136f3b90b1d12f50e7a84e0981c9","cls":"styrofoam","cid":3,"cat":2,"conf":0.829,"area":3.6,"mask":true,"color":"#FFFFFF"},"geometry":{"type":"Polygon","coordinates":[[[127.680088,34.570144],[127.68009,34.570144],[127.680096,34.570135],[127.680094,34.570133],[127.68009,34.570132],[127.680086,34.570136],[127.680083,34.57014],[127.680084,34.570142],[127.680088,34.570144]]]}},{"type":"Feature","properties":{"id":"02b7f950f9182ca4bbadb49a5108c64191d04500","cls":"styrofoam","cid":3,"cat":2,"conf":0.827,"area":3.4,"mask":true,"color":"#FFFFFF"},"geometry":{"type":"Polygon","coordinates":[[[127.680104,34.570113],[127.680105,34.570113],[127.680112,34.570105],[127.680112,34.570104],[127.680108,34.570101],[127.680106,34.570102],[127.680102,34.570105],[127.680099,34.570109],[127.680099,34.57011],[127.680104,34.570113]]]}},{"type":"Feature","properties":{"id":"924bbf329272874d76851fa01215c8f5c149c102","cls":"styrofoam","cid":3,"cat":2,"conf":0.821,"area":3.3,"mask":true,"color":"#FFFFFF"},"geometry":{"type":"Polygon","coordinates":[[[127.680148,34.570089],[127.68015,34.570087],[127.680157,34.570086],[127.680156,34.57008],[127.680148,34.570081],[127.680144,34.570082],[127.680145,34.570087],[127.680148,34.570089]]]}},{"type":"Feature","properties":{"id":"23a1f973e03ee3daf007c0836cfbcf2ddd7bf125","cls":"styrofoam","cid":3,"cat":2,"conf":0.819,"area":3.5,"mask":true,"color":"#FFFFFF"},"geometry":{"type":"Polygon","coordinates":[[[127.680121,34.570107],[127.680122,34.570106],[127.680123,34.570105],[127.680129,34.570099],[127.680128,34.570096],[127.680124,34.570094],[127.680116,34.570103],[127.680116,34.570103],[127.680121,34.570107]]]}},{"type":"Feature","properties":{"id":"844925b621b4e0f8eb1ed6ea7849e50924f29c6e","cls":"styrofoam","cid":3,"cat":2,"conf":0.819,"area":3.8,"mask":true,"color":"#FFFFFF"},"geometry":{"type":"Polygon","coordinates":[[[127.680083,34.570106],[127.680095,34.570104],[127.680096,34.570103],[127.680095,34.570099],[127.680093,34.570098],[127.680093,34.570097],[127.680086,34.570099],[127.680084,34.570099],[127.680082,34.5701],[127.680083,34.570106]]]}},{"type":"Feature","properties":{"id":"2a46178a3c985d9ef2fdd0801070bf8b9916b976","cls":"styrofoam","cid":3,"cat":2,"conf":0.815,"area":3.5,"mask":true,"color":"#FFFFFF"},"geometry":{"type":"Polygon","coordinates":[[[127.680085,34.57008],[127.680097,34.570076],[127.680094,34.57007],[127.680091,34.57007],[127.680088,34.570072],[127.680082,34.570074],[127.680084,34.570078],[127.680085,34.57008]]]}},{"type":"Feature","properties":{"id":"dc6c902fbf9a5ea4fcb00afccd3bc524fa4d60ca","cls":"styrofoam","cid":3,"cat":2,"conf":0.815,"area":3.9,"mask":true,"color":"#FFFFFF"},"geometry":{"type":"Polygon","coordinates":[[[127.680066,34.570108],[127.680079,34.570107],[127.680079,34.570101],[127.680075,34.5701],[127.680066,34.570101],[127.680065,34.570102],[127.680065,34.570104],[127.680065,34.570107],[127.680066,34.570108]]]}},{"type":"Feature","properties":{"id":"6041f00e250daa3232824e0d9a29bd7dbbb4eaf1","cls":"styrofoam","cid":3,"cat":2,"conf":0.814,"area":3.1,"mask":true,"color":"#FFFFFF"},"geometry":{"type":"Polygon","coordinates":[[[127.680075,34.570087],[127.680086,34.570085],[127.680087,34.570083],[127.680085,34.57008],[127.680083,34.570079],[127.680074,34.570081],[127.680073,34.570083],[127.680075,34.570087]]]}},{"type":"Feature","properties":{"id":"ea7013203cc9259c841fdcdefb18bd04bde1fd1a","cls":"styrofoam","cid":3,"cat":2,"conf":0.812,"area":3.5,"mask":true,"color":"#FFFFFF"},"geometry":{"type":"Polygon","coordinates":[[[127.680076,34.570096],[127.680078,34.570096],[127.680086,34.57009],[127.680086,34.570089],[127.680083,34.570086],[127.680079,34.570087],[127.680072,34.570091],[127.680073,34.570093],[127.680076,34.570096]]]}},{"type":"Feature","properties":{"id":"db34945f338974e34fcb4ee1706288506a18b321","cls":"styrofoam","cid":3,"cat":2,"conf":0.811,"area":2.4,"mask":true,"color":"#FFFFFF"},"geometry":{"type":"Polygon","coordinates":[[[127.680062,34.570099],[127.680067,34.570099],[127.68007,34.570096],[127.68007,34.570094],[127.680072,34.570093],[127.68007,34.57009],[127.680066,34.570091],[127.680062,34.570094],[127.680062,34.570099]]]}},{"type":"Feature","properties":{"id":"ae90e46a7532a8bf0d56677718d95d823b6edbdf","cls":"styrofoam","cid":3,"cat":2,"conf":0.809,"area":3.4,"mask":true,"color":"#FFFFFF"},"geometry":{"type":"Polygon","coordinates":[[[127.68014,34.570098],[127.68015,34.570096],[127.680151,34.570095],[127.68015,34.57009],[127.680147,34.57009],[127.680138,34.570092],[127.680138,34.570094],[127.68014,34.570098]]]}},{"type":"Feature","properties":{"id":"0f0bf501fefde91a84c1b30af4d8a7daf2b5fe6d","cls":"styrofoam","cid":3,"cat":2,"conf":0.808,"area":3.9,"mask":true,"color":"#FFFFFF"},"geometry":{"type":"Polygon","coordinates":[[[127.680102,34.570103],[127.680114,34.570099],[127.680112,34.570093],[127.680104,34.570095],[127.680102,34.570094],[127.6801,34.570096],[127.680097,34.570097],[127.680098,34.570098],[127.6801,34.570099],[127.680102,34.570103]]]}},{"type":"Feature","properties":{"id":"99c1e58b382e48b093bab7b737454e7767232e61","cls":"styrofoam","cid":3,"cat":2,"conf":0.808,"area":3.6,"mask":true,"color":"#FFFFFF"},"geometry":{"type":"Polygon","coordinates":[[[127.680077,34.570051],[127.680079,34.570051],[127.680088,34.570045],[127.680088,34.570043],[127.680084,34.57004],[127.68008,34.570042],[127.680074,34.570046],[127.680074,34.570048],[127.680077,34.570051]]]}},{"type":"Feature","properties":{"id":"774d7f7ff0fcf5880198293fd189131a878b3cd3","cls":"styrofoam","cid":3,"cat":2,"conf":0.806,"area":3.2,"mask":true,"color":"#FFFFFF"},"geometry":{"type":"Polygon","coordinates":[[[127.680092,34.570094],[127.680103,34.570093],[127.680104,34.570092],[127.680103,34.570087],[127.680091,34.570088],[127.680091,34.570092],[127.680092,34.570094]]]}},{"type":"Feature","properties":{"id":"b56a6dc7d6c9697d0c66b7c3d324db45c133960d","cls":"styrofoam","cid":3,"cat":2,"conf":0.805,"area":3.6,"mask":true,"color":"#FFFFFF"},"geometry":{"type":"Polygon","coordinates":[[[127.680123,34.57012],[127.680127,34.570119],[127.680128,34.570116],[127.680127,34.570114],[127.680124,34.570113],[127.680121,34.570113],[127.680119,34.570112],[127.680114,34.570114],[127.680114,34.570117],[127.680114,34.570119],[127.680123,34.57012]]]}},{"type":"Feature","properties":{"id":"dc99b6cadbde4add8b9bd26e48a32241a27ca5f0","cls":"styrofoam","cid":3,"cat":2,"conf":0.798,"area":3.5,"mask":true,"color":"#FFFFFF"},"geometry":{"type":"Polygon","coordinates":[[[127.680086,34.570064],[127.680092,34.570062],[127.680098,34.570059],[127.680098,34.570058],[127.680095,34.570054],[127.680093,34.570054],[127.680087,34.570057],[127.680085,34.570057],[127.680084,34.570059],[127.680086,34.570064]]]}},{"type":"Feature","properties":{"id":"9e0addf7ad8f27c8ba8e71a0f332e7b986bec7b8","cls":"styrofoam","cid":3,"cat":2,"conf":0.796,"area":3.9,"mask":true,"color":"#FFFFFF"},"geometry":{"type":"Polygon","coordinates":[[[127.680085,34.570122],[127.680086,34.570121],[127.680087,34.570116],[127.680077,34.570115],[127.680073,34.570115],[127.680072,34.570115],[127.680071,34.570118],[127.680071,34.57012],[127.680085,34.570122]]]}},{"type":"Feature","properties":{"id":"dac266a3866ebb7f74f2a6772b78dd5abe76e326","cls":"styrofoam","cid":3,"cat":2,"conf":0.772,"area":3.0,"mask":true,"color":"#FFFFFF"},"geometry":{"type":"Polygon","coordinates":[[[127.680105,34.570092],[127.680111,34.570092],[127.680116,34.570091],[127.680117,34.57009],[127.680117,34.570086],[127.680114,34.570085],[127.680104,34.570086],[127.680103,34.570087],[127.680105,34.570092]]]}},{"type":"Feature","properties":{"id":"8d21836d912604609d43a76232c4f2501cebffbf","cls":"styrofoam","cid":3,"cat":2,"conf":0.656,"area":2.0,"mask":true,"color":"#FFFFFF"},"geometry":{"type":"Polygon","coordinates":[[[127.680061,34.570066],[127.68007,34.570059],[127.68007,34.570058],[127.680066,34.570055],[127.680064,34.570055],[127.680061,34.570057],[127.680061,34.570066]]]}},{"type":"Feature","properties":{"id":"8ac5b230632f6dc3374ec776113859c20d7f3d37","cls":"styrofoam","cid":3,"cat":2,"conf":0.602,"area":3.2,"mask":true,"color":"#FFFFFF"},"geometry":{"type":"MultiPolygon","coordinates":[[[[127.680106,34.570052],[127.680109,34.570051],[127.680109,34.57005],[127.680105,34.570046],[127.680103,34.570046],[127.680102,34.570047],[127.680098,34.570049],[127.680095,34.570052],[127.680106,34.570052]]],[[[127.6801,34.570057],[127.680104,34.570054],[127.680104,34.570053],[127.680095,34.570054],[127.680099,34.570057],[127.6801,34.570057]]]]}},{"type":"Feature","properties":{"id":"46f3395468a2f584f99b1f98d241add120160140","cls":"styrofoam","cid":3,"cat":2,"conf":0.819,"area":1.2,"mask":true,"color":"#FFFFFF"},"geometry":{"type":"Polygon","coordinates":[[[127.680334,34.570147],[127.680337,34.570147],[127.680339,34.570145],[127.680338,34.570141],[127.680337,34.570141],[127.680332,34.570144],[127.680333,34.570146],[127.680334,34.570147]]]}},{"type":"Feature","properties":{"id":"a72ca3f9de8c33a21fd1b487e1d4376beb0f3e71","cls":"styrofoam","cid":3,"cat":2,"conf":0.414,"area":2.9,"mask":true,"color":"#FFFFFF"},"geometry":{"type":"Polygon","coordinates":[[[127.681375,34.57004],[127.681383,34.570036],[127.681379,34.57003],[127.681378,34.57003],[127.681372,34.570033],[127.68137,34.570035],[127.681371,34.570035],[127.681372,34.570036],[127.681375,34.57004]]]}},{"type":"Feature","properties":{"id":"239339de2dff1ffb576931737d70ccca5e088b89","cls":"other_debris","cid":7,"cat":4,"conf":0.829,"area":1.9,"mask":true,"color":"#696969"},"geometry":{"type":"Polygon","coordinates":[[[127.681433,34.570056],[127.681441,34.570053],[127.681441,34.570052],[127.68144,34.570049],[127.681436,34.570049],[127.681431,34.570051],[127.681433,34.570056]]]}},{"type":"Feature","properties":{"id":"c19df8ff5ab09bedc7818d64aa090b5cdc6e4104","cls":"styrofoam","cid":3,"cat":2,"conf":0.815,"area":0.8,"mask":true,"color":"#FFFFFF"},"geometry":{"type":"Polygon","coordinates":[[[127.681397,34.570087],[127.681396,34.570083],[127.681391,34.570083],[127.681391,34.570086],[127.681397,34.570087]]]}},{"type":"Feature","properties":{"id":"65670856e06ed4b931b316213d2b4479e921efe0","cls":"styrofoam","cid":3,"cat":2,"conf":0.771,"area":0.8,"mask":true,"color":"#FFFFFF"},"geometry":{"type":"Polygon","coordinates":[[[127.681476,34.570073],[127.681481,34.570072],[127.68148,34.570069],[127.681477,34.570069],[127.681475,34.570071],[127.681476,34.570073]]]}},{"type":"Feature","properties":{"id":"6e4d5684054574582e0ab2d917b770c076c1187c","cls":"other_debris","cid":7,"cat":4,"conf":0.728,"area":2.9,"mask":true,"color":"#696969"},"geometry":{"type":"Polygon","coordinates":[[[127.681375,34.57004],[127.681383,34.570036],[127.681382,34.570034],[127.681379,34.57003],[127.681376,34.570031],[127.681372,34.570033],[127.681372,34.570036],[127.681375,34.57004]]]}},{"type":"Feature","properties":{"id":"926cb2f4557036e7f42ee1ca58e5ebeb7dbd2dc8","cls":"styrofoam","cid":3,"cat":2,"conf":0.846,"area":3.3,"mask":true,"color":"#FFFFFF"},"geometry":{"type":"Polygon","coordinates":[[[127.680061,34.570051],[127.680063,34.570051],[127.680073,34.570047],[127.680073,34.570045],[127.68007,34.570041],[127.680059,34.570046],[127.680061,34.570051]]]}},{"type":"Feature","properties":{"id":"4f631dab1580f1443f784f3972c43818269bf78f","cls":"styrofoam","cid":3,"cat":2,"conf":0.834,"area":2.6,"mask":true,"color":"#FFFFFF"},"geometry":{"type":"Polygon","coordinates":[[[127.680029,34.569955],[127.680031,34.569955],[127.680031,34.569952],[127.68003,34.569948],[127.680027,34.569945],[127.680023,34.569946],[127.680022,34.569947],[127.680022,34.569948],[127.680025,34.569954],[127.680029,34.569955]]]}},{"type":"Feature","properties":{"id":"12b47c4d9237c14251089168184b95caac63dae6","cls":"styrofoam","cid":3,"cat":2,"conf":0.811,"area":2.7,"mask":true,"color":"#FFFFFF"},"geometry":{"type":"Polygon","coordinates":[[[127.680046,34.569949],[127.680048,34.569949],[127.68005,34.569947],[127.68005,34.569946],[127.680044,34.56994],[127.680039,34.569941],[127.680038,34.569942],[127.680038,34.569943],[127.680046,34.569949]]]}},{"type":"Feature","properties":{"id":"08f936837f66fffcb292ed68b12491c7f5397090","cls":"styrofoam","cid":3,"cat":2,"conf":0.8,"area":1.7,"mask":true,"color":"#FFFFFF"},"geometry":{"type":"Polygon","coordinates":[[[127.680035,34.569951],[127.680036,34.569951],[127.680038,34.569948],[127.680038,34.569946],[127.680035,34.569944],[127.680029,34.569945],[127.680029,34.569946],[127.680035,34.569951]]]}},{"type":"Feature","properties":{"id":"47ab4527cf373ab361de500240f7be90db9fbd16","cls":"styrofoam","cid":3,"cat":2,"conf":0.746,"area":2.2,"mask":true,"color":"#FFFFFF"},"geometry":{"type":"Polygon","coordinates":[[[127.680048,34.569943],[127.680052,34.56994],[127.68005,34.569938],[127.680047,34.569935],[127.680043,34.569935],[127.680041,34.569936],[127.680041,34.569937],[127.680048,34.569943]]]}},{"type":"Feature","properties":{"id":"1e6c64f052fabea198e772e2e1912844a07f654b","cls":"styrofoam","cid":3,"cat":2,"conf":0.66,"area":0.7,"mask":true,"color":"#FFFFFF"},"geometry":{"type":"Polygon","coordinates":[[[127.680077,34.570051],[127.680077,34.570043],[127.680074,34.570047],[127.680074,34.570048],[127.680077,34.570051]]]}},{"type":"Feature","properties":{"id":"919a96b8d7ea5fad338bbd300e327da6de448075","cls":"styrofoam","cid":3,"cat":2,"conf":0.415,"area":1.6,"mask":true,"color":"#FFFFFF"},"geometry":{"type":"Polygon","coordinates":[[[127.679997,34.569984],[127.680003,34.569983],[127.680008,34.569981],[127.680006,34.56998],[127.679998,34.56998],[127.679996,34.569981],[127.679997,34.569984]]]}},{"type":"Feature","properties":{"id":"9411ee96dfb8460596fcdf80a28328b05f2793b3","cls":"styrofoam","cid":3,"cat":2,"conf":0.846,"area":2.9,"mask":true,"color":"#FFFFFF"},"geometry":{"type":"Polygon","coordinates":[[[127.680061,34.570051],[127.680063,34.570051],[127.680073,34.570046],[127.680073,34.570044],[127.68007,34.570041],[127.680061,34.570045],[127.680061,34.570051]]]}},{"type":"Feature","properties":{"id":"7260df463ba1fe0aa866a9e33e36b2b502d59f85","cls":"styrofoam","cid":3,"cat":2,"conf":0.819,"area":3.5,"mask":true,"color":"#FFFFFF"},"geometry":{"type":"Polygon","coordinates":[[[127.680077,34.570051],[127.680079,34.570051],[127.680088,34.570045],[127.680088,34.570043],[127.680084,34.57004],[127.68008,34.570042],[127.680074,34.570046],[127.680074,34.570048],[127.680077,34.570051]]]}},{"type":"Feature","properties":{"id":"4f4574256b0f95c8038965e321307396b19a1f76","cls":"styrofoam","cid":3,"cat":2,"conf":0.818,"area":1.0,"mask":true,"color":"#FFFFFF"},"geometry":{"type":"Polygon","coordinates":[[[127.680093,34.56998],[127.680099,34.569977],[127.680098,34.569974],[127.680097,34.569974],[127.680092,34.569977],[127.680092,34.569978],[127.680093,34.56998]]]}},{"type":"Feature","properties":{"id":"04b295f24ad515c31039ad3b33b019e29aee4f60","cls":"styrofoam","cid":3,"cat":2,"conf":0.816,"area":4.0,"mask":true,"color":"#FFFFFF"},"geometry":{"type":"Polygon","coordinates":[[[127.680216,34.569929],[127.680222,34.569929],[127.680222,34.569917],[127.680221,34.569916],[127.680214,34.569916],[127.680215,34.569925],[127.680214,34.569928],[127.680216,34.569929]]]}},{"type":"Feature","properties":{"id":"0be09b786c32fbe89ccfda3acc06225634fb29ce","cls":"styrofoam","cid":3,"cat":2,"conf":0.815,"area":4.0,"mask":true,"color":"#FFFFFF"},"geometry":{"type":"Polygon","coordinates":[[[127.680138,34.570013],[127.680148,34.570007],[127.680144,34.570001],[127.68014,34.570001],[127.68014,34.570003],[127.680135,34.570007],[127.680134,34.570009],[127.680138,34.570013]]]}},{"type":"Feature","properties":{"id":"2aa9e7751bba7f889f30d10b46ca1fea34f12a1c","cls":"styrofoam","cid":3,"cat":2,"conf":0.813,"area":0.9,"mask":true,"color":"#FFFFFF"},"geometry":{"type":"Polygon","coordinates":[[[127.680195,34.569939],[127.680197,34.569939],[127.680198,34.569938],[127.680198,34.569935],[127.680196,34.569934],[127.680194,34.569934],[127.680193,34.569936],[127.680193,34.569938],[127.680195,34.569939]]]}},{"type":"Feature","properties":{"id":"4e550c5c9627c8a39270cd34c0098685c72bb3b5","cls":"styrofoam","cid":3,"cat":2,"conf":0.807,"area":3.6,"mask":true,"color":"#FFFFFF"},"geometry":{"type":"Polygon","coordinates":[[[127.680132,34.570029],[127.680133,34.570029],[127.680142,34.570022],[127.680142,34.570021],[127.680138,34.570018],[127.680135,34.570018],[127.680135,34.570019],[127.68013,34.570022],[127.680128,34.570025],[127.680129,34.570026],[127.680132,34.570029]]]}},{"type":"Feature","properties":{"id":"bac22fa16d3b41b2b6f1b83fff051b5c8ed1bb42","cls":"styrofoam","cid":3,"cat":2,"conf":0.8,"area":3.3,"mask":true,"color":"#FFFFFF"},"geometry":{"type":"Polygon","coordinates":[[[127.680089,34.570036],[127.680091,34.570036],[127.6801,34.570031],[127.680097,34.570026],[127.680096,34.570026],[127.680086,34.570031],[127.680086,34.570033],[127.680089,34.570036]]]}},{"type":"Feature","properties":{"id":"9b0aac6d23bf1e3504a1dd399566697cbdbdb693","cls":"styrofoam","cid":3,"cat":2,"conf":0.791,"area":3.5,"mask":true,"color":"#FFFFFF"},"geometry":{"type":"Polygon","coordinates":[[[127.680107,34.570025],[127.680113,34.570023],[127.680119,34.57002],[127.680118,34.570018],[127.680116,34.570015],[127.680105,34.57002],[127.680105,34.570021],[127.680106,34.570023],[127.680107,34.570025]]]}},{"type":"Feature","properties":{"id":"4851b4fd4c1854e250cc5f5c73da0281076ff034","cls":"styrofoam","cid":3,"cat":2,"conf":0.758,"area":3.7,"mask":true,"color":"#FFFFFF"},"geometry":{"type":"Polygon","coordinates":[[[127.680123,34.570038],[127.680129,34.570033],[127.680132,34.570029],[127.680128,34.570026],[127.680124,34.570027],[127.680119,34.570033],[127.680119,34.570034],[127.680123,34.570038]]]}},{"type":"Feature","properties":{"id":"2a17d597773f751ef0c0b9e101347df9c4779fc0","cls":"styrofoam","cid":3,"cat":2,"conf":0.717,"area":1.6,"mask":true,"color":"#FFFFFF"},"geometry":{"type":"Polygon","coordinates":[[[127.680095,34.570051],[127.680109,34.570051],[127.680109,34.57005],[127.680105,34.570046],[127.680103,34.570046],[127.680101,34.570048],[127.680095,34.570049],[127.680095,34.570051]]]}},{"type":"Feature","properties":{"id":"8ea1119f20a9b485e41861ad0c06a0967207886a","cls":"styrofoam","cid":3,"cat":2,"conf":0.667,"area":0.7,"mask":true,"color":"#FFFFFF"},"geometry":{"type":"Polygon","coordinates":[[[127.680204,34.56993],[127.680207,34.56993],[127.680208,34.569928],[127.680206,34.569927],[127.680203,34.569927],[127.680202,34.569928],[127.680202,34.569929],[127.680204,34.56993]]]}},{"type":"Feature","properties":{"id":"b2d1c47657695da7be5ef28325063e82ae3661dd","cls":"styrofoam","cid":3,"cat":2,"conf":0.542,"area":0.2,"mask":true,"color":"#FFFFFF"},"geometry":{"type":"Polygon","coordinates":[[[127.680061,34.570004],[127.680062,34.570003],[127.680062,34.570001],[127.680062,34.57],[127.680061,34.569999],[127.680061,34.570004]]]}},{"type":"Feature","properties":{"id":"1dc739c73728e7a7180218c36bcab44b15ec7599","cls":"styrofoam","cid":3,"cat":2,"conf":0.483,"area":1.0,"mask":true,"color":"#FFFFFF"},"geometry":{"type":"Polygon","coordinates":[[[127.6802,34.569942],[127.680204,34.569941],[127.680205,34.569939],[127.680201,34.569937],[127.680198,34.569938],[127.680197,34.56994],[127.6802,34.569942]]]}},{"type":"Feature","properties":{"id":"2072255f0a1ada42eef4652a4632a9c5cc78b461","cls":"styrofoam","cid":3,"cat":2,"conf":0.406,"area":0.8,"mask":true,"color":"#FFFFFF"},"geometry":{"type":"Polygon","coordinates":[[[127.680062,34.57],[127.680064,34.57],[127.680066,34.569995],[127.680065,34.569994],[127.680061,34.569995],[127.680061,34.569999],[127.680062,34.57]]]}},{"type":"Feature","properties":{"id":"23d668cfc1cc1a9e41ee14bd0be52157349fd514","cls":"styrofoam","cid":3,"cat":2,"conf":0.83,"area":4.2,"mask":true,"color":"#FFFFFF"},"geometry":{"type":"Polygon","coordinates":[[[127.680216,34.569929],[127.680221,34.569929],[127.680222,34.569928],[127.680223,34.569926],[127.680222,34.569918],[127.680221,34.569916],[127.680214,34.569916],[127.680215,34.569924],[127.680214,34.569927],[127.680216,34.569929]]]}},{"type":"Feature","properties":{"id":"f2e78548496781c8fc5ed29549637cde0e9aadea","cls":"styrofoam","cid":3,"cat":2,"conf":0.525,"area":1.0,"mask":true,"color":"#FFFFFF"},"geometry":{"type":"Polygon","coordinates":[[[127.680208,34.569927],[127.680212,34.569926],[127.680212,34.569923],[127.680209,34.569922],[127.680206,34.569923],[127.680206,34.569927],[127.680208,34.569927]]]}},{"type":"Feature","properties":{"id":"6240e4ee8d9ea987aee9cbc3ede2727d7aa82db6","cls":"styrofoam","cid":3,"cat":2,"conf":0.487,"area":0.4,"mask":true,"color":"#FFFFFF"},"geometry":{"type":"Polygon","coordinates":[[[127.68039,34.569918],[127.680392,34.569917],[127.680393,34.569915],[127.680388,34.569915],[127.68039,34.569918]]]}},{"type":"Feature","properties":{"id":"ec28cdd90d2a46523171c4af7992fe1245e5ae5c","cls":"styrofoam","cid":3,"cat":2,"conf":0.851,"area":2.6,"mask":true,"color":"#FFFFFF"},"geometry":{"type":"Polygon","coordinates":[[[127.680774,34.569962],[127.680781,34.569962],[127.680781,34.56996],[127.680778,34.569956],[127.680769,34.569957],[127.680769,34.56996],[127.680771,34.569962],[127.680774,34.569962]]]}},{"type":"Feature","properties":{"id":"9a1e6d062cab9b3e9bcf063cd9ad5c9d5d0b84f8","cls":"styrofoam","cid":3,"cat":2,"conf":0.843,"area":3.3,"mask":true,"color":"#FFFFFF"},"geometry":{"type":"Polygon","coordinates":[[[127.680753,34.569982],[127.680757,34.569982],[127.680759,34.569981],[127.680759,34.569972],[127.680757,34.56997],[127.680751,34.569971],[127.680752,34.569979],[127.680753,34.569982]]]}},{"type":"Feature","properties":{"id":"d86e972fef8ddbded2b61c2856aebf4df2476681","cls":"styrofoam","cid":3,"cat":2,"conf":0.83,"area":3.1,"mask":true,"color":"#FFFFFF"},"geometry":{"type":"Polygon","coordinates":[[[127.680766,34.56995],[127.680778,34.569949],[127.680779,34.569949],[127.680778,34.569945],[127.680777,34.569944],[127.680772,34.569944],[127.680765,34.569945],[127.680765,34.569949],[127.680766,34.56995]]]}},{"type":"Feature","properties":{"id":"04511b0d0357f1545f9772b2f83f1686653b0e76","cls":"styrofoam","cid":3,"cat":2,"conf":0.824,"area":1.9,"mask":true,"color":"#FFFFFF"},"geometry":{"type":"Polygon","coordinates":[[[127.680754,34.569962],[127.680756,34.569962],[127.680755,34.56996],[127.680754,34.569957],[127.680746,34.569958],[127.680746,34.569962],[127.680754,34.569962]]]}},{"type":"Feature","properties":{"id":"c82354c5a7e0c6e8cfaac14f00728def2b73a9ad","cls":"styrofoam","cid":3,"cat":2,"conf":0.821,"area":2.3,"mask":true,"color":"#FFFFFF"},"geometry":{"type":"Polygon","coordinates":[[[127.680733,34.569964],[127.680743,34.569963],[127.680743,34.569959],[127.68073,34.569959],[127.68073,34.569963],[127.680733,34.569964]]]}},{"type":"Feature","properties":{"id":"95f486dede83c02568a59f21660fabfd73011417","cls":"styrofoam","cid":3,"cat":2,"conf":0.798,"area":1.2,"mask":true,"color":"#FFFFFF"},"geometry":{"type":"Polygon","coordinates":[[[127.680715,34.569983],[127.680719,34.569982],[127.680719,34.56998],[127.680716,34.569978],[127.680713,34.569978],[127.680712,34.56998],[127.680712,34.569982],[127.680715,34.569983]]]}},{"type":"Feature","properties":{"id":"c3a1c869b0c3c2bc3f58440137cf4ff7e90bc460","cls":"styrofoam","cid":3,"cat":2,"conf":0.798,"area":2.1,"mask":true,"color":"#FFFFFF"},"geometry":{"type":"Polygon","coordinates":[[[127.680716,34.569966],[127.680715,34.569965],[127.680715,34.56996],[127.680713,34.569959],[127.680707,34.56996],[127.680707,34.569965],[127.680713,34.569965],[127.680716,34.569966]]]}},{"type":"Feature","properties":{"id":"e502cdf21db31df474cfd11e7fdba3e9b1302ccd","cls":"styrofoam","cid":3,"cat":2,"conf":0.779,"area":1.3,"mask":true,"color":"#FFFFFF"},"geometry":{"type":"Polygon","coordinates":[[[127.680667,34.569952],[127.680672,34.569951],[127.680672,34.569951],[127.68067,34.569949],[127.680666,34.569947],[127.680663,34.569947],[127.680662,34.56995],[127.680667,34.569952]]]}},{"type":"Feature","properties":{"id":"b56a9fa5ca9812f37f0ad4c1292513012c86cc68","cls":"styrofoam","cid":3,"cat":2,"conf":0.776,"area":2.0,"mask":true,"color":"#FFFFFF"},"geometry":{"type":"Polygon","coordinates":[[[127.680745,34.569952],[127.680752,34.569951],[127.68075,34.569945],[127.68075,34.569944],[127.680744,34.569945],[127.680745,34.569952]]]}},{"type":"Feature","properties":{"id":"8235c0bda705fb3dc8e24ff91886c5f04d2b0fe3","cls":"styrofoam","cid":3,"cat":2,"conf":0.775,"area":1.2,"mask":true,"color":"#FFFFFF"},"geometry":{"type":"Polygon","coordinates":[[[127.680721,34.56996],[127.680727,34.569959],[127.680728,34.569958],[127.680728,34.569956],[127.680725,34.569956],[127.68072,34.569956],[127.68072,34.569959],[127.680719,34.569959],[127.680721,34.56996]]]}},{"type":"Feature","properties":{"id":"d59c7ec78d01a2ed73e234f7fcf71070f68fc4d4","cls":"styrofoam","cid":3,"cat":2,"conf":0.768,"area":4.4,"mask":true,"color":"#FFFFFF"},"geometry":{"type":"Polygon","coordinates":[[[127.680728,34.569953],[127.680742,34.569951],[127.680743,34.56995],[127.680743,34.569948],[127.680741,34.569945],[127.680728,34.569945],[127.680727,34.569948],[127.680728,34.569953]]]}},{"type":"Feature","properties":{"id":"c5cee803f00ff9d8e9002015dfaedb476c512c98","cls":"styrofoam","cid":3,"cat":2,"conf":0.535,"area":1.2,"mask":true,"color":"#FFFFFF"},"geometry":{"type":"Polygon","coordinates":[[[127.680658,34.569982],[127.68066,34.569982],[127.680661,34.56998],[127.680661,34.569977],[127.68066,34.569976],[127.680655,34.569978],[127.680655,34.569981],[127.680658,34.569982]]]}},{"type":"Feature","properties":{"id":"ebf70feb1d54a66897419d222aac8f0f7f07fd92","cls":"styrofoam","cid":3,"cat":2,"conf":0.458,"area":4.7,"mask":true,"color":"#FFFFFF"},"geometry":{"type":"Polygon","coordinates":[[[127.680679,34.569945],[127.680683,34.569945],[127.680688,34.569944],[127.680687,34.569941],[127.680691,34.569933],[127.680685,34.569935],[127.680682,34.569938],[127.680674,34.569938],[127.680676,34.569944],[127.680679,34.569945]]]}},{"type":"Feature","properties":{"id":"b34523782ff6c0cf7481ed5231992ea2a27c0cf9","cls":"styrofoam","cid":3,"cat":2,"conf":0.574,"area":1.0,"mask":true,"color":"#FFFFFF"},"geometry":{"type":"Polygon","coordinates":[[[127.680789,34.569943],[127.680791,34.569943],[127.680792,34.569942],[127.680792,34.569935],[127.68079,34.569935],[127.680789,34.569937],[127.680789,34.569943]]]}},{"type":"Feature","properties":{"id":"42ffb452fa4bfd12cd0ff58daedf0df058d0ba7e","cls":"styrofoam","cid":3,"cat":2,"conf":0.481,"area":2.0,"mask":true,"color":"#FFFFFF"},"geometry":{"type":"Polygon","coordinates":[[[127.680906,34.570046],[127.68091,34.570046],[127.68091,34.570043],[127.680904,34.570039],[127.680901,34.570039],[127.6809,34.57004],[127.680901,34.570043],[127.680906,34.570046]]]}},{"type":"Feature","properties":{"id":"2eacfd2592f082f683fe6251b7c2a80dbaa8818a","cls":"styrofoam","cid":3,"cat":2,"conf":0.77,"area":0.8,"mask":true,"color":"#FFFFFF"},"geometry":{"type":"Polygon","coordinates":[[[127.681016,34.569975],[127.681017,34.569972],[127.681012,34.569971],[127.681011,34.569972],[127.681011,34.569974],[127.681016,34.569975]]]}},{"type":"Feature","properties":{"id":"e5016d1f8f169a36ee32fd155a9ea02f265329b4","cls":"styrofoam","cid":3,"cat":2,"conf":0.758,"area":2.1,"mask":true,"color":"#FFFFFF"},"geometry":{"type":"Polygon","coordinates":[[[127.680964,34.569927],[127.680968,34.569927],[127.680969,34.569925],[127.680967,34.569916],[127.680966,34.569916],[127.680966,34.569917],[127.680963,34.569919],[127.680962,34.569921],[127.680962,34.569925],[127.680964,34.569927]]]}},{"type":"Feature","properties":{"id":"ce7f30e48f53b2fca11a1bc757310ea54df9ab28","cls":"styrofoam","cid":3,"cat":2,"conf":0.732,"area":1.1,"mask":true,"color":"#FFFFFF"},"geometry":{"type":"Polygon","coordinates":[[[127.681147,34.569977],[127.68115,34.569976],[127.681152,34.569975],[127.681152,34.569973],[127.681151,34.569971],[127.681148,34.569972],[127.681146,34.569974],[127.681146,34.569976],[127.681147,34.569977]]]}},{"type":"Feature","properties":{"id":"f69033f6f7d119f27b7a6d3e3c9135d6a310c593","cls":"styrofoam","cid":3,"cat":2,"conf":0.818,"area":1.9,"mask":true,"color":"#FFFFFF"},"geometry":{"type":"Polygon","coordinates":[[[127.681258,34.569947],[127.68126,34.569946],[127.681263,34.569944],[127.681259,34.569941],[127.681257,34.569938],[127.681255,34.569938],[127.681254,34.569939],[127.681254,34.569941],[127.681258,34.569947]]]}},{"type":"Feature","properties":{"id":"9a07e9a96b18328aeb61ed5b5ea5a04ce8959071","cls":"styrofoam","cid":3,"cat":2,"conf":0.779,"area":1.1,"mask":true,"color":"#FFFFFF"},"geometry":{"type":"Polygon","coordinates":[[[127.681302,34.57002],[127.681307,34.570019],[127.681305,34.570016],[127.681303,34.570014],[127.6813,34.570015],[127.6813,34.570017],[127.681302,34.57002]]]}},{"type":"Feature","properties":{"id":"cdfd7b3b1274300c8609418b54e3d07c81d65c2f","cls":"styrofoam","cid":3,"cat":2,"conf":0.705,"area":0.8,"mask":true,"color":"#FFFFFF"},"geometry":{"type":"Polygon","coordinates":[[[127.681305,34.56997],[127.681309,34.569969],[127.681309,34.569967],[127.681307,34.569966],[127.681304,34.569966],[127.681303,34.569968],[127.681305,34.56997]]]}},{"type":"Feature","properties":{"id":"56039c8e62bb901335d8c136f920df1532404ee4","cls":"styrofoam","cid":3,"cat":2,"conf":0.608,"area":2.4,"mask":true,"color":"#FFFFFF"},"geometry":{"type":"Polygon","coordinates":[[[127.681337,34.569981],[127.681341,34.569979],[127.681346,34.56998],[127.681347,34.569978],[127.681344,34.569972],[127.681341,34.569972],[127.681339,34.569974],[127.681339,34.569976],[127.681336,34.569978],[127.681337,34.569981]]]}},{"type":"Feature","properties":{"id":"6a627814311c637e66c451dc08ba35b158aebdeb","cls":"other_debris","cid":7,"cat":4,"conf":0.607,"area":2.9,"mask":true,"color":"#696969"},"geometry":{"type":"Polygon","coordinates":[[[127.681375,34.57004],[127.681383,34.570035],[127.681378,34.570029],[127.681372,34.570033],[127.681372,34.570036],[127.681375,34.57004]]]}},{"type":"Feature","properties":{"id":"d8252eb1ea033ab10743d1f6c4cdf0d07773f12a","cls":"styrofoam","cid":3,"cat":2,"conf":0.805,"area":4.3,"mask":true,"color":"#FFFFFF"},"geometry":{"type":"Polygon","coordinates":[[[127.681583,34.570002],[127.681585,34.570001],[127.681586,34.569999],[127.681587,34.569994],[127.681588,34.569993],[127.681588,34.56999],[127.681588,34.569989],[127.681586,34.569988],[127.681581,34.569987],[127.68158,34.569989],[127.681579,34.569994],[127.68158,34.569998],[127.681579,34.57],[127.68158,34.570002],[127.681583,34.570002]]]}},{"type":"Feature","properties":{"id":"a93b209b11bde44f2a997d6b832cd1233204a44e","cls":"styrofoam","cid":3,"cat":2,"conf":0.714,"area":2.5,"mask":true,"color":"#FFFFFF"},"geometry":{"type":"Polygon","coordinates":[[[127.681566,34.569999],[127.681568,34.569999],[127.681569,34.569998],[127.681568,34.569991],[127.681566,34.569988],[127.681563,34.569988],[127.681562,34.56999],[127.681562,34.569995],[127.681563,34.569997],[127.681566,34.569999]]]}},{"type":"Feature","properties":{"id":"8673677f908f22232f1978ec84b35074a430b48e","cls":"styrofoam","cid":3,"cat":2,"conf":0.426,"area":1.0,"mask":true,"color":"#FFFFFF"},"geometry":{"type":"Polygon","coordinates":[[[127.681567,34.570007],[127.68157,34.570006],[127.681571,34.570005],[127.681571,34.570003],[127.681569,34.570002],[127.681569,34.570001],[127.681564,34.570004],[127.681567,34.570007]]]}},{"type":"Feature","properties":{"id":"6e860de28d8b6b2bf2128ff63fabff76c182eca7","cls":"styrofoam","cid":3,"cat":2,"conf":0.408,"area":2.3,"mask":true,"color":"#FFFFFF"},"geometry":{"type":"Polygon","coordinates":[[[127.681574,34.569999],[127.681576,34.569999],[127.681578,34.569999],[127.681579,34.569999],[127.681579,34.569998],[127.681579,34.569993],[127.681576,34.569991],[127.681572,34.569992],[127.681569,34.569995],[127.68157,34.569996],[127.681573,34.569997],[127.681574,34.569999]]]}},{"type":"Feature","properties":{"id":"520cd77d930ae0c8f043af7cc594d6daa1004431","cls":"styrofoam","cid":3,"cat":2,"conf":0.835,"area":4.2,"mask":true,"color":"#FFFFFF"},"geometry":{"type":"Polygon","coordinates":[[[127.680216,34.569929],[127.680222,34.569929],[127.680222,34.569917],[127.680218,34.569915],[127.680215,34.569915],[127.680214,34.569916],[127.680215,34.569924],[127.680214,34.569927],[127.680216,34.569929]]]}},{"type":"Feature","properties":{"id":"d3fcf5fd0d4aac09053a2d5444e19a9cf760d82e","cls":"styrofoam","cid":3,"cat":2,"conf":0.558,"area":0.7,"mask":true,"color":"#FFFFFF"},"geometry":{"type":"Polygon","coordinates":[[[127.6802,34.56993],[127.680209,34.56993],[127.680209,34.569928],[127.680206,34.569927],[127.680204,34.569927],[127.6802,34.56993]]]}},{"type":"Feature","properties":{"id":"aeeabfb6069b0996f0c1ed3f26abc8ae27a0fb24","cls":"styrofoam","cid":3,"cat":2,"conf":0.439,"area":2.5,"mask":true,"color":"#FFFFFF"},"geometry":{"type":"Polygon","coordinates":[[[127.680173,34.569859],[127.680175,34.569858],[127.680177,34.569857],[127.680177,34.569855],[127.680174,34.56985],[127.680172,34.569849],[127.68017,34.569849],[127.680167,34.569851],[127.680173,34.569859]]]}},{"type":"Feature","properties":{"id":"90fad3b349853b409fe8ea77c40812e72ec63fb5","cls":"styrofoam","cid":3,"cat":2,"conf":0.82,"area":4.5,"mask":true,"color":"#FFFFFF"},"geometry":{"type":"Polygon","coordinates":[[[127.680216,34.569929],[127.680221,34.569929],[127.680223,34.569927],[127.680222,34.569917],[127.680221,34.569916],[127.680218,34.569915],[127.680214,34.569915],[127.680214,34.569916],[127.680214,34.569928],[127.680216,34.569929]]]}},{"type":"Feature","properties":{"id":"2d10d5c178ad5f3fe606e002792fae13716bfb18","cls":"styrofoam","cid":3,"cat":2,"conf":0.816,"area":1.1,"mask":true,"color":"#FFFFFF"},"geometry":{"type":"Polygon","coordinates":[[[127.680241,34.569905],[127.680245,34.569905],[127.680247,34.569904],[127.680247,34.569902],[127.680246,34.5699],[127.680243,34.569901],[127.68024,34.569902],[127.68024,34.569904],[127.680241,34.569905]]]}},{"type":"Feature","properties":{"id":"8d2bb37dcf821b07c3c72db29f4aef574afbb6a5","cls":"styrofoam","cid":3,"cat":2,"conf":0.8,"area":1.7,"mask":true,"color":"#FFFFFF"},"geometry":{"type":"Polygon","coordinates":[[[127.680353,34.569908],[127.680359,34.569905],[127.680356,34.569901],[127.680353,34.569899],[127.680352,34.5699],[127.680352,34.569902],[127.680351,34.569903],[127.680352,34.569907],[127.680353,34.569908]]]}},{"type":"Feature","properties":{"id":"969897a1363b1d18d4c71b5829a86ee2d70d7851","cls":"styrofoam","cid":3,"cat":2,"conf":0.702,"area":1.8,"mask":true,"color":"#FFFFFF"},"geometry":{"type":"Polygon","coordinates":[[[127.680351,34.569908],[127.680357,34.569907],[127.680359,34.569905],[127.680356,34.569901],[127.680353,34.569899],[127.680351,34.5699],[127.680351,34.569908]]]}},{"type":"Feature","properties":{"id":"0f7412d4dc84eaac1a2aafb6bc33a07c9df7950e","cls":"styrofoam","cid":3,"cat":2,"conf":0.494,"area":0.5,"mask":true,"color":"#FFFFFF"},"geometry":{"type":"Polygon","coordinates":[[[127.681029,34.569794],[127.681032,34.569792],[127.681034,34.569793],[127.681033,34.569791],[127.681026,34.569791],[127.681029,34.569794]]]}},{"type":"Feature","properties":{"id":"8a7604b4c7c526862a6ebe34da9ddb2da6fa5e72","cls":"styrofoam","cid":3,"cat":2,"conf":0.738,"area":1.4,"mask":true,"color":"#FFFFFF"},"geometry":{"type":"Polygon","coordinates":[[[127.681228,34.569904],[127.681232,34.569903],[127.681229,34.569896],[127.681225,34.569897],[127.681228,34.569904]]]}},{"type":"Feature","properties":{"id":"4e042f1c31145bf91507d32f258e1f953a0854d9","cls":"styrofoam","cid":3,"cat":2,"conf":0.835,"area":1.4,"mask":true,"color":"#FFFFFF"},"geometry":{"type":"Polygon","coordinates":[[[127.681228,34.569904],[127.681232,34.569903],[127.681229,34.569896],[127.681225,34.569897],[127.681225,34.569899],[127.681228,34.569904]]]}},{"type":"Feature","properties":{"id":"39be5b09ad7e60ca9434ad63c4fe02f84d41f9f8","cls":"styrofoam","cid":3,"cat":2,"conf":0.679,"area":1.2,"mask":true,"color":"#FFFFFF"},"geometry":{"type":"Polygon","coordinates":[[[127.681372,34.56982],[127.681373,34.569818],[127.681372,34.569817],[127.681364,34.569817],[127.681363,34.569819],[127.681363,34.56982],[127.681372,34.56982]]]}},{"type":"Feature","properties":{"id":"8f4c3616296c8b6da12d7545ee7fada8ff8b3431","cls":"styrofoam","cid":3,"cat":2,"conf":0.457,"area":17.8,"mask":true,"color":"#FFFFFF"},"geometry":{"type":"Polygon","coordinates":[[[127.681325,34.569818],[127.681361,34.569817],[127.681373,34.569816],[127.681374,34.569815],[127.681374,34.569809],[127.681373,34.569808],[127.681371,34.569809],[127.681369,34.569808],[127.681357,34.569808],[127.681354,34.569809],[127.681342,34.569808],[127.681338,34.569809],[127.681328,34.569809],[127.681322,34.56981],[127.681323,34.569816],[127.681325,34.569818]]]}},{"type":"Feature","properties":{"id":"ebbf9566d5d7790a20d11a602d5abbf650a793fc","cls":"styrofoam","cid":3,"cat":2,"conf":0.556,"area":2.4,"mask":true,"color":"#FFFFFF"},"geometry":{"type":"Polygon","coordinates":[[[127.680681,34.569766],[127.680683,34.569766],[127.680683,34.569765],[127.68068,34.569763],[127.68068,34.56976],[127.680678,34.569758],[127.680675,34.569758],[127.680671,34.56976],[127.680671,34.569763],[127.680673,34.569763],[127.680676,34.569764],[127.680678,34.569765],[127.680681,34.569766]]]}},{"type":"Feature","properties":{"id":"73d9d6530c88bbf89b39d0cdf7506a914db018fa","cls":"styrofoam","cid":3,"cat":2,"conf":0.401,"area":1.8,"mask":true,"color":"#FFFFFF"},"geometry":{"type":"Polygon","coordinates":[[[127.68093,34.569752],[127.680931,34.56975],[127.680931,34.569749],[127.680927,34.569745],[127.680923,34.569745],[127.680923,34.569751],[127.68093,34.569752]]]}},{"type":"Feature","properties":{"id":"e427feaab90764e5152ce228f83717318eed71f0","cls":"styrofoam","cid":3,"cat":2,"conf":0.473,"area":0.5,"mask":true,"color":"#FFFFFF"},"geometry":{"type":"Polygon","coordinates":[[[127.68454,34.571343],[127.684541,34.571342],[127.684541,34.57134],[127.68454,34.57134],[127.684537,34.57134],[127.684536,34.571342],[127.68454,34.571343]]]}},{"type":"Feature","properties":{"id":"8903d921fa542d8db77e6e5538f142e633e3f90e","cls":"styrofoam","cid":3,"cat":2,"conf":0.483,"area":0.6,"mask":true,"color":"#FFFFFF"},"geometry":{"type":"Polygon","coordinates":[[[127.684538,34.571343],[127.684541,34.571342],[127.684541,34.57134],[127.68454,34.57134],[127.684537,34.57134],[127.684536,34.571342],[127.684538,34.571343]]]}},{"type":"Feature","properties":{"id":"ea9e7e0b25349eef4bda2ce77ddfa5e792d52e5e","cls":"styrofoam","cid":3,"cat":2,"conf":0.821,"area":1.3,"mask":true,"color":"#FFFFFF"},"geometry":{"type":"Polygon","coordinates":[[[127.684559,34.570766],[127.68456,34.570765],[127.684559,34.570763],[127.684555,34.570761],[127.684552,34.570763],[127.684555,34.570767],[127.684559,34.570766]]]}},{"type":"Feature","properties":{"id":"4b3790947d4f50f6ea7e23cad22c665b1eff3954","cls":"styrofoam","cid":3,"cat":2,"conf":0.744,"area":0.5,"mask":true,"color":"#FFFFFF"},"geometry":{"type":"Polygon","coordinates":[[[127.684612,34.570747],[127.684614,34.570747],[127.684615,34.570746],[127.684614,34.570745],[127.684612,34.570744],[127.684611,34.570744],[127.68461,34.570746],[127.684612,34.570747]]]}},{"type":"Feature","properties":{"id":"85eccade7476f2f8a9e970a2e0fcedfa7a04113a","cls":"styrofoam","cid":3,"cat":2,"conf":0.713,"area":0.6,"mask":true,"color":"#FFFFFF"},"geometry":{"type":"Polygon","coordinates":[[[127.684558,34.570762],[127.68456,34.570762],[127.684561,34.570761],[127.684561,34.57076],[127.684558,34.570758],[127.684556,34.57076],[127.684558,34.570762]]]}},{"type":"Feature","properties":{"id":"14dbfdeb93ea8a843de702130574b671f383b91c","cls":"styrofoam","cid":3,"cat":2,"conf":0.659,"area":1.4,"mask":true,"color":"#FFFFFF"},"geometry":{"type":"Polygon","coordinates":[[[127.68461,34.570759],[127.684612,34.570758],[127.684613,34.570757],[127.684612,34.570754],[127.684609,34.570754],[127.684605,34.570756],[127.684605,34.570759],[127.68461,34.570759]]]}},{"type":"Feature","properties":{"id":"6ab209d171c0053a4fda3edabd2ee621872ef3c0","cls":"styrofoam","cid":3,"cat":2,"conf":0.402,"area":0.6,"mask":true,"color":"#FFFFFF"},"geometry":{"type":"Polygon","coordinates":[[[127.684635,34.570848],[127.684638,34.570847],[127.684638,34.570846],[127.684636,34.570843],[127.684635,34.570843],[127.684634,34.570845],[127.684635,34.570848]]]}},{"type":"Feature","properties":{"id":"ff1d70d97136a4441b6de34c55f4153d568712f8","cls":"styrofoam","cid":3,"cat":2,"conf":0.711,"area":0.8,"mask":true,"color":"#FFFFFF"},"geometry":{"type":"Polygon","coordinates":[[[127.684295,34.570704],[127.684297,34.570703],[127.684297,34.570701],[127.684291,34.5707],[127.684291,34.570703],[127.684295,34.570704]]]}},{"type":"Feature","properties":{"id":"870a5d481393766351cc909d57cd3960cb6fe8ed","cls":"styrofoam","cid":3,"cat":2,"conf":0.4,"area":0.8,"mask":true,"color":"#FFFFFF"},"geometry":{"type":"Polygon","coordinates":[[[127.684349,34.570725],[127.68435,34.570724],[127.684351,34.570722],[127.684346,34.57072],[127.684345,34.570722],[127.684349,34.570725]]]}},{"type":"Feature","properties":{"id":"2ecfdb36b62d3a118018179a251ce8209a0b1620","cls":"styrofoam","cid":3,"cat":2,"conf":0.78,"area":1.6,"mask":true,"color":"#FFFFFF"},"geometry":{"type":"Polygon","coordinates":[[[127.684491,34.570692],[127.684495,34.570692],[127.684496,34.570691],[127.684494,34.570686],[127.684491,34.570682],[127.68449,34.570682],[127.68449,34.57069],[127.684491,34.570692]]]}},{"type":"Feature","properties":{"id":"ea662a4709316ad8e02fd0289d5dfd451ab55eac","cls":"styrofoam","cid":3,"cat":2,"conf":0.786,"area":1.7,"mask":true,"color":"#FFFFFF"},"geometry":{"type":"Polygon","coordinates":[[[127.684619,34.570644],[127.684622,34.570643],[127.684622,34.570642],[127.68462,34.570639],[127.684618,34.570636],[127.684615,34.570636],[127.684613,34.570636],[127.684612,34.570637],[127.684613,34.570639],[127.684617,34.570643],[127.684619,34.570644]]]}},{"type":"Feature","properties":{"id":"ac30755f63a9923704735a71a11adad7ae3d9706","cls":"styrofoam","cid":3,"cat":2,"conf":0.728,"area":0.4,"mask":true,"color":"#FFFFFF"},"geometry":{"type":"Polygon","coordinates":[[[127.684611,34.570746],[127.684615,34.570746],[127.684613,34.570744],[127.684611,34.570743],[127.684611,34.570746]]]}},{"type":"Feature","properties":{"id":"aa374516e4575f9144732ee348b64304bceb3b3f","cls":"styrofoam","cid":3,"cat":2,"conf":0.697,"area":0.9,"mask":true,"color":"#FFFFFF"},"geometry":{"type":"Polygon","coordinates":[[[127.684601,34.570616],[127.684601,34.570615],[127.684599,34.570613],[127.684594,34.570614],[127.684594,34.570616],[127.684601,34.570616]]]}},{"type":"Feature","properties":{"id":"3a77e8acde31bcab570ef1dc2694d35ece3ff35b","cls":"styrofoam","cid":3,"cat":2,"conf":0.533,"area":1.1,"mask":true,"color":"#FFFFFF"},"geometry":{"type":"Polygon","coordinates":[[[127.684593,34.57062],[127.684597,34.57062],[127.6846,34.570619],[127.6846,34.570618],[127.684597,34.570616],[127.684593,34.570616],[127.684592,34.570618],[127.684593,34.57062]]]}},{"type":"Feature","properties":{"id":"cf7e07cca8251eef3a3bcb32e5ea097407242d82","cls":"styrofoam","cid":3,"cat":2,"conf":0.553,"area":2.7,"mask":true,"color":"#FFFFFF"},"geometry":{"type":"Polygon","coordinates":[[[127.684193,34.570533],[127.684204,34.570531],[127.684204,34.570527],[127.6842,34.570527],[127.684192,34.570528],[127.684191,34.57053],[127.684192,34.570532],[127.684193,34.570533]]]}},{"type":"Feature","properties":{"id":"4615bc27c9088ace97e198d77c475703089e8b65","cls":"plastic_box","cid":6,"cat":3,"conf":0.228,"area":3.1,"mask":true,"color":"#FF8C00"},"geometry":{"type":"Polygon","coordinates":[[[127.684195,34.570507],[127.6842,34.570506],[127.684207,34.570503],[127.684204,34.570498],[127.6842,34.570499],[127.684193,34.570503],[127.684193,34.570504],[127.684195,34.570507]]]}},{"type":"Feature","properties":{"id":"706f4c6055da8578eddd154fd1008f6b8b580243","cls":"plastic_box","cid":6,"cat":3,"conf":0.151,"area":2.7,"mask":true,"color":"#FF8C00"},"geometry":{"type":"Polygon","coordinates":[[[127.684193,34.570533],[127.684204,34.570531],[127.684204,34.570527],[127.6842,34.570527],[127.684192,34.570528],[127.684191,34.57053],[127.684192,34.570532],[127.684193,34.570533]]]}},{"type":"Feature","properties":{"id":"59c0b660308212cfafeee5dd884b3506c5829514","cls":"styrofoam","cid":3,"cat":2,"conf":0.635,"area":0.7,"mask":true,"color":"#FFFFFF"},"geometry":{"type":"Polygon","coordinates":[[[127.684311,34.570546],[127.68431,34.570544],[127.684305,34.570543],[127.684305,34.570546],[127.684311,34.570546]]]}},{"type":"Feature","properties":{"id":"9dca8b894fe7f1661faf56f93fd904978e447948","cls":"styrofoam","cid":3,"cat":2,"conf":0.61,"area":4.8,"mask":true,"color":"#FFFFFF"},"geometry":{"type":"Polygon","coordinates":[[[127.684275,34.570524],[127.684277,34.570524],[127.684279,34.570523],[127.684283,34.570516],[127.684282,34.570512],[127.684281,34.570511],[127.684279,34.570511],[127.684278,34.57051],[127.684274,34.57051],[127.684273,34.570511],[127.684272,34.570516],[127.684273,34.570523],[127.684275,34.570524]]]}},{"type":"Feature","properties":{"id":"9b9cf654224a5776f41793ffdf21ab7aeb8126a7","cls":"plastic_box","cid":6,"cat":3,"conf":0.172,"area":0.9,"mask":true,"color":"#FF8C00"},"geometry":{"type":"Polygon","coordinates":[[[127.68433,34.570521],[127.684333,34.570519],[127.684333,34.570517],[127.68433,34.570516],[127.684329,34.570516],[127.684327,34.570517],[127.684327,34.57052],[127.68433,34.570521]]]}},{"type":"Feature","properties":{"id":"aedb48ea39853f2b887467cc0db235c04dab7dc0","cls":"styrofoam","cid":3,"cat":2,"conf":0.786,"area":0.7,"mask":true,"color":"#FFFFFF"},"geometry":{"type":"Polygon","coordinates":[[[127.684431,34.570616],[127.684433,34.570615],[127.684433,34.570613],[127.684428,34.570611],[127.684427,34.570613],[127.684427,34.570614],[127.684431,34.570616]]]}},{"type":"Feature","properties":{"id":"e88218b62838a456ff6830cbe2356654d1a6d0f5","cls":"styrofoam","cid":3,"cat":2,"conf":0.782,"area":1.2,"mask":true,"color":"#FFFFFF"},"geometry":{"type":"Polygon","coordinates":[[[127.684496,34.570539],[127.684499,34.570538],[127.684501,34.570536],[127.6845,34.570535],[127.684498,34.570533],[127.684496,34.570534],[127.684493,34.570536],[127.684494,34.570538],[127.684496,34.570539]]]}},{"type":"Feature","properties":{"id":"5f07a104c67d8031a48213a0c493ea37666bf359","cls":"styrofoam","cid":3,"cat":2,"conf":0.744,"area":0.6,"mask":true,"color":"#FFFFFF"},"geometry":{"type":"Polygon","coordinates":[[[127.684536,34.570569],[127.684536,34.570565],[127.684534,34.570565],[127.684532,34.570567],[127.684536,34.570569]]]}},{"type":"Feature","properties":{"id":"3b8df53aaf5a44a1af8071d8055f96e6d4254814","cls":"styrofoam","cid":3,"cat":2,"conf":0.738,"area":0.9,"mask":true,"color":"#FFFFFF"},"geometry":{"type":"Polygon","coordinates":[[[127.684461,34.570522],[127.684465,34.570521],[127.684466,34.57052],[127.684464,34.570518],[127.684459,34.570519],[127.684459,34.570521],[127.684461,34.570522]]]}},{"type":"Feature","properties":{"id":"9431e96d011d069db9f181696cc0a1dbb27c5191","cls":"styrofoam","cid":3,"cat":2,"conf":0.717,"area":1.0,"mask":true,"color":"#FFFFFF"},"geometry":{"type":"Polygon","coordinates":[[[127.684442,34.570558],[127.684444,34.570558],[127.684444,34.570555],[127.684439,34.570553],[127.684438,34.570555],[127.684438,34.570557],[127.684442,34.570558]]]}},{"type":"Feature","properties":{"id":"34f44fcf8a5e9b079ca5a0d2b1efce48dfdae94e","cls":"styrofoam","cid":3,"cat":2,"conf":0.715,"area":0.4,"mask":true,"color":"#FFFFFF"},"geometry":{"type":"Polygon","coordinates":[[[127.684491,34.57054],[127.684494,34.570539],[127.684493,34.570537],[127.68449,34.570538],[127.684491,34.57054]]]}},{"type":"Feature","properties":{"id":"aebb3d02d23c2bcb1d06cfeba7dd86a234f9f4bf","cls":"styrofoam","cid":3,"cat":2,"conf":0.714,"area":1.8,"mask":true,"color":"#FFFFFF"},"geometry":{"type":"Polygon","coordinates":[[[127.684529,34.570533],[127.684531,34.570532],[127.68453,34.570529],[127.684524,34.570528],[127.684522,34.570528],[127.684519,34.57053],[127.684519,34.570531],[127.684521,34.570532],[127.684529,34.570533]]]}},{"type":"Feature","properties":{"id":"90b3665cedffa7646a85c741f385c7589ecd254e","cls":"styrofoam","cid":3,"cat":2,"conf":0.622,"area":4.8,"mask":true,"color":"#FFFFFF"},"geometry":{"type":"Polygon","coordinates":[[[127.684438,34.570568],[127.684443,34.570567],[127.684445,34.570565],[127.684444,34.570562],[127.684437,34.570557],[127.68443,34.570557],[127.684428,34.57056],[127.684438,34.570568]]]}},{"type":"Feature","properties":{"id":"456869e7088fd02fcfc507d722c0a4cb2720eb31","cls":"styrofoam","cid":3,"cat":2,"conf":0.611,"area":0.7,"mask":true,"color":"#FFFFFF"},"geometry":{"type":"Polygon","coordinates":[[[127.684531,34.570561],[127.684535,34.57056],[127.684535,34.570559],[127.684534,34.570556],[127.684532,34.570556],[127.684531,34.570557],[127.68453,34.57056],[127.684531,34.570561]]]}},{"type":"Feature","properties":{"id":"dc9d9b8ec75284de8f00925146afda51d5f1574c","cls":"buoy_blue","cid":1,"cat":1,"conf":0.576,"area":1.1,"mask":true,"color":"#0066CC"},"geometry":{"type":"Polygon","coordinates":[[[127.684492,34.570535],[127.684493,34.570535],[127.684496,34.570533],[127.684496,34.570532],[127.684493,34.57053],[127.684489,34.57053],[127.684488,34.570533],[127.684492,34.570535]]]}},{"type":"Feature","properties":{"id":"56ca6e5cd29b94626b80e4779152639b4406adc5","cls":"styrofoam","cid":3,"cat":2,"conf":0.572,"area":0.4,"mask":true,"color":"#FFFFFF"},"geometry":{"type":"Polygon","coordinates":[[[127.684533,34.57053],[127.684534,34.57053],[127.684536,34.57053],[127.684536,34.570526],[127.684533,34.570527],[127.684533,34.57053]]]}},{"type":"Feature","properties":{"id":"c370bba303012eaa68bf12b964f4de2e891db9f2","cls":"styrofoam","cid":3,"cat":2,"conf":0.521,"area":0.6,"mask":true,"color":"#FFFFFF"},"geometry":{"type":"Polygon","coordinates":[[[127.684477,34.570518],[127.684479,34.570518],[127.68448,34.570516],[127.684479,34.570515],[127.684476,34.570514],[127.684475,34.570516],[127.684477,34.570518]]]}},{"type":"Feature","properties":{"id":"a37a3bf42768d9ca8339acbc651e3872a2a86f62","cls":"styrofoam","cid":3,"cat":2,"conf":0.513,"area":1.0,"mask":true,"color":"#FFFFFF"},"geometry":{"type":"Polygon","coordinates":[[[127.684528,34.57056],[127.68453,34.57056],[127.68453,34.570558],[127.684527,34.570554],[127.684525,34.570553],[127.684524,34.570555],[127.684528,34.57056]]]}},{"type":"Feature","properties":{"id":"4fad577b9adeed44b43019f54191348632dddd40","cls":"styrofoam","cid":3,"cat":2,"conf":0.471,"area":0.7,"mask":true,"color":"#FFFFFF"},"geometry":{"type":"Polygon","coordinates":[[[127.684482,34.570519],[127.684483,34.570518],[127.684485,34.570516],[127.684485,34.570514],[127.684484,34.570513],[127.684482,34.570514],[127.68448,34.570517],[127.684482,34.570519]]]}},{"type":"Feature","properties":{"id":"9b5dd5c892c19de780eb50084f9b522fa92de503","cls":"styrofoam","cid":3,"cat":2,"conf":0.444,"area":0.5,"mask":true,"color":"#FFFFFF"},"geometry":{"type":"Polygon","coordinates":[[[127.684502,34.570535],[127.684504,34.570533],[127.684504,34.570532],[127.6845,34.570531],[127.6845,34.570531],[127.6845,34.570533],[127.684502,34.570535]]]}},{"type":"Feature","properties":{"id":"57add4e7e84afc1fa4f5134a4afa5d3b54752609","cls":"styrofoam","cid":3,"cat":2,"conf":0.426,"area":0.4,"mask":true,"color":"#FFFFFF"},"geometry":{"type":"Polygon","coordinates":[[[127.684472,34.570518],[127.684474,34.570517],[127.684474,34.570515],[127.684471,34.570516],[127.684472,34.570518]]]}},{"type":"Feature","properties":{"id":"014b47fcb925e16357b51bc02a452cb30d00c923","cls":"styrofoam","cid":3,"cat":2,"conf":0.805,"area":0.9,"mask":true,"color":"#FFFFFF"},"geometry":{"type":"Polygon","coordinates":[[[127.684536,34.570569],[127.684538,34.570569],[127.684539,34.570566],[127.684534,34.570564],[127.684532,34.570567],[127.684536,34.570569]]]}},{"type":"Feature","properties":{"id":"76208f36447c20dfebf9c1ffcb763131c82a8bd8","cls":"styrofoam","cid":3,"cat":2,"conf":0.784,"area":3.9,"mask":true,"color":"#FFFFFF"},"geometry":{"type":"Polygon","coordinates":[[[127.684574,34.570565],[127.684576,34.570565],[127.684578,34.570561],[127.684577,34.570559],[127.684569,34.570555],[127.684567,34.570555],[127.684562,34.570557],[127.684562,34.570558],[127.684566,34.570558],[127.684566,34.57056],[127.684565,34.57056],[127.684564,34.570561],[127.684565,34.570562],[127.684568,34.570563],[127.68457,34.570563],[127.684571,34.570564],[127.684574,34.570565]]]}},{"type":"Feature","properties":{"id":"8539cc11e176ad4a3d9d8b13466565e5377c386f","cls":"styrofoam","cid":3,"cat":2,"conf":0.733,"area":3.6,"mask":true,"color":"#FFFFFF"},"geometry":{"type":"Polygon","coordinates":[[[127.684589,34.570508],[127.68459,34.570508],[127.684592,34.570505],[127.684591,34.570502],[127.684593,34.570499],[127.684593,34.570497],[127.68459,34.570496],[127.684588,34.570496],[127.684584,34.5705],[127.684582,34.570499],[127.68458,34.570501],[127.684584,34.570505],[127.684589,34.570508]]]}},{"type":"Feature","properties":{"id":"8e123d5a72d397e1103816b21d91cd52ea859b6d","cls":"styrofoam","cid":3,"cat":2,"conf":0.696,"area":1.0,"mask":true,"color":"#FFFFFF"},"geometry":{"type":"Polygon","coordinates":[[[127.684602,34.570616],[127.684601,34.570614],[127.684599,34.570613],[127.684595,34.570613],[127.684594,34.570614],[127.684594,34.570616],[127.684602,34.570616]]]}},{"type":"Feature","properties":{"id":"74a7c20c23441fed7ce5c6bf1c6db7fd906d86e1","cls":"styrofoam","cid":3,"cat":2,"conf":0.658,"area":0.7,"mask":true,"color":"#FFFFFF"},"geometry":{"type":"Polygon","coordinates":[[[127.68458,34.570593],[127.684582,34.570592],[127.684583,34.570591],[127.684582,34.570589],[127.684581,34.570588],[127.684579,34.570588],[127.684578,34.57059],[127.68458,34.570593]]]}},{"type":"Feature","properties":{"id":"33a99cc1c20abe6c0502990e32d79d1ec530914a","cls":"styrofoam","cid":3,"cat":2,"conf":0.651,"area":0.7,"mask":true,"color":"#FFFFFF"},"geometry":{"type":"Polygon","coordinates":[[[127.684533,34.570561],[127.684535,34.57056],[127.684535,34.570558],[127.684533,34.570556],[127.68453,34.570558],[127.68453,34.57056],[127.684533,34.570561]]]}},{"type":"Feature","properties":{"id":"c747d6e657fc41aea4c5aa1e6d24ef4bb0024055","cls":"styrofoam","cid":3,"cat":2,"conf":0.541,"area":5.6,"mask":true,"color":"#FFFFFF"},"geometry":{"type":"Polygon","coordinates":[[[127.684548,34.570568],[127.68456,34.570565],[127.684559,34.57056],[127.684556,34.570559],[127.684552,34.570553],[127.68455,34.570553],[127.684547,34.570554],[127.684549,34.570559],[127.684548,34.570562],[127.684546,34.570563],[127.684548,34.570568]]]}},{"type":"Feature","properties":{"id":"ecd917f25088aac12fb26b4277a374300f17ed37","cls":"plastic_box","cid":6,"cat":3,"conf":0.517,"area":3.0,"mask":true,"color":"#FF8C00"},"geometry":{"type":"Polygon","coordinates":[[[127.684195,34.570507],[127.6842,34.570506],[127.684207,34.570503],[127.684204,34.570498],[127.684199,34.570499],[127.684193,34.570503],[127.684193,34.570504],[127.684195,34.570507]]]}},{"type":"Feature","properties":{"id":"b5b8d9d1e8a30a183af5a25c9ee183906f71b148","cls":"styrofoam","cid":3,"cat":2,"conf":0.804,"area":0.8,"mask":true,"color":"#FFFFFF"},"geometry":{"type":"Polygon","coordinates":[[[127.684279,34.570475],[127.684282,34.570473],[127.68428,34.57047],[127.684278,34.57047],[127.684276,34.570471],[127.684279,34.570475]]]}},{"type":"Feature","properties":{"id":"881fea240682ca337d2005eca086c99105fed430","cls":"styrofoam","cid":3,"cat":2,"conf":0.686,"area":0.9,"mask":true,"color":"#FFFFFF"},"geometry":{"type":"Polygon","coordinates":[[[127.684269,34.570477],[127.684271,34.570476],[127.684271,34.570474],[127.684268,34.570472],[127.684267,34.570472],[127.684265,34.570474],[127.684265,34.570475],[127.684269,34.570477]]]}},{"type":"Feature","properties":{"id":"beb34ee6c667bdb059041b2c8920928093d82360","cls":"rope","cid":5,"cat":3,"conf":0.181,"area":11.3,"mask":true,"color":"#8B008B"},"geometry":{"type":"MultiPolygon","coordinates":[[[[127.684269,34.570432],[127.684271,34.570432],[127.684275,34.570431],[127.684275,34.57043],[127.684274,34.570429],[127.684273,34.570426],[127.684274,34.570426],[127.684273,34.570425],[127.684274,34.570424],[127.684275,34.570423],[127.684274,34.570423],[127.684275,34.570421],[127.684274,34.570421],[127.684274,34.570418],[127.684272,34.570419],[127.684271,34.570418],[127.684273,34.570417],[127.684271,34.570416],[127.684268,34.570418],[127.684267,34.570417],[127.684269,34.570415],[127.68427,34.570415],[127.684269,34.570414],[127.684267,34.570415],[127.684267,34.570416],[127.684265,34.570416],[127.684265,34.570415],[127.684261,34.570415],[127.684263,34.570417],[127.684262,34.570418],[127.684259,34.570416],[127.684256,34.570417],[127.684256,34.570419],[127.684255,34.57042],[127.684252,34.57042],[127.684253,34.570423],[127.684251,34.570425],[127.684262,34.570429],[127.684265,34.570432],[127.684269,34.570432]]],[[[127.684256,34.570416],[127.684256,34.570416],[127.684259,34.570416],[127.684259,34.570415],[127.684256,34.570414],[127.684254,34.570416],[127.684256,34.570416]]]]}},{"type":"Feature","properties":{"id":"7ec99007f0e6604a9976f3173f4693c599a1a279","cls":"styrofoam","cid":3,"cat":2,"conf":0.707,"area":1.2,"mask":true,"color":"#FFFFFF"},"geometry":{"type":"Polygon","coordinates":[[[127.684473,34.57048],[127.684475,34.57048],[127.684478,34.570478],[127.684478,34.570475],[127.684477,34.570474],[127.684474,34.570474],[127.684471,34.570476],[127.684472,34.570479],[127.684473,34.57048]]]}},{"type":"Feature","properties":{"id":"cc1ff90cc037b1cb7fb3e48ff2a96710fb2239d3","cls":"styrofoam","cid":3,"cat":2,"conf":0.646,"area":1.5,"mask":true,"color":"#FFFFFF"},"geometry":{"type":"Polygon","coordinates":[[[127.684508,34.570493],[127.68451,34.570492],[127.684511,34.570489],[127.68451,34.570488],[127.684505,34.570487],[127.684503,34.570489],[127.684503,34.570491],[127.684504,34.570492],[127.684508,34.570493]]]}},{"type":"Feature","properties":{"id":"7fbb9982ab8d4264851f7e07025472867812efa4","cls":"styrofoam","cid":3,"cat":2,"conf":0.539,"area":2.5,"mask":true,"color":"#FFFFFF"},"geometry":{"type":"Polygon","coordinates":[[[127.685429,34.572347],[127.685432,34.572346],[127.685432,34.57234],[127.685431,34.572335],[127.685428,34.572335],[127.685428,34.572332],[127.685427,34.572332],[127.685427,34.572335],[127.685426,34.572336],[127.685427,34.572346],[127.685429,34.572347]]]}},{"type":"Feature","properties":{"id":"2840db639851c120dea77e1213a27a1d0f90bbcc","cls":"styrofoam","cid":3,"cat":2,"conf":0.816,"area":3.4,"mask":true,"color":"#FFFFFF"},"geometry":{"type":"Polygon","coordinates":[[[127.685435,34.572323],[127.685436,34.572313],[127.685435,34.572312],[127.68543,34.572312],[127.685428,34.572313],[127.685428,34.572322],[127.685428,34.572323],[127.685435,34.572323]]]}},{"type":"Feature","properties":{"id":"dcbf8b0776e3fc7117b142b8c1023f011317c2f1","cls":"styrofoam","cid":3,"cat":2,"conf":0.794,"area":0.9,"mask":true,"color":"#FFFFFF"},"geometry":{"type":"Polygon","coordinates":[[[127.685518,34.572125],[127.68552,34.572124],[127.685521,34.572122],[127.68552,34.572121],[127.685516,34.57212],[127.685515,34.572121],[127.685514,34.572123],[127.685518,34.572125]]]}},{"type":"Feature","properties":{"id":"802fa269ec69de5ba0e004ec41f9a4bf84b024d5","cls":"styrofoam","cid":3,"cat":2,"conf":0.626,"area":1.1,"mask":true,"color":"#FFFFFF"},"geometry":{"type":"Polygon","coordinates":[[[127.685518,34.572116],[127.68552,34.572116],[127.685523,34.572112],[127.685523,34.572111],[127.685521,34.57211],[127.685519,34.57211],[127.685516,34.572113],[127.685516,34.572115],[127.685518,34.572116]]]}},{"type":"Feature","properties":{"id":"8f7eb39fda0f923de333f9437b0f43bda2fa867f","cls":"styrofoam","cid":3,"cat":2,"conf":0.579,"area":1.0,"mask":true,"color":"#FFFFFF"},"geometry":{"type":"Polygon","coordinates":[[[127.685514,34.572122],[127.685517,34.572119],[127.685516,34.572117],[127.685514,34.572116],[127.685513,34.572116],[127.685511,34.572119],[127.685511,34.572121],[127.685514,34.572122]]]}},{"type":"Feature","properties":{"id":"a02be3389229c17daf3c281697028f1e68185032","cls":"styrofoam","cid":3,"cat":2,"conf":0.822,"area":2.8,"mask":true,"color":"#FFFFFF"},"geometry":{"type":"Polygon","coordinates":[[[127.685558,34.572019],[127.68556,34.572018],[127.685561,34.572017],[127.685563,34.572013],[127.685561,34.572009],[127.685559,34.572008],[127.685557,34.57201],[127.685554,34.572016],[127.685555,34.572018],[127.685558,34.572019]]]}},{"type":"Feature","properties":{"id":"86073ff791f1884f4f1682a561282705280e9aa9","cls":"styrofoam","cid":3,"cat":2,"conf":0.819,"area":1.3,"mask":true,"color":"#FFFFFF"},"geometry":{"type":"Polygon","coordinates":[[[127.685541,34.572005],[127.685544,34.572005],[127.685545,34.572003],[127.685544,34.572],[127.68554,34.571999],[127.685538,34.572001],[127.685538,34.572002],[127.685541,34.572005]]]}},{"type":"Feature","properties":{"id":"68be87914c4aa93750571726405862359b43d17e","cls":"styrofoam","cid":3,"cat":2,"conf":0.804,"area":2.8,"mask":true,"color":"#FFFFFF"},"geometry":{"type":"Polygon","coordinates":[[[127.685569,34.572056],[127.685571,34.572055],[127.685573,34.572055],[127.685573,34.572053],[127.685574,34.572051],[127.685573,34.572049],[127.685572,34.572048],[127.685572,34.572045],[127.68557,34.572044],[127.685569,34.572045],[127.685568,34.572047],[127.685566,34.572048],[127.685566,34.572049],[127.685566,34.572056],[127.685569,34.572056]]]}},{"type":"Feature","properties":{"id":"e605ad4bd574295336a01e3fb9d059191c7fca8f","cls":"styrofoam","cid":3,"cat":2,"conf":0.802,"area":1.0,"mask":true,"color":"#FFFFFF"},"geometry":{"type":"Polygon","coordinates":[[[127.685549,34.57205],[127.685552,34.572049],[127.685553,34.572048],[127.685553,34.572046],[127.685551,34.572044],[127.685547,34.572045],[127.685549,34.57205]]]}},{"type":"Feature","properties":{"id":"60be917c88478df098f44f7d96c0dca75f3b0575","cls":"styrofoam","cid":3,"cat":2,"conf":0.785,"area":1.0,"mask":true,"color":"#FFFFFF"},"geometry":{"type":"Polygon","coordinates":[[[127.685562,34.572057],[127.685565,34.572056],[127.685565,34.572053],[127.685564,34.572051],[127.685561,34.572052],[127.68556,34.572053],[127.68556,34.572055],[127.685562,34.572057]]]}},{"type":"Feature","properties":{"id":"fd4fd2f092f95c735de226dce41679f653257b85","cls":"styrofoam","cid":3,"cat":2,"conf":0.782,"area":1.1,"mask":true,"color":"#FFFFFF"},"geometry":{"type":"Polygon","coordinates":[[[127.685548,34.57201],[127.68555,34.57201],[127.685552,34.572008],[127.685549,34.572004],[127.685547,34.572004],[127.685545,34.572005],[127.685545,34.572006],[127.685548,34.57201]]]}},{"type":"Feature","properties":{"id":"89de42a76925145f4f1347aa7afd846d06a19f1d","cls":"styrofoam","cid":3,"cat":2,"conf":0.774,"area":1.1,"mask":true,"color":"#FFFFFF"},"geometry":{"type":"Polygon","coordinates":[[[127.68556,34.572036],[127.685562,34.572036],[127.685564,34.572033],[127.685561,34.57203],[127.685558,34.572031],[127.685559,34.572035],[127.68556,34.572036]]]}},{"type":"Feature","properties":{"id":"70bed1d679a79edca665cb6b7942425624ed863a","cls":"styrofoam","cid":3,"cat":2,"conf":0.764,"area":0.9,"mask":true,"color":"#FFFFFF"},"geometry":{"type":"Polygon","coordinates":[[[127.685557,34.572054],[127.685559,34.572053],[127.685563,34.57205],[127.685562,34.572048],[127.685559,34.572048],[127.685557,34.57205],[127.685556,34.572053],[127.685557,34.572054]]]}},{"type":"Feature","properties":{"id":"fb8d6446d51a0b3cbb754182d95b6d916adf3191","cls":"styrofoam","cid":3,"cat":2,"conf":0.756,"area":0.9,"mask":true,"color":"#FFFFFF"},"geometry":{"type":"Polygon","coordinates":[[[127.685562,34.572039],[127.685566,34.572036],[127.685566,34.572033],[127.685564,34.572033],[127.68556,34.572037],[127.68556,34.572038],[127.685562,34.572039]]]}},{"type":"Feature","properties":{"id":"1df8f5f938bd51f0e5f949e0df6f83cd6429ea4d","cls":"styrofoam","cid":3,"cat":2,"conf":0.752,"area":1.1,"mask":true,"color":"#FFFFFF"},"geometry":{"type":"Polygon","coordinates":[[[127.68556,34.572048],[127.685563,34.572046],[127.685564,34.572045],[127.685564,34.572043],[127.685561,34.572042],[127.685558,34.572043],[127.68556,34.572048]]]}},{"type":"Feature","properties":{"id":"eccf569610eb3e81e7c0f12e480197cc425d1362","cls":"styrofoam","cid":3,"cat":2,"conf":0.728,"area":1.0,"mask":true,"color":"#FFFFFF"},"geometry":{"type":"Polygon","coordinates":[[[127.685577,34.572017],[127.68558,34.572017],[127.685581,34.572016],[127.68558,34.572013],[127.685579,34.572012],[127.685577,34.572012],[127.685576,34.572013],[127.685576,34.572016],[127.685577,34.572017]]]}},{"type":"Feature","properties":{"id":"c4f0840817c71504c8ea62d793beead48267160b","cls":"styrofoam","cid":3,"cat":2,"conf":0.71,"area":0.7,"mask":true,"color":"#FFFFFF"},"geometry":{"type":"Polygon","coordinates":[[[127.685557,34.572042],[127.685561,34.572042],[127.685561,34.572039],[127.685558,34.572038],[127.685556,34.57204],[127.685556,34.572042],[127.685557,34.572042]]]}},{"type":"Feature","properties":{"id":"a9168000620c57e041a4eb8cb57fb89f34d4ae67","cls":"styrofoam","cid":3,"cat":2,"conf":0.671,"area":0.7,"mask":true,"color":"#FFFFFF"},"geometry":{"type":"Polygon","coordinates":[[[127.685566,34.572043],[127.685568,34.572042],[127.685569,34.572041],[127.68557,34.572038],[127.685569,34.572038],[127.685567,34.572038],[127.685566,34.572038],[127.685566,34.572043]]]}},{"type":"Feature","properties":{"id":"d285ae1235ff136dbc0e88d4f00ab569ecc5dff7","cls":"styrofoam","cid":3,"cat":2,"conf":0.654,"area":0.9,"mask":true,"color":"#FFFFFF"},"geometry":{"type":"Polygon","coordinates":[[[127.685545,34.571982],[127.685547,34.571982],[127.685548,34.571981],[127.685547,34.571976],[127.685544,34.571977],[127.685542,34.571979],[127.685545,34.571982]]]}},{"type":"Feature","properties":{"id":"f7976ebf48cf002c67d02fc5b95d2d94fef9d376","cls":"styrofoam","cid":3,"cat":2,"conf":0.641,"area":0.5,"mask":true,"color":"#FFFFFF"},"geometry":{"type":"Polygon","coordinates":[[[127.685563,34.572043],[127.685565,34.572042],[127.685565,34.57204],[127.685564,34.572039],[127.685562,34.572039],[127.685561,34.572042],[127.685563,34.572043]]]}},{"type":"Feature","properties":{"id":"f83630d083ff9535242b25b8cf559a58edd41bd3","cls":"styrofoam","cid":3,"cat":2,"conf":0.621,"area":0.9,"mask":true,"color":"#FFFFFF"},"geometry":{"type":"Polygon","coordinates":[[[127.685538,34.571975],[127.685541,34.571975],[127.685541,34.571973],[127.68554,34.57197],[127.685536,34.57197],[127.685537,34.571974],[127.685538,34.571975]]]}},{"type":"Feature","properties":{"id":"30b605e966919193b6c2ab0524925681ad412819","cls":"styrofoam","cid":3,"cat":2,"conf":0.596,"area":0.7,"mask":true,"color":"#FFFFFF"},"geometry":{"type":"Polygon","coordinates":[[[127.685546,34.571986],[127.685547,34.571986],[127.685549,34.571984],[127.685547,34.571982],[127.685544,34.571982],[127.685543,34.571984],[127.685546,34.571986]]]}},{"type":"Feature","properties":{"id":"cf7eca92faa79748a9d14eaf52480c4e860b51d3","cls":"styrofoam","cid":3,"cat":2,"conf":0.588,"area":0.9,"mask":true,"color":"#FFFFFF"},"geometry":{"type":"Polygon","coordinates":[[[127.685533,34.571974],[127.685536,34.571971],[127.685536,34.57197],[127.685527,34.57197],[127.685532,34.571973],[127.685533,34.571974]]]}},{"type":"Feature","properties":{"id":"b2631b01c9b2e0426de4784544ae79387c0f362a","cls":"styrofoam","cid":3,"cat":2,"conf":0.578,"area":2.5,"mask":true,"color":"#FFFFFF"},"geometry":{"type":"Polygon","coordinates":[[[127.685588,34.572052],[127.685592,34.572052],[127.685593,34.572049],[127.685593,34.572042],[127.685588,34.572043],[127.685586,34.572045],[127.685586,34.572051],[127.685588,34.572052]]]}},{"type":"Feature","properties":{"id":"3cb6a070ab014899cec688e6c5acdf51488bc9fa","cls":"styrofoam","cid":3,"cat":2,"conf":0.577,"area":0.5,"mask":true,"color":"#FFFFFF"},"geometry":{"type":"Polygon","coordinates":[[[127.685553,34.571997],[127.685556,34.571996],[127.685556,34.571994],[127.685552,34.571994],[127.685552,34.571995],[127.685553,34.571997]]]}},{"type":"Feature","properties":{"id":"c68d2a293ac780729cafc5ebd7ae20da50d26226","cls":"styrofoam","cid":3,"cat":2,"conf":0.56,"area":0.6,"mask":true,"color":"#FFFFFF"},"geometry":{"type":"Polygon","coordinates":[[[127.685536,34.571983],[127.685539,34.571982],[127.685539,34.57198],[127.685538,34.571979],[127.685536,34.571979],[127.685534,34.571981],[127.685535,34.571982],[127.685536,34.571983]]]}},{"type":"Feature","properties":{"id":"9968538fed127345bab4a18b6393977fa44b48e2","cls":"styrofoam","cid":3,"cat":2,"conf":0.503,"area":0.8,"mask":true,"color":"#FFFFFF"},"geometry":{"type":"Polygon","coordinates":[[[127.685551,34.571993],[127.685553,34.571992],[127.685553,34.57199],[127.685549,34.571987],[127.685547,34.57199],[127.685551,34.571993]]]}},{"type":"Feature","properties":{"id":"1b5f4ea76a034baa32060476f6ac8b02ad742a9c","cls":"styrofoam","cid":3,"cat":2,"conf":0.478,"area":2.0,"mask":true,"color":"#FFFFFF"},"geometry":{"type":"Polygon","coordinates":[[[127.685572,34.571977],[127.685574,34.571975],[127.685573,34.571973],[127.685572,34.571972],[127.685572,34.57197],[127.685571,34.57197],[127.685564,34.57197],[127.685564,34.571971],[127.685565,34.571973],[127.685565,34.571974],[127.685572,34.571977]]]}},{"type":"Feature","properties":{"id":"df9d0da4d5da5fea2bee21829dea923571ff4ce8","cls":"styrofoam","cid":3,"cat":2,"conf":0.444,"area":1.1,"mask":true,"color":"#FFFFFF"},"geometry":{"type":"Polygon","coordinates":[[[127.685546,34.572001],[127.685549,34.571999],[127.685549,34.571998],[127.685547,34.571995],[127.685545,34.571994],[127.685543,34.571996],[127.685543,34.571997],[127.685546,34.572001]]]}},{"type":"Feature","properties":{"id":"05938d8cbaa2e0c28d587dcd4ad711eb67dfd5be","cls":"styrofoam","cid":3,"cat":2,"conf":0.413,"area":0.6,"mask":true,"color":"#FFFFFF"},"geometry":{"type":"Polygon","coordinates":[[[127.685557,34.572006],[127.685559,34.572005],[127.685557,34.572003],[127.685556,34.572003],[127.685553,34.572005],[127.685554,34.572006],[127.685557,34.572006]]]}},{"type":"Feature","properties":{"id":"e5401ba6ec964cbb3157e522a60e5d171fb26ff8","cls":"styrofoam","cid":3,"cat":2,"conf":0.408,"area":0.8,"mask":true,"color":"#FFFFFF"},"geometry":{"type":"Polygon","coordinates":[[[127.685559,34.572004],[127.685561,34.572004],[127.685561,34.572001],[127.68556,34.571999],[127.685558,34.571999],[127.685557,34.572],[127.685557,34.572003],[127.685559,34.572004]]]}},{"type":"Feature","properties":{"id":"dd51d829dc12cfbdb3d6493e579146d1df75f2cf","cls":"buoy_blue","cid":1,"cat":1,"conf":0.634,"area":2.7,"mask":true,"color":"#0066CC"},"geometry":{"type":"Polygon","coordinates":[[[127.685591,34.572052],[127.685592,34.572052],[127.685593,34.572045],[127.685595,34.572043],[127.685592,34.572042],[127.685588,34.572043],[127.685586,34.572044],[127.685586,34.572051],[127.685587,34.572052],[127.685591,34.572052]]]}},{"type":"Feature","properties":{"id":"44e73d3cf1dacaa4b2774b2e4271e1a8988c13bf","cls":"styrofoam","cid":3,"cat":2,"conf":0.572,"area":0.8,"mask":true,"color":"#FFFFFF"},"geometry":{"type":"Polygon","coordinates":[[[127.685577,34.572017],[127.68558,34.572017],[127.685581,34.572016],[127.685579,34.572012],[127.685577,34.572012],[127.685577,34.572017]]]}},{"type":"Feature","properties":{"id":"79dcb4a81114b88127d814e6871f386962bdb7a1","cls":"styrofoam","cid":3,"cat":2,"conf":0.825,"area":3.0,"mask":true,"color":"#FFFFFF"},"geometry":{"type":"Polygon","coordinates":[[[127.685533,34.571974],[127.685536,34.571971],[127.685537,34.571969],[127.68553,34.571963],[127.685529,34.571963],[127.685524,34.571967],[127.685533,34.571974]]]}},{"type":"Feature","properties":{"id":"0687b3ca276175159b963a5e6eb8bb3fd117b954","cls":"styrofoam","cid":3,"cat":2,"conf":0.814,"area":1.8,"mask":true,"color":"#FFFFFF"},"geometry":{"type":"Polygon","coordinates":[[[127.685478,34.571861],[127.685482,34.571861],[127.685484,34.571859],[127.685481,34.571856],[127.685476,34.571855],[127.685474,34.571857],[127.685474,34.571858],[127.685476,34.571861],[127.685478,34.571861]]]}},{"type":"Feature","properties":{"id":"f62af0e661ce036f872929b5b8dc1e276a32db2b","cls":"styrofoam","cid":3,"cat":2,"conf":0.797,"area":0.9,"mask":true,"color":"#FFFFFF"},"geometry":{"type":"Polygon","coordinates":[[[127.685523,34.571939],[127.685527,34.571938],[127.685526,34.571936],[127.685525,34.571934],[127.685523,34.571934],[127.685521,34.571935],[127.685523,34.571939]]]}},{"type":"Feature","properties":{"id":"2c8e97df1532f6303c3d598a2045c477a734a8e0","cls":"styrofoam","cid":3,"cat":2,"conf":0.773,"area":1.7,"mask":true,"color":"#FFFFFF"},"geometry":{"type":"Polygon","coordinates":[[[127.685496,34.571874],[127.685499,34.571873],[127.6855,34.571871],[127.685496,34.571865],[127.685494,34.571864],[127.685493,34.571866],[127.685494,34.571869],[127.685493,34.571871],[127.685496,34.571874]]]}},{"type":"Feature","properties":{"id":"b686a769982915034b5779494954c8b5dfe0e3b0","cls":"styrofoam","cid":3,"cat":2,"conf":0.772,"area":0.9,"mask":true,"color":"#FFFFFF"},"geometry":{"type":"Polygon","coordinates":[[[127.685513,34.571922],[127.685515,34.571922],[127.685517,34.57192],[127.685515,34.571917],[127.685513,34.571917],[127.685512,34.571918],[127.685511,34.571921],[127.685513,34.571922]]]}},{"type":"Feature","properties":{"id":"63b5c0f9321d6fdf5c5aad22540d39da389b0538","cls":"styrofoam","cid":3,"cat":2,"conf":0.77,"area":1.0,"mask":true,"color":"#FFFFFF"},"geometry":{"type":"Polygon","coordinates":[[[127.685571,34.57187],[127.685573,34.571869],[127.685575,34.571868],[127.685575,34.571866],[127.685573,34.571865],[127.685571,34.571865],[127.685569,34.571866],[127.685569,34.571868],[127.685571,34.57187]]]}},{"type":"Feature","properties":{"id":"c4e7a6353d43cee2d1c0951e304577c72d565d27","cls":"styrofoam","cid":3,"cat":2,"conf":0.757,"area":0.6,"mask":true,"color":"#FFFFFF"},"geometry":{"type":"Polygon","coordinates":[[[127.685446,34.571873],[127.68545,34.571872],[127.68545,34.57187],[127.685448,34.571869],[127.685445,34.57187],[127.685444,34.571872],[127.685446,34.571873]]]}},{"type":"Feature","properties":{"id":"c7f1f714f32157fb88484ffa0da25937a9b7bc52","cls":"styrofoam","cid":3,"cat":2,"conf":0.732,"area":2.5,"mask":true,"color":"#FFFFFF"},"geometry":{"type":"Polygon","coordinates":[[[127.685533,34.571957],[127.685534,34.571955],[127.685537,34.571955],[127.685538,34.571953],[127.685541,34.571953],[127.685543,34.571952],[127.685543,34.57195],[127.685542,34.571948],[127.685537,34.571948],[127.685531,34.571952],[127.68553,34.571954],[127.685533,34.571957]]]}},{"type":"Feature","properties":{"id":"27c2b797b3f8d2e54df532a6aca38d9ed214b3f0","cls":"styrofoam","cid":3,"cat":2,"conf":0.728,"area":0.8,"mask":true,"color":"#FFFFFF"},"geometry":{"type":"Polygon","coordinates":[[[127.685528,34.571951],[127.685532,34.57195],[127.685532,34.571948],[127.685531,34.571947],[127.685529,34.571947],[127.685527,34.571948],[127.685527,34.571949],[127.685528,34.571951]]]}},{"type":"Feature","properties":{"id":"cbf7d3ec75eace407ff4ebe32d8bafb103fe0d92","cls":"styrofoam","cid":3,"cat":2,"conf":0.701,"area":2.3,"mask":true,"color":"#FFFFFF"},"geometry":{"type":"Polygon","coordinates":[[[127.685571,34.571977],[127.685572,34.571977],[127.685574,34.571974],[127.685572,34.571972],[127.685572,34.57197],[127.685567,34.571968],[127.685565,34.571968],[127.685564,34.571969],[127.685564,34.571971],[127.685565,34.571973],[127.685565,34.571974],[127.685571,34.571977]]]}},{"type":"Feature","properties":{"id":"5953da722312b6a895645ef61702cb27e166f26d","cls":"styrofoam","cid":3,"cat":2,"conf":0.696,"area":0.8,"mask":true,"color":"#FFFFFF"},"geometry":{"type":"Polygon","coordinates":[[[127.685534,34.571965],[127.685535,34.571965],[127.685536,34.571961],[127.685534,34.57196],[127.685533,34.57196],[127.685531,34.571962],[127.685531,34.571964],[127.685534,34.571965]]]}},{"type":"Feature","properties":{"id":"9af100796a3b40ff2de22162114d509a1a7780f1","cls":"styrofoam","cid":3,"cat":2,"conf":0.682,"area":1.1,"mask":true,"color":"#FFFFFF"},"geometry":{"type":"Polygon","coordinates":[[[127.685543,34.571948],[127.685543,34.571945],[127.685541,34.571943],[127.685537,34.571944],[127.685537,34.571948],[127.685543,34.571948]]]}},{"type":"Feature","properties":{"id":"03655c221345409f776e91d1a8fe575f78bf5bd6","cls":"styrofoam","cid":3,"cat":2,"conf":0.676,"area":1.4,"mask":true,"color":"#FFFFFF"},"geometry":{"type":"Polygon","coordinates":[[[127.685444,34.571913],[127.685447,34.571913],[127.68545,34.571912],[127.685449,34.571909],[127.685446,34.571908],[127.685443,34.571909],[127.685442,34.571912],[127.685444,34.571913]]]}},{"type":"Feature","properties":{"id":"d424dc19159f90dae900454d4911339ac9228255","cls":"styrofoam","cid":3,"cat":2,"conf":0.622,"area":1.0,"mask":true,"color":"#FFFFFF"},"geometry":{"type":"Polygon","coordinates":[[[127.685544,34.571983],[127.685545,34.571982],[127.685548,34.571983],[127.685547,34.571976],[127.685544,34.571977],[127.685542,34.571979],[127.685544,34.571981],[127.685544,34.571983]]]}},{"type":"Feature","properties":{"id":"d7f81d66f977a6b92a64811c895e36f4536216df","cls":"styrofoam","cid":3,"cat":2,"conf":0.597,"area":0.8,"mask":true,"color":"#FFFFFF"},"geometry":{"type":"Polygon","coordinates":[[[127.685525,34.571924],[127.685527,34.571924],[127.685529,34.571923],[127.685527,34.57192],[127.685524,34.57192],[127.685523,34.571921],[127.685523,34.571923],[127.685525,34.571924]]]}},{"type":"Feature","properties":{"id":"688d87965218959fd861624b651ffb254e6dcba8","cls":"styrofoam","cid":3,"cat":2,"conf":0.564,"area":0.8,"mask":true,"color":"#FFFFFF"},"geometry":{"type":"Polygon","coordinates":[[[127.685486,34.571854],[127.685489,34.571854],[127.68549,34.571852],[127.685489,34.571851],[127.685484,34.57185],[127.685484,34.571853],[127.685486,34.571854]]]}},{"type":"Feature","properties":{"id":"6c5fda85ebf2b6ac8baa6a0ae712cda5f55c45d5","cls":"styrofoam","cid":3,"cat":2,"conf":0.529,"area":3.2,"mask":true,"color":"#FFFFFF"},"geometry":{"type":"Polygon","coordinates":[[[127.685554,34.571963],[127.685556,34.571962],[127.685557,34.571959],[127.685554,34.571953],[127.685552,34.571952],[127.685551,34.571952],[127.685548,34.571954],[127.685546,34.571957],[127.685546,34.571959],[127.685548,34.571961],[127.685551,34.571961],[127.685554,34.571963]]]}},{"type":"Feature","properties":{"id":"84d0ef0ff1283279a4dda80ade0250b31d893a72","cls":"styrofoam","cid":3,"cat":2,"conf":0.521,"area":0.7,"mask":true,"color":"#FFFFFF"},"geometry":{"type":"Polygon","coordinates":[[[127.685545,34.571905],[127.685546,34.571904],[127.685546,34.571902],[127.685544,34.571901],[127.685543,34.571901],[127.685542,34.571902],[127.685542,34.571905],[127.685545,34.571905]]]}},{"type":"Feature","properties":{"id":"5d1f291a15bec105a29c1bd1ccffbd2b49c09bfa","cls":"styrofoam","cid":3,"cat":2,"conf":0.51,"area":1.0,"mask":true,"color":"#FFFFFF"},"geometry":{"type":"Polygon","coordinates":[[[127.685548,34.571951],[127.68555,34.571951],[127.68555,34.57195],[127.68555,34.571947],[127.685548,34.571945],[127.685547,34.571945],[127.685546,34.571947],[127.685546,34.571949],[127.685548,34.571951]]]}},{"type":"Feature","properties":{"id":"f4c0672a52347154d2f3c6f52c8459aa734abf80","cls":"styrofoam","cid":3,"cat":2,"conf":0.5,"area":1.6,"mask":true,"color":"#FFFFFF"},"geometry":{"type":"Polygon","coordinates":[[[127.685553,34.571944],[127.685554,34.571941],[127.685553,34.57194],[127.685552,34.571937],[127.685548,34.571937],[127.685547,34.57194],[127.685546,34.571941],[127.685546,34.571942],[127.685547,34.571944],[127.685553,34.571944]]]}},{"type":"Feature","properties":{"id":"29876eac076a738999f73e89698bce21f607fee8","cls":"styrofoam","cid":3,"cat":2,"conf":0.486,"area":0.9,"mask":true,"color":"#FFFFFF"},"geometry":{"type":"Polygon","coordinates":[[[127.685566,34.57192],[127.685568,34.571919],[127.685569,34.571919],[127.68557,34.571919],[127.68557,34.571919],[127.68557,34.571915],[127.685568,34.571915],[127.685565,34.571915],[127.685565,34.571918],[127.685566,34.57192]]]}},{"type":"Feature","properties":{"id":"1f7df7c05f5c8e6a4ac147bdbcaf4f9e269aed10","cls":"styrofoam","cid":3,"cat":2,"conf":0.478,"area":0.5,"mask":true,"color":"#FFFFFF"},"geometry":{"type":"Polygon","coordinates":[[[127.685535,34.571983],[127.685538,34.571983],[127.685539,34.571981],[127.685538,34.57198],[127.685536,34.571979],[127.685535,34.57198],[127.685534,34.571982],[127.685535,34.571983]]]}},{"type":"Feature","properties":{"id":"def90089ab54ea0a608853dba5cf918e15e2d059","cls":"rope","cid":5,"cat":3,"conf":0.227,"area":2.3,"mask":true,"color":"#8B008B"},"geometry":{"type":"Polygon","coordinates":[[[127.685517,34.57191],[127.685518,34.571909],[127.685519,34.571903],[127.685517,34.571898],[127.685515,34.571897],[127.685513,34.571898],[127.685512,34.571902],[127.685516,34.571905],[127.685517,34.57191]]]}},{"type":"Feature","properties":{"id":"7bc42a3c92054b42f7826c9384a96bd3c8d63de2","cls":"styrofoam","cid":3,"cat":2,"conf":0.667,"area":0.5,"mask":true,"color":"#FFFFFF"},"geometry":{"type":"Polygon","coordinates":[[[127.685722,34.571858],[127.685724,34.571857],[127.685725,34.571856],[127.685723,34.571855],[127.685721,34.571855],[127.68572,34.571856],[127.68572,34.571857],[127.685722,34.571858]]]}},{"type":"Feature","properties":{"id":"a6a8de3080931af195172257e5fd9609b7853345","cls":"styrofoam","cid":3,"cat":2,"conf":0.463,"area":0.7,"mask":true,"color":"#FFFFFF"},"geometry":{"type":"Polygon","coordinates":[[[127.685643,34.571859],[127.685648,34.571858],[127.685646,34.571855],[127.685642,34.571855],[127.685642,34.571857],[127.685643,34.571859]]]}},{"type":"Feature","properties":{"id":"1c656682a2f3b4e059131f384969998fd2a23ab0","cls":"styrofoam","cid":3,"cat":2,"conf":0.853,"area":2.7,"mask":true,"color":"#FFFFFF"},"geometry":{"type":"Polygon","coordinates":[[[127.685395,34.571739],[127.6854,34.571737],[127.6854,34.571735],[127.685396,34.57173],[127.685388,34.57173],[127.685388,34.571731],[127.685395,34.571739]]]}},{"type":"Feature","properties":{"id":"fdefed374fd39cf9b690c084d1684b24e9979496","cls":"styrofoam","cid":3,"cat":2,"conf":0.82,"area":2.7,"mask":true,"color":"#FFFFFF"},"geometry":{"type":"Polygon","coordinates":[[[127.685442,34.571786],[127.685445,34.571786],[127.685445,34.571776],[127.685444,34.571775],[127.68544,34.571775],[127.685438,34.571776],[127.685439,34.571783],[127.685442,34.571786]]]}},{"type":"Feature","properties":{"id":"f2da0463d2df3847fce7c1d341c75aaf13cf3798","cls":"styrofoam","cid":3,"cat":2,"conf":0.817,"area":3.3,"mask":true,"color":"#FFFFFF"},"geometry":{"type":"Polygon","coordinates":[[[127.685417,34.571773],[127.68542,34.571772],[127.685426,34.571766],[127.685426,34.571764],[127.685423,34.571762],[127.685419,34.571763],[127.685414,34.571768],[127.685414,34.571771],[127.685417,34.571773]]]}},{"type":"Feature","properties":{"id":"3b107aa744b5acec8b4efb4c50befe779ab3a1bf","cls":"styrofoam","cid":3,"cat":2,"conf":0.807,"area":1.2,"mask":true,"color":"#FFFFFF"},"geometry":{"type":"Polygon","coordinates":[[[127.685427,34.571775],[127.685429,34.571774],[127.685429,34.571773],[127.685426,34.57177],[127.685423,34.571769],[127.685421,34.571772],[127.685424,34.571775],[127.685427,34.571775]]]}},{"type":"Feature","properties":{"id":"1a88fea0d3369d092ab8a2bc63d0775c123a07de","cls":"styrofoam","cid":3,"cat":2,"conf":0.806,"area":1.1,"mask":true,"color":"#FFFFFF"},"geometry":{"type":"Polygon","coordinates":[[[127.685436,34.571753],[127.685439,34.571752],[127.685439,34.57175],[127.685436,34.571747],[127.685433,34.571748],[127.685434,34.571751],[127.685436,34.571753]]]}},{"type":"Feature","properties":{"id":"552357570ad31dfa783991d608b1ffd31bf9c0ca","cls":"styrofoam","cid":3,"cat":2,"conf":0.803,"area":4.1,"mask":true,"color":"#FFFFFF"},"geometry":{"type":"Polygon","coordinates":[[[127.685429,34.571816],[127.685436,34.571815],[127.685434,34.571813],[127.685434,34.57181],[127.685429,34.571805],[127.685427,34.571805],[127.685421,34.571809],[127.685423,34.571813],[127.685429,34.571816]]]}},{"type":"Feature","properties":{"id":"fb36de45830d059c2f7aad5507d1d99b80534962","cls":"styrofoam","cid":3,"cat":2,"conf":0.796,"area":1.1,"mask":true,"color":"#FFFFFF"},"geometry":{"type":"Polygon","coordinates":[[[127.685426,34.571804],[127.68543,34.571804],[127.68543,34.571802],[127.685428,34.5718],[127.685425,34.571799],[127.685423,34.5718],[127.685422,34.571802],[127.685426,34.571804]]]}},{"type":"Feature","properties":{"id":"821548205a8e8ff71c3d1cc26f170861170a0d9f","cls":"styrofoam","cid":3,"cat":2,"conf":0.787,"area":1.4,"mask":true,"color":"#FFFFFF"},"geometry":{"type":"Polygon","coordinates":[[[127.685423,34.571758],[127.685423,34.571757],[127.685418,34.571751],[127.685415,34.571753],[127.685414,34.571754],[127.685417,34.571757],[127.685423,34.571758]]]}},{"type":"Feature","properties":{"id":"59f57cdb6a5dd7d7fa222bbbc66e9cf71731a631","cls":"styrofoam","cid":3,"cat":2,"conf":0.768,"area":1.2,"mask":true,"color":"#FFFFFF"},"geometry":{"type":"Polygon","coordinates":[[[127.685422,34.571748],[127.685426,34.571748],[127.685426,34.571746],[127.685424,34.571743],[127.685421,34.571742],[127.685419,34.571744],[127.685419,34.571745],[127.685421,34.571747],[127.685422,34.571748]]]}},{"type":"Feature","properties":{"id":"bc80fe722b2fb8e6fd170a4e756f7ca6cb8baa27","cls":"styrofoam","cid":3,"cat":2,"conf":0.762,"area":0.8,"mask":true,"color":"#FFFFFF"},"geometry":{"type":"Polygon","coordinates":[[[127.685419,34.57175],[127.68542,34.571749],[127.685419,34.571746],[127.685418,34.571745],[127.685416,34.571745],[127.685415,34.571746],[127.685415,34.571749],[127.685419,34.57175]]]}},{"type":"Feature","properties":{"id":"99d67b218a208eac2142843d0cff7a317d3d990e","cls":"styrofoam","cid":3,"cat":2,"conf":0.761,"area":0.9,"mask":true,"color":"#FFFFFF"},"geometry":{"type":"Polygon","coordinates":[[[127.685442,34.571757],[127.685445,34.571756],[127.685445,34.571754],[127.685443,34.571752],[127.68544,34.571752],[127.685439,34.571753],[127.685441,34.571757],[127.685442,34.571757]]]}},{"type":"Feature","properties":{"id":"da88994e7b7af0ec95dea30aa90edf0b88a783b4","cls":"styrofoam","cid":3,"cat":2,"conf":0.75,"area":1.1,"mask":true,"color":"#FFFFFF"},"geometry":{"type":"Polygon","coordinates":[[[127.685406,34.571749],[127.685409,34.571748],[127.685409,34.571746],[127.685408,34.571743],[127.685405,34.571743],[127.685403,34.571744],[127.685404,34.571748],[127.685406,34.571749]]]}},{"type":"Feature","properties":{"id":"de02d2672cb570a5c6b25fe94f4f076685fd831e","cls":"styrofoam","cid":3,"cat":2,"conf":0.718,"area":0.6,"mask":true,"color":"#FFFFFF"},"geometry":{"type":"Polygon","coordinates":[[[127.685408,34.571736],[127.68541,34.571736],[127.685411,34.571735],[127.685411,34.571733],[127.68541,34.571732],[127.685408,34.571732],[127.685406,34.571734],[127.685407,34.571735],[127.685408,34.571736]]]}},{"type":"Feature","properties":{"id":"2a8f4f822c8765bf39bd395e8adde8f033e9fb9c","cls":"styrofoam","cid":3,"cat":2,"conf":0.703,"area":0.6,"mask":true,"color":"#FFFFFF"},"geometry":{"type":"Polygon","coordinates":[[[127.685417,34.571741],[127.68542,34.57174],[127.68542,34.571738],[127.685419,34.571737],[127.685416,34.571737],[127.685416,34.571738],[127.685417,34.571741]]]}},{"type":"Feature","properties":{"id":"26da65a0bb39fea4954ee2f48f14075e5769a900","cls":"other_debris","cid":7,"cat":4,"conf":0.606,"area":4.0,"mask":true,"color":"#696969"},"geometry":{"type":"Polygon","coordinates":[[[127.685429,34.571792],[127.685431,34.571792],[127.685432,34.571789],[127.685431,34.571786],[127.685429,34.571783],[127.685422,34.571777],[127.685421,34.571773],[127.685417,34.571773],[127.685417,34.571774],[127.685418,34.571777],[127.68542,34.571779],[127.685423,34.571784],[127.685427,34.57179],[127.685429,34.571792]]]}},{"type":"Feature","properties":{"id":"db4d90c48a629622c9316cd5fbf1133cbaa25d35","cls":"styrofoam","cid":3,"cat":2,"conf":0.556,"area":0.8,"mask":true,"color":"#FFFFFF"},"geometry":{"type":"Polygon","coordinates":[[[127.685404,34.571739],[127.685407,34.571737],[127.685407,34.571736],[127.685405,34.571734],[127.685403,34.571733],[127.685401,34.571735],[127.685404,34.571739]]]}},{"type":"Feature","properties":{"id":"5e3ab1743881f704d82b1954068bde43799eb7e2","cls":"styrofoam","cid":3,"cat":2,"conf":0.513,"area":0.6,"mask":true,"color":"#FFFFFF"},"geometry":{"type":"Polygon","coordinates":[[[127.685414,34.571765],[127.685416,34.571764],[127.685417,34.571762],[127.685415,34.571761],[127.685413,34.571761],[127.685412,34.571762],[127.685412,34.571764],[127.685414,34.571765]]]}},{"type":"Feature","properties":{"id":"7cd06fac85163125b5b33f4ce2bce7715d9f0114","cls":"styrofoam","cid":3,"cat":2,"conf":0.463,"area":0.4,"mask":true,"color":"#FFFFFF"},"geometry":{"type":"Polygon","coordinates":[[[127.685416,34.571736],[127.685418,34.571735],[127.685417,34.571734],[127.685415,34.571733],[127.685413,34.571733],[127.685414,34.571735],[127.685416,34.571736]]]}},{"type":"Feature","properties":{"id":"6f89c74e3ea81116a48a34d64c731fe1eb34291f","cls":"styrofoam","cid":3,"cat":2,"conf":0.462,"area":0.5,"mask":true,"color":"#FFFFFF"},"geometry":{"type":"Polygon","coordinates":[[[127.685414,34.571752],[127.685416,34.571752],[127.685417,34.57175],[127.685415,34.571749],[127.685413,34.57175],[127.685413,34.571751],[127.685414,34.571752]]]}},{"type":"Feature","properties":{"id":"1a4d32fedf72945f545e3d951fd1501ffea29ae5","cls":"styrofoam","cid":3,"cat":2,"conf":0.45,"area":1.1,"mask":true,"color":"#FFFFFF"},"geometry":{"type":"Polygon","coordinates":[[[127.685413,34.571746],[127.685415,34.571746],[127.685417,34.571745],[127.685416,34.571742],[127.685414,34.57174],[127.685412,34.57174],[127.685411,34.571742],[127.685412,34.571745],[127.685413,34.571746]]]}},{"type":"Feature","properties":{"id":"c5720eb59fcb34f7f3e5bda5f93f126c1345ceb2","cls":"styrofoam","cid":3,"cat":2,"conf":0.848,"area":4.2,"mask":true,"color":"#FFFFFF"},"geometry":{"type":"Polygon","coordinates":[[[127.685442,34.571786],[127.68545,34.571786],[127.685447,34.571776],[127.685442,34.571775],[127.685438,34.571776],[127.685439,34.571782],[127.685442,34.571786]]]}},{"type":"Feature","properties":{"id":"8764e668694723fd2c5db69bc6901a17c997ce0f","cls":"styrofoam","cid":3,"cat":2,"conf":0.82,"area":1.3,"mask":true,"color":"#FFFFFF"},"geometry":{"type":"Polygon","coordinates":[[[127.685447,34.571756],[127.685447,34.571754],[127.685445,34.571752],[127.68544,34.571752],[127.685439,34.571753],[127.68544,34.571754],[127.685441,34.571757],[127.685447,34.571756]]]}},{"type":"Feature","properties":{"id":"aa2b84c91c0184a3c0e3d879e599c79c4c2511b1","cls":"styrofoam","cid":3,"cat":2,"conf":0.815,"area":1.8,"mask":true,"color":"#FFFFFF"},"geometry":{"type":"Polygon","coordinates":[[[127.685478,34.571861],[127.685482,34.571861],[127.685484,34.57186],[127.685484,34.571859],[127.68548,34.571856],[127.685476,34.571855],[127.685474,34.571856],[127.685474,34.571858],[127.685475,34.57186],[127.685478,34.571861]]]}},{"type":"Feature","properties":{"id":"0b74abc782935a38cdb1c834c516820f318f1dde","cls":"styrofoam","cid":3,"cat":2,"conf":0.81,"area":1.2,"mask":true,"color":"#FFFFFF"},"geometry":{"type":"Polygon","coordinates":[[[127.685453,34.571808],[127.685457,34.571808],[127.685458,34.571806],[127.685456,34.571804],[127.685451,34.571803],[127.68545,34.571805],[127.685453,34.571808]]]}},{"type":"Feature","properties":{"id":"56093808e658a2fba5b48c2a241fd0f3679fa0db","cls":"styrofoam","cid":3,"cat":2,"conf":0.8,"area":1.2,"mask":true,"color":"#FFFFFF"},"geometry":{"type":"Polygon","coordinates":[[[127.685436,34.571753],[127.685439,34.571752],[127.685441,34.571749],[127.685435,34.571747],[127.685433,34.571749],[127.685436,34.571753]]]}},{"type":"Feature","properties":{"id":"780d5413e3539b5514ae4bbd2706d690aec4262e","cls":"styrofoam","cid":3,"cat":2,"conf":0.786,"area":2.4,"mask":false,"color":"#FFFFFF"},"geometry":{"type":"Polygon","coordinates":[[[127.685476,34.571827],[127.685468,34.571827],[127.685468,34.571834],[127.685476,34.571834],[127.685476,34.571827]]]}},{"type":"Feature","properties":{"id":"491f3987129048d646115480ec3ca2d1622d4a7a","cls":"styrofoam","cid":3,"cat":2,"conf":0.778,"area":1.5,"mask":true,"color":"#FFFFFF"},"geometry":{"type":"Polygon","coordinates":[[[127.685458,34.571777],[127.685462,34.571776],[127.685461,34.57177],[127.68546,34.571769],[127.685457,34.57177],[127.685456,34.571775],[127.685458,34.571777]]]}},{"type":"Feature","properties":{"id":"68f417a035ccda4c94ded7711b2dde5dcffc5d4d","cls":"styrofoam","cid":3,"cat":2,"conf":0.679,"area":1.4,"mask":true,"color":"#FFFFFF"},"geometry":{"type":"Polygon","coordinates":[[[127.685467,34.571851],[127.685471,34.57185],[127.685469,34.571847],[127.685465,34.571846],[127.685462,34.571847],[127.685462,34.571849],[127.685464,34.571851],[127.685467,34.571851]]]}},{"type":"Feature","properties":{"id":"71a1dfc976ca8f3afadc4fea219003eb490761cc","cls":"styrofoam","cid":3,"cat":2,"conf":0.635,"area":0.8,"mask":true,"color":"#FFFFFF"},"geometry":{"type":"Polygon","coordinates":[[[127.685575,34.571745],[127.685579,34.571743],[127.68558,34.571742],[127.685579,34.571741],[127.685576,34.571741],[127.685574,34.571741],[127.685574,34.571743],[127.685575,34.571745]]]}},{"type":"Feature","properties":{"id":"96533a41c2daad2bbb96f501b3df3e49348e0853","cls":"styrofoam","cid":3,"cat":2,"conf":0.557,"area":1.8,"mask":true,"color":"#FFFFFF"},"geometry":{"type":"Polygon","coordinates":[[[127.68543,34.571816],[127.685436,34.571815],[127.685434,34.571813],[127.685435,34.571811],[127.68543,34.571805],[127.685431,34.571803],[127.68543,34.571802],[127.685429,34.571802],[127.68543,34.571816]]]}},{"type":"Feature","properties":{"id":"e666e194baf136594efdeb7cff07aa9903e495fe","cls":"styrofoam","cid":3,"cat":2,"conf":0.453,"area":0.3,"mask":true,"color":"#FFFFFF"},"geometry":{"type":"Polygon","coordinates":[[[127.685591,34.571769],[127.685591,34.571764],[127.685588,34.571766],[127.685591,34.571769]]]}},{"type":"Feature","properties":{"id":"f2184497b92ffef2a98165e0a9861ca2bb9ad5b8","cls":"styrofoam","cid":3,"cat":2,"conf":0.854,"area":3.1,"mask":true,"color":"#FFFFFF"},"geometry":{"type":"Polygon","coordinates":[[[127.685395,34.571739],[127.6854,34.571737],[127.6854,34.571735],[127.685395,34.571729],[127.685393,34.571728],[127.685391,34.571728],[127.685388,34.571729],[127.685388,34.571731],[127.685395,34.571739]]]}},{"type":"Feature","properties":{"id":"0e90d17ac2b1518cfb644a8e15cad57e913cc633","cls":"styrofoam","cid":3,"cat":2,"conf":0.834,"area":3.0,"mask":true,"color":"#FFFFFF"},"geometry":{"type":"Polygon","coordinates":[[[127.685424,34.571705],[127.685425,34.571705],[127.685427,34.571702],[127.685427,34.5717],[127.685422,34.571696],[127.685417,34.571695],[127.685415,34.571698],[127.685415,34.571699],[127.685424,34.571705]]]}},{"type":"Feature","properties":{"id":"f32cc5a9c6a65540d2a30659606b7066acf1d9e0","cls":"styrofoam","cid":3,"cat":2,"conf":0.785,"area":1.1,"mask":true,"color":"#FFFFFF"},"geometry":{"type":"Polygon","coordinates":[[[127.685409,34.571701],[127.685411,34.571701],[127.68541,34.571697],[127.685408,34.571696],[127.685405,34.571696],[127.685404,34.571698],[127.685409,34.571701]]]}},{"type":"Feature","properties":{"id":"228450db668c1414b4b9963e3d170df3f12a068d","cls":"styrofoam","cid":3,"cat":2,"conf":0.746,"area":2.5,"mask":true,"color":"#FFFFFF"},"geometry":{"type":"Polygon","coordinates":[[[127.685432,34.571729],[127.685436,34.571728],[127.685437,34.571727],[127.685436,34.571722],[127.685429,34.571721],[127.685426,34.571722],[127.685425,34.571724],[127.685429,34.571725],[127.685431,34.571727],[127.685432,34.571729]]]}},{"type":"Feature","properties":{"id":"3a5d9c0fdc6059517728e726e935b982a9af081f","cls":"styrofoam","cid":3,"cat":2,"conf":0.745,"area":1.1,"mask":true,"color":"#FFFFFF"},"geometry":{"type":"Polygon","coordinates":[[[127.685385,34.571728],[127.685388,34.571727],[127.685388,34.571726],[127.685387,34.571724],[127.685386,34.571722],[127.685384,34.571722],[127.685383,34.571723],[127.685383,34.571725],[127.685384,34.571727],[127.685385,34.571728]]]}},{"type":"Feature","properties":{"id":"80892dbc2a6ad87736b7a58262a55b413cde679b","cls":"styrofoam","cid":3,"cat":2,"conf":0.705,"area":0.7,"mask":true,"color":"#FFFFFF"},"geometry":{"type":"Polygon","coordinates":[[[127.685408,34.571736],[127.685411,34.571735],[127.685411,34.571734],[127.68541,34.571732],[127.685408,34.571732],[127.685406,34.571734],[127.685407,34.571735],[127.685408,34.571736]]]}},{"type":"Feature","properties":{"id":"8e3414972def966f9eec4543b97cc5f7c3e21ff3","cls":"styrofoam","cid":3,"cat":2,"conf":0.702,"area":3.2,"mask":true,"color":"#FFFFFF"},"geometry":{"type":"Polygon","coordinates":[[[127.685381,34.57171],[127.685387,34.571709],[127.685386,34.5717],[127.685385,34.571699],[127.685381,34.571699],[127.685379,34.5717],[127.685379,34.571708],[127.685381,34.57171]]]}},{"type":"Feature","properties":{"id":"c122b4026e3fca2f1e640b5055366af9057613f2","cls":"styrofoam","cid":3,"cat":2,"conf":0.55,"area":1.3,"mask":true,"color":"#FFFFFF"},"geometry":{"type":"Polygon","coordinates":[[[127.685407,34.571731],[127.685408,34.571728],[127.685408,34.571724],[127.685406,34.571725],[127.685403,34.571725],[127.685403,34.57173],[127.685407,34.571731]]]}},{"type":"Feature","properties":{"id":"113c13dd02170954645831579379728d81ef023f","cls":"styrofoam","cid":3,"cat":2,"conf":0.534,"area":1.4,"mask":true,"color":"#FFFFFF"},"geometry":{"type":"Polygon","coordinates":[[[127.685411,34.571697],[127.685413,34.571696],[127.685413,34.571693],[127.685411,34.571692],[127.685406,34.571692],[127.685405,34.571692],[127.685405,34.571695],[127.685411,34.571697]]]}},{"type":"Feature","properties":{"id":"357f138b3421668f37546cd3e388830943b4af2f","cls":"styrofoam","cid":3,"cat":2,"conf":0.479,"area":0.5,"mask":true,"color":"#FFFFFF"},"geometry":{"type":"Polygon","coordinates":[[[127.685397,34.57173],[127.6854,34.571728],[127.6854,34.571727],[127.685398,34.571726],[127.685396,34.571726],[127.685395,34.571728],[127.685397,34.57173]]]}},{"type":"Feature","properties":{"id":"3aead7642326c867f7cf8fc00e4bf0ee1d108e5c","cls":"styrofoam","cid":3,"cat":2,"conf":0.467,"area":0.8,"mask":true,"color":"#FFFFFF"},"geometry":{"type":"Polygon","coordinates":[[[127.685404,34.571739],[127.685407,34.571738],[127.685407,34.571736],[127.685406,34.571734],[127.685403,34.571734],[127.685401,34.571735],[127.685404,34.571739]]]}},{"type":"Feature","properties":{"id":"885a22d3514ec2d29834fb4e72a680bb7a09af55","cls":"styrofoam","cid":3,"cat":2,"conf":0.403,"area":0.3,"mask":true,"color":"#FFFFFF"},"geometry":{"type":"Polygon","coordinates":[[[127.685404,34.571734],[127.685406,34.571733],[127.685406,34.571731],[127.685403,34.571731],[127.685403,34.571733],[127.685404,34.571734]]]}},{"type":"Feature","properties":{"id":"2d4136b10b7c5fcd6da12412ab74b81e48c50fe2","cls":"styrofoam","cid":3,"cat":2,"conf":0.797,"area":2.1,"mask":true,"color":"#FFFFFF"},"geometry":{"type":"Polygon","coordinates":[[[127.685432,34.571729],[127.685437,34.571727],[127.685436,34.571722],[127.685429,34.571721],[127.685429,34.571726],[127.685432,34.571729]]]}},{"type":"Feature","properties":{"id":"0478b32773ba8245a19bb7b66222c86ba54cb13a","cls":"styrofoam","cid":3,"cat":2,"conf":0.582,"area":0.4,"mask":true,"color":"#FFFFFF"},"geometry":{"type":"Polygon","coordinates":[[[127.685542,34.571712],[127.685545,34.571711],[127.685543,34.571709],[127.685541,34.571709],[127.685541,34.57171],[127.68554,34.571711],[127.685542,34.571712]]]}},{"type":"Feature","properties":{"id":"36016c72de99f662601d1394b54813f101642e2d","cls":"styrofoam","cid":3,"cat":2,"conf":0.566,"area":0.8,"mask":true,"color":"#FFFFFF"},"geometry":{"type":"Polygon","coordinates":[[[127.685535,34.571717],[127.685539,34.571716],[127.68554,34.571716],[127.68554,34.571713],[127.685534,34.571713],[127.685535,34.571714],[127.685533,34.571716],[127.685535,34.571717]]]}},{"type":"Feature","properties":{"id":"5cb130f642be0df5dc1456a662bf0de9b1eb5817","cls":"styrofoam","cid":3,"cat":2,"conf":0.43,"area":0.3,"mask":true,"color":"#FFFFFF"},"geometry":{"type":"Polygon","coordinates":[[[127.685573,34.571742],[127.68558,34.571742],[127.685579,34.571741],[127.685576,34.57174],[127.685573,34.571742]]]}},{"type":"Feature","properties":{"id":"ed23f1fe860f4d9fbb8d4763aa80910a918172eb","cls":"styrofoam","cid":3,"cat":2,"conf":0.51,"area":0.6,"mask":true,"color":"#FFFFFF"},"geometry":{"type":"Polygon","coordinates":[[[127.684659,34.573389],[127.684661,34.573389],[127.684663,34.573387],[127.684661,34.573384],[127.68466,34.573384],[127.684658,34.573387],[127.684659,34.573389]]]}},{"type":"Feature","properties":{"id":"cd1fc6c501f6085e4fc21fd97025b48420360f8e","cls":"styrofoam","cid":3,"cat":2,"conf":0.532,"area":1.4,"mask":true,"color":"#FFFFFF"},"geometry":{"type":"Polygon","coordinates":[[[127.684991,34.573328],[127.684992,34.573327],[127.684993,34.573326],[127.684993,34.573323],[127.684992,34.573321],[127.68499,34.573321],[127.684989,34.573322],[127.684986,34.573322],[127.684986,34.573324],[127.684988,34.573325],[127.684991,34.573328]]]}},{"type":"Feature","properties":{"id":"17308417c6856b7e37ad3d84d6df5fe0b9eece6a","cls":"styrofoam","cid":3,"cat":2,"conf":0.655,"area":1.2,"mask":true,"color":"#FFFFFF"},"geometry":{"type":"Polygon","coordinates":[[[127.685215,34.573272],[127.685217,34.573271],[127.68522,34.573267],[127.68521,34.573267],[127.68521,34.573269],[127.685215,34.573272]]]}},{"type":"Feature","properties":{"id":"d618c929747f1480ef1d941d29a1f5e2e7f1c69c","cls":"styrofoam","cid":3,"cat":2,"conf":0.677,"area":4.8,"mask":true,"color":"#FFFFFF"},"geometry":{"type":"Polygon","coordinates":[[[127.685309,34.573279],[127.685313,34.573279],[127.685316,34.573278],[127.685318,34.573274],[127.685318,34.573272],[127.685319,34.573271],[127.685319,34.573269],[127.685317,34.573267],[127.685312,34.573267],[127.685306,34.573272],[127.685306,34.573276],[127.685309,34.573279]]]}},{"type":"Feature","properties":{"id":"a924ce7f5c2b873cc0b9913223f2d6e8ae44df90","cls":"styrofoam","cid":3,"cat":2,"conf":0.619,"area":1.2,"mask":true,"color":"#FFFFFF"},"geometry":{"type":"Polygon","coordinates":[[[127.6853,34.573272],[127.685302,34.573272],[127.685306,34.573267],[127.685299,34.573267],[127.685298,34.573268],[127.685297,34.57327],[127.6853,34.573272]]]}},{"type":"Feature","properties":{"id":"de478847cb1ced17dfb5856161bb643add70d045","cls":"buoy_blue","cid":1,"cat":1,"conf":0.59,"area":2.7,"mask":true,"color":"#0066CC"},"geometry":{"type":"Polygon","coordinates":[[[127.685282,34.573312],[127.685285,34.573311],[127.685287,34.573309],[127.685285,34.573306],[127.685282,34.573303],[127.685277,34.573305],[127.685275,34.573307],[127.685275,34.573309],[127.685279,34.57331],[127.685282,34.573312]]]}},{"type":"Feature","properties":{"id":"96fa95c10f03fef80c94ae8328de6846e154d0bf","cls":"styrofoam","cid":3,"cat":2,"conf":0.781,"area":2.6,"mask":true,"color":"#FFFFFF"},"geometry":{"type":"Polygon","coordinates":[[[127.685571,34.573273],[127.685578,34.57327],[127.685578,34.573265],[127.685571,34.573265],[127.685569,34.573268],[127.685565,34.573269],[127.685567,34.573271],[127.68557,34.57327],[127.685571,34.573273]]]}},{"type":"Feature","properties":{"id":"e5500e98eb50c635a8d95d99a0ed4080a7b4260a","cls":"styrofoam","cid":3,"cat":2,"conf":0.742,"area":3.3,"mask":true,"color":"#FFFFFF"},"geometry":{"type":"Polygon","coordinates":[[[127.685521,34.573276],[127.685528,34.573273],[127.685531,34.573271],[127.685531,34.573269],[127.685528,34.573266],[127.685525,34.573266],[127.685518,34.573271],[127.685518,34.573273],[127.685521,34.573276]]]}},{"type":"Feature","properties":{"id":"786472b8a7e967ad356ba5d8ada5291932ae7853","cls":"styrofoam","cid":3,"cat":2,"conf":0.707,"area":1.5,"mask":true,"color":"#FFFFFF"},"geometry":{"type":"Polygon","coordinates":[[[127.685454,34.573276],[127.68546,34.573275],[127.685461,34.573274],[127.685461,34.573272],[127.685459,34.573271],[127.685455,34.573271],[127.685453,34.573274],[127.685454,34.573276]]]}},{"type":"Feature","properties":{"id":"fd34d7018f836fe25aa057b4db45c2d806cd1bb9","cls":"styrofoam","cid":3,"cat":2,"conf":0.585,"area":2.0,"mask":true,"color":"#FFFFFF"},"geometry":{"type":"Polygon","coordinates":[[[127.685514,34.573272],[127.685517,34.573272],[127.685519,34.573269],[127.685524,34.573266],[127.685512,34.573266],[127.685513,34.573268],[127.685511,34.57327],[127.685514,34.573272]]]}},{"type":"Feature","properties":{"id":"8363bf0037dd4fb4ad59b7b2c731418d550e9ac0","cls":"styrofoam","cid":3,"cat":2,"conf":0.426,"area":0.3,"mask":true,"color":"#FFFFFF"},"geometry":{"type":"Polygon","coordinates":[[[127.685471,34.573268],[127.685474,34.573267],[127.685474,34.573266],[127.685468,34.573266],[127.685471,34.573268]]]}},{"type":"Feature","properties":{"id":"b162deef1b47bec2a024e1bc3ccd02a1ce6e2b05","cls":"styrofoam","cid":3,"cat":2,"conf":0.64,"area":5.5,"mask":true,"color":"#FFFFFF"},"geometry":{"type":"Polygon","coordinates":[[[127.685573,34.573273],[127.685583,34.573268],[127.685584,34.573267],[127.685583,34.573265],[127.685563,34.573266],[127.685562,34.573274],[127.685573,34.573273]]]}},{"type":"Feature","properties":{"id":"cdd4c02ac35610bc4246dc21ff8408c2ed5c12ab","cls":"styrofoam","cid":3,"cat":2,"conf":0.755,"area":3.8,"mask":true,"color":"#FFFFFF"},"geometry":{"type":"Polygon","coordinates":[[[127.684913,34.573212],[127.684915,34.573212],[127.684919,34.573207],[127.684919,34.573206],[127.684918,34.573204],[127.684911,34.573201],[127.684906,34.573201],[127.684905,34.573203],[127.684905,34.573205],[127.684911,34.573208],[127.684911,34.573211],[127.684913,34.573212]]]}},{"type":"Feature","properties":{"id":"234bb0a597f97008fedd301a1052d88fa7c70267","cls":"styrofoam","cid":3,"cat":2,"conf":0.753,"area":5.8,"mask":true,"color":"#FFFFFF"},"geometry":{"type":"Polygon","coordinates":[[[127.684876,34.573207],[127.684879,34.573206],[127.684882,34.573204],[127.684884,34.573204],[127.684886,34.5732],[127.684884,34.573198],[127.684874,34.573195],[127.684872,34.573199],[127.684869,34.5732],[127.684868,34.5732],[127.684868,34.573204],[127.68487,34.573206],[127.684876,34.573207]]]}},{"type":"Feature","properties":{"id":"5048207bfde3e89bc922f56ae2fc7f16ceaf23ea","cls":"styrofoam","cid":3,"cat":2,"conf":0.691,"area":1.0,"mask":true,"color":"#FFFFFF"},"geometry":{"type":"Polygon","coordinates":[[[127.684987,34.573203],[127.684989,34.573202],[127.684989,34.573199],[127.684988,34.573198],[127.684985,34.573197],[127.684984,34.573201],[127.684987,34.573203]]]}},{"type":"Feature","properties":{"id":"1b5b6c391d986309c97a74332b71e82afaffe4ef","cls":"rope","cid":5,"cat":3,"conf":0.138,"area":8.0,"mask":true,"color":"#8B008B"},"geometry":{"type":"Polygon","coordinates":[[[127.684976,34.57321],[127.684979,34.573207],[127.68498,34.573202],[127.68498,34.5732],[127.684979,34.573197],[127.684975,34.573194],[127.68497,34.573191],[127.684969,34.573191],[127.684966,34.573194],[127.684965,34.573203],[127.684967,34.573205],[127.684967,34.573207],[127.684969,34.573208],[127.684975,34.573208],[127.684977,34.573209],[127.684976,34.57321]]]}},{"type":"Feature","properties":{"id":"6c76af0a3640a3434433283bca8de06a124fcb2d","cls":"styrofoam","cid":3,"cat":2,"conf":0.619,"area":1.0,"mask":true,"color":"#FFFFFF"},"geometry":{"type":"Polygon","coordinates":[[[127.684987,34.573203],[127.684989,34.573203],[127.684989,34.573199],[127.684987,34.573197],[127.684985,34.573197],[127.684984,34.573199],[127.684984,34.573201],[127.684987,34.573203]]]}},{"type":"Feature","properties":{"id":"53f624ad1a10c0bd8e8cde43cea0fd2aeec20044","cls":"styrofoam","cid":3,"cat":2,"conf":0.844,"area":3.4,"mask":true,"color":"#FFFFFF"},"geometry":{"type":"Polygon","coordinates":[[[127.685211,34.573253],[127.685216,34.573253],[127.685218,34.573252],[127.685219,34.573244],[127.685218,34.573242],[127.685215,34.573242],[127.685212,34.573242],[127.685211,34.573243],[127.68521,34.573252],[127.685211,34.573253]]]}},{"type":"Feature","properties":{"id":"ad42ab39e697f5dc7df8e665617df5aa4f0af2f2","cls":"styrofoam","cid":3,"cat":2,"conf":0.834,"area":2.5,"mask":true,"color":"#FFFFFF"},"geometry":{"type":"Polygon","coordinates":[[[127.685284,34.573221],[127.685287,34.57322],[127.685287,34.57321],[127.685284,34.57321],[127.685282,34.573211],[127.68528,34.573219],[127.685284,34.573221]]]}},{"type":"Feature","properties":{"id":"068729156645a2b020b1be06834886575de329d8","cls":"styrofoam","cid":3,"cat":2,"conf":0.819,"area":3.3,"mask":true,"color":"#FFFFFF"},"geometry":{"type":"Polygon","coordinates":[[[127.685215,34.573272],[127.685217,34.57327],[127.685223,34.573264],[127.685221,34.573262],[127.685218,34.573261],[127.685217,34.573261],[127.685212,34.573265],[127.68521,34.573268],[127.68521,34.573269],[127.685215,34.573272]]]}},{"type":"Feature","properties":{"id":"413e8f549b580f6f00c99c11e8d904b24e56e57e","cls":"styrofoam","cid":3,"cat":2,"conf":0.819,"area":3.6,"mask":true,"color":"#FFFFFF"},"geometry":{"type":"Polygon","coordinates":[[[127.685226,34.573261],[127.685227,34.57326],[127.685231,34.573257],[127.685236,34.573252],[127.685235,34.57325],[127.685232,34.573249],[127.68523,34.573249],[127.685222,34.573256],[127.685222,34.573258],[127.685226,34.573261]]]}},{"type":"Feature","properties":{"id":"9095801668ea68de1e0a0a1755a502b7c7f16f30","cls":"styrofoam","cid":3,"cat":2,"conf":0.802,"area":7.2,"mask":true,"color":"#FFFFFF"},"geometry":{"type":"Polygon","coordinates":[[[127.685254,34.573197],[127.685257,34.573197],[127.685265,34.573187],[127.685265,34.573187],[127.685262,34.573186],[127.685259,34.573183],[127.685256,34.573182],[127.685253,34.573183],[127.685245,34.573192],[127.685251,34.573196],[127.685254,34.573197]]]}},{"type":"Feature","properties":{"id":"cd4742fd0bd75d2cb4e6ac1eb35c2742f0844b90","cls":"styrofoam","cid":3,"cat":2,"conf":0.74,"area":5.0,"mask":true,"color":"#FFFFFF"},"geometry":{"type":"Polygon","coordinates":[[[127.685273,34.573263],[127.685277,34.573262],[127.685278,34.573261],[127.685278,34.573256],[127.685276,34.573252],[127.685275,34.573251],[127.685271,34.573251],[127.685268,34.573249],[127.685265,34.573249],[127.685264,34.57325],[127.685264,34.573254],[127.68527,34.573259],[127.685273,34.573263]]]}},{"type":"Feature","properties":{"id":"c7bf0afe4236c2f9b25cb3d6cf399bbf77d843b3","cls":"styrofoam","cid":3,"cat":2,"conf":0.724,"area":3.1,"mask":true,"color":"#FFFFFF"},"geometry":{"type":"Polygon","coordinates":[[[127.685274,34.573235],[127.685279,34.573234],[127.68528,34.573234],[127.68528,34.573229],[127.685278,34.573223],[127.685272,34.573224],[127.685273,34.573233],[127.685274,34.573235]]]}},{"type":"Feature","properties":{"id":"e4efedacc067171a4cdd563d7bdd9b8d0e1d2c3d","cls":"styrofoam","cid":3,"cat":2,"conf":0.577,"area":1.9,"mask":true,"color":"#FFFFFF"},"geometry":{"type":"Polygon","coordinates":[[[127.685287,34.573228],[127.685287,34.573222],[127.685281,34.573221],[127.68528,34.573223],[127.685279,34.573227],[127.685287,34.573228]]]}},{"type":"Feature","properties":{"id":"ff3350bb35af35b4f1c45ec533f1d83560a0ffc1","cls":"styrofoam","cid":3,"cat":2,"conf":0.559,"area":1.6,"mask":true,"color":"#FFFFFF"},"geometry":{"type":"Polygon","coordinates":[[[127.685256,34.573232],[127.685259,34.573231],[127.68526,34.573229],[127.685258,34.573225],[127.685254,34.573225],[127.685253,34.573226],[127.685253,34.573228],[127.685254,34.573231],[127.685256,34.573232]]]}},{"type":"Feature","properties":{"id":"5d529b64347f1318fd2bc6676030ed18d42f4218","cls":"styrofoam","cid":3,"cat":2,"conf":0.842,"area":2.9,"mask":true,"color":"#FFFFFF"},"geometry":{"type":"Polygon","coordinates":[[[127.685284,34.573221],[127.685287,34.573219],[127.685289,34.573211],[127.685283,34.57321],[127.685282,34.573211],[127.68528,34.573219],[127.685284,34.573221]]]}},{"type":"Feature","properties":{"id":"91877bf337a8d1f56bea0d93cee073c005877827","cls":"styrofoam","cid":3,"cat":2,"conf":0.808,"area":5.1,"mask":true,"color":"#FFFFFF"},"geometry":{"type":"Polygon","coordinates":[[[127.685309,34.573279],[127.685313,34.573279],[127.685315,34.573278],[127.685318,34.573274],[127.685318,34.573269],[127.685316,34.573265],[127.68531,34.573268],[127.685306,34.573273],[127.685306,34.573277],[127.685309,34.573279]]]}},{"type":"Feature","properties":{"id":"676050e024371d4adfd83f2b5456edc24d9e68d7","cls":"styrofoam","cid":3,"cat":2,"conf":0.797,"area":2.4,"mask":true,"color":"#FFFFFF"},"geometry":{"type":"Polygon","coordinates":[[[127.6853,34.573272],[127.685302,34.573271],[127.685306,34.573266],[127.685308,34.573265],[127.685308,34.573264],[127.685305,34.573262],[127.685303,34.573262],[127.685297,34.573269],[127.685298,34.573271],[127.6853,34.573272]]]}},{"type":"Feature","properties":{"id":"116362f3bbc11e68d0f2f8ebe45d94852cbb0371","cls":"styrofoam","cid":3,"cat":2,"conf":0.755,"area":3.4,"mask":true,"color":"#FFFFFF"},"geometry":{"type":"Polygon","coordinates":[[[127.685333,34.573231],[127.685334,34.573231],[127.685334,34.573228],[127.685335,34.573223],[127.685336,34.573219],[127.685334,34.573218],[127.685331,34.573218],[127.685328,34.57322],[127.685328,34.573228],[127.685328,34.57323],[127.685333,34.573231]]]}},{"type":"Feature","properties":{"id":"ce77169c489384927d6ea1594886d665a26d4e1c","cls":"styrofoam","cid":3,"cat":2,"conf":0.698,"area":3.1,"mask":true,"color":"#FFFFFF"},"geometry":{"type":"Polygon","coordinates":[[[127.685274,34.573235],[127.68528,34.573234],[127.68528,34.573229],[127.685278,34.573223],[127.685272,34.573224],[127.685273,34.573233],[127.685274,34.573235]]]}},{"type":"Feature","properties":{"id":"83ba680102b957f3f9673be9528355a86890560c","cls":"styrofoam","cid":3,"cat":2,"conf":0.658,"area":2.9,"mask":true,"color":"#FFFFFF"},"geometry":{"type":"Polygon","coordinates":[[[127.685273,34.573263],[127.685278,34.573261],[127.685278,34.573256],[127.685275,34.573251],[127.685271,34.573251],[127.685271,34.573261],[127.685273,34.573263]]]}},{"type":"Feature","properties":{"id":"1a29cfce00619d86f3789b7d2e56cda3b32618d0","cls":"styrofoam","cid":3,"cat":2,"conf":0.828,"area":3.4,"mask":true,"color":"#FFFFFF"},"geometry":{"type":"Polygon","coordinates":[[[127.685513,34.573271],[127.685517,34.57327],[127.685525,34.573265],[127.685525,34.573264],[127.685522,34.57326],[127.68552,34.57326],[127.685512,34.573266],[127.685513,34.573269],[127.685514,34.57327],[127.685512,34.57327],[127.685513,34.573271]]]}},{"type":"Feature","properties":{"id":"0813fd29166388a2228c9e2f7aec3ecb2cfe0174","cls":"styrofoam","cid":3,"cat":2,"conf":0.826,"area":3.2,"mask":true,"color":"#FFFFFF"},"geometry":{"type":"Polygon","coordinates":[[[127.68547,34.573268],[127.685471,34.573268],[127.685474,34.573266],[127.685476,34.573264],[127.685475,34.573263],[127.685469,34.573258],[127.685467,34.573258],[127.685464,34.573257],[127.685462,34.573261],[127.68547,34.573268]]]}},{"type":"Feature","properties":{"id":"2a9590e0984cf7a60ccad6382fe6703d36bae4cf","cls":"styrofoam","cid":3,"cat":2,"conf":0.823,"area":3.3,"mask":true,"color":"#FFFFFF"},"geometry":{"type":"Polygon","coordinates":[[[127.685521,34.573171],[127.685532,34.573167],[127.685532,34.573165],[127.68553,34.573162],[127.685525,34.573163],[127.685518,34.573166],[127.685519,34.57317],[127.685521,34.573171]]]}},{"type":"Feature","properties":{"id":"a0923b9074ec2dd9152ae321656bbaf77f9dc3c3","cls":"buoy_blue","cid":1,"cat":1,"conf":0.81,"area":2.9,"mask":true,"color":"#0066CC"},"geometry":{"type":"Polygon","coordinates":[[[127.685477,34.57321],[127.68548,34.573209],[127.685485,34.573205],[127.685484,34.573203],[127.685482,34.5732],[127.685477,34.573202],[127.685474,34.573205],[127.685474,34.573207],[127.685477,34.57321]]]}},{"type":"Feature","properties":{"id":"1da8b31aedd438ca7f3edd3684dfc7d352386d4e","cls":"styrofoam","cid":3,"cat":2,"conf":0.794,"area":3.2,"mask":true,"color":"#FFFFFF"},"geometry":{"type":"Polygon","coordinates":[[[127.685513,34.573256],[127.685518,34.573256],[127.685519,34.573253],[127.685519,34.573251],[127.685506,34.573248],[127.685505,34.573252],[127.685505,34.573255],[127.685508,34.573255],[127.685513,34.573256]]]}},{"type":"Feature","properties":{"id":"409097f565d6f9965d63292991577e9c92ec8940","cls":"styrofoam","cid":3,"cat":2,"conf":0.783,"area":7.0,"mask":true,"color":"#FFFFFF"},"geometry":{"type":"Polygon","coordinates":[[[127.68549,34.573232],[127.685496,34.573231],[127.685498,34.573229],[127.685497,34.573226],[127.685483,34.573217],[127.685481,34.573217],[127.685476,34.573221],[127.685476,34.573223],[127.685486,34.57323],[127.68549,34.573232]]]}},{"type":"Feature","properties":{"id":"03cabe08bd8e319869eb82cc004135d333c30882","cls":"styrofoam","cid":3,"cat":2,"conf":0.779,"area":0.9,"mask":true,"color":"#FFFFFF"},"geometry":{"type":"Polygon","coordinates":[[[127.685564,34.573197],[127.685569,34.573196],[127.685569,34.573194],[127.685568,34.573193],[127.685566,34.573193],[127.685562,34.573194],[127.685562,34.573196],[127.685564,34.573197]]]}},{"type":"Feature","properties":{"id":"086df6d16601ff85b3baea419a4e527fab658085","cls":"styrofoam","cid":3,"cat":2,"conf":0.778,"area":6.3,"mask":true,"color":"#FFFFFF"},"geometry":{"type":"Polygon","coordinates":[[[127.685573,34.573272],[127.685578,34.57327],[127.685578,34.573257],[127.685576,34.573256],[127.685573,34.573257],[127.685567,34.573262],[127.685568,34.573262],[127.685565,34.573266],[127.685568,34.573267],[127.685565,34.573268],[127.685567,34.573271],[127.685568,34.573271],[127.68557,34.57327],[127.68557,34.573272],[127.685571,34.573271],[127.685573,34.573272]]]}},{"type":"Feature","properties":{"id":"a24851e6a629fcc572f2ebc5fb50c9bbdd687e9a","cls":"styrofoam","cid":3,"cat":2,"conf":0.771,"area":3.4,"mask":true,"color":"#FFFFFF"},"geometry":{"type":"Polygon","coordinates":[[[127.685521,34.573276],[127.685528,34.573273],[127.685531,34.57327],[127.685531,34.573268],[127.685527,34.573265],[127.685526,34.573266],[127.685518,34.573271],[127.685518,34.573273],[127.685521,34.573276]]]}},{"type":"Feature","properties":{"id":"9756334648cce0d8b73bff307ab1637897012abf","cls":"styrofoam","cid":3,"cat":2,"conf":0.756,"area":5.2,"mask":true,"color":"#FFFFFF"},"geometry":{"type":"Polygon","coordinates":[[[127.685553,34.57319],[127.685561,34.573189],[127.685562,34.573189],[127.685561,34.573182],[127.685556,34.573179],[127.685549,34.573181],[127.685548,34.573184],[127.685546,34.573186],[127.685549,34.573189],[127.685553,34.57319]]]}},{"type":"Feature","properties":{"id":"f0ba021929c703c80f9cf1da360b523cf44136a2","cls":"styrofoam","cid":3,"cat":2,"conf":0.724,"area":3.4,"mask":true,"color":"#FFFFFF"},"geometry":{"type":"Polygon","coordinates":[[[127.685482,34.573243],[127.685486,34.573241],[127.68549,34.57324],[127.685493,34.573238],[127.685491,34.573233],[127.685489,34.573233],[127.685479,34.573238],[127.685479,34.57324],[127.685482,34.573243]]]}},{"type":"Feature","properties":{"id":"ca1c9e33f4e2d9c784cca9fa7954d0aa72262697","cls":"styrofoam","cid":3,"cat":2,"conf":0.72,"area":0.8,"mask":true,"color":"#FFFFFF"},"geometry":{"type":"Polygon","coordinates":[[[127.685557,34.573199],[127.685561,34.573197],[127.685561,34.573195],[127.685556,34.573195],[127.685555,34.573195],[127.685555,34.573198],[127.685557,34.573199]]]}},{"type":"Feature","properties":{"id":"e151ed5f567c60729fd3a58f2309354bf2178871","cls":"styrofoam","cid":3,"cat":2,"conf":0.718,"area":1.1,"mask":true,"color":"#FFFFFF"},"geometry":{"type":"Polygon","coordinates":[[[127.685455,34.573276],[127.685459,34.573275],[127.685459,34.573271],[127.685456,34.57327],[127.685454,34.573271],[127.685453,34.573274],[127.685455,34.573276]]]}},{"type":"Feature","properties":{"id":"acca42d58fe0eb14965f2022d4474b027b515460","cls":"styrofoam","cid":3,"cat":2,"conf":0.682,"area":3.9,"mask":true,"color":"#FFFFFF"},"geometry":{"type":"Polygon","coordinates":[[[127.685507,34.573177],[127.685514,34.573176],[127.685519,34.573174],[127.685519,34.573173],[127.685515,34.573168],[127.685508,34.57317],[127.685505,34.573172],[127.685504,34.573174],[127.685505,34.573176],[127.685507,34.573177]]]}},{"type":"Feature","properties":{"id":"dc0459a3a3152ca7bd1eafdda8c5b0daee0f2f92","cls":"styrofoam","cid":3,"cat":2,"conf":0.677,"area":3.0,"mask":true,"color":"#FFFFFF"},"geometry":{"type":"Polygon","coordinates":[[[127.685512,34.573245],[127.685514,34.573243],[127.685515,34.573241],[127.685512,34.573234],[127.685507,34.573236],[127.685504,34.573236],[127.685504,34.573237],[127.685506,34.573241],[127.685512,34.573245]]]}},{"type":"Feature","properties":{"id":"7261f039370706649dd52feca79c84ae95a3816f","cls":"styrofoam","cid":3,"cat":2,"conf":0.655,"area":1.0,"mask":true,"color":"#FFFFFF"},"geometry":{"type":"Polygon","coordinates":[[[127.685431,34.573263],[127.685435,34.573263],[127.685437,34.573261],[127.685435,34.573259],[127.685431,34.57326],[127.685429,34.573261],[127.685431,34.573263]]]}},{"type":"Feature","properties":{"id":"2d5356a0b802e6ad9f570e7de8de13842dc64c11","cls":"styrofoam","cid":3,"cat":2,"conf":0.569,"area":8.0,"mask":true,"color":"#FFFFFF"},"geometry":{"type":"Polygon","coordinates":[[[127.685556,34.573266],[127.685559,34.573265],[127.685578,34.573252],[127.685578,34.573246],[127.685577,34.573246],[127.685575,34.573246],[127.685569,34.573251],[127.685561,34.573255],[127.685552,34.573262],[127.685552,34.573263],[127.685556,34.573266]]]}},{"type":"Feature","properties":{"id":"73c6f92cfea0366dad11c4d9a82e08832b9a6428","cls":"styrofoam","cid":3,"cat":2,"conf":0.541,"area":3.8,"mask":true,"color":"#FFFFFF"},"geometry":{"type":"Polygon","coordinates":[[[127.685492,34.573277],[127.685494,34.573276],[127.685497,34.573272],[127.685498,34.573266],[127.685495,34.573265],[127.685491,34.573264],[127.685489,34.573266],[127.685488,34.573275],[127.685492,34.573277]]]}},{"type":"Feature","properties":{"id":"a913926b31e4faef7e69dc2cf3039784eecbdfb2","cls":"styrofoam","cid":3,"cat":2,"conf":0.538,"area":4.4,"mask":false,"color":"#FFFFFF"},"geometry":{"type":"Polygon","coordinates":[[[127.685493,34.57321],[127.685482,34.57321],[127.685482,34.573219],[127.685493,34.573219],[127.685493,34.57321]]]}},{"type":"Feature","properties":{"id":"cca1239fed2b1cac1f49acdcd4b9e604c0508243","cls":"styrofoam","cid":3,"cat":2,"conf":0.536,"area":1.9,"mask":true,"color":"#FFFFFF"},"geometry":{"type":"Polygon","coordinates":[[[127.685569,34.573206],[127.685572,34.573206],[127.685576,34.573204],[127.685577,34.573203],[127.685577,34.5732],[127.685573,34.573199],[127.685569,34.5732],[127.685568,34.573203],[127.685569,34.573206]]]}},{"type":"Feature","properties":{"id":"a3947b74ade4f0bb2d1c925ced326ac61dbaba19","cls":"styrofoam","cid":3,"cat":2,"conf":0.517,"area":1.0,"mask":true,"color":"#FFFFFF"},"geometry":{"type":"Polygon","coordinates":[[[127.685502,34.573278],[127.685506,34.573277],[127.685506,34.573272],[127.685505,34.573272],[127.685502,34.573272],[127.685501,34.573273],[127.685501,34.573276],[127.685502,34.573278]]]}},{"type":"Feature","properties":{"id":"7a3d8b19b4e9e3c85423bf59f2e6c23eb88ae2ba","cls":"styrofoam","cid":3,"cat":2,"conf":0.513,"area":7.8,"mask":true,"color":"#FFFFFF"},"geometry":{"type":"Polygon","coordinates":[[[127.685514,34.573195],[127.685519,34.57319],[127.685526,34.573181],[127.685527,34.573179],[127.685525,34.573177],[127.685521,34.573177],[127.68551,34.573181],[127.685507,34.573181],[127.685507,34.573182],[127.685508,34.573186],[127.685514,34.573195]]]}},{"type":"Feature","properties":{"id":"73e4214c3446dacaf001a1100a9452356a7c7462","cls":"styrofoam","cid":3,"cat":2,"conf":0.43,"area":2.1,"mask":true,"color":"#FFFFFF"},"geometry":{"type":"Polygon","coordinates":[[[127.685578,34.573219],[127.685578,34.573209],[127.685575,34.57321],[127.685574,34.573212],[127.685571,34.573212],[127.68557,34.573214],[127.685571,34.573217],[127.685578,34.573219]]]}},{"type":"Feature","properties":{"id":"31f415b0c35bed8ab7af4b5dba42281fab68f268","cls":"styrofoam","cid":3,"cat":2,"conf":0.426,"area":0.9,"mask":true,"color":"#FFFFFF"},"geometry":{"type":"Polygon","coordinates":[[[127.685494,34.573236],[127.685498,34.573235],[127.685498,34.573232],[127.685496,34.573231],[127.685493,34.573232],[127.685492,34.573233],[127.685493,34.573235],[127.685494,34.573236]]]}},{"type":"Feature","properties":{"id":"ceb33e21a64370535029c3ceb41b0b4aa8ce4c8e","cls":"styrofoam","cid":3,"cat":2,"conf":0.854,"area":3.2,"mask":true,"color":"#FFFFFF"},"geometry":{"type":"Polygon","coordinates":[[[127.685616,34.573254],[127.685618,34.573253],[127.685621,34.57325],[127.685613,34.573243],[127.685612,34.573243],[127.685608,34.573246],[127.685614,34.573252],[127.685616,34.573254]]]}},{"type":"Feature","properties":{"id":"0c754f1fb5c6bb83ac65f925c813df45fe08ffd3","cls":"styrofoam","cid":3,"cat":2,"conf":0.843,"area":3.2,"mask":true,"color":"#FFFFFF"},"geometry":{"type":"Polygon","coordinates":[[[127.685684,34.573176],[127.685689,34.573175],[127.685689,34.573173],[127.685684,34.573165],[127.685682,34.573165],[127.685679,34.573166],[127.685678,34.573168],[127.685681,34.573173],[127.685684,34.573176]]]}},{"type":"Feature","properties":{"id":"ed50ae0ba1e9b810bfbb990933ea355c1f70b742","cls":"styrofoam","cid":3,"cat":2,"conf":0.839,"area":2.0,"mask":true,"color":"#FFFFFF"},"geometry":{"type":"Polygon","coordinates":[[[127.685643,34.573251],[127.68565,34.573247],[127.685648,34.573243],[127.685646,34.573244],[127.68564,34.573247],[127.68564,34.573249],[127.685643,34.573251]]]}},{"type":"Feature","properties":{"id":"111ca3b722d2877f31669f8467671885e3e7b897","cls":"styrofoam","cid":3,"cat":2,"conf":0.812,"area":2.6,"mask":true,"color":"#FFFFFF"},"geometry":{"type":"Polygon","coordinates":[[[127.685605,34.573256],[127.685606,34.573256],[127.68561,34.573249],[127.685609,34.573248],[127.685606,34.573246],[127.685604,34.573247],[127.685599,34.573254],[127.6856,34.573255],[127.685605,34.573256]]]}},{"type":"Feature","properties":{"id":"e5e70c8f00c9683011017946820b9c84ca67888e","cls":"styrofoam","cid":3,"cat":2,"conf":0.812,"area":2.9,"mask":true,"color":"#FFFFFF"},"geometry":{"type":"Polygon","coordinates":[[[127.685629,34.57323],[127.68564,34.573226],[127.68564,34.573224],[127.685638,34.573221],[127.685635,34.573221],[127.685626,34.573226],[127.685629,34.57323]]]}},{"type":"Feature","properties":{"id":"e6963f45014c77c5da6d884acc05405334c20757","cls":"styrofoam","cid":3,"cat":2,"conf":0.812,"area":3.4,"mask":true,"color":"#FFFFFF"},"geometry":{"type":"Polygon","coordinates":[[[127.685587,34.573246],[127.685589,34.573246],[127.68559,34.573241],[127.685589,34.57324],[127.685582,34.573239],[127.685577,34.57324],[127.685575,34.573243],[127.685576,34.573245],[127.685581,34.573245],[127.685587,34.573246]]]}},{"type":"Feature","properties":{"id":"75696e9c1f736c5934d91b1e131277bcb0fbf5f4","cls":"styrofoam","cid":3,"cat":2,"conf":0.806,"area":3.9,"mask":true,"color":"#FFFFFF"},"geometry":{"type":"Polygon","coordinates":[[[127.685667,34.573161],[127.68567,34.57316],[127.685677,34.573155],[127.685677,34.573154],[127.685672,34.57315],[127.685671,34.57315],[127.685664,34.573155],[127.685662,34.573154],[127.685662,34.573157],[127.685667,34.573161]]]}},{"type":"Feature","properties":{"id":"1994d8a0ccd50b629c8372712b48321e0fb5e69c","cls":"styrofoam","cid":3,"cat":2,"conf":0.806,"area":2.9,"mask":true,"color":"#FFFFFF"},"geometry":{"type":"Polygon","coordinates":[[[127.6856,34.573251],[127.685601,34.573251],[127.685603,34.573247],[127.685599,34.573244],[127.685595,34.573241],[127.685594,34.573241],[127.685591,34.573244],[127.685591,34.573246],[127.685593,34.573248],[127.6856,34.573251]]]}},{"type":"Feature","properties":{"id":"9adca8180a8dfd5fa73ccd3bb446e8bc6cb155d3","cls":"styrofoam","cid":3,"cat":2,"conf":0.799,"area":3.5,"mask":true,"color":"#FFFFFF"},"geometry":{"type":"Polygon","coordinates":[[[127.685628,34.573251],[127.685632,34.57325],[127.685634,34.573248],[127.685634,34.573246],[127.685631,34.573239],[127.68563,34.573239],[127.68563,34.57324],[127.685629,34.573237],[127.685627,34.573236],[127.685625,34.573237],[127.685625,34.573244],[127.685627,34.57325],[127.685628,34.573251]]]}},{"type":"Feature","properties":{"id":"eb0678dc2fd0c3271deb5232d167d6614047ef6a","cls":"styrofoam","cid":3,"cat":2,"conf":0.796,"area":2.8,"mask":true,"color":"#FFFFFF"},"geometry":{"type":"Polygon","coordinates":[[[127.685605,34.573244],[127.685609,34.573244],[127.685611,34.573243],[127.685611,34.573235],[127.685607,34.573234],[127.685605,34.573235],[127.685604,34.573243],[127.685605,34.573244]]]}},{"type":"Feature","properties":{"id":"ebff5e38728bc6aa14dedf20a65eb2cbc0f7c9d9","cls":"styrofoam","cid":3,"cat":2,"conf":0.791,"area":4.0,"mask":true,"color":"#FFFFFF"},"geometry":{"type":"Polygon","coordinates":[[[127.685573,34.573272],[127.685583,34.573267],[127.685584,34.573266],[127.685581,34.573263],[127.685578,34.573262],[127.685572,34.573266],[127.685566,34.573268],[127.685567,34.573271],[127.685571,34.57327],[127.685573,34.573272]]]}},{"type":"Feature","properties":{"id":"32430b5d12659c07761d9c452d44714e476af8a2","cls":"styrofoam","cid":3,"cat":2,"conf":0.791,"area":3.2,"mask":true,"color":"#FFFFFF"},"geometry":{"type":"Polygon","coordinates":[[[127.685657,34.573193],[127.685669,34.573193],[127.685669,34.573191],[127.685668,34.573188],[127.685663,34.573187],[127.685656,34.573187],[127.685656,34.573192],[127.685657,34.573193]]]}},{"type":"Feature","properties":{"id":"449d505581a8f8a8dd480b69de8a7195283ea4c1","cls":"styrofoam","cid":3,"cat":2,"conf":0.789,"area":0.9,"mask":true,"color":"#FFFFFF"},"geometry":{"type":"Polygon","coordinates":[[[127.685564,34.573197],[127.685569,34.573196],[127.685568,34.573193],[127.685566,34.573193],[127.685562,34.573194],[127.685562,34.573196],[127.685564,34.573197]]]}},{"type":"Feature","properties":{"id":"0b3a17726f83fcd86df093d80d8d13a1f2839e8b","cls":"styrofoam","cid":3,"cat":2,"conf":0.785,"area":3.0,"mask":true,"color":"#FFFFFF"},"geometry":{"type":"Polygon","coordinates":[[[127.685585,34.573258],[127.685588,34.573257],[127.685595,34.573252],[127.685595,34.57325],[127.685592,34.573248],[127.68559,34.573248],[127.685582,34.573253],[127.685582,34.573255],[127.685585,34.573258]]]}},{"type":"Feature","properties":{"id":"334ab350763fef2eda5efd68a9ee7b9737daebf4","cls":"styrofoam","cid":3,"cat":2,"conf":0.782,"area":2.9,"mask":true,"color":"#FFFFFF"},"geometry":{"type":"Polygon","coordinates":[[[127.685621,34.573243],[127.685624,34.573241],[127.685624,34.573239],[127.685617,34.573235],[127.685615,34.573234],[127.685614,34.573234],[127.685612,34.573236],[127.685612,34.573238],[127.685617,34.573242],[127.685621,34.573243]]]}},{"type":"Feature","properties":{"id":"5c8a862a944e962d1d7c03a4e87fb13344ee9b8d","cls":"styrofoam","cid":3,"cat":2,"conf":0.782,"area":0.9,"mask":true,"color":"#FFFFFF"},"geometry":{"type":"Polygon","coordinates":[[[127.68561,34.573257],[127.685613,34.573255],[127.685613,34.573254],[127.685611,34.573252],[127.685609,34.573252],[127.685607,34.573254],[127.68561,34.573257]]]}},{"type":"Feature","properties":{"id":"bf7c2406fb1f72fb9e344154407ce5cb51b6e717","cls":"styrofoam","cid":3,"cat":2,"conf":0.771,"area":0.9,"mask":true,"color":"#FFFFFF"},"geometry":{"type":"Polygon","coordinates":[[[127.685626,34.573257],[127.685627,34.573257],[127.68563,34.573255],[127.68563,34.573253],[127.685628,34.573252],[127.685624,34.573253],[127.685626,34.573257]]]}},{"type":"Feature","properties":{"id":"02f42013fb792246f35310bbe18a8de015c2d5e3","cls":"styrofoam","cid":3,"cat":2,"conf":0.765,"area":3.3,"mask":true,"color":"#FFFFFF"},"geometry":{"type":"Polygon","coordinates":[[[127.685624,34.573237],[127.685626,34.573235],[127.685627,34.573233],[127.685621,34.573229],[127.685617,34.573227],[127.685614,34.57323],[127.685614,34.573232],[127.685616,34.573234],[127.685624,34.573237]]]}},{"type":"Feature","properties":{"id":"c824d64013db05476e80e7d630babe78341a48a7","cls":"styrofoam","cid":3,"cat":2,"conf":0.759,"area":4.1,"mask":true,"color":"#FFFFFF"},"geometry":{"type":"Polygon","coordinates":[[[127.685588,34.573263],[127.685593,34.573263],[127.685595,34.573261],[127.685601,34.573262],[127.685602,34.57326],[127.685602,34.573257],[127.685599,34.573255],[127.68559,34.573256],[127.685589,34.573257],[127.685586,34.573258],[127.685585,34.573262],[127.685588,34.573263]]]}},{"type":"Feature","properties":{"id":"6de1995b38db9624bc8cd2b10a3867283d8b95f9","cls":"styrofoam","cid":3,"cat":2,"conf":0.759,"area":1.7,"mask":true,"color":"#FFFFFF"},"geometry":{"type":"Polygon","coordinates":[[[127.685623,34.57317],[127.685625,34.573169],[127.685627,34.573167],[127.685622,34.573163],[127.68562,34.573163],[127.685618,34.573164],[127.685618,34.573166],[127.685623,34.57317]]]}},{"type":"Feature","properties":{"id":"d74c956eda9ee07fb348479f94cf70019b36ec7c","cls":"styrofoam","cid":3,"cat":2,"conf":0.754,"area":1.1,"mask":true,"color":"#FFFFFF"},"geometry":{"type":"Polygon","coordinates":[[[127.685614,34.573184],[127.68562,34.573183],[127.685623,34.573181],[127.68562,34.57318],[127.685615,34.57318],[127.685613,34.573182],[127.685614,34.573184]]]}},{"type":"Feature","properties":{"id":"d719dd9b175eb489c18750666ae82296ed87349c","cls":"styrofoam","cid":3,"cat":2,"conf":0.749,"area":1.4,"mask":true,"color":"#FFFFFF"},"geometry":{"type":"Polygon","coordinates":[[[127.685599,34.573268],[127.685601,34.573268],[127.685603,34.573263],[127.685598,34.573262],[127.685596,34.573264],[127.685596,34.573267],[127.685599,34.573268]]]}},{"type":"Feature","properties":{"id":"99cb93f55eb0efb46d87518d9964e6b934bc8938","cls":"styrofoam","cid":3,"cat":2,"conf":0.746,"area":1.0,"mask":true,"color":"#FFFFFF"},"geometry":{"type":"Polygon","coordinates":[[[127.685668,34.573185],[127.685671,34.573185],[127.685671,34.573182],[127.685667,34.573181],[127.685665,34.573181],[127.685663,34.573184],[127.685668,34.573185]]]}},{"type":"Feature","properties":{"id":"d41587d89325a8720c38f2b9283ac945148f6234","cls":"styrofoam","cid":3,"cat":2,"conf":0.741,"area":1.5,"mask":true,"color":"#FFFFFF"},"geometry":{"type":"Polygon","coordinates":[[[127.685634,34.573239],[127.685636,34.573238],[127.685637,34.573236],[127.685632,34.573232],[127.685629,34.573237],[127.685634,34.573239]]]}},{"type":"Feature","properties":{"id":"5982e243fd6405861d368f0c6af5658a61535a59","cls":"styrofoam","cid":3,"cat":2,"conf":0.738,"area":0.7,"mask":true,"color":"#FFFFFF"},"geometry":{"type":"Polygon","coordinates":[[[127.685617,34.573215],[127.685622,34.573214],[127.685622,34.573212],[127.68562,34.573211],[127.685617,34.573211],[127.685616,34.573214],[127.685617,34.573215]]]}},{"type":"Feature","properties":{"id":"394f8b41b82d7c164b16a656739b3fd4a7854c3c","cls":"styrofoam","cid":3,"cat":2,"conf":0.729,"area":2.5,"mask":true,"color":"#FFFFFF"},"geometry":{"type":"Polygon","coordinates":[[[127.6856,34.573244],[127.685602,34.573243],[127.685603,34.573242],[127.685604,34.573235],[127.685604,34.573233],[127.685601,34.573233],[127.6856,34.573233],[127.685596,34.57324],[127.685597,34.573242],[127.6856,34.573244]]]}},{"type":"Feature","properties":{"id":"a25e20e600de84cc83c7c06cd39d073979cf08f2","cls":"styrofoam","cid":3,"cat":2,"conf":0.703,"area":2.6,"mask":true,"color":"#FFFFFF"},"geometry":{"type":"Polygon","coordinates":[[[127.685576,34.573214],[127.685582,34.573214],[127.685587,34.573212],[127.685587,34.573209],[127.685586,34.573207],[127.685584,34.573206],[127.685575,34.57321],[127.685574,34.573211],[127.685576,34.573214]]]}},{"type":"Feature","properties":{"id":"f6b23ecc947d2d2c4626d36b2c6a372f31b85257","cls":"styrofoam","cid":3,"cat":2,"conf":0.7,"area":1.0,"mask":true,"color":"#FFFFFF"},"geometry":{"type":"Polygon","coordinates":[[[127.685653,34.573221],[127.685659,34.57322],[127.685659,34.573217],[127.685653,34.573217],[127.685652,34.57322],[127.685653,34.573221]]]}},{"type":"Feature","properties":{"id":"8789a9d5d20e59c12327761fafadb97b8af9449e","cls":"styrofoam","cid":3,"cat":2,"conf":0.688,"area":6.5,"mask":true,"color":"#FFFFFF"},"geometry":{"type":"Polygon","coordinates":[[[127.685562,34.573262],[127.68558,34.573252],[127.685583,34.573248],[127.685582,34.573246],[127.68558,34.573245],[127.685576,34.573245],[127.685568,34.573251],[127.685563,34.573254],[127.685562,34.573262]]]}},{"type":"Feature","properties":{"id":"c24786577c25915a02b4dcd5a745e2f6b9a0078a","cls":"styrofoam","cid":3,"cat":2,"conf":0.682,"area":0.8,"mask":true,"color":"#FFFFFF"},"geometry":{"type":"Polygon","coordinates":[[[127.685665,34.573232],[127.685668,34.573232],[127.685669,34.57323],[127.685667,34.573229],[127.685664,34.573228],[127.685662,34.573231],[127.685665,34.573232]]]}},{"type":"Feature","properties":{"id":"962ec6d8ca33d55a53926116799851ec38b25e1f","cls":"buoy_blue","cid":1,"cat":1,"conf":0.679,"area":1.2,"mask":true,"color":"#0066CC"},"geometry":{"type":"Polygon","coordinates":[[[127.685644,34.573214],[127.685645,34.573214],[127.685647,34.573213],[127.685647,34.57321],[127.685645,34.573209],[127.685641,34.573209],[127.68564,34.57321],[127.68564,34.573212],[127.685644,34.573214]]]}},{"type":"Feature","properties":{"id":"990dcbb99389bb4a7da8bcdeea967789d3345461","cls":"styrofoam","cid":3,"cat":2,"conf":0.673,"area":0.9,"mask":true,"color":"#FFFFFF"},"geometry":{"type":"Polygon","coordinates":[[[127.685595,34.573255],[127.685599,34.573254],[127.6856,34.573252],[127.6856,34.573251],[127.685597,34.57325],[127.685594,34.573253],[127.685594,34.573254],[127.685595,34.573255]]]}},{"type":"Feature","properties":{"id":"cd8430c9356fe178c56c6cfbdc45fc485d840b41","cls":"styrofoam","cid":3,"cat":2,"conf":0.644,"area":0.7,"mask":true,"color":"#FFFFFF"},"geometry":{"type":"Polygon","coordinates":[[[127.685632,34.573165],[127.685635,34.573164],[127.685636,34.573161],[127.685633,34.573161],[127.68563,34.573162],[127.68563,34.573164],[127.685632,34.573165]]]}},{"type":"Feature","properties":{"id":"3cbd5ede8af0cc03229d7334a92cfe2c80265001","cls":"styrofoam","cid":3,"cat":2,"conf":0.613,"area":0.5,"mask":true,"color":"#FFFFFF"},"geometry":{"type":"Polygon","coordinates":[[[127.685628,34.573215],[127.685631,34.573215],[127.68563,34.573212],[127.685629,34.573212],[127.685627,34.573212],[127.685626,34.573214],[127.685628,34.573215]]]}},{"type":"Feature","properties":{"id":"0cd1f046515d2b03e83d17d7dc3850c903d5235e","cls":"styrofoam","cid":3,"cat":2,"conf":0.587,"area":1.2,"mask":true,"color":"#FFFFFF"},"geometry":{"type":"Polygon","coordinates":[[[127.685643,34.573233],[127.685645,34.573232],[127.685646,34.573229],[127.685646,34.573226],[127.685645,34.573225],[127.685642,34.573225],[127.685641,34.573227],[127.685641,34.57323],[127.685643,34.573233]]]}},{"type":"Feature","properties":{"id":"044ed99e22b8a528b2d235c6e3c9954605245501","cls":"styrofoam","cid":3,"cat":2,"conf":0.587,"area":0.6,"mask":true,"color":"#FFFFFF"},"geometry":{"type":"Polygon","coordinates":[[[127.685622,34.573257],[127.685624,34.573256],[127.685623,34.573253],[127.685621,34.573253],[127.685619,34.573254],[127.685622,34.573257]]]}},{"type":"Feature","properties":{"id":"0012dfeff69021b1913d1bb298c7c9b63dcc79e4","cls":"styrofoam","cid":3,"cat":2,"conf":0.579,"area":0.8,"mask":true,"color":"#FFFFFF"},"geometry":{"type":"Polygon","coordinates":[[[127.685593,34.573238],[127.685597,34.573237],[127.685597,34.573235],[127.685596,34.573234],[127.685595,34.573233],[127.685592,34.573234],[127.685592,34.573237],[127.685593,34.573238]]]}},{"type":"Feature","properties":{"id":"de3b6d0a2f871ffec4f145e83e27ff5c9cd62947","cls":"styrofoam","cid":3,"cat":2,"conf":0.574,"area":3.1,"mask":true,"color":"#FFFFFF"},"geometry":{"type":"Polygon","coordinates":[[[127.685635,34.573197],[127.685636,34.573193],[127.685636,34.573191],[127.685629,34.57319],[127.685625,34.57319],[127.685624,34.573196],[127.685625,34.573197],[127.685635,34.573197]]]}},{"type":"Feature","properties":{"id":"8ce212fd93cc2c3f3e33efcc11b3561e7f414ea1","cls":"styrofoam","cid":3,"cat":2,"conf":0.511,"area":0.8,"mask":true,"color":"#FFFFFF"},"geometry":{"type":"Polygon","coordinates":[[[127.685618,34.573259],[127.68562,34.573258],[127.685621,34.573256],[127.685619,34.573255],[127.685617,34.573255],[127.685615,34.573257],[127.685618,34.573259]]]}},{"type":"Feature","properties":{"id":"7f2b044d8de22cc0565f5dff17eaa74ea3a64dd4","cls":"styrofoam","cid":3,"cat":2,"conf":0.504,"area":0.9,"mask":true,"color":"#FFFFFF"},"geometry":{"type":"Polygon","coordinates":[[[127.685625,34.57323],[127.685627,34.57323],[127.685627,34.573227],[127.685626,34.573225],[127.685623,34.573225],[127.685622,34.573227],[127.685622,34.573228],[127.685623,34.573229],[127.685625,34.57323]]]}},{"type":"Feature","properties":{"id":"c2b6ec2ae0a901e37177a432ad6a3c4dcffbb63f","cls":"styrofoam","cid":3,"cat":2,"conf":0.406,"area":0.6,"mask":true,"color":"#FFFFFF"},"geometry":{"type":"Polygon","coordinates":[[[127.685596,34.573231],[127.685598,34.57323],[127.685598,34.573229],[127.685597,34.573227],[127.685595,34.573227],[127.685594,34.573228],[127.685594,34.57323],[127.685594,34.573231],[127.685596,34.573231]]]}},{"type":"Feature","properties":{"id":"f25a39c9eaf73b955048a398db6108d988e7366f","cls":"styrofoam","cid":3,"cat":2,"conf":0.402,"area":1.5,"mask":true,"color":"#FFFFFF"},"geometry":{"type":"Polygon","coordinates":[[[127.685659,34.573226],[127.68566,34.573226],[127.685662,34.573223],[127.685662,34.573221],[127.68566,34.57322],[127.685656,34.573221],[127.685655,34.573222],[127.685655,34.573225],[127.685659,34.573226]]]}},{"type":"Feature","properties":{"id":"d760f6bda269d8fab3e2f04d74775912cf9fcdd8","cls":"other_debris","cid":7,"cat":4,"conf":0.817,"area":4.8,"mask":true,"color":"#696969"},"geometry":{"type":"MultiPolygon","coordinates":[[[[127.685465,34.573133],[127.685466,34.573132],[127.685463,34.57313],[127.685451,34.573121],[127.685443,34.573114],[127.68544,34.573115],[127.685433,34.573111],[127.685433,34.573111],[127.685434,34.573113],[127.685449,34.573121],[127.685456,34.573127],[127.685465,34.573133]]],[[[127.685453,34.573119],[127.685452,34.573116],[127.685445,34.573109],[127.685441,34.573104],[127.68544,34.573104],[127.685443,34.573108],[127.685444,34.573108],[127.685444,34.573109],[127.685445,34.57311],[127.685446,34.573112],[127.685438,34.573106],[127.685437,34.573106],[127.685437,34.573107],[127.685447,34.573115],[127.68545,34.573117],[127.685453,34.573119]]]]}},{"type":"Feature","properties":{"id":"e037d89b8098de594c99ae629479ca2e534d47b1","cls":"styrofoam","cid":3,"cat":2,"conf":0.813,"area":2.1,"mask":true,"color":"#FFFFFF"},"geometry":{"type":"Polygon","coordinates":[[[127.685653,34.573121],[127.685659,34.57312],[127.68566,34.573116],[127.685655,34.573115],[127.68565,34.573116],[127.685649,34.573117],[127.68565,34.57312],[127.685653,34.573121]]]}},{"type":"Feature","properties":{"id":"c5d003b2a8d91086b818ea7ec2a0608fe93ca380","cls":"styrofoam","cid":3,"cat":2,"conf":0.807,"area":3.2,"mask":true,"color":"#FFFFFF"},"geometry":{"type":"Polygon","coordinates":[[[127.685667,34.573132],[127.68567,34.573131],[127.685676,34.573126],[127.685676,34.573123],[127.685674,34.573122],[127.685671,34.573121],[127.685664,34.573128],[127.685664,34.57313],[127.685667,34.573132]]]}},{"type":"Feature","properties":{"id":"daa42f07d806190c9241036d70f6e507689b73bb","cls":"styrofoam","cid":3,"cat":2,"conf":0.804,"area":3.3,"mask":true,"color":"#FFFFFF"},"geometry":{"type":"MultiPolygon","coordinates":[[[[127.685673,34.573158],[127.685676,34.573155],[127.685677,34.573154],[127.685672,34.57315],[127.685666,34.573153],[127.685664,34.573154],[127.685662,34.573154],[127.685662,34.573155],[127.685663,34.573158],[127.685673,34.573158]]],[[[127.685661,34.573152],[127.685663,34.57315],[127.685664,34.57315],[127.685664,34.573149],[127.685662,34.57315],[127.685661,34.573151],[127.685661,34.573152]]]]}},{"type":"Feature","properties":{"id":"b4f3e47f219a7297ca03e61c065aa0dea31c1b9b","cls":"styrofoam","cid":3,"cat":2,"conf":0.772,"area":7.0,"mask":true,"color":"#FFFFFF"},"geometry":{"type":"Polygon","coordinates":[[[127.685693,34.573094],[127.685697,34.573094],[127.685699,34.573091],[127.685701,34.573087],[127.685691,34.573081],[127.685686,34.573079],[127.685684,34.573081],[127.685684,34.573083],[127.685682,34.573085],[127.685682,34.573087],[127.685693,34.573094]]]}},{"type":"Feature","properties":{"id":"f5d926122c77799c9e16678fde8867ae2d98fef8","cls":"styrofoam","cid":3,"cat":2,"conf":0.743,"area":1.0,"mask":true,"color":"#FFFFFF"},"geometry":{"type":"Polygon","coordinates":[[[127.685678,34.573055],[127.68568,34.573055],[127.685682,34.573053],[127.685683,34.573051],[127.685681,34.57305],[127.685679,34.57305],[127.685676,34.573052],[127.685678,34.573055]]]}},{"type":"Feature","properties":{"id":"56ff3ce2cac7e9c6ea2099273357388fb10ec100","cls":"styrofoam","cid":3,"cat":2,"conf":0.724,"area":0.9,"mask":true,"color":"#FFFFFF"},"geometry":{"type":"Polygon","coordinates":[[[127.685666,34.573099],[127.685668,34.573099],[127.68567,34.573098],[127.685669,34.573097],[127.685669,34.573096],[127.685666,34.573094],[127.685664,34.573095],[127.685663,34.573097],[127.685664,34.573098],[127.685666,34.573099]]]}},{"type":"Feature","properties":{"id":"62bbf0dd7a2aff9e2b70d61e5d5fca68b3380ee4","cls":"styrofoam","cid":3,"cat":2,"conf":0.687,"area":1.1,"mask":true,"color":"#FFFFFF"},"geometry":{"type":"Polygon","coordinates":[[[127.685678,34.573086],[127.685681,34.573085],[127.685683,34.573083],[127.685683,34.573082],[127.68568,34.57308],[127.685676,34.573084],[127.685676,34.573085],[127.685678,34.573086]]]}},{"type":"Feature","properties":{"id":"041936991988e91db7e459effa321440b8edaecc","cls":"styrofoam","cid":3,"cat":2,"conf":0.682,"area":3.1,"mask":true,"color":"#FFFFFF"},"geometry":{"type":"Polygon","coordinates":[[[127.685704,34.573136],[127.68571,34.573134],[127.685713,34.573132],[127.685713,34.573129],[127.685712,34.573127],[127.685709,34.573127],[127.685701,34.573131],[127.685701,34.573134],[127.685704,34.573136]]]}},{"type":"Feature","properties":{"id":"69faec5caeb16a7af61c413b65dc3d2bbb3eef05","cls":"styrofoam","cid":3,"cat":2,"conf":0.665,"area":0.9,"mask":true,"color":"#FFFFFF"},"geometry":{"type":"Polygon","coordinates":[[[127.685682,34.573045],[127.685686,34.573044],[127.685687,34.573043],[127.685686,34.57304],[127.68568,34.573043],[127.685681,34.573044],[127.685682,34.573045]]]}},{"type":"Feature","properties":{"id":"c1ca9d612e53993bf74cd7cd25773a61d166293e","cls":"styrofoam","cid":3,"cat":2,"conf":0.834,"area":3.1,"mask":true,"color":"#FFFFFF"},"geometry":{"type":"Polygon","coordinates":[[[127.683642,34.574409],[127.683646,34.574408],[127.683646,34.574406],[127.683643,34.574397],[127.683642,34.574397],[127.683636,34.574399],[127.683635,34.5744],[127.683638,34.574405],[127.683642,34.574409]]]}},{"type":"Feature","properties":{"id":"6b64780890f472dd84db0f13db892b1bbee73fe1","cls":"styrofoam","cid":3,"cat":2,"conf":0.811,"area":2.3,"mask":true,"color":"#FFFFFF"},"geometry":{"type":"Polygon","coordinates":[[[127.6837,34.574441],[127.683704,34.57444],[127.683703,34.574436],[127.683699,34.574433],[127.683694,34.574433],[127.683693,34.574435],[127.6837,34.574441]]]}},{"type":"Feature","properties":{"id":"3eb238d217964b9d1f3f2e14a688e617f1f709fa","cls":"styrofoam","cid":3,"cat":2,"conf":0.751,"area":8.6,"mask":true,"color":"#FFFFFF"},"geometry":{"type":"Polygon","coordinates":[[[127.683628,34.574416],[127.683637,34.574409],[127.683638,34.574408],[127.683627,34.574398],[127.683625,34.574398],[127.683618,34.574402],[127.683616,34.574405],[127.683628,34.574416]]]}},{"type":"Feature","properties":{"id":"0910f437a4af7224b2eb73f2626ae9447a396643","cls":"styrofoam","cid":3,"cat":2,"conf":0.734,"area":0.6,"mask":true,"color":"#FFFFFF"},"geometry":{"type":"Polygon","coordinates":[[[127.683685,34.574422],[127.683688,34.57442],[127.683686,34.574418],[127.683684,34.574418],[127.683683,34.574419],[127.683685,34.574422]]]}},{"type":"Feature","properties":{"id":"d78faf7c010e5b8beaad3576231eb67d9c2a87f1","cls":"styrofoam","cid":3,"cat":2,"conf":0.682,"area":0.4,"mask":true,"color":"#FFFFFF"},"geometry":{"type":"Polygon","coordinates":[[[127.6837,34.574397],[127.683703,34.574397],[127.683703,34.574396],[127.683704,34.574394],[127.683698,34.574394],[127.6837,34.574397]]]}},{"type":"Feature","properties":{"id":"6041ab1cf451e9fe3891698cb310c5cb3a024a00","cls":"styrofoam","cid":3,"cat":2,"conf":0.582,"area":1.6,"mask":true,"color":"#FFFFFF"},"geometry":{"type":"Polygon","coordinates":[[[127.683668,34.574417],[127.68367,34.574416],[127.683671,34.574411],[127.68367,34.574409],[127.683668,34.574409],[127.683666,34.57441],[127.683664,34.574413],[127.683665,34.574416],[127.683668,34.574417]]]}},{"type":"Feature","properties":{"id":"27be91ec66f3fb91e4669edfab78a2599baaed7e","cls":"styrofoam","cid":3,"cat":2,"conf":0.525,"area":0.5,"mask":true,"color":"#FFFFFF"},"geometry":{"type":"Polygon","coordinates":[[[127.683699,34.574425],[127.683702,34.574423],[127.6837,34.574421],[127.683698,34.574421],[127.683697,34.574422],[127.683697,34.574423],[127.683699,34.574425]]]}},{"type":"Feature","properties":{"id":"7e359a52125633512bf435561cb669c94c2a7094","cls":"styrofoam","cid":3,"cat":2,"conf":0.504,"area":0.7,"mask":true,"color":"#FFFFFF"},"geometry":{"type":"Polygon","coordinates":[[[127.683723,34.574417],[127.683725,34.574416],[127.683726,34.574415],[127.683726,34.574413],[127.683722,34.574414],[127.683721,34.574416],[127.683723,34.574417]]]}},{"type":"Feature","properties":{"id":"06188a4fe5771c3a119848581813c1af86cd568d","cls":"styrofoam","cid":3,"cat":2,"conf":0.415,"area":0.3,"mask":true,"color":"#FFFFFF"},"geometry":{"type":"Polygon","coordinates":[[[127.683726,34.574425],[127.683726,34.574422],[127.683725,34.574422],[127.683724,34.574424],[127.683726,34.574425]]]}},{"type":"Feature","properties":{"id":"252453a991f3b81ed6575f6e40bd555ec7fff5ee","cls":"styrofoam","cid":3,"cat":2,"conf":0.648,"area":0.9,"mask":true,"color":"#FFFFFF"},"geometry":{"type":"Polygon","coordinates":[[[127.683746,34.574411],[127.683747,34.574411],[127.683747,34.574409],[127.683744,34.574406],[127.683742,34.574406],[127.68374,34.574408],[127.683741,34.574409],[127.683746,34.574411]]]}},{"type":"Feature","properties":{"id":"b8eb91f0e545fceb6a4bbcf68cc8ea6a3f03c05c","cls":"styrofoam","cid":3,"cat":2,"conf":0.576,"area":1.3,"mask":true,"color":"#FFFFFF"},"geometry":{"type":"Polygon","coordinates":[[[127.683087,34.57438],[127.68309,34.574379],[127.683091,34.574377],[127.683088,34.574375],[127.683084,34.574375],[127.683083,34.574376],[127.683083,34.574378],[127.683087,34.57438]]]}},{"type":"Feature","properties":{"id":"b4e0a080f9c3f410125753c33e6d31d86000b774","cls":"styrofoam","cid":3,"cat":2,"conf":0.529,"area":1.7,"mask":true,"color":"#FFFFFF"},"geometry":{"type":"Polygon","coordinates":[[[127.683125,34.574347],[127.683126,34.574347],[127.683129,34.574343],[127.683128,34.574341],[127.683125,34.574339],[127.683124,34.574339],[127.683121,34.574343],[127.683123,34.574346],[127.683125,34.574347]]]}},{"type":"Feature","properties":{"id":"4fdf0b1c124ab223925559de7ecd7442c3027277","cls":"styrofoam","cid":3,"cat":2,"conf":0.49,"area":2.5,"mask":false,"color":"#FFFFFF"},"geometry":{"type":"Polygon","coordinates":[[[127.683276,34.57429],[127.683268,34.57429],[127.683268,34.574298],[127.683276,34.574298],[127.683276,34.57429]]]}},{"type":"Feature","properties":{"id":"ec64a1c3a4c747c8fee26777aab8ef96a6f458b9","cls":"styrofoam","cid":3,"cat":2,"conf":0.814,"area":0.8,"mask":true,"color":"#FFFFFF"},"geometry":{"type":"Polygon","coordinates":[[[127.683399,34.574335],[127.683403,34.574333],[127.683403,34.574332],[127.683401,34.57433],[127.683399,34.57433],[127.683397,34.574333],[127.683397,34.574334],[127.683399,34.574335]]]}},{"type":"Feature","properties":{"id":"fc20be6e17b7d560d6b90199c7f408fb797b66b7","cls":"styrofoam","cid":3,"cat":2,"conf":0.798,"area":2.8,"mask":true,"color":"#FFFFFF"},"geometry":{"type":"Polygon","coordinates":[[[127.683422,34.574286],[127.683424,34.574285],[127.683426,34.574281],[127.683422,34.574279],[127.683414,34.574277],[127.683413,34.574279],[127.683413,34.574282],[127.683422,34.574286]]]}},{"type":"Feature","properties":{"id":"fcc921704e22346b93e213e46f941ed8ded88a66","cls":"styrofoam","cid":3,"cat":2,"conf":0.82,"area":3.0,"mask":true,"color":"#FFFFFF"},"geometry":{"type":"Polygon","coordinates":[[[127.683576,34.574375],[127.68358,34.574374],[127.68358,34.574366],[127.683569,34.574369],[127.683569,34.574371],[127.68357,34.574373],[127.683571,34.574374],[127.683574,34.574374],[127.683576,34.574375]]]}},{"type":"Feature","properties":{"id":"08bc14e53f86ea3450f479fec8906e263a31a379","cls":"styrofoam","cid":3,"cat":2,"conf":0.79,"area":2.0,"mask":false,"color":"#FFFFFF"},"geometry":{"type":"Polygon","coordinates":[[[127.683556,34.574361],[127.683549,34.574361],[127.683549,34.574368],[127.683556,34.574368],[127.683556,34.574361]]]}},{"type":"Feature","properties":{"id":"106ef10080165d221bf13711eee8e348204b80ac","cls":"styrofoam","cid":3,"cat":2,"conf":0.783,"area":1.5,"mask":true,"color":"#FFFFFF"},"geometry":{"type":"Polygon","coordinates":[[[127.683422,34.574285],[127.683424,34.574285],[127.683426,34.574282],[127.683425,34.574281],[127.683418,34.574278],[127.683418,34.574284],[127.683422,34.574285]]]}},{"type":"Feature","properties":{"id":"e73c00d090c61a5fbe6badc31744ed786fe610a3","cls":"styrofoam","cid":3,"cat":2,"conf":0.779,"area":3.0,"mask":true,"color":"#FFFFFF"},"geometry":{"type":"Polygon","coordinates":[[[127.683534,34.574365],[127.683539,34.574364],[127.68354,34.574356],[127.683539,34.574355],[127.683537,34.574354],[127.683534,34.574354],[127.683533,34.574354],[127.683533,34.574364],[127.683534,34.574365]]]}},{"type":"Feature","properties":{"id":"bde94736a002779426390f626fa65481391befd4","cls":"styrofoam","cid":3,"cat":2,"conf":0.773,"area":0.8,"mask":true,"color":"#FFFFFF"},"geometry":{"type":"Polygon","coordinates":[[[127.683492,34.574298],[127.683494,34.574296],[127.683494,34.574294],[127.683492,34.574293],[127.68349,34.574293],[127.683488,34.574294],[127.683488,34.574297],[127.683492,34.574298]]]}},{"type":"Feature","properties":{"id":"d4ba39569b7773fe9795a1343157a311f7175b13","cls":"styrofoam","cid":3,"cat":2,"conf":0.754,"area":1.0,"mask":true,"color":"#FFFFFF"},"geometry":{"type":"Polygon","coordinates":[[[127.683549,34.574359],[127.683553,34.574358],[127.683553,34.574356],[127.683552,34.574355],[127.683548,34.574355],[127.683547,34.574358],[127.683549,34.574359]]]}},{"type":"Feature","properties":{"id":"e8f99b38eb794a4466bb88a1166e5010185d82cf","cls":"buoy_blue","cid":1,"cat":1,"conf":0.721,"area":6.3,"mask":true,"color":"#0066CC"},"geometry":{"type":"Polygon","coordinates":[[[127.683529,34.574312],[127.683536,34.574311],[127.683538,34.574311],[127.683539,34.57431],[127.683535,34.574301],[127.683529,34.574301],[127.683527,34.574302],[127.683527,34.5743],[127.683526,34.5743],[127.683522,34.574302],[127.683521,34.574303],[127.683525,34.574311],[127.683529,34.574312]]]}},{"type":"Feature","properties":{"id":"f526f9ecc6f0cad66fbcd4e729a1988c87a1d156","cls":"styrofoam","cid":3,"cat":2,"conf":0.69,"area":0.7,"mask":true,"color":"#FFFFFF"},"geometry":{"type":"Polygon","coordinates":[[[127.683545,34.574363],[127.683547,34.574363],[127.683549,34.574361],[127.683548,34.57436],[127.683547,34.574359],[127.683545,34.574359],[127.683543,34.574361],[127.683543,34.574362],[127.683545,34.574363]]]}},{"type":"Feature","properties":{"id":"3867109da64c45a6dc5ad6d5743481089121ea7c","cls":"styrofoam","cid":3,"cat":2,"conf":0.684,"area":1.2,"mask":true,"color":"#FFFFFF"},"geometry":{"type":"Polygon","coordinates":[[[127.683544,34.574355],[127.683549,34.574354],[127.683549,34.574351],[127.683548,34.57435],[127.683544,34.574349],[127.683543,34.57435],[127.683543,34.574354],[127.683544,34.574355]]]}},{"type":"Feature","properties":{"id":"949ac086dfc1810a4bd4a48f7f8747d91e26ee06","cls":"styrofoam","cid":3,"cat":2,"conf":0.557,"area":2.4,"mask":true,"color":"#FFFFFF"},"geometry":{"type":"Polygon","coordinates":[[[127.683531,34.574364],[127.683533,34.574364],[127.683533,34.574355],[127.683532,34.574354],[127.683526,34.574356],[127.683524,34.574358],[127.683524,34.574359],[127.683527,34.574361],[127.683528,34.574363],[127.683531,34.574364]]]}},{"type":"Feature","properties":{"id":"190a13f72e991ba6f943bcf8f2add15c48e63c65","cls":"styrofoam","cid":3,"cat":2,"conf":0.555,"area":0.7,"mask":true,"color":"#FFFFFF"},"geometry":{"type":"Polygon","coordinates":[[[127.683545,34.574359],[127.683547,34.574357],[127.683547,34.574355],[127.683542,34.574355],[127.683541,34.574356],[127.683545,34.574359]]]}},{"type":"Feature","properties":{"id":"1dda32fd202dfaddc31d3bb5e9ff172451ebb721","cls":"styrofoam","cid":3,"cat":2,"conf":0.453,"area":0.7,"mask":true,"color":"#FFFFFF"},"geometry":{"type":"Polygon","coordinates":[[[127.683422,34.574278],[127.683428,34.574275],[127.683418,34.574275],[127.683418,34.574277],[127.683422,34.574278]]]}},{"type":"Feature","properties":{"id":"d4d02a3622187f6f9ab7398f997d6260498a5ce3","cls":"rope","cid":5,"cat":3,"conf":0.326,"area":1.6,"mask":true,"color":"#8B008B"},"geometry":{"type":"Polygon","coordinates":[[[127.683477,34.574332],[127.683479,34.574331],[127.683478,34.57433],[127.683472,34.574323],[127.683472,34.574322],[127.683471,34.57432],[127.683468,34.574319],[127.683469,34.574323],[127.683475,34.574329],[127.683477,34.574332]]]}},{"type":"Feature","properties":{"id":"8680c8f184b9a7bd538219dcb50ad7dbe02a6afb","cls":"rope","cid":5,"cat":3,"conf":0.158,"area":10.6,"mask":false,"color":"#8B008B"},"geometry":{"type":"Polygon","coordinates":[[[127.683456,34.574275],[127.683432,34.574275],[127.683432,34.574286],[127.683456,34.574286],[127.683456,34.574275]]]}},{"type":"Feature","properties":{"id":"1a745acd1da4b53f5b09100e7c2acb94b71fa25e","cls":"styrofoam","cid":3,"cat":2,"conf":0.829,"area":2.9,"mask":true,"color":"#FFFFFF"},"geometry":{"type":"Polygon","coordinates":[[[127.683641,34.574408],[127.683645,34.574408],[127.683646,34.574407],[127.683643,34.574397],[127.683641,34.574397],[127.683635,34.574399],[127.683638,34.574405],[127.683641,34.574408]]]}},{"type":"Feature","properties":{"id":"5ce0bc9e1d33f622060609b691ee8d1978603d38","cls":"styrofoam","cid":3,"cat":2,"conf":0.81,"area":2.8,"mask":true,"color":"#FFFFFF"},"geometry":{"type":"Polygon","coordinates":[[[127.683571,34.574374],[127.683582,34.574372],[127.683581,34.574367],[127.683579,34.574366],[127.68357,34.574368],[127.683569,34.574371],[127.683571,34.574374]]]}},{"type":"Feature","properties":{"id":"7180282ffa982e55e8f7e70df328dad1fce17d08","cls":"styrofoam","cid":3,"cat":2,"conf":0.772,"area":2.8,"mask":true,"color":"#FFFFFF"},"geometry":{"type":"Polygon","coordinates":[[[127.683622,34.574359],[127.683635,34.574357],[127.683636,34.574356],[127.683634,34.574353],[127.683632,34.574352],[127.683624,34.574353],[127.683622,34.574356],[127.683622,34.574359]]]}},{"type":"Feature","properties":{"id":"2da32790c7a3bf4582614ee7cecf7f12e9240b86","cls":"styrofoam","cid":3,"cat":2,"conf":0.762,"area":5.4,"mask":true,"color":"#FFFFFF"},"geometry":{"type":"Polygon","coordinates":[[[127.683619,34.574408],[127.683638,34.574407],[127.683627,34.574398],[127.683625,34.574398],[127.683616,34.574405],[127.683619,34.574408]]]}},{"type":"Feature","properties":{"id":"30c6af2f5a856b5996425bbb6c06a0a3cbbc4fcf","cls":"styrofoam","cid":3,"cat":2,"conf":0.761,"area":0.7,"mask":true,"color":"#FFFFFF"},"geometry":{"type":"Polygon","coordinates":[[[127.6837,34.574397],[127.683702,34.574396],[127.683703,34.574394],[127.683703,34.574393],[127.683701,34.574392],[127.683699,34.574393],[127.683698,34.574394],[127.683698,34.574395],[127.6837,34.574397]]]}},{"type":"Feature","properties":{"id":"dc738146608b2cf3e3ecc50205dbdb9c3cf9dc6d","cls":"styrofoam","cid":3,"cat":2,"conf":0.719,"area":0.6,"mask":true,"color":"#FFFFFF"},"geometry":{"type":"Polygon","coordinates":[[[127.683596,34.57437],[127.6836,34.57437],[127.683601,34.574367],[127.683598,34.574367],[127.683596,34.574367],[127.683595,34.574369],[127.683596,34.57437]]]}},{"type":"Feature","properties":{"id":"4a2d32f23d0dbae670bb40060873a84a31ce06eb","cls":"buoy_bottle","cid":0,"cat":1,"conf":0.686,"area":3.5,"mask":true,"color":"#8B4513"},"geometry":{"type":"Polygon","coordinates":[[[127.683709,34.574316],[127.68371,34.574316],[127.683712,34.574314],[127.683719,34.574311],[127.683722,34.574308],[127.683721,34.574307],[127.683719,34.574305],[127.683718,34.574305],[127.683713,34.574309],[127.68371,34.57431],[127.683704,34.574313],[127.683709,34.574316]]]}},{"type":"Feature","properties":{"id":"1447b2bbee894bd6e9226b66d701ab26ed1da562","cls":"buoy_bottle","cid":0,"cat":1,"conf":0.677,"area":1.9,"mask":true,"color":"#8B4513"},"geometry":{"type":"Polygon","coordinates":[[[127.683685,34.574281],[127.683686,34.57428],[127.68369,34.574274],[127.683684,34.574274],[127.68368,34.574279],[127.68368,34.574281],[127.683685,34.574281]]]}},{"type":"Feature","properties":{"id":"92cf2df2fbac4ea94c3f3b5603f8a9951758e94e","cls":"buoy_bottle","cid":0,"cat":1,"conf":0.649,"area":1.2,"mask":true,"color":"#8B4513"},"geometry":{"type":"Polygon","coordinates":[[[127.683619,34.574285],[127.683621,34.574284],[127.683621,34.574282],[127.683618,34.574278],[127.683617,34.574277],[127.683615,34.574277],[127.683614,34.574278],[127.683615,34.57428],[127.683619,34.574285]]]}},{"type":"Feature","properties":{"id":"ad1fb3bbee0c77eb1ab864d35b2eb9b6bdc639b9","cls":"styrofoam","cid":3,"cat":2,"conf":0.623,"area":10.5,"mask":true,"color":"#FFFFFF"},"geometry":{"type":"Polygon","coordinates":[[[127.683596,34.574367],[127.683607,34.574364],[127.683622,34.57436],[127.683621,34.574356],[127.683623,34.574353],[127.683614,34.574351],[127.683611,34.574353],[127.683609,34.574353],[127.683607,34.574351],[127.683604,34.574352],[127.683597,34.574359],[127.683598,34.57436],[127.683599,34.57436],[127.6836,34.574362],[127.683595,34.574364],[127.683596,34.574367]]]}},{"type":"Feature","properties":{"id":"94162cca349e60fbbd86b9804014a766daa626bc","cls":"buoy_bottle","cid":0,"cat":1,"conf":0.594,"area":1.3,"mask":true,"color":"#8B4513"},"geometry":{"type":"Polygon","coordinates":[[[127.683627,34.574284],[127.683628,34.574284],[127.68363,34.574282],[127.683625,34.574276],[127.683623,34.574276],[127.683622,34.574277],[127.683623,34.574279],[127.683627,34.574284]]]}},{"type":"Feature","properties":{"id":"22e761c5f4e9a1ec92fbaf831a3a003098dd5e5c","cls":"buoy_bottle","cid":0,"cat":1,"conf":0.57,"area":2.2,"mask":true,"color":"#8B4513"},"geometry":{"type":"Polygon","coordinates":[[[127.683712,34.574295],[127.683716,34.574295],[127.683721,34.574288],[127.683715,34.574288],[127.68371,34.574293],[127.683712,34.574295]]]}},{"type":"Feature","properties":{"id":"a1a26025b982555a82b26f956bd2646820a5f2df","cls":"other_debris","cid":7,"cat":4,"conf":0.565,"area":11.1,"mask":true,"color":"#696969"},"geometry":{"type":"Polygon","coordinates":[[[127.683565,34.574408],[127.683575,34.574408],[127.683576,34.574408],[127.683576,34.574408],[127.683577,34.574406],[127.683579,34.574406],[127.683585,34.574406],[127.683585,34.574408],[127.683586,34.574405],[127.683584,34.574404],[127.683587,34.574403],[127.683587,34.574401],[127.683588,34.5744],[127.683589,34.5744],[127.683588,34.574398],[127.683589,34.574398],[127.683588,34.574396],[127.683589,34.574395],[127.683586,34.574393],[127.683573,34.574396],[127.683569,34.574396],[127.683567,34.574396],[127.683566,34.574397],[127.683565,34.574397],[127.683565,34.574399],[127.683565,34.574399],[127.683565,34.574408]]]}},{"type":"Feature","properties":{"id":"5bd7b2ff259caf788f315e169fc1a97d5b196184","cls":"buoy_bottle","cid":0,"cat":1,"conf":0.516,"area":2.2,"mask":true,"color":"#8B4513"},"geometry":{"type":"Polygon","coordinates":[[[127.683708,34.57431],[127.683712,34.574309],[127.683719,34.574304],[127.683715,34.574303],[127.683707,34.574303],[127.683707,34.574306],[127.683708,34.57431]]]}},{"type":"Feature","properties":{"id":"b002389744e3868e23eb1ededeb694da23734b9e","cls":"styrofoam","cid":3,"cat":2,"conf":0.455,"area":0.9,"mask":true,"color":"#FFFFFF"},"geometry":{"type":"Polygon","coordinates":[[[127.683668,34.574356],[127.683671,34.574356],[127.683672,34.574354],[127.683671,34.574353],[127.683667,34.574352],[127.683665,34.574353],[127.683665,34.574354],[127.683668,34.574356]]]}},{"type":"Feature","properties":{"id":"f2e2994a8b165d99d84ded228d30acc837bcd402","cls":"styrofoam","cid":3,"cat":2,"conf":0.414,"area":37.1,"mask":false,"color":"#FFFFFF"},"geometry":{"type":"Polygon","coordinates":[[[127.683677,34.574356],[127.683623,34.574356],[127.683623,34.574373],[127.683677,34.574373],[127.683677,34.574356]]]}},{"type":"Feature","properties":{"id":"66e96670551591fbb9f30ab608f5953a0c9cd500","cls":"rope","cid":5,"cat":3,"conf":0.144,"area":5.4,"mask":true,"color":"#8B008B"},"geometry":{"type":"MultiPolygon","coordinates":[[[[127.68371,34.574285],[127.68371,34.574282],[127.683708,34.574282],[127.683707,34.574284],[127.68371,34.574285]]],[[[127.683696,34.574284],[127.683697,34.574282],[127.683699,34.574282],[127.683699,34.574283],[127.683698,34.574284],[127.683699,34.574284],[127.6837,34.574282],[127.683702,34.574283],[127.683703,34.574282],[127.683705,34.574282],[127.683705,34.574281],[127.683701,34.57428],[127.683701,34.574274],[127.6837,34.574274],[127.683691,34.574274],[127.68369,34.574275],[127.68369,34.574274],[127.683688,34.574274],[127.683685,34.574277],[127.683688,34.574277],[127.683688,34.574278],[127.683685,34.574278],[127.683683,34.574281],[127.683685,34.574281],[127.683685,34.57428],[127.683687,34.574279],[127.683687,34.57428],[127.68369,34.57428],[127.683691,34.574282],[127.683695,34.574282],[127.683694,34.574284],[127.683696,34.574284]]]]}},{"type":"Feature","properties":{"id":"3a23265e9b24af651880ebe541378fdf4ce7c2b4","cls":"styrofoam","cid":3,"cat":2,"conf":0.834,"area":4.4,"mask":true,"color":"#FFFFFF"},"geometry":{"type":"Polygon","coordinates":[[[127.683826,34.574292],[127.683828,34.574291],[127.683831,34.574287],[127.683831,34.574285],[127.683825,34.574282],[127.68382,34.57428],[127.683817,34.574285],[127.683816,34.574287],[127.683823,34.574291],[127.683826,34.574292]]]}},{"type":"Feature","properties":{"id":"ed5117990feaf6c20331b9282a78b3ea4d2fbda9","cls":"styrofoam","cid":3,"cat":2,"conf":0.831,"area":3.2,"mask":true,"color":"#FFFFFF"},"geometry":{"type":"Polygon","coordinates":[[[127.683776,34.574333],[127.683778,34.574333],[127.683781,34.574331],[127.683782,34.57433],[127.683777,34.574322],[127.683774,34.574322],[127.683771,34.574323],[127.68377,34.574325],[127.683776,34.574333]]]}},{"type":"Feature","properties":{"id":"013b05959dd0980671134f01f5e751e83c7f4c9c","cls":"styrofoam","cid":3,"cat":2,"conf":0.83,"area":2.5,"mask":true,"color":"#FFFFFF"},"geometry":{"type":"Polygon","coordinates":[[[127.683803,34.574326],[127.683806,34.574325],[127.683808,34.574322],[127.683809,34.574318],[127.683808,34.574317],[127.683805,34.574317],[127.683803,34.574317],[127.6838,34.574321],[127.6838,34.574324],[127.683803,34.574326]]]}},{"type":"Feature","properties":{"id":"87048782ff0c97987c65d56071ef062f5c2090ea","cls":"styrofoam","cid":3,"cat":2,"conf":0.828,"area":3.0,"mask":true,"color":"#FFFFFF"},"geometry":{"type":"Polygon","coordinates":[[[127.683765,34.574311],[127.683771,34.57431],[127.683772,34.57431],[127.68377,34.574304],[127.683769,34.574301],[127.683767,34.5743],[127.683765,34.5743],[127.683763,34.574304],[127.683763,34.574309],[127.683764,34.574311],[127.683765,34.574311]]]}},{"type":"Feature","properties":{"id":"31bcc774eb4b034b735fd94f1b40d9ded9180dcc","cls":"styrofoam","cid":3,"cat":2,"conf":0.827,"area":2.9,"mask":true,"color":"#FFFFFF"},"geometry":{"type":"Polygon","coordinates":[[[127.683859,34.574296],[127.68386,34.574296],[127.683864,34.574292],[127.683863,34.574287],[127.683862,34.574285],[127.683861,34.574285],[127.683858,34.574285],[127.683856,34.574287],[127.683856,34.574293],[127.683857,34.574295],[127.683859,34.574296]]]}},{"type":"Feature","properties":{"id":"89dd3fecfa886714d268323e60cad58528915756","cls":"styrofoam","cid":3,"cat":2,"conf":0.825,"area":2.9,"mask":true,"color":"#FFFFFF"},"geometry":{"type":"Polygon","coordinates":[[[127.683739,34.574389],[127.683744,34.574386],[127.683747,34.574386],[127.68375,34.574384],[127.683748,34.57438],[127.683745,34.57438],[127.683737,34.574384],[127.683737,34.574387],[127.683739,34.574389]]]}},{"type":"Feature","properties":{"id":"0609a8cbbbc673dd2057f17489d4017e4b7661eb","cls":"styrofoam","cid":3,"cat":2,"conf":0.825,"area":3.8,"mask":true,"color":"#FFFFFF"},"geometry":{"type":"Polygon","coordinates":[[[127.683793,34.574325],[127.683794,34.574325],[127.683801,34.574318],[127.683801,34.574316],[127.683796,34.574313],[127.683794,34.574315],[127.683788,34.574321],[127.683789,34.574323],[127.683793,34.574325]]]}},{"type":"Feature","properties":{"id":"629f1fdccae73727c4699e57cb52c23d8111ad7b","cls":"styrofoam","cid":3,"cat":2,"conf":0.818,"area":2.7,"mask":true,"color":"#FFFFFF"},"geometry":{"type":"Polygon","coordinates":[[[127.683775,34.574302],[127.683777,34.574301],[127.683778,34.574298],[127.683772,34.574293],[127.683768,34.574292],[127.683765,34.574296],[127.683772,34.574301],[127.683775,34.574302]]]}},{"type":"Feature","properties":{"id":"2ecc415b8b2308192ea7b47f32a4e9df378f43f0","cls":"styrofoam","cid":3,"cat":2,"conf":0.816,"area":3.4,"mask":true,"color":"#FFFFFF"},"geometry":{"type":"Polygon","coordinates":[[[127.683852,34.5743],[127.683855,34.574299],[127.683857,34.574297],[127.683851,34.574289],[127.683849,34.574288],[127.683846,34.574291],[127.683845,34.574293],[127.683852,34.5743]]]}},{"type":"Feature","properties":{"id":"57fceacb18741d644724610291c87590f3b2d1e3","cls":"styrofoam","cid":3,"cat":2,"conf":0.815,"area":3.0,"mask":true,"color":"#FFFFFF"},"geometry":{"type":"Polygon","coordinates":[[[127.683794,34.57435],[127.683796,34.574349],[127.683797,34.574346],[127.683796,34.574339],[127.683793,34.574338],[127.683789,34.574339],[127.683788,34.574341],[127.68379,34.574347],[127.683794,34.57435]]]}},{"type":"Feature","properties":{"id":"9b04908073ed5d768d88b233f277313d361c363c","cls":"styrofoam","cid":3,"cat":2,"conf":0.81,"area":2.7,"mask":true,"color":"#FFFFFF"},"geometry":{"type":"Polygon","coordinates":[[[127.683839,34.574291],[127.68384,34.57429],[127.683841,34.574282],[127.683835,34.574281],[127.683834,34.574285],[127.683833,34.57429],[127.683839,34.574291]]]}},{"type":"Feature","properties":{"id":"2bd2362d1bfb01a5694c6d53da73ff147197c669","cls":"styrofoam","cid":3,"cat":2,"conf":0.8,"area":2.2,"mask":true,"color":"#FFFFFF"},"geometry":{"type":"Polygon","coordinates":[[[127.683855,34.574283],[127.683859,34.574282],[127.683863,34.574273],[127.683856,34.574273],[127.683854,34.57428],[127.683854,34.574282],[127.683855,34.574283]]]}},{"type":"Feature","properties":{"id":"b2324966b4cd3ba411a7ceb3ec499390deb33527","cls":"styrofoam","cid":3,"cat":2,"conf":0.798,"area":0.8,"mask":true,"color":"#FFFFFF"},"geometry":{"type":"Polygon","coordinates":[[[127.683786,34.574354],[127.683788,34.574353],[127.683788,34.574352],[127.683786,34.574349],[127.683784,34.574349],[127.683782,34.574351],[127.683784,34.574353],[127.683786,34.574354]]]}},{"type":"Feature","properties":{"id":"297001b760bb1ae17150e8c086c1a57030538508","cls":"styrofoam","cid":3,"cat":2,"conf":0.797,"area":3.1,"mask":true,"color":"#FFFFFF"},"geometry":{"type":"Polygon","coordinates":[[[127.683781,34.574344],[127.683784,34.574343],[127.683786,34.574342],[127.683786,34.574339],[127.683785,34.574333],[127.683784,34.574333],[127.68378,34.574334],[127.683777,34.574336],[127.683778,34.57434],[127.683779,34.574343],[127.683781,34.574344]]]}},{"type":"Feature","properties":{"id":"041768747a95a7dc412012c1795ea6a6f5b31a7d","cls":"styrofoam","cid":3,"cat":2,"conf":0.794,"area":0.8,"mask":true,"color":"#FFFFFF"},"geometry":{"type":"Polygon","coordinates":[[[127.683783,34.574349],[127.683785,34.574348],[127.683787,34.574348],[127.683787,34.574346],[127.683786,34.574345],[127.683781,34.574345],[127.683781,34.574348],[127.683783,34.574349]]]}},{"type":"Feature","properties":{"id":"a1d9d8c1efae9199b44c3250beb355f9429f1327","cls":"styrofoam","cid":3,"cat":2,"conf":0.788,"area":1.8,"mask":true,"color":"#FFFFFF"},"geometry":{"type":"Polygon","coordinates":[[[127.683829,34.574342],[127.683831,34.574341],[127.683832,34.574339],[127.683831,34.574338],[127.683824,34.574337],[127.68382,34.574338],[127.68382,34.574339],[127.683822,34.574341],[127.683829,34.574342]]]}},{"type":"Feature","properties":{"id":"781e864ffcc1cbe6bbc4a59eb5609ae76aae1d5b","cls":"styrofoam","cid":3,"cat":2,"conf":0.785,"area":0.9,"mask":true,"color":"#FFFFFF"},"geometry":{"type":"Polygon","coordinates":[[[127.6838,34.57436],[127.683803,34.574359],[127.683803,34.574358],[127.683803,34.574356],[127.683801,34.574355],[127.683799,34.574355],[127.683797,34.574356],[127.683798,34.574359],[127.6838,34.57436]]]}},{"type":"Feature","properties":{"id":"233b1a775227e4f0f77c5ef21ac6abc8a1fea7a8","cls":"styrofoam","cid":3,"cat":2,"conf":0.783,"area":1.3,"mask":true,"color":"#FFFFFF"},"geometry":{"type":"Polygon","coordinates":[[[127.683865,34.5743],[127.683867,34.574299],[127.683868,34.574294],[127.683867,34.574293],[127.683864,34.574293],[127.683862,34.574295],[127.683862,34.574298],[127.683863,34.5743],[127.683865,34.5743]]]}},{"type":"Feature","properties":{"id":"3d9b25cfc571e2af2b3198834f57f1b49eaa0a9b","cls":"styrofoam","cid":3,"cat":2,"conf":0.771,"area":0.8,"mask":true,"color":"#FFFFFF"},"geometry":{"type":"Polygon","coordinates":[[[127.68381,34.574293],[127.683814,34.574292],[127.683815,34.57429],[127.683811,34.574288],[127.683809,34.574289],[127.683808,34.57429],[127.683808,34.574292],[127.68381,34.574293]]]}},{"type":"Feature","properties":{"id":"92774d5e4610835892701ddd759c323335e45f11","cls":"styrofoam","cid":3,"cat":2,"conf":0.767,"area":4.1,"mask":true,"color":"#FFFFFF"},"geometry":{"type":"Polygon","coordinates":[[[127.683817,34.57432],[127.68382,34.574319],[127.68382,34.574314],[127.683814,34.57431],[127.683809,34.574309],[127.683806,34.57431],[127.683805,34.574311],[127.683806,34.574311],[127.683805,34.574313],[127.683806,34.574314],[127.683811,34.574317],[127.683817,34.57432]]]}},{"type":"Feature","properties":{"id":"b1c2d34f32ed4a0b21f47bbb92f3216b01b09ce3","cls":"styrofoam","cid":3,"cat":2,"conf":0.767,"area":1.1,"mask":true,"color":"#FFFFFF"},"geometry":{"type":"Polygon","coordinates":[[[127.683822,34.574312],[127.683825,34.574312],[127.683826,34.574311],[127.683826,34.57431],[127.683824,34.574308],[127.683821,34.574307],[127.683819,34.574309],[127.683819,34.57431],[127.683822,34.574312]]]}},{"type":"Feature","properties":{"id":"642e1b7be9ca79846275cb3416f3005d50beee6d","cls":"styrofoam","cid":3,"cat":2,"conf":0.765,"area":1.9,"mask":true,"color":"#FFFFFF"},"geometry":{"type":"Polygon","coordinates":[[[127.683825,34.574305],[127.683826,34.574304],[127.683829,34.574303],[127.68383,34.5743],[127.683827,34.574298],[127.683824,34.574298],[127.683821,34.574299],[127.68382,34.574301],[127.683825,34.574305]]]}},{"type":"Feature","properties":{"id":"494c2001fde74806f5345d3fe685588b77063376","cls":"styrofoam","cid":3,"cat":2,"conf":0.758,"area":0.8,"mask":true,"color":"#FFFFFF"},"geometry":{"type":"Polygon","coordinates":[[[127.683817,34.574325],[127.683819,34.574325],[127.68382,34.574323],[127.683818,34.574321],[127.683815,34.57432],[127.683814,34.574322],[127.683815,34.574324],[127.683817,34.574325]]]}},{"type":"Feature","properties":{"id":"54cc9b0b37a5a207b0674a844bf580e1686690b9","cls":"styrofoam","cid":3,"cat":2,"conf":0.746,"area":0.6,"mask":true,"color":"#FFFFFF"},"geometry":{"type":"Polygon","coordinates":[[[127.683808,34.574288],[127.683811,34.574288],[127.683812,34.574287],[127.683811,34.574285],[127.683809,34.574284],[127.683806,34.574285],[127.683807,34.574287],[127.683808,34.574288]]]}},{"type":"Feature","properties":{"id":"794073f7b1cebe99841afdbeac75ae12b67ec708","cls":"styrofoam","cid":3,"cat":2,"conf":0.736,"area":1.0,"mask":true,"color":"#FFFFFF"},"geometry":{"type":"Polygon","coordinates":[[[127.683861,34.574303],[127.683863,34.574302],[127.683864,34.5743],[127.683861,34.574298],[127.683859,34.574297],[127.683857,34.574298],[127.683857,34.5743],[127.683861,34.574303]]]}},{"type":"Feature","properties":{"id":"b0e0ca73f22269351e2a7d19bb00f29f7562fe32","cls":"styrofoam","cid":3,"cat":2,"conf":0.736,"area":1.0,"mask":true,"color":"#FFFFFF"},"geometry":{"type":"Polygon","coordinates":[[[127.683799,34.574352],[127.683802,34.57435],[127.683802,34.574347],[127.683801,34.574346],[127.683799,34.574346],[127.683797,34.574347],[127.683797,34.57435],[127.683799,34.574352]]]}},{"type":"Feature","properties":{"id":"801e08e3334b25f45c1b631693983fc51f94a6e2","cls":"styrofoam","cid":3,"cat":2,"conf":0.732,"area":1.6,"mask":true,"color":"#FFFFFF"},"geometry":{"type":"Polygon","coordinates":[[[127.683763,34.57436],[127.683765,34.574359],[127.68377,34.574358],[127.683768,34.574354],[127.683765,34.574354],[127.68376,34.574356],[127.683761,34.574359],[127.683763,34.57436]]]}},{"type":"Feature","properties":{"id":"0d5907c1bdd5c13148e4fecb57f8a74cb9ebedea","cls":"styrofoam","cid":3,"cat":2,"conf":0.726,"area":1.8,"mask":true,"color":"#FFFFFF"},"geometry":{"type":"Polygon","coordinates":[[[127.683791,34.574338],[127.683793,34.574338],[127.683794,34.574337],[127.683794,34.574335],[127.68379,34.57433],[127.683787,34.57433],[127.683785,34.574331],[127.683785,34.574333],[127.683791,34.574338]]]}},{"type":"Feature","properties":{"id":"cb35579a1407f8157afb655806ee63e04639d784","cls":"styrofoam","cid":3,"cat":2,"conf":0.726,"area":0.9,"mask":true,"color":"#FFFFFF"},"geometry":{"type":"Polygon","coordinates":[[[127.683829,34.574299],[127.68383,34.574299],[127.683832,34.574297],[127.683831,34.574295],[127.683829,34.574294],[127.683825,34.574295],[127.683826,34.574296],[127.683829,34.574299]]]}},{"type":"Feature","properties":{"id":"003373bb0ab6491dc3a60362d566c94aa57476d7","cls":"styrofoam","cid":3,"cat":2,"conf":0.721,"area":0.5,"mask":true,"color":"#FFFFFF"},"geometry":{"type":"Polygon","coordinates":[[[127.683869,34.574291],[127.683871,34.57429],[127.683871,34.574289],[127.683869,34.574287],[127.683867,34.574288],[127.683867,34.57429],[127.683869,34.574291]]]}},{"type":"Feature","properties":{"id":"d9d7538f7ae3735d66ce6641c97752e8790f3218","cls":"buoy_bottle","cid":0,"cat":1,"conf":0.721,"area":1.8,"mask":true,"color":"#8B4513"},"geometry":{"type":"Polygon","coordinates":[[[127.683757,34.574399],[127.683761,34.574397],[127.683763,34.574395],[127.683764,34.574392],[127.683763,34.574391],[127.68376,34.57439],[127.683755,34.574396],[127.683754,34.574398],[127.683757,34.574399]]]}},{"type":"Feature","properties":{"id":"5333a56e2ac0dd218e91428e8cbac4f96c8db140","cls":"styrofoam","cid":3,"cat":2,"conf":0.704,"area":0.9,"mask":true,"color":"#FFFFFF"},"geometry":{"type":"Polygon","coordinates":[[[127.683835,34.574298],[127.683838,34.574297],[127.683839,34.574295],[127.683838,34.574294],[127.683836,34.574293],[127.683833,34.574294],[127.683833,34.574296],[127.683835,34.574298]]]}},{"type":"Feature","properties":{"id":"b42e30f26d7f5676867b4dcbbdec7f67a82d243a","cls":"styrofoam","cid":3,"cat":2,"conf":0.701,"area":1.1,"mask":true,"color":"#FFFFFF"},"geometry":{"type":"Polygon","coordinates":[[[127.683807,34.574306],[127.68381,34.574305],[127.683811,34.574302],[127.683809,34.574301],[127.683808,34.5743],[127.683806,34.574301],[127.683805,34.574302],[127.683805,34.574305],[127.683807,34.574306]]]}},{"type":"Feature","properties":{"id":"548aac32ef6f6e7ed054065b584c1f6e6a8160fe","cls":"styrofoam","cid":3,"cat":2,"conf":0.701,"area":0.6,"mask":true,"color":"#FFFFFF"},"geometry":{"type":"Polygon","coordinates":[[[127.683749,34.574324],[127.683751,34.574323],[127.683751,34.574321],[127.683749,34.57432],[127.683747,34.574321],[127.683746,34.574322],[127.683749,34.574324]]]}},{"type":"Feature","properties":{"id":"472b8d133bb11313bfe07004946c356113fd6df9","cls":"styrofoam","cid":3,"cat":2,"conf":0.699,"area":1.4,"mask":true,"color":"#FFFFFF"},"geometry":{"type":"Polygon","coordinates":[[[127.683826,34.574278],[127.68383,34.574278],[127.683831,34.574273],[127.683824,34.574273],[127.683824,34.574278],[127.683826,34.574278]]]}},{"type":"Feature","properties":{"id":"2337f8aaad348483831352e99aeb3e5d33d87062","cls":"styrofoam","cid":3,"cat":2,"conf":0.696,"area":0.9,"mask":true,"color":"#FFFFFF"},"geometry":{"type":"Polygon","coordinates":[[[127.683796,34.574339],[127.6838,34.574338],[127.683799,34.574336],[127.683797,34.574335],[127.683795,34.574335],[127.683794,34.574336],[127.683794,34.574338],[127.683796,34.574339]]]}},{"type":"Feature","properties":{"id":"7c67b4af75a966b863f762d3e22b62776b97faec","cls":"styrofoam","cid":3,"cat":2,"conf":0.676,"area":0.7,"mask":true,"color":"#FFFFFF"},"geometry":{"type":"Polygon","coordinates":[[[127.683871,34.5743],[127.683871,34.574294],[127.683869,34.574295],[127.683867,34.5743],[127.683871,34.5743]]]}},{"type":"Feature","properties":{"id":"89af0627e802b05597d85aa7e26a8924d384ef0b","cls":"styrofoam","cid":3,"cat":2,"conf":0.674,"area":0.5,"mask":true,"color":"#FFFFFF"},"geometry":{"type":"Polygon","coordinates":[[[127.68376,34.574323],[127.683762,34.574323],[127.683763,34.574322],[127.683762,34.57432],[127.683759,34.57432],[127.683759,34.574321],[127.68376,34.574323]]]}},{"type":"Feature","properties":{"id":"8ac0eb604249ff31100563641cd98f6fc61ac620","cls":"styrofoam","cid":3,"cat":2,"conf":0.668,"area":1.0,"mask":true,"color":"#FFFFFF"},"geometry":{"type":"Polygon","coordinates":[[[127.683857,34.574306],[127.683859,34.574306],[127.68386,34.574304],[127.68386,34.574302],[127.683858,34.574301],[127.683854,34.574303],[127.683854,34.574305],[127.683857,34.574306]]]}},{"type":"Feature","properties":{"id":"1927834275babde7cb453bd88a0ff0850c4acd80","cls":"styrofoam","cid":3,"cat":2,"conf":0.664,"area":1.0,"mask":true,"color":"#FFFFFF"},"geometry":{"type":"Polygon","coordinates":[[[127.68386,34.574328],[127.683865,34.574326],[127.683864,34.574324],[127.683863,34.574323],[127.683858,34.574324],[127.683858,34.574327],[127.68386,34.574328]]]}},{"type":"Feature","properties":{"id":"61e85673998a9a44bb58f00c51883238ebec93d9","cls":"styrofoam","cid":3,"cat":2,"conf":0.634,"area":0.4,"mask":true,"color":"#FFFFFF"},"geometry":{"type":"Polygon","coordinates":[[[127.683861,34.574283],[127.683863,34.574282],[127.683864,34.574281],[127.683863,34.57428],[127.683861,34.57428],[127.68386,34.574281],[127.683861,34.574283]]]}},{"type":"Feature","properties":{"id":"71b1d6fd018d44d81471cc2f74e9a38162731a12","cls":"styrofoam","cid":3,"cat":2,"conf":0.627,"area":0.6,"mask":true,"color":"#FFFFFF"},"geometry":{"type":"Polygon","coordinates":[[[127.683825,34.574337],[127.683827,34.574337],[127.683828,34.574336],[127.683828,34.574333],[127.683827,34.574333],[127.683824,34.574333],[127.683823,34.574335],[127.683825,34.574337]]]}},{"type":"Feature","properties":{"id":"8049c12c54437064b4bc9bb1e21edb374307cb09","cls":"styrofoam","cid":3,"cat":2,"conf":0.624,"area":0.5,"mask":true,"color":"#FFFFFF"},"geometry":{"type":"Polygon","coordinates":[[[127.683818,34.574341],[127.683819,34.57434],[127.68382,34.574339],[127.683819,34.574337],[127.683817,34.574337],[127.683816,34.574338],[127.683816,34.574339],[127.683818,34.574341]]]}},{"type":"Feature","properties":{"id":"bfe6274542b8db5ac344e402d6b8dd07994b5ce3","cls":"styrofoam","cid":3,"cat":2,"conf":0.616,"area":1.1,"mask":true,"color":"#FFFFFF"},"geometry":{"type":"Polygon","coordinates":[[[127.683831,34.574317],[127.683835,34.574316],[127.683837,34.574315],[127.683835,34.574312],[127.683833,34.574312],[127.68383,34.574312],[127.683829,34.574312],[127.68383,34.574316],[127.683831,34.574317]]]}},{"type":"Feature","properties":{"id":"9a731a2e18b231550502aff388ce49fffe13d572","cls":"styrofoam","cid":3,"cat":2,"conf":0.615,"area":1.4,"mask":true,"color":"#FFFFFF"},"geometry":{"type":"Polygon","coordinates":[[[127.683832,34.57428],[127.683837,34.574279],[127.683839,34.574275],[127.683837,34.574273],[127.683833,34.574273],[127.683833,34.574276],[127.683831,34.574278],[127.683832,34.57428]]]}},{"type":"Feature","properties":{"id":"eb42920c7d792d45fb07cac8659736c7f386ade4","cls":"buoy_bottle","cid":0,"cat":1,"conf":0.611,"area":2.1,"mask":true,"color":"#8B4513"},"geometry":{"type":"Polygon","coordinates":[[[127.683712,34.574295],[127.683717,34.574295],[127.683721,34.574288],[127.683716,34.574287],[127.683711,34.574292],[127.683711,34.574293],[127.683712,34.574295]]]}},{"type":"Feature","properties":{"id":"381a659755f07bc6297ba4749c42382b49e47871","cls":"styrofoam","cid":3,"cat":2,"conf":0.611,"area":0.8,"mask":true,"color":"#FFFFFF"},"geometry":{"type":"Polygon","coordinates":[[[127.683795,34.574383],[127.683797,34.574383],[127.683798,34.57438],[127.683795,34.574378],[127.683793,34.57438],[127.683793,34.574381],[127.683795,34.574383]]]}},{"type":"Feature","properties":{"id":"dd83cc8c56f4f5c473de3b93ef4a2f324fe136fd","cls":"styrofoam","cid":3,"cat":2,"conf":0.607,"area":0.8,"mask":true,"color":"#FFFFFF"},"geometry":{"type":"Polygon","coordinates":[[[127.683841,34.574294],[127.683845,34.574292],[127.683845,34.57429],[127.683844,34.574289],[127.683841,34.57429],[127.683839,34.574292],[127.68384,34.574293],[127.683841,34.574294]]]}},{"type":"Feature","properties":{"id":"927d117e9619949daaf45ff68662e506572d8df7","cls":"styrofoam","cid":3,"cat":2,"conf":0.603,"area":11.2,"mask":true,"color":"#FFFFFF"},"geometry":{"type":"Polygon","coordinates":[[[127.683711,34.574376],[127.683719,34.574375],[127.683722,34.574375],[127.683731,34.574375],[127.683738,34.574369],[127.683739,34.574365],[127.683738,34.574363],[127.683734,34.574363],[127.683725,34.574365],[127.683715,34.574365],[127.683712,34.574367],[127.68371,34.574367],[127.683711,34.574376]]]}},{"type":"Feature","properties":{"id":"625a4de4bacdff17d0b9177c4ba221adee48472a","cls":"styrofoam","cid":3,"cat":2,"conf":0.591,"area":1.0,"mask":true,"color":"#FFFFFF"},"geometry":{"type":"Polygon","coordinates":[[[127.683841,34.574281],[127.683843,34.574279],[127.683843,34.574277],[127.68384,34.574276],[127.683838,34.574277],[127.683836,34.57428],[127.683837,34.574281],[127.683841,34.574281]]]}},{"type":"Feature","properties":{"id":"e640b471a06e15627114c5e71e0d46f9961526ae","cls":"styrofoam","cid":3,"cat":2,"conf":0.591,"area":1.2,"mask":true,"color":"#FFFFFF"},"geometry":{"type":"Polygon","coordinates":[[[127.683843,34.574276],[127.683846,34.574275],[127.68385,34.574275],[127.683855,34.574273],[127.68384,34.574273],[127.683841,34.574276],[127.683843,34.574276]]]}},{"type":"Feature","properties":{"id":"2b43944d428ca29086e63fad4227d205bd6df058","cls":"styrofoam","cid":3,"cat":2,"conf":0.587,"area":2.4,"mask":true,"color":"#FFFFFF"},"geometry":{"type":"Polygon","coordinates":[[[127.683803,34.574338],[127.683806,34.574338],[127.683811,34.574336],[127.683813,34.574334],[127.683812,34.574333],[127.683808,34.574331],[127.683801,34.574333],[127.6838,34.574335],[127.683803,34.574338]]]}},{"type":"Feature","properties":{"id":"d2636324247976cbe44180f62e70b2716155b6ae","cls":"styrofoam","cid":3,"cat":2,"conf":0.572,"area":0.8,"mask":true,"color":"#FFFFFF"},"geometry":{"type":"Polygon","coordinates":[[[127.683845,34.574298],[127.683847,34.574296],[127.683845,34.574293],[127.683841,34.574295],[127.683842,34.574298],[127.683845,34.574298]]]}},{"type":"Feature","properties":{"id":"5f69ba0746ce0c5559ce8bbc9519e40a3abe311f","cls":"other_debris","cid":7,"cat":4,"conf":0.558,"area":4.9,"mask":true,"color":"#696969"},"geometry":{"type":"Polygon","coordinates":[[[127.683784,34.574367],[127.683787,34.574366],[127.683786,34.574365],[127.683785,34.574364],[127.683785,34.574361],[127.683784,34.574359],[127.683782,34.574357],[127.683779,34.574351],[127.683773,34.574336],[127.683772,34.574334],[127.683769,34.574327],[127.683767,34.574325],[127.683767,34.574328],[127.683768,34.574331],[127.68377,34.574333],[127.68377,34.574336],[127.683783,34.574366],[127.683784,34.574367]]]}},{"type":"Feature","properties":{"id":"b4271e944a74b8b64c7da8cb881a70d17cd31178","cls":"rope","cid":5,"cat":3,"conf":0.557,"area":3.6,"mask":true,"color":"#8B008B"},"geometry":{"type":"MultiPolygon","coordinates":[[[[127.683831,34.574319],[127.683834,34.574319],[127.683837,34.574316],[127.683838,34.574317],[127.683837,34.574314],[127.683835,34.574312],[127.683831,34.574311],[127.683829,34.574313],[127.683829,34.574318],[127.683831,34.574319]]],[[[127.683831,34.574325],[127.683833,34.574323],[127.683832,34.574322],[127.683827,34.57432],[127.683825,34.574321],[127.683823,34.57432],[127.683821,34.574321],[127.68382,34.57432],[127.683821,34.574322],[127.683824,34.574324],[127.683831,34.574325]]]]}},{"type":"Feature","properties":{"id":"a43102973f91d07cb2845372bf66a2034bf57ce4","cls":"styrofoam","cid":3,"cat":2,"conf":0.552,"area":0.6,"mask":true,"color":"#FFFFFF"},"geometry":{"type":"Polygon","coordinates":[[[127.683866,34.574283],[127.683869,34.574282],[127.683869,34.57428],[127.683866,34.574279],[127.683864,34.57428],[127.683864,34.574282],[127.683866,34.574283]]]}},{"type":"Feature","properties":{"id":"33bc8d6d969a927c0148659c2fe92f79607e0ce2","cls":"styrofoam","cid":3,"cat":2,"conf":0.552,"area":1.0,"mask":true,"color":"#FFFFFF"},"geometry":{"type":"Polygon","coordinates":[[[127.683761,34.574372],[127.683766,34.57437],[127.683767,34.574368],[127.683763,34.574367],[127.683761,34.574367],[127.68376,34.57437],[127.683761,34.574372]]]}},{"type":"Feature","properties":{"id":"90fbb87e4855f5e5790a68eee412bfdd2910b316","cls":"styrofoam","cid":3,"cat":2,"conf":0.551,"area":0.7,"mask":true,"color":"#FFFFFF"},"geometry":{"type":"Polygon","coordinates":[[[127.683812,34.574306],[127.683814,34.574306],[127.683815,34.574304],[127.683811,34.574302],[127.68381,34.574305],[127.683812,34.574306]]]}},{"type":"Feature","properties":{"id":"fa1423148d2ef7778d43224c45a7669f2d634694","cls":"styrofoam","cid":3,"cat":2,"conf":0.532,"area":2.2,"mask":true,"color":"#FFFFFF"},"geometry":{"type":"Polygon","coordinates":[[[127.683755,34.574382],[127.683757,34.574382],[127.683761,34.57438],[127.683764,34.574378],[127.683763,34.574377],[127.683768,34.574374],[127.683762,34.574374],[127.683755,34.574378],[127.683753,34.57438],[127.683755,34.574382]]]}},{"type":"Feature","properties":{"id":"29d692533f9b1ca93227cfba575afc30e8b2d417","cls":"styrofoam","cid":3,"cat":2,"conf":0.517,"area":3.4,"mask":true,"color":"#FFFFFF"},"geometry":{"type":"Polygon","coordinates":[[[127.683846,34.574288],[127.683848,34.574287],[127.683851,34.574279],[127.68385,34.574277],[127.683847,34.574276],[127.683844,34.574276],[127.683841,34.574285],[127.683842,34.574286],[127.683846,34.574288]]]}},{"type":"Feature","properties":{"id":"5454573ace6ad14461789d9f6a4c9401a88d05f8","cls":"styrofoam","cid":3,"cat":2,"conf":0.514,"area":0.2,"mask":true,"color":"#FFFFFF"},"geometry":{"type":"Polygon","coordinates":[[[127.68387,34.574294],[127.683871,34.574294],[127.683871,34.574291],[127.683868,34.574293],[127.68387,34.574294]]]}},{"type":"Feature","properties":{"id":"f8aff43af085bec6d0384fc24ff575ccc69a52da","cls":"buoy_bottle","cid":0,"cat":1,"conf":0.505,"area":2.5,"mask":true,"color":"#8B4513"},"geometry":{"type":"Polygon","coordinates":[[[127.68371,34.574316],[127.68371,34.574316],[127.683712,34.574313],[127.683716,34.574313],[127.683721,34.57431],[127.683722,34.574308],[127.683719,34.574305],[127.683718,34.574305],[127.683712,34.574309],[127.68371,34.57431],[127.68371,34.574316]]]}},{"type":"Feature","properties":{"id":"b83d4f3de15fa8856125ebf777a8516dc480f062","cls":"styrofoam","cid":3,"cat":2,"conf":0.485,"area":0.7,"mask":true,"color":"#FFFFFF"},"geometry":{"type":"Polygon","coordinates":[[[127.683832,34.574285],[127.683834,34.574284],[127.683835,34.574282],[127.683833,34.57428],[127.683831,34.57428],[127.683829,34.574282],[127.683832,34.574285]]]}},{"type":"Feature","properties":{"id":"fcce575fb35f51566d2d71f3cd4547e4e5d06878","cls":"styrofoam","cid":3,"cat":2,"conf":0.477,"area":1.5,"mask":true,"color":"#FFFFFF"},"geometry":{"type":"Polygon","coordinates":[[[127.683749,34.574379],[127.683758,34.574376],[127.68376,34.574373],[127.683755,34.574373],[127.683751,34.574375],[127.683748,34.574378],[127.683749,34.574379]]]}},{"type":"Feature","properties":{"id":"5a8e92ecfabab1d035b3d0dfc03bd26e8dfeb80c","cls":"styrofoam","cid":3,"cat":2,"conf":0.469,"area":1.0,"mask":true,"color":"#FFFFFF"},"geometry":{"type":"Polygon","coordinates":[[[127.683828,34.574282],[127.683828,34.574282],[127.683827,34.57428],[127.683822,34.574276],[127.68382,34.574276],[127.683821,34.574278],[127.68382,34.57428],[127.683824,34.57428],[127.683828,34.574282]]]}},{"type":"Feature","properties":{"id":"add8869d2eff245ffd3e85f576bf4a646428df6b","cls":"styrofoam","cid":3,"cat":2,"conf":0.461,"area":0.8,"mask":true,"color":"#FFFFFF"},"geometry":{"type":"Polygon","coordinates":[[[127.683869,34.574286],[127.683869,34.574285],[127.683869,34.574283],[127.683864,34.574283],[127.683862,34.574283],[127.683863,34.574285],[127.683869,34.574286]]]}},{"type":"Feature","properties":{"id":"4bad6ba2c048301fee3970d297e927cb11ae0937","cls":"styrofoam","cid":3,"cat":2,"conf":0.823,"area":2.9,"mask":true,"color":"#FFFFFF"},"geometry":{"type":"Polygon","coordinates":[[[127.683859,34.574296],[127.683862,34.574294],[127.683864,34.574292],[127.683863,34.574287],[127.683862,34.574285],[127.683861,34.574285],[127.683858,34.574285],[127.683856,34.574287],[127.683856,34.574293],[127.683857,34.574295],[127.683859,34.574296]]]}},{"type":"Feature","properties":{"id":"8c40366a458d8334f88307ef98090e9fa4353598","cls":"styrofoam","cid":3,"cat":2,"conf":0.797,"area":2.0,"mask":true,"color":"#FFFFFF"},"geometry":{"type":"Polygon","coordinates":[[[127.683856,34.574283],[127.683859,34.574282],[127.683863,34.574273],[127.683857,34.574273],[127.683855,34.574278],[127.683856,34.574283]]]}},{"type":"Feature","properties":{"id":"447d113aec59129e3b17fb9b7cfd2d7e87b81ee1","cls":"styrofoam","cid":3,"cat":2,"conf":0.792,"area":1.2,"mask":true,"color":"#FFFFFF"},"geometry":{"type":"Polygon","coordinates":[[[127.683864,34.5743],[127.683866,34.5743],[127.683867,34.574299],[127.683868,34.574295],[127.683867,34.574293],[127.683863,34.574293],[127.683862,34.574298],[127.683864,34.5743]]]}},{"type":"Feature","properties":{"id":"c23519b58ba90d470d6a910fedc1a46798437d76","cls":"styrofoam","cid":3,"cat":2,"conf":0.761,"area":3.9,"mask":false,"color":"#FFFFFF"},"geometry":{"type":"Polygon","coordinates":[[[127.683884,34.574273],[127.683868,34.574273],[127.683868,34.574279],[127.683884,34.574279],[127.683884,34.574273]]]}},{"type":"Feature","properties":{"id":"580584ff80cf95af28dc1239722bdaa700433984","cls":"styrofoam","cid":3,"cat":2,"conf":0.747,"area":1.2,"mask":true,"color":"#FFFFFF"},"geometry":{"type":"Polygon","coordinates":[[[127.683871,34.5743],[127.683874,34.574298],[127.683874,34.574295],[127.683872,34.574294],[127.683869,34.574295],[127.683868,34.574299],[127.683871,34.5743]]]}},{"type":"Feature","properties":{"id":"e206e7c8d997e693ee49474fd5892b0415c3483e","cls":"styrofoam","cid":3,"cat":2,"conf":0.74,"area":0.5,"mask":true,"color":"#FFFFFF"},"geometry":{"type":"Polygon","coordinates":[[[127.683868,34.574291],[127.68387,34.574291],[127.683871,34.57429],[127.683871,34.574289],[127.683869,34.574287],[127.683867,34.574288],[127.683867,34.57429],[127.683868,34.574291]]]}},{"type":"Feature","properties":{"id":"f0a49d94af38da0fadf226b85278dc309a93428e","cls":"styrofoam","cid":3,"cat":2,"conf":0.73,"area":0.9,"mask":true,"color":"#FFFFFF"},"geometry":{"type":"Polygon","coordinates":[[[127.683874,34.574295],[127.683876,34.574294],[127.683876,34.574292],[127.683876,34.574291],[127.683872,34.57429],[127.683869,34.574293],[127.683874,34.574295]]]}},{"type":"Feature","properties":{"id":"6f84f2aa7644979c4ec243dd9b964b472de288d9","cls":"styrofoam","cid":3,"cat":2,"conf":0.728,"area":1.0,"mask":true,"color":"#FFFFFF"},"geometry":{"type":"Polygon","coordinates":[[[127.683861,34.574303],[127.683863,34.574302],[127.683863,34.5743],[127.683861,34.574298],[127.683859,34.574297],[127.683857,34.574299],[127.683857,34.5743],[127.683861,34.574303]]]}},{"type":"Feature","properties":{"id":"1db80d516102eaf0d1a1363be90f69d1e319de86","cls":"styrofoam","cid":3,"cat":2,"conf":0.725,"area":0.9,"mask":true,"color":"#FFFFFF"},"geometry":{"type":"Polygon","coordinates":[[[127.683874,34.574304],[127.683876,34.574304],[127.683877,34.574303],[127.683876,34.574299],[127.683875,34.574298],[127.683873,34.574299],[127.683872,34.5743],[127.683872,34.574302],[127.683874,34.574304]]]}},{"type":"Feature","properties":{"id":"0dc0693ee465bf895cb673afeee660572df25c4f","cls":"styrofoam","cid":3,"cat":2,"conf":0.715,"area":0.8,"mask":true,"color":"#FFFFFF"},"geometry":{"type":"Polygon","coordinates":[[[127.683857,34.574306],[127.68386,34.574305],[127.68386,34.574302],[127.683858,34.574301],[127.683857,34.574301],[127.683855,34.574303],[127.683855,34.574305],[127.683857,34.574306]]]}},{"type":"Feature","properties":{"id":"13f2755487908411ec57307c303bd5030e56df5d","cls":"styrofoam","cid":3,"cat":2,"conf":0.667,"area":1.0,"mask":true,"color":"#FFFFFF"},"geometry":{"type":"Polygon","coordinates":[[[127.68386,34.574328],[127.683865,34.574326],[127.683865,34.574324],[127.683864,34.574323],[127.683863,34.574323],[127.683858,34.574325],[127.683858,34.574327],[127.68386,34.574328]]]}},{"type":"Feature","properties":{"id":"3d2a37fcfbde31736b371ae62297308d539d198f","cls":"styrofoam","cid":3,"cat":2,"conf":0.628,"area":0.5,"mask":true,"color":"#FFFFFF"},"geometry":{"type":"Polygon","coordinates":[[[127.683861,34.574283],[127.683863,34.574282],[127.683864,34.574281],[127.683863,34.57428],[127.68386,34.57428],[127.68386,34.574282],[127.683861,34.574283]]]}},{"type":"Feature","properties":{"id":"82a871f2fdb4b0505b0aa9796ff943c4096eca5c","cls":"styrofoam","cid":3,"cat":2,"conf":0.59,"area":1.0,"mask":true,"color":"#FFFFFF"},"geometry":{"type":"Polygon","coordinates":[[[127.683882,34.574299],[127.683885,34.574299],[127.683886,34.574298],[127.683886,34.574297],[127.683885,34.574295],[127.683881,34.574295],[127.68388,34.574296],[127.683879,34.574298],[127.683882,34.574299]]]}},{"type":"Feature","properties":{"id":"63159bee032e4a62f4ff568becdf38ba58b77f04","cls":"styrofoam","cid":3,"cat":2,"conf":0.551,"area":0.4,"mask":true,"color":"#FFFFFF"},"geometry":{"type":"Polygon","coordinates":[[[127.683855,34.574299],[127.683858,34.574297],[127.683855,34.574293],[127.683855,34.574293],[127.683855,34.574299]]]}},{"type":"Feature","properties":{"id":"b8b97cf648bcca0279145ed0bad28e946ab7dddd","cls":"styrofoam","cid":3,"cat":2,"conf":0.543,"area":0.7,"mask":true,"color":"#FFFFFF"},"geometry":{"type":"Polygon","coordinates":[[[127.683865,34.574283],[127.683869,34.574282],[127.683869,34.574282],[127.683869,34.57428],[127.683867,34.574279],[127.683865,34.574279],[127.683864,34.57428],[127.683865,34.574283]]]}},{"type":"Feature","properties":{"id":"da31b6c629cc32845344cf82d36830c049da7b56","cls":"styrofoam","cid":3,"cat":2,"conf":0.498,"area":0.4,"mask":true,"color":"#FFFFFF"},"geometry":{"type":"Polygon","coordinates":[[[127.683855,34.574299],[127.683858,34.574297],[127.683855,34.574293],[127.683855,34.574299]]]}},{"type":"Feature","properties":{"id":"0f5a2639f697eba50e7e77aac280b557179600c9","cls":"styrofoam","cid":3,"cat":2,"conf":0.488,"area":0.9,"mask":true,"color":"#FFFFFF"},"geometry":{"type":"Polygon","coordinates":[[[127.684005,34.574398],[127.684005,34.574396],[127.684003,34.574393],[127.684001,34.574393],[127.683999,34.574395],[127.684002,34.574398],[127.684005,34.574398]]]}},{"type":"Feature","properties":{"id":"a0d3635e002864b2a32ba483f9c8c7d655337629","cls":"styrofoam","cid":3,"cat":2,"conf":0.451,"area":1.5,"mask":true,"color":"#FFFFFF"},"geometry":{"type":"Polygon","coordinates":[[[127.683862,34.574279],[127.683865,34.574279],[127.683869,34.574277],[127.683868,34.574276],[127.683869,34.574275],[127.683868,34.574273],[127.683863,34.574273],[127.683861,34.574277],[127.683862,34.574279]]]}},{"type":"Feature","properties":{"id":"d6f1179e2d7610435087f420c45126f259b6ffbc","cls":"styrofoam","cid":3,"cat":2,"conf":0.449,"area":0.9,"mask":true,"color":"#FFFFFF"},"geometry":{"type":"Polygon","coordinates":[[[127.683867,34.574286],[127.683869,34.574286],[127.683869,34.574283],[127.683863,34.574283],[127.683862,34.574283],[127.683863,34.574285],[127.683867,34.574286]]]}},{"type":"Feature","properties":{"id":"5e6c3ba2d0659f41bd7199670461dc15393164c6","cls":"styrofoam","cid":3,"cat":2,"conf":0.837,"area":3.0,"mask":true,"color":"#FFFFFF"},"geometry":{"type":"Polygon","coordinates":[[[127.683375,34.574268],[127.68338,34.574266],[127.68338,34.574265],[127.683377,34.574258],[127.683374,34.574256],[127.683371,34.574256],[127.68337,34.574256],[127.683371,34.574259],[127.683375,34.574268]]]}},{"type":"Feature","properties":{"id":"843fc0c871dd248ced4e6be17707afd6bbf40f1c","cls":"styrofoam","cid":3,"cat":2,"conf":0.836,"area":3.0,"mask":true,"color":"#FFFFFF"},"geometry":{"type":"Polygon","coordinates":[[[127.683389,34.574274],[127.683391,34.574274],[127.683392,34.574271],[127.683392,34.57427],[127.683383,34.574264],[127.683382,34.574265],[127.683379,34.574268],[127.683379,34.574269],[127.683389,34.574274]]]}},{"type":"Feature","properties":{"id":"99c562365ff587a44f5b5e290be64973f0762b19","cls":"styrofoam","cid":3,"cat":2,"conf":0.81,"area":2.8,"mask":true,"color":"#FFFFFF"},"geometry":{"type":"Polygon","coordinates":[[[127.683422,34.574286],[127.683425,34.574284],[127.683426,34.574281],[127.683414,34.574277],[127.683413,34.574279],[127.683413,34.574281],[127.683422,34.574286]]]}},{"type":"Feature","properties":{"id":"a4e1c488f56515dfbc382cb34719920223b4bd79","cls":"styrofoam","cid":3,"cat":2,"conf":0.42,"area":37.8,"mask":false,"color":"#FFFFFF"},"geometry":{"type":"Polygon","coordinates":[[[127.683434,34.574256],[127.683395,34.574256],[127.683395,34.57428],[127.683434,34.574279],[127.683434,34.574256]]]}},{"type":"Feature","properties":{"id":"98e52dc8057e5345ff4a8856fdfd4014415a7d3e","cls":"styrofoam","cid":3,"cat":2,"conf":0.807,"area":3.2,"mask":true,"color":"#FFFFFF"},"geometry":{"type":"Polygon","coordinates":[[[127.683506,34.574252],[127.683508,34.574251],[127.683508,34.57425],[127.683508,34.574247],[127.683503,34.574245],[127.683496,34.574243],[127.683494,34.574248],[127.683506,34.574252]]]}},{"type":"Feature","properties":{"id":"4d7c3edafb80b7aa9356871bb0675a109d2a7231","cls":"styrofoam","cid":3,"cat":2,"conf":0.791,"area":1.5,"mask":true,"color":"#FFFFFF"},"geometry":{"type":"Polygon","coordinates":[[[127.683423,34.574286],[127.683424,34.574285],[127.683426,34.574282],[127.683425,34.574281],[127.683418,34.574278],[127.683418,34.574284],[127.683423,34.574286]]]}},{"type":"Feature","properties":{"id":"b882d8e042e3fd54c141fa40c5ceb5eb1036a1f3","cls":"styrofoam","cid":3,"cat":2,"conf":0.755,"area":2.4,"mask":true,"color":"#FFFFFF"},"geometry":{"type":"Polygon","coordinates":[[[127.68354,34.574264],[127.683542,34.574264],[127.683543,34.57426],[127.683536,34.574258],[127.68353,34.574257],[127.68353,34.57426],[127.683536,34.574262],[127.683538,34.574264],[127.68354,34.574264]]]}},{"type":"Feature","properties":{"id":"a3df092e9f482f063b44b66c01375df0d4a5e69d","cls":"styrofoam","cid":3,"cat":2,"conf":0.679,"area":1.9,"mask":true,"color":"#FFFFFF"},"geometry":{"type":"Polygon","coordinates":[[[127.683525,34.57427],[127.683528,34.574269],[127.683528,34.574264],[127.683526,34.574262],[127.683522,34.574262],[127.683521,34.574268],[127.683525,34.57427]]]}},{"type":"Feature","properties":{"id":"4e1b84807e7d9743890b468c74ae9a4fbc8c14e9","cls":"styrofoam","cid":3,"cat":2,"conf":0.483,"area":1.0,"mask":true,"color":"#FFFFFF"},"geometry":{"type":"Polygon","coordinates":[[[127.683527,34.57426],[127.683529,34.57426],[127.68353,34.574257],[127.683526,34.574256],[127.683521,34.574257],[127.683522,34.574258],[127.683527,34.57426]]]}},{"type":"Feature","properties":{"id":"3562f83b6ad15e4616dae5068b7ebd93af5fc4ac","cls":"styrofoam","cid":3,"cat":2,"conf":0.447,"area":12.0,"mask":false,"color":"#FFFFFF"},"geometry":{"type":"Polygon","coordinates":[[[127.683435,34.574261],[127.683418,34.574261],[127.683418,34.574278],[127.683436,34.574278],[127.683435,34.574261]]]}},{"type":"Feature","properties":{"id":"edff252d59f1c2742d329ad72a93b5e95a7fee01","cls":"styrofoam","cid":3,"cat":2,"conf":0.833,"area":4.5,"mask":true,"color":"#FFFFFF"},"geometry":{"type":"Polygon","coordinates":[[[127.683587,34.574234],[127.68359,34.574233],[127.683592,34.574232],[127.683591,34.574224],[127.683589,34.57422],[127.683582,34.574219],[127.683581,34.57422],[127.683582,34.574225],[127.683585,34.574233],[127.683587,34.574234]]]}},{"type":"Feature","properties":{"id":"8e79556d3006a998547a0a30046a3bbe4473a1ec","cls":"buoy_bottle","cid":0,"cat":1,"conf":0.797,"area":1.3,"mask":true,"color":"#8B4513"},"geometry":{"type":"Polygon","coordinates":[[[127.683602,34.574233],[127.683605,34.574231],[127.683608,34.574226],[127.683608,34.574224],[127.683606,34.574224],[127.683603,34.574227],[127.683602,34.57423],[127.683602,34.574232],[127.683602,34.574233]]]}},{"type":"Feature","properties":{"id":"601a509ed047938a94724d85a616f3260f7fec4e","cls":"buoy_bottle","cid":0,"cat":1,"conf":0.796,"area":1.5,"mask":true,"color":"#8B4513"},"geometry":{"type":"Polygon","coordinates":[[[127.683622,34.574253],[127.683624,34.574253],[127.683623,34.574247],[127.683622,34.574245],[127.68362,34.574244],[127.683617,34.574246],[127.68362,34.574252],[127.683622,34.574253]]]}},{"type":"Feature","properties":{"id":"2f7867eef8acdea3db08637f68c4d0ee5c2890d4","cls":"buoy_bottle","cid":0,"cat":1,"conf":0.792,"area":1.1,"mask":true,"color":"#8B4513"},"geometry":{"type":"Polygon","coordinates":[[[127.68361,34.57423],[127.683613,34.574228],[127.683618,34.574224],[127.683617,34.574223],[127.683615,34.574223],[127.683609,34.574227],[127.68361,34.57423]]]}},{"type":"Feature","properties":{"id":"e3136160b40cadebb65bb92d6817968a28f07e39","cls":"buoy_bottle","cid":0,"cat":1,"conf":0.776,"area":1.3,"mask":true,"color":"#8B4513"},"geometry":{"type":"Polygon","coordinates":[[[127.683642,34.574263],[127.683643,34.574259],[127.683642,34.574258],[127.683641,34.574255],[127.683638,34.574255],[127.683638,34.574262],[127.683639,34.574263],[127.683642,34.574263]]]}},{"type":"Feature","properties":{"id":"24716b6d12185342e875e3197eb2a481332f12cb","cls":"buoy_bottle","cid":0,"cat":1,"conf":0.774,"area":1.5,"mask":true,"color":"#8B4513"},"geometry":{"type":"Polygon","coordinates":[[[127.683616,34.574246],[127.683618,34.574244],[127.683621,34.574238],[127.68362,34.574237],[127.683617,34.574237],[127.683616,34.574238],[127.683614,34.574243],[127.683616,34.574246]]]}},{"type":"Feature","properties":{"id":"538909717fb4fc03a76b108756907201b8abed5f","cls":"buoy_bottle","cid":0,"cat":1,"conf":0.772,"area":1.1,"mask":true,"color":"#8B4513"},"geometry":{"type":"Polygon","coordinates":[[[127.683627,34.574284],[127.68363,34.574282],[127.683626,34.574277],[127.683623,34.574277],[127.683623,34.574278],[127.683624,34.574279],[127.683624,34.574281],[127.683627,34.574284]]]}},{"type":"Feature","properties":{"id":"1d4afad556e6eb6701778db1ab25e7991d88b886","cls":"buoy_bottle","cid":0,"cat":1,"conf":0.762,"area":1.6,"mask":true,"color":"#8B4513"},"geometry":{"type":"Polygon","coordinates":[[[127.683628,34.574274],[127.683638,34.574272],[127.683639,34.57427],[127.683636,34.574269],[127.683629,34.574269],[127.683627,34.574272],[127.683628,34.574274]]]}},{"type":"Feature","properties":{"id":"3f0d5360489d6e4586bd0a26591862a3fbede630","cls":"buoy_bottle","cid":0,"cat":1,"conf":0.759,"area":1.7,"mask":true,"color":"#8B4513"},"geometry":{"type":"Polygon","coordinates":[[[127.683713,34.57424],[127.683716,34.574239],[127.683717,34.574232],[127.683716,34.574231],[127.683712,34.574231],[127.683712,34.574232],[127.683711,34.574239],[127.683713,34.57424]]]}},{"type":"Feature","properties":{"id":"c0aa0143d37dde15822ac50e313f4a8122bd6010","cls":"buoy_bottle","cid":0,"cat":1,"conf":0.757,"area":1.8,"mask":true,"color":"#8B4513"},"geometry":{"type":"Polygon","coordinates":[[[127.68369,34.574251],[127.683692,34.57425],[127.683697,34.574244],[127.683696,34.574243],[127.683692,34.574243],[127.683686,34.574249],[127.68369,34.574251]]]}},{"type":"Feature","properties":{"id":"68fa1e57e873335369495e518932f12d036e66ab","cls":"buoy_bottle","cid":0,"cat":1,"conf":0.754,"area":1.7,"mask":true,"color":"#8B4513"},"geometry":{"type":"Polygon","coordinates":[[[127.683616,34.574261],[127.683618,34.57426],[127.683623,34.574256],[127.683623,34.574254],[127.68362,34.574253],[127.683614,34.574258],[127.683614,34.57426],[127.683616,34.574261]]]}},{"type":"Feature","properties":{"id":"d8c2261e36d5c3aba5e8587850e13286bf762043","cls":"styrofoam","cid":3,"cat":2,"conf":0.749,"area":3.1,"mask":true,"color":"#FFFFFF"},"geometry":{"type":"Polygon","coordinates":[[[127.683592,34.574258],[127.683595,34.574256],[127.683598,34.574252],[127.683598,34.57425],[127.683595,34.574245],[127.683593,34.574246],[127.683588,34.574252],[127.683589,34.574255],[127.683592,34.574258]]]}},{"type":"Feature","properties":{"id":"6eb11eec67eeef73060ccaa64c7e9397c1cd7711","cls":"buoy_bottle","cid":0,"cat":1,"conf":0.746,"area":1.4,"mask":true,"color":"#8B4513"},"geometry":{"type":"Polygon","coordinates":[[[127.683629,34.574263],[127.683632,34.574261],[127.683634,34.574257],[127.683633,34.574256],[127.683631,34.574256],[127.683628,34.574258],[127.683627,34.574261],[127.683627,34.574262],[127.683629,34.574263]]]}},{"type":"Feature","properties":{"id":"a94e0999c0c3aced2f7e06815eeef0e5987d916b","cls":"buoy_bottle","cid":0,"cat":1,"conf":0.737,"area":1.1,"mask":true,"color":"#8B4513"},"geometry":{"type":"Polygon","coordinates":[[[127.683636,34.574251],[127.683638,34.57425],[127.683638,34.574248],[127.683629,34.574247],[127.683628,34.574247],[127.683629,34.57425],[127.683636,34.574251]]]}},{"type":"Feature","properties":{"id":"bd1fd9d1fa3630b95caab58b0cd5cbf38b1a6674","cls":"buoy_bottle","cid":0,"cat":1,"conf":0.736,"area":1.9,"mask":true,"color":"#8B4513"},"geometry":{"type":"Polygon","coordinates":[[[127.683683,34.574281],[127.683686,34.574281],[127.68369,34.574274],[127.683685,34.574273],[127.683684,34.574274],[127.68368,34.574279],[127.68368,34.574281],[127.683683,34.574281]]]}},{"type":"Feature","properties":{"id":"8e3c9cc2d984dbdc976a0df979a27e0f07a0a9b5","cls":"buoy_bottle","cid":0,"cat":1,"conf":0.73,"area":1.0,"mask":true,"color":"#8B4513"},"geometry":{"type":"Polygon","coordinates":[[[127.683614,34.574273],[127.683621,34.574268],[127.683621,34.574267],[127.683618,34.574267],[127.683614,34.574269],[127.683613,34.574272],[127.683614,34.574273]]]}},{"type":"Feature","properties":{"id":"6e787abcc2ff32745cb8a0ff626f19c86aef27c9","cls":"buoy_bottle","cid":0,"cat":1,"conf":0.722,"area":2.1,"mask":true,"color":"#8B4513"},"geometry":{"type":"Polygon","coordinates":[[[127.68363,34.574247],[127.683634,34.574247],[127.683635,34.574246],[127.683639,34.574241],[127.683639,34.57424],[127.683633,34.574239],[127.683633,34.57424],[127.683629,34.574245],[127.683629,34.574246],[127.68363,34.574247]]]}},{"type":"Feature","properties":{"id":"1fe5e0bb3c3c141e0d0856ecf0fc0f458dea6af6","cls":"buoy_bottle","cid":0,"cat":1,"conf":0.719,"area":1.4,"mask":true,"color":"#8B4513"},"geometry":{"type":"Polygon","coordinates":[[[127.683666,34.574267],[127.683669,34.574267],[127.683669,34.574265],[127.683671,34.57426],[127.683669,34.574258],[127.683667,34.574259],[127.683664,34.574264],[127.683664,34.574266],[127.683666,34.574267]]]}},{"type":"Feature","properties":{"id":"5549441b9fabf19063655c2b0452ddb52c740705","cls":"buoy_bottle","cid":0,"cat":1,"conf":0.709,"area":1.1,"mask":true,"color":"#8B4513"},"geometry":{"type":"Polygon","coordinates":[[[127.683619,34.574227],[127.683627,34.574223],[127.683627,34.574222],[127.683625,34.574221],[127.683619,34.574224],[127.683618,34.574225],[127.683618,34.574227],[127.683619,34.574227]]]}},{"type":"Feature","properties":{"id":"e01f4fde8c93d331c6d9e9b519dbc431525c80d9","cls":"buoy_bottle","cid":0,"cat":1,"conf":0.708,"area":1.2,"mask":true,"color":"#8B4513"},"geometry":{"type":"Polygon","coordinates":[[[127.683658,34.574261],[127.683665,34.574258],[127.683666,34.574256],[127.683664,34.574256],[127.683656,34.574258],[127.683656,34.57426],[127.683658,34.574261]]]}},{"type":"Feature","properties":{"id":"0d88528abda98a21805ca86b33643657b215b552","cls":"buoy_bottle","cid":0,"cat":1,"conf":0.669,"area":1.4,"mask":true,"color":"#8B4513"},"geometry":{"type":"Polygon","coordinates":[[[127.683623,34.574176],[127.683626,34.574175],[127.683627,34.574173],[127.683624,34.57417],[127.683621,34.57417],[127.683618,34.574173],[127.683621,34.574175],[127.683623,34.574176]]]}},{"type":"Feature","properties":{"id":"35dd25f7a41f79e4c5697b88ed64fa8c3950b18f","cls":"buoy_bottle","cid":0,"cat":1,"conf":0.668,"area":1.0,"mask":true,"color":"#8B4513"},"geometry":{"type":"Polygon","coordinates":[[[127.683619,34.574278],[127.683623,34.57427],[127.683622,34.574269],[127.68362,34.57427],[127.683617,34.574275],[127.683617,34.574277],[127.683619,34.574278]]]}},{"type":"Feature","properties":{"id":"4d41ceb24707848fca01a070a7073368f091a734","cls":"buoy_bottle","cid":0,"cat":1,"conf":0.665,"area":1.2,"mask":true,"color":"#8B4513"},"geometry":{"type":"Polygon","coordinates":[[[127.683619,34.574285],[127.683621,34.574284],[127.683621,34.574283],[127.683618,34.574278],[127.683615,34.574277],[127.683615,34.57428],[127.683618,34.574284],[127.683619,34.574285]]]}},{"type":"Feature","properties":{"id":"864c3d618c9cb3d0103488a9d49b9cf17b015d1a","cls":"styrofoam","cid":3,"cat":2,"conf":0.662,"area":0.5,"mask":true,"color":"#FFFFFF"},"geometry":{"type":"Polygon","coordinates":[[[127.683601,34.574237],[127.683603,34.574236],[127.683603,34.574234],[127.683602,34.574233],[127.6836,34.574234],[127.6836,34.574236],[127.683601,34.574237]]]}},{"type":"Feature","properties":{"id":"a0ad13be9fa62c34f95d19306fb75166e6db77b2","cls":"buoy_bottle","cid":0,"cat":1,"conf":0.66,"area":1.8,"mask":true,"color":"#8B4513"},"geometry":{"type":"Polygon","coordinates":[[[127.683623,34.57423],[127.683632,34.574227],[127.683632,34.574226],[127.68363,34.574223],[127.683628,34.574223],[127.683621,34.574227],[127.683622,34.574229],[127.683623,34.57423]]]}},{"type":"Feature","properties":{"id":"b6dce5897f0e1bc1ef5789868a5e7e48531b4963","cls":"buoy_bottle","cid":0,"cat":1,"conf":0.652,"area":0.9,"mask":true,"color":"#8B4513"},"geometry":{"type":"Polygon","coordinates":[[[127.683613,34.574237],[127.683618,34.574235],[127.683619,34.574233],[127.683617,34.574232],[127.68361,34.574235],[127.683613,34.574237]]]}},{"type":"Feature","properties":{"id":"9d5ca43659870a026e686bce4f4187258b5a50e2","cls":"buoy_bottle","cid":0,"cat":1,"conf":0.637,"area":1.2,"mask":true,"color":"#8B4513"},"geometry":{"type":"Polygon","coordinates":[[[127.683606,34.574224],[127.683608,34.574223],[127.683612,34.574219],[127.683613,34.574217],[127.683612,34.574217],[127.68361,34.574216],[127.683608,34.574218],[127.683605,34.574222],[127.683606,34.574224]]]}},{"type":"Feature","properties":{"id":"089fddc82af8bdfc4f4bc7d89caa9bf6b4cfe296","cls":"buoy_bottle","cid":0,"cat":1,"conf":0.637,"area":1.3,"mask":true,"color":"#8B4513"},"geometry":{"type":"Polygon","coordinates":[[[127.68361,34.574225],[127.683617,34.574221],[127.683618,34.574219],[127.683615,34.574218],[127.683612,34.57422],[127.683609,34.574223],[127.68361,34.574225]]]}},{"type":"Feature","properties":{"id":"64dc5071a1349955623824787ba84b998a33d8d5","cls":"buoy_bottle","cid":0,"cat":1,"conf":0.624,"area":1.7,"mask":true,"color":"#8B4513"},"geometry":{"type":"Polygon","coordinates":[[[127.68366,34.574274],[127.683663,34.574274],[127.683664,34.574273],[127.683664,34.574271],[127.683666,34.574268],[127.683665,34.574267],[127.683662,34.574266],[127.68366,34.574268],[127.683658,34.574272],[127.683658,34.574273],[127.68366,34.574274]]]}},{"type":"Feature","properties":{"id":"41ec95c0f6264f2ecdce71922052840eab7cf5a0","cls":"buoy_bottle","cid":0,"cat":1,"conf":0.617,"area":1.2,"mask":true,"color":"#8B4513"},"geometry":{"type":"Polygon","coordinates":[[[127.683612,34.574272],[127.683613,34.574272],[127.683613,34.574271],[127.683614,34.574266],[127.683614,34.574264],[127.683611,34.574264],[127.683609,34.574266],[127.683609,34.574268],[127.683612,34.574272]]]}},{"type":"Feature","properties":{"id":"89f802501f3c12a12270bc8ebab549c527276826","cls":"buoy_bottle","cid":0,"cat":1,"conf":0.616,"area":1.4,"mask":true,"color":"#8B4513"},"geometry":{"type":"Polygon","coordinates":[[[127.683627,34.574269],[127.683631,34.574268],[127.683635,34.574264],[127.683635,34.574262],[127.683632,34.574261],[127.683627,34.574266],[127.683626,34.574268],[127.683627,34.574269]]]}},{"type":"Feature","properties":{"id":"333205e3ecff8201a985dd42263f5319a72a52b8","cls":"buoy_bottle","cid":0,"cat":1,"conf":0.615,"area":1.5,"mask":true,"color":"#8B4513"},"geometry":{"type":"Polygon","coordinates":[[[127.683625,34.574252],[127.683628,34.574252],[127.683628,34.574246],[127.683627,34.574244],[127.683624,34.574243],[127.683623,34.574245],[127.683623,34.574246],[127.683625,34.574252]]]}},{"type":"Feature","properties":{"id":"8bf85cd797ef7005ca5e85288ba59ecacb575b08","cls":"buoy_bottle","cid":0,"cat":1,"conf":0.608,"area":1.6,"mask":true,"color":"#8B4513"},"geometry":{"type":"Polygon","coordinates":[[[127.683619,34.574219],[127.683626,34.574215],[127.683629,34.574215],[127.683629,34.574214],[127.683628,34.574214],[127.683628,34.574211],[127.683627,34.57421],[127.683627,34.574211],[127.683626,34.574212],[127.683617,34.574215],[127.683617,34.574216],[127.683619,34.574217],[127.683618,34.574218],[127.683619,34.574219]]]}},{"type":"Feature","properties":{"id":"8507e28de317f036efb06e8a8b378d0e3fe41be2","cls":"buoy_bottle","cid":0,"cat":1,"conf":0.569,"area":2.9,"mask":true,"color":"#8B4513"},"geometry":{"type":"Polygon","coordinates":[[[127.683717,34.574253],[127.683719,34.574253],[127.68372,34.574245],[127.683719,34.574244],[127.683714,34.574244],[127.683713,34.574243],[127.683711,34.574242],[127.683712,34.57425],[127.683714,34.574253],[127.683717,34.574253]]]}},{"type":"Feature","properties":{"id":"9084ecab25b83cbdeb1a215a86815dfedee47a17","cls":"buoy_bottle","cid":0,"cat":1,"conf":0.561,"area":1.5,"mask":true,"color":"#8B4513"},"geometry":{"type":"Polygon","coordinates":[[[127.683607,34.574235],[127.68361,34.574235],[127.683614,34.574233],[127.683617,34.574231],[127.683617,34.57423],[127.683614,34.574228],[127.68361,34.57423],[127.683607,34.574233],[127.683607,34.574235]]]}},{"type":"Feature","properties":{"id":"6786a1c50a48e18e4745cac82aba36b0146f7a98","cls":"buoy_bottle","cid":0,"cat":1,"conf":0.557,"area":2.3,"mask":true,"color":"#8B4513"},"geometry":{"type":"Polygon","coordinates":[[[127.683623,34.574267],[127.683625,34.574267],[127.683626,34.574265],[127.683626,34.574263],[127.683628,34.574258],[127.683626,34.574256],[127.683621,34.574259],[127.683622,34.57426],[127.68362,34.574262],[127.683619,34.574265],[127.683621,34.574266],[127.68362,34.574265],[127.683621,34.574265],[127.683623,34.574267]]]}},{"type":"Feature","properties":{"id":"b7e7672bde0b470391d8c4fd68ae5f88ddaa2b8e","cls":"buoy_bottle","cid":0,"cat":1,"conf":0.537,"area":1.4,"mask":true,"color":"#8B4513"},"geometry":{"type":"Polygon","coordinates":[[[127.683695,34.574259],[127.683697,34.574258],[127.683703,34.574255],[127.683701,34.574252],[127.6837,34.574252],[127.683694,34.574256],[127.683693,34.574258],[127.683695,34.574259]]]}},{"type":"Feature","properties":{"id":"dd00c12a4e12760997bfc66afa50a0466e712a04","cls":"buoy_bottle","cid":0,"cat":1,"conf":0.536,"area":1.0,"mask":true,"color":"#8B4513"},"geometry":{"type":"Polygon","coordinates":[[[127.683638,34.574262],[127.683638,34.574258],[127.683637,34.574254],[127.683636,34.574254],[127.683634,34.574261],[127.683638,34.574262]]]}},{"type":"Feature","properties":{"id":"d1e2cc87a6640f9da1c75a6d56037061f577afb2","cls":"buoy_bottle","cid":0,"cat":1,"conf":0.527,"area":1.9,"mask":true,"color":"#8B4513"},"geometry":{"type":"Polygon","coordinates":[[[127.68371,34.574272],[127.683715,34.574272],[127.683717,34.574268],[127.683709,34.574267],[127.683705,34.574268],[127.683704,34.57427],[127.683706,34.574271],[127.68371,34.574272]]]}},{"type":"Feature","properties":{"id":"1a6c52c86cec09e350e7bf73b8a33e0e7cd8c9f9","cls":"buoy_bottle","cid":0,"cat":1,"conf":0.516,"area":1.2,"mask":true,"color":"#8B4513"},"geometry":{"type":"Polygon","coordinates":[[[127.683601,34.574241],[127.683603,34.574241],[127.683608,34.574238],[127.683609,34.574236],[127.683606,34.574235],[127.683602,34.574237],[127.683601,34.574239],[127.683601,34.574241]]]}},{"type":"Feature","properties":{"id":"9b4e1b96aa0fc44a1e178e5473f3cb44ced1ee03","cls":"styrofoam","cid":3,"cat":2,"conf":0.514,"area":0.7,"mask":true,"color":"#FFFFFF"},"geometry":{"type":"Polygon","coordinates":[[[127.683599,34.574266],[127.683598,34.574262],[127.683595,34.574261],[127.683594,34.574262],[127.683594,34.574264],[127.683599,34.574266]]]}},{"type":"Feature","properties":{"id":"2b14786edc8ca48782596f8b9f29f3dc84780d74","cls":"buoy_bottle","cid":0,"cat":1,"conf":0.503,"area":1.3,"mask":true,"color":"#8B4513"},"geometry":{"type":"Polygon","coordinates":[[[127.68365,34.57427],[127.683652,34.574269],[127.683656,34.574263],[127.683656,34.574263],[127.683653,34.574262],[127.683649,34.574266],[127.683648,34.574268],[127.68365,34.57427]]]}},{"type":"Feature","properties":{"id":"c985b541954c4251142dc8f4fe454f353ed838a7","cls":"styrofoam","cid":3,"cat":2,"conf":0.467,"area":1.6,"mask":true,"color":"#FFFFFF"},"geometry":{"type":"Polygon","coordinates":[[[127.683638,34.574277],[127.683641,34.574277],[127.683645,34.57427],[127.683642,34.574269],[127.68364,34.57427],[127.683636,34.574274],[127.683638,34.574277]]]}},{"type":"Feature","properties":{"id":"f49808112df055cb21ff4defeffd273408c2bdd0","cls":"styrofoam","cid":3,"cat":2,"conf":0.427,"area":1.4,"mask":true,"color":"#FFFFFF"},"geometry":{"type":"Polygon","coordinates":[[[127.68366,34.574274],[127.683663,34.574274],[127.683662,34.574273],[127.683666,34.574268],[127.683665,34.574266],[127.683662,34.574266],[127.68366,34.574268],[127.683658,34.574272],[127.683658,34.574273],[127.68366,34.574274]]]}},{"type":"Feature","properties":{"id":"b18b431cd2b1b52a095be500bd65cf9572cca59c","cls":"plastic_box","cid":6,"cat":3,"conf":0.276,"area":1.6,"mask":true,"color":"#FF8C00"},"geometry":{"type":"Polygon","coordinates":[[[127.683614,34.574212],[127.683617,34.574212],[127.683619,34.574211],[127.683619,34.574208],[127.683617,34.574205],[127.683613,34.574206],[127.683612,34.574207],[127.683613,34.57421],[127.683614,34.574212]]]}},{"type":"Feature","properties":{"id":"3604d3980d336b96a724baceba4fcbdee42983b7","cls":"rope","cid":5,"cat":3,"conf":0.192,"area":2.1,"mask":true,"color":"#8B008B"},"geometry":{"type":"Polygon","coordinates":[[[127.683613,34.574287],[127.683625,34.574287],[127.683626,34.574284],[127.683625,34.574283],[127.683623,34.574283],[127.683623,34.574284],[127.683622,34.574283],[127.68362,34.574285],[127.683619,34.574285],[127.683616,34.574282],[127.683615,34.574281],[127.683612,34.574282],[127.683613,34.574285],[127.683613,34.574285],[127.683613,34.574286],[127.683613,34.574287]]]}},{"type":"Feature","properties":{"id":"0753a77aa4ccd5a3185d7efa00ad321fe438cee4","cls":"rope","cid":5,"cat":3,"conf":0.186,"area":2.6,"mask":true,"color":"#8B008B"},"geometry":{"type":"Polygon","coordinates":[[[127.683689,34.574256],[127.683693,34.574254],[127.683691,34.574251],[127.683684,34.574249],[127.683681,34.57425],[127.683681,34.574254],[127.683684,34.574256],[127.683689,34.574256]]]}},{"type":"Feature","properties":{"id":"96322b2010837541bd6f661e50bf3b60e46eadb2","cls":"styrofoam","cid":3,"cat":2,"conf":0.845,"area":3.7,"mask":true,"color":"#FFFFFF"},"geometry":{"type":"Polygon","coordinates":[[[127.68386,34.57419],[127.683863,34.574188],[127.68387,34.574181],[127.68387,34.574178],[127.683868,34.574177],[127.683866,34.574177],[127.683857,34.574186],[127.683856,34.574188],[127.68386,34.57419]]]}},{"type":"Feature","properties":{"id":"f7589e785defe1ea6aa8e9cdc801a33cd20f86dd","cls":"styrofoam","cid":3,"cat":2,"conf":0.819,"area":3.2,"mask":true,"color":"#FFFFFF"},"geometry":{"type":"Polygon","coordinates":[[[127.683855,34.574283],[127.683858,34.574283],[127.68386,34.57428],[127.683864,34.574271],[127.683863,34.574268],[127.683859,34.574268],[127.683858,34.574269],[127.683854,34.57428],[127.683854,34.574282],[127.683855,34.574283]]]}},{"type":"Feature","properties":{"id":"6f30204a45e24586e7136d5e1e00789053e1b1fd","cls":"buoy_bottle","cid":0,"cat":1,"conf":0.799,"area":1.6,"mask":true,"color":"#8B4513"},"geometry":{"type":"Polygon","coordinates":[[[127.683744,34.574274],[127.683747,34.574273],[127.683748,34.574269],[127.683748,34.574265],[127.683748,34.574265],[127.683744,34.574265],[127.683743,34.574273],[127.683744,34.574274]]]}},{"type":"Feature","properties":{"id":"6d8cb1311cf76b31dd7bb5e9d74ca7f4425ef7b3","cls":"styrofoam","cid":3,"cat":2,"conf":0.794,"area":1.1,"mask":true,"color":"#FFFFFF"},"geometry":{"type":"Polygon","coordinates":[[[127.683803,34.574264],[127.683808,34.574263],[127.683808,34.57426],[127.683804,34.574259],[127.683803,34.57426],[127.683801,34.574262],[127.683803,34.574264]]]}},{"type":"Feature","properties":{"id":"d528eb290e4c6677e736ebee258629d7fae06cc2","cls":"styrofoam","cid":3,"cat":2,"conf":0.791,"area":3.6,"mask":true,"color":"#FFFFFF"},"geometry":{"type":"Polygon","coordinates":[[[127.683843,34.574276],[127.683854,34.574273],[127.683855,34.574272],[127.683855,34.574269],[127.683853,34.574268],[127.683852,34.574268],[127.68385,34.574268],[127.683844,34.574269],[127.683842,34.57427],[127.683841,34.574271],[127.683842,34.574272],[127.683841,34.574275],[127.683843,34.574276]]]}},{"type":"Feature","properties":{"id":"4407fe4a5c8218c3c306e8992397216efff13606","cls":"buoy_bottle","cid":0,"cat":1,"conf":0.781,"area":1.5,"mask":true,"color":"#8B4513"},"geometry":{"type":"Polygon","coordinates":[[[127.683762,34.574225],[127.683764,34.574225],[127.683766,34.574222],[127.683769,34.574219],[127.683769,34.574218],[127.683766,34.574217],[127.683764,34.574218],[127.68376,34.574223],[127.683762,34.574225]]]}},{"type":"Feature","properties":{"id":"1da7ab17f569e03a48fc34e52114c6d3ac528571","cls":"styrofoam","cid":3,"cat":2,"conf":0.776,"area":1.1,"mask":true,"color":"#FFFFFF"},"geometry":{"type":"Polygon","coordinates":[[[127.683858,34.574267],[127.68386,34.574267],[127.683864,34.574265],[127.683863,34.574263],[127.683861,34.574262],[127.683856,34.574264],[127.683856,34.574266],[127.683858,34.574267]]]}},{"type":"Feature","properties":{"id":"799bb8b87f67686fd9d6da7aa628660ecfa60496","cls":"buoy_bottle","cid":0,"cat":1,"conf":0.767,"area":2.1,"mask":true,"color":"#8B4513"},"geometry":{"type":"Polygon","coordinates":[[[127.683771,34.574267],[127.683772,34.574266],[127.683772,34.574264],[127.683774,34.574259],[127.683773,34.574258],[127.683768,34.574258],[127.683766,34.574265],[127.683768,34.574266],[127.683771,34.574267]]]}},{"type":"Feature","properties":{"id":"1b765a25b27321dbfdc75c0ec471299e1d429635","cls":"other_debris","cid":7,"cat":4,"conf":0.766,"area":9.1,"mask":true,"color":"#696969"},"geometry":{"type":"Polygon","coordinates":[[[127.68379,34.574184],[127.683794,34.574183],[127.683794,34.574179],[127.683786,34.574154],[127.683786,34.574153],[127.683778,34.574153],[127.683779,34.574157],[127.683781,34.574164],[127.683782,34.57417],[127.683784,34.574174],[127.683787,34.574174],[127.683788,34.574175],[127.683789,34.574182],[127.68379,34.574184]]]}},{"type":"Feature","properties":{"id":"cbdc4665c791d9410f7f39d25d237dfa89954748","cls":"styrofoam","cid":3,"cat":2,"conf":0.765,"area":2.3,"mask":true,"color":"#FFFFFF"},"geometry":{"type":"Polygon","coordinates":[[[127.683816,34.574286],[127.683832,34.574286],[127.683826,34.574282],[127.68382,34.57428],[127.683816,34.574286]]]}},{"type":"Feature","properties":{"id":"960a9a6d5d052673c08832705de06540c2ac4779","cls":"buoy_bottle","cid":0,"cat":1,"conf":0.765,"area":2.0,"mask":true,"color":"#8B4513"},"geometry":{"type":"Polygon","coordinates":[[[127.683788,34.574268],[127.68379,34.574267],[127.683794,34.574261],[127.683794,34.57426],[127.683789,34.574259],[127.683787,34.574261],[127.683784,34.574266],[127.683786,34.574267],[127.683788,34.574268]]]}},{"type":"Feature","properties":{"id":"a55055bc672339129e3ce39be6e4ffb3921341a2","cls":"styrofoam","cid":3,"cat":2,"conf":0.765,"area":0.9,"mask":true,"color":"#FFFFFF"},"geometry":{"type":"Polygon","coordinates":[[[127.683867,34.574254],[127.683869,34.574254],[127.68387,34.574253],[127.683869,34.57425],[127.683868,34.574249],[127.683865,34.57425],[127.683865,34.574252],[127.683867,34.574254]]]}},{"type":"Feature","properties":{"id":"a57847185e4d5dd2ea76bfcf0ce8c44bb1bc11a5","cls":"styrofoam","cid":3,"cat":2,"conf":0.762,"area":0.7,"mask":true,"color":"#FFFFFF"},"geometry":{"type":"Polygon","coordinates":[[[127.683848,34.574236],[127.68385,34.574236],[127.683851,34.574234],[127.683851,34.574233],[127.68385,34.574232],[127.683847,34.574232],[127.683846,34.574233],[127.683847,34.574235],[127.683848,34.574236]]]}},{"type":"Feature","properties":{"id":"5fbaf83b9bd5511e10ae34ba59706ef533ae6a84","cls":"styrofoam","cid":3,"cat":2,"conf":0.746,"area":0.8,"mask":true,"color":"#FFFFFF"},"geometry":{"type":"Polygon","coordinates":[[[127.683846,34.574194],[127.68385,34.574193],[127.683851,34.574191],[127.683848,34.57419],[127.683845,34.57419],[127.683844,34.574192],[127.683846,34.574194]]]}},{"type":"Feature","properties":{"id":"f1aec6bd84e98945ee26342b1e1a21a605f77b61","cls":"styrofoam","cid":3,"cat":2,"conf":0.713,"area":2.6,"mask":true,"color":"#FFFFFF"},"geometry":{"type":"Polygon","coordinates":[[[127.683863,34.574168],[127.683864,34.574168],[127.68387,34.574164],[127.68387,34.574157],[127.68386,34.574164],[127.68386,34.574165],[127.683863,34.574168]]]}},{"type":"Feature","properties":{"id":"3f1cddfa1757e6c50e3402541e3e27dd6b5a8970","cls":"styrofoam","cid":3,"cat":2,"conf":0.711,"area":1.5,"mask":true,"color":"#FFFFFF"},"geometry":{"type":"Polygon","coordinates":[[[127.683835,34.57428],[127.683837,34.574279],[127.683839,34.574275],[127.683839,34.574274],[127.683835,34.574273],[127.683833,34.574273],[127.683833,34.574277],[127.683831,34.574279],[127.683831,34.574279],[127.683835,34.57428]]]}},{"type":"Feature","properties":{"id":"a407f52ef6b2a62fc50706fc831cb7571b2fac3d","cls":"styrofoam","cid":3,"cat":2,"conf":0.698,"area":1.3,"mask":true,"color":"#FFFFFF"},"geometry":{"type":"Polygon","coordinates":[[[127.683834,34.574286],[127.683841,34.574286],[127.683841,34.574282],[127.683835,34.574281],[127.683834,34.574286]]]}},{"type":"Feature","properties":{"id":"c87d42b4fe94314dd7dea0cbe15793e79a5dbd50","cls":"buoy_bottle","cid":0,"cat":1,"conf":0.694,"area":1.3,"mask":true,"color":"#8B4513"},"geometry":{"type":"Polygon","coordinates":[[[127.683805,34.574163],[127.683808,34.574163],[127.683808,34.574162],[127.683801,34.574157],[127.683799,34.574156],[127.683799,34.574157],[127.683799,34.574159],[127.683805,34.574163]]]}},{"type":"Feature","properties":{"id":"6d0b74e0cf9113fb77afa79d5151dd5ed91e726f","cls":"buoy_bottle","cid":0,"cat":1,"conf":0.684,"area":2.9,"mask":true,"color":"#8B4513"},"geometry":{"type":"Polygon","coordinates":[[[127.683716,34.574253],[127.683719,34.574253],[127.68372,34.574245],[127.683716,34.574244],[127.683714,34.574244],[127.683713,34.574242],[127.683712,34.574242],[127.683712,34.57425],[127.683714,34.574252],[127.683716,34.574253]]]}},{"type":"Feature","properties":{"id":"78dbc1ef6797b8cbb6ef7c023ce3e8349799fee8","cls":"buoy_bottle","cid":0,"cat":1,"conf":0.683,"area":1.8,"mask":true,"color":"#8B4513"},"geometry":{"type":"Polygon","coordinates":[[[127.68375,34.574269],[127.683753,34.574268],[127.683755,34.574267],[127.683758,34.574263],[127.683758,34.574262],[127.683755,34.574261],[127.683753,34.574261],[127.683752,34.574262],[127.683749,34.574266],[127.683749,34.574268],[127.68375,34.574269]]]}},{"type":"Feature","properties":{"id":"f593ed14b142d561ad9b0a92af649862a3783b6b","cls":"styrofoam","cid":3,"cat":2,"conf":0.663,"area":0.9,"mask":true,"color":"#FFFFFF"},"geometry":{"type":"Polygon","coordinates":[[[127.683868,34.574176],[127.68387,34.574176],[127.68387,34.574171],[127.683865,34.574173],[127.683866,34.574176],[127.683868,34.574176]]]}},{"type":"Feature","properties":{"id":"73ccea1260b7ce8b2b2ca6edeb9c9b25e533c05b","cls":"styrofoam","cid":3,"cat":2,"conf":0.656,"area":0.4,"mask":true,"color":"#FFFFFF"},"geometry":{"type":"Polygon","coordinates":[[[127.683861,34.574283],[127.683863,34.574282],[127.683864,34.574281],[127.683863,34.57428],[127.683861,34.57428],[127.68386,34.574281],[127.68386,34.574282],[127.683861,34.574283]]]}},{"type":"Feature","properties":{"id":"9bad1bcec34be654ffb3e6ec241ca7460b681e1a","cls":"buoy_bottle","cid":0,"cat":1,"conf":0.651,"area":1.7,"mask":true,"color":"#8B4513"},"geometry":{"type":"Polygon","coordinates":[[[127.683714,34.57424],[127.683716,34.574239],[127.683717,34.574232],[127.683716,34.574231],[127.683712,34.574231],[127.683711,34.574239],[127.683714,34.57424]]]}},{"type":"Feature","properties":{"id":"f0c815a8dae41573fd7bebe4192df091ce1b3311","cls":"styrofoam","cid":3,"cat":2,"conf":0.629,"area":0.7,"mask":true,"color":"#FFFFFF"},"geometry":{"type":"Polygon","coordinates":[[[127.683865,34.574283],[127.683869,34.574282],[127.683869,34.574281],[127.683868,34.57428],[127.683866,34.574279],[127.683864,34.57428],[127.683864,34.574282],[127.683865,34.574283]]]}},{"type":"Feature","properties":{"id":"e9332e22a610c554fed618d444baca2afc22ef6c","cls":"buoy_bottle","cid":0,"cat":1,"conf":0.625,"area":3.1,"mask":true,"color":"#8B4513"},"geometry":{"type":"Polygon","coordinates":[[[127.683788,34.574212],[127.683789,34.574212],[127.683791,34.57421],[127.683792,34.574204],[127.683794,34.574201],[127.683794,34.5742],[127.683789,34.574199],[127.683784,34.574204],[127.683784,34.574205],[127.683786,34.574208],[127.683786,34.574211],[127.683788,34.574212]]]}},{"type":"Feature","properties":{"id":"f0c3b7c1d9593ce86b372d54f54c1d84124656b4","cls":"styrofoam","cid":3,"cat":2,"conf":0.623,"area":1.0,"mask":true,"color":"#FFFFFF"},"geometry":{"type":"Polygon","coordinates":[[[127.683841,34.574281],[127.683842,34.57428],[127.683843,34.574277],[127.683841,34.574276],[127.683838,34.574276],[127.683836,34.57428],[127.683837,34.574281],[127.683841,34.574281]]]}},{"type":"Feature","properties":{"id":"32b97a6e43cb0938f5662cb23277926289904822","cls":"styrofoam","cid":3,"cat":2,"conf":0.622,"area":1.2,"mask":true,"color":"#FFFFFF"},"geometry":{"type":"Polygon","coordinates":[[[127.683856,34.574258],[127.683857,34.574257],[127.683859,34.574254],[127.683858,34.574252],[127.683855,34.574252],[127.683852,34.574254],[127.683852,34.574256],[127.683853,34.574257],[127.683856,34.574258]]]}},{"type":"Feature","properties":{"id":"b3b32172a0d7799fa8739017de93e705e0c8f86d","cls":"buoy_bottle","cid":0,"cat":1,"conf":0.62,"area":2.9,"mask":true,"color":"#8B4513"},"geometry":{"type":"Polygon","coordinates":[[[127.68383,34.574278],[127.683831,34.574277],[127.683831,34.574268],[127.683829,34.574267],[127.683825,34.574267],[127.683824,34.574269],[127.683824,34.574277],[127.683825,34.574278],[127.68383,34.574278]]]}},{"type":"Feature","properties":{"id":"10a50264757470f8b438188fcb4ee9214959453f","cls":"buoy_bottle","cid":0,"cat":1,"conf":0.606,"area":1.4,"mask":true,"color":"#8B4513"},"geometry":{"type":"Polygon","coordinates":[[[127.683796,34.574263],[127.683801,34.574261],[127.683806,34.574258],[127.683803,34.574257],[127.683799,34.574257],[127.683795,34.574262],[127.683795,34.574263],[127.683796,34.574263]]]}},{"type":"Feature","properties":{"id":"70ca200df11846cf4644c1d371b32c35d4f53559","cls":"styrofoam","cid":3,"cat":2,"conf":0.57,"area":0.4,"mask":true,"color":"#FFFFFF"},"geometry":{"type":"Polygon","coordinates":[[[127.683806,34.574286],[127.683812,34.574286],[127.683812,34.574286],[127.683809,34.574284],[127.683807,34.574284],[127.683806,34.574286]]]}},{"type":"Feature","properties":{"id":"cd20f77b549bda3addc0d97bf272ff7fc3c85883","cls":"styrofoam","cid":3,"cat":2,"conf":0.567,"area":0.4,"mask":true,"color":"#FFFFFF"},"geometry":{"type":"Polygon","coordinates":[[[127.683869,34.574249],[127.683871,34.574249],[127.683871,34.574245],[127.683869,34.574246],[127.683868,34.574248],[127.683869,34.574249]]]}},{"type":"Feature","properties":{"id":"bc3000e8b42781e12e5ffc797bcad83c6b4ff9da","cls":"buoy_bottle","cid":0,"cat":1,"conf":0.567,"area":4.3,"mask":true,"color":"#8B4513"},"geometry":{"type":"Polygon","coordinates":[[[127.683738,34.574267],[127.683743,34.574264],[127.683745,34.574264],[127.683748,34.574262],[127.683749,34.574261],[127.683743,34.574257],[127.68374,34.574258],[127.683738,34.574259],[127.683734,34.574258],[127.68373,34.574263],[127.68373,34.574264],[127.683732,34.574265],[127.683734,34.574263],[127.683738,34.574267]]]}},{"type":"Feature","properties":{"id":"5e6973908bf32716a96550e9e0a0c202480d574e","cls":"styrofoam","cid":3,"cat":2,"conf":0.561,"area":3.1,"mask":true,"color":"#FFFFFF"},"geometry":{"type":"Polygon","coordinates":[[[127.683841,34.574286],[127.683848,34.574286],[127.683851,34.574279],[127.683851,34.574278],[127.683849,34.574276],[127.683845,34.574276],[127.683844,34.574276],[127.683841,34.574284],[127.683841,34.574286]]]}},{"type":"Feature","properties":{"id":"f67557232bd2ae20b626e554b7ece65e639c4211","cls":"buoy_bottle","cid":0,"cat":1,"conf":0.56,"area":1.8,"mask":true,"color":"#8B4513"},"geometry":{"type":"Polygon","coordinates":[[[127.683716,34.574242],[127.683729,34.57424],[127.68373,34.57424],[127.683726,34.574238],[127.683717,34.574239],[127.683716,34.57424],[127.683716,34.574242]]]}},{"type":"Feature","properties":{"id":"8bbe5254fe352859b2321d48a9b4c14f75cffd1c","cls":"styrofoam","cid":3,"cat":2,"conf":0.556,"area":0.4,"mask":true,"color":"#FFFFFF"},"geometry":{"type":"Polygon","coordinates":[[[127.683839,34.574274],[127.68384,34.574274],[127.683841,34.574272],[127.68384,34.574271],[127.683838,34.574271],[127.683837,34.574271],[127.683837,34.574273],[127.683839,34.574274]]]}},{"type":"Feature","properties":{"id":"cf246679ab3a94349467ffa1c93343ec5e4acc62","cls":"styrofoam","cid":3,"cat":2,"conf":0.555,"area":0.5,"mask":true,"color":"#FFFFFF"},"geometry":{"type":"Polygon","coordinates":[[[127.683853,34.574285],[127.683854,34.574284],[127.683853,34.574281],[127.683851,34.574281],[127.683851,34.574282],[127.683851,34.574284],[127.683853,34.574285]]]}},{"type":"Feature","properties":{"id":"e40d159477846deffe2fc0cac24c19cefcb268c3","cls":"styrofoam","cid":3,"cat":2,"conf":0.549,"area":0.8,"mask":true,"color":"#FFFFFF"},"geometry":{"type":"Polygon","coordinates":[[[127.683868,34.574286],[127.683869,34.574285],[127.683869,34.574283],[127.683862,34.574283],[127.683863,34.574285],[127.683868,34.574286]]]}},{"type":"Feature","properties":{"id":"1539aaf4fdb480105c55e4d3ed1be61188f6632b","cls":"buoy_bottle","cid":0,"cat":1,"conf":0.547,"area":1.3,"mask":true,"color":"#8B4513"},"geometry":{"type":"Polygon","coordinates":[[[127.6838,34.574194],[127.683803,34.574193],[127.683803,34.574187],[127.683802,34.574186],[127.683799,34.574187],[127.683799,34.574191],[127.6838,34.574194]]]}},{"type":"Feature","properties":{"id":"be16c9b800b1dffdf9ec1a2a59f53b25c253abcd","cls":"styrofoam","cid":3,"cat":2,"conf":0.537,"area":0.7,"mask":true,"color":"#FFFFFF"},"geometry":{"type":"Polygon","coordinates":[[[127.683832,34.574285],[127.683834,34.574284],[127.683835,34.574282],[127.683833,34.574281],[127.683831,34.57428],[127.683829,34.574281],[127.683829,34.574282],[127.683832,34.574285]]]}},{"type":"Feature","properties":{"id":"4b7e8d5b2f1b40940673cefa6fcb1b8a8555f687","cls":"styrofoam","cid":3,"cat":2,"conf":0.531,"area":0.5,"mask":true,"color":"#FFFFFF"},"geometry":{"type":"Polygon","coordinates":[[[127.68387,34.57417],[127.68387,34.574166],[127.683869,34.574166],[127.683867,34.574167],[127.683866,34.574169],[127.68387,34.57417]]]}},{"type":"Feature","properties":{"id":"017c5b26d1d086da0ab5e0ae9aefff513bff32bc","cls":"styrofoam","cid":3,"cat":2,"conf":0.516,"area":0.3,"mask":true,"color":"#FFFFFF"},"geometry":{"type":"Polygon","coordinates":[[[127.683856,34.574286],[127.683863,34.574286],[127.683862,34.574285],[127.683858,34.574285],[127.683856,34.574286]]]}},{"type":"Feature","properties":{"id":"8e88a731285373104209d35ba964c9f428851b84","cls":"styrofoam","cid":3,"cat":2,"conf":0.841,"area":3.8,"mask":true,"color":"#FFFFFF"},"geometry":{"type":"Polygon","coordinates":[[[127.68386,34.57419],[127.683865,34.574186],[127.683871,34.57418],[127.683871,34.574179],[127.683868,34.574177],[127.683866,34.574177],[127.683865,34.574178],[127.683856,34.574187],[127.683857,34.574188],[127.68386,34.57419]]]}},{"type":"Feature","properties":{"id":"91cb059f01e526216c8478dfe8bf6f7dfbea92d6","cls":"styrofoam","cid":3,"cat":2,"conf":0.831,"area":3.1,"mask":true,"color":"#FFFFFF"},"geometry":{"type":"Polygon","coordinates":[[[127.683879,34.574278],[127.683881,34.574278],[127.683884,34.574274],[127.683879,34.574271],[127.683873,34.574269],[127.68387,34.574273],[127.683879,34.574278]]]}},{"type":"Feature","properties":{"id":"6afd9a29f63b512fec2328ee71bf0177361da030","cls":"styrofoam","cid":3,"cat":2,"conf":0.828,"area":3.3,"mask":true,"color":"#FFFFFF"},"geometry":{"type":"Polygon","coordinates":[[[127.683874,34.574162],[127.683877,34.574161],[127.683878,34.574159],[127.683883,34.574155],[127.683884,34.574154],[127.683882,34.574152],[127.683876,34.574152],[127.68387,34.574156],[127.68387,34.574158],[127.683874,34.574162]]]}},{"type":"Feature","properties":{"id":"b7bbf442477d34c61fb8cc7b284a634d22a982b3","cls":"styrofoam","cid":3,"cat":2,"conf":0.825,"area":2.5,"mask":true,"color":"#FFFFFF"},"geometry":{"type":"Polygon","coordinates":[[[127.683895,34.574259],[127.683903,34.574254],[127.683903,34.574252],[127.683902,34.574251],[127.683898,34.57425],[127.683892,34.574254],[127.683892,34.574258],[127.683895,34.574259]]]}},{"type":"Feature","properties":{"id":"5e056be2805fe242d39bb2b069fb746844be3d90","cls":"styrofoam","cid":3,"cat":2,"conf":0.824,"area":2.7,"mask":true,"color":"#FFFFFF"},"geometry":{"type":"Polygon","coordinates":[[[127.683895,34.574205],[127.683898,34.574204],[127.683903,34.574198],[127.6839,34.574195],[127.683897,34.574196],[127.683892,34.574202],[127.683891,34.574203],[127.683895,34.574205]]]}},{"type":"Feature","properties":{"id":"08c63abc2042dd26a681460c24f5b09d08ed947e","cls":"styrofoam","cid":3,"cat":2,"conf":0.822,"area":2.4,"mask":true,"color":"#FFFFFF"},"geometry":{"type":"Polygon","coordinates":[[[127.683893,34.574235],[127.683896,34.574234],[127.683901,34.574229],[127.683901,34.574228],[127.683898,34.574226],[127.683896,34.574225],[127.683894,34.574226],[127.68389,34.57423],[127.683893,34.574235]]]}},{"type":"Feature","properties":{"id":"71d05a362fa56fa7f8cb9968f7957d5937b711a2","cls":"styrofoam","cid":3,"cat":2,"conf":0.821,"area":3.4,"mask":true,"color":"#FFFFFF"},"geometry":{"type":"Polygon","coordinates":[[[127.683909,34.574178],[127.683913,34.574177],[127.683914,34.574176],[127.683911,34.574167],[127.68391,34.574166],[127.683905,34.574167],[127.683904,34.574169],[127.683905,34.574175],[127.683906,34.574177],[127.683909,34.574178]]]}},{"type":"Feature","properties":{"id":"17dcc97676fe595a463845e2014d19646e97f391","cls":"styrofoam","cid":3,"cat":2,"conf":0.82,"area":4.6,"mask":true,"color":"#FFFFFF"},"geometry":{"type":"Polygon","coordinates":[[[127.683889,34.57425],[127.683892,34.574247],[127.683891,34.574241],[127.683886,34.574235],[127.683881,34.574235],[127.683879,34.574236],[127.683879,34.574237],[127.683882,34.574244],[127.683886,34.574249],[127.683889,34.57425]]]}},{"type":"Feature","properties":{"id":"edea0538375516ca12f1fa0f7448f039a0360bca","cls":"styrofoam","cid":3,"cat":2,"conf":0.818,"area":2.9,"mask":true,"color":"#FFFFFF"},"geometry":{"type":"Polygon","coordinates":[[[127.683904,34.574196],[127.683909,34.574195],[127.68391,34.574192],[127.683915,34.574188],[127.683915,34.574186],[127.683911,34.574184],[127.683906,34.574189],[127.683903,34.574193],[127.683904,34.574196]]]}},{"type":"Feature","properties":{"id":"65a5538bf3ebb8b06cb0718bea69847fddd225aa","cls":"styrofoam","cid":3,"cat":2,"conf":0.816,"area":3.6,"mask":true,"color":"#FFFFFF"},"geometry":{"type":"Polygon","coordinates":[[[127.683903,34.574222],[127.683904,34.574222],[127.683905,34.574221],[127.683905,34.574217],[127.683899,34.574215],[127.683893,34.57421],[127.683891,34.57421],[127.683889,34.574213],[127.683889,34.574215],[127.683903,34.574222]]]}},{"type":"Feature","properties":{"id":"5e673940761470b402373fece51f171920d18ea2","cls":"styrofoam","cid":3,"cat":2,"conf":0.813,"area":3.0,"mask":true,"color":"#FFFFFF"},"geometry":{"type":"Polygon","coordinates":[[[127.683881,34.574207],[127.683884,34.574206],[127.683885,34.574206],[127.683885,34.574203],[127.683886,34.574197],[127.683884,34.574195],[127.683881,34.574195],[127.68388,34.574197],[127.683878,34.574205],[127.683881,34.574207]]]}},{"type":"Feature","properties":{"id":"31c54a7511addf81e48f882e79a642bb0f055599","cls":"styrofoam","cid":3,"cat":2,"conf":0.811,"area":3.1,"mask":true,"color":"#FFFFFF"},"geometry":{"type":"Polygon","coordinates":[[[127.683863,34.574168],[127.683873,34.574163],[127.683873,34.574162],[127.683869,34.574158],[127.68386,34.574164],[127.68386,34.574165],[127.683863,34.574168]]]}},{"type":"Feature","properties":{"id":"faa34f214f7ac3fbd2145d9d297eca8050f12424","cls":"styrofoam","cid":3,"cat":2,"conf":0.807,"area":2.4,"mask":true,"color":"#FFFFFF"},"geometry":{"type":"Polygon","coordinates":[[[127.683895,34.574266],[127.683899,34.574264],[127.683899,34.574262],[127.683891,34.574258],[127.683888,34.574259],[127.683887,34.574261],[127.683895,34.574266]]]}},{"type":"Feature","properties":{"id":"cce775a7ab4b945ee1b564b16b8c6f48ee574918","cls":"styrofoam","cid":3,"cat":2,"conf":0.8,"area":3.1,"mask":true,"color":"#FFFFFF"},"geometry":{"type":"Polygon","coordinates":[[[127.683856,34.574283],[127.683858,34.574283],[127.68386,34.57428],[127.683864,34.57427],[127.683863,34.574269],[127.683859,34.574268],[127.683858,34.574269],[127.683855,34.574278],[127.683856,34.574283]]]}},{"type":"Feature","properties":{"id":"cd76ad9b80822015daf42d0bc297a05d98ecc100","cls":"styrofoam","cid":3,"cat":2,"conf":0.8,"area":2.5,"mask":true,"color":"#FFFFFF"},"geometry":{"type":"Polygon","coordinates":[[[127.683897,34.57417],[127.683901,34.574169],[127.683907,34.574164],[127.683907,34.574162],[127.683905,34.574161],[127.683903,34.574161],[127.683895,34.574166],[127.683896,34.574169],[127.683897,34.57417]]]}},{"type":"Feature","properties":{"id":"44597428e9faffaede7068f172f1021fb734ef94","cls":"styrofoam","cid":3,"cat":2,"conf":0.796,"area":1.2,"mask":true,"color":"#FFFFFF"},"geometry":{"type":"Polygon","coordinates":[[[127.683874,34.574203],[127.683876,34.574203],[127.683878,34.5742],[127.683879,34.574196],[127.683878,34.574195],[127.683876,34.574195],[127.683875,34.574197],[127.683874,34.574201],[127.683874,34.574203]]]}},{"type":"Feature","properties":{"id":"96fc3afc7b14a456cb7ffac111f365788e21adb8","cls":"styrofoam","cid":3,"cat":2,"conf":0.795,"area":4.2,"mask":true,"color":"#FFFFFF"},"geometry":{"type":"Polygon","coordinates":[[[127.68387,34.574217],[127.683876,34.574217],[127.683877,34.574216],[127.683877,34.574205],[127.683876,34.574204],[127.683872,34.574202],[127.683871,34.574203],[127.68387,34.574204],[127.683869,34.574216],[127.68387,34.574217]]]}},{"type":"Feature","properties":{"id":"a054b240cb3f6c91a81b72a64fecfc13e6c9abda","cls":"styrofoam","cid":3,"cat":2,"conf":0.792,"area":2.4,"mask":true,"color":"#FFFFFF"},"geometry":{"type":"Polygon","coordinates":[[[127.683891,34.574191],[127.683898,34.57419],[127.683899,34.574187],[127.683892,34.574185],[127.683889,34.574185],[127.683887,34.574189],[127.683888,34.57419],[127.683891,34.574191]]]}},{"type":"Feature","properties":{"id":"457b1bcfafd62198378eec2145d212606124a4e5","cls":"styrofoam","cid":3,"cat":2,"conf":0.789,"area":3.6,"mask":true,"color":"#FFFFFF"},"geometry":{"type":"Polygon","coordinates":[[[127.683882,34.574224],[127.683885,34.574224],[127.683892,34.57422],[127.683892,34.574218],[127.683889,34.574214],[127.683887,34.574214],[127.683877,34.574221],[127.683878,34.574223],[127.683882,34.574224]]]}},{"type":"Feature","properties":{"id":"d89518225e71981a4e2eddf3afce6aea46227fe8","cls":"styrofoam","cid":3,"cat":2,"conf":0.786,"area":2.2,"mask":true,"color":"#FFFFFF"},"geometry":{"type":"Polygon","coordinates":[[[127.683878,34.57427],[127.68388,34.574269],[127.683879,34.574266],[127.683872,34.574263],[127.683869,34.574263],[127.683868,34.574264],[127.683868,34.574267],[127.683878,34.57427]]]}},{"type":"Feature","properties":{"id":"3b478e5a0518458527060c5d5acfc01ade5a9e9a","cls":"styrofoam","cid":3,"cat":2,"conf":0.777,"area":2.7,"mask":true,"color":"#FFFFFF"},"geometry":{"type":"Polygon","coordinates":[[[127.68387,34.574232],[127.683882,34.574231],[127.683883,34.574229],[127.683882,34.574226],[127.683869,34.574228],[127.683869,34.574229],[127.68387,34.574232]]]}},{"type":"Feature","properties":{"id":"e7001ac9809e2e2f316ab8a0d26919c8ac367ab3","cls":"styrofoam","cid":3,"cat":2,"conf":0.774,"area":1.3,"mask":true,"color":"#FFFFFF"},"geometry":{"type":"Polygon","coordinates":[[[127.683893,34.574174],[127.683897,34.574173],[127.683896,34.574166],[127.683892,34.574167],[127.683892,34.574171],[127.683893,34.574174]]]}},{"type":"Feature","properties":{"id":"313a97545187422cbbf561e6278a935cd94880fa","cls":"styrofoam","cid":3,"cat":2,"conf":0.768,"area":1.0,"mask":true,"color":"#FFFFFF"},"geometry":{"type":"Polygon","coordinates":[[[127.683858,34.574267],[127.683864,34.574265],[127.683864,34.574264],[127.683863,34.574262],[127.683861,34.574262],[127.683857,34.574264],[127.683857,34.574266],[127.683858,34.574267]]]}},{"type":"Feature","properties":{"id":"f0717d54ce379f6b0c93edb04845ea133e22bb84","cls":"styrofoam","cid":3,"cat":2,"conf":0.767,"area":0.9,"mask":true,"color":"#FFFFFF"},"geometry":{"type":"Polygon","coordinates":[[[127.683866,34.574254],[127.683869,34.574254],[127.68387,34.574253],[127.68387,34.574251],[127.683868,34.574249],[127.683866,34.574249],[127.683865,34.57425],[127.683865,34.574252],[127.683866,34.574254]]]}},{"type":"Feature","properties":{"id":"79a2df7d224f14b06f9e248b76ef58598f64635e","cls":"styrofoam","cid":3,"cat":2,"conf":0.753,"area":1.3,"mask":true,"color":"#FFFFFF"},"geometry":{"type":"Polygon","coordinates":[[[127.683899,34.574248],[127.683901,34.574247],[127.683903,34.574245],[127.683902,34.574243],[127.6839,34.57424],[127.683899,34.57424],[127.683896,34.574242],[127.683896,34.574244],[127.683899,34.574248]]]}},{"type":"Feature","properties":{"id":"a1331200d5223f01330981dc788c8a95a72b8925","cls":"styrofoam","cid":3,"cat":2,"conf":0.751,"area":1.0,"mask":true,"color":"#FFFFFF"},"geometry":{"type":"Polygon","coordinates":[[[127.683886,34.574268],[127.683888,34.574266],[127.683889,34.574264],[127.683888,34.574263],[127.683885,34.574263],[127.683883,34.574263],[127.683883,34.574264],[127.683885,34.574268],[127.683886,34.574268]]]}},{"type":"Feature","properties":{"id":"3a5d19d89d78669845425657b03f82784c5cca20","cls":"styrofoam","cid":3,"cat":2,"conf":0.749,"area":0.9,"mask":true,"color":"#FFFFFF"},"geometry":{"type":"Polygon","coordinates":[[[127.683889,34.57421],[127.68389,34.57421],[127.683893,34.574207],[127.683893,34.574205],[127.683891,34.574203],[127.683889,34.574205],[127.683888,34.574208],[127.683889,34.57421]]]}},{"type":"Feature","properties":{"id":"4d28746ce98da3e71343423f83978043dbfa4729","cls":"styrofoam","cid":3,"cat":2,"conf":0.74,"area":2.2,"mask":true,"color":"#FFFFFF"},"geometry":{"type":"Polygon","coordinates":[[[127.683906,34.574161],[127.683907,34.574161],[127.683908,34.574159],[127.683908,34.574155],[127.683906,34.574152],[127.683899,34.574152],[127.683901,34.574158],[127.683906,34.574161]]]}},{"type":"Feature","properties":{"id":"da8d9c6187cb04cf0aab9848f8ced6fa008d8ed4","cls":"styrofoam","cid":3,"cat":2,"conf":0.739,"area":0.7,"mask":true,"color":"#FFFFFF"},"geometry":{"type":"Polygon","coordinates":[[[127.68388,34.574259],[127.68388,34.574258],[127.68388,34.574256],[127.683879,34.574255],[127.683878,34.574254],[127.683876,34.574256],[127.683876,34.574258],[127.683878,34.574259],[127.68388,34.574259]]]}},{"type":"Feature","properties":{"id":"a77aa64b50bf1955d010fe52d9eee4d89f3863e0","cls":"styrofoam","cid":3,"cat":2,"conf":0.731,"area":0.7,"mask":true,"color":"#FFFFFF"},"geometry":{"type":"Polygon","coordinates":[[[127.683881,34.57427],[127.683884,34.574269],[127.683884,34.574266],[127.683882,34.574265],[127.68388,34.574266],[127.683881,34.57427]]]}},{"type":"Feature","properties":{"id":"ce35012083446533c492c71a02974178a9bfbaae","cls":"styrofoam","cid":3,"cat":2,"conf":0.729,"area":1.4,"mask":true,"color":"#FFFFFF"},"geometry":{"type":"Polygon","coordinates":[[[127.683887,34.574227],[127.683894,34.574225],[127.683894,34.574223],[127.683891,34.574221],[127.683887,34.574222],[127.683886,34.574226],[127.683887,34.574227]]]}},{"type":"Feature","properties":{"id":"9ca1c3ee8017866f288b86de741ae70dbfc657bb","cls":"styrofoam","cid":3,"cat":2,"conf":0.726,"area":0.8,"mask":true,"color":"#FFFFFF"},"geometry":{"type":"Polygon","coordinates":[[[127.683871,34.57417],[127.683873,34.574169],[127.683873,34.574167],[127.683869,34.574166],[127.683867,34.574167],[127.683866,34.574169],[127.683871,34.57417]]]}},{"type":"Feature","properties":{"id":"eb9eac2e0694e9583c5bb78eb4030c148a167a31","cls":"styrofoam","cid":3,"cat":2,"conf":0.716,"area":2.0,"mask":true,"color":"#FFFFFF"},"geometry":{"type":"Polygon","coordinates":[[[127.683893,34.574166],[127.683896,34.574165],[127.683901,34.574162],[127.683901,34.57416],[127.683898,34.574158],[127.683896,34.574159],[127.683892,34.574161],[127.683893,34.574166]]]}},{"type":"Feature","properties":{"id":"f95b3ca68275759426e175829bc5c7c5ddd62bda","cls":"styrofoam","cid":3,"cat":2,"conf":0.715,"area":0.6,"mask":true,"color":"#FFFFFF"},"geometry":{"type":"Polygon","coordinates":[[[127.683869,34.574249],[127.683872,34.574249],[127.683872,34.574246],[127.683871,34.574245],[127.683869,34.574245],[127.683868,34.574247],[127.683868,34.574248],[127.683869,34.574249]]]}},{"type":"Feature","properties":{"id":"ae127d3bf0623cc695739c1acbba15638fe95388","cls":"styrofoam","cid":3,"cat":2,"conf":0.708,"area":0.8,"mask":true,"color":"#FFFFFF"},"geometry":{"type":"Polygon","coordinates":[[[127.68389,34.574239],[127.683892,34.574239],[127.683893,34.574237],[127.683893,34.574235],[127.683891,34.574234],[127.683889,34.574235],[127.683889,34.574237],[127.68389,34.574239]]]}},{"type":"Feature","properties":{"id":"aa136f4443df82031d5c432c81dc47309a3776b4","cls":"styrofoam","cid":3,"cat":2,"conf":0.705,"area":0.7,"mask":true,"color":"#FFFFFF"},"geometry":{"type":"Polygon","coordinates":[[[127.683876,34.574194],[127.683878,34.574194],[127.68388,34.574193],[127.683879,34.574191],[127.683876,34.57419],[127.683875,34.574191],[127.683874,34.574193],[127.683876,34.574194]]]}},{"type":"Feature","properties":{"id":"079e77cef003cfa8a3f20c909aaf4fd35f75911d","cls":"styrofoam","cid":3,"cat":2,"conf":0.702,"area":0.6,"mask":true,"color":"#FFFFFF"},"geometry":{"type":"Polygon","coordinates":[[[127.683895,34.574249],[127.683897,34.574249],[127.683898,34.574248],[127.683898,34.574246],[127.683896,34.574245],[127.683893,34.574247],[127.683894,34.574248],[127.683895,34.574249]]]}},{"type":"Feature","properties":{"id":"5a87803a49f1aea4ddfcdfc1a069d6fd326de52a","cls":"styrofoam","cid":3,"cat":2,"conf":0.696,"area":0.5,"mask":true,"color":"#FFFFFF"},"geometry":{"type":"Polygon","coordinates":[[[127.683872,34.574223],[127.683874,34.574223],[127.683874,34.574221],[127.683873,34.57422],[127.683872,34.57422],[127.68387,34.57422],[127.68387,34.574222],[127.683872,34.574223]]]}},{"type":"Feature","properties":{"id":"bec80b894ce933ae11512ff01d07a68fc9ffab67","cls":"styrofoam","cid":3,"cat":2,"conf":0.675,"area":1.0,"mask":true,"color":"#FFFFFF"},"geometry":{"type":"Polygon","coordinates":[[[127.683884,34.574171],[127.683887,34.57417],[127.683889,34.574169],[127.683889,34.574166],[127.683884,34.574167],[127.683883,34.57417],[127.683884,34.574171]]]}},{"type":"Feature","properties":{"id":"03954506885e4e95df63cbb76a7dbe85747313f9","cls":"styrofoam","cid":3,"cat":2,"conf":0.672,"area":0.7,"mask":true,"color":"#FFFFFF"},"geometry":{"type":"Polygon","coordinates":[[[127.683865,34.574283],[127.683869,34.574282],[127.683869,34.574281],[127.683868,34.57428],[127.683866,34.574279],[127.683864,34.57428],[127.683864,34.574282],[127.683865,34.574283]]]}},{"type":"Feature","properties":{"id":"dbc919843f0ef1619c81434663b7d79b9038834d","cls":"buoy_blue","cid":1,"cat":1,"conf":0.668,"area":2.8,"mask":true,"color":"#0066CC"},"geometry":{"type":"Polygon","coordinates":[[[127.683878,34.57419],[127.683883,34.574189],[127.683884,34.574184],[127.683883,34.574183],[127.683876,34.574183],[127.683874,34.574183],[127.683873,34.574185],[127.683873,34.574188],[127.683873,34.574189],[127.683878,34.57419]]]}},{"type":"Feature","properties":{"id":"c6481cabf85b6ad35818f1a8cd95d9bdc5be3ec7","cls":"styrofoam","cid":3,"cat":2,"conf":0.659,"area":0.5,"mask":true,"color":"#FFFFFF"},"geometry":{"type":"Polygon","coordinates":[[[127.683896,34.574238],[127.683898,34.574237],[127.683898,34.574235],[127.683897,34.574234],[127.683894,34.574235],[127.683894,34.574236],[127.683894,34.574237],[127.683896,34.574238]]]}},{"type":"Feature","properties":{"id":"5c8f58ddd901828c477d4ab03edf32b81e7a5106","cls":"styrofoam","cid":3,"cat":2,"conf":0.654,"area":0.4,"mask":true,"color":"#FFFFFF"},"geometry":{"type":"Polygon","coordinates":[[[127.683861,34.574283],[127.683863,34.574282],[127.683864,34.574281],[127.683863,34.57428],[127.68386,34.57428],[127.68386,34.574282],[127.683861,34.574283]]]}},{"type":"Feature","properties":{"id":"2664cf0b7390f9a365cf135690d0d37a4beeda0c","cls":"styrofoam","cid":3,"cat":2,"conf":0.64,"area":0.6,"mask":true,"color":"#FFFFFF"},"geometry":{"type":"Polygon","coordinates":[[[127.683901,34.57424],[127.683903,34.574239],[127.683903,34.574237],[127.683902,34.574236],[127.6839,34.574236],[127.683899,34.574237],[127.683899,34.574238],[127.683901,34.57424]]]}},{"type":"Feature","properties":{"id":"e1a808e9464609e8ec3ff54f85153577b053f895","cls":"styrofoam","cid":3,"cat":2,"conf":0.58,"area":0.5,"mask":true,"color":"#FFFFFF"},"geometry":{"type":"Polygon","coordinates":[[[127.683877,34.574241],[127.683879,34.57424],[127.68388,34.574239],[127.683879,34.574237],[127.683878,34.574237],[127.683876,34.574238],[127.683876,34.57424],[127.683877,34.574241]]]}},{"type":"Feature","properties":{"id":"933460e75fc60cb64a00a0d20cee112f0fa74c9a","cls":"styrofoam","cid":3,"cat":2,"conf":0.553,"area":0.8,"mask":true,"color":"#FFFFFF"},"geometry":{"type":"Polygon","coordinates":[[[127.683869,34.574285],[127.68387,34.574284],[127.683869,34.574283],[127.683864,34.574283],[127.683862,34.574283],[127.683863,34.574285],[127.683869,34.574285]]]}},{"type":"Feature","properties":{"id":"2390f24af175154576e8c301b001615a5fa57f45","cls":"styrofoam","cid":3,"cat":2,"conf":0.545,"area":0.5,"mask":true,"color":"#FFFFFF"},"geometry":{"type":"Polygon","coordinates":[[[127.683895,34.57427],[127.683898,34.574269],[127.683898,34.574266],[127.683896,34.574266],[127.683894,34.574267],[127.683894,34.574267],[127.683895,34.57427]]]}},{"type":"Feature","properties":{"id":"45001893877b350fd119966b2a2eb0890ddd9b11","cls":"styrofoam","cid":3,"cat":2,"conf":0.543,"area":0.6,"mask":true,"color":"#FFFFFF"},"geometry":{"type":"Polygon","coordinates":[[[127.683877,34.574265],[127.683879,34.574264],[127.683879,34.574262],[127.683878,34.574261],[127.683874,34.574262],[127.683874,34.574263],[127.683877,34.574265]]]}},{"type":"Feature","properties":{"id":"0447277da9152a75247664372ddca124c7fe9f1a","cls":"styrofoam","cid":3,"cat":2,"conf":0.53,"area":1.7,"mask":true,"color":"#FFFFFF"},"geometry":{"type":"Polygon","coordinates":[[[127.683893,34.574159],[127.6839,34.574156],[127.683899,34.574153],[127.683893,34.574153],[127.683893,34.574153],[127.683891,34.574158],[127.683893,34.574159]]]}},{"type":"Feature","properties":{"id":"8f2809ea1ba45667bcf15fb39fadb26da86008f9","cls":"styrofoam","cid":3,"cat":2,"conf":0.523,"area":0.5,"mask":true,"color":"#FFFFFF"},"geometry":{"type":"Polygon","coordinates":[[[127.683872,34.574227],[127.683874,34.574226],[127.683874,34.574223],[127.68387,34.574224],[127.68387,34.574226],[127.683872,34.574227]]]}},{"type":"Feature","properties":{"id":"888532157533882d4a67aa260475cfcb7d62fe5f","cls":"styrofoam","cid":3,"cat":2,"conf":0.516,"area":0.3,"mask":true,"color":"#FFFFFF"},"geometry":{"type":"Polygon","coordinates":[[[127.683856,34.574286],[127.683863,34.574286],[127.68386,34.574285],[127.683857,34.574285],[127.683856,34.574286]]]}},{"type":"Feature","properties":{"id":"15f3f05cb9b2d94d51074201f5ee9091ab042c4e","cls":"styrofoam","cid":3,"cat":2,"conf":0.504,"area":0.5,"mask":true,"color":"#FFFFFF"},"geometry":{"type":"Polygon","coordinates":[[[127.683857,34.574238],[127.683858,34.574238],[127.68386,34.574236],[127.68386,34.574234],[127.683857,34.574234],[127.683856,34.574237],[127.683857,34.574238]]]}},{"type":"Feature","properties":{"id":"2a58fb6ec501ce811195b70346bd9a6e265641d1","cls":"styrofoam","cid":3,"cat":2,"conf":0.488,"area":0.9,"mask":true,"color":"#FFFFFF"},"geometry":{"type":"Polygon","coordinates":[[[127.683897,34.574224],[127.6839,34.574224],[127.683901,34.574221],[127.683896,34.574219],[127.683895,34.574219],[127.683895,34.574221],[127.683897,34.574224]]]}},{"type":"Feature","properties":{"id":"39e9541b39fd7f884c329e06b2a4937ebd212eff","cls":"styrofoam","cid":3,"cat":2,"conf":0.435,"area":0.4,"mask":true,"color":"#FFFFFF"},"geometry":{"type":"Polygon","coordinates":[[[127.683879,34.574218],[127.683882,34.574217],[127.683881,34.574216],[127.68388,34.574215],[127.683878,34.574215],[127.683877,34.574217],[127.683878,34.574218],[127.683879,34.574218]]]}},{"type":"Feature","properties":{"id":"a3f11ffc078c1bff29c67aca6f52925fa12558ba","cls":"styrofoam","cid":3,"cat":2,"conf":0.416,"area":0.6,"mask":true,"color":"#FFFFFF"},"geometry":{"type":"Polygon","coordinates":[[[127.683875,34.574236],[127.683876,34.574236],[127.683877,34.574234],[127.683876,34.574232],[127.683874,34.574232],[127.683872,34.574233],[127.683872,34.574235],[127.683875,34.574236]]]}},{"type":"Feature","properties":{"id":"15b77041ce468a3a5502413a11a3cb3b9b27191f","cls":"plastic_box","cid":6,"cat":3,"conf":0.119,"area":1.3,"mask":true,"color":"#FF8C00"},"geometry":{"type":"Polygon","coordinates":[[[127.683889,34.574273],[127.683891,34.574273],[127.683894,34.574271],[127.683894,34.574268],[127.683892,34.574267],[127.683889,34.574267],[127.683888,34.574268],[127.683888,34.574271],[127.683889,34.574273]]]}},{"type":"Feature","properties":{"id":"12db1a98d125b40671e5703c9e43f3a53406dab8","cls":"styrofoam","cid":3,"cat":2,"conf":0.805,"area":1.7,"mask":true,"color":"#FFFFFF"},"geometry":{"type":"Polygon","coordinates":[[[127.683731,34.574112],[127.683733,34.574112],[127.683734,34.574108],[127.683729,34.574106],[127.683727,34.574104],[127.683726,34.574105],[127.683725,34.574108],[127.683726,34.574111],[127.683731,34.574112]]]}},{"type":"Feature","properties":{"id":"8609a93f6ff170ad25df250bcd9ad49e1a9ceb73","cls":"styrofoam","cid":3,"cat":2,"conf":0.738,"area":2.5,"mask":true,"color":"#FFFFFF"},"geometry":{"type":"Polygon","coordinates":[[[127.683736,34.574083],[127.683741,34.574083],[127.68374,34.574074],[127.683735,34.574075],[127.683733,34.574077],[127.683733,34.574081],[127.683736,34.574083]]]}},{"type":"Feature","properties":{"id":"622050d128cb33bd6e14f61dd59d454c5eb40a74","cls":"other_debris","cid":7,"cat":4,"conf":0.655,"area":23.2,"mask":false,"color":"#696969"},"geometry":{"type":"Polygon","coordinates":[[[127.683793,34.574137],[127.683773,34.574137],[127.683773,34.574166],[127.683793,34.574166],[127.683793,34.574137]]]}},{"type":"Feature","properties":{"id":"dfdb5f221ed949cd1de9b4cc3a433801b3fe121f","cls":"buoy_bottle","cid":0,"cat":1,"conf":0.655,"area":3.4,"mask":false,"color":"#8B4513"},"geometry":{"type":"Polygon","coordinates":[[[127.68379,34.574134],[127.683782,34.574134],[127.683782,34.574144],[127.68379,34.574144],[127.68379,34.574134]]]}},{"type":"Feature","properties":{"id":"806adad488fb2c7440727be0ede138b33b3f345e","cls":"buoy_bottle","cid":0,"cat":1,"conf":0.6,"area":1.3,"mask":true,"color":"#8B4513"},"geometry":{"type":"Polygon","coordinates":[[[127.683805,34.574163],[127.683808,34.574163],[127.683808,34.574162],[127.683802,34.574157],[127.683799,34.574156],[127.683799,34.574157],[127.683799,34.574159],[127.683805,34.574163]]]}},{"type":"Feature","properties":{"id":"30ac50b5494db07bf9d82f180ec94cbf93618b6a","cls":"styrofoam","cid":3,"cat":2,"conf":0.524,"area":0.7,"mask":true,"color":"#FFFFFF"},"geometry":{"type":"Polygon","coordinates":[[[127.683782,34.574121],[127.683783,34.57412],[127.683783,34.574118],[127.683779,34.574117],[127.683777,34.574118],[127.683777,34.57412],[127.683782,34.574121]]]}},{"type":"Feature","properties":{"id":"9a649693427c12eafcdb7059aeff5a51ce6b8dd0","cls":"styrofoam","cid":3,"cat":2,"conf":0.841,"area":3.2,"mask":true,"color":"#FFFFFF"},"geometry":{"type":"Polygon","coordinates":[[[127.68388,34.574072],[127.683885,34.574071],[127.683886,34.574069],[127.683882,34.574062],[127.683879,34.574061],[127.683875,34.574062],[127.683875,34.574063],[127.683879,34.574071],[127.68388,34.574072]]]}},{"type":"Feature","properties":{"id":"c9218e3e89f6b13334e014049e995bc5877b3df2","cls":"styrofoam","cid":3,"cat":2,"conf":0.827,"area":3.5,"mask":true,"color":"#FFFFFF"},"geometry":{"type":"Polygon","coordinates":[[[127.683875,34.574162],[127.683878,34.574161],[127.683878,34.574159],[127.683884,34.574155],[127.683884,34.574154],[127.68388,34.574151],[127.683879,34.574151],[127.68387,34.574157],[127.683871,34.574159],[127.683875,34.574162]]]}},{"type":"Feature","properties":{"id":"19eb2483232739b633ebba84b6c619d29aac8cc0","cls":"styrofoam","cid":3,"cat":2,"conf":0.82,"area":3.0,"mask":true,"color":"#FFFFFF"},"geometry":{"type":"Polygon","coordinates":[[[127.683898,34.574137],[127.683904,34.574136],[127.683902,34.574126],[127.6839,34.574126],[127.683897,34.574126],[127.683896,34.574128],[127.683896,34.574136],[127.683898,34.574137]]]}},{"type":"Feature","properties":{"id":"e53921d3357f41cfc1b9218cffcff45cf28609cf","cls":"styrofoam","cid":3,"cat":2,"conf":0.819,"area":2.9,"mask":true,"color":"#FFFFFF"},"geometry":{"type":"Polygon","coordinates":[[[127.683909,34.574143],[127.683913,34.574143],[127.683914,34.574141],[127.683912,34.574133],[127.68391,34.574131],[127.683907,34.574132],[127.683906,34.574133],[127.683907,34.574141],[127.683907,34.574143],[127.683909,34.574143]]]}},{"type":"Feature","properties":{"id":"9a0e23f2474f6bf86dd56ce0d00bffa85364a337","cls":"styrofoam","cid":3,"cat":2,"conf":0.819,"area":2.6,"mask":true,"color":"#FFFFFF"},"geometry":{"type":"Polygon","coordinates":[[[127.683895,34.574126],[127.683899,34.574125],[127.683899,34.574123],[127.683897,34.574116],[127.683896,34.574116],[127.683893,34.574116],[127.683891,34.574116],[127.683892,34.574123],[127.683893,34.574125],[127.683895,34.574126]]]}},{"type":"Feature","properties":{"id":"330d4e600f7899e482d5de7f20ce28e5c65f9a44","cls":"styrofoam","cid":3,"cat":2,"conf":0.816,"area":2.6,"mask":true,"color":"#FFFFFF"},"geometry":{"type":"Polygon","coordinates":[[[127.68386,34.574166],[127.683868,34.574166],[127.683873,34.574162],[127.68387,34.574158],[127.683869,34.574158],[127.68386,34.574164],[127.68386,34.574166]]]}},{"type":"Feature","properties":{"id":"a0c72fd8d296f77929dc54144224abad3e4449ed","cls":"other_debris","cid":7,"cat":4,"conf":0.804,"area":14.5,"mask":true,"color":"#696969"},"geometry":{"type":"Polygon","coordinates":[[[127.683918,34.574098],[127.683922,34.574095],[127.683921,34.574092],[127.683924,34.574091],[127.683924,34.574087],[127.683919,34.574079],[127.68391,34.574068],[127.683907,34.574066],[127.683905,34.574069],[127.683902,34.57407],[127.683901,34.574072],[127.683901,34.574072],[127.683903,34.57407],[127.683904,34.574073],[127.683902,34.574079],[127.683912,34.574091],[127.683917,34.574095],[127.683918,34.574098]]]}},{"type":"Feature","properties":{"id":"8a01791bc03699cfae08c15d42a80a4856d886ed","cls":"styrofoam","cid":3,"cat":2,"conf":0.797,"area":2.9,"mask":true,"color":"#FFFFFF"},"geometry":{"type":"Polygon","coordinates":[[[127.68389,34.574152],[127.683899,34.574149],[127.6839,34.574147],[127.6839,34.574145],[127.683897,34.574143],[127.683896,34.574143],[127.683889,34.574146],[127.683888,34.574149],[127.68389,34.574152]]]}},{"type":"Feature","properties":{"id":"16d1e50e7a89f516e09aebf87584a4800586119e","cls":"styrofoam","cid":3,"cat":2,"conf":0.784,"area":0.9,"mask":true,"color":"#FFFFFF"},"geometry":{"type":"Polygon","coordinates":[[[127.683907,34.574154],[127.683911,34.574153],[127.683911,34.574149],[127.68391,34.574148],[127.683906,34.574149],[127.683907,34.574154]]]}},{"type":"Feature","properties":{"id":"a841bf4d94d7be50bc79865c4c1198fcf2217bee","cls":"styrofoam","cid":3,"cat":2,"conf":0.765,"area":2.8,"mask":true,"color":"#FFFFFF"},"geometry":{"type":"Polygon","coordinates":[[[127.683906,34.574161],[127.683907,34.574161],[127.683908,34.574156],[127.683905,34.57415],[127.683904,34.574149],[127.683902,34.57415],[127.683899,34.574152],[127.683901,34.574158],[127.683906,34.574161]]]}},{"type":"Feature","properties":{"id":"7b8055826dfb6adc5bcde512035fdddb3b806a05","cls":"styrofoam","cid":3,"cat":2,"conf":0.758,"area":7.9,"mask":true,"color":"#FFFFFF"},"geometry":{"type":"Polygon","coordinates":[[[127.683885,34.574062],[127.683896,34.574057],[127.683898,34.574053],[127.683898,34.574051],[127.683896,34.574048],[127.683893,34.574047],[127.683891,34.574049],[127.683884,34.574049],[127.683881,34.574049],[127.68388,34.57405],[127.683877,34.57405],[127.683878,34.574055],[127.683882,34.574057],[127.683883,34.574061],[127.683885,34.574062]]]}},{"type":"Feature","properties":{"id":"2457d4e40d4629685a54150b4016d2cc3370ab88","cls":"other_debris","cid":7,"cat":4,"conf":0.747,"area":35.5,"mask":false,"color":"#696969"},"geometry":{"type":"Polygon","coordinates":[[[127.6839,34.574071],[127.683876,34.574071],[127.683876,34.574107],[127.6839,34.574107],[127.6839,34.574071]]]}},{"type":"Feature","properties":{"id":"04d2ff751dd27867234169de9f37500b5db2db0f","cls":"styrofoam","cid":3,"cat":2,"conf":0.735,"area":0.5,"mask":true,"color":"#FFFFFF"},"geometry":{"type":"Polygon","coordinates":[[[127.68391,34.574147],[127.683912,34.574147],[127.683913,34.574147],[127.683914,34.574145],[127.683912,34.574144],[127.683911,34.574144],[127.683909,34.574145],[127.683909,34.574146],[127.68391,34.574147]]]}},{"type":"Feature","properties":{"id":"a177bc77927fa34f78552dbf4277aef11b0b52fb","cls":"styrofoam","cid":3,"cat":2,"conf":0.723,"area":2.1,"mask":true,"color":"#FFFFFF"},"geometry":{"type":"Polygon","coordinates":[[[127.683892,34.574165],[127.683897,34.574165],[127.6839,34.574163],[127.683902,34.57416],[127.6839,34.574158],[127.683897,34.574158],[127.683894,34.57416],[127.683891,34.574161],[127.683892,34.574165]]]}},{"type":"Feature","properties":{"id":"8a202c099f437ea532469904cfc907bb3f8ed1a9","cls":"styrofoam","cid":3,"cat":2,"conf":0.671,"area":1.3,"mask":true,"color":"#FFFFFF"},"geometry":{"type":"Polygon","coordinates":[[[127.683897,34.574165],[127.683905,34.574165],[127.683907,34.574163],[127.683907,34.574162],[127.683905,34.574161],[127.683903,34.57416],[127.683897,34.574165]]]}},{"type":"Feature","properties":{"id":"4065c854e69a168aa519e5d63a339e94f16d0c95","cls":"styrofoam","cid":3,"cat":2,"conf":0.654,"area":3.2,"mask":true,"color":"#FFFFFF"},"geometry":{"type":"Polygon","coordinates":[[[127.683872,34.574058],[127.683876,34.574057],[127.683877,34.574055],[127.683875,34.574048],[127.683872,34.574047],[127.683869,34.574047],[127.683867,34.574049],[127.68387,34.574056],[127.683872,34.574058]]]}},{"type":"Feature","properties":{"id":"1497b4497526896e601381c58888413ffc707568","cls":"styrofoam","cid":3,"cat":2,"conf":0.637,"area":0.7,"mask":true,"color":"#FFFFFF"},"geometry":{"type":"Polygon","coordinates":[[[127.683905,34.574133],[127.683907,34.574131],[127.683908,34.574129],[127.683907,34.574128],[127.683904,34.574128],[127.683903,34.574131],[127.683905,34.574133]]]}},{"type":"Feature","properties":{"id":"79477a351c915aca6f6e28200fe647aa178d75a2","cls":"other_debris","cid":7,"cat":4,"conf":0.632,"area":0.8,"mask":true,"color":"#696969"},"geometry":{"type":"Polygon","coordinates":[[[127.6839,34.57415],[127.683903,34.574149],[127.683909,34.574144],[127.683907,34.574143],[127.683901,34.574148],[127.6839,34.57415]]]}},{"type":"Feature","properties":{"id":"de84c249b83e6e971f8e9213372dd56bce002a20","cls":"other_debris","cid":7,"cat":4,"conf":0.614,"area":10.0,"mask":true,"color":"#696969"},"geometry":{"type":"Polygon","coordinates":[[[127.683896,34.574095],[127.683897,34.574093],[127.683897,34.57409],[127.683895,34.574084],[127.683895,34.574079],[127.683892,34.574076],[127.683891,34.574073],[127.683889,34.574074],[127.683886,34.574072],[127.683884,34.574072],[127.68388,34.574073],[127.683879,34.574073],[127.683885,34.574088],[127.683888,34.57409],[127.683891,34.574094],[127.683896,34.574095]]]}},{"type":"Feature","properties":{"id":"b28aa5f499502b6e5172a2274d2f5be76af51dd6","cls":"buoy_blue","cid":1,"cat":1,"conf":0.594,"area":1.1,"mask":true,"color":"#0066CC"},"geometry":{"type":"Polygon","coordinates":[[[127.683912,34.574126],[127.683916,34.574125],[127.683917,34.574122],[127.683916,34.574121],[127.683914,34.574121],[127.683911,34.574122],[127.68391,34.574124],[127.683912,34.574126]]]}},{"type":"Feature","properties":{"id":"e479cad531a4fd14753d514391fe6e19898dfe32","cls":"styrofoam","cid":3,"cat":2,"conf":0.592,"area":1.7,"mask":true,"color":"#FFFFFF"},"geometry":{"type":"Polygon","coordinates":[[[127.683893,34.574159],[127.683899,34.574157],[127.6839,34.574156],[127.683898,34.574152],[127.683894,34.574153],[127.683893,34.574154],[127.683891,34.574158],[127.683893,34.574159]]]}},{"type":"Feature","properties":{"id":"9caac1c224f432867f8b9fb2b1be8c2e6e1bf9b7","cls":"styrofoam","cid":3,"cat":2,"conf":0.556,"area":1.9,"mask":true,"color":"#FFFFFF"},"geometry":{"type":"Polygon","coordinates":[[[127.683905,34.574126],[127.683906,34.574125],[127.683909,34.574124],[127.68391,34.574121],[127.68391,34.574119],[127.683902,34.574119],[127.683902,34.574126],[127.683905,34.574126]]]}},{"type":"Feature","properties":{"id":"29a5b7f363587a33dba7be03f2ba0f01f4a97f1e","cls":"styrofoam","cid":3,"cat":2,"conf":0.466,"area":0.5,"mask":true,"color":"#FFFFFF"},"geometry":{"type":"Polygon","coordinates":[[[127.683907,34.574128],[127.683908,34.574128],[127.683909,34.574127],[127.683909,34.574125],[127.683908,34.574124],[127.683906,34.574125],[127.683905,34.574126],[127.683907,34.574128]]]}},{"type":"Feature","properties":{"id":"ba6589ffc9ca1d32919ab594dc42610a0610cf7e","cls":"styrofoam","cid":3,"cat":2,"conf":0.425,"area":0.6,"mask":true,"color":"#FFFFFF"},"geometry":{"type":"Polygon","coordinates":[[[127.683886,34.574081],[127.683887,34.574081],[127.683889,34.574079],[127.683888,34.574078],[127.683887,34.574077],[127.683885,34.574077],[127.683884,34.574078],[127.683884,34.57408],[127.683886,34.574081]]]}},{"type":"Feature","properties":{"id":"ef086fef50573b2611e4d7cf47289b11d1d5b336","cls":"styrofoam","cid":3,"cat":2,"conf":0.756,"area":1.5,"mask":true,"color":"#FFFFFF"},"geometry":{"type":"Polygon","coordinates":[[[127.683626,34.573748],[127.68363,34.573747],[127.683631,34.573744],[127.683631,34.573742],[127.68363,34.573741],[127.683625,34.573742],[127.683625,34.573747],[127.683626,34.573748]]]}},{"type":"Feature","properties":{"id":"031f5361a282c69ae276069bb1bd929c348af4f0","cls":"styrofoam","cid":3,"cat":2,"conf":0.442,"area":0.2,"mask":true,"color":"#FFFFFF"},"geometry":{"type":"Polygon","coordinates":[[[127.684413,34.575089],[127.684414,34.575088],[127.684414,34.575086],[127.684413,34.575085],[127.684412,34.575085],[127.684413,34.575089]]]}},{"type":"Feature","properties":{"id":"5a6c46be434cb08d11fdaf9db953bda067ffb2fb","cls":"styrofoam","cid":3,"cat":2,"conf":0.813,"area":3.5,"mask":true,"color":"#FFFFFF"},"geometry":{"type":"Polygon","coordinates":[[[127.684176,34.574964],[127.684191,34.574963],[127.684191,34.574959],[127.684186,34.574958],[127.684176,34.574958],[127.684175,34.574961],[127.684176,34.574964]]]}},{"type":"Feature","properties":{"id":"4fdb5ba718caac7743a7306dc3a0161907765f93","cls":"plastic_box","cid":6,"cat":3,"conf":0.772,"area":1.1,"mask":true,"color":"#FF8C00"},"geometry":{"type":"Polygon","coordinates":[[[127.684175,34.574984],[127.684181,34.574983],[127.684181,34.574981],[127.68418,34.57498],[127.684175,34.57498],[127.684174,34.574981],[127.684175,34.574984]]]}},{"type":"Feature","properties":{"id":"11811b8b0ee378531099362dc301b0a4dea71496","cls":"styrofoam","cid":3,"cat":2,"conf":0.783,"area":5.0,"mask":true,"color":"#FFFFFF"},"geometry":{"type":"Polygon","coordinates":[[[127.684375,34.574934],[127.68438,34.574933],[127.684382,34.574932],[127.684381,34.57493],[127.684382,34.574929],[127.684382,34.574928],[127.684381,34.574926],[127.684372,34.574924],[127.684369,34.574924],[127.684368,34.574926],[127.684367,34.574932],[127.684375,34.574934]]]}},{"type":"Feature","properties":{"id":"f81947a41663614b5195f3c64720d09d7cbc9204","cls":"styrofoam","cid":3,"cat":2,"conf":0.667,"area":1.2,"mask":true,"color":"#FFFFFF"},"geometry":{"type":"Polygon","coordinates":[[[127.684297,34.574968],[127.684303,34.574966],[127.684303,34.574963],[127.684302,34.574962],[127.684297,34.574964],[127.684297,34.574968]]]}},{"type":"Feature","properties":{"id":"1f9e7e435360bc3cedd718c585fbbe5c19ca32a1","cls":"styrofoam","cid":3,"cat":2,"conf":0.532,"area":0.8,"mask":true,"color":"#FFFFFF"},"geometry":{"type":"Polygon","coordinates":[[[127.684338,34.574924],[127.684342,34.574923],[127.684344,34.574922],[127.684344,34.574921],[127.684336,34.574921],[127.684338,34.574924]]]}},{"type":"Feature","properties":{"id":"bf6d37345a3ff49cec068c3c7088341b681bb2dc","cls":"styrofoam","cid":3,"cat":2,"conf":0.789,"area":1.4,"mask":true,"color":"#FFFFFF"},"geometry":{"type":"Polygon","coordinates":[[[127.684179,34.574915],[127.684181,34.574915],[127.684182,34.574914],[127.684183,34.574912],[127.684178,34.574909],[127.684174,34.574909],[127.684174,34.574911],[127.684176,34.574913],[127.684179,34.574915]]]}},{"type":"Feature","properties":{"id":"4d64da43772b276e91fa14a4528ab6e3e7d2f7ed","cls":"styrofoam","cid":3,"cat":2,"conf":0.756,"area":1.0,"mask":true,"color":"#FFFFFF"},"geometry":{"type":"Polygon","coordinates":[[[127.684244,34.574911],[127.684246,34.57491],[127.684246,34.574907],[127.68424,34.574907],[127.68424,34.57491],[127.684244,34.574911]]]}},{"type":"Feature","properties":{"id":"16d8784a80c86423d6a22becf4e7646f47b78621","cls":"styrofoam","cid":3,"cat":2,"conf":0.722,"area":0.9,"mask":true,"color":"#FFFFFF"},"geometry":{"type":"Polygon","coordinates":[[[127.684192,34.574887],[127.684195,34.574887],[127.684195,34.574884],[127.684193,34.574883],[127.68419,34.574882],[127.684189,34.574883],[127.68419,34.574885],[127.684192,34.574887]]]}},{"type":"Feature","properties":{"id":"22dfa36810b05f5720c45b023a045f39ecc3cf2d","cls":"styrofoam","cid":3,"cat":2,"conf":0.575,"area":0.9,"mask":true,"color":"#FFFFFF"},"geometry":{"type":"Polygon","coordinates":[[[127.684216,34.574882],[127.684218,34.574882],[127.68422,34.574879],[127.684219,34.574877],[127.684217,34.574876],[127.684216,34.574876],[127.684215,34.574879],[127.684216,34.574882]]]}},{"type":"Feature","properties":{"id":"c02eccec3e7d6f2cf5a6d132451c95713940a655","cls":"styrofoam","cid":3,"cat":2,"conf":0.569,"area":0.9,"mask":true,"color":"#FFFFFF"},"geometry":{"type":"Polygon","coordinates":[[[127.684258,34.574903],[127.684259,34.574902],[127.684259,34.574899],[127.684256,34.574898],[127.684255,34.574899],[127.684254,34.574901],[127.684254,34.574903],[127.684258,34.574903]]]}},{"type":"Feature","properties":{"id":"92bfb75df00eea28d37ff8ab35aae21ff4ddc952","cls":"styrofoam","cid":3,"cat":2,"conf":0.804,"area":5.0,"mask":true,"color":"#FFFFFF"},"geometry":{"type":"Polygon","coordinates":[[[127.684375,34.574934],[127.68438,34.574933],[127.684382,34.574932],[127.684381,34.57493],[127.684382,34.574928],[127.684381,34.574926],[127.684376,34.574925],[127.684373,34.574924],[127.684369,34.574924],[127.684368,34.574926],[127.684367,34.574932],[127.684375,34.574934]]]}},{"type":"Feature","properties":{"id":"6462fefa041973e9ab7f58dddb942d9c201f69f0","cls":"buoy_blue","cid":1,"cat":1,"conf":0.79,"area":3.6,"mask":true,"color":"#0066CC"},"geometry":{"type":"Polygon","coordinates":[[[127.684339,34.574924],[127.684343,34.574923],[127.684344,34.57492],[127.684341,34.574915],[127.684337,34.574912],[127.684332,34.574915],[127.684332,34.574916],[127.684339,34.574924]]]}},{"type":"Feature","properties":{"id":"e5f8b7b1c7b46cb365747de3b43fd145f1f4ebdb","cls":"buoy_bottle","cid":0,"cat":1,"conf":0.664,"area":2.1,"mask":true,"color":"#8B4513"},"geometry":{"type":"Polygon","coordinates":[[[127.684299,34.574926],[127.684301,34.574926],[127.684305,34.57492],[127.684305,34.574919],[127.684303,34.574918],[127.684299,34.574918],[127.684296,34.574923],[127.684296,34.574924],[127.684299,34.574926]]]}},{"type":"Feature","properties":{"id":"28e514843fc38c9f245394d750cf37139863b40d","cls":"rope","cid":5,"cat":3,"conf":0.87,"area":3.7,"mask":true,"color":"#8B008B"},"geometry":{"type":"Polygon","coordinates":[[[127.686913,34.575596],[127.686916,34.575593],[127.686918,34.57559],[127.686918,34.575587],[127.686917,34.575586],[127.686919,34.575585],[127.686921,34.575585],[127.68692,34.575584],[127.686918,34.575584],[127.686912,34.575586],[127.686909,34.575585],[127.686907,34.575586],[127.686908,34.575593],[127.68691,34.575594],[127.686911,34.575594],[127.686913,34.575596]]]}},{"type":"Feature","properties":{"id":"5358ff15db62e08fb181f598ad5ecade749edc62","cls":"rope","cid":5,"cat":3,"conf":0.849,"area":2.1,"mask":true,"color":"#8B008B"},"geometry":{"type":"Polygon","coordinates":[[[127.686929,34.575555],[127.686931,34.575553],[127.686933,34.575552],[127.686933,34.575552],[127.686932,34.57555],[127.686934,34.575548],[127.686931,34.575547],[127.686932,34.575543],[127.686929,34.575541],[127.686928,34.575542],[127.68693,34.575543],[127.68693,34.575544],[127.686928,34.575546],[127.686927,34.57555],[127.686928,34.575553],[127.686927,34.575554],[127.686929,34.575555]]]}},{"type":"Feature","properties":{"id":"c6e3d002c67f617179ab80950fef0393a4786588","cls":"styrofoam","cid":3,"cat":2,"conf":0.768,"area":2.2,"mask":true,"color":"#FFFFFF"},"geometry":{"type":"Polygon","coordinates":[[[127.686894,34.57557],[127.686895,34.575568],[127.686895,34.575564],[127.686892,34.575563],[127.686887,34.575563],[127.686887,34.575565],[127.686887,34.575568],[127.68689,34.575569],[127.686894,34.57557]]]}},{"type":"Feature","properties":{"id":"790752ec4c624608552e892cc309cd18fc5f2ec1","cls":"styrofoam","cid":3,"cat":2,"conf":0.718,"area":1.1,"mask":true,"color":"#FFFFFF"},"geometry":{"type":"Polygon","coordinates":[[[127.686952,34.575533],[127.686953,34.575532],[127.686953,34.575529],[127.686952,34.575528],[127.686949,34.575528],[127.686948,34.575529],[127.686948,34.575533],[127.686952,34.575533]]]}},{"type":"Feature","properties":{"id":"df65e66029f77665ae9acf5675abe6b3465f5b42","cls":"styrofoam","cid":3,"cat":2,"conf":0.705,"area":0.4,"mask":true,"color":"#FFFFFF"},"geometry":{"type":"Polygon","coordinates":[[[127.686917,34.575557],[127.686919,34.575557],[127.68692,34.575555],[127.68692,34.575554],[127.686919,34.575553],[127.686917,34.575555],[127.686917,34.575557]]]}},{"type":"Feature","properties":{"id":"399e7c36d87730084e7628054724a54abe5b38e8","cls":"styrofoam","cid":3,"cat":2,"conf":0.674,"area":0.4,"mask":true,"color":"#FFFFFF"},"geometry":{"type":"Polygon","coordinates":[[[127.686923,34.575551],[127.686924,34.575549],[127.686924,34.575547],[127.686923,34.575547],[127.686922,34.575549],[127.686921,34.575551],[127.686923,34.575551]]]}},{"type":"Feature","properties":{"id":"409542b6d1945288f2847157245773af62006f6b","cls":"styrofoam","cid":3,"cat":2,"conf":0.664,"area":1.2,"mask":true,"color":"#FFFFFF"},"geometry":{"type":"Polygon","coordinates":[[[127.686984,34.575515],[127.686986,34.575515],[127.686987,34.575512],[127.686985,34.57551],[127.686983,34.575509],[127.686981,34.57551],[127.686981,34.575511],[127.686982,34.575514],[127.686984,34.575515]]]}},{"type":"Feature","properties":{"id":"cef753a46f0c1384228f33816a4f8c4d40bb58c1","cls":"styrofoam","cid":3,"cat":2,"conf":0.65,"area":0.3,"mask":true,"color":"#FFFFFF"},"geometry":{"type":"Polygon","coordinates":[[[127.68692,34.575554],[127.686922,34.575554],[127.686923,34.575552],[127.686921,34.575551],[127.686919,34.575553],[127.68692,34.575554]]]}},{"type":"Feature","properties":{"id":"27fa46357e0e5fa67dabffb5f54d2f8621b60fbd","cls":"rope","cid":5,"cat":3,"conf":0.567,"area":0.8,"mask":true,"color":"#8B008B"},"geometry":{"type":"Polygon","coordinates":[[[127.686907,34.575587],[127.686918,34.575587],[127.686917,34.575586],[127.686917,34.575585],[127.68692,34.575585],[127.686921,34.575585],[127.686921,34.575585],[127.68692,34.575584],[127.686918,34.575584],[127.686911,34.575586],[127.686909,34.575585],[127.686907,34.575585],[127.686907,34.575587]]]}},{"type":"Feature","properties":{"id":"cc506020a7bc80b8d54a06d084cc519630d2483e","cls":"styrofoam","cid":3,"cat":2,"conf":0.524,"area":5.7,"mask":true,"color":"#FFFFFF"},"geometry":{"type":"Polygon","coordinates":[[[127.686948,34.575528],[127.686949,34.575525],[127.686951,34.575523],[127.68695,34.575519],[127.686948,34.575517],[127.686943,34.575518],[127.686938,34.575516],[127.686935,34.575516],[127.686932,34.575519],[127.686932,34.57552],[127.686944,34.575527],[127.686948,34.575528]]]}},{"type":"Feature","properties":{"id":"11ffa03e3c23f185a5b7495a7d0c6a5362f3660b","cls":"rope","cid":5,"cat":3,"conf":0.455,"area":0.8,"mask":true,"color":"#8B008B"},"geometry":{"type":"Polygon","coordinates":[[[127.686907,34.575587],[127.686917,34.575587],[127.686917,34.575586],[127.686917,34.575585],[127.686919,34.575585],[127.686921,34.575585],[127.686921,34.575585],[127.68692,34.575584],[127.686918,34.575584],[127.686911,34.575586],[127.686909,34.575585],[127.686907,34.575585],[127.686907,34.575587]]]}},{"type":"Feature","properties":{"id":"0d2ac6697d6b0f80916228f40905d28396527815","cls":"rope","cid":5,"cat":3,"conf":0.18,"area":0.3,"mask":true,"color":"#8B008B"},"geometry":{"type":"Polygon","coordinates":[[[127.686907,34.575587],[127.686911,34.575586],[127.686909,34.575585],[127.686908,34.575585],[127.686907,34.575587]]]}},{"type":"Feature","properties":{"id":"a2c0e24a1d0855fd701141fcbb9b40696941142e","cls":"rope","cid":5,"cat":3,"conf":0.162,"area":0.3,"mask":true,"color":"#8B008B"},"geometry":{"type":"Polygon","coordinates":[[[127.686907,34.575587],[127.686912,34.575587],[127.68691,34.575585],[127.686908,34.575585],[127.686907,34.575587]]]}},{"type":"Feature","properties":{"id":"a13ff741135d1840f4e2af19abae6d3067a2fbab","cls":"styrofoam","cid":3,"cat":2,"conf":0.745,"area":0.8,"mask":true,"color":"#FFFFFF"},"geometry":{"type":"Polygon","coordinates":[[[127.686993,34.575551],[127.686996,34.575547],[127.686993,34.575546],[127.68699,34.575549],[127.686993,34.575551]]]}},{"type":"Feature","properties":{"id":"55af604089d9648177409ecae0f8d57d8624de8e","cls":"styrofoam","cid":3,"cat":2,"conf":0.722,"area":1.2,"mask":true,"color":"#FFFFFF"},"geometry":{"type":"Polygon","coordinates":[[[127.686984,34.575515],[127.686987,34.575514],[127.686987,34.575512],[127.686985,34.575509],[127.686983,34.575509],[127.686981,34.57551],[127.686981,34.575512],[127.686982,34.575514],[127.686984,34.575515]]]}},{"type":"Feature","properties":{"id":"de6010e8701d5bb2fc630ed35b5ee5fb3e55d279","cls":"styrofoam","cid":3,"cat":2,"conf":0.606,"area":0.8,"mask":true,"color":"#FFFFFF"},"geometry":{"type":"Polygon","coordinates":[[[127.687011,34.575534],[127.687015,34.575534],[127.687015,34.575532],[127.687014,34.57553],[127.68701,34.57553],[127.687009,34.575531],[127.687009,34.575533],[127.687011,34.575534]]]}},{"type":"Feature","properties":{"id":"8c38a4bc6676bcb44c67b8611a9b7b306f77da81","cls":"styrofoam","cid":3,"cat":2,"conf":0.515,"area":1.7,"mask":false,"color":"#FFFFFF"},"geometry":{"type":"Polygon","coordinates":[[[127.687018,34.575538],[127.68701,34.575538],[127.687011,34.575544],[127.687018,34.575544],[127.687018,34.575538]]]}},{"type":"Feature","properties":{"id":"7f0542dd44e94316382ba30cb516831c9379a51d","cls":"styrofoam","cid":3,"cat":2,"conf":0.487,"area":0.5,"mask":true,"color":"#FFFFFF"},"geometry":{"type":"Polygon","coordinates":[[[127.686999,34.575552],[127.687,34.575551],[127.687,34.57555],[127.686999,34.575548],[127.686998,34.575548],[127.686996,34.575549],[127.686996,34.575551],[127.686999,34.575552]]]}},{"type":"Feature","properties":{"id":"b9670e5f930a0706fe9227e723308bcb893d4b07","cls":"styrofoam","cid":3,"cat":2,"conf":0.426,"area":0.8,"mask":true,"color":"#FFFFFF"},"geometry":{"type":"Polygon","coordinates":[[[127.687002,34.575549],[127.687005,34.575546],[127.687005,34.575544],[127.687003,34.575543],[127.687001,34.575544],[127.686999,34.575547],[127.687002,34.575549]]]}},{"type":"Feature","properties":{"id":"e5a704a8973064ab52dd194d9123c1c0fc4af604","cls":"styrofoam","cid":3,"cat":2,"conf":0.421,"area":2.1,"mask":true,"color":"#FFFFFF"},"geometry":{"type":"Polygon","coordinates":[[[127.686983,34.575521],[127.686987,34.57552],[127.686989,34.575518],[127.686987,34.575515],[127.686983,34.575515],[127.686979,34.575514],[127.686978,34.575516],[127.686979,34.575518],[127.686983,34.575521]]]}},{"type":"Feature","properties":{"id":"85a6aa20e6ee2e7fa4437aef3160a000b7b57722","cls":"plastic_box","cid":6,"cat":3,"conf":0.339,"area":0.7,"mask":true,"color":"#FF8C00"},"geometry":{"type":"Polygon","coordinates":[[[127.68702,34.57554],[127.687023,34.575539],[127.687024,34.575537],[127.687023,34.575537],[127.687021,34.575537],[127.687018,34.575538],[127.687019,34.57554],[127.68702,34.57554]]]}},{"type":"Feature","properties":{"id":"c85907bb64733f699f85f6830de98f80d2885e3a","cls":"styrofoam","cid":3,"cat":2,"conf":0.813,"area":4.5,"mask":true,"color":"#FFFFFF"},"geometry":{"type":"Polygon","coordinates":[[[127.68934,34.575986],[127.689341,34.57598],[127.68934,34.57598],[127.689331,34.575979],[127.689328,34.575979],[127.689325,34.575981],[127.689324,34.575984],[127.689324,34.575985],[127.689326,34.575986],[127.68934,34.575986]]]}},{"type":"Feature","properties":{"id":"a36e7b702619973b81fc1128dbbc03bb2beb5a8a","cls":"styrofoam","cid":3,"cat":2,"conf":0.807,"area":1.4,"mask":true,"color":"#FFFFFF"},"geometry":{"type":"Polygon","coordinates":[[[127.689295,34.575987],[127.689298,34.575986],[127.6893,34.575985],[127.689299,34.575984],[127.689296,34.575981],[127.689295,34.575981],[127.689291,34.575984],[127.689295,34.575987]]]}},{"type":"Feature","properties":{"id":"782bcb250f238bd87007a679c708135856142be2","cls":"styrofoam","cid":3,"cat":2,"conf":0.716,"area":1.1,"mask":true,"color":"#FFFFFF"},"geometry":{"type":"Polygon","coordinates":[[[127.689331,34.575998],[127.689337,34.575998],[127.689338,34.575997],[127.689337,34.575994],[127.689333,34.575994],[127.689331,34.575995],[127.689331,34.575996],[127.689331,34.575998]]]}},{"type":"Feature","properties":{"id":"75ffd3ca24253d086b2140db0afb43332fd944e9","cls":"styrofoam","cid":3,"cat":2,"conf":0.641,"area":1.8,"mask":true,"color":"#FFFFFF"},"geometry":{"type":"Polygon","coordinates":[[[127.689345,34.576049],[127.689344,34.576038],[127.68934,34.576039],[127.689338,34.576042],[127.689345,34.576049]]]}},{"type":"Feature","properties":{"id":"899d145c8d8290ecec108d39e557f1f598b38a47","cls":"styrofoam","cid":3,"cat":2,"conf":0.405,"area":0.5,"mask":true,"color":"#FFFFFF"},"geometry":{"type":"Polygon","coordinates":[[[127.68928,34.575967],[127.689285,34.575966],[127.689286,34.575965],[127.689277,34.575965],[127.68928,34.575967]]]}},{"type":"Feature","properties":{"id":"414aa2f0bf2c479f9cdb055e5ee764ef348d7d89","cls":"styrofoam","cid":3,"cat":2,"conf":0.814,"area":1.6,"mask":true,"color":"#FFFFFF"},"geometry":{"type":"Polygon","coordinates":[[[127.689392,34.576061],[127.689396,34.57606],[127.689395,34.576054],[127.689394,34.576054],[127.689391,34.576054],[127.68939,34.576055],[127.68939,34.57606],[127.689392,34.576061]]]}},{"type":"Feature","properties":{"id":"d31732514281dd397ebe53441608362af8ac0714","cls":"styrofoam","cid":3,"cat":2,"conf":0.778,"area":1.1,"mask":true,"color":"#FFFFFF"},"geometry":{"type":"Polygon","coordinates":[[[127.689359,34.576025],[127.689361,34.576024],[127.689361,34.576022],[127.689359,34.576021],[127.689355,34.576021],[127.689354,34.576024],[127.689359,34.576025]]]}},{"type":"Feature","properties":{"id":"a42fa9f6856312f0dc2dc08664753a57ebb9d79e","cls":"styrofoam","cid":3,"cat":2,"conf":0.768,"area":2.8,"mask":true,"color":"#FFFFFF"},"geometry":{"type":"Polygon","coordinates":[[[127.689348,34.576048],[127.689351,34.576046],[127.689352,34.576044],[127.689346,34.576038],[127.689341,34.576039],[127.68934,34.576041],[127.689348,34.576048]]]}},{"type":"Feature","properties":{"id":"6d9d20adf6cff644662bf111056fe8c6f802fec5","cls":"styrofoam","cid":3,"cat":2,"conf":0.742,"area":3.8,"mask":true,"color":"#FFFFFF"},"geometry":{"type":"Polygon","coordinates":[[[127.68934,34.575987],[127.68934,34.575986],[127.689341,34.57598],[127.689331,34.575979],[127.689328,34.575979],[127.689328,34.575986],[127.68934,34.575987]]]}},{"type":"Feature","properties":{"id":"98059bb67edb9e01edca28bd8aad3f3a40ca6604","cls":"styrofoam","cid":3,"cat":2,"conf":0.728,"area":1.3,"mask":true,"color":"#FFFFFF"},"geometry":{"type":"Polygon","coordinates":[[[127.689368,34.575999],[127.689371,34.575999],[127.689372,34.575996],[127.689372,34.575995],[127.689366,34.575994],[127.689364,34.575996],[127.689364,34.575998],[127.689368,34.575999]]]}},{"type":"Feature","properties":{"id":"bff07bcb382d65ba348897e699a3e64bad40f203","cls":"styrofoam","cid":3,"cat":2,"conf":0.722,"area":2.1,"mask":true,"color":"#FFFFFF"},"geometry":{"type":"Polygon","coordinates":[[[127.689377,34.575995],[127.689378,34.575992],[127.689378,34.575991],[127.68937,34.575989],[127.689369,34.575989],[127.689367,34.575991],[127.689366,34.575993],[127.689367,34.575994],[127.689371,34.575995],[127.689377,34.575995]]]}},{"type":"Feature","properties":{"id":"0d311fec8e3c544a33c6e1a528d8ff5a9e58ef66","cls":"styrofoam","cid":3,"cat":2,"conf":0.715,"area":1.0,"mask":true,"color":"#FFFFFF"},"geometry":{"type":"Polygon","coordinates":[[[127.689363,34.576016],[127.689362,34.576014],[127.68936,34.576011],[127.689358,34.576011],[127.689356,34.576013],[127.689356,34.576014],[127.689363,34.576016]]]}},{"type":"Feature","properties":{"id":"fd78849c9508aefc455fee1f9fe182c961b28058","cls":"styrofoam","cid":3,"cat":2,"conf":0.625,"area":1.1,"mask":true,"color":"#FFFFFF"},"geometry":{"type":"Polygon","coordinates":[[[127.689331,34.575998],[127.689337,34.575998],[127.689338,34.575997],[127.689337,34.575994],[127.689333,34.575994],[127.689331,34.575995],[127.689331,34.575995],[127.689331,34.575998]]]}},{"type":"Feature","properties":{"id":"51b53895e07e15bc93a13efe44be737667924979","cls":"styrofoam","cid":3,"cat":2,"conf":0.61,"area":1.2,"mask":true,"color":"#FFFFFF"},"geometry":{"type":"Polygon","coordinates":[[[127.689404,34.576069],[127.689405,34.576068],[127.689405,34.576068],[127.689406,34.576066],[127.689403,34.576063],[127.6894,34.576063],[127.689399,34.576064],[127.6894,34.576067],[127.6894,34.576068],[127.689402,34.576068],[127.689404,34.576069]]]}},{"type":"Feature","properties":{"id":"804807f262c76c87975d7f753180847433f0f8d9","cls":"buoy_red","cid":2,"cat":1,"conf":0.452,"area":4.1,"mask":true,"color":"#CC0000"},"geometry":{"type":"Polygon","coordinates":[[[127.688573,34.575907],[127.688574,34.575907],[127.688575,34.575905],[127.688575,34.5759],[127.688569,34.575898],[127.688566,34.575898],[127.688564,34.575899],[127.688558,34.575899],[127.688559,34.575902],[127.688563,34.575904],[127.688573,34.575907]]]}},{"type":"Feature","properties":{"id":"6cb175ff570a79902e672762ed5a37f2739af3a7","cls":"styrofoam","cid":3,"cat":2,"conf":0.826,"area":1.2,"mask":true,"color":"#FFFFFF"},"geometry":{"type":"Polygon","coordinates":[[[127.68918,34.575944],[127.689183,34.575943],[127.689183,34.575941],[127.689181,34.575939],[127.689178,34.575938],[127.689176,34.575941],[127.689175,34.575942],[127.68918,34.575944]]]}},{"type":"Feature","properties":{"id":"d809dddddee282bddaaac565d158b598082a46b2","cls":"styrofoam","cid":3,"cat":2,"conf":0.811,"area":3.2,"mask":true,"color":"#FFFFFF"},"geometry":{"type":"Polygon","coordinates":[[[127.689169,34.57591],[127.689171,34.575909],[127.689172,34.575907],[127.689171,34.575904],[127.689172,34.575902],[127.68917,34.575901],[127.689166,34.5759],[127.689164,34.575902],[127.689163,34.575904],[127.689161,34.575907],[127.689161,34.575908],[127.689169,34.57591]]]}},{"type":"Feature","properties":{"id":"939c18238286e0890f9baa801279868100b96c03","cls":"styrofoam","cid":3,"cat":2,"conf":0.808,"area":1.1,"mask":true,"color":"#FFFFFF"},"geometry":{"type":"Polygon","coordinates":[[[127.689187,34.575904],[127.68919,34.575904],[127.689191,34.575902],[127.689188,34.575899],[127.689186,34.575899],[127.689184,34.575901],[127.689184,34.575902],[127.689187,34.575904]]]}},{"type":"Feature","properties":{"id":"f2d5b8b7ad8dec28ca0ab3805c5c61a5953d3278","cls":"styrofoam","cid":3,"cat":2,"conf":0.797,"area":1.1,"mask":true,"color":"#FFFFFF"},"geometry":{"type":"Polygon","coordinates":[[[127.689147,34.575904],[127.689151,34.575904],[127.689153,34.575902],[127.689153,34.5759],[127.689152,34.575899],[127.689149,34.575899],[127.689146,34.575902],[127.689146,34.575904],[127.689147,34.575904]]]}},{"type":"Feature","properties":{"id":"6e658e10b3ad3a6e7f219a49cc8339335df24e0d","cls":"styrofoam","cid":3,"cat":2,"conf":0.792,"area":1.1,"mask":true,"color":"#FFFFFF"},"geometry":{"type":"Polygon","coordinates":[[[127.68918,34.57589],[127.689182,34.575889],[127.689182,34.575887],[127.689177,34.575885],[127.689174,34.575888],[127.68918,34.57589]]]}},{"type":"Feature","properties":{"id":"9c5c94e181a4932670602486dfcf3b317c08897b","cls":"styrofoam","cid":3,"cat":2,"conf":0.752,"area":1.1,"mask":true,"color":"#FFFFFF"},"geometry":{"type":"Polygon","coordinates":[[[127.689101,34.575891],[127.689105,34.575889],[127.689105,34.575885],[127.689102,34.575885],[127.689099,34.575888],[127.689098,34.575889],[127.689101,34.575891]]]}},{"type":"Feature","properties":{"id":"bd743103e7423a85e7cbee5adce1e677dde4964f","cls":"styrofoam","cid":3,"cat":2,"conf":0.73,"area":5.7,"mask":true,"color":"#FFFFFF"},"geometry":{"type":"Polygon","coordinates":[[[127.689089,34.575906],[127.68909,34.575905],[127.689094,34.575901],[127.689094,34.5759],[127.68908,34.575892],[127.689078,34.575892],[127.689074,34.575897],[127.689074,34.575898],[127.689077,34.5759],[127.68908,34.575898],[127.689082,34.5759],[127.689083,34.575902],[127.689089,34.575906]]]}},{"type":"Feature","properties":{"id":"2b442c0ba182b3fb2c9bfbe47c158782c02be067","cls":"styrofoam","cid":3,"cat":2,"conf":0.705,"area":1.1,"mask":true,"color":"#FFFFFF"},"geometry":{"type":"Polygon","coordinates":[[[127.689173,34.575901],[127.689175,34.575901],[127.689179,34.575899],[127.689175,34.575896],[127.689173,34.575896],[127.689171,34.575898],[127.689172,34.5759],[127.689173,34.575901]]]}},{"type":"Feature","properties":{"id":"6c13e817d69f836beddd573cde0b149f3d8a6647","cls":"styrofoam","cid":3,"cat":2,"conf":0.662,"area":0.7,"mask":true,"color":"#FFFFFF"},"geometry":{"type":"Polygon","coordinates":[[[127.689194,34.575943],[127.689197,34.575942],[127.689197,34.575941],[127.689198,34.57594],[127.689196,34.575938],[127.689194,34.575938],[127.689192,34.57594],[127.689193,34.575941],[127.689194,34.575943]]]}},{"type":"Feature","properties":{"id":"2e614366f7d46b17728b263ca750a74d3c54f8fe","cls":"styrofoam","cid":3,"cat":2,"conf":0.632,"area":1.7,"mask":true,"color":"#FFFFFF"},"geometry":{"type":"Polygon","coordinates":[[[127.689145,34.575902],[127.689148,34.575899],[127.689144,34.575897],[127.689142,34.575896],[127.689138,34.575899],[127.689138,34.5759],[127.689141,34.575902],[127.689145,34.575902]]]}},{"type":"Feature","properties":{"id":"b378f87b26b55e6b77c652d51d57cc97eefce989","cls":"styrofoam","cid":3,"cat":2,"conf":0.825,"area":3.4,"mask":true,"color":"#FFFFFF"},"geometry":{"type":"Polygon","coordinates":[[[127.68927,34.575903],[127.689271,34.575902],[127.689274,34.575899],[127.68927,34.575895],[127.689267,34.575891],[127.689265,34.575891],[127.689261,34.575895],[127.68927,34.575903]]]}},{"type":"Feature","properties":{"id":"6eaa23eef1111e0b8f8c798038d3b9f8be5b3e2f","cls":"styrofoam","cid":3,"cat":2,"conf":0.813,"area":3.6,"mask":true,"color":"#FFFFFF"},"geometry":{"type":"Polygon","coordinates":[[[127.689334,34.575952],[127.689338,34.575952],[127.689342,34.575949],[127.689339,34.575945],[127.68934,34.575943],[127.689339,34.575942],[127.689335,34.575942],[127.689334,34.575941],[127.689333,34.575941],[127.68933,34.575943],[127.68933,34.575945],[127.689331,34.575946],[127.68933,34.575948],[127.68933,34.575949],[127.689334,34.575952]]]}},{"type":"Feature","properties":{"id":"2abaf0b836ed64e44c9d66a6bd97ba4c391869af","cls":"styrofoam","cid":3,"cat":2,"conf":0.806,"area":0.8,"mask":true,"color":"#FFFFFF"},"geometry":{"type":"Polygon","coordinates":[[[127.689243,34.575887],[127.689245,34.575886],[127.689245,34.575884],[127.689244,34.575882],[127.689241,34.575882],[127.689239,34.575883],[127.689239,34.575885],[127.689243,34.575887]]]}},{"type":"Feature","properties":{"id":"f08f6f89005535f8b24a7e6aebafa65e5a4008d4","cls":"styrofoam","cid":3,"cat":2,"conf":0.796,"area":1.2,"mask":true,"color":"#FFFFFF"},"geometry":{"type":"Polygon","coordinates":[[[127.689187,34.575904],[127.68919,34.575904],[127.689191,34.575902],[127.689189,34.5759],[127.689186,34.575899],[127.689184,34.575902],[127.689187,34.575904]]]}},{"type":"Feature","properties":{"id":"09dd599f5ed4a21ee8dbb8a2b5e40bd08cc9d3db","cls":"styrofoam","cid":3,"cat":2,"conf":0.775,"area":1.2,"mask":true,"color":"#FFFFFF"},"geometry":{"type":"Polygon","coordinates":[[[127.689243,34.575925],[127.689249,34.575924],[127.689248,34.575922],[127.689247,34.57592],[127.689245,34.57592],[127.689242,34.575922],[127.689243,34.575925]]]}},{"type":"Feature","properties":{"id":"33390100e4d9d469aa5d8748b1633a3666f02d76","cls":"styrofoam","cid":3,"cat":2,"conf":0.773,"area":2.4,"mask":true,"color":"#FFFFFF"},"geometry":{"type":"Polygon","coordinates":[[[127.689281,34.575967],[127.689285,34.575966],[127.689289,34.575962],[127.689289,34.575961],[127.689288,34.57596],[127.689284,34.575959],[127.689277,34.575964],[127.689278,34.575965],[127.689281,34.575967]]]}},{"type":"Feature","properties":{"id":"05ac0badf25f7d40cfd9205aa695e7148b1885bc","cls":"styrofoam","cid":3,"cat":2,"conf":0.752,"area":0.7,"mask":true,"color":"#FFFFFF"},"geometry":{"type":"Polygon","coordinates":[[[127.689327,34.575948],[127.689329,34.575948],[127.68933,34.575947],[127.689329,34.575944],[127.689327,34.575943],[127.689325,34.575944],[127.689325,34.575946],[127.689327,34.575948]]]}},{"type":"Feature","properties":{"id":"e9896bcc1d5328c2679bcb76da6e2daaf611adf1","cls":"styrofoam","cid":3,"cat":2,"conf":0.748,"area":1.2,"mask":true,"color":"#FFFFFF"},"geometry":{"type":"Polygon","coordinates":[[[127.689216,34.57592],[127.689218,34.57592],[127.68922,34.575917],[127.68922,34.575915],[127.689216,34.575915],[127.689214,34.575916],[127.689214,34.57592],[127.689216,34.57592]]]}},{"type":"Feature","properties":{"id":"c6727b497069e5719ae10f91c0036848fb7f54f5","cls":"styrofoam","cid":3,"cat":2,"conf":0.741,"area":1.2,"mask":true,"color":"#FFFFFF"},"geometry":{"type":"Polygon","coordinates":[[[127.689319,34.575934],[127.689321,34.575934],[127.689325,34.57593],[127.689324,34.57593],[127.689321,34.575928],[127.689317,34.575932],[127.689317,34.575933],[127.689319,34.575934]]]}},{"type":"Feature","properties":{"id":"7f6c632f970fa7b8de3517be78da42a73c4a20ec","cls":"styrofoam","cid":3,"cat":2,"conf":0.735,"area":0.6,"mask":true,"color":"#FFFFFF"},"geometry":{"type":"Polygon","coordinates":[[[127.689236,34.575929],[127.689238,34.575929],[127.689239,34.575928],[127.689238,34.575927],[127.689237,34.575926],[127.689235,34.575926],[127.689234,34.575927],[127.689234,34.575928],[127.689236,34.575929]]]}},{"type":"Feature","properties":{"id":"caf8c8229d3b4710964524c3ddef70467a84ecbb","cls":"styrofoam","cid":3,"cat":2,"conf":0.726,"area":3.0,"mask":true,"color":"#FFFFFF"},"geometry":{"type":"Polygon","coordinates":[[[127.689342,34.575911],[127.689343,34.575909],[127.689343,34.5759],[127.689339,34.5759],[127.689337,34.575902],[127.689336,34.57591],[127.689342,34.575911]]]}},{"type":"Feature","properties":{"id":"3b4a08decb881ccd30f4d44e8281eb94ff0ac58a","cls":"styrofoam","cid":3,"cat":2,"conf":0.725,"area":1.0,"mask":true,"color":"#FFFFFF"},"geometry":{"type":"Polygon","coordinates":[[[127.689257,34.575946],[127.68926,34.575946],[127.689261,34.575944],[127.689256,34.575941],[127.689253,34.575944],[127.689257,34.575946]]]}},{"type":"Feature","properties":{"id":"1be6add4a02acdfe13ea7ba48708f284d97a1166","cls":"styrofoam","cid":3,"cat":2,"conf":0.68,"area":0.7,"mask":true,"color":"#FFFFFF"},"geometry":{"type":"Polygon","coordinates":[[[127.689194,34.575942],[127.689197,34.575942],[127.689197,34.575941],[127.689197,34.575939],[127.689196,34.575938],[127.689192,34.57594],[127.689193,34.575941],[127.689194,34.575942]]]}},{"type":"Feature","properties":{"id":"658ee7d91c48c7afafa52ecb4cedb7122c96551f","cls":"styrofoam","cid":3,"cat":2,"conf":0.67,"area":0.9,"mask":true,"color":"#FFFFFF"},"geometry":{"type":"Polygon","coordinates":[[[127.689307,34.575939],[127.689309,34.575939],[127.689311,34.575937],[127.689311,34.575935],[127.689308,34.575934],[127.689305,34.575936],[127.689305,34.575937],[127.689307,34.575939]]]}},{"type":"Feature","properties":{"id":"a6a25bd787c76ffb7aa1c8bd8f5ff018b5bd4735","cls":"styrofoam","cid":3,"cat":2,"conf":0.636,"area":0.9,"mask":true,"color":"#FFFFFF"},"geometry":{"type":"Polygon","coordinates":[[[127.689329,34.575944],[127.689331,34.575942],[127.689332,34.575939],[127.68933,34.575938],[127.689328,34.575938],[127.689327,34.575942],[127.689327,34.575943],[127.689329,34.575944]]]}},{"type":"Feature","properties":{"id":"b1995d3ff7d968512ad839b37c9831f03976ae55","cls":"styrofoam","cid":3,"cat":2,"conf":0.601,"area":0.9,"mask":true,"color":"#FFFFFF"},"geometry":{"type":"Polygon","coordinates":[[[127.689341,34.575935],[127.689342,34.575935],[127.689344,34.575934],[127.689343,34.57593],[127.689341,34.57593],[127.689339,34.575933],[127.689339,34.575934],[127.689341,34.575935]]]}},{"type":"Feature","properties":{"id":"e4a1eec7d663d70c034dc9fd829f107931d89283","cls":"styrofoam","cid":3,"cat":2,"conf":0.587,"area":0.6,"mask":true,"color":"#FFFFFF"},"geometry":{"type":"Polygon","coordinates":[[[127.689341,34.575947],[127.689344,34.575946],[127.689344,34.575943],[127.689341,34.575943],[127.689339,34.575944],[127.689339,34.575945],[127.689341,34.575947]]]}},{"type":"Feature","properties":{"id":"9b86ab25b7131c98dbd79686ff0eb530c1aa3402","cls":"styrofoam","cid":3,"cat":2,"conf":0.487,"area":0.8,"mask":true,"color":"#FFFFFF"},"geometry":{"type":"Polygon","coordinates":[[[127.689279,34.575961],[127.689281,34.575961],[127.689283,34.575959],[127.68928,34.575957],[127.689278,34.575956],[127.689277,34.575959],[127.689279,34.575961]]]}},{"type":"Feature","properties":{"id":"050debc5ce502a50e81827a3e826a189121b7382","cls":"styrofoam","cid":3,"cat":2,"conf":0.819,"area":3.7,"mask":true,"color":"#FFFFFF"},"geometry":{"type":"Polygon","coordinates":[[[127.689351,34.575907],[127.689352,34.575907],[127.689355,34.575905],[127.689356,34.575904],[127.689356,34.575902],[127.689353,34.5759],[127.689353,34.575897],[127.689352,34.575896],[127.689349,34.575896],[127.689347,34.575896],[127.689342,34.5759],[127.689351,34.575907]]]}},{"type":"Feature","properties":{"id":"55c65149512b88bb442b1fee33a161d5b8f62096","cls":"styrofoam","cid":3,"cat":2,"conf":0.815,"area":2.8,"mask":true,"color":"#FFFFFF"},"geometry":{"type":"Polygon","coordinates":[[[127.689341,34.575911],[127.689343,34.57591],[127.689344,34.575902],[127.689342,34.5759],[127.689339,34.5759],[127.689337,34.5759],[127.689337,34.575902],[127.689336,34.575909],[127.689341,34.575911]]]}},{"type":"Feature","properties":{"id":"548e5561780cb2fb80d9ba902dff560365b9de9a","cls":"styrofoam","cid":3,"cat":2,"conf":0.813,"area":6.1,"mask":false,"color":"#FFFFFF"},"geometry":{"type":"Polygon","coordinates":[[[127.689342,34.575941],[127.689329,34.575941],[127.689329,34.575952],[127.689342,34.575952],[127.689342,34.575941]]]}},{"type":"Feature","properties":{"id":"469336a77cb636de2dde55ec6e721797d2e9410e","cls":"styrofoam","cid":3,"cat":2,"conf":0.81,"area":2.5,"mask":true,"color":"#FFFFFF"},"geometry":{"type":"Polygon","coordinates":[[[127.68935,34.575944],[127.689354,34.575944],[127.689355,34.575943],[127.689354,34.575935],[127.689352,34.575933],[127.689348,34.575935],[127.689347,34.575937],[127.689348,34.57594],[127.68935,34.575944]]]}},{"type":"Feature","properties":{"id":"df500566e1a5715ce4e85b1d0a88d643f7799ac9","cls":"styrofoam","cid":3,"cat":2,"conf":0.802,"area":2.9,"mask":true,"color":"#FFFFFF"},"geometry":{"type":"Polygon","coordinates":[[[127.689347,34.575885],[127.689349,34.575883],[127.689352,34.575877],[127.689352,34.575876],[127.689348,34.575874],[127.689346,34.575875],[127.689342,34.575882],[127.689343,34.575884],[127.689347,34.575885]]]}},{"type":"Feature","properties":{"id":"198de6c0aba30143bcdc0882ebaef92f3ddccb96","cls":"styrofoam","cid":3,"cat":2,"conf":0.781,"area":1.4,"mask":true,"color":"#FFFFFF"},"geometry":{"type":"Polygon","coordinates":[[[127.689358,34.575927],[127.689361,34.575926],[127.689361,34.57592],[127.68936,34.575919],[127.689358,34.575919],[127.689356,34.57592],[127.689356,34.575925],[127.689357,34.575926],[127.689358,34.575927]]]}},{"type":"Feature","properties":{"id":"1a7758deefa5290fb844b41c71a0830b5ba44ffe","cls":"styrofoam","cid":3,"cat":2,"conf":0.774,"area":2.6,"mask":true,"color":"#FFFFFF"},"geometry":{"type":"Polygon","coordinates":[[[127.689345,34.575937],[127.689347,34.575937],[127.689348,34.575935],[127.689351,34.575933],[127.68935,34.575927],[127.689349,34.575926],[127.689347,34.575926],[127.689346,34.575925],[127.689344,34.575925],[127.689344,34.575927],[127.689344,34.575936],[127.689345,34.575937]]]}},{"type":"Feature","properties":{"id":"459f0c149a54aa4f93ab8415d1d92d8cd9bf2960","cls":"styrofoam","cid":3,"cat":2,"conf":0.729,"area":1.4,"mask":true,"color":"#FFFFFF"},"geometry":{"type":"Polygon","coordinates":[[[127.689349,34.575896],[127.689352,34.575896],[127.689352,34.575895],[127.689352,34.575889],[127.689351,34.575888],[127.689349,34.575887],[127.689347,34.575889],[127.689347,34.575891],[127.689348,34.575893],[127.689348,34.575895],[127.689349,34.575896]]]}},{"type":"Feature","properties":{"id":"362e30f40f56489f15753e5f37c931df660ebc01","cls":"styrofoam","cid":3,"cat":2,"conf":0.725,"area":2.7,"mask":true,"color":"#FFFFFF"},"geometry":{"type":"Polygon","coordinates":[[[127.689357,34.575937],[127.689359,34.575934],[127.689359,34.575933],[127.689355,34.575928],[127.689355,34.575924],[127.689353,34.575923],[127.689351,34.575923],[127.68935,34.575924],[127.68935,34.575926],[127.689352,34.575928],[127.689351,34.575932],[127.689354,34.575935],[127.689355,34.575936],[127.689357,34.575937]]]}},{"type":"Feature","properties":{"id":"c162e00851c2d4a744324d252bb0112b8daad4d6","cls":"styrofoam","cid":3,"cat":2,"conf":0.718,"area":1.5,"mask":true,"color":"#FFFFFF"},"geometry":{"type":"Polygon","coordinates":[[[127.689387,34.575928],[127.689389,34.575928],[127.689391,34.575927],[127.689391,34.575923],[127.689388,34.575922],[127.689386,34.575922],[127.689385,34.575923],[127.689384,34.575925],[127.689387,34.575928]]]}},{"type":"Feature","properties":{"id":"2ba2c0d8202786cd1d011338581c14a6d6b311e7","cls":"styrofoam","cid":3,"cat":2,"conf":0.704,"area":0.8,"mask":true,"color":"#FFFFFF"},"geometry":{"type":"Polygon","coordinates":[[[127.689342,34.575935],[127.689343,34.575935],[127.689344,34.575933],[127.689344,34.575931],[127.689343,34.57593],[127.689341,34.57593],[127.689339,34.575934],[127.689339,34.575934],[127.689342,34.575935]]]}},{"type":"Feature","properties":{"id":"0792ff2b43114f7e25e629ffefcaed6f00dc38f8","cls":"styrofoam","cid":3,"cat":2,"conf":0.693,"area":2.3,"mask":true,"color":"#FFFFFF"},"geometry":{"type":"Polygon","coordinates":[[[127.689383,34.575948],[127.689388,34.575947],[127.689388,34.575944],[127.68939,34.575943],[127.689389,34.57594],[127.689385,34.575941],[127.689384,34.575942],[127.68938,34.575943],[127.68938,34.575945],[127.689381,34.575945],[127.689382,34.575947],[127.689383,34.575948]]]}},{"type":"Feature","properties":{"id":"5fd62d1b0c8beddad58ff21e399abc888a0b4666","cls":"styrofoam","cid":3,"cat":2,"conf":0.68,"area":0.8,"mask":true,"color":"#FFFFFF"},"geometry":{"type":"Polygon","coordinates":[[[127.689341,34.575947],[127.689345,34.575946],[127.689345,34.575943],[127.689341,34.575943],[127.689339,34.575944],[127.689341,34.575947]]]}},{"type":"Feature","properties":{"id":"0cd6025e5b9708b3d000a929669e48f86283634c","cls":"styrofoam","cid":3,"cat":2,"conf":0.675,"area":1.7,"mask":true,"color":"#FFFFFF"},"geometry":{"type":"Polygon","coordinates":[[[127.689357,34.575913],[127.689358,34.575913],[127.68936,34.575911],[127.68936,34.575905],[127.689356,34.575905],[127.689354,34.575907],[127.689354,34.57591],[127.689357,34.575913]]]}},{"type":"Feature","properties":{"id":"a929acfafdd5973b66470a45618e7b0a69797321","cls":"styrofoam","cid":3,"cat":2,"conf":0.634,"area":1.0,"mask":true,"color":"#FFFFFF"},"geometry":{"type":"Polygon","coordinates":[[[127.689358,34.575905],[127.68936,34.575905],[127.689362,34.575902],[127.689362,34.575901],[127.68936,34.5759],[127.689358,34.5759],[127.689356,34.575902],[127.689356,34.575904],[127.689358,34.575905]]]}},{"type":"Feature","properties":{"id":"37b35af95c5b054617ad4fd92374d850f63078cd","cls":"styrofoam","cid":3,"cat":2,"conf":0.517,"area":1.7,"mask":true,"color":"#FFFFFF"},"geometry":{"type":"Polygon","coordinates":[[[127.689369,34.575932],[127.68937,34.575931],[127.689368,34.575928],[127.689363,34.575926],[127.689362,34.575926],[127.689361,34.575928],[127.689362,34.575932],[127.689369,34.575932]]]}},{"type":"Feature","properties":{"id":"3e9589a0f62baf4dce53102c540926f6371c0199","cls":"styrofoam","cid":3,"cat":2,"conf":0.507,"area":0.7,"mask":true,"color":"#FFFFFF"},"geometry":{"type":"Polygon","coordinates":[[[127.689328,34.575943],[127.689329,34.575943],[127.689332,34.575941],[127.689332,34.575939],[127.689329,34.575938],[127.689328,34.575938],[127.689328,34.575943]]]}},{"type":"Feature","properties":{"id":"8af53baaee5b78a8d2fc8d5a011d8ca21b44053d","cls":"styrofoam","cid":3,"cat":2,"conf":0.494,"area":1.8,"mask":true,"color":"#FFFFFF"},"geometry":{"type":"Polygon","coordinates":[[[127.689345,34.575917],[127.689347,34.575917],[127.689348,34.575912],[127.689344,34.575911],[127.68934,34.575911],[127.689339,34.575915],[127.689345,34.575917]]]}},{"type":"Feature","properties":{"id":"74b28315c2c65c81716f4aa8ecd0cb6350ca8518","cls":"styrofoam","cid":3,"cat":2,"conf":0.575,"area":0.8,"mask":true,"color":"#FFFFFF"},"geometry":{"type":"Polygon","coordinates":[[[127.689348,34.575727],[127.689351,34.575726],[127.689353,34.575723],[127.689346,34.575724],[127.689345,34.575725],[127.689348,34.575727]]]}},{"type":"Feature","properties":{"id":"1c5966a948f96835302f19aedc3e6bc8688e9d8e","cls":"styrofoam","cid":3,"cat":2,"conf":0.8,"area":1.1,"mask":true,"color":"#FFFFFF"},"geometry":{"type":"Polygon","coordinates":[[[127.692307,34.575846],[127.69231,34.575845],[127.692313,34.575843],[127.692311,34.57584],[127.69231,34.57584],[127.692305,34.575844],[127.692307,34.575846]]]}},{"type":"Feature","properties":{"id":"de59721491b9768b3e480579a0f5e914ac5aef8d","cls":"styrofoam","cid":3,"cat":2,"conf":0.723,"area":0.8,"mask":true,"color":"#FFFFFF"},"geometry":{"type":"Polygon","coordinates":[[[127.692362,34.57581],[127.692364,34.575808],[127.692364,34.575806],[127.692364,34.575805],[127.692361,34.575805],[127.692359,34.575807],[127.692359,34.575809],[127.692362,34.57581]]]}},{"type":"Feature","properties":{"id":"b1e104d75d61eb2958beb2c4a55a8e15cb0ea58e","cls":"styrofoam","cid":3,"cat":2,"conf":0.427,"area":2.7,"mask":true,"color":"#FFFFFF"},"geometry":{"type":"Polygon","coordinates":[[[127.693841,34.575513],[127.693844,34.575512],[127.693847,34.575509],[127.693846,34.575507],[127.693842,34.575504],[127.69384,34.575504],[127.693835,34.57551],[127.693836,34.575512],[127.693841,34.575513]]]}},{"type":"Feature","properties":{"id":"a434cd902d8a5055823bb95081d8509f2e8d3b03","cls":"styrofoam","cid":3,"cat":2,"conf":0.561,"area":1.3,"mask":true,"color":"#FFFFFF"},"geometry":{"type":"Polygon","coordinates":[[[127.694284,34.575404],[127.694289,34.575402],[127.694288,34.575398],[127.694285,34.575398],[127.694282,34.5754],[127.694282,34.575402],[127.694284,34.575404]]]}},{"type":"Feature","properties":{"id":"1ee80358f129fb81bc95dce88b0376474805aa10","cls":"styrofoam","cid":3,"cat":2,"conf":0.797,"area":1.1,"mask":true,"color":"#FFFFFF"},"geometry":{"type":"Polygon","coordinates":[[[127.694407,34.575307],[127.694411,34.575307],[127.694412,34.575304],[127.694407,34.575303],[127.694405,34.575304],[127.694404,34.575306],[127.694407,34.575307]]]}},{"type":"Feature","properties":{"id":"579898f0e5f476b24166b8479404d54580d41f88","cls":"styrofoam","cid":3,"cat":2,"conf":0.767,"area":0.9,"mask":true,"color":"#FFFFFF"},"geometry":{"type":"Polygon","coordinates":[[[127.694412,34.575303],[127.694414,34.575303],[127.694412,34.575298],[127.69441,34.575298],[127.694408,34.5753],[127.694409,34.575303],[127.694412,34.575303]]]}},{"type":"Feature","properties":{"id":"0ce16374da5dccd81ffb25143f816e1bf04a5994","cls":"styrofoam","cid":3,"cat":2,"conf":0.767,"area":1.0,"mask":true,"color":"#FFFFFF"},"geometry":{"type":"Polygon","coordinates":[[[127.694403,34.575304],[127.694406,34.575304],[127.694407,34.575303],[127.694407,34.575299],[127.694404,34.575299],[127.694403,34.5753],[127.694402,34.575303],[127.694403,34.575304]]]}},{"type":"Feature","properties":{"id":"944b57bdea8ae9799b73e7a23004b5a91d3d2df7","cls":"styrofoam","cid":3,"cat":2,"conf":0.819,"area":1.0,"mask":true,"color":"#FFFFFF"},"geometry":{"type":"Polygon","coordinates":[[[127.694583,34.575347],[127.694587,34.575347],[127.694589,34.575345],[127.69459,34.575344],[127.694589,34.575342],[127.694586,34.575342],[127.694582,34.575345],[127.694583,34.575347]]]}},{"type":"Feature","properties":{"id":"af2831b107b012fdaf80e526c0707f06aba53eb6","cls":"styrofoam","cid":3,"cat":2,"conf":0.802,"area":5.7,"mask":true,"color":"#FFFFFF"},"geometry":{"type":"Polygon","coordinates":[[[127.694567,34.575413],[127.69457,34.575412],[127.694571,34.575411],[127.694572,34.575407],[127.694572,34.575405],[127.694559,34.575402],[127.694556,34.575404],[127.694554,34.575408],[127.694555,34.57541],[127.694567,34.575413]]]}},{"type":"Feature","properties":{"id":"07d9339ed6edbd75f8c2d2ea16af2d351258f27d","cls":"styrofoam","cid":3,"cat":2,"conf":0.717,"area":3.3,"mask":true,"color":"#FFFFFF"},"geometry":{"type":"Polygon","coordinates":[[[127.694747,34.575306],[127.694752,34.575302],[127.694744,34.575295],[127.694743,34.575295],[127.694739,34.575298],[127.694739,34.575299],[127.69474,34.575301],[127.694747,34.575306]]]}},{"type":"Feature","properties":{"id":"01cc5743b87f05a11fcf445dd82e6fcfa03a3489","cls":"other_debris","cid":7,"cat":4,"conf":0.574,"area":7.2,"mask":true,"color":"#696969"},"geometry":{"type":"Polygon","coordinates":[[[127.694685,34.575348],[127.694689,34.575348],[127.694691,34.575347],[127.694695,34.575347],[127.694692,34.575334],[127.69469,34.575331],[127.694687,34.575332],[127.694682,34.575331],[127.69468,34.575333],[127.694683,34.575344],[127.694684,34.575347],[127.694685,34.575348]]]}},{"type":"Feature","properties":{"id":"70d38c981b78e5be7c12b514b95aee11383ca02a","cls":"styrofoam","cid":3,"cat":2,"conf":0.64,"area":1.4,"mask":true,"color":"#FFFFFF"},"geometry":{"type":"Polygon","coordinates":[[[127.694379,34.575299],[127.694383,34.575298],[127.694383,34.575295],[127.694382,34.575294],[127.694378,34.575294],[127.694375,34.575296],[127.694375,34.575298],[127.694379,34.575299]]]}},{"type":"Feature","properties":{"id":"01ca5ca4592811f9e46ffe34243505e49496bb72","cls":"styrofoam","cid":3,"cat":2,"conf":0.788,"area":1.1,"mask":true,"color":"#FFFFFF"},"geometry":{"type":"Polygon","coordinates":[[[127.694468,34.575272],[127.694473,34.575272],[127.694473,34.575269],[127.694471,34.575268],[127.694466,34.575269],[127.694466,34.575271],[127.694468,34.575272]]]}},{"type":"Feature","properties":{"id":"312df1f9a1de5fe33455252d9f2525bde0d8e690","cls":"styrofoam","cid":3,"cat":2,"conf":0.726,"area":1.3,"mask":true,"color":"#FFFFFF"},"geometry":{"type":"Polygon","coordinates":[[[127.694434,34.575284],[127.69444,34.575282],[127.69444,34.575279],[127.694436,34.575277],[127.694433,34.575279],[127.694434,34.575281],[127.694433,34.575282],[127.694433,34.575283],[127.694434,34.575284]]]}},{"type":"Feature","properties":{"id":"d67ba85247156ee44199791b63f6ab1fb0440641","cls":"styrofoam","cid":3,"cat":2,"conf":0.616,"area":0.5,"mask":true,"color":"#FFFFFF"},"geometry":{"type":"Polygon","coordinates":[[[127.694402,34.575301],[127.694409,34.575301],[127.694409,34.575299],[127.694408,34.5753],[127.694404,34.575299],[127.694403,34.5753],[127.694402,34.575301]]]}},{"type":"Feature","properties":{"id":"0db29f825cf10726c347913dee094a06241aea14","cls":"styrofoam","cid":3,"cat":2,"conf":0.592,"area":2.3,"mask":true,"color":"#FFFFFF"},"geometry":{"type":"Polygon","coordinates":[[[127.694484,34.575197],[127.694486,34.575194],[127.694486,34.575189],[127.694487,34.575188],[127.694486,34.575186],[127.694481,34.575188],[127.694478,34.57519],[127.694479,34.575193],[127.694482,34.575194],[127.694484,34.575197]]]}},{"type":"Feature","properties":{"id":"85ae9cb24b11d3176435aefbd683bb4a51fc49bb","cls":"styrofoam","cid":3,"cat":2,"conf":0.565,"area":0.5,"mask":true,"color":"#FFFFFF"},"geometry":{"type":"Polygon","coordinates":[[[127.694408,34.575301],[127.694413,34.575301],[127.694413,34.575299],[127.694409,34.575299],[127.694408,34.5753],[127.694408,34.575301]]]}},{"type":"Feature","properties":{"id":"58f4540500d0f14070ee26d4ee79e350564ba4ef","cls":"styrofoam","cid":3,"cat":2,"conf":0.488,"area":1.2,"mask":true,"color":"#FFFFFF"},"geometry":{"type":"Polygon","coordinates":[[[127.69447,34.575278],[127.694474,34.575276],[127.694473,34.575272],[127.694468,34.575272],[127.694469,34.575277],[127.69447,34.575278]]]}},{"type":"Feature","properties":{"id":"9f1528a9192cec7a53a0c793488f668e4e56e030","cls":"styrofoam","cid":3,"cat":2,"conf":0.777,"area":1.4,"mask":true,"color":"#FFFFFF"},"geometry":{"type":"Polygon","coordinates":[[[127.69457,34.575264],[127.694572,34.575264],[127.694575,34.575263],[127.694575,34.57526],[127.694574,34.575259],[127.69457,34.575259],[127.694568,34.57526],[127.694568,34.575263],[127.69457,34.575264]]]}},{"type":"Feature","properties":{"id":"14373f569b42f5418081f12a691a2b29d18bbbe3","cls":"styrofoam","cid":3,"cat":2,"conf":0.75,"area":0.9,"mask":true,"color":"#FFFFFF"},"geometry":{"type":"Polygon","coordinates":[[[127.694598,34.575274],[127.694604,34.575273],[127.694602,34.57527],[127.694601,34.57527],[127.694599,34.575271],[127.694597,34.575273],[127.694598,34.575274]]]}},{"type":"Feature","properties":{"id":"ccec8c46b6e8128b9f155927505d8ef420be4771","cls":"styrofoam","cid":3,"cat":2,"conf":0.741,"area":0.9,"mask":true,"color":"#FFFFFF"},"geometry":{"type":"Polygon","coordinates":[[[127.694593,34.575272],[127.694595,34.575272],[127.694596,34.57527],[127.694594,34.575268],[127.694592,34.575267],[127.69459,34.575268],[127.69459,34.575269],[127.694591,34.575271],[127.694593,34.575272]]]}},{"type":"Feature","properties":{"id":"ad659f9550f1c6b7e10ac2bb276ced2ef8730e24","cls":"styrofoam","cid":3,"cat":2,"conf":0.696,"area":0.9,"mask":true,"color":"#FFFFFF"},"geometry":{"type":"Polygon","coordinates":[[[127.69467,34.575272],[127.694671,34.575272],[127.694673,34.57527],[127.69467,34.575268],[127.694669,34.575267],[127.694667,34.575268],[127.694667,34.57527],[127.69467,34.575272]]]}},{"type":"Feature","properties":{"id":"5587bf0614a651d6ddadaf663f8e79e99ace050f","cls":"styrofoam","cid":3,"cat":2,"conf":0.688,"area":1.2,"mask":true,"color":"#FFFFFF"},"geometry":{"type":"Polygon","coordinates":[[[127.694604,34.575272],[127.694609,34.575272],[127.694609,34.575269],[127.694609,34.575267],[127.694605,34.575267],[127.694603,34.575268],[127.694602,34.57527],[127.694604,34.575272]]]}},{"type":"Feature","properties":{"id":"885bd7ef51a5e40b8428e9c8338d3df22ae47b1c","cls":"styrofoam","cid":3,"cat":2,"conf":0.567,"area":1.5,"mask":true,"color":"#FFFFFF"},"geometry":{"type":"Polygon","coordinates":[[[127.694633,34.575274],[127.694636,34.575273],[127.694638,34.575272],[127.694637,34.575269],[127.694635,34.575267],[127.694632,34.575267],[127.69463,34.57527],[127.694633,34.575274]]]}},{"type":"Feature","properties":{"id":"1eef5f08655939e069c9f2a59d59ef2b3bffaad9","cls":"styrofoam","cid":3,"cat":2,"conf":0.463,"area":0.9,"mask":true,"color":"#FFFFFF"},"geometry":{"type":"Polygon","coordinates":[[[127.694645,34.575276],[127.694648,34.575275],[127.694648,34.575273],[127.694647,34.575272],[127.694642,34.575272],[127.694643,34.575274],[127.694645,34.575276]]]}},{"type":"Feature","properties":{"id":"e23415e9d26f1d9b837420064d01ea27cab44f54","cls":"styrofoam","cid":3,"cat":2,"conf":0.788,"area":2.3,"mask":true,"color":"#FFFFFF"},"geometry":{"type":"Polygon","coordinates":[[[127.694701,34.575267],[127.69471,34.575265],[127.694708,34.575261],[127.694702,34.575261],[127.694698,34.575263],[127.694698,34.575266],[127.694701,34.575267]]]}},{"type":"Feature","properties":{"id":"84addc2a91cf8e98478146128860025e8f3d219f","cls":"styrofoam","cid":3,"cat":2,"conf":0.751,"area":0.9,"mask":true,"color":"#FFFFFF"},"geometry":{"type":"Polygon","coordinates":[[[127.694687,34.575266],[127.69469,34.575265],[127.694692,34.575264],[127.69469,34.575261],[127.694685,34.575263],[127.694687,34.575266]]]}},{"type":"Feature","properties":{"id":"a96a0f9e246c93101ae667b6bfb40216871c82eb","cls":"styrofoam","cid":3,"cat":2,"conf":0.751,"area":0.7,"mask":true,"color":"#FFFFFF"},"geometry":{"type":"Polygon","coordinates":[[[127.694683,34.575263],[127.694684,34.575262],[127.694685,34.575259],[127.69468,34.575259],[127.694679,34.575261],[127.694683,34.575263]]]}},{"type":"Feature","properties":{"id":"0424ce40ddc404447b36ad4e70a713299c8a2904","cls":"styrofoam","cid":3,"cat":2,"conf":0.741,"area":1.3,"mask":true,"color":"#FFFFFF"},"geometry":{"type":"Polygon","coordinates":[[[127.694695,34.575272],[127.694695,34.57527],[127.694694,34.575269],[127.694692,34.575266],[127.694691,34.575266],[127.694687,34.57527],[127.694688,34.575271],[127.694695,34.575272]]]}},{"type":"Feature","properties":{"id":"fab692d34c7efd074a4139de3cd4913df1a94b2c","cls":"styrofoam","cid":3,"cat":2,"conf":0.688,"area":0.9,"mask":true,"color":"#FFFFFF"},"geometry":{"type":"Polygon","coordinates":[[[127.69467,34.575272],[127.694672,34.575272],[127.694673,34.57527],[127.69467,34.575267],[127.694668,34.575268],[127.694667,34.575268],[127.694667,34.57527],[127.69467,34.575272]]]}},{"type":"Feature","properties":{"id":"e4fabea8940fbd8f01ee6324f22f957a0af03bdd","cls":"styrofoam","cid":3,"cat":2,"conf":0.673,"area":2.4,"mask":true,"color":"#FFFFFF"},"geometry":{"type":"Polygon","coordinates":[[[127.694678,34.575268],[127.694683,34.575267],[127.694684,34.575265],[127.694684,34.575264],[127.694679,34.575261],[127.694673,34.575262],[127.694674,34.575264],[127.694673,34.575265],[127.694678,34.575268]]]}},{"type":"Feature","properties":{"id":"50279b894ff4d004eb8bf4f0082ec90fe40a3ca2","cls":"styrofoam","cid":3,"cat":2,"conf":0.63,"area":1.1,"mask":true,"color":"#FFFFFF"},"geometry":{"type":"Polygon","coordinates":[[[127.694695,34.575263],[127.694698,34.575262],[127.694698,34.57526],[127.694696,34.575258],[127.694692,34.575258],[127.694691,34.57526],[127.694691,34.575261],[127.694692,34.575262],[127.694695,34.575263]]]}},{"type":"Feature","properties":{"id":"bd00b979ec295eee085de9c247d5b689f906aa2f","cls":"styrofoam","cid":3,"cat":2,"conf":0.619,"area":1.0,"mask":true,"color":"#FFFFFF"},"geometry":{"type":"Polygon","coordinates":[[[127.694673,34.57527],[127.694675,34.575269],[127.694676,34.575266],[127.694674,34.575265],[127.69467,34.575264],[127.694669,34.575265],[127.69467,34.575267],[127.694673,34.57527]]]}},{"type":"Feature","properties":{"id":"095969a296c0a33e31aaa698dd08559ef461c236","cls":"styrofoam","cid":3,"cat":2,"conf":0.441,"area":2.7,"mask":true,"color":"#FFFFFF"},"geometry":{"type":"Polygon","coordinates":[[[127.697063,34.571566],[127.697064,34.571565],[127.697063,34.571558],[127.697062,34.571556],[127.697058,34.571557],[127.697057,34.571558],[127.697057,34.57156],[127.697055,34.571561],[127.697055,34.571562],[127.697057,34.571564],[127.697058,34.571566],[127.697063,34.571566]]]}},{"type":"Feature","properties":{"id":"de413057ed604786f5ad0505377b5048a415c63b","cls":"styrofoam","cid":3,"cat":2,"conf":0.675,"area":0.9,"mask":true,"color":"#FFFFFF"},"geometry":{"type":"Polygon","coordinates":[[[127.697178,34.571335],[127.697181,34.571334],[127.697182,34.57133],[127.697181,34.57133],[127.697178,34.57133],[127.697177,34.571334],[127.697178,34.571335]]]}},{"type":"Feature","properties":{"id":"574acfcfae2ef8a419f54abb0d82ef8074c16cf7","cls":"styrofoam","cid":3,"cat":2,"conf":0.605,"area":1.0,"mask":true,"color":"#FFFFFF"},"geometry":{"type":"Polygon","coordinates":[[[127.697252,34.571305],[127.697255,34.571304],[127.697255,34.571302],[127.697254,34.5713],[127.697252,34.5713],[127.69725,34.571301],[127.697251,34.571304],[127.697252,34.571305]]]}},{"type":"Feature","properties":{"id":"0b2094f1475081e3382ac71ec6e4b3546e78ccf3","cls":"styrofoam","cid":3,"cat":2,"conf":0.808,"area":1.0,"mask":true,"color":"#FFFFFF"},"geometry":{"type":"Polygon","coordinates":[[[127.697494,34.569932],[127.697496,34.569931],[127.697497,34.569929],[127.697497,34.569927],[127.697495,34.569926],[127.697493,34.569927],[127.697492,34.56993],[127.697492,34.569931],[127.697494,34.569932]]]}},{"type":"Feature","properties":{"id":"bbc776aedc625fec0a8d2dc8e1dd99f4ae49ea0e","cls":"styrofoam","cid":3,"cat":2,"conf":0.808,"area":1.1,"mask":true,"color":"#FFFFFF"},"geometry":{"type":"Polygon","coordinates":[[[127.697494,34.569932],[127.697498,34.569931],[127.697497,34.569927],[127.697495,34.569926],[127.697493,34.569927],[127.697492,34.569929],[127.697492,34.569931],[127.697494,34.569932]]]}},{"type":"Feature","properties":{"id":"e0e21066078d7286d3b71020604b1ac90506e372","cls":"styrofoam","cid":3,"cat":2,"conf":0.465,"area":2.9,"mask":true,"color":"#FFFFFF"},"geometry":{"type":"Polygon","coordinates":[[[127.697201,34.569694],[127.697202,34.569694],[127.697205,34.569683],[127.697197,34.569683],[127.697196,34.569691],[127.697197,34.569693],[127.697201,34.569694]]]}},{"type":"Feature","properties":{"id":"52b8b2422662b2a893b085748c72a3ceeffb638b","cls":"plastic_box","cid":6,"cat":3,"conf":0.252,"area":0.2,"mask":true,"color":"#FF8C00"},"geometry":{"type":"Polygon","coordinates":[[[127.697214,34.569746],[127.697216,34.569745],[127.697216,34.569744],[127.697214,34.569741],[127.697214,34.569746]]]}},{"type":"Feature","properties":{"id":"6aac9b4dc3a52d5e99e3ee88ac5f557aa4eaa744","cls":"styrofoam","cid":3,"cat":2,"conf":0.789,"area":7.5,"mask":false,"color":"#FFFFFF"},"geometry":{"type":"Polygon","coordinates":[[[127.697207,34.569681],[127.697194,34.569681],[127.697194,34.569695],[127.697207,34.569695],[127.697207,34.569681]]]}},{"type":"Feature","properties":{"id":"10cee8e44478bbdd32c5b82d84b12800d3f2a390","cls":"styrofoam","cid":3,"cat":2,"conf":0.693,"area":2.8,"mask":true,"color":"#FFFFFF"},"geometry":{"type":"Polygon","coordinates":[[[127.697413,34.569327],[127.697413,34.569321],[127.6974,34.569322],[127.697401,34.569327],[127.697413,34.569327]]]}},{"type":"Feature","properties":{"id":"1d0f2c93fe8d6197926e86ad80d96f01127f4b1f","cls":"styrofoam","cid":3,"cat":2,"conf":0.49,"area":2.7,"mask":true,"color":"#FFFFFF"},"geometry":{"type":"Polygon","coordinates":[[[127.697422,34.569326],[127.697426,34.569326],[127.697426,34.569322],[127.697425,34.569321],[127.697414,34.569321],[127.697414,34.569326],[127.697421,34.569326],[127.697422,34.569326]]]}},{"type":"Feature","properties":{"id":"1ea0346bb41f05a8b0d8fd001fa460b80492e44c","cls":"styrofoam","cid":3,"cat":2,"conf":0.809,"area":1.0,"mask":true,"color":"#FFFFFF"},"geometry":{"type":"Polygon","coordinates":[[[127.69745,34.569317],[127.697453,34.569316],[127.697452,34.569311],[127.697449,34.569311],[127.697448,34.569312],[127.697448,34.569316],[127.69745,34.569317]]]}},{"type":"Feature","properties":{"id":"5dc7f842e01272e24d7496db04f199d1fbe21b86","cls":"styrofoam","cid":3,"cat":2,"conf":0.801,"area":1.1,"mask":true,"color":"#FFFFFF"},"geometry":{"type":"Polygon","coordinates":[[[127.697475,34.569287],[127.697478,34.569286],[127.697479,34.569283],[127.697479,34.569281],[127.697474,34.569282],[127.697473,34.569285],[127.697475,34.569287]]]}},{"type":"Feature","properties":{"id":"a5834992e338aaac91585216d4b611129e4536cb","cls":"styrofoam","cid":3,"cat":2,"conf":0.747,"area":2.7,"mask":true,"color":"#FFFFFF"},"geometry":{"type":"Polygon","coordinates":[[[127.697424,34.569326],[127.697426,34.569326],[127.697427,34.569325],[127.697425,34.569321],[127.697414,34.569321],[127.697414,34.569326],[127.697421,34.569326],[127.697424,34.569326]]]}},{"type":"Feature","properties":{"id":"6789a3da6d729013e24f971a2fd82e2f0e0c4973","cls":"styrofoam","cid":3,"cat":2,"conf":0.668,"area":1.4,"mask":true,"color":"#FFFFFF"},"geometry":{"type":"Polygon","coordinates":[[[127.697447,34.569254],[127.697451,34.569251],[127.697451,34.569249],[127.69745,34.569247],[127.697446,34.569246],[127.697446,34.569248],[127.697445,34.569249],[127.697443,34.569249],[127.697444,34.56925],[127.697443,34.569252],[127.697447,34.569254]]]}},{"type":"Feature","properties":{"id":"42be60334320d8447cc10d4d1f5f0e10db1394e4","cls":"styrofoam","cid":3,"cat":2,"conf":0.624,"area":1.0,"mask":true,"color":"#FFFFFF"},"geometry":{"type":"Polygon","coordinates":[[[127.697456,34.569244],[127.697461,34.569244],[127.697462,34.569242],[127.697459,34.56924],[127.697456,34.56924],[127.697455,34.569243],[127.697456,34.569244]]]}},{"type":"Feature","properties":{"id":"20b9ed2e26fcfb81874a222df58fd7cc2e4a6d44","cls":"buoy_bottle","cid":0,"cat":1,"conf":0.583,"area":3.1,"mask":true,"color":"#8B4513"},"geometry":{"type":"Polygon","coordinates":[[[127.697428,34.569327],[127.69744,34.569326],[127.69744,34.569321],[127.697438,34.569321],[127.697428,34.569321],[127.697427,34.569326],[127.697428,34.569327]]]}},{"type":"Feature","properties":{"id":"de6a977fe7cbf91a5898626d798897c7cc3e6e43","cls":"styrofoam","cid":3,"cat":2,"conf":0.576,"area":0.7,"mask":true,"color":"#FFFFFF"},"geometry":{"type":"Polygon","coordinates":[[[127.697468,34.569292],[127.69747,34.569292],[127.697472,34.569291],[127.69747,34.569288],[127.697468,34.569289],[127.697466,34.569291],[127.697466,34.569292],[127.697468,34.569292]]]}},{"type":"Feature","properties":{"id":"8eeea708d6f671a4e9546f291f57f2b2c7e31d4d","cls":"styrofoam","cid":3,"cat":2,"conf":0.483,"area":2.8,"mask":true,"color":"#FFFFFF"},"geometry":{"type":"Polygon","coordinates":[[[127.697411,34.569327],[127.697413,34.569326],[127.697413,34.569321],[127.6974,34.569322],[127.697401,34.569327],[127.697411,34.569327]]]}},{"type":"Feature","properties":{"id":"dd8d5f6750736fced857aef1e204174357faf1a4","cls":"styrofoam","cid":3,"cat":2,"conf":0.48,"area":0.3,"mask":true,"color":"#FFFFFF"},"geometry":{"type":"Polygon","coordinates":[[[127.697474,34.569291],[127.697477,34.56929],[127.697475,34.569288],[127.697473,34.56929],[127.697473,34.569291],[127.697474,34.569291]]]}},{"type":"Feature","properties":{"id":"f4cfcd70507f30e1340a01234316c2c83dd7e346","cls":"styrofoam","cid":3,"cat":2,"conf":0.808,"area":1.4,"mask":true,"color":"#FFFFFF"},"geometry":{"type":"Polygon","coordinates":[[[127.697532,34.569208],[127.697535,34.569208],[127.697539,34.569206],[127.697539,34.569204],[127.697535,34.569203],[127.697532,34.569204],[127.69753,34.569205],[127.69753,34.569206],[127.697532,34.569208]]]}},{"type":"Feature","properties":{"id":"ad1c989df885feb5f2aba7ee6fd1ad1ca3bdbbe9","cls":"styrofoam","cid":3,"cat":2,"conf":0.803,"area":1.4,"mask":true,"color":"#FFFFFF"},"geometry":{"type":"Polygon","coordinates":[[[127.697521,34.569223],[127.697524,34.569223],[127.697526,34.56922],[127.697526,34.569219],[127.697522,34.569217],[127.697521,34.569217],[127.697518,34.56922],[127.697518,34.569221],[127.697521,34.569223]]]}},{"type":"Feature","properties":{"id":"9119ff3fda1fd7f9ad48788d556ce81877f6203d","cls":"styrofoam","cid":3,"cat":2,"conf":0.752,"area":1.2,"mask":true,"color":"#FFFFFF"},"geometry":{"type":"Polygon","coordinates":[[[127.697525,34.569204],[127.697527,34.569203],[127.697529,34.5692],[127.697528,34.569199],[127.69752,34.569199],[127.69752,34.569202],[127.697525,34.569204]]]}},{"type":"Feature","properties":{"id":"1b0b9ce874f9a5a1fc689b371cd79043590df39a","cls":"styrofoam","cid":3,"cat":2,"conf":0.741,"area":0.7,"mask":true,"color":"#FFFFFF"},"geometry":{"type":"Polygon","coordinates":[[[127.697523,34.56921],[127.697525,34.56921],[127.697526,34.569208],[127.697522,34.569206],[127.69752,34.569207],[127.69752,34.569209],[127.697523,34.56921]]]}},{"type":"Feature","properties":{"id":"417d47c9dbdc0fcf1120936fc204a6a9f5885717","cls":"styrofoam","cid":3,"cat":2,"conf":0.66,"area":0.7,"mask":true,"color":"#FFFFFF"},"geometry":{"type":"Polygon","coordinates":[[[127.697521,34.569216],[127.697526,34.569215],[127.697525,34.569212],[127.697522,34.569212],[127.697521,34.569213],[127.697521,34.569216]]]}},{"type":"Feature","properties":{"id":"49b620689d6c14aa8874d2782a79ea2953ea09cb","cls":"styrofoam","cid":3,"cat":2,"conf":0.654,"area":3.4,"mask":true,"color":"#FFFFFF"},"geometry":{"type":"Polygon","coordinates":[[[127.697523,34.569278],[127.697525,34.569278],[127.697526,34.569277],[127.697527,34.569272],[127.697524,34.569268],[127.69752,34.569265],[127.697516,34.569268],[127.697516,34.569269],[127.697518,34.569272],[127.697521,34.569274],[127.69752,34.569275],[127.697523,34.569278]]]}},{"type":"Feature","properties":{"id":"43750c42df759305f6d8119ace5ece8b34d6d3b5","cls":"rope","cid":5,"cat":3,"conf":0.631,"area":27.8,"mask":false,"color":"#8B008B"},"geometry":{"type":"Polygon","coordinates":[[[127.697551,34.569202],[127.69752,34.569202],[127.69752,34.569224],[127.697551,34.569224],[127.697551,34.569202]]]}},{"type":"Feature","properties":{"id":"90dd53a865f0dc2eff65039caaa341c8aab1af50","cls":"styrofoam","cid":3,"cat":2,"conf":0.832,"area":1.5,"mask":true,"color":"#FFFFFF"},"geometry":{"type":"Polygon","coordinates":[[[127.697526,34.569204],[127.697527,34.569202],[127.697528,34.5692],[127.697523,34.569198],[127.69752,34.5692],[127.69752,34.569202],[127.697526,34.569204]]]}},{"type":"Feature","properties":{"id":"171f78291aa8e3791be91e8900cf92bc34da07f2","cls":"styrofoam","cid":3,"cat":2,"conf":0.806,"area":1.4,"mask":true,"color":"#FFFFFF"},"geometry":{"type":"Polygon","coordinates":[[[127.697534,34.569208],[127.697539,34.569206],[127.697539,34.569205],[127.697535,34.569203],[127.697532,34.569204],[127.69753,34.569205],[127.697532,34.569208],[127.697534,34.569208]]]}},{"type":"Feature","properties":{"id":"03252ac3494b9cf5cf993b6adb8b5fef7b6cf331","cls":"styrofoam","cid":3,"cat":2,"conf":0.699,"area":0.8,"mask":true,"color":"#FFFFFF"},"geometry":{"type":"Polygon","coordinates":[[[127.697523,34.56921],[127.697525,34.56921],[127.697526,34.569208],[127.697522,34.569206],[127.69752,34.569208],[127.69752,34.569209],[127.697523,34.56921]]]}},{"type":"Feature","properties":{"id":"46942726a4b3969cdf53ed5270e37839b43a91ba","cls":"plastic_box","cid":6,"cat":3,"conf":0.49,"area":1.0,"mask":true,"color":"#FF8C00"},"geometry":{"type":"Polygon","coordinates":[[[127.697655,34.569105],[127.697659,34.569102],[127.697658,34.5691],[127.697656,34.569099],[127.697655,34.569099],[127.697652,34.569102],[127.697653,34.569103],[127.697655,34.569105]]]}},{"type":"Feature","properties":{"id":"6dd47aacae720b361d8a3c208d373f5260e73945","cls":"styrofoam","cid":3,"cat":2,"conf":0.403,"area":0.9,"mask":true,"color":"#FFFFFF"},"geometry":{"type":"Polygon","coordinates":[[[127.697631,34.569121],[127.697636,34.56912],[127.697635,34.569117],[127.697632,34.569117],[127.697629,34.569118],[127.69763,34.56912],[127.697631,34.569121]]]}},{"type":"Feature","properties":{"id":"8ea413282a3211c15e7adf47a0e71bd4fc6bc65c","cls":"plastic_box","cid":6,"cat":3,"conf":0.206,"area":0.9,"mask":true,"color":"#FF8C00"},"geometry":{"type":"Polygon","coordinates":[[[127.697631,34.569121],[127.697636,34.56912],[127.697635,34.569117],[127.697632,34.569117],[127.697629,34.569118],[127.69763,34.56912],[127.697631,34.569121]]]}},{"type":"Feature","properties":{"id":"d13da8960fcf94263b6b5e4e21fbc5b132692fd6","cls":"plastic_box","cid":6,"cat":3,"conf":0.499,"area":0.9,"mask":true,"color":"#FF8C00"},"geometry":{"type":"Polygon","coordinates":[[[127.697655,34.569105],[127.697659,34.569101],[127.697658,34.5691],[127.697656,34.569099],[127.697655,34.569099],[127.697652,34.569102],[127.697655,34.569105]]]}},{"type":"Feature","properties":{"id":"4343e7f4531167b1bcd138284241c12fc4f6dbfe","cls":"plastic_box","cid":6,"cat":3,"conf":0.783,"area":1.1,"mask":true,"color":"#FF8C00"},"geometry":{"type":"Polygon","coordinates":[[[127.697959,34.568998],[127.697963,34.568997],[127.697965,34.568996],[127.697964,34.568993],[127.69796,34.568994],[127.697958,34.568995],[127.697958,34.568997],[127.697959,34.568998]]]}},{"type":"Feature","properties":{"id":"ba4939d9e208bde959335102f4634ed4147164ed","cls":"styrofoam","cid":3,"cat":2,"conf":0.689,"area":1.1,"mask":true,"color":"#FFFFFF"},"geometry":{"type":"Polygon","coordinates":[[[127.698134,34.568913],[127.698138,34.568911],[127.698138,34.56891],[127.698133,34.568908],[127.698131,34.568909],[127.69813,34.568912],[127.698134,34.568913]]]}},{"type":"Feature","properties":{"id":"397ec7e2653c2099b883ec03ff4d711939f68013","cls":"styrofoam","cid":3,"cat":2,"conf":0.448,"area":0.8,"mask":true,"color":"#FFFFFF"},"geometry":{"type":"Polygon","coordinates":[[[127.698429,34.56876],[127.698431,34.56876],[127.698432,34.568759],[127.698432,34.568757],[127.698431,34.568756],[127.698428,34.568756],[127.698427,34.568758],[127.698428,34.56876],[127.698429,34.56876]]]}},{"type":"Feature","properties":{"id":"2df3b908d928c5d6cc6297af5d710015597df6dd","cls":"styrofoam","cid":3,"cat":2,"conf":0.679,"area":1.2,"mask":true,"color":"#FFFFFF"},"geometry":{"type":"Polygon","coordinates":[[[127.698648,34.568619],[127.698651,34.568618],[127.698652,34.568617],[127.698652,34.568615],[127.69865,34.568613],[127.698647,34.568613],[127.698645,34.568616],[127.698646,34.568618],[127.698648,34.568619]]]}},{"type":"Feature","properties":{"id":"ec57e712e0222d5568b8e8ab4f701e22b69ef2a8","cls":"styrofoam","cid":3,"cat":2,"conf":0.62,"area":0.7,"mask":true,"color":"#FFFFFF"},"geometry":{"type":"Polygon","coordinates":[[[127.698676,34.56864],[127.698677,34.568633],[127.698673,34.568636],[127.698674,34.568638],[127.698676,34.56864]]]}},{"type":"Feature","properties":{"id":"195be89fe612835b45e8ed2fead756912f2abc2c","cls":"styrofoam","cid":3,"cat":2,"conf":0.756,"area":1.5,"mask":true,"color":"#FFFFFF"},"geometry":{"type":"Polygon","coordinates":[[[127.69872,34.568598],[127.698721,34.568597],[127.698721,34.568593],[127.698717,34.568592],[127.698715,34.568591],[127.698714,34.568591],[127.698714,34.568596],[127.69872,34.568598]]]}},{"type":"Feature","properties":{"id":"a5fb4add0ccdf4a2c59bd528d37bf2b648105a76","cls":"styrofoam","cid":3,"cat":2,"conf":0.437,"area":1.7,"mask":true,"color":"#FFFFFF"},"geometry":{"type":"Polygon","coordinates":[[[127.69874,34.568598],[127.698744,34.568597],[127.698744,34.568593],[127.698741,34.568591],[127.698737,34.568592],[127.698736,34.568593],[127.698737,34.568595],[127.69874,34.568598]]]}},{"type":"Feature","properties":{"id":"9e851c5f7c7fcf9a2e3b8dd226f982fd947fb7b8","cls":"styrofoam","cid":3,"cat":2,"conf":0.666,"area":1.1,"mask":true,"color":"#FFFFFF"},"geometry":{"type":"Polygon","coordinates":[[[127.699812,34.568593],[127.699815,34.568592],[127.699815,34.56859],[127.699813,34.568588],[127.69981,34.568588],[127.699809,34.568588],[127.69981,34.568592],[127.69981,34.568593],[127.699812,34.568593]]]}},{"type":"Feature","properties":{"id":"e2e09c495e9eeace3b25e4daf3ab0b6ccd57cf73","cls":"styrofoam","cid":3,"cat":2,"conf":0.654,"area":1.0,"mask":true,"color":"#FFFFFF"},"geometry":{"type":"Polygon","coordinates":[[[127.699846,34.56857],[127.699849,34.568567],[127.699846,34.568565],[127.699844,34.568565],[127.699842,34.568567],[127.699842,34.568568],[127.699846,34.56857]]]}},{"type":"Feature","properties":{"id":"86efb6ec5ec7d436f1f41a65aa88d31e30b3a024","cls":"styrofoam","cid":3,"cat":2,"conf":0.443,"area":4.3,"mask":true,"color":"#FFFFFF"},"geometry":{"type":"Polygon","coordinates":[[[127.69984,34.568581],[127.699844,34.56858],[127.699843,34.568574],[127.699841,34.56857],[127.699838,34.568569],[127.699832,34.56857],[127.699832,34.568572],[127.699834,34.568576],[127.699837,34.56858],[127.69984,34.568581]]]}},{"type":"Feature","properties":{"id":"9cd9289bf4fad15b56be527c082e44a060355400","cls":"styrofoam","cid":3,"cat":2,"conf":0.659,"area":0.8,"mask":true,"color":"#FFFFFF"},"geometry":{"type":"Polygon","coordinates":[[[127.699843,34.568569],[127.699847,34.568569],[127.699848,34.568566],[127.699846,34.568565],[127.699843,34.568566],[127.699842,34.568567],[127.699843,34.568569]]]}},{"type":"Feature","properties":{"id":"0bc70d126f15d63cff6749853809ebabdc340510","cls":"styrofoam","cid":3,"cat":2,"conf":0.77,"area":1.3,"mask":true,"color":"#FFFFFF"},"geometry":{"type":"Polygon","coordinates":[[[127.699627,34.568426],[127.69963,34.568426],[127.699632,34.568424],[127.699632,34.568421],[127.699629,34.56842],[127.699627,34.56842],[127.699625,34.568423],[127.699625,34.568425],[127.699627,34.568426]]]}},{"type":"Feature","properties":{"id":"7c59ec86b0edbc92181ba75c41554dbaf7bdda99","cls":"styrofoam","cid":3,"cat":2,"conf":0.768,"area":0.8,"mask":true,"color":"#FFFFFF"},"geometry":{"type":"Polygon","coordinates":[[[127.699627,34.568412],[127.699628,34.56841],[127.699627,34.568408],[127.699625,34.568407],[127.699623,34.568408],[127.699623,34.568411],[127.699627,34.568412]]]}},{"type":"Feature","properties":{"id":"a0cbe99af49250b4035ea47e1a8b41e242d08e32","cls":"other_debris","cid":7,"cat":4,"conf":0.757,"area":6.1,"mask":true,"color":"#696969"},"geometry":{"type":"Polygon","coordinates":[[[127.69961,34.568427],[127.699615,34.568426],[127.699619,34.568424],[127.69962,34.56842],[127.699617,34.568418],[127.699616,34.568415],[127.699615,34.568415],[127.699614,34.568414],[127.699612,34.568414],[127.699608,34.568413],[127.699602,34.56842],[127.69961,34.568427]]]}},{"type":"Feature","properties":{"id":"d659249c47ea1a386a5e6f6fb859bfe766834e7d","cls":"styrofoam","cid":3,"cat":2,"conf":0.748,"area":1.0,"mask":true,"color":"#FFFFFF"},"geometry":{"type":"Polygon","coordinates":[[[127.699627,34.568407],[127.69963,34.568406],[127.69963,34.568405],[127.699629,34.568403],[127.699626,34.568401],[127.699624,34.568403],[127.699626,34.568406],[127.699627,34.568407]]]}},{"type":"Feature","properties":{"id":"39eecbe992135a115b42607a986932a1f42b4e68","cls":"styrofoam","cid":3,"cat":2,"conf":0.658,"area":0.7,"mask":true,"color":"#FFFFFF"},"geometry":{"type":"Polygon","coordinates":[[[127.699624,34.568402],[127.699627,34.5684],[127.699627,34.568397],[127.699622,34.568398],[127.699623,34.568401],[127.699624,34.568402]]]}},{"type":"Feature","properties":{"id":"a8665bc7c3acbc6f4f73bdce684d3f3da885ac2c","cls":"styrofoam","cid":3,"cat":2,"conf":0.802,"area":1.4,"mask":true,"color":"#FFFFFF"},"geometry":{"type":"Polygon","coordinates":[[[127.699627,34.568426],[127.69963,34.568426],[127.699633,34.568423],[127.699631,34.568421],[127.699629,34.56842],[127.699627,34.56842],[127.699625,34.568423],[127.699625,34.568425],[127.699627,34.568426]]]}},{"type":"Feature","properties":{"id":"587718c97aafb92b3b192a4639610e6c340839c7","cls":"styrofoam","cid":3,"cat":2,"conf":0.775,"area":1.0,"mask":true,"color":"#FFFFFF"},"geometry":{"type":"Polygon","coordinates":[[[127.699626,34.568407],[127.699629,34.568407],[127.69963,34.568406],[127.699629,34.568403],[127.699627,34.568401],[127.699625,34.568402],[127.699624,34.568403],[127.699626,34.568407]]]}},{"type":"Feature","properties":{"id":"bedb90fb640c0885ab4ead0993019b7db26316c7","cls":"styrofoam","cid":3,"cat":2,"conf":0.771,"area":0.8,"mask":true,"color":"#FFFFFF"},"geometry":{"type":"Polygon","coordinates":[[[127.699625,34.568412],[127.699628,34.568411],[127.699628,34.568409],[127.699626,34.568408],[127.699624,34.568407],[127.699623,34.568409],[127.699623,34.568411],[127.699625,34.568412]]]}},{"type":"Feature","properties":{"id":"99d502ef5ae8774841ee0d44f9ad0ecb628e4e39","cls":"styrofoam","cid":3,"cat":2,"conf":0.666,"area":0.7,"mask":true,"color":"#FFFFFF"},"geometry":{"type":"Polygon","coordinates":[[[127.699624,34.568402],[127.699627,34.568401],[127.699627,34.568398],[127.699626,34.568397],[127.699622,34.568398],[127.699623,34.568401],[127.699624,34.568402]]]}},{"type":"Feature","properties":{"id":"ab122f66b788873a3a3c84baddf3b659647b5bca","cls":"styrofoam","cid":3,"cat":2,"conf":0.825,"area":1.0,"mask":true,"color":"#FFFFFF"},"geometry":{"type":"Polygon","coordinates":[[[127.711005,34.573546],[127.711011,34.573544],[127.711011,34.573542],[127.711009,34.57354],[127.711003,34.573543],[127.711003,34.573544],[127.711005,34.573546]]]}},{"type":"Feature","properties":{"id":"82c18b271e7b885bcfcde549c50c5d00b16882d9","cls":"styrofoam","cid":3,"cat":2,"conf":0.705,"area":1.1,"mask":true,"color":"#FFFFFF"},"geometry":{"type":"Polygon","coordinates":[[[127.710978,34.573534],[127.71098,34.573533],[127.710981,34.573532],[127.710981,34.573531],[127.710978,34.573528],[127.710975,34.573529],[127.710975,34.57353],[127.710978,34.573534]]]}},{"type":"Feature","properties":{"id":"1fafd3aeac2396e06b752181054293caa658e19c","cls":"plastic_box","cid":6,"cat":3,"conf":0.145,"area":1.1,"mask":true,"color":"#FF8C00"},"geometry":{"type":"Polygon","coordinates":[[[127.710909,34.573466],[127.710911,34.573466],[127.710912,34.573463],[127.710908,34.57346],[127.710906,34.57346],[127.710905,34.573462],[127.710907,34.573465],[127.710909,34.573466]]]}},{"type":"Feature","properties":{"id":"ff09592299b00c128fb6cf2703597ee66447b561","cls":"styrofoam","cid":3,"cat":2,"conf":0.822,"area":1.0,"mask":true,"color":"#FFFFFF"},"geometry":{"type":"Polygon","coordinates":[[[127.711005,34.573546],[127.711011,34.573544],[127.711011,34.573542],[127.711009,34.57354],[127.711007,34.573541],[127.711003,34.573543],[127.711005,34.573546]]]}},{"type":"Feature","properties":{"id":"b5b5e8c7e14ff4cfa5b377e09e945b175d96a601","cls":"styrofoam","cid":3,"cat":2,"conf":0.81,"area":1.0,"mask":true,"color":"#FFFFFF"},"geometry":{"type":"Polygon","coordinates":[[[127.711033,34.573528],[127.711033,34.573525],[127.711031,34.573524],[127.711028,34.573524],[127.711027,34.573527],[127.711033,34.573528]]]}},{"type":"Feature","properties":{"id":"6abbb39f3ecfa5d05fd954a5b17427d4e7adfd0f","cls":"styrofoam","cid":3,"cat":2,"conf":0.757,"area":1.5,"mask":true,"color":"#FFFFFF"},"geometry":{"type":"Polygon","coordinates":[[[127.711106,34.573493],[127.711108,34.573492],[127.711108,34.57349],[127.711105,34.573488],[127.711101,34.573488],[127.711099,34.57349],[127.7111,34.573492],[127.711104,34.573492],[127.711106,34.573493]]]}},{"type":"Feature","properties":{"id":"223d641b9133e0b797b0991d7d3377754ca261fd","cls":"styrofoam","cid":3,"cat":2,"conf":0.463,"area":1.8,"mask":true,"color":"#FFFFFF"},"geometry":{"type":"Polygon","coordinates":[[[127.711123,34.573523],[127.711124,34.573522],[127.711122,34.57352],[127.711123,34.573516],[127.711121,34.573516],[127.711119,34.573516],[127.711116,34.573516],[127.711115,34.573517],[127.711116,34.573518],[127.711115,34.573518],[127.711114,34.573518],[127.711115,34.57352],[127.711118,34.573521],[127.711119,34.573522],[127.711123,34.573523]]]}},{"type":"Feature","properties":{"id":"dfaf53abc54556c9ecb77a966b4d35a3f329851c","cls":"styrofoam","cid":3,"cat":2,"conf":0.795,"area":1.6,"mask":true,"color":"#FFFFFF"},"geometry":{"type":"Polygon","coordinates":[[[127.711203,34.57346],[127.711209,34.573458],[127.711211,34.573456],[127.711207,34.573454],[127.711201,34.573455],[127.711202,34.573459],[127.711203,34.57346]]]}},{"type":"Feature","properties":{"id":"d6861b5e286cadd6c1a764311f16732ec15d7429","cls":"styrofoam","cid":3,"cat":2,"conf":0.764,"area":1.0,"mask":true,"color":"#FFFFFF"},"geometry":{"type":"Polygon","coordinates":[[[127.711222,34.573463],[127.711227,34.573462],[127.711228,34.573462],[127.711228,34.573461],[127.711225,34.573459],[127.711221,34.573459],[127.71122,34.573462],[127.711222,34.573463]]]}},{"type":"Feature","properties":{"id":"a0ce8f819d0ab5fae481e0d890f26acb77a01c89","cls":"buoy_blue","cid":1,"cat":1,"conf":0.7,"area":1.2,"mask":true,"color":"#0066CC"},"geometry":{"type":"Polygon","coordinates":[[[127.711168,34.573469],[127.711171,34.573469],[127.711173,34.573467],[127.711171,34.573465],[127.711168,34.573464],[127.711165,34.573465],[127.711165,34.573467],[127.711168,34.573469]]]}},{"type":"Feature","properties":{"id":"821ab90862f15ec2190bc82428701970580ed4fc","cls":"styrofoam","cid":3,"cat":2,"conf":0.773,"area":1.0,"mask":true,"color":"#FFFFFF"},"geometry":{"type":"Polygon","coordinates":[[[127.71131,34.573566],[127.711315,34.573564],[127.711314,34.573561],[127.711311,34.573561],[127.711309,34.573563],[127.711309,34.573564],[127.71131,34.573566]]]}},{"type":"Feature","properties":{"id":"383c0aa3599b8f8897df8b459cb0048123102b63","cls":"styrofoam","cid":3,"cat":2,"conf":0.63,"area":1.4,"mask":true,"color":"#FFFFFF"},"geometry":{"type":"Polygon","coordinates":[[[127.711387,34.573486],[127.711389,34.573485],[127.71139,34.573484],[127.711392,34.573484],[127.711393,34.573484],[127.711394,34.573483],[127.711393,34.573481],[127.711391,34.573481],[127.71139,34.573479],[127.711389,34.573479],[127.711385,34.573482],[127.711385,34.573483],[127.711387,34.573486]]]}},{"type":"Feature","properties":{"id":"2f57e1d42e2489062aff465aae6b070a3944c398","cls":"styrofoam","cid":3,"cat":2,"conf":0.615,"area":1.0,"mask":true,"color":"#FFFFFF"},"geometry":{"type":"Polygon","coordinates":[[[127.711374,34.573453],[127.711377,34.573451],[127.711377,34.57345],[127.711377,34.573449],[127.711373,34.573449],[127.711371,34.57345],[127.711371,34.573453],[127.711374,34.573453]]]}},{"type":"Feature","properties":{"id":"1812fbdb7dff055a38a57d45cb46dd012bb1e991","cls":"styrofoam","cid":3,"cat":2,"conf":0.493,"area":0.7,"mask":true,"color":"#FFFFFF"},"geometry":{"type":"Polygon","coordinates":[[[127.711375,34.573496],[127.711376,34.573496],[127.711378,34.573494],[127.711378,34.573492],[127.711376,34.573491],[127.711374,34.573492],[127.711373,34.573493],[127.711375,34.573496]]]}},{"type":"Feature","properties":{"id":"759355948d8bf1ee148eab7c71f94d078b2a209c","cls":"styrofoam","cid":3,"cat":2,"conf":0.781,"area":1.1,"mask":true,"color":"#FFFFFF"},"geometry":{"type":"Polygon","coordinates":[[[127.711531,34.573512],[127.711533,34.573511],[127.711533,34.57351],[127.711532,34.573509],[127.711527,34.573508],[127.711524,34.573509],[127.711526,34.573511],[127.711531,34.573512]]]}},{"type":"Feature","properties":{"id":"39ff5a139ba95c1337d9b9ff6b3f82896b8170d2","cls":"styrofoam","cid":3,"cat":2,"conf":0.736,"area":2.5,"mask":true,"color":"#FFFFFF"},"geometry":{"type":"Polygon","coordinates":[[[127.711467,34.573482],[127.711471,34.573481],[127.711471,34.573479],[127.711469,34.573478],[127.711467,34.573477],[127.711461,34.573474],[127.71146,34.573474],[127.711458,34.573479],[127.711459,34.57348],[127.711467,34.573482]]]}},{"type":"Feature","properties":{"id":"f887880b0c6aca5c7ffb74c7ffcbcfb6e7c13475","cls":"styrofoam","cid":3,"cat":2,"conf":0.736,"area":1.2,"mask":true,"color":"#FFFFFF"},"geometry":{"type":"Polygon","coordinates":[[[127.711477,34.573486],[127.71148,34.573486],[127.711478,34.573483],[127.711475,34.573482],[127.711472,34.573482],[127.711472,34.573485],[127.711477,34.573486]]]}},{"type":"Feature","properties":{"id":"29b9a7f969969600cdeafcb193f762320aa21438","cls":"styrofoam","cid":3,"cat":2,"conf":0.706,"area":0.5,"mask":true,"color":"#FFFFFF"},"geometry":{"type":"Polygon","coordinates":[[[127.711468,34.573498],[127.711471,34.573497],[127.711471,34.573496],[127.711469,34.573494],[127.711467,34.573495],[127.711468,34.573498]]]}},{"type":"Feature","properties":{"id":"17d0f9940e5bb16e6246160d07febd3d28be5cf8","cls":"styrofoam","cid":3,"cat":2,"conf":0.666,"area":0.8,"mask":true,"color":"#FFFFFF"},"geometry":{"type":"Polygon","coordinates":[[[127.711464,34.573496],[127.711467,34.573496],[127.711468,34.573493],[127.711463,34.573491],[127.711463,34.573491],[127.711463,34.573494],[127.711464,34.573496]]]}},{"type":"Feature","properties":{"id":"0df29cafee0405156cd82030a075e1d47f8f368d","cls":"styrofoam","cid":3,"cat":2,"conf":0.795,"area":0.9,"mask":true,"color":"#FFFFFF"},"geometry":{"type":"Polygon","coordinates":[[[127.71163,34.573493],[127.711632,34.573492],[127.711632,34.57349],[127.71163,34.573489],[127.711626,34.573489],[127.711626,34.573492],[127.71163,34.573493]]]}},{"type":"Feature","properties":{"id":"4e36f12e73e0e5d4cb63331f26bc26d2fed610a8","cls":"styrofoam","cid":3,"cat":2,"conf":0.823,"area":1.7,"mask":true,"color":"#FFFFFF"},"geometry":{"type":"Polygon","coordinates":[[[127.710913,34.573435],[127.710917,34.573432],[127.710913,34.573427],[127.710911,34.573426],[127.710908,34.573429],[127.710913,34.573435]]]}},{"type":"Feature","properties":{"id":"d0e8303edb807443611c295b51f19023382b0fed","cls":"styrofoam","cid":3,"cat":2,"conf":0.777,"area":0.6,"mask":true,"color":"#FFFFFF"},"geometry":{"type":"Polygon","coordinates":[[[127.711125,34.573444],[127.711127,34.573444],[127.711127,34.57344],[127.711124,34.573439],[127.711123,34.573442],[127.711125,34.573444]]]}},{"type":"Feature","properties":{"id":"34171e3c63d4e2732d5a3875d4f25a19f86b5c3e","cls":"styrofoam","cid":3,"cat":2,"conf":0.804,"area":1.1,"mask":true,"color":"#FFFFFF"},"geometry":{"type":"Polygon","coordinates":[[[127.711267,34.573449],[127.711272,34.573449],[127.711273,34.573447],[127.711269,34.573445],[127.711265,34.573445],[127.711264,34.573448],[127.711267,34.573449]]]}},{"type":"Feature","properties":{"id":"a173845089621ffc3dcb687a1491226cb066513f","cls":"styrofoam","cid":3,"cat":2,"conf":0.795,"area":0.8,"mask":true,"color":"#FFFFFF"},"geometry":{"type":"Polygon","coordinates":[[[127.711237,34.57341],[127.71124,34.573409],[127.71124,34.573408],[127.711239,34.573406],[127.711236,34.573406],[127.711235,34.573406],[127.711234,34.573408],[127.711237,34.57341]]]}},{"type":"Feature","properties":{"id":"c8112e38c9aff4eb2dddd80ac333907a83e5598c","cls":"styrofoam","cid":3,"cat":2,"conf":0.789,"area":0.8,"mask":true,"color":"#FFFFFF"},"geometry":{"type":"Polygon","coordinates":[[[127.711226,34.573414],[127.711228,34.573413],[127.711229,34.573412],[127.711229,34.573411],[127.711227,34.573409],[127.711225,34.57341],[127.711224,34.573411],[127.711224,34.573412],[127.711226,34.573414]]]}},{"type":"Feature","properties":{"id":"ca9469811ba53c1cbf83c4f56978a28f09703ff9","cls":"styrofoam","cid":3,"cat":2,"conf":0.781,"area":1.5,"mask":true,"color":"#FFFFFF"},"geometry":{"type":"Polygon","coordinates":[[[127.711202,34.57346],[127.711209,34.573458],[127.711211,34.573456],[127.711207,34.573454],[127.711201,34.573455],[127.711201,34.573457],[127.711202,34.57346]]]}},{"type":"Feature","properties":{"id":"016d1219a628b28423167eb70e583f66bc1928aa","cls":"styrofoam","cid":3,"cat":2,"conf":0.77,"area":0.8,"mask":true,"color":"#FFFFFF"},"geometry":{"type":"Polygon","coordinates":[[[127.71122,34.573462],[127.711227,34.573462],[127.711228,34.573462],[127.711228,34.573461],[127.711225,34.573459],[127.711222,34.573459],[127.71122,34.57346],[127.71122,34.573462]]]}},{"type":"Feature","properties":{"id":"bf8462ac72a4b2cea695f964629bfd622a5a176d","cls":"styrofoam","cid":3,"cat":2,"conf":0.487,"area":1.0,"mask":true,"color":"#FFFFFF"},"geometry":{"type":"Polygon","coordinates":[[[127.711218,34.573366],[127.71122,34.573366],[127.711222,34.573364],[127.711223,34.573362],[127.711222,34.573362],[127.711219,34.573361],[127.711217,34.573363],[127.711216,34.573365],[127.711218,34.573366]]]}},{"type":"Feature","properties":{"id":"7fdcd6fc31ea01839d3f925ac08035faaa2e3c5c","cls":"styrofoam","cid":3,"cat":2,"conf":0.482,"area":5.1,"mask":true,"color":"#FFFFFF"},"geometry":{"type":"Polygon","coordinates":[[[127.711278,34.573413],[127.711283,34.573412],[127.711286,34.573409],[127.711285,34.573403],[127.711283,34.573402],[127.711281,34.573402],[127.711277,34.573403],[127.711273,34.573405],[127.711271,34.573408],[127.711271,34.57341],[127.711274,34.573412],[127.711278,34.573413]]]}},{"type":"Feature","properties":{"id":"32acd4841a7b755692554c27c6804395d7af1f7c","cls":"styrofoam","cid":3,"cat":2,"conf":0.755,"area":1.2,"mask":true,"color":"#FFFFFF"},"geometry":{"type":"Polygon","coordinates":[[[127.711335,34.573373],[127.711338,34.573373],[127.711338,34.573371],[127.711334,34.573369],[127.71133,34.573369],[127.71133,34.573372],[127.711331,34.573373],[127.711335,34.573373]]]}},{"type":"Feature","properties":{"id":"5a679218ade7a9ae5232a9bfbdbcca8214c3e2d5","cls":"styrofoam","cid":3,"cat":2,"conf":0.752,"area":1.0,"mask":true,"color":"#FFFFFF"},"geometry":{"type":"Polygon","coordinates":[[[127.711373,34.573453],[127.711376,34.573453],[127.711377,34.573451],[127.711377,34.57345],[127.711374,34.573449],[127.711372,34.573449],[127.71137,34.573452],[127.711371,34.573453],[127.711373,34.573453]]]}},{"type":"Feature","properties":{"id":"964b420e986a3a81a79831f429fa89fa31924752","cls":"styrofoam","cid":3,"cat":2,"conf":0.733,"area":1.1,"mask":true,"color":"#FFFFFF"},"geometry":{"type":"Polygon","coordinates":[[[127.711422,34.573387],[127.711428,34.573385],[127.711426,34.573383],[127.711424,34.573382],[127.711421,34.573383],[127.71142,34.573386],[127.711422,34.573387]]]}},{"type":"Feature","properties":{"id":"30f088d0d8293c199ce045dd662e5df80c6bc38e","cls":"styrofoam","cid":3,"cat":2,"conf":0.711,"area":0.9,"mask":true,"color":"#FFFFFF"},"geometry":{"type":"Polygon","coordinates":[[[127.711441,34.573378],[127.711444,34.573378],[127.711445,34.573376],[127.711445,34.573374],[127.711443,34.573373],[127.711441,34.573373],[127.71144,34.573374],[127.71144,34.573376],[127.711441,34.573378]]]}},{"type":"Feature","properties":{"id":"54e53eb4af31dbb6a2344c5de4fb27d9bf85ea54","cls":"styrofoam","cid":3,"cat":2,"conf":0.707,"area":0.8,"mask":true,"color":"#FFFFFF"},"geometry":{"type":"Polygon","coordinates":[[[127.711395,34.573437],[127.711398,34.573437],[127.711399,34.573436],[127.711399,34.573435],[127.711396,34.573433],[127.711393,34.573433],[127.711393,34.573435],[127.711395,34.573437]]]}},{"type":"Feature","properties":{"id":"e0972dda574266f0fbbec318e677387737361445","cls":"styrofoam","cid":3,"cat":2,"conf":0.558,"area":0.8,"mask":true,"color":"#FFFFFF"},"geometry":{"type":"Polygon","coordinates":[[[127.71142,34.573406],[127.711422,34.573404],[127.711421,34.573402],[127.711418,34.573401],[127.711416,34.573402],[127.711416,34.573404],[127.71142,34.573406]]]}},{"type":"Feature","properties":{"id":"ac6f65fac22596966915135b87f335ad0214cf28","cls":"styrofoam","cid":3,"cat":2,"conf":0.808,"area":1.1,"mask":true,"color":"#FFFFFF"},"geometry":{"type":"Polygon","coordinates":[[[127.711458,34.573406],[127.711464,34.573406],[127.711464,34.573405],[127.711464,34.573403],[127.711463,34.573402],[127.711458,34.573403],[127.711457,34.573404],[127.711458,34.573406]]]}},{"type":"Feature","properties":{"id":"c4a0cb6c931df6b7c9818768c7e19e71796b733a","cls":"styrofoam","cid":3,"cat":2,"conf":0.8,"area":1.4,"mask":true,"color":"#FFFFFF"},"geometry":{"type":"Polygon","coordinates":[[[127.711479,34.573353],[127.711484,34.57335],[127.711485,34.573349],[127.711483,34.573348],[127.71148,34.573347],[127.711478,34.573348],[127.711475,34.573348],[127.711476,34.573349],[127.711477,34.573351],[127.711479,34.573353]]]}},{"type":"Feature","properties":{"id":"5202864282b412a981e77609a23a361e592c9c7e","cls":"styrofoam","cid":3,"cat":2,"conf":0.7,"area":0.9,"mask":true,"color":"#FFFFFF"},"geometry":{"type":"Polygon","coordinates":[[[127.711442,34.573378],[127.711444,34.573377],[127.711445,34.573375],[127.711443,34.573373],[127.711441,34.573373],[127.71144,34.573374],[127.71144,34.573376],[127.711442,34.573378]]]}},{"type":"Feature","properties":{"id":"cf9128dc708806120917e3065a36b57e3d91ffc0","cls":"styrofoam","cid":3,"cat":2,"conf":0.636,"area":0.9,"mask":true,"color":"#FFFFFF"},"geometry":{"type":"Polygon","coordinates":[[[127.711513,34.573406],[127.711516,34.573406],[127.711516,34.573403],[127.711512,34.573402],[127.71151,34.573403],[127.711511,34.573405],[127.711513,34.573406]]]}},{"type":"Feature","properties":{"id":"240f74116b612b084ee68633b92731400a607072","cls":"styrofoam","cid":3,"cat":2,"conf":0.636,"area":5.1,"mask":true,"color":"#FFFFFF"},"geometry":{"type":"Polygon","coordinates":[[[127.711538,34.573398],[127.71154,34.573397],[127.711547,34.573388],[127.71155,34.573387],[127.711544,34.573384],[127.711543,34.57338],[127.711539,34.573381],[127.711538,34.573382],[127.711538,34.573385],[127.711537,34.573388],[127.711538,34.573389],[127.711536,34.573394],[127.711536,34.573397],[127.711538,34.573398]]]}},{"type":"Feature","properties":{"id":"a963b7925b57f8c8cc46eeba42da391f024fb6ee","cls":"styrofoam","cid":3,"cat":2,"conf":0.497,"area":6.2,"mask":true,"color":"#FFFFFF"},"geometry":{"type":"Polygon","coordinates":[[[127.711641,34.57345],[127.711646,34.573448],[127.711649,34.573447],[127.711652,34.573446],[127.711652,34.573444],[127.711649,34.57344],[127.711649,34.573438],[127.711647,34.573436],[127.711641,34.573437],[127.711639,34.573438],[127.711635,34.573444],[127.711637,34.573446],[127.711637,34.573448],[127.711641,34.57345]]]}},{"type":"Feature","properties":{"id":"ca11efeac4b2feb4897d6aa41531584541f6e3ce","cls":"styrofoam","cid":3,"cat":2,"conf":0.604,"area":0.8,"mask":true,"color":"#FFFFFF"},"geometry":{"type":"Polygon","coordinates":[[[127.711429,34.573312],[127.711431,34.573312],[127.711434,34.573311],[127.711432,34.573309],[127.71143,34.573308],[127.711428,34.573309],[127.711428,34.573311],[127.711429,34.573312]]]}},{"type":"Feature","properties":{"id":"74dadc4fa6e8578faf9217dde8dc6ae627404bfa","cls":"styrofoam","cid":3,"cat":2,"conf":0.465,"area":0.7,"mask":true,"color":"#FFFFFF"},"geometry":{"type":"Polygon","coordinates":[[[127.711593,34.573273],[127.711595,34.573271],[127.711595,34.573269],[127.711594,34.573268],[127.711592,34.573268],[127.71159,34.573269],[127.711591,34.573271],[127.711593,34.573273]]]}},{"type":"Feature","properties":{"id":"d2e90b19334bbd3e93da0e97229513530c71caf6","cls":"styrofoam","cid":3,"cat":2,"conf":0.743,"area":1.1,"mask":true,"color":"#FFFFFF"},"geometry":{"type":"Polygon","coordinates":[[[127.711628,34.573295],[127.711632,34.573294],[127.711633,34.573291],[127.711627,34.57329],[127.711626,34.573293],[127.711628,34.573295]]]}},{"type":"Feature","properties":{"id":"af2c1eb478ad627e8bae0054fc8144d17c4e742b","cls":"styrofoam","cid":3,"cat":2,"conf":0.632,"area":1.3,"mask":true,"color":"#FFFFFF"},"geometry":{"type":"Polygon","coordinates":[[[127.711627,34.57329],[127.711628,34.573286],[127.711627,34.573283],[127.711625,34.573282],[127.711625,34.573286],[127.711621,34.573286],[127.711621,34.573289],[127.711627,34.57329]]]}},{"type":"Feature","properties":{"id":"20db1708fc86b726b359d29b710d4ccc9eb330f2","cls":"styrofoam","cid":3,"cat":2,"conf":0.589,"area":0.7,"mask":true,"color":"#FFFFFF"},"geometry":{"type":"Polygon","coordinates":[[[127.711593,34.573273],[127.711595,34.573271],[127.711595,34.573269],[127.711594,34.573268],[127.711592,34.573268],[127.711591,34.573269],[127.711591,34.573271],[127.711593,34.573273]]]}},{"type":"Feature","properties":{"id":"f841fcb47c0953af530859652b6af4eb74147dae","cls":"styrofoam","cid":3,"cat":2,"conf":0.818,"area":1.2,"mask":true,"color":"#FFFFFF"},"geometry":{"type":"Polygon","coordinates":[[[127.711763,34.573021],[127.711764,34.573019],[127.71176,34.573018],[127.711755,34.573018],[127.711755,34.573021],[127.711763,34.573021]]]}},{"type":"Feature","properties":{"id":"07d4302f40d26363a525dc68825fa9e9506a317d","cls":"styrofoam","cid":3,"cat":2,"conf":0.548,"area":1.4,"mask":true,"color":"#FFFFFF"},"geometry":{"type":"Polygon","coordinates":[[[127.711832,34.573024],[127.711833,34.573022],[127.711833,34.57302],[127.71183,34.573019],[127.711826,34.573019],[127.711825,34.573021],[127.711825,34.573022],[127.711832,34.573024]]]}},{"type":"Feature","properties":{"id":"b2f92d106155cd43182bd4b5f6ab9758952d74a6","cls":"styrofoam","cid":3,"cat":2,"conf":0.709,"area":1.4,"mask":true,"color":"#FFFFFF"},"geometry":{"type":"Polygon","coordinates":[[[127.711856,34.572565],[127.711856,34.572564],[127.711856,34.572561],[127.711854,34.572559],[127.71185,34.57256],[127.711849,34.572564],[127.711851,34.572565],[127.711856,34.572565]]]}},{"type":"Feature","properties":{"id":"c4b2858b9d49876ba696f8fc08de9caf8379be8a","cls":"styrofoam","cid":3,"cat":2,"conf":0.818,"area":3.0,"mask":true,"color":"#FFFFFF"},"geometry":{"type":"Polygon","coordinates":[[[127.71208,34.57249],[127.712082,34.572489],[127.712084,34.572487],[127.712084,34.57248],[127.712076,34.57248],[127.712075,34.572489],[127.712077,34.57249],[127.71208,34.57249]]]}},{"type":"Feature","properties":{"id":"99cde02eb8be9ddee21525a43d5f53715666f683","cls":"styrofoam","cid":3,"cat":2,"conf":0.438,"area":1.5,"mask":true,"color":"#FFFFFF"},"geometry":{"type":"Polygon","coordinates":[[[127.712227,34.5725],[127.712228,34.5725],[127.712232,34.572496],[127.712226,34.572493],[127.712225,34.572494],[127.712222,34.572498],[127.712227,34.5725]]]}},{"type":"Feature","properties":{"id":"12bb504c632b8975718ee9e87c8e4e8e99cc6d6a","cls":"styrofoam","cid":3,"cat":2,"conf":0.577,"area":3.4,"mask":true,"color":"#FFFFFF"},"geometry":{"type":"Polygon","coordinates":[[[127.712082,34.572489],[127.712083,34.572487],[127.712084,34.572481],[127.712083,34.57248],[127.712078,34.572479],[127.712077,34.572479],[127.712076,34.572481],[127.712075,34.572489],[127.712076,34.572489],[127.712082,34.572489]]]}},{"type":"Feature","properties":{"id":"524cef7be7cb91d6ffe75766d9d19d5ae2b8f0a3","cls":"styrofoam","cid":3,"cat":2,"conf":0.787,"area":1.1,"mask":true,"color":"#FFFFFF"},"geometry":{"type":"Polygon","coordinates":[[[127.71234,34.572456],[127.712341,34.572455],[127.712342,34.572452],[127.712339,34.572451],[127.712337,34.572451],[127.712336,34.572455],[127.71234,34.572456]]]}},{"type":"Feature","properties":{"id":"0d33ef640cdcedf56bafa8d01230b79ea4e05b00","cls":"styrofoam","cid":3,"cat":2,"conf":0.786,"area":1.0,"mask":true,"color":"#FFFFFF"},"geometry":{"type":"Polygon","coordinates":[[[127.712337,34.572442],[127.71234,34.572441],[127.712342,34.57244],[127.712342,34.572438],[127.71234,34.572437],[127.712338,34.572437],[127.712335,34.572439],[127.712337,34.572442]]]}},{"type":"Feature","properties":{"id":"3fd03b24f90da4c4d78c7f8d92fe0c2dc4c4dfc0","cls":"styrofoam","cid":3,"cat":2,"conf":0.782,"area":1.3,"mask":true,"color":"#FFFFFF"},"geometry":{"type":"Polygon","coordinates":[[[127.712359,34.572426],[127.712364,34.572425],[127.712364,34.572421],[127.712363,34.57242],[127.712361,34.57242],[127.712358,34.572422],[127.712358,34.572423],[127.712359,34.572426]]]}},{"type":"Feature","properties":{"id":"f993d11bd67929a3062d1d631f24f190926c4623","cls":"styrofoam","cid":3,"cat":2,"conf":0.776,"area":1.4,"mask":true,"color":"#FFFFFF"},"geometry":{"type":"Polygon","coordinates":[[[127.71234,34.572449],[127.712345,34.572446],[127.712344,34.572445],[127.712342,34.572443],[127.71234,34.572443],[127.712336,34.572445],[127.712337,34.572447],[127.712338,34.572448],[127.71234,34.572449]]]}},{"type":"Feature","properties":{"id":"ab5f1c337b3571b19b9fe17b57fd7b3f918e6463","cls":"styrofoam","cid":3,"cat":2,"conf":0.765,"area":1.5,"mask":true,"color":"#FFFFFF"},"geometry":{"type":"Polygon","coordinates":[[[127.712372,34.572471],[127.712375,34.57247],[127.712377,34.572466],[127.712377,34.572464],[127.712375,34.572463],[127.712373,34.572463],[127.712372,34.572465],[127.71237,34.572466],[127.712372,34.572471]]]}},{"type":"Feature","properties":{"id":"64a134b083a8f18fa54964a9d11bb2857ea4d3d1","cls":"buoy_bottle","cid":0,"cat":1,"conf":0.703,"area":3.1,"mask":true,"color":"#8B4513"},"geometry":{"type":"Polygon","coordinates":[[[127.712382,34.572419],[127.712384,34.572419],[127.712389,34.572415],[127.712394,34.572412],[127.712395,34.57241],[127.712392,34.572408],[127.712389,34.572409],[127.71238,34.572416],[127.71238,34.572417],[127.712382,34.572419]]]}},{"type":"Feature","properties":{"id":"b4b7b89fb46b5ff6b45f10dce87da4c2bb985fb3","cls":"styrofoam","cid":3,"cat":2,"conf":0.685,"area":1.2,"mask":true,"color":"#FFFFFF"},"geometry":{"type":"Polygon","coordinates":[[[127.712431,34.572381],[127.712434,34.572379],[127.712434,34.572377],[127.712431,34.572375],[127.712428,34.572375],[127.712427,34.572379],[127.712431,34.572381]]]}},{"type":"Feature","properties":{"id":"5469643d03ab3fb33e6906883edadcdc15beb476","cls":"styrofoam","cid":3,"cat":2,"conf":0.678,"area":2.1,"mask":true,"color":"#FFFFFF"},"geometry":{"type":"Polygon","coordinates":[[[127.712417,34.572446],[127.712417,34.572439],[127.712415,34.572437],[127.712412,34.572437],[127.712411,34.572441],[127.712411,34.572445],[127.712412,34.572446],[127.712417,34.572446]]]}},{"type":"Feature","properties":{"id":"af82c15c390d9ec66fae6be5c0a1a2379cbc967c","cls":"styrofoam","cid":3,"cat":2,"conf":0.678,"area":0.9,"mask":true,"color":"#FFFFFF"},"geometry":{"type":"Polygon","coordinates":[[[127.712372,34.572474],[127.712377,34.572474],[127.712378,34.572473],[127.712377,34.57247],[127.712375,34.57247],[127.712372,34.572472],[127.712371,34.572474],[127.712372,34.572474]]]}},{"type":"Feature","properties":{"id":"1c75fd157cbb442ec9dacc154df9d946382ed2f1","cls":"styrofoam","cid":3,"cat":2,"conf":0.663,"area":2.1,"mask":true,"color":"#FFFFFF"},"geometry":{"type":"Polygon","coordinates":[[[127.712394,34.572445],[127.712398,34.572445],[127.712399,34.572443],[127.712399,34.572441],[127.712393,34.572438],[127.712392,34.572437],[127.71239,34.572439],[127.712391,34.57244],[127.71239,34.572443],[127.712392,34.572444],[127.712394,34.572445]]]}},{"type":"Feature","properties":{"id":"1515b159bd5b340d88f4e8d6952c28d650b64c95","cls":"styrofoam","cid":3,"cat":2,"conf":0.651,"area":2.3,"mask":true,"color":"#FFFFFF"},"geometry":{"type":"Polygon","coordinates":[[[127.712366,34.572472],[127.71237,34.572471],[127.71237,34.572468],[127.712368,34.572465],[127.712364,34.572463],[127.712362,34.572463],[127.712361,34.572464],[127.712363,34.572469],[127.712366,34.572472]]]}},{"type":"Feature","properties":{"id":"590c815d2559762ebaca29d979ea26a8bd3487ce","cls":"styrofoam","cid":3,"cat":2,"conf":0.641,"area":0.6,"mask":true,"color":"#FFFFFF"},"geometry":{"type":"Polygon","coordinates":[[[127.712334,34.572449],[127.712337,34.572448],[127.712335,34.572444],[127.712333,34.572445],[127.712332,34.572447],[127.712334,34.572449]]]}},{"type":"Feature","properties":{"id":"708596a14a454b68456055f2db78e67e7751109d","cls":"styrofoam","cid":3,"cat":2,"conf":0.585,"area":1.0,"mask":true,"color":"#FFFFFF"},"geometry":{"type":"Polygon","coordinates":[[[127.712379,34.572473],[127.712383,34.572472],[127.712383,34.572469],[127.712382,34.572468],[127.712381,34.572468],[127.712377,34.572469],[127.712379,34.572473]]]}},{"type":"Feature","properties":{"id":"63a83fee252ab6b0fabbca8305a0149918caa007","cls":"styrofoam","cid":3,"cat":2,"conf":0.562,"area":1.8,"mask":true,"color":"#FFFFFF"},"geometry":{"type":"Polygon","coordinates":[[[127.712369,34.572455],[127.71237,34.572454],[127.712369,34.572451],[127.712369,34.572448],[127.712368,34.572447],[127.712365,34.572446],[127.712364,34.572447],[127.712362,34.572451],[127.712366,34.572454],[127.712369,34.572455]]]}},{"type":"Feature","properties":{"id":"be90c93a7e14811a7548545207dead0a437465da","cls":"styrofoam","cid":3,"cat":2,"conf":0.513,"area":2.0,"mask":true,"color":"#FFFFFF"},"geometry":{"type":"Polygon","coordinates":[[[127.712364,34.572474],[127.712365,34.572472],[127.712362,34.572468],[127.712361,34.572464],[127.71236,34.572464],[127.712357,34.572465],[127.712356,34.572468],[127.712358,34.57247],[127.71236,34.572472],[127.712364,34.572474]]]}},{"type":"Feature","properties":{"id":"8f052cd77d6d5d71e5a9b50d0ac134b85f81d055","cls":"styrofoam","cid":3,"cat":2,"conf":0.475,"area":1.6,"mask":true,"color":"#FFFFFF"},"geometry":{"type":"Polygon","coordinates":[[[127.71239,34.572433],[127.712393,34.572431],[127.712394,34.572429],[127.712394,34.572427],[127.712392,34.572425],[127.71239,34.572426],[127.712388,34.572427],[127.712386,34.572431],[127.712387,34.572432],[127.71239,34.572433]]]}},{"type":"Feature","properties":{"id":"4744aeab16e195c52b4401616fc2212e1cb80eee","cls":"styrofoam","cid":3,"cat":2,"conf":0.454,"area":1.7,"mask":true,"color":"#FFFFFF"},"geometry":{"type":"Polygon","coordinates":[[[127.712386,34.572397],[127.712386,34.572395],[127.712384,34.572393],[127.712382,34.57239],[127.712379,34.57239],[127.712378,34.572395],[127.712379,34.572397],[127.712386,34.572397]]]}},{"type":"Feature","properties":{"id":"e1fc5068c99c5b37dd87f45c76315bd0a6368bdf","cls":"styrofoam","cid":3,"cat":2,"conf":0.444,"area":0.6,"mask":true,"color":"#FFFFFF"},"geometry":{"type":"Polygon","coordinates":[[[127.712359,34.572412],[127.712362,34.572411],[127.71236,34.572408],[127.712359,34.572408],[127.712356,34.57241],[127.712359,34.572412]]]}},{"type":"Feature","properties":{"id":"c136336ad205bf29f96fd21f8e26094e4fc2dafe","cls":"styrofoam","cid":3,"cat":2,"conf":0.43,"area":0.6,"mask":true,"color":"#FFFFFF"},"geometry":{"type":"Polygon","coordinates":[[[127.712379,34.572478],[127.71238,34.572477],[127.71238,34.572475],[127.712378,34.572474],[127.712375,34.572474],[127.712376,34.572476],[127.712379,34.572478]]]}},{"type":"Feature","properties":{"id":"5df2764f79a65fc18721c674050ac97300f986cc","cls":"styrofoam","cid":3,"cat":2,"conf":0.418,"area":1.0,"mask":true,"color":"#FFFFFF"},"geometry":{"type":"Polygon","coordinates":[[[127.712418,34.572452],[127.71242,34.572452],[127.712421,34.572451],[127.712421,34.572447],[127.712419,34.572447],[127.712416,34.572449],[127.712416,34.57245],[127.712418,34.572452]]]}},{"type":"Feature","properties":{"id":"83b88096d26e0add77a178fd1913d63fecfab1fd","cls":"styrofoam","cid":3,"cat":2,"conf":0.404,"area":1.5,"mask":true,"color":"#FFFFFF"},"geometry":{"type":"Polygon","coordinates":[[[127.712486,34.57244],[127.71249,34.572439],[127.712491,34.572437],[127.712489,34.572435],[127.712483,34.572433],[127.712482,34.572435],[127.712482,34.572436],[127.712486,34.57244]]]}},{"type":"Feature","properties":{"id":"2dfee4d658c63f014f82829a6a32241304e8cf6b","cls":"styrofoam","cid":3,"cat":2,"conf":0.794,"area":1.2,"mask":true,"color":"#FFFFFF"},"geometry":{"type":"Polygon","coordinates":[[[127.712397,34.572344],[127.712399,34.572344],[127.712401,34.572341],[127.712401,34.57234],[127.712398,34.572338],[127.712396,34.572339],[127.712394,34.572341],[127.712394,34.572342],[127.712397,34.572344]]]}},{"type":"Feature","properties":{"id":"8eb3fa33bf021790d9e7e80620d0778af58a0733","cls":"styrofoam","cid":3,"cat":2,"conf":0.77,"area":1.2,"mask":true,"color":"#FFFFFF"},"geometry":{"type":"Polygon","coordinates":[[[127.712448,34.572288],[127.71245,34.572287],[127.712452,34.572284],[127.712447,34.572281],[127.712445,34.572283],[127.712445,34.572286],[127.712448,34.572288]]]}},{"type":"Feature","properties":{"id":"734b9be4365e04689d0dedd0778c5302eaefd0f0","cls":"styrofoam","cid":3,"cat":2,"conf":0.756,"area":1.3,"mask":true,"color":"#FFFFFF"},"geometry":{"type":"Polygon","coordinates":[[[127.712423,34.572299],[127.712427,34.572298],[127.712428,34.572297],[127.712427,34.572294],[127.712424,34.572292],[127.712421,34.572293],[127.712422,34.572298],[127.712423,34.572299]]]}},{"type":"Feature","properties":{"id":"72372c4e96d3e9d7f64700076e409905056c5e34","cls":"styrofoam","cid":3,"cat":2,"conf":0.736,"area":3.9,"mask":false,"color":"#FFFFFF"},"geometry":{"type":"Polygon","coordinates":[[[127.71233,34.572241],[127.71232,34.572241],[127.71232,34.572251],[127.71233,34.572251],[127.71233,34.572241]]]}},{"type":"Feature","properties":{"id":"ac5a2d2cb9bb404d955977331bb761f20dc35f38","cls":"styrofoam","cid":3,"cat":2,"conf":0.651,"area":1.0,"mask":true,"color":"#FFFFFF"},"geometry":{"type":"Polygon","coordinates":[[[127.712453,34.572271],[127.712455,34.572271],[127.712456,34.572269],[127.712456,34.572267],[127.712455,34.572266],[127.712452,34.572266],[127.712451,34.572268],[127.712451,34.57227],[127.712453,34.572271]]]}},{"type":"Feature","properties":{"id":"134c014267f0576d2c803f47a6ef47af8a9fd34a","cls":"styrofoam","cid":3,"cat":2,"conf":0.497,"area":1.1,"mask":true,"color":"#FFFFFF"},"geometry":{"type":"Polygon","coordinates":[[[127.712451,34.572276],[127.712456,34.572275],[127.712457,34.572273],[127.712456,34.572271],[127.712451,34.572271],[127.712451,34.572276]]]}},{"type":"Feature","properties":{"id":"1cb91de28fa3821a94cfd06a94941b12b7eef3d5","cls":"styrofoam","cid":3,"cat":2,"conf":0.425,"area":0.9,"mask":true,"color":"#FFFFFF"},"geometry":{"type":"Polygon","coordinates":[[[127.712339,34.57234],[127.712338,34.572338],[127.712335,34.572336],[127.712333,34.572336],[127.712332,34.572338],[127.712332,34.572339],[127.712334,34.57234],[127.712339,34.57234]]]}},{"type":"Feature","properties":{"id":"01432c28e3dfc26db3b269f00a6560ebcf675f85","cls":"styrofoam","cid":3,"cat":2,"conf":0.628,"area":1.3,"mask":true,"color":"#FFFFFF"},"geometry":{"type":"Polygon","coordinates":[[[127.712453,34.572271],[127.712455,34.572271],[127.712456,34.572267],[127.712455,34.572266],[127.71245,34.572265],[127.712449,34.572266],[127.712449,34.572268],[127.71245,34.57227],[127.712453,34.572271]]]}},{"type":"Feature","properties":{"id":"9d88f6dd064abe86c8e7b3907db981295203dd14","cls":"styrofoam","cid":3,"cat":2,"conf":0.505,"area":1.0,"mask":true,"color":"#FFFFFF"},"geometry":{"type":"Polygon","coordinates":[[[127.712448,34.572288],[127.71245,34.572287],[127.712452,34.572284],[127.712447,34.572281],[127.712446,34.572282],[127.712446,34.572287],[127.712448,34.572288]]]}},{"type":"Feature","properties":{"id":"31fccf6440c92f81f4568e46f066ac3875007fb0","cls":"styrofoam","cid":3,"cat":2,"conf":0.554,"area":1.7,"mask":true,"color":"#FFFFFF"},"geometry":{"type":"Polygon","coordinates":[[[127.712325,34.572251],[127.712327,34.57225],[127.712328,34.572248],[127.712327,34.572243],[127.712325,34.572242],[127.71232,34.572246],[127.712324,34.57225],[127.712325,34.572251]]]}},{"type":"Feature","properties":{"id":"475062d11ab64f9f62fc08ff24cf1ce1cb5e7782","cls":"styrofoam","cid":3,"cat":2,"conf":0.826,"area":1.2,"mask":true,"color":"#FFFFFF"},"geometry":{"type":"Polygon","coordinates":[[[127.712478,34.572226],[127.71248,34.572226],[127.712483,34.572223],[127.712482,34.572222],[127.712479,34.57222],[127.712475,34.572224],[127.712478,34.572226]]]}},{"type":"Feature","properties":{"id":"c70171e808d43e06f39e4ca3d193d4b3c37a749c","cls":"styrofoam","cid":3,"cat":2,"conf":0.741,"area":0.9,"mask":true,"color":"#FFFFFF"},"geometry":{"type":"Polygon","coordinates":[[[127.712504,34.572188],[127.712506,34.572188],[127.712508,34.572187],[127.712507,34.572185],[127.712505,34.572184],[127.712504,34.572184],[127.712502,34.572185],[127.712502,34.572187],[127.712504,34.572188]]]}},{"type":"Feature","properties":{"id":"ef3e0a5086595748f4a6b375d0a9b517486c692a","cls":"styrofoam","cid":3,"cat":2,"conf":0.741,"area":1.3,"mask":true,"color":"#FFFFFF"},"geometry":{"type":"Polygon","coordinates":[[[127.712537,34.572125],[127.71254,34.572124],[127.712542,34.572121],[127.712542,34.57212],[127.712538,34.572118],[127.712537,34.572118],[127.712535,34.572121],[127.712537,34.572125]]]}},{"type":"Feature","properties":{"id":"8c78b359c4f3bcc7c6d540bbaeeb19a4782f765c","cls":"styrofoam","cid":3,"cat":2,"conf":0.699,"area":0.8,"mask":true,"color":"#FFFFFF"},"geometry":{"type":"Polygon","coordinates":[[[127.712497,34.57219],[127.7125,34.572189],[127.7125,34.572187],[127.712498,34.572186],[127.712496,34.572185],[127.712495,34.572186],[127.712494,34.572188],[127.712496,34.572189],[127.712497,34.57219]]]}},{"type":"Feature","properties":{"id":"21b2877082b6fc5a21768dd978be47e8d8225497","cls":"styrofoam","cid":3,"cat":2,"conf":0.782,"area":1.2,"mask":true,"color":"#FFFFFF"},"geometry":{"type":"Polygon","coordinates":[[[127.712567,34.572032],[127.712569,34.57203],[127.712565,34.572026],[127.712563,34.572026],[127.712561,34.572028],[127.712564,34.572031],[127.712567,34.572032]]]}},{"type":"Feature","properties":{"id":"96c4b830ea46c02adc57345c807a2f29af321fc9","cls":"styrofoam","cid":3,"cat":2,"conf":0.723,"area":1.2,"mask":true,"color":"#FFFFFF"},"geometry":{"type":"Polygon","coordinates":[[[127.712537,34.572125],[127.71254,34.572124],[127.712542,34.572121],[127.712542,34.57212],[127.712538,34.572118],[127.712537,34.572118],[127.712535,34.572121],[127.712535,34.572122],[127.712537,34.572125]]]}},{"type":"Feature","properties":{"id":"ec8290529539fb532e594c3583b7125a75cb5993","cls":"styrofoam","cid":3,"cat":2,"conf":0.51,"area":1.1,"mask":true,"color":"#FFFFFF"},"geometry":{"type":"Polygon","coordinates":[[[127.712532,34.572069],[127.712533,34.572069],[127.712536,34.572064],[127.712536,34.572063],[127.712535,34.572062],[127.712533,34.572062],[127.71253,34.572068],[127.712531,34.572069],[127.712532,34.572069]]]}},{"type":"Feature","properties":{"id":"6f565b5afd3e0ee5ba78b6124b1f36affddb82cf","cls":"styrofoam","cid":3,"cat":2,"conf":0.449,"area":0.8,"mask":true,"color":"#FFFFFF"},"geometry":{"type":"Polygon","coordinates":[[[127.712564,34.572043],[127.712568,34.572043],[127.712568,34.57204],[127.712565,34.572039],[127.712563,34.572039],[127.712562,34.57204],[127.712562,34.572042],[127.712564,34.572043]]]}},{"type":"Feature","properties":{"id":"a207c48db96b750e42e0d1d818a200d91dc84b03","cls":"styrofoam","cid":3,"cat":2,"conf":0.828,"area":3.5,"mask":true,"color":"#FFFFFF"},"geometry":{"type":"Polygon","coordinates":[[[127.712585,34.571974],[127.712587,34.571974],[127.712589,34.571974],[127.712592,34.571972],[127.712591,34.571971],[127.712581,34.571964],[127.71258,34.571964],[127.712577,34.571966],[127.712577,34.571968],[127.712585,34.571974]]]}},{"type":"Feature","properties":{"id":"a2e6f1a8d43591a747f6f4b3d9c72c8e9e0014c8","cls":"styrofoam","cid":3,"cat":2,"conf":0.785,"area":0.9,"mask":true,"color":"#FFFFFF"},"geometry":{"type":"Polygon","coordinates":[[[127.712631,34.571983],[127.712634,34.57198],[127.712634,34.571979],[127.712631,34.571977],[127.712628,34.571981],[127.712628,34.571982],[127.712631,34.571983]]]}},{"type":"Feature","properties":{"id":"e824216c0adfc623d6feacdb4a6b6b7ffe77c6c7","cls":"styrofoam","cid":3,"cat":2,"conf":0.681,"area":1.9,"mask":true,"color":"#FFFFFF"},"geometry":{"type":"Polygon","coordinates":[[[127.712622,34.571799],[127.712625,34.571799],[127.712627,34.571798],[127.712627,34.571796],[127.712626,34.571796],[127.712625,34.571795],[127.712622,34.571794],[127.712616,34.571794],[127.712616,34.571798],[127.712622,34.571799]]]}},{"type":"Feature","properties":{"id":"c59dec69ca6ac3e633c507e468655c3db2ffddff","cls":"styrofoam","cid":3,"cat":2,"conf":0.781,"area":6.6,"mask":true,"color":"#FFFFFF"},"geometry":{"type":"Polygon","coordinates":[[[127.712556,34.571753],[127.712558,34.571752],[127.712563,34.571749],[127.712564,34.571747],[127.712553,34.571736],[127.712548,34.571739],[127.712545,34.571741],[127.712546,34.571742],[127.712556,34.571753]]]}},{"type":"Feature","properties":{"id":"1c785c56d4ebd5f6f848bdc332d6d30a2d14e95b","cls":"styrofoam","cid":3,"cat":2,"area":5.2,"mask":false,"color":"#FFFFFF"},"geometry":{"type":"Polygon","coordinates":[[[127.647627,34.61818],[127.647638,34.618181],[127.647639,34.618171],[127.647626,34.61817],[127.647627,34.61818]]]}},{"type":"Feature","properties":{"id":"32a5f224d45140abea3ea576287a3d999fb3c4e9","cls":"styrofoam","cid":3,"cat":2,"area":1.4,"mask":false,"color":"#FFFFFF"},"geometry":{"type":"Polygon","coordinates":[[[127.648202,34.617555],[127.648208,34.617554],[127.648208,34.617549],[127.648201,34.617549],[127.648202,34.617555]]]}},{"type":"Feature","properties":{"id":"52e2e95c2fbb5cf78f284a4dca8fa2128958dead","cls":"styrofoam","cid":3,"cat":2,"area":1.0,"mask":false,"color":"#FFFFFF"},"geometry":{"type":"Polygon","coordinates":[[[127.648343,34.617485],[127.648348,34.617485],[127.648347,34.617479],[127.648342,34.61748],[127.648343,34.617485]]]}},{"type":"Feature","properties":{"id":"20c6ede7d412a7e4f1ece9dd54046587668e1a5d","cls":"styrofoam","cid":3,"cat":2,"area":1.1,"mask":false,"color":"#FFFFFF"},"geometry":{"type":"Polygon","coordinates":[[[127.64856,34.617261],[127.648564,34.617262],[127.648566,34.617256],[127.648562,34.617256],[127.64856,34.617261]]]}},{"type":"Feature","properties":{"id":"3b369ece224b95180175ee6ce7673bb474767dbe","cls":"styrofoam","cid":3,"cat":2,"area":1.0,"mask":false,"color":"#FFFFFF"},"geometry":{"type":"Polygon","coordinates":[[[127.648575,34.617264],[127.648578,34.617265],[127.648582,34.617261],[127.648583,34.617258],[127.648583,34.617256],[127.64858,34.617257],[127.64858,34.617261],[127.648577,34.617261],[127.648575,34.617264]]]}},{"type":"Feature","properties":{"id":"c99b8f3580cb74d45db062c89544a7b9a86bcb42","cls":"styrofoam","cid":3,"cat":2,"area":1.7,"mask":false,"color":"#FFFFFF"},"geometry":{"type":"Polygon","coordinates":[[[127.648567,34.617249],[127.64857,34.617248],[127.648573,34.617251],[127.648576,34.617248],[127.648575,34.617245],[127.648571,34.617247],[127.648569,34.617244],[127.648565,34.617246],[127.648565,34.617248],[127.648567,34.617249]]]}},{"type":"Feature","properties":{"id":"dedcbcb45d22ab3ffefcafb2963b2af8e0d90905","cls":"styrofoam","cid":3,"cat":2,"area":3.7,"mask":false,"color":"#FFFFFF"},"geometry":{"type":"Polygon","coordinates":[[[127.649619,34.616202],[127.649629,34.616204],[127.649631,34.616202],[127.649633,34.616202],[127.649635,34.616199],[127.649631,34.616197],[127.649633,34.616195],[127.649623,34.616195],[127.649619,34.616202]]]}},{"type":"Feature","properties":{"id":"71d071ffcddd2327619ea68a03ee9f1bce44ac65","cls":"styrofoam","cid":3,"cat":2,"area":1.1,"mask":false,"color":"#FFFFFF"},"geometry":{"type":"Polygon","coordinates":[[[127.649612,34.616198],[127.649616,34.616196],[127.649613,34.616192],[127.649611,34.616191],[127.649609,34.616192],[127.649609,34.616194],[127.649612,34.616198]]]}},{"type":"Feature","properties":{"id":"ae88cdf04e510bcd62c69ad82defd7f85c6688c4","cls":"styrofoam","cid":3,"cat":2,"area":1.1,"mask":false,"color":"#FFFFFF"},"geometry":{"type":"Polygon","coordinates":[[[127.649633,34.616169],[127.649636,34.616171],[127.64964,34.616166],[127.649638,34.616164],[127.649635,34.616166],[127.649633,34.616169]]]}},{"type":"Feature","properties":{"id":"3294edf7f93a35394de629bf5cbac3bf3060533c","cls":"styrofoam","cid":3,"cat":2,"area":3.1,"mask":false,"color":"#FFFFFF"},"geometry":{"type":"Polygon","coordinates":[[[127.649635,34.616165],[127.64964,34.616164],[127.649641,34.61616],[127.649645,34.616159],[127.649642,34.616156],[127.64964,34.616155],[127.649632,34.616158],[127.649635,34.616165]]]}},{"type":"Feature","properties":{"id":"e1a411824174827e138460ce7379b348fe44142a","cls":"buoy_red","cid":2,"cat":1,"area":0.8,"mask":false,"color":"#CC0000"},"geometry":{"type":"Polygon","coordinates":[[[127.649615,34.616206],[127.649617,34.616202],[127.649612,34.616201],[127.649611,34.616203],[127.649611,34.616204],[127.649615,34.616206]]]}},{"type":"Feature","properties":{"id":"afb840e3cc07c490ace9f302bfa2aff99d14f7ed","cls":"styrofoam","cid":3,"cat":2,"area":4.4,"mask":false,"color":"#FFFFFF"},"geometry":{"type":"Polygon","coordinates":[[[127.649687,34.616118],[127.649689,34.616118],[127.649693,34.616113],[127.649694,34.616109],[127.649688,34.616104],[127.649686,34.616104],[127.649683,34.616106],[127.649682,34.616111],[127.649687,34.616118]]]}},{"type":"Feature","properties":{"id":"b460b645996bee1bb7d11b33677440fa83610b55","cls":"styrofoam","cid":3,"cat":2,"area":0.5,"mask":false,"color":"#FFFFFF"},"geometry":{"type":"Polygon","coordinates":[[[127.650601,34.615125],[127.650605,34.615123],[127.650604,34.615122],[127.650601,34.615122],[127.650599,34.615123],[127.6506,34.615125],[127.650601,34.615125]]]}},{"type":"Feature","properties":{"id":"f857c0bb854242aecd4498b966e6eba8e8fc48b1","cls":"styrofoam","cid":3,"cat":2,"area":1.1,"mask":false,"color":"#FFFFFF"},"geometry":{"type":"Polygon","coordinates":[[[127.650861,34.614294],[127.650865,34.614293],[127.650865,34.614287],[127.65086,34.614288],[127.650861,34.614294]]]}},{"type":"Feature","properties":{"id":"c84458fa7a7920e70c9b7ea809528e7e72bcb917","cls":"styrofoam","cid":3,"cat":2,"area":0.9,"mask":false,"color":"#FFFFFF"},"geometry":{"type":"Polygon","coordinates":[[[127.651199,34.612787],[127.651203,34.612785],[127.651203,34.612781],[127.6512,34.612782],[127.651197,34.612785],[127.651199,34.612787]]]}},{"type":"Feature","properties":{"id":"7ca5fc26d9e046e774e249788ca9861e0b3ba866","cls":"styrofoam","cid":3,"cat":2,"area":4.6,"mask":false,"color":"#FFFFFF"},"geometry":{"type":"Polygon","coordinates":[[[127.651364,34.612591],[127.651374,34.61258],[127.651369,34.612575],[127.651357,34.612588],[127.651364,34.612591]]]}},{"type":"Feature","properties":{"id":"07e7be5a13842d818367912a06d97f8b865adf9c","cls":"styrofoam","cid":3,"cat":2,"area":1.7,"mask":false,"color":"#FFFFFF"},"geometry":{"type":"Polygon","coordinates":[[[127.651622,34.612405],[127.651626,34.612403],[127.651624,34.612399],[127.651622,34.612398],[127.65162,34.612398],[127.651617,34.612404],[127.651622,34.612405]]]}},{"type":"Feature","properties":{"id":"14caeff5350ed157dcb45c0a41dfe7c67812d867","cls":"styrofoam","cid":3,"cat":2,"area":4.4,"mask":false,"color":"#FFFFFF"},"geometry":{"type":"Polygon","coordinates":[[[127.651654,34.612336],[127.651664,34.612333],[127.65166,34.612328],[127.651659,34.612325],[127.651661,34.612319],[127.651658,34.612319],[127.651651,34.61233],[127.651654,34.612336]]]}},{"type":"Feature","properties":{"id":"922588ccf5fb740d794417496a53a3cd62986b0c","cls":"styrofoam","cid":3,"cat":2,"area":0.7,"mask":false,"color":"#FFFFFF"},"geometry":{"type":"Polygon","coordinates":[[[127.649246,34.636087],[127.64925,34.636084],[127.649248,34.636081],[127.649243,34.636084],[127.649246,34.636087]]]}},{"type":"Feature","properties":{"id":"7d909af2d505aff74a5951d1d57750ed3ec8e08c","cls":"styrofoam","cid":3,"cat":2,"area":0.8,"mask":false,"color":"#FFFFFF"},"geometry":{"type":"Polygon","coordinates":[[[127.649245,34.636083],[127.649248,34.636082],[127.649248,34.636081],[127.649246,34.636078],[127.649245,34.636077],[127.649242,34.636079],[127.649245,34.636083]]]}},{"type":"Feature","properties":{"id":"8262b4a29711bd0d5d391ea3414dd38222c3dd28","cls":"other_debris","cid":7,"cat":4,"area":5.9,"mask":false,"color":"#696969"},"geometry":{"type":"Polygon","coordinates":[[[127.648657,34.636274],[127.648668,34.636277],[127.648674,34.636267],[127.648663,34.636263],[127.648657,34.636274]]]}},{"type":"Feature","properties":{"id":"fc8ca773b0a71dcab2be4ce32b7833f31b004734","cls":"rope","cid":5,"cat":3,"area":45.4,"mask":false,"color":"#8B008B"},"geometry":{"type":"Polygon","coordinates":[[[127.648399,34.636219],[127.648416,34.636216],[127.648426,34.636206],[127.648431,34.636198],[127.648445,34.636189],[127.648451,34.636191],[127.648451,34.636181],[127.648453,34.636174],[127.64845,34.636167],[127.648443,34.636168],[127.648437,34.636169],[127.648424,34.636179],[127.64842,34.636185],[127.648415,34.636196],[127.64841,34.636202],[127.648401,34.636208],[127.648399,34.636219]]]}},{"type":"Feature","properties":{"id":"8f96d2709a8e419e5e09546883fc1ca42cfe03cd","cls":"buoy_red","cid":2,"cat":1,"area":1.2,"mask":false,"color":"#CC0000"},"geometry":{"type":"Polygon","coordinates":[[[127.648402,34.636277],[127.648406,34.636278],[127.648409,34.636276],[127.648408,34.636274],[127.648407,34.636273],[127.648401,34.636274],[127.648402,34.636277]]]}},{"type":"Feature","properties":{"id":"e9eda2ef60ab37e4021b8246fe100a7aaf0ab4a2","cls":"rope","cid":5,"cat":3,"area":33.2,"mask":false,"color":"#8B008B"},"geometry":{"type":"Polygon","coordinates":[[[127.647923,34.636318],[127.647929,34.636308],[127.647935,34.636303],[127.647941,34.636306],[127.647946,34.636307],[127.647958,34.636302],[127.647961,34.636299],[127.647962,34.636296],[127.64796,34.636292],[127.647954,34.636289],[127.64795,34.636286],[127.647948,34.636288],[127.647947,34.636291],[127.647947,34.636295],[127.647943,34.636297],[127.64794,34.636296],[127.647935,34.636292],[127.647929,34.636285],[127.647923,34.636283],[127.647919,34.636284],[127.647916,34.636288],[127.647915,34.636293],[127.647916,34.636297],[127.647919,34.636301],[127.647919,34.636303],[127.647916,34.636306],[127.647914,34.63631],[127.647916,34.636317],[127.647923,34.636318]]]}},{"type":"Feature","properties":{"id":"adf6f793deec19d26ccf5a5023496b50ad7a32af","cls":"rope","cid":5,"cat":3,"area":4.5,"mask":false,"color":"#8B008B"},"geometry":{"type":"Polygon","coordinates":[[[127.647962,34.636298],[127.647965,34.636299],[127.647968,34.636295],[127.64797,34.636292],[127.64797,34.636289],[127.647969,34.636287],[127.647964,34.636285],[127.647961,34.636285],[127.647959,34.636288],[127.647962,34.636298]]]}},{"type":"Feature","properties":{"id":"264883d996ff781a53d8b0c19da401b2c127d694","cls":"styrofoam","cid":3,"cat":2,"area":6.6,"mask":false,"color":"#FFFFFF"},"geometry":{"type":"Polygon","coordinates":[[[127.647857,34.636185],[127.647865,34.636186],[127.647867,34.636185],[127.647871,34.636182],[127.647873,34.636177],[127.647869,34.636177],[127.647854,34.636173],[127.647853,34.636176],[127.647857,34.636185]]]}},{"type":"Feature","properties":{"id":"b2e1fc94d323dafa0767e041f8884e2f76b6279e","cls":"styrofoam","cid":3,"cat":2,"area":0.9,"mask":false,"color":"#FFFFFF"},"geometry":{"type":"Polygon","coordinates":[[[127.646946,34.635477],[127.646951,34.635477],[127.646951,34.635474],[127.646947,34.635473],[127.646945,34.635475],[127.646946,34.635477]]]}},{"type":"Feature","properties":{"id":"6927d9901c70fbe5946052d8a2aa3e4424884332","cls":"styrofoam","cid":3,"cat":2,"area":0.9,"mask":false,"color":"#FFFFFF"},"geometry":{"type":"Polygon","coordinates":[[[127.646987,34.635481],[127.646991,34.635481],[127.646992,34.635478],[127.646992,34.635476],[127.646988,34.635476],[127.646987,34.635481]]]}},{"type":"Feature","properties":{"id":"13753860a570e9316d4702be4e5885138c033aae","cls":"styrofoam","cid":3,"cat":2,"area":0.7,"mask":false,"color":"#FFFFFF"},"geometry":{"type":"Polygon","coordinates":[[[127.646989,34.635483],[127.646994,34.635481],[127.646993,34.635479],[127.646987,34.635481],[127.646989,34.635483]]]}},{"type":"Feature","properties":{"id":"cb8845c664215f7fac3b51171c61a726d78d069c","cls":"styrofoam","cid":3,"cat":2,"area":1.3,"mask":false,"color":"#FFFFFF"},"geometry":{"type":"Polygon","coordinates":[[[127.646998,34.635487],[127.646995,34.63549],[127.646997,34.635489],[127.647003,34.635487],[127.647004,34.635485],[127.647002,34.635482],[127.646998,34.635482],[127.646997,34.635484],[127.646998,34.635487]]]}},{"type":"Feature","properties":{"id":"3e63555025f867d1b5122e50b7ef4791a87c2c5b","cls":"styrofoam","cid":3,"cat":2,"area":0.9,"mask":false,"color":"#FFFFFF"},"geometry":{"type":"Polygon","coordinates":[[[127.646995,34.635495],[127.647002,34.635495],[127.647001,34.635492],[127.646995,34.635492],[127.646995,34.635495]]]}},{"type":"Feature","properties":{"id":"af46b5ce81c8360bf56d27294fd200d68ef962a2","cls":"styrofoam","cid":3,"cat":2,"area":0.9,"mask":false,"color":"#FFFFFF"},"geometry":{"type":"Polygon","coordinates":[[[127.646992,34.635474],[127.646994,34.635474],[127.646994,34.635473],[127.646992,34.635472],[127.646991,34.635472],[127.646989,34.635472],[127.646985,34.635473],[127.646985,34.635475],[127.646987,34.635476],[127.646992,34.635474]]]}},{"type":"Feature","properties":{"id":"91ba3773dca4e63bcb7f392a36b87a002be9b6e2","cls":"rope","cid":5,"cat":3,"area":29.7,"mask":false,"color":"#8B008B"},"geometry":{"type":"Polygon","coordinates":[[[127.646983,34.635486],[127.646985,34.635484],[127.646987,34.635482],[127.646986,34.635477],[127.646984,34.635476],[127.646986,34.635471],[127.646976,34.635473],[127.646967,34.635467],[127.646971,34.635472],[127.646974,34.635475],[127.646972,34.635479],[127.64697,34.635479],[127.64697,34.635481],[127.646967,34.635481],[127.646969,34.635472],[127.646965,34.635468],[127.646959,34.635468],[127.646956,34.635464],[127.646955,34.635476],[127.646952,34.63548],[127.646948,34.63548],[127.646949,34.635482],[127.64695,34.635488],[127.646946,34.635492],[127.646949,34.635495],[127.646958,34.635495],[127.646965,34.635497],[127.646973,34.635491],[127.646983,34.635486]]]}},{"type":"Feature","properties":{"id":"076b590d5ce9a0f460d296fb9dcf34ec137d0123","cls":"styrofoam","cid":3,"cat":2,"area":3.3,"mask":false,"color":"#FFFFFF"},"geometry":{"type":"Polygon","coordinates":[[[127.646954,34.635476],[127.646955,34.635477],[127.646958,34.635464],[127.646957,34.635465],[127.646956,34.635463],[127.646952,34.635462],[127.646953,34.635464],[127.646947,34.635466],[127.646954,34.635476]]]}},{"type":"Feature","properties":{"id":"08e87e049ec9a8da9d3eb8df550a456910514fe8","cls":"styrofoam","cid":3,"cat":2,"area":1.0,"mask":false,"color":"#FFFFFF"},"geometry":{"type":"Polygon","coordinates":[[[127.646956,34.635457],[127.646958,34.635456],[127.646959,34.635454],[127.646956,34.635451],[127.646953,34.635453],[127.646952,34.635454],[127.646956,34.635457]]]}},{"type":"Feature","properties":{"id":"d001be866f0c1f5591f2e3c2576f2136b83906a7","cls":"styrofoam","cid":3,"cat":2,"area":0.7,"mask":false,"color":"#FFFFFF"},"geometry":{"type":"Polygon","coordinates":[[[127.646942,34.635451],[127.646942,34.635448],[127.646938,34.635448],[127.646936,34.635448],[127.646936,34.635451],[127.646942,34.635451]]]}},{"type":"Feature","properties":{"id":"8ee480767813e00f080bb986f68bd9731c4563df","cls":"styrofoam","cid":3,"cat":2,"area":0.7,"mask":false,"color":"#FFFFFF"},"geometry":{"type":"Polygon","coordinates":[[[127.647843,34.635704],[127.647847,34.635702],[127.647846,34.6357],[127.647842,34.635699],[127.647842,34.635702],[127.647843,34.635704]]]}},{"type":"Feature","properties":{"id":"3c834f3caa1e34b39f3f5e4a564f05a282fab87b","cls":"other_debris","cid":7,"cat":4,"area":9.2,"mask":false,"color":"#696969"},"geometry":{"type":"Polygon","coordinates":[[[127.647781,34.635876],[127.647784,34.635873],[127.647736,34.635828],[127.647734,34.635829],[127.647781,34.635876]]]}},{"type":"Feature","properties":{"id":"59f32aa27fe35875514867f9039f4bd7d1af29cb","cls":"styrofoam","cid":3,"cat":2,"area":1.2,"mask":false,"color":"#FFFFFF"},"geometry":{"type":"Polygon","coordinates":[[[127.647747,34.635595],[127.647751,34.635593],[127.64775,34.635587],[127.647748,34.635587],[127.647746,34.635589],[127.647747,34.635595]]]}},{"type":"Feature","properties":{"id":"b0d3fcb0da34deff229cbcf3326c0660a6b61c39","cls":"styrofoam","cid":3,"cat":2,"area":1.0,"mask":false,"color":"#FFFFFF"},"geometry":{"type":"Polygon","coordinates":[[[127.647665,34.635519],[127.647669,34.635518],[127.647667,34.635513],[127.647663,34.635514],[127.647663,34.635515],[127.647665,34.635519]]]}},{"type":"Feature","properties":{"id":"d9d74f15ffe493c53092c3807c5bfe226e7c0191","cls":"styrofoam","cid":3,"cat":2,"area":1.3,"mask":false,"color":"#FFFFFF"},"geometry":{"type":"Polygon","coordinates":[[[127.647556,34.635381],[127.647561,34.63538],[127.647556,34.635375],[127.647552,34.635376],[127.647556,34.635381]]]}},{"type":"Feature","properties":{"id":"c331652fd495f50e3bb7182ced768cf123e6ee52","cls":"styrofoam","cid":3,"cat":2,"area":0.7,"mask":false,"color":"#FFFFFF"},"geometry":{"type":"Polygon","coordinates":[[[127.647583,34.635382],[127.647587,34.635382],[127.647587,34.635379],[127.647584,34.635378],[127.647583,34.635379],[127.647581,34.635381],[127.647583,34.635382]]]}},{"type":"Feature","properties":{"id":"e2623f7b1f2cb8e8743391e7992f8f5d4fee073a","cls":"styrofoam","cid":3,"cat":2,"area":1.4,"mask":false,"color":"#FFFFFF"},"geometry":{"type":"Polygon","coordinates":[[[127.647542,34.635355],[127.647543,34.635351],[127.647541,34.635347],[127.647539,34.635347],[127.647536,34.635351],[127.647542,34.635355]]]}},{"type":"Feature","properties":{"id":"b3fdcefb55faeaf3bb53052bfc80c01e0eff945a","cls":"net","cid":4,"cat":3,"area":21.0,"mask":false,"color":"#228B22"},"geometry":{"type":"Polygon","coordinates":[[[127.647461,34.635235],[127.64746,34.635218],[127.647468,34.635205],[127.647464,34.635198],[127.64746,34.635195],[127.64745,34.63518],[127.647443,34.635185],[127.647453,34.635199],[127.647454,34.635205],[127.647452,34.635211],[127.647449,34.635217],[127.647461,34.635235]]]}},{"type":"Feature","properties":{"id":"a6a0d91157e5b600c4572781aa04cfd0e91400d3","cls":"styrofoam","cid":3,"cat":2,"area":0.8,"mask":false,"color":"#FFFFFF"},"geometry":{"type":"Polygon","coordinates":[[[127.647513,34.635224],[127.647515,34.635221],[127.647514,34.635219],[127.647509,34.635218],[127.647509,34.63522],[127.647513,34.635224]]]}},{"type":"Feature","properties":{"id":"909138161cca105704acba8eb9d3a0516801a38a","cls":"styrofoam","cid":3,"cat":2,"area":0.7,"mask":false,"color":"#FFFFFF"},"geometry":{"type":"Polygon","coordinates":[[[127.647267,34.634844],[127.647268,34.634844],[127.64727,34.634846],[127.647271,34.634846],[127.64727,34.634842],[127.647266,34.634843],[127.647263,34.634842],[127.647264,34.634845],[127.647265,34.634846],[127.647267,34.634844]]]}},{"type":"Feature","properties":{"id":"a60e9bc692736a8fd6aec16aff3bac460e36f7ba","cls":"styrofoam","cid":3,"cat":2,"area":1.1,"mask":false,"color":"#FFFFFF"},"geometry":{"type":"Polygon","coordinates":[[[127.647207,34.634792],[127.647211,34.634788],[127.647207,34.634785],[127.647204,34.634788],[127.647204,34.634789],[127.647207,34.634792]]]}},{"type":"Feature","properties":{"id":"59097d2a2a6e58c58dc3f41d7522e815d770051e","cls":"plastic_box","cid":6,"cat":3,"area":3.1,"mask":false,"color":"#FF8C00"},"geometry":{"type":"Polygon","coordinates":[[[127.647198,34.634551],[127.647207,34.634549],[127.647205,34.634541],[127.647196,34.634542],[127.647198,34.634551]]]}},{"type":"Feature","properties":{"id":"a951e479aa4fde0a71072d18bb7cb088a458c5b7","cls":"styrofoam","cid":3,"cat":2,"area":1.2,"mask":false,"color":"#FFFFFF"},"geometry":{"type":"Polygon","coordinates":[[[127.647221,34.634549],[127.647225,34.634548],[127.647225,34.634546],[127.647222,34.634543],[127.647218,34.634544],[127.647218,34.634547],[127.647221,34.634549]]]}},{"type":"Feature","properties":{"id":"f5a4569176d0d6df158d6f4748298ccd4fc71bb5","cls":"rope","cid":5,"cat":3,"area":16.4,"mask":false,"color":"#8B008B"},"geometry":{"type":"Polygon","coordinates":[[[127.647194,34.634543],[127.647196,34.634536],[127.647195,34.63453],[127.647197,34.634528],[127.6472,34.634526],[127.647199,34.634517],[127.647204,34.634508],[127.647204,34.634505],[127.647202,34.634503],[127.647202,34.634501],[127.647209,34.634493],[127.647212,34.634483],[127.647212,34.634474],[127.647211,34.634472],[127.647208,34.634475],[127.6472,34.634502],[127.647197,34.634509],[127.647194,34.634511],[127.647191,34.634518],[127.647189,34.63453],[127.64719,34.63454],[127.647194,34.634543]]]}},{"type":"Feature","properties":{"id":"4ec586129d7ffeafe686413f9d8d007fa1e2de06","cls":"styrofoam","cid":3,"cat":2,"area":1.1,"mask":false,"color":"#FFFFFF"},"geometry":{"type":"Polygon","coordinates":[[[127.647205,34.634504],[127.647209,34.634503],[127.647209,34.6345],[127.647206,34.634499],[127.647203,34.634501],[127.647203,34.634503],[127.647205,34.634504]]]}},{"type":"Feature","properties":{"id":"5edddf5f5a5ec87be6bbd0f71282dadbc698f34d","cls":"styrofoam","cid":3,"cat":2,"area":0.9,"mask":false,"color":"#FFFFFF"},"geometry":{"type":"Polygon","coordinates":[[[127.647226,34.634464],[127.647232,34.634462],[127.647232,34.634459],[127.647228,34.634459],[127.647225,34.634461],[127.647226,34.634464]]]}},{"type":"Feature","properties":{"id":"fd471673deaef9d5a836c2f2091069b7f6c3cc77","cls":"styrofoam","cid":3,"cat":2,"area":0.5,"mask":false,"color":"#FFFFFF"},"geometry":{"type":"Polygon","coordinates":[[[127.64683,34.634687],[127.646833,34.634687],[127.646831,34.634683],[127.64683,34.634683],[127.646829,34.634685],[127.64683,34.634687]]]}},{"type":"Feature","properties":{"id":"433704ac5c34d38b3d33830d83e1650b3d35e331","cls":"buoy_red","cid":2,"cat":1,"area":1.1,"mask":false,"color":"#CC0000"},"geometry":{"type":"Polygon","coordinates":[[[127.646813,34.634693],[127.646817,34.634693],[127.646818,34.634691],[127.646815,34.634688],[127.646811,34.634688],[127.646813,34.634693]]]}},{"type":"Feature","properties":{"id":"86312f858412b5d12070aa678f61f42ec1982cab","cls":"other_debris","cid":7,"cat":4,"area":10.4,"mask":false,"color":"#696969"},"geometry":{"type":"Polygon","coordinates":[[[127.646856,34.634703],[127.646871,34.634703],[127.646876,34.63469],[127.646867,34.634689],[127.646856,34.634688],[127.646855,34.634692],[127.646856,34.634703]]]}},{"type":"Feature","properties":{"id":"d25705d73bf50d18f2666f6e6a68125262d47f8b","cls":"rope","cid":5,"cat":3,"area":1.6,"mask":false,"color":"#8B008B"},"geometry":{"type":"Polygon","coordinates":[[[127.646849,34.634734],[127.646851,34.634733],[127.646851,34.634721],[127.646849,34.634722],[127.646847,34.634727],[127.646849,34.634734]]]}},{"type":"Feature","properties":{"id":"4d326226d6c9f72037325a5a0ea6a0cc6f4440ed","cls":"styrofoam","cid":3,"cat":2,"area":1.2,"mask":false,"color":"#FFFFFF"},"geometry":{"type":"Polygon","coordinates":[[[127.646887,34.634775],[127.646891,34.634775],[127.646893,34.634773],[127.646893,34.634771],[127.646892,34.634769],[127.646889,34.63477],[127.646887,34.634772],[127.646887,34.634775]]]}},{"type":"Feature","properties":{"id":"b2dfdd7f16863173fcc69d0add7ac750ed56d62a","cls":"styrofoam","cid":3,"cat":2,"area":1.0,"mask":false,"color":"#FFFFFF"},"geometry":{"type":"Polygon","coordinates":[[[127.64689,34.634781],[127.646892,34.63478],[127.646894,34.634779],[127.646893,34.634774],[127.646889,34.634775],[127.64689,34.634781]]]}},{"type":"Feature","properties":{"id":"4ad7792493ebd50c1a623c7f502e34f75e4127ca","cls":"styrofoam","cid":3,"cat":2,"area":0.5,"mask":false,"color":"#FFFFFF"},"geometry":{"type":"Polygon","coordinates":[[[127.646893,34.634783],[127.646892,34.634783],[127.646894,34.634784],[127.646896,34.634783],[127.646896,34.634781],[127.646895,34.63478],[127.646893,34.63478],[127.646891,34.634782],[127.646893,34.634783]]]}},{"type":"Feature","properties":{"id":"c5533f9d848e737b06f3029a6d4df0cccb76f8ef","cls":"styrofoam","cid":3,"cat":2,"area":0.8,"mask":false,"color":"#FFFFFF"},"geometry":{"type":"Polygon","coordinates":[[[127.646898,34.634793],[127.646902,34.634792],[127.646903,34.634789],[127.646901,34.634787],[127.646898,34.634789],[127.646898,34.634793]]]}},{"type":"Feature","properties":{"id":"9b3147ee44ef1498413f00359943f7fcca42bef5","cls":"styrofoam","cid":3,"cat":2,"area":2.8,"mask":false,"color":"#FFFFFF"},"geometry":{"type":"Polygon","coordinates":[[[127.64691,34.634811],[127.646915,34.634808],[127.646908,34.634799],[127.646907,34.634799],[127.646903,34.634803],[127.64691,34.634811]]]}},{"type":"Feature","properties":{"id":"7a92a7820e22a1304af9a47637a7673fb537a293","cls":"styrofoam","cid":3,"cat":2,"area":0.9,"mask":false,"color":"#FFFFFF"},"geometry":{"type":"Polygon","coordinates":[[[127.646906,34.634797],[127.646908,34.634795],[127.646905,34.634791],[127.646903,34.634791],[127.646901,34.634793],[127.646901,34.634794],[127.646906,34.634797]]]}},{"type":"Feature","properties":{"id":"dfb2fb18929c4955950729d696f72f412be4b502","cls":"styrofoam","cid":3,"cat":2,"area":0.6,"mask":false,"color":"#FFFFFF"},"geometry":{"type":"Polygon","coordinates":[[[127.646895,34.634779],[127.646896,34.634778],[127.646896,34.634773],[127.646893,34.634772],[127.646893,34.634774],[127.646895,34.634779]]]}},{"type":"Feature","properties":{"id":"d6cb056157a7a8f053d2203a263be10d16418155","cls":"styrofoam","cid":3,"cat":2,"area":0.9,"mask":false,"color":"#FFFFFF"},"geometry":{"type":"Polygon","coordinates":[[[127.646907,34.634783],[127.646911,34.634782],[127.64691,34.634777],[127.646905,34.634778],[127.646907,34.634783]]]}},{"type":"Feature","properties":{"id":"1595909420fbd1bb9363acaf38102d8a633f0aa0","cls":"styrofoam","cid":3,"cat":2,"area":1.2,"mask":false,"color":"#FFFFFF"},"geometry":{"type":"Polygon","coordinates":[[[127.646929,34.634772],[127.646935,34.63477],[127.646934,34.634766],[127.646928,34.634768],[127.646927,34.634771],[127.646929,34.634772]]]}},{"type":"Feature","properties":{"id":"e8c12c846a2b00ee8ce9aa52eb0c7010ec0f589b","cls":"styrofoam","cid":3,"cat":2,"area":1.2,"mask":false,"color":"#FFFFFF"},"geometry":{"type":"Polygon","coordinates":[[[127.64692,34.634763],[127.646927,34.63476],[127.646922,34.63476],[127.646921,34.634758],[127.646921,34.634757],[127.646917,34.634758],[127.646918,34.634762],[127.64692,34.634763]]]}},{"type":"Feature","properties":{"id":"1633fad70ec52d7334e3be490417332d32001690","cls":"styrofoam","cid":3,"cat":2,"area":1.6,"mask":false,"color":"#FFFFFF"},"geometry":{"type":"Polygon","coordinates":[[[127.646942,34.63477],[127.646943,34.634768],[127.646942,34.634766],[127.646941,34.634765],[127.646938,34.63476],[127.646932,34.634762],[127.646936,34.634764],[127.646942,34.63477]]]}},{"type":"Feature","properties":{"id":"90f228be3c1f9f887eace27525a190e2181e4939","cls":"styrofoam","cid":3,"cat":2,"area":0.4,"mask":false,"color":"#FFFFFF"},"geometry":{"type":"Polygon","coordinates":[[[127.646934,34.63477],[127.646938,34.63477],[127.646938,34.634768],[127.646936,34.634767],[127.646934,34.634768],[127.646934,34.63477]]]}},{"type":"Feature","properties":{"id":"1f524288c0549ad61d0f3bef256bdf34383fab98","cls":"styrofoam","cid":3,"cat":2,"area":1.3,"mask":false,"color":"#FFFFFF"},"geometry":{"type":"Polygon","coordinates":[[[127.646873,34.634805],[127.646876,34.634802],[127.646875,34.6348],[127.646872,34.634798],[127.64687,34.634799],[127.646869,34.634801],[127.646873,34.634805]]]}},{"type":"Feature","properties":{"id":"9187e27cdec3bb44967e5f4e442c3a8560308386","cls":"styrofoam","cid":3,"cat":2,"area":1.2,"mask":false,"color":"#FFFFFF"},"geometry":{"type":"Polygon","coordinates":[[[127.646894,34.634821],[127.646899,34.63482],[127.6469,34.634819],[127.6469,34.634818],[127.646892,34.634817],[127.646892,34.634819],[127.646894,34.634821]]]}},{"type":"Feature","properties":{"id":"c0e156ce45c5111498eb8849f8af22bf531e173d","cls":"styrofoam","cid":3,"cat":2,"area":2.1,"mask":false,"color":"#FFFFFF"},"geometry":{"type":"Polygon","coordinates":[[[127.646899,34.634833],[127.646898,34.634824],[127.646901,34.634822],[127.646901,34.63482],[127.646896,34.634821],[127.646894,34.634827],[127.646895,34.634832],[127.646899,34.634833]]]}},{"type":"Feature","properties":{"id":"6250d3de2936d450392b056e97ea1d5a1a16ffaf","cls":"styrofoam","cid":3,"cat":2,"area":1.0,"mask":false,"color":"#FFFFFF"},"geometry":{"type":"Polygon","coordinates":[[[127.646867,34.634784],[127.64687,34.634782],[127.646869,34.63478],[127.646866,34.634777],[127.646862,34.634779],[127.646867,34.634784]]]}},{"type":"Feature","properties":{"id":"dd39380da27f315944990881b050a45fd9962dc9","cls":"styrofoam","cid":3,"cat":2,"area":0.5,"mask":false,"color":"#FFFFFF"},"geometry":{"type":"Polygon","coordinates":[[[127.646868,34.634778],[127.646871,34.634776],[127.64687,34.634774],[127.646867,34.634775],[127.646868,34.634778]]]}},{"type":"Feature","properties":{"id":"603908a8a909aceb99588708a8492c78363657a5","cls":"other_debris","cid":7,"cat":4,"area":6.4,"mask":false,"color":"#696969"},"geometry":{"type":"Polygon","coordinates":[[[127.646892,34.634789],[127.646896,34.634791],[127.6469,34.634786],[127.646903,34.634786],[127.646907,34.634789],[127.646909,34.634785],[127.646906,34.634787],[127.646903,34.634783],[127.646904,34.634777],[127.646906,34.634771],[127.646905,34.634769],[127.6469,34.634767],[127.646897,34.634768],[127.646899,34.634776],[127.646892,34.634789]]]}},{"type":"Feature","properties":{"id":"d8a4333d3bf1e9eb8c38f3290f668a4df8be23f4","cls":"styrofoam","cid":3,"cat":2,"area":0.9,"mask":false,"color":"#FFFFFF"},"geometry":{"type":"Polygon","coordinates":[[[127.646831,34.635186],[127.646835,34.635185],[127.646834,34.635181],[127.646831,34.635181],[127.64683,34.635182],[127.646831,34.635186]]]}},{"type":"Feature","properties":{"id":"f6d72d0774a41c0359d84602865660e9e17a864a","cls":"styrofoam","cid":3,"cat":2,"area":0.9,"mask":false,"color":"#FFFFFF"},"geometry":{"type":"Polygon","coordinates":[[[127.646848,34.635111],[127.64685,34.635109],[127.64685,34.635106],[127.646848,34.635105],[127.646847,34.635106],[127.646844,34.635109],[127.646848,34.635111]]]}},{"type":"Feature","properties":{"id":"3884a7dc6b81f08ef76e03d2d16139e98fc36abe","cls":"styrofoam","cid":3,"cat":2,"area":1.1,"mask":false,"color":"#FFFFFF"},"geometry":{"type":"Polygon","coordinates":[[[127.646892,34.634764],[127.646896,34.634765],[127.646897,34.634759],[127.646892,34.634758],[127.646892,34.634764]]]}},{"type":"Feature","properties":{"id":"e5ee6ac952ce421be29cbfc8af56240d2c492c8a","cls":"other_debris","cid":7,"cat":4,"area":2.0,"mask":false,"color":"#696969"},"geometry":{"type":"Polygon","coordinates":[[[127.646792,34.634627],[127.646795,34.634627],[127.646798,34.634625],[127.646799,34.634624],[127.646798,34.634621],[127.646796,34.63462],[127.646793,34.63462],[127.646791,34.634622],[127.64679,34.634624],[127.646792,34.634627]]]}},{"type":"Feature","properties":{"id":"630ad7ca17a77c211d74b230bfb5d29951959e4e","cls":"styrofoam","cid":3,"cat":2,"area":1.3,"mask":false,"color":"#FFFFFF"},"geometry":{"type":"Polygon","coordinates":[[[127.646569,34.634303],[127.646574,34.634302],[127.646572,34.634296],[127.646569,34.634296],[127.646568,34.634296],[127.646569,34.634303]]]}},{"type":"Feature","properties":{"id":"50c3de93c912d4f2163f89848a8cc99dc28cf12e","cls":"buoy_red","cid":2,"cat":1,"area":1.5,"mask":false,"color":"#CC0000"},"geometry":{"type":"Polygon","coordinates":[[[127.646588,34.634175],[127.646592,34.634173],[127.646587,34.634168],[127.646584,34.634169],[127.646583,34.63417],[127.646584,34.634173],[127.646588,34.634175]]]}},{"type":"Feature","properties":{"id":"a5eba1d9848b89a1b47ec9eccb7eb5208d6df3aa","cls":"styrofoam","cid":3,"cat":2,"area":0.3,"mask":false,"color":"#FFFFFF"},"geometry":{"type":"Polygon","coordinates":[[[127.646578,34.634117],[127.64658,34.634117],[127.646581,34.634114],[127.646578,34.634115],[127.646578,34.634117]]]}},{"type":"Feature","properties":{"id":"ff3ec1011ebc1a3991c69a4dac901b7b3f94df61","cls":"rope","cid":5,"cat":3,"area":13.2,"mask":false,"color":"#8B008B"},"geometry":{"type":"Polygon","coordinates":[[[127.646586,34.634167],[127.64659,34.634167],[127.646591,34.634159],[127.646593,34.634153],[127.646593,34.634147],[127.646595,34.634141],[127.646597,34.634139],[127.646597,34.634137],[127.646594,34.634137],[127.646594,34.634133],[127.646589,34.634128],[127.646586,34.634129],[127.646583,34.634131],[127.646583,34.634135],[127.646585,34.634139],[127.646586,34.634146],[127.646584,34.634151],[127.646583,34.634158],[127.646586,34.634167]]]}},{"type":"Feature","properties":{"id":"d58a86e8ca3086a6b0e24fbd90a38cf6e7f0c40e","cls":"styrofoam","cid":3,"cat":2,"area":0.6,"mask":false,"color":"#FFFFFF"},"geometry":{"type":"Polygon","coordinates":[[[127.646599,34.634003],[127.646602,34.634002],[127.646602,34.633999],[127.646599,34.633999],[127.646599,34.634003]]]}},{"type":"Feature","properties":{"id":"b29a3eb0d3cf6b93620f32738e6a28d832a854f7","cls":"styrofoam","cid":3,"cat":2,"area":0.8,"mask":false,"color":"#FFFFFF"},"geometry":{"type":"Polygon","coordinates":[[[127.646587,34.633983],[127.64659,34.633984],[127.646591,34.633983],[127.64659,34.633981],[127.64659,34.633977],[127.646587,34.633978],[127.646587,34.633983]]]}},{"type":"Feature","properties":{"id":"f9f7dbcd28f777c0e3cc4ca8532087e9d8b705e5","cls":"styrofoam","cid":3,"cat":2,"area":1.3,"mask":false,"color":"#FFFFFF"},"geometry":{"type":"Polygon","coordinates":[[[127.646584,34.63393],[127.646587,34.633929],[127.646588,34.633927],[127.646588,34.633925],[127.646586,34.633923],[127.646582,34.633924],[127.646581,34.633927],[127.646584,34.63393]]]}},{"type":"Feature","properties":{"id":"bfad6524a69c0356a3fb16302bea705f1dd738a1","cls":"styrofoam","cid":3,"cat":2,"area":0.5,"mask":false,"color":"#FFFFFF"},"geometry":{"type":"Polygon","coordinates":[[[127.646597,34.63393],[127.646598,34.633928],[127.646598,34.633926],[127.646596,34.633925],[127.646595,34.633926],[127.646594,34.633928],[127.646597,34.63393]]]}},{"type":"Feature","properties":{"id":"e11f30b53a1fc85bd78159dbecf79a846681e070","cls":"styrofoam","cid":3,"cat":2,"area":0.6,"mask":false,"color":"#FFFFFF"},"geometry":{"type":"Polygon","coordinates":[[[127.646546,34.633756],[127.646548,34.633755],[127.646548,34.633754],[127.646548,34.633752],[127.646546,34.633751],[127.646543,34.633752],[127.646544,34.633754],[127.646546,34.633756]]]}},{"type":"Feature","properties":{"id":"ff415d1330f00819bbcb7f67576da56f49879916","cls":"styrofoam","cid":3,"cat":2,"area":0.8,"mask":false,"color":"#FFFFFF"},"geometry":{"type":"Polygon","coordinates":[[[127.646537,34.633653],[127.64654,34.633652],[127.646542,34.633651],[127.646542,34.63365],[127.646539,34.633648],[127.646538,34.633648],[127.646536,34.633651],[127.646537,34.633653]]]}},{"type":"Feature","properties":{"id":"765d1e1fa4edee2ca5b766ab0008e26cd336cb60","cls":"styrofoam","cid":3,"cat":2,"area":0.6,"mask":false,"color":"#FFFFFF"},"geometry":{"type":"Polygon","coordinates":[[[127.646546,34.633652],[127.646546,34.633647],[127.646544,34.633647],[127.646543,34.633648],[127.646543,34.633652],[127.646546,34.633652]]]}},{"type":"Feature","properties":{"id":"6e547d1a924f08e1486d877e0f690eb112348a56","cls":"styrofoam","cid":3,"cat":2,"area":0.5,"mask":false,"color":"#FFFFFF"},"geometry":{"type":"Polygon","coordinates":[[[127.646546,34.633646],[127.646544,34.633644],[127.64654,34.633647],[127.646541,34.633649],[127.646546,34.633646]]]}},{"type":"Feature","properties":{"id":"508c40fa996ee7519c1d43bb2c8a7f81734e5a6b","cls":"styrofoam","cid":3,"cat":2,"area":0.8,"mask":false,"color":"#FFFFFF"},"geometry":{"type":"Polygon","coordinates":[[[127.646544,34.633506],[127.646548,34.633505],[127.646548,34.633504],[127.646546,34.6335],[127.646543,34.633502],[127.646544,34.633506]]]}},{"type":"Feature","properties":{"id":"ccca7a8713ebc53900d60fbba4b27aebbd97d3ef","cls":"styrofoam","cid":3,"cat":2,"area":0.7,"mask":false,"color":"#FFFFFF"},"geometry":{"type":"Polygon","coordinates":[[[127.646508,34.633518],[127.646511,34.633518],[127.646509,34.633513],[127.646506,34.633512],[127.646507,34.633514],[127.646508,34.633518]]]}},{"type":"Feature","properties":{"id":"789431aa7eb932e29fa4143f005f2c88a52c4c78","cls":"styrofoam","cid":3,"cat":2,"area":0.4,"mask":false,"color":"#FFFFFF"},"geometry":{"type":"Polygon","coordinates":[[[127.646516,34.633498],[127.646518,34.633497],[127.646517,34.633495],[127.646515,34.633495],[127.646514,34.633496],[127.646516,34.633498]]]}},{"type":"Feature","properties":{"id":"3c0612595d2d298a1e986e51419e72af177a906e","cls":"styrofoam","cid":3,"cat":2,"area":0.4,"mask":false,"color":"#FFFFFF"},"geometry":{"type":"Polygon","coordinates":[[[127.646516,34.633535],[127.646519,34.633534],[127.646518,34.633533],[127.646512,34.633534],[127.646512,34.633534],[127.646516,34.633535]]]}},{"type":"Feature","properties":{"id":"736b85a6fd58a7ea8eaa82efb2258d3b00da8b6e","cls":"styrofoam","cid":3,"cat":2,"area":0.4,"mask":false,"color":"#FFFFFF"},"geometry":{"type":"Polygon","coordinates":[[[127.646529,34.633545],[127.64653,34.633544],[127.646528,34.63354],[127.646525,34.63354],[127.646529,34.633545]]]}},{"type":"Feature","properties":{"id":"7568a2ae405c110af4c9a64aa2fdbeca7e3675de","cls":"styrofoam","cid":3,"cat":2,"area":1.0,"mask":false,"color":"#FFFFFF"},"geometry":{"type":"Polygon","coordinates":[[[127.646558,34.633543],[127.64656,34.633539],[127.646557,34.633536],[127.646553,34.63354],[127.646558,34.633543]]]}},{"type":"Feature","properties":{"id":"3cc4308361e2a7fc34ad163fea00845c0c7f3d42","cls":"styrofoam","cid":3,"cat":2,"area":1.0,"mask":false,"color":"#FFFFFF"},"geometry":{"type":"Polygon","coordinates":[[[127.64651,34.633555],[127.646512,34.633554],[127.646512,34.633553],[127.646513,34.633552],[127.646513,34.633551],[127.646509,34.63355],[127.646505,34.633556],[127.64651,34.633555]]]}},{"type":"Feature","properties":{"id":"a2db0179deba778d5953d6a3d8018fd6cae4b734","cls":"styrofoam","cid":3,"cat":2,"area":0.3,"mask":false,"color":"#FFFFFF"},"geometry":{"type":"Polygon","coordinates":[[[127.646506,34.633548],[127.646507,34.633546],[127.646506,34.633544],[127.646505,34.633544],[127.646505,34.633547],[127.646506,34.633548]]]}},{"type":"Feature","properties":{"id":"b7dfb11502177fa9cd3db0eafa7fff59156c11ea","cls":"rope","cid":5,"cat":3,"area":22.5,"mask":false,"color":"#8B008B"},"geometry":{"type":"Polygon","coordinates":[[[127.646578,34.63347],[127.646584,34.633468],[127.646587,34.633469],[127.646584,34.63348],[127.646583,34.633487],[127.646584,34.633487],[127.646588,34.633471],[127.646587,34.633468],[127.646588,34.633467],[127.646592,34.633469],[127.646599,34.63347],[127.6466,34.633468],[127.646599,34.633466],[127.646596,34.633462],[127.646589,34.633457],[127.646582,34.633456],[127.646581,34.633451],[127.646573,34.633447],[127.646568,34.633442],[127.64656,34.633439],[127.646555,34.633443],[127.646566,34.633454],[127.646578,34.63347]]]}},{"type":"Feature","properties":{"id":"1f7dff3e0858475aa06c57a9d3789ca769ccd0e2","cls":"rope","cid":5,"cat":3,"area":30.8,"mask":false,"color":"#8B008B"},"geometry":{"type":"Polygon","coordinates":[[[127.646528,34.633453],[127.646539,34.633448],[127.646535,34.63344],[127.64654,34.633435],[127.646539,34.633431],[127.646533,34.633436],[127.646529,34.633437],[127.646523,34.633432],[127.646521,34.633427],[127.646515,34.633422],[127.646504,34.633422],[127.646508,34.633432],[127.646506,34.633441],[127.646501,34.633456],[127.646504,34.633464],[127.646506,34.633463],[127.646508,34.633456],[127.646513,34.633451],[127.646521,34.633449],[127.646527,34.633449],[127.646527,34.633451],[127.646528,34.633453]]]}},{"type":"Feature","properties":{"id":"41c93e5fe2856758ad8a3b7ee8a803614833ee9d","cls":"styrofoam","cid":3,"cat":2,"area":3.1,"mask":false,"color":"#FFFFFF"},"geometry":{"type":"Polygon","coordinates":[[[127.646552,34.63342],[127.646553,34.633417],[127.646546,34.633415],[127.646545,34.633409],[127.646539,34.63341],[127.64654,34.633413],[127.646544,34.63342],[127.646552,34.63342]]]}},{"type":"Feature","properties":{"id":"09fa93bb9f65e6ed4d67bfe5dfd917dae5161abb","cls":"net","cid":4,"cat":3,"area":100.0,"mask":false,"color":"#228B22"},"geometry":{"type":"Polygon","coordinates":[[[127.646443,34.633439],[127.64645,34.633442],[127.646456,34.633443],[127.646461,34.633447],[127.646473,34.633464],[127.646479,34.633479],[127.646477,34.633458],[127.64649,34.633456],[127.646479,34.633448],[127.646475,34.633448],[127.646474,34.633442],[127.646473,34.633441],[127.646473,34.633435],[127.646469,34.633423],[127.646461,34.633418],[127.646461,34.633411],[127.646467,34.633409],[127.646454,34.633397],[127.64645,34.633397],[127.646449,34.633392],[127.64644,34.633388],[127.646436,34.633388],[127.646433,34.63339],[127.64643,34.633386],[127.646428,34.633374],[127.646424,34.633364],[127.646422,34.633362],[127.64642,34.633356],[127.646421,34.633348],[127.646418,34.633344],[127.646414,34.633346],[127.64641,34.63335],[127.646409,34.633355],[127.64641,34.63336],[127.64641,34.633371],[127.64642,34.633394],[127.646422,34.633395],[127.646425,34.633397],[127.646432,34.633408],[127.646435,34.63341],[127.646438,34.633417],[127.646443,34.633429],[127.64644,34.633433],[127.646443,34.633439]]]}},{"type":"Feature","properties":{"id":"27d1455153cdcb31a32ba8823fea66b73e95f363","cls":"rope","cid":5,"cat":3,"area":14.8,"mask":false,"color":"#8B008B"},"geometry":{"type":"Polygon","coordinates":[[[127.64648,34.633434],[127.646486,34.63344],[127.646488,34.633439],[127.646488,34.633438],[127.646488,34.63343],[127.646485,34.633426],[127.646483,34.633428],[127.646475,34.633428],[127.646472,34.633419],[127.646477,34.633418],[127.646474,34.633417],[127.646474,34.633415],[127.646477,34.633411],[127.646484,34.633405],[127.646486,34.633402],[127.646476,34.633395],[127.646476,34.633396],[127.646475,34.633402],[127.646466,34.633406],[127.646468,34.633411],[127.646466,34.63342],[127.646469,34.633426],[127.64648,34.633434]]]}},{"type":"Feature","properties":{"id":"612a8b2f15b246bce93d456301b600b1711ba8ca","cls":"styrofoam","cid":3,"cat":2,"area":1.9,"mask":false,"color":"#FFFFFF"},"geometry":{"type":"Polygon","coordinates":[[[127.646346,34.633067],[127.646351,34.633064],[127.64635,34.633063],[127.646344,34.633057],[127.646342,34.633059],[127.646342,34.633064],[127.646346,34.633067]]]}},{"type":"Feature","properties":{"id":"bae61189ca6018091af3174ed049a4f4c00e442a","cls":"styrofoam","cid":3,"cat":2,"area":0.9,"mask":false,"color":"#FFFFFF"},"geometry":{"type":"Polygon","coordinates":[[[127.646174,34.633035],[127.646178,34.633032],[127.646177,34.633031],[127.646174,34.63303],[127.646171,34.633033],[127.646174,34.633035]]]}},{"type":"Feature","properties":{"id":"34dbaec926df7e28a4f01fac5d09176129dd083a","cls":"styrofoam","cid":3,"cat":2,"area":0.9,"mask":false,"color":"#FFFFFF"},"geometry":{"type":"Polygon","coordinates":[[[127.646169,34.633046],[127.646171,34.633046],[127.646173,34.633045],[127.646173,34.633043],[127.646172,34.633041],[127.646169,34.633041],[127.646168,34.633042],[127.646168,34.633044],[127.646169,34.633046]]]}},{"type":"Feature","properties":{"id":"7f00ab1aa063bdc251d8b9da7dc8aba61553c1dd","cls":"styrofoam","cid":3,"cat":2,"area":1.0,"mask":false,"color":"#FFFFFF"},"geometry":{"type":"Polygon","coordinates":[[[127.646202,34.633049],[127.646206,34.633051],[127.64621,34.633047],[127.646206,34.633044],[127.646202,34.633049]]]}},{"type":"Feature","properties":{"id":"46a415060bd7417a1cd64bd5f404c344714ead2f","cls":"styrofoam","cid":3,"cat":2,"area":0.9,"mask":false,"color":"#FFFFFF"},"geometry":{"type":"Polygon","coordinates":[[[127.64558,34.632738],[127.645579,34.632736],[127.645578,34.632735],[127.645573,34.632737],[127.645576,34.632741],[127.64558,34.632738]]]}},{"type":"Feature","properties":{"id":"2b0a5001926c501e6ee4dde687f4ca6246bb489f","cls":"buoy_red","cid":2,"cat":1,"area":1.0,"mask":false,"color":"#CC0000"},"geometry":{"type":"Polygon","coordinates":[[[127.644485,34.63202],[127.64449,34.632018],[127.64449,34.632016],[127.644488,34.632015],[127.644485,34.632015],[127.644483,34.632017],[127.644485,34.63202]]]}},{"type":"Feature","properties":{"id":"daacede42e6ba5568ee75fe522fe54c3de0488bf","cls":"styrofoam","cid":3,"cat":2,"area":0.6,"mask":false,"color":"#FFFFFF"},"geometry":{"type":"Polygon","coordinates":[[[127.644473,34.632017],[127.644475,34.632015],[127.644473,34.632012],[127.644469,34.632014],[127.64447,34.632016],[127.644473,34.632017]]]}},{"type":"Feature","properties":{"id":"c827d2e67a2dc3439a290854c8bcabb5d3c15f8b","cls":"buoy_red","cid":2,"cat":1,"area":1.2,"mask":false,"color":"#CC0000"},"geometry":{"type":"Polygon","coordinates":[[[127.644333,34.632029],[127.644337,34.632029],[127.644337,34.632026],[127.644336,34.632023],[127.644334,34.632023],[127.644331,34.632025],[127.644333,34.632029]]]}},{"type":"Feature","properties":{"id":"22da8e2ee131d79924ebe40d8c1e81b453856d23","cls":"buoy_red","cid":2,"cat":1,"area":0.8,"mask":false,"color":"#CC0000"},"geometry":{"type":"Polygon","coordinates":[[[127.644346,34.632025],[127.644349,34.632026],[127.644351,34.632024],[127.644351,34.632022],[127.644349,34.632021],[127.644348,34.632021],[127.644345,34.632023],[127.644346,34.632025]]]}},{"type":"Feature","properties":{"id":"8324cd93b51ffcae17e8cd0e5b2452b0d308fbda","cls":"other_debris","cid":7,"cat":4,"area":3.4,"mask":false,"color":"#696969"},"geometry":{"type":"Polygon","coordinates":[[[127.644332,34.63202],[127.644336,34.632018],[127.644341,34.632014],[127.644337,34.632012],[127.644333,34.632011],[127.644324,34.632016],[127.644327,34.632019],[127.644332,34.63202]]]}},{"type":"Feature","properties":{"id":"2fb8d2d57630cd654e71db3ef2d83e93702ae5b1","cls":"plastic_box","cid":6,"cat":3,"area":5.3,"mask":false,"color":"#FF8C00"},"geometry":{"type":"Polygon","coordinates":[[[127.644294,34.632008],[127.644309,34.63201],[127.64431,34.632001],[127.644293,34.632],[127.644294,34.632008]]]}},{"type":"Feature","properties":{"id":"044f3db6f5190dc2e6f3df47536b06438f00758c","cls":"net","cid":4,"cat":3,"area":5.6,"mask":false,"color":"#228B22"},"geometry":{"type":"Polygon","coordinates":[[[127.644206,34.632038],[127.644213,34.632036],[127.644214,34.632034],[127.644214,34.632026],[127.64421,34.632024],[127.644207,34.632023],[127.644201,34.632027],[127.644206,34.632038]]]}},{"type":"Feature","properties":{"id":"c71d58df58d279eb74b461565ec1a4bd473dba6c","cls":"styrofoam","cid":3,"cat":2,"area":1.0,"mask":false,"color":"#FFFFFF"},"geometry":{"type":"Polygon","coordinates":[[[127.644255,34.632041],[127.644259,34.632043],[127.644261,34.632038],[127.644257,34.632037],[127.644254,34.632039],[127.644255,34.632041]]]}},{"type":"Feature","properties":{"id":"7d27867f53d29289339c7d1169ecaca5f76e1b66","cls":"styrofoam","cid":3,"cat":2,"area":0.9,"mask":false,"color":"#FFFFFF"},"geometry":{"type":"Polygon","coordinates":[[[127.644088,34.632082],[127.644093,34.63208],[127.644092,34.632076],[127.644086,34.632079],[127.644088,34.632082]]]}},{"type":"Feature","properties":{"id":"46c0aa00c8108170324e9e30815e6f3ec4eb90e6","cls":"styrofoam","cid":3,"cat":2,"area":0.7,"mask":false,"color":"#FFFFFF"},"geometry":{"type":"Polygon","coordinates":[[[127.644105,34.632084],[127.644106,34.632079],[127.644103,34.632079],[127.644101,34.632082],[127.644105,34.632084]]]}},{"type":"Feature","properties":{"id":"9fa2b1ebdcaa0cfd8c1918667bb40378f01ef50a","cls":"styrofoam","cid":3,"cat":2,"area":1.8,"mask":false,"color":"#FFFFFF"},"geometry":{"type":"Polygon","coordinates":[[[127.644108,34.632082],[127.644112,34.632081],[127.644111,34.632079],[127.644113,34.632074],[127.644111,34.632072],[127.644108,34.632072],[127.644106,34.632073],[127.644106,34.632074],[127.644109,34.632077],[127.644107,34.632079],[127.644108,34.632082]]]}},{"type":"Feature","properties":{"id":"962da20aa1596705d1d6cc9dd86a3fe2f0cfc80c","cls":"styrofoam","cid":3,"cat":2,"area":0.7,"mask":false,"color":"#FFFFFF"},"geometry":{"type":"Polygon","coordinates":[[[127.644099,34.632078],[127.644102,34.632078],[127.644103,34.632076],[127.644102,34.632073],[127.644101,34.632073],[127.644098,34.632075],[127.644099,34.632078]]]}},{"type":"Feature","properties":{"id":"129d6e4e925826d1fde1ddc4bb1a96a61c4aba78","cls":"styrofoam","cid":3,"cat":2,"area":3.5,"mask":false,"color":"#FFFFFF"},"geometry":{"type":"Polygon","coordinates":[[[127.644067,34.632083],[127.644071,34.632084],[127.644073,34.632083],[127.644076,34.632082],[127.644078,34.632082],[127.644079,34.632085],[127.644084,34.632084],[127.644081,34.632079],[127.644078,34.63208],[127.644081,34.632077],[127.644082,34.632075],[127.64408,34.632074],[127.644075,34.632076],[127.644069,34.632081],[127.644067,34.632081],[127.644067,34.632083]]]}},{"type":"Feature","properties":{"id":"78518f64841a9deacea1afcafd6edd0dcf443caf","cls":"styrofoam","cid":3,"cat":2,"area":0.6,"mask":false,"color":"#FFFFFF"},"geometry":{"type":"Polygon","coordinates":[[[127.644088,34.632063],[127.64409,34.632061],[127.64409,34.632059],[127.644087,34.632058],[127.644086,34.632059],[127.644085,34.632062],[127.644088,34.632063]]]}},{"type":"Feature","properties":{"id":"64513b0a05f397fc2cf3c5575c18107c16d3abe2","cls":"styrofoam","cid":3,"cat":2,"area":0.8,"mask":false,"color":"#FFFFFF"},"geometry":{"type":"Polygon","coordinates":[[[127.644085,34.63206],[127.644086,34.632057],[127.644086,34.632056],[127.644083,34.632055],[127.644081,34.632055],[127.644081,34.632058],[127.644085,34.63206]]]}},{"type":"Feature","properties":{"id":"14b055b9681f9ccf022672b7f9431ff5e3dbed95","cls":"styrofoam","cid":3,"cat":2,"area":0.9,"mask":false,"color":"#FFFFFF"},"geometry":{"type":"Polygon","coordinates":[[[127.644036,34.632067],[127.644038,34.632064],[127.644037,34.632062],[127.644032,34.632062],[127.644031,34.632063],[127.644032,34.632065],[127.644036,34.632067]]]}},{"type":"Feature","properties":{"id":"45da90ab14bf8401b7e23cb4ec1b5e5ff05afac2","cls":"styrofoam","cid":3,"cat":2,"area":1.2,"mask":false,"color":"#FFFFFF"},"geometry":{"type":"Polygon","coordinates":[[[127.64402,34.632112],[127.644026,34.63211],[127.644026,34.632109],[127.644023,34.632107],[127.644019,34.632108],[127.644018,34.632109],[127.64402,34.632112]]]}},{"type":"Feature","properties":{"id":"18582ea21a666c16e5b8d845aed156da191bba8a","cls":"styrofoam","cid":3,"cat":2,"area":1.7,"mask":false,"color":"#FFFFFF"},"geometry":{"type":"Polygon","coordinates":[[[127.643983,34.632124],[127.643985,34.632123],[127.643983,34.63212],[127.64398,34.632119],[127.643977,34.632119],[127.643977,34.632124],[127.643981,34.632127],[127.643981,34.632124],[127.643983,34.632124]]]}},{"type":"Feature","properties":{"id":"e716d995fd2af55c7d07075b3c5571edf9fc3204","cls":"styrofoam","cid":3,"cat":2,"area":1.0,"mask":false,"color":"#FFFFFF"},"geometry":{"type":"Polygon","coordinates":[[[127.643948,34.632124],[127.643954,34.632124],[127.643954,34.632121],[127.643951,34.63212],[127.643949,34.632121],[127.643948,34.632124]]]}},{"type":"Feature","properties":{"id":"a722e5e06fdbd0d75c6cb83ba0d96bad944e57e7","cls":"styrofoam","cid":3,"cat":2,"area":1.1,"mask":false,"color":"#FFFFFF"},"geometry":{"type":"Polygon","coordinates":[[[127.643918,34.632114],[127.643924,34.632111],[127.643924,34.632108],[127.64392,34.632108],[127.643917,34.632111],[127.643918,34.632114]]]}},{"type":"Feature","properties":{"id":"92baf8f9477df75f987365aed379dc454281be66","cls":"styrofoam","cid":3,"cat":2,"area":2.4,"mask":false,"color":"#FFFFFF"},"geometry":{"type":"Polygon","coordinates":[[[127.643846,34.632106],[127.643845,34.632106],[127.643849,34.632109],[127.643852,34.63211],[127.643854,34.632105],[127.643853,34.632104],[127.643853,34.632103],[127.643851,34.632101],[127.643849,34.6321],[127.643848,34.6321],[127.643845,34.632104],[127.643846,34.632106]]]}},{"type":"Feature","properties":{"id":"db4d8dea9c4cc876d1a701ca673c2a47ea646f2c","cls":"styrofoam","cid":3,"cat":2,"area":3.7,"mask":false,"color":"#FFFFFF"},"geometry":{"type":"Polygon","coordinates":[[[127.643853,34.632119],[127.643857,34.632114],[127.64386,34.632114],[127.64386,34.632111],[127.643854,34.63211],[127.643849,34.63211],[127.643846,34.632111],[127.643845,34.632113],[127.643853,34.632119]]]}},{"type":"Feature","properties":{"id":"099d467eef2b25da81609cf0285eaf56fbfc901c","cls":"styrofoam","cid":3,"cat":2,"area":1.9,"mask":false,"color":"#FFFFFF"},"geometry":{"type":"Polygon","coordinates":[[[127.643859,34.632082],[127.643867,34.632078],[127.643867,34.632074],[127.643858,34.632076],[127.643857,34.632078],[127.643859,34.632082]]]}},{"type":"Feature","properties":{"id":"f2fe3065f433712c95cec115bf354e7a1ccde7a3","cls":"styrofoam","cid":3,"cat":2,"area":1.2,"mask":false,"color":"#FFFFFF"},"geometry":{"type":"Polygon","coordinates":[[[127.643816,34.632116],[127.643821,34.632116],[127.643821,34.632111],[127.643816,34.63211],[127.643816,34.632116]]]}},{"type":"Feature","properties":{"id":"f0ba5c7252580b26ed2f902a1adc1a23195c093b","cls":"other_debris","cid":7,"cat":4,"area":4.8,"mask":false,"color":"#696969"},"geometry":{"type":"Polygon","coordinates":[[[127.643825,34.632143],[127.643837,34.632138],[127.643832,34.632128],[127.643825,34.63213],[127.643825,34.632143]]]}},{"type":"Feature","properties":{"id":"e351710fd03eab3558f5b5dd140433e5ad99d5d3","cls":"styrofoam","cid":3,"cat":2,"area":1.1,"mask":false,"color":"#FFFFFF"},"geometry":{"type":"Polygon","coordinates":[[[127.643314,34.632441],[127.643318,34.63244],[127.64332,34.632439],[127.643319,34.632436],[127.643312,34.632437],[127.643314,34.632441]]]}},{"type":"Feature","properties":{"id":"07226c70157b8f2b4ce616d20bd2130e0d7d1652","cls":"styrofoam","cid":3,"cat":2,"area":1.1,"mask":false,"color":"#FFFFFF"},"geometry":{"type":"Polygon","coordinates":[[[127.643291,34.63244],[127.643296,34.632438],[127.643296,34.632437],[127.643296,34.632436],[127.643293,34.632435],[127.643289,34.632436],[127.643289,34.632438],[127.643291,34.63244]]]}},{"type":"Feature","properties":{"id":"78a27ebe0572038249889bf659e2edda7ea71527","cls":"styrofoam","cid":3,"cat":2,"area":1.9,"mask":false,"color":"#FFFFFF"},"geometry":{"type":"Polygon","coordinates":[[[127.643305,34.632431],[127.643308,34.632432],[127.643309,34.632429],[127.643308,34.632427],[127.643309,34.632423],[127.643308,34.632421],[127.643306,34.632421],[127.643304,34.632424],[127.643303,34.632427],[127.643305,34.632427],[127.643305,34.632431]]]}},{"type":"Feature","properties":{"id":"95767fb0df2fcad98d19015087629efc46f9ace3","cls":"styrofoam","cid":3,"cat":2,"area":1.7,"mask":false,"color":"#FFFFFF"},"geometry":{"type":"Polygon","coordinates":[[[127.643324,34.632437],[127.643325,34.632436],[127.643325,34.632435],[127.643323,34.632432],[127.643317,34.632431],[127.643314,34.632434],[127.643316,34.632437],[127.643321,34.632435],[127.643324,34.632437]]]}},{"type":"Feature","properties":{"id":"3c4f6af048c87fe96044050ccc00e9ebf8c38f13","cls":"styrofoam","cid":3,"cat":2,"area":0.8,"mask":false,"color":"#FFFFFF"},"geometry":{"type":"Polygon","coordinates":[[[127.643295,34.632458],[127.643298,34.632457],[127.643298,34.632456],[127.643297,34.632454],[127.643293,34.632454],[127.643292,34.632456],[127.643295,34.632458]]]}},{"type":"Feature","properties":{"id":"4a8dda0fe6a010e37dc1cba182eead9555ce806b","cls":"other_debris","cid":7,"cat":4,"area":2.1,"mask":false,"color":"#696969"},"geometry":{"type":"Polygon","coordinates":[[[127.643033,34.63284],[127.643038,34.632841],[127.64304,34.632838],[127.643039,34.632835],[127.643037,34.632834],[127.643037,34.63283],[127.643032,34.632831],[127.643034,34.632834],[127.643033,34.63284]]]}},{"type":"Feature","properties":{"id":"d5fda8c6fc31862cfdacd80b9320263f99a74925","cls":"rope","cid":5,"cat":3,"area":29.8,"mask":false,"color":"#8B008B"},"geometry":{"type":"Polygon","coordinates":[[[127.643044,34.632844],[127.643053,34.632841],[127.643057,34.632838],[127.643059,34.632839],[127.643067,34.63284],[127.643069,34.632836],[127.643071,34.632828],[127.643073,34.632825],[127.643075,34.63282],[127.643066,34.632819],[127.643068,34.632814],[127.643064,34.632811],[127.643052,34.632814],[127.64305,34.632822],[127.643041,34.632826],[127.643038,34.632831],[127.643038,34.632833],[127.64304,34.632836],[127.643039,34.63284],[127.643044,34.632844]]]}},{"type":"Feature","properties":{"id":"2e90d20ea6fb94cb15a02d36824039882ff2b8ea","cls":"styrofoam","cid":3,"cat":2,"area":1.1,"mask":false,"color":"#FFFFFF"},"geometry":{"type":"Polygon","coordinates":[[[127.643063,34.632852],[127.643063,34.632851],[127.643062,34.632848],[127.64306,34.632847],[127.643057,34.632847],[127.643054,34.632849],[127.643058,34.632851],[127.643063,34.632852]]]}},{"type":"Feature","properties":{"id":"516ba302950d15d9858ea91bcaa941941c57293e","cls":"styrofoam","cid":3,"cat":2,"area":2.4,"mask":false,"color":"#FFFFFF"},"geometry":{"type":"Polygon","coordinates":[[[127.643077,34.632895],[127.643077,34.632893],[127.643072,34.63289],[127.643073,34.632889],[127.643073,34.632884],[127.643069,34.632884],[127.643067,34.632889],[127.643067,34.632893],[127.643077,34.632895]]]}},{"type":"Feature","properties":{"id":"5abb73185c77cc78936f621886ae1c554d31303a","cls":"styrofoam","cid":3,"cat":2,"area":0.9,"mask":false,"color":"#FFFFFF"},"geometry":{"type":"Polygon","coordinates":[[[127.643059,34.632893],[127.643061,34.63289],[127.643059,34.632887],[127.643056,34.632888],[127.643056,34.632891],[127.643059,34.632893]]]}},{"type":"Feature","properties":{"id":"d7fac9a178b7d7d566904a8058b4085e3f5c325f","cls":"styrofoam","cid":3,"cat":2,"area":6.2,"mask":false,"color":"#FFFFFF"},"geometry":{"type":"Polygon","coordinates":[[[127.643037,34.632892],[127.64304,34.632891],[127.643038,34.632885],[127.643035,34.632882],[127.643032,34.632881],[127.643036,34.632884],[127.643034,34.632887],[127.64303,34.632881],[127.643029,34.632886],[127.643026,34.63289],[127.643025,34.632892],[127.643035,34.6329],[127.643038,34.6329],[127.643039,34.632897],[127.643037,34.632892]]]}},{"type":"Feature","properties":{"id":"b7210126a84a2146d0f5c2e3aeb2c7d297e37996","cls":"styrofoam","cid":3,"cat":2,"area":3.4,"mask":false,"color":"#FFFFFF"},"geometry":{"type":"Polygon","coordinates":[[[127.64303,34.632874],[127.643031,34.632873],[127.643031,34.63287],[127.643025,34.632868],[127.643021,34.632869],[127.643015,34.632873],[127.643023,34.632877],[127.643027,34.632878],[127.643026,34.632874],[127.64303,34.632874]]]}},{"type":"Feature","properties":{"id":"5565788ff3fd7bcf1064f205fc970a5b1cd5cb7b","cls":"styrofoam","cid":3,"cat":2,"area":0.5,"mask":false,"color":"#FFFFFF"},"geometry":{"type":"Polygon","coordinates":[[[127.643044,34.632868],[127.643047,34.632867],[127.643046,34.632865],[127.643042,34.632865],[127.643043,34.632867],[127.643044,34.632868]]]}},{"type":"Feature","properties":{"id":"324b687f133a9867b3f1963244381a615e329faf","cls":"styrofoam","cid":3,"cat":2,"area":2.2,"mask":false,"color":"#FFFFFF"},"geometry":{"type":"Polygon","coordinates":[[[127.642978,34.63287],[127.642983,34.632868],[127.642982,34.632863],[127.642979,34.632861],[127.642973,34.632861],[127.642975,34.632864],[127.642975,34.632866],[127.642978,34.63287]]]}},{"type":"Feature","properties":{"id":"770ef6d1321236fe1d2574052445de568b18eb0a","cls":"styrofoam","cid":3,"cat":2,"area":1.0,"mask":false,"color":"#FFFFFF"},"geometry":{"type":"Polygon","coordinates":[[[127.642962,34.632887],[127.642968,34.632887],[127.642968,34.632884],[127.642961,34.632884],[127.642962,34.632887]]]}},{"type":"Feature","properties":{"id":"83002dbff97622599ed5f11cbf2d3ad28ce22a24","cls":"styrofoam","cid":3,"cat":2,"area":2.8,"mask":false,"color":"#FFFFFF"},"geometry":{"type":"Polygon","coordinates":[[[127.642936,34.632853],[127.64294,34.632848],[127.642942,34.632849],[127.642946,34.632852],[127.642948,34.632848],[127.642947,34.632846],[127.642942,34.632844],[127.642935,34.632844],[127.642936,34.632853]]]}},{"type":"Feature","properties":{"id":"0a06e9df46e32474b287b1271964efe8cd86e269","cls":"other_debris","cid":7,"cat":4,"area":6.6,"mask":false,"color":"#696969"},"geometry":{"type":"Polygon","coordinates":[[[127.644332,34.631952],[127.64435,34.631945],[127.644344,34.631938],[127.644327,34.631945],[127.644332,34.631952]]]}},{"type":"Feature","properties":{"id":"52b6c366974fd23b3fc2bd65125261c89e3487e9","cls":"rope","cid":5,"cat":3,"area":17.3,"mask":false,"color":"#8B008B"},"geometry":{"type":"Polygon","coordinates":[[[127.64434,34.631957],[127.644351,34.631955],[127.644358,34.631952],[127.644367,34.631949],[127.644369,34.631942],[127.644364,34.631941],[127.644361,34.631931],[127.644353,34.631928],[127.644349,34.631942],[127.644348,34.631946],[127.644343,34.631951],[127.644334,34.631954],[127.64434,34.631957]]]}},{"type":"Feature","properties":{"id":"ef2322bc7212682ff215c5302e5240b183743e2a","cls":"styrofoam","cid":3,"cat":2,"area":3.1,"mask":false,"color":"#FFFFFF"},"geometry":{"type":"Polygon","coordinates":[[[127.644308,34.631859],[127.644314,34.631848],[127.644307,34.631847],[127.644303,34.631858],[127.644308,34.631859]]]}},{"type":"Feature","properties":{"id":"a53f5256a4557e4e6ff584768733560f0081d399","cls":"other_debris","cid":7,"cat":4,"area":6.5,"mask":false,"color":"#696969"},"geometry":{"type":"Polygon","coordinates":[[[127.644272,34.631859],[127.644287,34.631854],[127.644283,34.631844],[127.644269,34.631848],[127.644272,34.631859]]]}},{"type":"Feature","properties":{"id":"a05107d9bb53f86e8ff03271130c01bafa5dd46b","cls":"net","cid":4,"cat":3,"area":7.7,"mask":false,"color":"#228B22"},"geometry":{"type":"Polygon","coordinates":[[[127.644294,34.631843],[127.6443,34.631836],[127.6443,34.631832],[127.644294,34.631828],[127.644287,34.631829],[127.644283,34.631833],[127.644284,34.631838],[127.644285,34.631841],[127.644294,34.631843]]]}},{"type":"Feature","properties":{"id":"9a1502067b814d700360c4cd015db31819bff022","cls":"styrofoam","cid":3,"cat":2,"area":0.8,"mask":false,"color":"#FFFFFF"},"geometry":{"type":"Polygon","coordinates":[[[127.644265,34.631798],[127.644268,34.631796],[127.644267,34.631796],[127.644263,34.631793],[127.644259,34.631794],[127.64426,34.631795],[127.644265,34.631798]]]}},{"type":"Feature","properties":{"id":"b610f17225ed886e7f35a1e034491d047b9be0f5","cls":"net","cid":4,"cat":3,"area":5.3,"mask":false,"color":"#228B22"},"geometry":{"type":"Polygon","coordinates":[[[127.644152,34.631601],[127.644156,34.631603],[127.644158,34.631601],[127.644159,34.631596],[127.644162,34.631594],[127.644162,34.631592],[127.644158,34.631591],[127.644155,34.631592],[127.644151,34.631586],[127.644147,34.631586],[127.644147,34.631588],[127.644152,34.631601]]]}},{"type":"Feature","properties":{"id":"4621ec0cce23c3c6d67b4a136b7d040ac0440d13","cls":"rope","cid":5,"cat":3,"area":6.3,"mask":false,"color":"#8B008B"},"geometry":{"type":"Polygon","coordinates":[[[127.644142,34.63159],[127.64415,34.631588],[127.644145,34.631583],[127.644146,34.63158],[127.644148,34.631578],[127.644142,34.631575],[127.644138,34.631578],[127.644131,34.631582],[127.644134,34.631586],[127.644142,34.63159]]]}},{"type":"Feature","properties":{"id":"953170a7ebec86ac7d6dfe62ec4ca8bac1c6aa2a","cls":"other_debris","cid":7,"cat":4,"area":5.1,"mask":false,"color":"#696969"},"geometry":{"type":"Polygon","coordinates":[[[127.644187,34.631596],[127.644193,34.631592],[127.644188,34.631588],[127.644182,34.631577],[127.644179,34.631575],[127.644175,34.631579],[127.644187,34.631596]]]}},{"type":"Feature","properties":{"id":"7447eaba67b3a5b54eaf33288414e0b22c56f8c7","cls":"other_debris","cid":7,"cat":4,"area":9.8,"mask":false,"color":"#696969"},"geometry":{"type":"Polygon","coordinates":[[[127.644192,34.631581],[127.6442,34.631579],[127.644187,34.63155],[127.644179,34.631553],[127.644192,34.631581]]]}},{"type":"Feature","properties":{"id":"bbd79ef00b38fd13c22e2b0b1e67837868cdbe7f","cls":"net","cid":4,"cat":3,"area":12.9,"mask":false,"color":"#228B22"},"geometry":{"type":"Polygon","coordinates":[[[127.644081,34.631488],[127.644077,34.631486],[127.644076,34.631486],[127.644077,34.63149],[127.644076,34.631492],[127.644078,34.631496],[127.644089,34.631498],[127.644095,34.631495],[127.644089,34.631491],[127.644093,34.631475],[127.644083,34.631474],[127.644081,34.631475],[127.644075,34.631483],[127.644081,34.631488]]]}},{"type":"Feature","properties":{"id":"39cf7a653ebc5175dcb7292ced688bc3950f8937","cls":"other_debris","cid":7,"cat":4,"area":6.3,"mask":false,"color":"#696969"},"geometry":{"type":"Polygon","coordinates":[[[127.644165,34.631489],[127.644181,34.631487],[127.64418,34.631477],[127.644167,34.631478],[127.644165,34.631489]]]}},{"type":"Feature","properties":{"id":"500ef52c53c2c94d51e1dedd3dc1f8f14256b7ce","cls":"net","cid":4,"cat":3,"area":21.3,"mask":false,"color":"#228B22"},"geometry":{"type":"Polygon","coordinates":[[[127.644046,34.631405],[127.644054,34.631406],[127.644055,34.631404],[127.644059,34.6314],[127.644061,34.631395],[127.644059,34.631394],[127.644057,34.631387],[127.644054,34.631376],[127.644048,34.631376],[127.644041,34.631379],[127.644036,34.631386],[127.644038,34.631399],[127.644046,34.631405]]]}},{"type":"Feature","properties":{"id":"84b7bcd6c8f1651d3c2c53b464854381954c0f9e","cls":"styrofoam","cid":3,"cat":2,"area":0.7,"mask":false,"color":"#FFFFFF"},"geometry":{"type":"Polygon","coordinates":[[[127.644052,34.631414],[127.644053,34.631415],[127.644056,34.631413],[127.644053,34.63141],[127.644051,34.631409],[127.644052,34.631414]]]}},{"type":"Feature","properties":{"id":"ef6a65e6cb72803ea51d33223eadbada4a8b101e","cls":"styrofoam","cid":3,"cat":2,"area":1.2,"mask":false,"color":"#FFFFFF"},"geometry":{"type":"Polygon","coordinates":[[[127.644069,34.63121],[127.644072,34.631212],[127.644075,34.631211],[127.644072,34.631205],[127.64407,34.631205],[127.644068,34.631207],[127.644069,34.63121]]]}},{"type":"Feature","properties":{"id":"7ffe6eb7dffdf13c6b343b0c1b376c8027867459","cls":"styrofoam","cid":3,"cat":2,"area":0.6,"mask":false,"color":"#FFFFFF"},"geometry":{"type":"Polygon","coordinates":[[[127.64397,34.63119],[127.643971,34.631188],[127.643971,34.631185],[127.643967,34.631185],[127.643967,34.631188],[127.64397,34.63119]]]}},{"type":"Feature","properties":{"id":"74f037f7bde88d48de096b706b3e97b6843318c1","cls":"styrofoam","cid":3,"cat":2,"area":1.1,"mask":false,"color":"#FFFFFF"},"geometry":{"type":"Polygon","coordinates":[[[127.643942,34.631174],[127.643948,34.631173],[127.643949,34.63117],[127.643942,34.63117],[127.643942,34.631174]]]}},{"type":"Feature","properties":{"id":"9bf542d677dcb792cf4364079f1f0d5435852ae8","cls":"net","cid":4,"cat":3,"area":11.0,"mask":false,"color":"#228B22"},"geometry":{"type":"Polygon","coordinates":[[[127.643902,34.631131],[127.643906,34.631132],[127.643912,34.631126],[127.643908,34.631122],[127.643911,34.631116],[127.64391,34.631113],[127.643902,34.631108],[127.643894,34.631118],[127.643896,34.631124],[127.643902,34.631131]]]}},{"type":"Feature","properties":{"id":"a866cbf8fa6e15d71a38db8e22e6fdd284e662a4","cls":"styrofoam","cid":3,"cat":2,"area":1.3,"mask":false,"color":"#FFFFFF"},"geometry":{"type":"Polygon","coordinates":[[[127.64399,34.630994],[127.643996,34.630993],[127.643995,34.630989],[127.643992,34.630987],[127.64399,34.630988],[127.64399,34.630994]]]}},{"type":"Feature","properties":{"id":"b9529f2c816534255f91b307c0b1ec1f2da13da2","cls":"buoy_red","cid":2,"cat":1,"area":1.4,"mask":false,"color":"#CC0000"},"geometry":{"type":"Polygon","coordinates":[[[127.643955,34.630941],[127.643961,34.63094],[127.643961,34.630935],[127.643959,34.630934],[127.643955,34.630935],[127.643955,34.630941]]]}},{"type":"Feature","properties":{"id":"2d3353c68d960efa7a1c596b2461c4e064edbb39","cls":"styrofoam","cid":3,"cat":2,"area":1.2,"mask":false,"color":"#FFFFFF"},"geometry":{"type":"Polygon","coordinates":[[[127.64397,34.630941],[127.643973,34.630941],[127.643974,34.630938],[127.643973,34.630935],[127.643969,34.630935],[127.643968,34.630937],[127.64397,34.630941]]]}},{"type":"Feature","properties":{"id":"81e024c7fc4113e134793f04e4ec5f0a90d7f134","cls":"styrofoam","cid":3,"cat":2,"area":1.0,"mask":false,"color":"#FFFFFF"},"geometry":{"type":"Polygon","coordinates":[[[127.643977,34.630922],[127.643981,34.63092],[127.64398,34.630917],[127.643978,34.630915],[127.643976,34.630916],[127.643975,34.630918],[127.643977,34.630922]]]}},{"type":"Feature","properties":{"id":"a383c8637cc49f044da4037e9b4605543a160e5c","cls":"styrofoam","cid":3,"cat":2,"area":1.5,"mask":false,"color":"#FFFFFF"},"geometry":{"type":"Polygon","coordinates":[[[127.643949,34.630922],[127.643949,34.630921],[127.643948,34.630918],[127.643945,34.630915],[127.643943,34.630915],[127.643941,34.630918],[127.643943,34.630922],[127.643946,34.630922],[127.643949,34.630922]]]}},{"type":"Feature","properties":{"id":"3e51de44456fa1d8183d2801c41d0827efc1c213","cls":"styrofoam","cid":3,"cat":2,"area":2.1,"mask":false,"color":"#FFFFFF"},"geometry":{"type":"Polygon","coordinates":[[[127.643934,34.630932],[127.643937,34.630927],[127.643936,34.630924],[127.643933,34.630924],[127.643927,34.630926],[127.643929,34.63093],[127.643934,34.630932]]]}},{"type":"Feature","properties":{"id":"3a4eefe740c353ef671db59178faeada8817bbf3","cls":"styrofoam","cid":3,"cat":2,"area":5.4,"mask":false,"color":"#FFFFFF"},"geometry":{"type":"Polygon","coordinates":[[[127.643934,34.630944],[127.643939,34.630938],[127.643937,34.630936],[127.643937,34.630932],[127.64393,34.630929],[127.643926,34.63093],[127.643924,34.630932],[127.643926,34.630938],[127.643934,34.630944]]]}},{"type":"Feature","properties":{"id":"657f32c0d9c82abd476241d9c51349027cb6c91c","cls":"rope","cid":5,"cat":3,"area":27.1,"mask":false,"color":"#8B008B"},"geometry":{"type":"Polygon","coordinates":[[[127.643919,34.630963],[127.643922,34.63096],[127.643921,34.63095],[127.643925,34.630942],[127.643924,34.630933],[127.643921,34.630932],[127.64392,34.630929],[127.64392,34.630923],[127.643923,34.630916],[127.643907,34.630917],[127.643907,34.630922],[127.643909,34.630927],[127.643906,34.630955],[127.643919,34.630963]]]}},{"type":"Feature","properties":{"id":"70c1fa8ae56e0d4a3d0e8c361e5c616e12990279","cls":"styrofoam","cid":3,"cat":2,"area":4.5,"mask":false,"color":"#FFFFFF"},"geometry":{"type":"Polygon","coordinates":[[[127.643934,34.630916],[127.643939,34.630915],[127.643943,34.630909],[127.643936,34.630905],[127.643932,34.630907],[127.643928,34.630907],[127.643927,34.63091],[127.643934,34.630916]]]}},{"type":"Feature","properties":{"id":"a4ec0643831aeb0e2716d97417488c6dfa14ddb2","cls":"styrofoam","cid":3,"cat":2,"area":1.2,"mask":false,"color":"#FFFFFF"},"geometry":{"type":"Polygon","coordinates":[[[127.643951,34.6309],[127.643955,34.630898],[127.643954,34.630895],[127.643951,34.630894],[127.643947,34.630895],[127.643947,34.630898],[127.643949,34.6309],[127.643951,34.6309]]]}},{"type":"Feature","properties":{"id":"abc0a6903b2395cb203085d6969e9d8c44c5a9b9","cls":"styrofoam","cid":3,"cat":2,"area":0.7,"mask":false,"color":"#FFFFFF"},"geometry":{"type":"Polygon","coordinates":[[[127.643951,34.630966],[127.643954,34.630966],[127.643955,34.630961],[127.643952,34.630961],[127.643951,34.630966]]]}},{"type":"Feature","properties":{"id":"b2e5b578cbcd570009393d08ef5f20b30eb8a583","cls":"styrofoam","cid":3,"cat":2,"area":3.0,"mask":false,"color":"#FFFFFF"},"geometry":{"type":"Polygon","coordinates":[[[127.643997,34.630686],[127.644002,34.630688],[127.644004,34.630682],[127.644002,34.63068],[127.644002,34.630677],[127.643997,34.630676],[127.643996,34.630677],[127.643995,34.63068],[127.643997,34.630686]]]}},{"type":"Feature","properties":{"id":"1ec2deecae2885abb63c3cbb2ef5e5994b00eafb","cls":"styrofoam","cid":3,"cat":2,"area":3.8,"mask":false,"color":"#FFFFFF"},"geometry":{"type":"Polygon","coordinates":[[[127.643974,34.630681],[127.643976,34.630682],[127.643978,34.630681],[127.643982,34.630675],[127.643981,34.630674],[127.643984,34.63067],[127.643984,34.630665],[127.643979,34.630667],[127.643975,34.630676],[127.643972,34.630677],[127.643974,34.630681]]]}},{"type":"Feature","properties":{"id":"b473cd8e7a426d48f40ce99b97a55adf1e4ce9a4","cls":"styrofoam","cid":3,"cat":2,"area":1.0,"mask":false,"color":"#FFFFFF"},"geometry":{"type":"Polygon","coordinates":[[[127.643946,34.630708],[127.643949,34.630708],[127.643951,34.630704],[127.643946,34.630702],[127.643945,34.630704],[127.643946,34.630708]]]}},{"type":"Feature","properties":{"id":"df2317744f7fdfc37e921a1250f2d21cb544c2c0","cls":"net","cid":4,"cat":3,"area":5.7,"mask":false,"color":"#228B22"},"geometry":{"type":"Polygon","coordinates":[[[127.644473,34.630466],[127.644484,34.630457],[127.644485,34.630454],[127.644482,34.630453],[127.644476,34.630454],[127.64447,34.630457],[127.644465,34.630461],[127.644467,34.630464],[127.644473,34.630466]]]}},{"type":"Feature","properties":{"id":"13f774a445429258313ca102a66a5f02bbce5e4c","cls":"styrofoam","cid":3,"cat":2,"area":11.2,"mask":false,"color":"#FFFFFF"},"geometry":{"type":"Polygon","coordinates":[[[127.680245,34.579358],[127.680251,34.579355],[127.680252,34.579352],[127.680251,34.57935],[127.680249,34.579349],[127.680246,34.579351],[127.680245,34.57935],[127.680246,34.579348],[127.680245,34.579346],[127.680242,34.579345],[127.68024,34.579346],[127.680238,34.579345],[127.68023,34.57934],[127.68023,34.579335],[127.680229,34.579334],[127.680224,34.579335],[127.680227,34.579342],[127.680228,34.579348],[127.68023,34.57935],[127.680228,34.579352],[127.680231,34.579357],[127.680234,34.579354],[127.680238,34.579356],[127.680238,34.579355],[127.680245,34.579358]]]}},{"type":"Feature","properties":{"id":"c7f792a5ea023ee5827b2933613462103679affa","cls":"styrofoam","cid":3,"cat":2,"area":0.7,"mask":false,"color":"#FFFFFF"},"geometry":{"type":"Polygon","coordinates":[[[127.680236,34.579337],[127.680237,34.579335],[127.680236,34.579334],[127.680231,34.579336],[127.680231,34.579337],[127.680236,34.579337]]]}},{"type":"Feature","properties":{"id":"9abc99c22a1dcf7166701370c238c0d1e6982826","cls":"styrofoam","cid":3,"cat":2,"area":1.0,"mask":false,"color":"#FFFFFF"},"geometry":{"type":"Polygon","coordinates":[[[127.680238,34.579339],[127.680244,34.579338],[127.680242,34.579334],[127.680237,34.579334],[127.680238,34.579339]]]}},{"type":"Feature","properties":{"id":"e99a4513777888e3ece6dc136c789c05747e6fa5","cls":"styrofoam","cid":3,"cat":2,"area":0.4,"mask":false,"color":"#FFFFFF"},"geometry":{"type":"Polygon","coordinates":[[[127.680256,34.579344],[127.680253,34.57934],[127.680251,34.579341],[127.680251,34.579342],[127.680253,34.579344],[127.680256,34.579344]]]}},{"type":"Feature","properties":{"id":"c07f72d7c24a358438dca30bc1e4ea75f0d03730","cls":"styrofoam","cid":3,"cat":2,"area":1.3,"mask":false,"color":"#FFFFFF"},"geometry":{"type":"Polygon","coordinates":[[[127.679421,34.578995],[127.679425,34.57899],[127.679421,34.578987],[127.679417,34.578991],[127.679417,34.578992],[127.679421,34.578995]]]}},{"type":"Feature","properties":{"id":"1815d412e5f8f33bb86929ed8717b8f509e18d18","cls":"styrofoam","cid":3,"cat":2,"area":1.6,"mask":false,"color":"#FFFFFF"},"geometry":{"type":"Polygon","coordinates":[[[127.679431,34.578982],[127.679434,34.578981],[127.679434,34.578979],[127.679431,34.578976],[127.679433,34.578974],[127.679432,34.578972],[127.679429,34.578972],[127.679428,34.578973],[127.679428,34.578976],[127.679431,34.578982]]]}},{"type":"Feature","properties":{"id":"9ebfb20d7239eddb8e90205555162687658e4dcf","cls":"styrofoam","cid":3,"cat":2,"area":1.4,"mask":false,"color":"#FFFFFF"},"geometry":{"type":"Polygon","coordinates":[[[127.679405,34.578999],[127.67941,34.578998],[127.679407,34.578993],[127.679403,34.578993],[127.679402,34.578995],[127.679402,34.578997],[127.679405,34.578999]]]}},{"type":"Feature","properties":{"id":"a5e2c25c893ed6c3c999317078c7b41472943ca3","cls":"styrofoam","cid":3,"cat":2,"area":0.4,"mask":false,"color":"#FFFFFF"},"geometry":{"type":"Polygon","coordinates":[[[127.679397,34.579015],[127.6794,34.579014],[127.6794,34.579012],[127.679397,34.579013],[127.679395,34.579015],[127.679397,34.579015]]]}},{"type":"Feature","properties":{"id":"ea93524f3c2f70eb39d319d042275aa3a3ed9ba1","cls":"styrofoam","cid":3,"cat":2,"area":8.2,"mask":false,"color":"#FFFFFF"},"geometry":{"type":"Polygon","coordinates":[[[127.679411,34.579033],[127.679415,34.579033],[127.679415,34.579031],[127.679417,34.579029],[127.679417,34.579027],[127.67942,34.579026],[127.679421,34.579023],[127.679419,34.579021],[127.679413,34.57902],[127.67941,34.579017],[127.679405,34.579019],[127.679402,34.579024],[127.679407,34.579029],[127.679404,34.57903],[127.679409,34.579037],[127.679411,34.579036],[127.679411,34.579033]]]}},{"type":"Feature","properties":{"id":"4c348c9537cde746d22ae5763bea83d16883352f","cls":"styrofoam","cid":3,"cat":2,"area":0.8,"mask":false,"color":"#FFFFFF"},"geometry":{"type":"Polygon","coordinates":[[[127.679428,34.579032],[127.67943,34.579031],[127.679429,34.57903],[127.679426,34.579027],[127.679424,34.579028],[127.679424,34.57903],[127.679428,34.579032]]]}},{"type":"Feature","properties":{"id":"9119248085507cdf9b486ba93b4332848c155221","cls":"styrofoam","cid":3,"cat":2,"area":1.3,"mask":false,"color":"#FFFFFF"},"geometry":{"type":"Polygon","coordinates":[[[127.679442,34.579044],[127.679449,34.579042],[127.679448,34.57904],[127.679445,34.57904],[127.679441,34.579042],[127.679438,34.579039],[127.679436,34.579041],[127.679438,34.579044],[127.679442,34.579044]]]}},{"type":"Feature","properties":{"id":"9fdef3fc2e36d6f5df244ac7a5bdafcf3bb0cc39","cls":"styrofoam","cid":3,"cat":2,"area":0.4,"mask":false,"color":"#FFFFFF"},"geometry":{"type":"Polygon","coordinates":[[[127.679441,34.579038],[127.679443,34.579036],[127.679442,34.579035],[127.679438,34.579036],[127.679439,34.579038],[127.679441,34.579038]]]}},{"type":"Feature","properties":{"id":"3bf94c33e9b08b68c4a630b8f908ba0bfa77e66e","cls":"styrofoam","cid":3,"cat":2,"area":0.3,"mask":false,"color":"#FFFFFF"},"geometry":{"type":"Polygon","coordinates":[[[127.679435,34.579049],[127.679436,34.579047],[127.679435,34.579046],[127.679433,34.579045],[127.679433,34.579047],[127.679435,34.579049]]]}},{"type":"Feature","properties":{"id":"8c8c9d11f0ef27b43810329fc87440b2627c9409","cls":"styrofoam","cid":3,"cat":2,"area":0.7,"mask":false,"color":"#FFFFFF"},"geometry":{"type":"Polygon","coordinates":[[[127.679424,34.579049],[127.679425,34.579046],[127.679423,34.579045],[127.679418,34.579045],[127.679418,34.579046],[127.679421,34.579047],[127.679424,34.579049]]]}},{"type":"Feature","properties":{"id":"e117859c7f51e81fb1c208e40f56cabeefe26a87","cls":"styrofoam","cid":3,"cat":2,"area":0.2,"mask":false,"color":"#FFFFFF"},"geometry":{"type":"Polygon","coordinates":[[[127.679418,34.579049],[127.679419,34.579048],[127.679419,34.579046],[127.679415,34.579047],[127.679415,34.579047],[127.679418,34.579049]]]}},{"type":"Feature","properties":{"id":"ff4225362db2445acd91158be61a546c7f983569","cls":"styrofoam","cid":3,"cat":2,"area":0.2,"mask":false,"color":"#FFFFFF"},"geometry":{"type":"Polygon","coordinates":[[[127.679424,34.579042],[127.679423,34.57904],[127.679421,34.57904],[127.679422,34.579042],[127.679424,34.579042]]]}},{"type":"Feature","properties":{"id":"fb2ae962e629e52850ad89de57dc21f677c0a98f","cls":"styrofoam","cid":3,"cat":2,"area":0.7,"mask":false,"color":"#FFFFFF"},"geometry":{"type":"Polygon","coordinates":[[[127.679399,34.579007],[127.679404,34.579004],[127.679402,34.579002],[127.679398,34.579004],[127.679397,34.579006],[127.679399,34.579007]]]}},{"type":"Feature","properties":{"id":"abc1bbd361d497ed751121d80e1cd6e987677c92","cls":"other_debris","cid":7,"cat":4,"area":0.5,"mask":false,"color":"#696969"},"geometry":{"type":"Polygon","coordinates":[[[127.679402,34.579011],[127.679404,34.579011],[127.679405,34.579009],[127.679404,34.579007],[127.679401,34.579007],[127.6794,34.579008],[127.679402,34.579011]]]}},{"type":"Feature","properties":{"id":"6194d93e997de7684096bedf3b64fb0237e2145b","cls":"styrofoam","cid":3,"cat":2,"area":2.7,"mask":false,"color":"#FFFFFF"},"geometry":{"type":"Polygon","coordinates":[[[127.678939,34.578456],[127.678943,34.578454],[127.678943,34.578452],[127.678941,34.578449],[127.678939,34.578447],[127.678935,34.57845],[127.678933,34.578453],[127.678935,34.578457],[127.678939,34.578456]]]}},{"type":"Feature","properties":{"id":"b741a4d9e7ab61b0d1d8f6efa38eb2b88481022c","cls":"rope","cid":5,"cat":3,"area":11.4,"mask":false,"color":"#8B008B"},"geometry":{"type":"Polygon","coordinates":[[[127.67916,34.578495],[127.679161,34.578496],[127.679166,34.57848],[127.679168,34.578465],[127.679164,34.578454],[127.679162,34.578438],[127.679169,34.57842],[127.679168,34.578392],[127.679167,34.578383],[127.679164,34.578379],[127.679162,34.578379],[127.679162,34.578383],[127.679168,34.578409],[127.679167,34.578419],[127.67916,34.578436],[127.67916,34.57845],[127.679162,34.578455],[127.679164,34.578458],[127.679166,34.578468],[127.679164,34.578483],[127.67916,34.578495]]]}},{"type":"Feature","properties":{"id":"05b0b1bc1fc984f87007feb70ffcf0b7f43f6e4d","cls":"styrofoam","cid":3,"cat":2,"area":1.8,"mask":false,"color":"#FFFFFF"},"geometry":{"type":"Polygon","coordinates":[[[127.679203,34.578531],[127.679207,34.57853],[127.679208,34.578529],[127.679208,34.578526],[127.679206,34.578524],[127.679203,34.578523],[127.679198,34.578526],[127.679203,34.578531]]]}},{"type":"Feature","properties":{"id":"64527c9542cdf7364c2e74aa55ad12f746fae7fc","cls":"styrofoam","cid":3,"cat":2,"area":1.0,"mask":false,"color":"#FFFFFF"},"geometry":{"type":"Polygon","coordinates":[[[127.67925,34.578493],[127.679254,34.578493],[127.679256,34.578489],[127.679251,34.578488],[127.679249,34.57849],[127.67925,34.578493]]]}},{"type":"Feature","properties":{"id":"43b0184afa89fd7fe52f99b26c17e11ccef8b7db","cls":"styrofoam","cid":3,"cat":2,"area":1.0,"mask":false,"color":"#FFFFFF"},"geometry":{"type":"Polygon","coordinates":[[[127.679255,34.578511],[127.679259,34.578509],[127.67926,34.578505],[127.679255,34.578504],[127.679253,34.578508],[127.679255,34.578511]]]}},{"type":"Feature","properties":{"id":"5bbbfe64b480062e8ca3580640020108e2072243","cls":"styrofoam","cid":3,"cat":2,"area":3.4,"mask":false,"color":"#FFFFFF"},"geometry":{"type":"Polygon","coordinates":[[[127.679958,34.578416],[127.679966,34.578417],[127.679967,34.578409],[127.679961,34.578407],[127.679956,34.578408],[127.679958,34.578416]]]}},{"type":"Feature","properties":{"id":"0d3b74b9d91befd9fcce5cd7e7b8765c50e4b0d1","cls":"styrofoam","cid":3,"cat":2,"area":0.6,"mask":false,"color":"#FFFFFF"},"geometry":{"type":"Polygon","coordinates":[[[127.680783,34.578307],[127.680785,34.578305],[127.680784,34.578303],[127.680781,34.578303],[127.680781,34.578307],[127.680783,34.578307]]]}},{"type":"Feature","properties":{"id":"9f44be5169e02634aaed0237eb6d44c67771d9b5","cls":"styrofoam","cid":3,"cat":2,"area":1.0,"mask":false,"color":"#FFFFFF"},"geometry":{"type":"Polygon","coordinates":[[[127.680859,34.578211],[127.680864,34.578209],[127.680863,34.578207],[127.680857,34.578205],[127.680856,34.578208],[127.680859,34.578211]]]}},{"type":"Feature","properties":{"id":"13953650d5ae620c1103dc78bf5a225c889e4b0a","cls":"styrofoam","cid":3,"cat":2,"area":5.3,"mask":false,"color":"#FFFFFF"},"geometry":{"type":"Polygon","coordinates":[[[127.680882,34.578218],[127.680883,34.578214],[127.680882,34.578214],[127.680882,34.578213],[127.68088,34.578213],[127.680874,34.578217],[127.680871,34.578219],[127.680866,34.578225],[127.680866,34.578228],[127.680868,34.578231],[127.680872,34.578227],[127.680876,34.578225],[127.680882,34.578218]]]}},{"type":"Feature","properties":{"id":"52dddf6aba823044337baa155180de1773dec540","cls":"styrofoam","cid":3,"cat":2,"area":0.5,"mask":false,"color":"#FFFFFF"},"geometry":{"type":"Polygon","coordinates":[[[127.680846,34.578228],[127.680847,34.578225],[127.680846,34.578224],[127.680841,34.578224],[127.680844,34.578227],[127.680846,34.578228]]]}},{"type":"Feature","properties":{"id":"3a2ec676ffdb2939ba5d4253d603c1a105547240","cls":"styrofoam","cid":3,"cat":2,"area":2.6,"mask":false,"color":"#FFFFFF"},"geometry":{"type":"Polygon","coordinates":[[[127.680903,34.578129],[127.680903,34.578124],[127.680902,34.578122],[127.6809,34.578121],[127.680897,34.578121],[127.680895,34.578125],[127.680896,34.57813],[127.680899,34.578132],[127.680903,34.578129]]]}},{"type":"Feature","properties":{"id":"e62ac661def5973ff8890db7c75464658c74cc7c","cls":"styrofoam","cid":3,"cat":2,"area":0.9,"mask":false,"color":"#FFFFFF"},"geometry":{"type":"Polygon","coordinates":[[[127.680912,34.578121],[127.680915,34.578122],[127.680917,34.578121],[127.680917,34.578117],[127.680914,34.578117],[127.680912,34.578121]]]}},{"type":"Feature","properties":{"id":"497c071e9d18dafd0d0281dfd79f9ff88459ae2f","cls":"styrofoam","cid":3,"cat":2,"area":3.9,"mask":false,"color":"#FFFFFF"},"geometry":{"type":"Polygon","coordinates":[[[127.680973,34.577964],[127.680977,34.577959],[127.680978,34.577955],[127.680975,34.577952],[127.680971,34.577952],[127.680966,34.577963],[127.680973,34.577964]]]}},{"type":"Feature","properties":{"id":"bf1ded293b96936d053fc0aa973e52ee4177f612","cls":"other_debris","cid":7,"cat":4,"area":103.2,"mask":false,"color":"#696969"},"geometry":{"type":"Polygon","coordinates":[[[127.681601,34.57761],[127.681622,34.577584],[127.681636,34.577573],[127.681631,34.577563],[127.681613,34.577554],[127.681604,34.577553],[127.681587,34.577568],[127.681576,34.57756],[127.681562,34.577565],[127.681561,34.577579],[127.681568,34.577589],[127.681582,34.577603],[127.681601,34.57761]]]}},{"type":"Feature","properties":{"id":"fb52137d67cef3b40935f04f2a2418842a871851","cls":"styrofoam","cid":3,"cat":2,"area":1.8,"mask":false,"color":"#FFFFFF"},"geometry":{"type":"Polygon","coordinates":[[[127.681706,34.577968],[127.681711,34.577969],[127.681714,34.577963],[127.681712,34.577961],[127.681711,34.57796],[127.681706,34.577965],[127.681706,34.577968]]]}},{"type":"Feature","properties":{"id":"ac769559d79353b321659107209d76831d507b29","cls":"styrofoam","cid":3,"cat":2,"area":1.1,"mask":false,"color":"#FFFFFF"},"geometry":{"type":"Polygon","coordinates":[[[127.681721,34.577969],[127.681723,34.577965],[127.681721,34.577964],[127.681716,34.577965],[127.681717,34.577969],[127.681719,34.57797],[127.681721,34.577969]]]}},{"type":"Feature","properties":{"id":"fb51911a7f62b1973c66fa4e7c04d0aa3d72050c","cls":"styrofoam","cid":3,"cat":2,"area":0.6,"mask":false,"color":"#FFFFFF"},"geometry":{"type":"Polygon","coordinates":[[[127.681727,34.577965],[127.681729,34.577965],[127.681729,34.577962],[127.681727,34.577961],[127.681725,34.577962],[127.681724,34.577963],[127.681727,34.577965]]]}},{"type":"Feature","properties":{"id":"45c76b9a28ffd0988bcd44c280bd8474b6251e06","cls":"styrofoam","cid":3,"cat":2,"area":0.5,"mask":false,"color":"#FFFFFF"},"geometry":{"type":"Polygon","coordinates":[[[127.681699,34.578006],[127.681705,34.578006],[127.681704,34.578003],[127.681699,34.578004],[127.681699,34.578006]]]}},{"type":"Feature","properties":{"id":"5032d5ba5cb8027e1f98845eb1b04b53ee127421","cls":"styrofoam","cid":3,"cat":2,"area":1.4,"mask":false,"color":"#FFFFFF"},"geometry":{"type":"Polygon","coordinates":[[[127.681314,34.578136],[127.681322,34.578136],[127.681323,34.578135],[127.681321,34.578133],[127.681318,34.578131],[127.681314,34.578132],[127.681313,34.578134],[127.681314,34.578136]]]}},{"type":"Feature","properties":{"id":"c5be528c6ea84184ba93e735e5ff27ab6c91010b","cls":"other_debris","cid":7,"cat":4,"area":14.9,"mask":false,"color":"#696969"},"geometry":{"type":"Polygon","coordinates":[[[127.681309,34.578344],[127.681311,34.578333],[127.68131,34.578321],[127.681307,34.578318],[127.681301,34.578318],[127.681297,34.578328],[127.681293,34.578332],[127.681294,34.578343],[127.681309,34.578344]]]}},{"type":"Feature","properties":{"id":"cdc4cc1f67885928240274bde6765099e6c27813","cls":"other_debris","cid":7,"cat":4,"area":10.4,"mask":false,"color":"#696969"},"geometry":{"type":"Polygon","coordinates":[[[127.676963,34.573205],[127.67697,34.573199],[127.676968,34.573192],[127.676964,34.57319],[127.676958,34.573188],[127.676953,34.573189],[127.67695,34.573191],[127.67695,34.5732],[127.676956,34.573204],[127.676963,34.573205]]]}},{"type":"Feature","properties":{"id":"0482e2993577df93b5ef485b96a5a84940907d11","cls":"styrofoam","cid":3,"cat":2,"area":1.8,"mask":false,"color":"#FFFFFF"},"geometry":{"type":"Polygon","coordinates":[[[127.677371,34.572525],[127.677376,34.572523],[127.677375,34.57252],[127.677372,34.572514],[127.67737,34.572516],[127.677371,34.572525]]]}},{"type":"Feature","properties":{"id":"3638ade379b72265241149f5ed05b765bfc1121b","cls":"styrofoam","cid":3,"cat":2,"area":1.7,"mask":false,"color":"#FFFFFF"},"geometry":{"type":"Polygon","coordinates":[[[127.677401,34.572512],[127.677406,34.572512],[127.677405,34.572504],[127.677399,34.572503],[127.6774,34.572505],[127.677401,34.572512]]]}},{"type":"Feature","properties":{"id":"5bcd4c8f115045737c8c2b34b119090e799cfedb","cls":"styrofoam","cid":3,"cat":2,"area":0.8,"mask":false,"color":"#FFFFFF"},"geometry":{"type":"Polygon","coordinates":[[[127.677432,34.572505],[127.677438,34.572504],[127.677436,34.572499],[127.677433,34.572501],[127.677432,34.572505]]]}},{"type":"Feature","properties":{"id":"0eabdf1054cb3c02dd19a0d2cd4e1fa4f52c4300","cls":"styrofoam","cid":3,"cat":2,"area":1.8,"mask":false,"color":"#FFFFFF"},"geometry":{"type":"Polygon","coordinates":[[[127.679231,34.571464],[127.679235,34.571466],[127.679235,34.571464],[127.679241,34.571458],[127.679238,34.571457],[127.679232,34.57146],[127.679231,34.571462],[127.679231,34.571464]]]}},{"type":"Feature","properties":{"id":"8abb2a3859bcc3c290a0894dd14e22fbd3c4e414","cls":"styrofoam","cid":3,"cat":2,"area":1.3,"mask":false,"color":"#FFFFFF"},"geometry":{"type":"Polygon","coordinates":[[[127.680199,34.569929],[127.680206,34.569926],[127.680206,34.569925],[127.680205,34.569923],[127.680203,34.569923],[127.680198,34.569926],[127.680197,34.569928],[127.680199,34.569929]]]}},{"type":"Feature","properties":{"id":"c81e91e0138786b6732a7dce7e2d6b96d1819fbb","cls":"styrofoam","cid":3,"cat":2,"area":2.1,"mask":false,"color":"#FFFFFF"},"geometry":{"type":"Polygon","coordinates":[[[127.680165,34.56986],[127.680169,34.569859],[127.680168,34.569854],[127.680165,34.569852],[127.680162,34.569851],[127.680159,34.569853],[127.68016,34.569855],[127.680165,34.56986]]]}},{"type":"Feature","properties":{"id":"b2422fb73082ccc6a4bb685543ff6eb1283c9581","cls":"styrofoam","cid":3,"cat":2,"area":1.9,"mask":false,"color":"#FFFFFF"},"geometry":{"type":"Polygon","coordinates":[[[127.680179,34.569857],[127.680182,34.569857],[127.680182,34.569851],[127.680179,34.569849],[127.680176,34.569848],[127.680175,34.56985],[127.680179,34.569857]]]}},{"type":"Feature","properties":{"id":"e220a73976533eed8b97c1c28b0b87b9ed2b43d3","cls":"styrofoam","cid":3,"cat":2,"area":213.6,"mask":false,"color":"#FFFFFF"},"geometry":{"type":"Polygon","coordinates":[[[127.684155,34.570599],[127.68417,34.570619],[127.684172,34.570617],[127.684171,34.57061],[127.684169,34.570608],[127.684174,34.570599],[127.684168,34.570589],[127.684169,34.57058],[127.684174,34.570577],[127.684174,34.570569],[127.684173,34.570565],[127.684169,34.570562],[127.684168,34.570555],[127.684177,34.570548],[127.684179,34.57054],[127.684194,34.570524],[127.684196,34.570519],[127.684204,34.570512],[127.684202,34.570508],[127.684191,34.570507],[127.684191,34.570499],[127.684188,34.570496],[127.684185,34.570491],[127.684181,34.570493],[127.684174,34.570489],[127.684163,34.570488],[127.684161,34.570493],[127.684164,34.570498],[127.684162,34.570503],[127.684158,34.570507],[127.684156,34.570513],[127.684156,34.570515],[127.684151,34.57052],[127.68414,34.570521],[127.684133,34.57052],[127.684127,34.570525],[127.684117,34.570539],[127.684105,34.570549],[127.684109,34.570556],[127.684155,34.570599]]]}},{"type":"Feature","properties":{"id":"1daa6d2e5cd789dd18e0cebb953b941a2848f37d","cls":"styrofoam","cid":3,"cat":2,"area":0.6,"mask":false,"color":"#FFFFFF"},"geometry":{"type":"Polygon","coordinates":[[[127.684557,34.570749],[127.68456,34.570746],[127.68456,34.570746],[127.684557,34.570744],[127.684554,34.570744],[127.684557,34.570749]]]}},{"type":"Feature","properties":{"id":"b610c6320c2d600ae14b5a4f651a91a125ba1230","cls":"styrofoam","cid":3,"cat":2,"area":1.5,"mask":false,"color":"#FFFFFF"},"geometry":{"type":"Polygon","coordinates":[[[127.68459,34.570755],[127.684593,34.570756],[127.684594,34.570751],[127.684586,34.570749],[127.684584,34.570749],[127.68459,34.570755]]]}},{"type":"Feature","properties":{"id":"1fdf2e8899d867e8451abeb0b98e6d69faf1b4ee","cls":"styrofoam","cid":3,"cat":2,"area":3.9,"mask":false,"color":"#FFFFFF"},"geometry":{"type":"Polygon","coordinates":[[[127.68453,34.570554],[127.684538,34.570552],[127.684538,34.57055],[127.684535,34.570544],[127.684528,34.570541],[127.684526,34.570546],[127.68453,34.570554]]]}},{"type":"Feature","properties":{"id":"fa3439902eb0f701370386e4b7f275a1cc1c280e","cls":"styrofoam","cid":3,"cat":2,"area":1.1,"mask":false,"color":"#FFFFFF"},"geometry":{"type":"Polygon","coordinates":[[[127.684505,34.570581],[127.684508,34.570578],[127.684506,34.570575],[127.684501,34.570576],[127.684501,34.570578],[127.684505,34.570581]]]}},{"type":"Feature","properties":{"id":"0a6638b12d44887f0ff04a145f26ca24c78463f9","cls":"styrofoam","cid":3,"cat":2,"area":5.2,"mask":false,"color":"#FFFFFF"},"geometry":{"type":"Polygon","coordinates":[[[127.685495,34.571863],[127.685499,34.571863],[127.685502,34.571858],[127.685501,34.571853],[127.685502,34.571849],[127.6855,34.571844],[127.685497,34.571844],[127.685494,34.571846],[127.685493,34.571854],[127.685496,34.571857],[127.685495,34.571863]]]}},{"type":"Feature","properties":{"id":"a73df7fd504b4f8b0ed0ee69a60e1c95db796746","cls":"styrofoam","cid":3,"cat":2,"area":3.2,"mask":false,"color":"#FFFFFF"},"geometry":{"type":"Polygon","coordinates":[[[127.685551,34.571938],[127.685551,34.571926],[127.685549,34.571925],[127.685545,34.571926],[127.685544,34.571932],[127.685545,34.571937],[127.685551,34.571938]]]}},{"type":"Feature","properties":{"id":"accc8bc7ba5613eb63aab7166be62bf5357ea1fb","cls":"styrofoam","cid":3,"cat":2,"area":3.7,"mask":false,"color":"#FFFFFF"},"geometry":{"type":"Polygon","coordinates":[[[127.685571,34.572065],[127.685575,34.57206],[127.685569,34.572058],[127.685565,34.572061],[127.685559,34.572063],[127.685562,34.572069],[127.685571,34.572065]]]}},{"type":"Feature","properties":{"id":"333ad6afb01481847f64957fecab0ec6d621b6fb","cls":"styrofoam","cid":3,"cat":2,"area":0.9,"mask":false,"color":"#FFFFFF"},"geometry":{"type":"Polygon","coordinates":[[[127.685587,34.572043],[127.685593,34.572041],[127.685592,34.572037],[127.685589,34.572037],[127.685587,34.57204],[127.685587,34.572043]]]}},{"type":"Feature","properties":{"id":"09224c48b84402c183c02946cc3a51fc4e82484f","cls":"plastic_box","cid":6,"cat":3,"area":13.2,"mask":false,"color":"#FF8C00"},"geometry":{"type":"Polygon","coordinates":[[[127.685396,34.571726],[127.685411,34.571719],[127.685409,34.571713],[127.685404,34.571707],[127.685401,34.571705],[127.685395,34.571706],[127.685386,34.571715],[127.685396,34.571726]]]}},{"type":"Feature","properties":{"id":"9ad9e5f968493ec18daa0007f2a159e9d2f339a6","cls":"styrofoam","cid":3,"cat":2,"area":9.5,"mask":false,"color":"#FFFFFF"},"geometry":{"type":"Polygon","coordinates":[[[127.685399,34.571696],[127.685403,34.571699],[127.685405,34.571693],[127.685411,34.571689],[127.685409,34.571687],[127.685411,34.571687],[127.685421,34.571687],[127.685422,34.571684],[127.685419,34.571682],[127.685409,34.571681],[127.685405,34.571681],[127.685399,34.571685],[127.685395,34.571691],[127.685393,34.571693],[127.685394,34.571695],[127.685399,34.571696]]]}},{"type":"Feature","properties":{"id":"2224edf140cb070065548ae5f866804ace3a3233","cls":"styrofoam","cid":3,"cat":2,"area":6.3,"mask":false,"color":"#FFFFFF"},"geometry":{"type":"Polygon","coordinates":[[[127.685429,34.5717],[127.685439,34.571702],[127.685439,34.571695],[127.685437,34.571694],[127.685438,34.571692],[127.685439,34.571688],[127.685434,34.571687],[127.685426,34.571692],[127.685425,34.571697],[127.685429,34.5717]]]}},{"type":"Feature","properties":{"id":"b9fe176fea90c79ed09b8bcd5adf316c9b88d360","cls":"styrofoam","cid":3,"cat":2,"area":1.8,"mask":false,"color":"#FFFFFF"},"geometry":{"type":"Polygon","coordinates":[[[127.68553,34.57212],[127.685533,34.572117],[127.68553,34.572114],[127.685523,34.57211],[127.685522,34.572114],[127.68553,34.57212]]]}},{"type":"Feature","properties":{"id":"2292b08639c3ba6060aa7f5e654c4dcad4dfc841","cls":"styrofoam","cid":3,"cat":2,"area":1.7,"mask":false,"color":"#FFFFFF"},"geometry":{"type":"Polygon","coordinates":[[[127.685531,34.572111],[127.685536,34.57211],[127.685536,34.572104],[127.68553,34.572103],[127.68553,34.572104],[127.685531,34.572111]]]}},{"type":"Feature","properties":{"id":"93eab4997f9e4872bfa5a88d77e95e8a281996b2","cls":"styrofoam","cid":3,"cat":2,"area":7.9,"mask":false,"color":"#FFFFFF"},"geometry":{"type":"Polygon","coordinates":[[[127.685685,34.573118],[127.685693,34.57312],[127.685697,34.573119],[127.685699,34.573115],[127.685691,34.573114],[127.685691,34.573106],[127.685688,34.573105],[127.685675,34.573111],[127.685673,34.573114],[127.685679,34.573115],[127.685685,34.573118]]]}},{"type":"Feature","properties":{"id":"ae3b970aad6aaa58b2e44fd222f7fb4273258b77","cls":"other_debris","cid":7,"cat":4,"area":26.1,"mask":false,"color":"#696969"},"geometry":{"type":"Polygon","coordinates":[[[127.685654,34.573181],[127.685676,34.57317],[127.685647,34.573149],[127.685635,34.573167],[127.685654,34.573181]]]}},{"type":"Feature","properties":{"id":"7810526cceffdbea9c65229bac9923feb947a570","cls":"other_debris","cid":7,"cat":4,"area":9.6,"mask":false,"color":"#696969"},"geometry":{"type":"Polygon","coordinates":[[[127.685621,34.573208],[127.68564,34.573208],[127.685641,34.57319],[127.685636,34.57319],[127.685632,34.573197],[127.685626,34.573195],[127.685621,34.573208]]]}},{"type":"Feature","properties":{"id":"23f10ba7aa6e932d2a6b12aa6d5204d74c45fd25","cls":"other_debris","cid":7,"cat":4,"area":63.2,"mask":false,"color":"#696969"},"geometry":{"type":"Polygon","coordinates":[[[127.685531,34.573218],[127.685557,34.573189],[127.685556,34.57319],[127.685554,34.57319],[127.685549,34.573188],[127.685548,34.573182],[127.685549,34.57318],[127.685562,34.573181],[127.685569,34.573176],[127.685544,34.573158],[127.685507,34.573206],[127.685531,34.573218]]]}},{"type":"Feature","properties":{"id":"a003d2115bcd99be7c48a81b2e5c0646bf4dfb5e","cls":"net","cid":4,"cat":3,"area":12.3,"mask":false,"color":"#228B22"},"geometry":{"type":"Polygon","coordinates":[[[127.685488,34.573204],[127.685498,34.573207],[127.6855,34.573202],[127.685504,34.573198],[127.685506,34.573193],[127.685499,34.573187],[127.685489,34.573187],[127.685483,34.573195],[127.685488,34.573204]]]}},{"type":"Feature","properties":{"id":"5e580c56ce6bb1bb5fa5ad4164429a65b3696237","cls":"styrofoam","cid":3,"cat":2,"area":4.1,"mask":false,"color":"#FFFFFF"},"geometry":{"type":"Polygon","coordinates":[[[127.685327,34.57324],[127.685332,34.573234],[127.685325,34.57323],[127.685317,34.573229],[127.685316,34.573235],[127.685327,34.57324]]]}},{"type":"Feature","properties":{"id":"5a0a4d63824810870a48fee14657bafea3cef9ce","cls":"styrofoam","cid":3,"cat":2,"area":7.4,"mask":false,"color":"#FFFFFF"},"geometry":{"type":"Polygon","coordinates":[[[127.685299,34.573202],[127.685312,34.573202],[127.685313,34.573196],[127.685311,34.573189],[127.685309,34.573187],[127.685303,34.573188],[127.685299,34.573193],[127.685299,34.573202]]]}},{"type":"Feature","properties":{"id":"ad763f4c62951f2eaf9d24cb25e51fa3b81ebe6a","cls":"styrofoam","cid":3,"cat":2,"area":3.3,"mask":false,"color":"#FFFFFF"},"geometry":{"type":"Polygon","coordinates":[[[127.685173,34.573288],[127.68518,34.573284],[127.685178,34.573281],[127.685173,34.573278],[127.68517,34.573277],[127.685167,34.573279],[127.685167,34.573283],[127.685173,34.573288]]]}},{"type":"Feature","properties":{"id":"0a2dd88f7c17c8f2aa32b60ea89ce0481935a06f","cls":"styrofoam","cid":3,"cat":2,"area":4.4,"mask":false,"color":"#FFFFFF"},"geometry":{"type":"Polygon","coordinates":[[[127.685179,34.573283],[127.685187,34.573282],[127.685186,34.573278],[127.68518,34.573271],[127.685174,34.573272],[127.685173,34.573275],[127.685174,34.573278],[127.685179,34.573283]]]}},{"type":"Feature","properties":{"id":"0bdbb20d919be45783f311be669e34d155435a53","cls":"styrofoam","cid":3,"cat":2,"area":4.1,"mask":false,"color":"#FFFFFF"},"geometry":{"type":"Polygon","coordinates":[[[127.685179,34.573296],[127.685183,34.573294],[127.685183,34.573291],[127.685178,34.573288],[127.685167,34.573286],[127.685167,34.573291],[127.685179,34.573296]]]}},{"type":"Feature","properties":{"id":"bd6db42e40550cc5809a86b5029cf61d64abfd14","cls":"styrofoam","cid":3,"cat":2,"area":6.7,"mask":false,"color":"#FFFFFF"},"geometry":{"type":"Polygon","coordinates":[[[127.685228,34.573309],[127.685231,34.573307],[127.68523,34.573305],[127.68522,34.573301],[127.685212,34.573298],[127.685203,34.573299],[127.685205,34.573305],[127.685228,34.573309]]]}},{"type":"Feature","properties":{"id":"1314dc92f248fbcdd6dd09676935d062eade1996","cls":"styrofoam","cid":3,"cat":2,"area":2.7,"mask":false,"color":"#FFFFFF"},"geometry":{"type":"Polygon","coordinates":[[[127.685244,34.573307],[127.685248,34.573306],[127.685257,34.573308],[127.685257,34.573305],[127.685256,34.573303],[127.685248,34.573301],[127.685242,34.573303],[127.685244,34.573307]]]}},{"type":"Feature","properties":{"id":"aae1d68dfcc7c7dac9874de7bd063819e160481b","cls":"styrofoam","cid":3,"cat":2,"area":3.0,"mask":false,"color":"#FFFFFF"},"geometry":{"type":"Polygon","coordinates":[[[127.684884,34.57321],[127.684897,34.573209],[127.684898,34.573206],[127.684895,34.573203],[127.684886,34.573204],[127.684884,34.57321]]]}},{"type":"Feature","properties":{"id":"a8bb0b23ddd918a42adea56adc2639e1c0372443","cls":"styrofoam","cid":3,"cat":2,"area":5.4,"mask":false,"color":"#FFFFFF"},"geometry":{"type":"Polygon","coordinates":[[[127.684928,34.57322],[127.684936,34.573223],[127.684934,34.573217],[127.68493,34.573211],[127.684924,34.573208],[127.684917,34.573208],[127.684918,34.573212],[127.684928,34.57322]]]}},{"type":"Feature","properties":{"id":"0cc60f2717fbf4bcbb0bdcff12fa1f18fe2c44d6","cls":"other_debris","cid":7,"cat":4,"area":115.9,"mask":false,"color":"#696969"},"geometry":{"type":"Polygon","coordinates":[[[127.68454,34.573267],[127.68457,34.573248],[127.684569,34.573246],[127.684564,34.57324],[127.684558,34.573234],[127.684544,34.573226],[127.684527,34.573228],[127.684524,34.573225],[127.684521,34.573212],[127.684517,34.573205],[127.684504,34.573205],[127.684494,34.573212],[127.684493,34.573217],[127.684483,34.573228],[127.684484,34.57324],[127.684495,34.573246],[127.684507,34.573245],[127.684511,34.573249],[127.684522,34.573265],[127.68454,34.573267]]]}},{"type":"Feature","properties":{"id":"361cb19185361aede812569175038a4d51bdc8b1","cls":"styrofoam","cid":3,"cat":2,"area":4.4,"mask":false,"color":"#FFFFFF"},"geometry":{"type":"Polygon","coordinates":[[[127.684094,34.574893],[127.684101,34.574891],[127.684104,34.574882],[127.684097,34.574881],[127.684092,34.574881],[127.684092,34.574889],[127.684094,34.574893]]]}},{"type":"Feature","properties":{"id":"a7f2c28ed843e286e4ea06aeb5bc174934dc8a92","cls":"styrofoam","cid":3,"cat":2,"area":1.6,"mask":false,"color":"#FFFFFF"},"geometry":{"type":"Polygon","coordinates":[[[127.684128,34.574889],[127.684133,34.574888],[127.684132,34.574883],[127.684129,34.574882],[127.684125,34.574883],[127.684125,34.574885],[127.684128,34.574889]]]}},{"type":"Feature","properties":{"id":"5b63baca824935329b16b7b54d71f604bb82d87d","cls":"styrofoam","cid":3,"cat":2,"area":1.9,"mask":false,"color":"#FFFFFF"},"geometry":{"type":"Polygon","coordinates":[[[127.684676,34.575165],[127.684684,34.575164],[127.684688,34.57516],[127.684683,34.575159],[127.684677,34.57516],[127.684675,34.575161],[127.684676,34.575165]]]}},{"type":"Feature","properties":{"id":"cfb98e90591872fe8981d6adbf6c0415e538aab9","cls":"net","cid":4,"cat":3,"area":61.7,"mask":false,"color":"#228B22"},"geometry":{"type":"Polygon","coordinates":[[[127.686906,34.575563],[127.68691,34.57556],[127.686913,34.575555],[127.686911,34.57555],[127.686918,34.575541],[127.686914,34.575534],[127.686909,34.575531],[127.686891,34.575531],[127.686892,34.575537],[127.686886,34.575541],[127.686883,34.575545],[127.686881,34.57555],[127.686876,34.575551],[127.686872,34.575546],[127.686879,34.575544],[127.686889,34.575536],[127.686877,34.575536],[127.68686,34.575541],[127.686862,34.57555],[127.686852,34.575552],[127.686848,34.575556],[127.68685,34.57556],[127.68687,34.575564],[127.686883,34.575563],[127.686884,34.575563],[127.686889,34.575562],[127.686906,34.575563]]]}},{"type":"Feature","properties":{"id":"7e1ce75fa10ca79ea53bd496ee0d546dbb8b2ae7","cls":"rope","cid":5,"cat":3,"area":7.6,"mask":false,"color":"#8B008B"},"geometry":{"type":"Polygon","coordinates":[[[127.687159,34.575719],[127.687161,34.575717],[127.687159,34.575715],[127.687153,34.575711],[127.687147,34.575709],[127.687144,34.575705],[127.687139,34.575703],[127.687138,34.575698],[127.687136,34.575692],[127.687132,34.575692],[127.687125,34.575689],[127.68712,34.575689],[127.687122,34.575693],[127.687126,34.575695],[127.687127,34.575693],[127.687134,34.575696],[127.687136,34.575697],[127.687137,34.5757],[127.687134,34.575703],[127.687132,34.575704],[127.68713,34.575709],[127.687131,34.57571],[127.687134,34.575709],[127.68714,34.575705],[127.687144,34.575709],[127.687159,34.575719]]]}},{"type":"Feature","properties":{"id":"9ef7d7dd1259e50e6a08b17cd56d6303e2628ae1","cls":"styrofoam","cid":3,"cat":2,"area":5.1,"mask":false,"color":"#FFFFFF"},"geometry":{"type":"Polygon","coordinates":[[[127.689412,34.575935],[127.689411,34.575927],[127.689408,34.57593],[127.689405,34.575927],[127.689401,34.575927],[127.689401,34.575931],[127.689399,34.575935],[127.689401,34.575939],[127.68941,34.575939],[127.689412,34.575935]]]}},{"type":"Feature","properties":{"id":"8532d7af9bf8a6bdeda86012a79ddd51e88567f8","cls":"styrofoam","cid":3,"cat":2,"area":9.6,"mask":false,"color":"#FFFFFF"},"geometry":{"type":"Polygon","coordinates":[[[127.689415,34.575929],[127.68942,34.575926],[127.689425,34.575915],[127.689428,34.575912],[127.689428,34.575908],[127.689425,34.575908],[127.689421,34.575912],[127.689412,34.575923],[127.689412,34.575919],[127.689406,34.575914],[127.689398,34.575914],[127.689399,34.575918],[127.689415,34.575929]]]}},{"type":"Feature","properties":{"id":"a46736dafd348537deddaa42879d8687de754061","cls":"rope","cid":5,"cat":3,"area":23.4,"mask":false,"color":"#8B008B"},"geometry":{"type":"Polygon","coordinates":[[[127.692944,34.575795],[127.692942,34.575782],[127.692937,34.575766],[127.692939,34.575767],[127.692942,34.575766],[127.692948,34.575765],[127.692956,34.575765],[127.69296,34.575764],[127.692961,34.575759],[127.692967,34.575753],[127.692964,34.575751],[127.692951,34.57575],[127.692939,34.575755],[127.692936,34.575754],[127.692927,34.575736],[127.692924,34.575726],[127.692921,34.575722],[127.692921,34.575729],[127.692928,34.575743],[127.692932,34.575758],[127.692944,34.575795]]]}},{"type":"Feature","properties":{"id":"f92e7a51c0443207ee808d9bc27590f4a6778c2d","cls":"styrofoam","cid":3,"cat":2,"area":4.3,"mask":false,"color":"#FFFFFF"},"geometry":{"type":"Polygon","coordinates":[[[127.694659,34.575264],[127.69466,34.575265],[127.694658,34.575257],[127.694647,34.57526],[127.694641,34.575268],[127.694659,34.575264]]]}},{"type":"Feature","properties":{"id":"9538147e678e1894459cb31eb90738ebdfac0f32","cls":"styrofoam","cid":3,"cat":2,"area":12.7,"mask":false,"color":"#FFFFFF"},"geometry":{"type":"Polygon","coordinates":[[[127.694668,34.575263],[127.694673,34.575264],[127.694673,34.575263],[127.694679,34.575259],[127.694682,34.575255],[127.694688,34.575252],[127.694693,34.575245],[127.69469,34.575242],[127.694683,34.575241],[127.694675,34.575242],[127.69467,34.575246],[127.69467,34.575254],[127.694673,34.575256],[127.69467,34.575258],[127.694668,34.575263]]]}},{"type":"Feature","properties":{"id":"c6c9e5144f35686530ed79841b79d1ea49403282","cls":"styrofoam","cid":3,"cat":2,"area":1.2,"mask":false,"color":"#FFFFFF"},"geometry":{"type":"Polygon","coordinates":[[[127.694697,34.575245],[127.694704,34.575244],[127.694705,34.575242],[127.694702,34.57524],[127.694699,34.575241],[127.694696,34.575242],[127.694697,34.575245]]]}},{"type":"Feature","properties":{"id":"c534db9c15a9e3028352dccde3895004fe04a9b1","cls":"styrofoam","cid":3,"cat":2,"area":23.5,"mask":false,"color":"#FFFFFF"},"geometry":{"type":"Polygon","coordinates":[[[127.697116,34.571442],[127.697131,34.571439],[127.697134,34.571435],[127.697132,34.571433],[127.697125,34.571429],[127.697123,34.571426],[127.697125,34.571424],[127.697126,34.571419],[127.697123,34.571415],[127.697118,34.571412],[127.697116,34.571413],[127.697112,34.571416],[127.697105,34.571418],[127.697101,34.571425],[127.697102,34.57143],[127.697108,34.571437],[127.697116,34.571442]]]}},{"type":"Feature","properties":{"id":"6f4753f7b4e565974efb775f5b5d2e286d0bd779","cls":"styrofoam","cid":3,"cat":2,"area":1.8,"mask":false,"color":"#FFFFFF"},"geometry":{"type":"Polygon","coordinates":[[[127.697139,34.571398],[127.697143,34.571396],[127.697142,34.571392],[127.697134,34.571392],[127.697133,34.571396],[127.697139,34.571398]]]}},{"type":"Feature","properties":{"id":"60981402897b43845d8147c1aa5b3e3b802f90dd","cls":"styrofoam","cid":3,"cat":2,"area":6.0,"mask":false,"color":"#FFFFFF"},"geometry":{"type":"Polygon","coordinates":[[[127.697174,34.571336],[127.697176,34.57133],[127.69718,34.571325],[127.697181,34.571321],[127.69718,34.57132],[127.697172,34.571324],[127.697168,34.571328],[127.697168,34.571333],[127.697165,34.571337],[127.697169,34.57134],[127.697172,34.571339],[127.697174,34.571336]]]}},{"type":"Feature","properties":{"id":"4fd4ac955ccb9e5cd869cbd37c0c106474587b19","cls":"styrofoam","cid":3,"cat":2,"area":0.6,"mask":false,"color":"#FFFFFF"},"geometry":{"type":"Polygon","coordinates":[[[127.697191,34.571334],[127.697193,34.571333],[127.697193,34.571329],[127.697191,34.571328],[127.69719,34.571333],[127.697191,34.571334]]]}},{"type":"Feature","properties":{"id":"905b765fbd4d1d2f2d984c698df2bc44b3a20400","cls":"styrofoam","cid":3,"cat":2,"area":0.5,"mask":false,"color":"#FFFFFF"},"geometry":{"type":"Polygon","coordinates":[[[127.697197,34.571327],[127.697199,34.571324],[127.697196,34.571323],[127.697194,34.571324],[127.697195,34.571327],[127.697197,34.571327]]]}},{"type":"Feature","properties":{"id":"859a23fc4f4eccd74ffa34f5b76029aa2463197a","cls":"styrofoam","cid":3,"cat":2,"area":2.9,"mask":false,"color":"#FFFFFF"},"geometry":{"type":"Polygon","coordinates":[[[127.697198,34.571311],[127.697204,34.571311],[127.697209,34.571305],[127.697207,34.571303],[127.697203,34.571302],[127.6972,34.571304],[127.697198,34.571307],[127.697198,34.571311]]]}},{"type":"Feature","properties":{"id":"bee0533ebc9a75bc2ffc1f6b86db3b493869c3a8","cls":"rope","cid":5,"cat":3,"area":22.3,"mask":false,"color":"#8B008B"},"geometry":{"type":"Polygon","coordinates":[[[127.697211,34.571339],[127.697233,34.571327],[127.697223,34.571315],[127.697209,34.571317],[127.697201,34.571322],[127.6972,34.57133],[127.697196,34.571338],[127.697211,34.571339]]]}},{"type":"Feature","properties":{"id":"4b2ee888d314c49a242040ad9865b7d15c155daf","cls":"styrofoam","cid":3,"cat":2,"area":7.5,"mask":false,"color":"#FFFFFF"},"geometry":{"type":"Polygon","coordinates":[[[127.697175,34.569734],[127.697183,34.569733],[127.697189,34.569725],[127.697189,34.56972],[127.697183,34.569715],[127.697175,34.569723],[127.697175,34.569734]]]}},{"type":"Feature","properties":{"id":"f407f9e9282f2ac676eea00f22d2ff3d5a6dfe54","cls":"styrofoam","cid":3,"cat":2,"area":9.3,"mask":false,"color":"#FFFFFF"},"geometry":{"type":"Polygon","coordinates":[[[127.697201,34.569721],[127.697206,34.569719],[127.697205,34.569714],[127.697199,34.569713],[127.6972,34.569703],[127.697197,34.5697],[127.69719,34.569701],[127.697187,34.569709],[127.697189,34.569716],[127.697201,34.569721]]]}},{"type":"Feature","properties":{"id":"a891ec5090c08d9fa6d181355c04f9344064444f","cls":"styrofoam","cid":3,"cat":2,"area":0.9,"mask":false,"color":"#FFFFFF"},"geometry":{"type":"Polygon","coordinates":[[[127.697198,34.569709],[127.697205,34.569708],[127.697205,34.569706],[127.697203,34.569705],[127.697199,34.569706],[127.697198,34.569709]]]}},{"type":"Feature","properties":{"id":"a6849e7b41cda7fb5eeee3292d96a284573ba63d","cls":"styrofoam","cid":3,"cat":2,"area":1.1,"mask":false,"color":"#FFFFFF"},"geometry":{"type":"Polygon","coordinates":[[[127.697205,34.569702],[127.697209,34.569701],[127.697209,34.5697],[127.697207,34.569697],[127.697202,34.569698],[127.697202,34.569699],[127.697205,34.569702]]]}},{"type":"Feature","properties":{"id":"b92739b6a9cd01c752fa25e9d6805206b53f30db","cls":"net","cid":4,"cat":3,"area":6.3,"mask":false,"color":"#228B22"},"geometry":{"type":"Polygon","coordinates":[[[127.697525,34.56923],[127.697527,34.569226],[127.697535,34.56922],[127.697533,34.569216],[127.697524,34.569222],[127.69751,34.569227],[127.697513,34.569232],[127.697525,34.56923]]]}},{"type":"Feature","properties":{"id":"e6b2721a386df31043d633a4a0d210fa6f83a7a7","cls":"rope","cid":5,"cat":3,"area":10.6,"mask":false,"color":"#8B008B"},"geometry":{"type":"Polygon","coordinates":[[[127.697525,34.569217],[127.69754,34.569218],[127.697548,34.569216],[127.697549,34.569215],[127.697548,34.569207],[127.697544,34.569204],[127.697536,34.569206],[127.697524,34.56921],[127.697525,34.569217]]]}},{"type":"Feature","properties":{"id":"c7d7392b6f578a2f4f67091b93883821f00a953a","cls":"rope","cid":5,"cat":3,"area":53.3,"mask":false,"color":"#8B008B"},"geometry":{"type":"Polygon","coordinates":[[[127.697434,34.569293],[127.697443,34.569277],[127.697446,34.569269],[127.697445,34.569263],[127.697439,34.569262],[127.697426,34.569261],[127.697419,34.569259],[127.69741,34.569252],[127.697402,34.569256],[127.6974,34.569266],[127.697402,34.569277],[127.697408,34.569286],[127.697419,34.569297],[127.697434,34.569293]]]}},{"type":"Feature","properties":{"id":"9eead85dfe96aa433ea839978a7423b1ac557266","cls":"styrofoam","cid":3,"cat":2,"area":18.4,"mask":false,"color":"#FFFFFF"},"geometry":{"type":"Polygon","coordinates":[[[127.697387,34.569326],[127.697391,34.569325],[127.697392,34.569323],[127.697392,34.569322],[127.697403,34.569321],[127.697405,34.569319],[127.697402,34.569315],[127.697396,34.569316],[127.697396,34.569309],[127.697395,34.569304],[127.697397,34.569299],[127.697392,34.569296],[127.697383,34.569296],[127.697382,34.569303],[127.697384,34.569307],[127.69738,34.569308],[127.697377,34.569313],[127.697387,34.569326]]]}},{"type":"Feature","properties":{"id":"436e8332702e70e6b00a103411848e5527ce9112","cls":"styrofoam","cid":3,"cat":2,"area":2.3,"mask":false,"color":"#FFFFFF"},"geometry":{"type":"Polygon","coordinates":[[[127.697388,34.569328],[127.697399,34.569328],[127.6974,34.569327],[127.6974,34.569323],[127.697393,34.569323],[127.697391,34.569325],[127.697387,34.569327],[127.697388,34.569328]]]}},{"type":"Feature","properties":{"id":"059a739a79b87855509835c233b7033e3338e248","cls":"styrofoam","cid":3,"cat":2,"area":1.8,"mask":false,"color":"#FFFFFF"},"geometry":{"type":"Polygon","coordinates":[[[127.697462,34.56935],[127.697466,34.569347],[127.697466,34.569344],[127.697462,34.569343],[127.697457,34.569347],[127.697458,34.56935],[127.697462,34.56935]]]}},{"type":"Feature","properties":{"id":"b7e1a203a4b8621059ef292d05dc01f7fe47d32a","cls":"styrofoam","cid":3,"cat":2,"area":2.1,"mask":false,"color":"#FFFFFF"},"geometry":{"type":"Polygon","coordinates":[[[127.697481,34.569357],[127.697487,34.569357],[127.697487,34.569354],[127.697483,34.569351],[127.697477,34.569353],[127.697476,34.569355],[127.697477,34.569358],[127.69748,34.569358],[127.697481,34.569357]]]}},{"type":"Feature","properties":{"id":"db6fe4959c807faef832c2ecbfa79b55846b2cad","cls":"styrofoam","cid":3,"cat":2,"area":1.9,"mask":false,"color":"#FFFFFF"},"geometry":{"type":"Polygon","coordinates":[[[127.697458,34.56936],[127.697463,34.569358],[127.697463,34.569354],[127.697457,34.569354],[127.697451,34.569357],[127.697452,34.569359],[127.697458,34.56936]]]}},{"type":"Feature","properties":{"id":"bb82da440a32362db690887b8582230ccda560f6","cls":"styrofoam","cid":3,"cat":2,"area":0.9,"mask":false,"color":"#FFFFFF"},"geometry":{"type":"Polygon","coordinates":[[[127.697413,34.569348],[127.697417,34.569347],[127.697416,34.569343],[127.697413,34.569343],[127.697411,34.569344],[127.69741,34.569346],[127.697413,34.569348]]]}},{"type":"Feature","properties":{"id":"fe1da2691d339b04078b1bd91955c4e6cf55ad18","cls":"net","cid":4,"cat":3,"area":62.9,"mask":false,"color":"#228B22"},"geometry":{"type":"Polygon","coordinates":[[[127.697576,34.569232],[127.697583,34.569233],[127.697589,34.569232],[127.697609,34.569217],[127.697618,34.569206],[127.697619,34.569195],[127.69762,34.569176],[127.697616,34.569177],[127.697605,34.569186],[127.697601,34.569202],[127.697591,34.569209],[127.697582,34.5692],[127.697568,34.569201],[127.697573,34.569214],[127.697563,34.569218],[127.697553,34.569226],[127.697571,34.569229],[127.697576,34.569232]]]}},{"type":"Feature","properties":{"id":"01e88c45bc6dfd9edd32126a28097f04c35bdfd4","cls":"styrofoam","cid":3,"cat":2,"area":3.4,"mask":false,"color":"#FFFFFF"},"geometry":{"type":"Polygon","coordinates":[[[127.697649,34.569102],[127.697654,34.5691],[127.697655,34.569095],[127.697653,34.569091],[127.697648,34.569091],[127.697645,34.569095],[127.697646,34.569101],[127.697649,34.569102]]]}},{"type":"Feature","properties":{"id":"18146fb895ccf0cd443d3d5d7129f73e07032117","cls":"other_debris","cid":7,"cat":4,"area":97.4,"mask":false,"color":"#696969"},"geometry":{"type":"Polygon","coordinates":[[[127.69773,34.569176],[127.697767,34.569185],[127.697773,34.569172],[127.697785,34.569151],[127.697793,34.569146],[127.697814,34.56914],[127.697749,34.569126],[127.69773,34.569176]]]}},{"type":"Feature","properties":{"id":"d591fd0d4007e435b363c920454141dd1d9ba3fa","cls":"net","cid":4,"cat":3,"area":26.1,"mask":false,"color":"#228B22"},"geometry":{"type":"Polygon","coordinates":[[[127.698062,34.568922],[127.698087,34.568904],[127.698091,34.5689],[127.698094,34.568896],[127.698087,34.568893],[127.698078,34.568891],[127.698071,34.568899],[127.698063,34.568902],[127.698056,34.568901],[127.698056,34.568907],[127.698045,34.568912],[127.698053,34.568918],[127.698062,34.568922]]]}},{"type":"Feature","properties":{"id":"b24559fc9e097f20894a55b658084cc8a76b0da7","cls":"styrofoam","cid":3,"cat":2,"area":3.1,"mask":false,"color":"#FFFFFF"},"geometry":{"type":"Polygon","coordinates":[[[127.698074,34.568901],[127.698076,34.56889],[127.69807,34.568889],[127.698067,34.5689],[127.698074,34.568901]]]}},{"type":"Feature","properties":{"id":"84aff5567f703937bcf63d4b734fb65270a7260c","cls":"styrofoam","cid":3,"cat":2,"area":0.6,"mask":false,"color":"#FFFFFF"},"geometry":{"type":"Polygon","coordinates":[[[127.698067,34.568888],[127.698069,34.568887],[127.698068,34.568885],[127.698062,34.568887],[127.698064,34.568889],[127.698067,34.568888]]]}},{"type":"Feature","properties":{"id":"6ecfe2780983a7c551218bb4e8cfa5fcaab34a9c","cls":"styrofoam","cid":3,"cat":2,"area":0.7,"mask":false,"color":"#FFFFFF"},"geometry":{"type":"Polygon","coordinates":[[[127.698069,34.568889],[127.698075,34.568888],[127.698075,34.568887],[127.698073,34.568886],[127.698068,34.568886],[127.698069,34.568889]]]}},{"type":"Feature","properties":{"id":"b503c3008c2414ff6dd1b7c6628a699d88d470b5","cls":"styrofoam","cid":3,"cat":2,"area":2.2,"mask":false,"color":"#FFFFFF"},"geometry":{"type":"Polygon","coordinates":[[[127.698076,34.568893],[127.698079,34.568893],[127.698079,34.568885],[127.698077,34.568884],[127.69807,34.568882],[127.698068,34.568884],[127.698073,34.568885],[127.698075,34.568888],[127.698076,34.568893]]]}},{"type":"Feature","properties":{"id":"64ef9b17bd1a23cbefb74fb7c5061c94194db400","cls":"styrofoam","cid":3,"cat":2,"area":1.0,"mask":false,"color":"#FFFFFF"},"geometry":{"type":"Polygon","coordinates":[[[127.699534,34.568424],[127.699538,34.568424],[127.699539,34.568419],[127.699535,34.568418],[127.699534,34.568419],[127.699534,34.568424]]]}},{"type":"Feature","properties":{"id":"91adbdb3b723055440901c43f63cd82df6a9dd2e","cls":"styrofoam","cid":3,"cat":2,"area":1.3,"mask":false,"color":"#FFFFFF"},"geometry":{"type":"Polygon","coordinates":[[[127.699623,34.568384],[127.699625,34.56838],[127.699621,34.568377],[127.699618,34.568378],[127.699618,34.568382],[127.699623,34.568384]]]}},{"type":"Feature","properties":{"id":"da06f60ce110a2540100cd5315b8dbd0a75f2149","cls":"styrofoam","cid":3,"cat":2,"area":45.0,"mask":false,"color":"#FFFFFF"},"geometry":{"type":"Polygon","coordinates":[[[127.712394,34.572461],[127.71241,34.572459],[127.712415,34.57246],[127.712419,34.572459],[127.712419,34.572456],[127.712414,34.572447],[127.712412,34.572446],[127.712411,34.572445],[127.712408,34.57244],[127.712404,34.572442],[127.712402,34.572444],[127.712394,34.572445],[127.712385,34.572435],[127.712379,34.572431],[127.712372,34.572437],[127.712375,34.57244],[127.71237,34.572447],[127.712372,34.572452],[127.712373,34.572455],[127.712361,34.572458],[127.712362,34.572462],[127.712368,34.572466],[127.712374,34.572464],[127.712383,34.572462],[127.712378,34.572464],[127.712381,34.572466],[127.712385,34.572468],[127.712393,34.572467],[127.712395,34.572463],[127.712394,34.572461]],[[127.712385,34.572461],[127.712394,34.57246],[127.712394,34.572461],[127.712385,34.572461]]]}},{"type":"Feature","properties":{"id":"b3b3f69e6d8334904870514355bd4e3065a57237","cls":"styrofoam","cid":3,"cat":2,"area":23.5,"mask":false,"color":"#FFFFFF"},"geometry":{"type":"Polygon","coordinates":[[[127.712421,34.572445],[127.712434,34.572441],[127.712434,34.572434],[127.71243,34.57243],[127.712428,34.572425],[127.712424,34.572431],[127.712421,34.572429],[127.712425,34.572422],[127.712415,34.57242],[127.712398,34.572428],[127.712396,34.572432],[127.712403,34.57244],[127.712412,34.57244],[127.712418,34.572437],[127.712418,34.572442],[127.712421,34.572445]]]}},{"type":"Feature","properties":{"id":"f48128a5e06162ef7aaa53ef90bd628d60a604d2","cls":"styrofoam","cid":3,"cat":2,"area":7.4,"mask":false,"color":"#FFFFFF"},"geometry":{"type":"Polygon","coordinates":[[[127.712406,34.572424],[127.712415,34.572428],[127.712412,34.572418],[127.712409,34.572414],[127.712401,34.572409],[127.712394,34.572416],[127.712406,34.572424]]]}},{"type":"Feature","properties":{"id":"dc7012b37434326a9f4e713f96fb4acb470f7d2c","cls":"styrofoam","cid":3,"cat":2,"area":14.3,"mask":false,"color":"#FFFFFF"},"geometry":{"type":"Polygon","coordinates":[[[127.712447,34.572424],[127.712456,34.572427],[127.712453,34.572419],[127.712454,34.572415],[127.712456,34.572407],[127.712451,34.572406],[127.712445,34.572407],[127.712444,34.572409],[127.712441,34.572414],[127.712432,34.572416],[127.712431,34.57242],[127.712437,34.572428],[127.712444,34.572429],[127.712447,34.572424]]]}},{"type":"Feature","properties":{"id":"213830ad33e0b09b895e1702d5a8c7e222bf44dc","cls":"styrofoam","cid":3,"cat":2,"area":12.0,"mask":false,"color":"#FFFFFF"},"geometry":{"type":"Polygon","coordinates":[[[127.711649,34.573201],[127.711652,34.573202],[127.711653,34.573199],[127.711653,34.573193],[127.711647,34.573185],[127.711644,34.573178],[127.711635,34.573166],[127.711631,34.573168],[127.711632,34.573173],[127.711636,34.573177],[127.711637,34.573185],[127.711641,34.573191],[127.711649,34.573201]]]}},{"type":"Feature","properties":{"id":"5a390dd15e2488588d393c67853590f271b8cbef","cls":"styrofoam","cid":3,"cat":2,"area":2.9,"mask":false,"color":"#FFFFFF"},"geometry":{"type":"Polygon","coordinates":[[[127.711485,34.573484],[127.711488,34.573482],[127.711486,34.573478],[127.711483,34.573476],[127.711474,34.573475],[127.711476,34.57348],[127.711485,34.573484]]]}},{"type":"Feature","properties":{"id":"b08ab005c5e99adf75a71bf19307c3c33b6f1416","cls":"styrofoam","cid":3,"cat":2,"area":1.1,"mask":false,"color":"#FFFFFF"},"geometry":{"type":"Polygon","coordinates":[[[127.711404,34.573433],[127.711408,34.573432],[127.711407,34.573426],[127.711403,34.573427],[127.711404,34.573433]]]}},{"type":"Feature","properties":{"id":"a0d336d8d84e80d4a760164bf27daa36acf30145","cls":"other_debris","cid":7,"cat":4,"area":1.1,"mask":false,"color":"#696969"},"geometry":{"type":"Polygon","coordinates":[[[127.71111,34.573483],[127.711114,34.57348],[127.71111,34.573476],[127.711107,34.573477],[127.711107,34.57348],[127.71111,34.573483]]]}},{"type":"Feature","properties":{"id":"63e3bd615d5dfb9621f3f7c703af4a8f859a3ea9","cls":"styrofoam","cid":3,"cat":2,"area":1.3,"mask":false,"color":"#FFFFFF"},"geometry":{"type":"Polygon","coordinates":[[[127.711052,34.573517],[127.711057,34.573513],[127.711057,34.573509],[127.711056,34.573507],[127.711054,34.573507],[127.711052,34.573512],[127.711052,34.573517]]]}},{"type":"Feature","properties":{"id":"83e6bf4a6c387f10f7b3ea025a7760ac224fd7d8","cls":"styrofoam","cid":3,"cat":2,"area":1.2,"mask":false,"color":"#FFFFFF"},"geometry":{"type":"Polygon","coordinates":[[[127.711015,34.573524],[127.711019,34.573522],[127.711009,34.573518],[127.711009,34.573521],[127.711015,34.573524]]]}}]}