{"type":"FeatureCollection","xy_coordinate_resolution":1e-06,"features":[{"type":"Feature","properties":{"count":1,"area":5.1,"conf_n":1,"mean_conf":0.5322,"top":"Styrofoam","top_share":1.0},"geometry":{"type":"Polygon","coordinates":[[[127.510386,34.632104],[127.510392,34.633006],[127.509301,34.63301],[127.509295,34.632109],[127.510386,34.632104]]]}},{"type":"Feature","properties":{"count":2,"area":13.4,"conf_n":2,"mean_conf":0.1213,"top":"Styrofoam","top_share":1.0},"geometry":{"type":"Polygon","coordinates":[[[127.510392,34.633006],[127.510397,34.633907],[127.509307,34.633911],[127.509301,34.63301],[127.510392,34.633006]]]}},{"type":"Feature","properties":{"count":1,"area":10.2,"conf_n":1,"mean_conf":0.064,"top":"Styrofoam","top_share":1.0},"geometry":{"type":"Polygon","coordinates":[[[127.510397,34.633907],[127.510403,34.634808],[127.509312,34.634813],[127.509307,34.633911],[127.510397,34.633907]]]}},{"type":"Feature","properties":{"count":1,"area":134.1,"conf_n":0,"top":"Styrofoam","top_share":1.0},"geometry":{"type":"Polygon","coordinates":[[[127.511488,34.633902],[127.511493,34.634804],[127.510403,34.634808],[127.510397,34.633907],[127.511488,34.633902]]]}},{"type":"Feature","properties":{"count":4,"area":91.0,"conf_n":3,"mean_conf":0.078,"top":"Styrofoam","top_share":1.0},"geometry":{"type":"Polygon","coordinates":[[[127.511493,34.634804],[127.511499,34.635705],[127.510408,34.63571],[127.510403,34.634808],[127.511493,34.634804]]]}},{"type":"Feature","properties":{"count":2,"area":14.0,"conf_n":2,"mean_conf":0.11,"top":"Styrofoam","top_share":1.0},"geometry":{"type":"Polygon","coordinates":[[[127.511499,34.635705],[127.511504,34.636607],[127.510414,34.636611],[127.510408,34.63571],[127.511499,34.635705]]]}},{"type":"Feature","properties":{"count":1,"area":2.6,"conf_n":1,"mean_conf":0.2035,"top":"Styrofoam","top_share":1.0},"geometry":{"type":"Polygon","coordinates":[[[127.512589,34.635701],[127.512595,34.636602],[127.511504,34.636607],[127.511499,34.635705],[127.512589,34.635701]]]}},{"type":"Feature","properties":{"count":2,"area":13.8,"conf_n":2,"mean_conf":0.0729,"top":"Styrofoam","top_share":1.0},"geometry":{"type":"Polygon","coordinates":[[[127.514709,34.625776],[127.514715,34.626677],[127.513624,34.626682],[127.513619,34.625781],[127.514709,34.625776]]]}},{"type":"Feature","properties":{"count":2,"area":26.0,"conf_n":2,"mean_conf":0.0787,"top":"Styrofoam","top_share":1.0},"geometry":{"type":"Polygon","coordinates":[[[127.514787,34.638396],[127.514793,34.639297],[127.513702,34.639302],[127.513697,34.6384],[127.514787,34.638396]]]}},{"type":"Feature","properties":{"count":1,"area":7.1,"conf_n":1,"mean_conf":0.051,"top":"Styrofoam","top_share":1.0},"geometry":{"type":"Polygon","coordinates":[[[127.515777,34.622166],[127.515783,34.623067],[127.514692,34.623072],[127.514687,34.62217],[127.515777,34.622166]]]}},{"type":"Feature","properties":{"count":1,"area":3.4,"conf_n":1,"mean_conf":0.0525,"top":"Styrofoam","top_share":1.0},"geometry":{"type":"Polygon","coordinates":[[[127.515878,34.638391],[127.515883,34.639292],[127.514793,34.639297],[127.514787,34.638396],[127.515878,34.638391]]]}},{"type":"Feature","properties":{"count":2,"area":15.3,"conf_n":0,"top":"Styrofoam","top_share":1.0},"geometry":{"type":"Polygon","coordinates":[[[127.516566,34.749262],[127.516572,34.750164],[127.51548,34.750168],[127.515474,34.749267],[127.516566,34.749262]]]}},{"type":"Feature","properties":{"count":1,"area":3.8,"conf_n":1,"mean_conf":0.3075,"top":"Styrofoam","top_share":1.0},"geometry":{"type":"Polygon","coordinates":[[[127.516974,34.639288],[127.51698,34.640189],[127.515889,34.640194],[127.515883,34.639292],[127.516974,34.639288]]]}},{"type":"Feature","properties":{"count":2,"area":8.2,"conf_n":2,"mean_conf":0.1425,"top":"Styrofoam","top_share":1.0},"geometry":{"type":"Polygon","coordinates":[[[127.518037,34.634776],[127.518042,34.635678],[127.516952,34.635682],[127.516946,34.634781],[127.518037,34.634776]]]}},{"type":"Feature","properties":{"count":1,"area":2.2,"conf_n":1,"mean_conf":0.1642,"top":"Styrofoam","top_share":1.0},"geometry":{"type":"Polygon","coordinates":[[[127.52232,34.622138],[127.522325,34.623039],[127.521235,34.623044],[127.521229,34.622143],[127.52232,34.622138]]]}},{"type":"Feature","properties":{"count":1,"area":83.3,"conf_n":0,"top":"Styrofoam","top_share":1.0},"geometry":{"type":"Polygon","coordinates":[[[127.522337,34.624842],[127.522342,34.625744],[127.521252,34.625748],[127.521246,34.624847],[127.522337,34.624842]]]}},{"type":"Feature","properties":{"count":1,"area":6.6,"conf_n":1,"mean_conf":0.0887,"top":"Styrofoam","top_share":1.0},"geometry":{"type":"Polygon","coordinates":[[[127.523404,34.621232],[127.52341,34.622133],[127.52232,34.622138],[127.522314,34.621237],[127.523404,34.621232]]]}},{"type":"Feature","properties":{"count":4,"area":17.9,"conf_n":4,"mean_conf":0.1304,"top":"Styrofoam","top_share":1.0},"geometry":{"type":"Polygon","coordinates":[[[127.523427,34.624837],[127.523433,34.625739],[127.522342,34.625744],[127.522337,34.624842],[127.523427,34.624837]]]}},{"type":"Feature","properties":{"count":2,"area":54.2,"conf_n":2,"mean_conf":0.1562,"top":"Styrofoam","top_share":1.0},"geometry":{"type":"Polygon","coordinates":[[[127.524421,34.609509],[127.524427,34.61041],[127.523337,34.610415],[127.523331,34.609514],[127.524421,34.609509]]]}},{"type":"Feature","properties":{"count":5,"area":39.0,"conf_n":5,"mean_conf":0.318,"top":"Styrofoam","top_share":1.0},"geometry":{"type":"Polygon","coordinates":[[[127.524427,34.61041],[127.524432,34.611312],[127.523342,34.611316],[127.523337,34.610415],[127.524427,34.61041]]]}},{"type":"Feature","properties":{"count":5,"area":26.3,"conf_n":5,"mean_conf":0.1501,"top":"Styrofoam","top_share":1.0},"geometry":{"type":"Polygon","coordinates":[[[127.525506,34.608603],[127.525511,34.609504],[127.524421,34.609509],[127.524415,34.608608],[127.525506,34.608603]]]}},{"type":"Feature","properties":{"count":4,"area":53.4,"conf_n":4,"mean_conf":0.134,"top":"Styrofoam","top_share":1.0},"geometry":{"type":"Polygon","coordinates":[[[127.525511,34.609504],[127.525517,34.610406],[127.524427,34.61041],[127.524421,34.609509],[127.525511,34.609504]]]}},{"type":"Feature","properties":{"count":15,"area":114.7,"conf_n":15,"mean_conf":0.1734,"top":"Styrofoam","top_share":1.0},"geometry":{"type":"Polygon","coordinates":[[[127.526567,34.604091],[127.526573,34.604992],[127.525483,34.604997],[127.525477,34.604096],[127.526567,34.604091]]]}},{"type":"Feature","properties":{"count":1,"area":3.8,"conf_n":1,"mean_conf":0.0642,"top":"Styrofoam","top_share":1.0},"geometry":{"type":"Polygon","coordinates":[[[127.526579,34.605894],[127.526585,34.606795],[127.525494,34.6068],[127.525489,34.605899],[127.526579,34.605894]]]}},{"type":"Feature","properties":{"count":4,"area":24.7,"conf_n":4,"mean_conf":0.2735,"top":"Styrofoam","top_share":1.0},"geometry":{"type":"Polygon","coordinates":[[[127.527652,34.603185],[127.527658,34.604086],[127.526567,34.604091],[127.526562,34.60319],[127.527652,34.603185]]]}},{"type":"Feature","properties":{"count":5,"area":33.0,"conf_n":5,"mean_conf":0.2558,"top":"Styrofoam","top_share":1.0},"geometry":{"type":"Polygon","coordinates":[[[127.527663,34.604988],[127.527669,34.605889],[127.526579,34.605894],[127.526573,34.604992],[127.527663,34.604988]]]}},{"type":"Feature","properties":{"count":6,"area":23.9,"conf_n":6,"mean_conf":0.2164,"top":"Styrofoam","top_share":1.0},"geometry":{"type":"Polygon","coordinates":[[[127.529815,34.600471],[127.529821,34.601373],[127.528731,34.601377],[127.528725,34.600476],[127.529815,34.600471]]]}},{"type":"Feature","properties":{"count":1,"area":4.8,"conf_n":1,"mean_conf":0.0575,"top":"Styrofoam","top_share":1.0},"geometry":{"type":"Polygon","coordinates":[[[127.529821,34.601373],[127.529826,34.602274],[127.528736,34.602279],[127.528731,34.601377],[127.529821,34.601373]]]}},{"type":"Feature","properties":{"count":3,"area":22.2,"conf_n":3,"mean_conf":0.1287,"top":"Styrofoam","top_share":1.0},"geometry":{"type":"Polygon","coordinates":[[[127.529838,34.604077],[127.529844,34.604978],[127.528753,34.604983],[127.528748,34.604082],[127.529838,34.604077]]]}},{"type":"Feature","properties":{"count":2,"area":36.8,"conf_n":2,"mean_conf":0.1793,"top":"Styrofoam","top_share":1.0},"geometry":{"type":"Polygon","coordinates":[[[127.529844,34.604978],[127.529849,34.60588],[127.528759,34.605884],[127.528753,34.604983],[127.529844,34.604978]]]}},{"type":"Feature","properties":{"count":3,"area":8.0,"conf_n":3,"mean_conf":0.0974,"top":"Styrofoam","top_share":1.0},"geometry":{"type":"Polygon","coordinates":[[[127.530911,34.601368],[127.530917,34.602269],[127.529826,34.602274],[127.529821,34.601373],[127.530911,34.601368]]]}},{"type":"Feature","properties":{"count":4,"area":9.3,"conf_n":4,"mean_conf":0.1642,"top":"Styrofoam","top_share":1.0},"geometry":{"type":"Polygon","coordinates":[[[127.532018,34.604067],[127.532024,34.604969],[127.530934,34.604974],[127.530928,34.604072],[127.532018,34.604067]]]}},{"type":"Feature","properties":{"count":1,"area":32.5,"conf_n":1,"mean_conf":0.0515,"top":"Styrofoam","top_share":1.0},"geometry":{"type":"Polygon","coordinates":[[[127.532081,34.613983],[127.532087,34.614884],[127.530997,34.614889],[127.530991,34.613988],[127.532081,34.613983]]]}},{"type":"Feature","properties":{"count":5,"area":89.4,"conf_n":5,"mean_conf":0.1608,"top":"Styrofoam","top_share":1.0},"geometry":{"type":"Polygon","coordinates":[[[127.532087,34.614884],[127.532093,34.615786],[127.531003,34.61579],[127.530997,34.614889],[127.532087,34.614884]]]}},{"type":"Feature","properties":{"count":2,"area":6.9,"conf_n":2,"mean_conf":0.2715,"top":"Styrofoam","top_share":1.0},"geometry":{"type":"Polygon","coordinates":[[[127.534164,34.59865],[127.53417,34.599551],[127.53308,34.599556],[127.533074,34.598654],[127.534164,34.59865]]]}},{"type":"Feature","properties":{"count":2,"area":14.5,"conf_n":2,"mean_conf":0.0628,"top":"Styrofoam","top_share":1.0},"geometry":{"type":"Polygon","coordinates":[[[127.534245,34.611269],[127.534251,34.612171],[127.53316,34.612175],[127.533154,34.611274],[127.534245,34.611269]]]}},{"type":"Feature","properties":{"count":2,"area":14.4,"conf_n":2,"mean_conf":0.0813,"top":"Styrofoam","top_share":1.0},"geometry":{"type":"Polygon","coordinates":[[[127.534355,34.628396],[127.53436,34.629297],[127.53327,34.629302],[127.533264,34.628401],[127.534355,34.628396]]]}},{"type":"Feature","properties":{"count":2,"area":27.6,"conf_n":2,"mean_conf":0.4011,"top":"Styrofoam","top_share":1.0},"geometry":{"type":"Polygon","coordinates":[[[127.53436,34.629297],[127.534366,34.630199],[127.533276,34.630203],[127.53327,34.629302],[127.53436,34.629297]]]}},{"type":"Feature","properties":{"count":1,"area":30.8,"conf_n":1,"mean_conf":0.236,"top":"Styrofoam","top_share":1.0},"geometry":{"type":"Polygon","coordinates":[[[127.535242,34.596842],[127.535248,34.597743],[127.534158,34.597748],[127.534152,34.596847],[127.535242,34.596842]]]}},{"type":"Feature","properties":{"count":1,"area":196.5,"conf_n":1,"mean_conf":0.2914,"top":"Styrofoam","top_share":1.0},"geometry":{"type":"Polygon","coordinates":[[[127.535283,34.603152],[127.535289,34.604053],[127.534199,34.604058],[127.534193,34.603157],[127.535283,34.603152]]]}},{"type":"Feature","properties":{"count":1,"area":2.0,"conf_n":1,"mean_conf":0.3105,"top":"Styrofoam","top_share":1.0},"geometry":{"type":"Polygon","coordinates":[[[127.535289,34.604053],[127.535295,34.604955],[127.534204,34.604959],[127.534199,34.604058],[127.535289,34.604053]]]}},{"type":"Feature","properties":{"count":1,"area":4.8,"conf_n":1,"mean_conf":0.1167,"top":"Styrofoam","top_share":1.0},"geometry":{"type":"Polygon","coordinates":[[[127.535295,34.604955],[127.5353,34.605856],[127.53421,34.605861],[127.534204,34.604959],[127.535295,34.604955]]]}},{"type":"Feature","properties":{"count":5,"area":37.8,"conf_n":5,"mean_conf":0.1649,"top":"Styrofoam","top_share":1.0},"geometry":{"type":"Polygon","coordinates":[[[127.535306,34.606757],[127.535312,34.607659],[127.534222,34.607664],[127.534216,34.606762],[127.535306,34.606757]]]}},{"type":"Feature","properties":{"count":3,"area":16.0,"conf_n":3,"mean_conf":0.0762,"top":"Styrofoam","top_share":1.0},"geometry":{"type":"Polygon","coordinates":[[[127.535329,34.610363],[127.535335,34.611264],[127.534245,34.611269],[127.534239,34.610368],[127.535329,34.610363]]]}},{"type":"Feature","properties":{"count":1,"area":3.1,"conf_n":1,"mean_conf":0.1487,"top":"Styrofoam","top_share":1.0},"geometry":{"type":"Polygon","coordinates":[[[127.535335,34.611264],[127.535341,34.612166],[127.534251,34.612171],[127.534245,34.611269],[127.535335,34.611264]]]}},{"type":"Feature","properties":{"count":2,"area":43.4,"conf_n":2,"mean_conf":0.3079,"top":"Styrofoam","top_share":1.0},"geometry":{"type":"Polygon","coordinates":[[[127.536402,34.607654],[127.536408,34.608555],[127.535318,34.60856],[127.535312,34.607659],[127.536402,34.607654]]]}},{"type":"Feature","properties":{"count":5,"area":83.5,"conf_n":5,"mean_conf":0.0956,"top":"Styrofoam","top_share":1.0},"geometry":{"type":"Polygon","coordinates":[[[127.536408,34.608555],[127.536414,34.609457],[127.535323,34.609462],[127.535318,34.60856],[127.536408,34.608555]]]}},{"type":"Feature","properties":{"count":1,"area":4.8,"conf_n":1,"mean_conf":0.0999,"top":"Styrofoam","top_share":1.0},"geometry":{"type":"Polygon","coordinates":[[[127.537498,34.608551],[127.537504,34.609452],[127.536414,34.609457],[127.536408,34.608555],[127.537498,34.608551]]]}},{"type":"Feature","properties":{"count":1,"area":37.8,"conf_n":1,"mean_conf":0.2835,"top":"Styrofoam","top_share":1.0},"geometry":{"type":"Polygon","coordinates":[[[127.537521,34.612156],[127.537527,34.613058],[127.536437,34.613062],[127.536431,34.612161],[127.537521,34.612156]]]}},{"type":"Feature","properties":{"count":1,"area":7.6,"conf_n":1,"mean_conf":0.3111,"top":"Styrofoam","top_share":1.0},"geometry":{"type":"Polygon","coordinates":[[[127.537632,34.629283],[127.537638,34.630184],[127.536547,34.630189],[127.536541,34.629288],[127.537632,34.629283]]]}},{"type":"Feature","properties":{"count":4,"area":22.8,"conf_n":4,"mean_conf":0.196,"top":"Styrofoam","top_share":1.0},"geometry":{"type":"Polygon","coordinates":[[[127.538507,34.595926],[127.538513,34.596828],[127.537423,34.596832],[127.537417,34.595931],[127.538507,34.595926]]]}},{"type":"Feature","properties":{"count":1,"area":2.1,"conf_n":1,"mean_conf":0.0583,"top":"Styrofoam","top_share":1.0},"geometry":{"type":"Polygon","coordinates":[[[127.538518,34.597729],[127.538524,34.59863],[127.537434,34.598635],[127.537428,34.597734],[127.538518,34.597729]]]}},{"type":"Feature","properties":{"count":1,"area":10.6,"conf_n":1,"mean_conf":0.0721,"top":"Styrofoam","top_share":1.0},"geometry":{"type":"Polygon","coordinates":[[[127.538588,34.608546],[127.538594,34.609447],[127.537504,34.609452],[127.537498,34.608551],[127.538588,34.608546]]]}},{"type":"Feature","properties":{"count":1,"area":4.8,"conf_n":1,"mean_conf":0.2306,"top":"Styrofoam","top_share":1.0},"geometry":{"type":"Polygon","coordinates":[[[127.538617,34.613053],[127.538623,34.613954],[127.537533,34.613959],[127.537527,34.613058],[127.538617,34.613053]]]}},{"type":"Feature","properties":{"count":2,"area":4.5,"conf_n":2,"mean_conf":0.4398,"top":"Styrofoam","top_share":1.0},"geometry":{"type":"Polygon","coordinates":[[[127.539597,34.595921],[127.539603,34.596823],[127.538513,34.596828],[127.538507,34.595926],[127.539597,34.595921]]]}},{"type":"Feature","properties":{"count":2,"area":9.6,"conf_n":2,"mean_conf":0.3678,"top":"Styrofoam","top_share":1.0},"geometry":{"type":"Polygon","coordinates":[[[127.539603,34.596823],[127.539609,34.597724],[127.538518,34.597729],[127.538513,34.596828],[127.539603,34.596823]]]}},{"type":"Feature","properties":{"count":1,"area":5.8,"conf_n":1,"mean_conf":0.0678,"top":"Styrofoam","top_share":1.0},"geometry":{"type":"Polygon","coordinates":[[[127.539644,34.603133],[127.539649,34.604034],[127.538559,34.604039],[127.538553,34.603137],[127.539644,34.603133]]]}},{"type":"Feature","properties":{"count":1,"area":12.7,"conf_n":1,"mean_conf":0.0608,"top":"Styrofoam","top_share":1.0},"geometry":{"type":"Polygon","coordinates":[[[127.539679,34.608541],[127.539684,34.609442],[127.538594,34.609447],[127.538588,34.608546],[127.539679,34.608541]]]}},{"type":"Feature","properties":{"count":1,"area":8.0,"conf_n":1,"mean_conf":0.3942,"top":"Styrofoam","top_share":1.0},"geometry":{"type":"Polygon","coordinates":[[[127.539702,34.612147],[127.539708,34.613048],[127.538617,34.613053],[127.538612,34.612151],[127.539702,34.612147]]]}},{"type":"Feature","properties":{"count":3,"area":35.2,"conf_n":3,"mean_conf":0.2261,"top":"Styrofoam","top_share":1.0},"geometry":{"type":"Polygon","coordinates":[[[127.540704,34.598621],[127.54071,34.599522],[127.53962,34.599527],[127.539614,34.598626],[127.540704,34.598621]]]}},{"type":"Feature","properties":{"count":1,"area":9.8,"conf_n":1,"mean_conf":0.1643,"top":"Styrofoam","top_share":1.0},"geometry":{"type":"Polygon","coordinates":[[[127.540728,34.602226],[127.540734,34.603128],[127.539644,34.603133],[127.539638,34.602231],[127.540728,34.602226]]]}},{"type":"Feature","properties":{"count":1,"area":8.0,"conf_n":1,"mean_conf":0.0731,"top":"Styrofoam","top_share":1.0},"geometry":{"type":"Polygon","coordinates":[[[127.540903,34.629268],[127.540909,34.63017],[127.539819,34.630175],[127.539813,34.629273],[127.540903,34.629268]]]}},{"type":"Feature","properties":{"count":10,"area":58.4,"conf_n":10,"mean_conf":0.2863,"top":"Styrofoam","top_share":1.0},"geometry":{"type":"Polygon","coordinates":[[[127.541806,34.600419],[127.541812,34.60132],[127.540722,34.601325],[127.540716,34.600424],[127.541806,34.600419]]]}},{"type":"Feature","properties":{"count":3,"area":24.9,"conf_n":3,"mean_conf":0.2304,"top":"Styrofoam","top_share":1.0},"geometry":{"type":"Polygon","coordinates":[[[127.541812,34.60132],[127.541818,34.602221],[127.540728,34.602226],[127.540722,34.601325],[127.541812,34.60132]]]}},{"type":"Feature","properties":{"count":1,"area":2.2,"conf_n":1,"mean_conf":0.0573,"top":"Styrofoam","top_share":1.0},"geometry":{"type":"Polygon","coordinates":[[[127.541877,34.611235],[127.541882,34.612137],[127.540792,34.612142],[127.540786,34.61124],[127.541877,34.611235]]]}},{"type":"Feature","properties":{"count":2,"area":4.4,"conf_n":2,"mean_conf":0.1367,"top":"Styrofoam","top_share":1.0},"geometry":{"type":"Polygon","coordinates":[[[127.541906,34.615742],[127.541912,34.616644],[127.540821,34.616649],[127.540815,34.615747],[127.541906,34.615742]]]}},{"type":"Feature","properties":{"count":3,"area":20.8,"conf_n":3,"mean_conf":0.1593,"top":"Styrofoam","top_share":1.0},"geometry":{"type":"Polygon","coordinates":[[[127.541994,34.629263],[127.542,34.630165],[127.540909,34.63017],[127.540903,34.629268],[127.541994,34.629263]]]}},{"type":"Feature","properties":{"count":3,"area":60.3,"conf_n":3,"mean_conf":0.1243,"top":"Styrofoam","top_share":1.0},"geometry":{"type":"Polygon","coordinates":[[[127.542,34.630165],[127.542005,34.631066],[127.540915,34.631071],[127.540909,34.63017],[127.542,34.630165]]]}},{"type":"Feature","properties":{"count":1,"area":4.1,"conf_n":1,"mean_conf":0.0828,"top":"Styrofoam","top_share":1.0},"geometry":{"type":"Polygon","coordinates":[[[127.542005,34.631066],[127.542011,34.631968],[127.540921,34.631973],[127.540915,34.631071],[127.542005,34.631066]]]}},{"type":"Feature","properties":{"count":1,"area":2.4,"conf_n":1,"mean_conf":0.0742,"top":"Styrofoam","top_share":1.0},"geometry":{"type":"Polygon","coordinates":[[[127.542011,34.631968],[127.542017,34.632869],[127.540927,34.632874],[127.540921,34.631973],[127.542011,34.631968]]]}},{"type":"Feature","properties":{"count":2,"area":6.6,"conf_n":2,"mean_conf":0.2202,"top":"Styrofoam","top_share":1.0},"geometry":{"type":"Polygon","coordinates":[[[127.542973,34.612132],[127.542979,34.613033],[127.541888,34.613038],[127.541882,34.612137],[127.542973,34.612132]]]}},{"type":"Feature","properties":{"count":1,"area":20.8,"conf_n":1,"mean_conf":0.127,"top":"Styrofoam","top_share":1.0},"geometry":{"type":"Polygon","coordinates":[[[127.544092,34.616634],[127.544098,34.617536],[127.543008,34.61754],[127.543002,34.616639],[127.544092,34.616634]]]}},{"type":"Feature","properties":{"count":3,"area":11.0,"conf_n":3,"mean_conf":0.1548,"top":"Styrofoam","top_share":1.0},"geometry":{"type":"Polygon","coordinates":[[[127.546279,34.617526],[127.546285,34.618427],[127.545194,34.618432],[127.545189,34.617531],[127.546279,34.617526]]]}},{"type":"Feature","properties":{"count":3,"area":35.4,"conf_n":3,"mean_conf":0.1199,"top":"Styrofoam","top_share":1.0},"geometry":{"type":"Polygon","coordinates":[[[127.547517,34.640056],[127.547523,34.640957],[127.546432,34.640962],[127.546427,34.640061],[127.547517,34.640056]]]}},{"type":"Feature","properties":{"count":5,"area":98.1,"conf_n":5,"mean_conf":0.1587,"top":"Styrofoam","top_share":1.0},"geometry":{"type":"Polygon","coordinates":[[[127.548602,34.63915],[127.548608,34.640051],[127.547517,34.640056],[127.547511,34.639154],[127.548602,34.63915]]]}},{"type":"Feature","properties":{"count":1,"area":47.5,"conf_n":1,"mean_conf":0.1783,"top":"Styrofoam","top_share":1.0},"geometry":{"type":"Polygon","coordinates":[[[127.548608,34.640051],[127.548614,34.640952],[127.547523,34.640957],[127.547517,34.640056],[127.548608,34.640051]]]}},{"type":"Feature","properties":{"count":7,"area":76.5,"conf_n":7,"mean_conf":0.1387,"top":"Styrofoam","top_share":1.0},"geometry":{"type":"Polygon","coordinates":[[[127.548614,34.640952],[127.54862,34.641854],[127.547529,34.641859],[127.547523,34.640957],[127.548614,34.640952]]]}},{"type":"Feature","properties":{"count":1,"area":3.2,"conf_n":1,"mean_conf":0.0935,"top":"Styrofoam","top_share":1.0},"geometry":{"type":"Polygon","coordinates":[[[127.54862,34.641854],[127.548626,34.642755],[127.547535,34.64276],[127.547529,34.641859],[127.54862,34.641854]]]}},{"type":"Feature","properties":{"count":1,"area":26.2,"conf_n":0,"top":"Styrofoam","top_share":1.0},"geometry":{"type":"Polygon","coordinates":[[[127.549681,34.637342],[127.549687,34.638243],[127.548596,34.638248],[127.54859,34.637347],[127.549681,34.637342]]]}},{"type":"Feature","properties":{"count":2,"area":44.6,"conf_n":2,"mean_conf":0.0544,"top":"Styrofoam","top_share":1.0},"geometry":{"type":"Polygon","coordinates":[[[127.549693,34.639145],[127.549698,34.640046],[127.548608,34.640051],[127.548602,34.63915],[127.549693,34.639145]]]}},{"type":"Feature","properties":{"count":1,"area":0.4,"conf_n":1,"mean_conf":0.0629,"top":"Styrofoam","top_share":1.0},"geometry":{"type":"Polygon","coordinates":[[[127.549698,34.640046],[127.549704,34.640947],[127.548614,34.640952],[127.548608,34.640051],[127.549698,34.640046]]]}},{"type":"Feature","properties":{"count":2,"area":136.9,"conf_n":2,"mean_conf":0.0661,"top":"Styrofoam","top_share":1.0},"geometry":{"type":"Polygon","coordinates":[[[127.54971,34.641849],[127.549716,34.64275],[127.548626,34.642755],[127.54862,34.641854],[127.54971,34.641849]]]}},{"type":"Feature","properties":{"count":2,"area":45.7,"conf_n":2,"mean_conf":0.1854,"top":"Styrofoam","top_share":1.0},"geometry":{"type":"Polygon","coordinates":[[[127.549812,34.657173],[127.549817,34.658074],[127.548727,34.658079],[127.548721,34.657177],[127.549812,34.657173]]]}},{"type":"Feature","properties":{"count":1,"area":25.7,"conf_n":1,"mean_conf":0.1228,"top":"Styrofoam","top_share":1.0},"geometry":{"type":"Polygon","coordinates":[[[127.549817,34.658074],[127.549823,34.658975],[127.548733,34.65898],[127.548727,34.658079],[127.549817,34.658074]]]}},{"type":"Feature","properties":{"count":2,"area":16.0,"conf_n":2,"mean_conf":0.2636,"top":"Styrofoam","top_share":1.0},"geometry":{"type":"Polygon","coordinates":[[[127.550485,34.59407],[127.550491,34.594971],[127.549401,34.594976],[127.549395,34.594075],[127.550485,34.59407]]]}},{"type":"Feature","properties":{"count":1,"area":2.1,"conf_n":1,"mean_conf":0.1337,"top":"Styrofoam","top_share":1.0},"geometry":{"type":"Polygon","coordinates":[[[127.550497,34.595873],[127.550503,34.596774],[127.549413,34.596779],[127.549407,34.595878],[127.550497,34.595873]]]}},{"type":"Feature","properties":{"count":2,"area":141.3,"conf_n":2,"mean_conf":0.1041,"top":"Styrofoam","top_share":1.0},"geometry":{"type":"Polygon","coordinates":[[[127.550914,34.65897],[127.55092,34.659872],[127.549829,34.659877],[127.549823,34.658975],[127.550914,34.65897]]]}},{"type":"Feature","properties":{"count":1,"area":11.4,"conf_n":1,"mean_conf":0.3433,"top":"Styrofoam","top_share":1.0},"geometry":{"type":"Polygon","coordinates":[[[127.551261,34.711251],[127.551267,34.712152],[127.550175,34.712157],[127.550169,34.711256],[127.551261,34.711251]]]}},{"type":"Feature","properties":{"count":2,"area":4.4,"conf_n":2,"mean_conf":0.2461,"top":"Styrofoam","top_share":1.0},"geometry":{"type":"Polygon","coordinates":[[[127.551593,34.596769],[127.551599,34.597671],[127.550509,34.597675],[127.550503,34.596774],[127.551593,34.596769]]]}},{"type":"Feature","properties":{"count":1,"area":4.1,"conf_n":1,"mean_conf":0.2048,"top":"Styrofoam","top_share":1.0},"geometry":{"type":"Polygon","coordinates":[[[127.551611,34.599473],[127.551617,34.600375],[127.550527,34.60038],[127.550521,34.599478],[127.551611,34.599473]]]}},{"type":"Feature","properties":{"count":1,"area":12.0,"conf_n":1,"mean_conf":0.1505,"top":"Styrofoam","top_share":1.0},"geometry":{"type":"Polygon","coordinates":[[[127.55188,34.640036],[127.551886,34.640938],[127.550795,34.640943],[127.550789,34.640041],[127.55188,34.640036]]]}},{"type":"Feature","properties":{"count":1,"area":8.6,"conf_n":1,"mean_conf":0.1193,"top":"Styrofoam","top_share":1.0},"geometry":{"type":"Polygon","coordinates":[[[127.551886,34.640938],[127.551892,34.641839],[127.550801,34.641844],[127.550795,34.640943],[127.551886,34.640938]]]}},{"type":"Feature","properties":{"count":1,"area":15.7,"conf_n":1,"mean_conf":0.0773,"top":"Styrofoam","top_share":1.0},"geometry":{"type":"Polygon","coordinates":[[[127.552005,34.658965],[127.552011,34.659867],[127.55092,34.659872],[127.550914,34.65897],[127.552005,34.658965]]]}},{"type":"Feature","properties":{"count":2,"area":7.9,"conf_n":2,"mean_conf":0.0645,"top":"Styrofoam","top_share":1.0},"geometry":{"type":"Polygon","coordinates":[[[127.552358,34.712147],[127.552364,34.713049],[127.551273,34.713054],[127.551267,34.712152],[127.552358,34.712147]]]}},{"type":"Feature","properties":{"count":5,"area":347.6,"conf_n":4,"mean_conf":0.1899,"top":"Styrofoam","top_share":1.0},"geometry":{"type":"Polygon","coordinates":[[[127.552376,34.714852],[127.552382,34.715753],[127.551291,34.715758],[127.551285,34.714856],[127.552376,34.714852]]]}},{"type":"Feature","properties":{"count":5,"area":416.6,"conf_n":4,"mean_conf":0.1179,"top":"Styrofoam","top_share":1.0},"geometry":{"type":"Polygon","coordinates":[[[127.552382,34.715753],[127.552388,34.716654],[127.551297,34.716659],[127.551291,34.715758],[127.552382,34.715753]]]}},{"type":"Feature","properties":{"count":1,"area":343.5,"conf_n":0,"top":"Styrofoam","top_share":1.0},"geometry":{"type":"Polygon","coordinates":[[[127.552388,34.716654],[127.552394,34.717556],[127.551303,34.717561],[127.551297,34.716659],[127.552388,34.716654]]]}},{"type":"Feature","properties":{"count":2,"area":60.0,"conf_n":0,"top":"Styrofoam","top_share":1.0},"geometry":{"type":"Polygon","coordinates":[[[127.553126,34.663467],[127.553132,34.664369],[127.552041,34.664374],[127.552035,34.663472],[127.553126,34.663467]]]}},{"type":"Feature","properties":{"count":1,"area":2.1,"conf_n":1,"mean_conf":0.0512,"top":"Styrofoam","top_share":1.0},"geometry":{"type":"Polygon","coordinates":[[[127.553246,34.681495],[127.553252,34.682397],[127.552161,34.682402],[127.552155,34.6815],[127.553246,34.681495]]]}},{"type":"Feature","properties":{"count":2,"area":157.8,"conf_n":1,"mean_conf":0.0703,"top":"Styrofoam","top_share":1.0},"geometry":{"type":"Polygon","coordinates":[[[127.553252,34.682397],[127.553258,34.683298],[127.552167,34.683303],[127.552161,34.682402],[127.553252,34.682397]]]}},{"type":"Feature","properties":{"count":2,"area":50.3,"conf_n":2,"mean_conf":0.3019,"top":"Styrofoam","top_share":1.0},"geometry":{"type":"Polygon","coordinates":[[[127.553318,34.692312],[127.553324,34.693213],[127.552232,34.693218],[127.552227,34.692317],[127.553318,34.692312]]]}},{"type":"Feature","properties":{"count":1,"area":2.4,"conf_n":1,"mean_conf":0.0886,"top":"Styrofoam","top_share":1.0},"geometry":{"type":"Polygon","coordinates":[[[127.554049,34.638224],[127.554055,34.639125],[127.552964,34.63913],[127.552958,34.638228],[127.554049,34.638224]]]}},{"type":"Feature","properties":{"count":2,"area":24.7,"conf_n":2,"mean_conf":0.1264,"top":"Styrofoam","top_share":1.0},"geometry":{"type":"Polygon","coordinates":[[[127.554055,34.639125],[127.554061,34.640026],[127.55297,34.640031],[127.552964,34.63913],[127.554055,34.639125]]]}},{"type":"Feature","properties":{"count":2,"area":84.9,"conf_n":2,"mean_conf":0.0688,"top":"Styrofoam","top_share":1.0},"geometry":{"type":"Polygon","coordinates":[[[127.554193,34.659857],[127.554199,34.660758],[127.553108,34.660763],[127.553102,34.659862],[127.554193,34.659857]]]}},{"type":"Feature","properties":{"count":3,"area":14.8,"conf_n":3,"mean_conf":0.144,"top":"Styrofoam","top_share":1.0},"geometry":{"type":"Polygon","coordinates":[[[127.554319,34.678786],[127.554325,34.679688],[127.553234,34.679693],[127.553228,34.678791],[127.554319,34.678786]]]}},{"type":"Feature","properties":{"count":1,"area":6.6,"conf_n":1,"mean_conf":0.4187,"top":"Styrofoam","top_share":1.0},"geometry":{"type":"Polygon","coordinates":[[[127.555278,34.658951],[127.555284,34.659852],[127.554193,34.659857],[127.554187,34.658956],[127.555278,34.658951]]]}},{"type":"Feature","properties":{"count":1,"area":4.2,"conf_n":1,"mean_conf":0.5045,"top":"Styrofoam","top_share":1.0},"geometry":{"type":"Polygon","coordinates":[[[127.555284,34.659852],[127.55529,34.660753],[127.554199,34.660758],[127.554193,34.659857],[127.555284,34.659852]]]}},{"type":"Feature","properties":{"count":2,"area":470.7,"conf_n":0,"top":"Styrofoam","top_share":1.0},"geometry":{"type":"Polygon","coordinates":[[[127.555326,34.666162],[127.555332,34.667063],[127.554241,34.667068],[127.554235,34.666167],[127.555326,34.666162]]]}},{"type":"Feature","properties":{"count":1,"area":418.8,"conf_n":0,"top":"Styrofoam","top_share":1.0},"geometry":{"type":"Polygon","coordinates":[[[127.555675,34.718442],[127.555681,34.719344],[127.55459,34.719349],[127.554584,34.718447],[127.555675,34.718442]]]}},{"type":"Feature","properties":{"count":1,"area":7.2,"conf_n":1,"mean_conf":0.0789,"top":"Styrofoam","top_share":1.0},"geometry":{"type":"Polygon","coordinates":[[[127.555918,34.591341],[127.555924,34.592242],[127.554834,34.592247],[127.554828,34.591346],[127.555918,34.591341]]]}},{"type":"Feature","properties":{"count":1,"area":8.4,"conf_n":1,"mean_conf":0.0666,"top":"Styrofoam","top_share":1.0},"geometry":{"type":"Polygon","coordinates":[[[127.555924,34.592242],[127.55593,34.593144],[127.55484,34.593149],[127.554834,34.592247],[127.555924,34.592242]]]}},{"type":"Feature","properties":{"count":1,"area":69.1,"conf_n":1,"mean_conf":0.152,"top":"Styrofoam","top_share":1.0},"geometry":{"type":"Polygon","coordinates":[[[127.556351,34.656241],[127.556357,34.657143],[127.555266,34.657148],[127.55526,34.656246],[127.556351,34.656241]]]}},{"type":"Feature","properties":{"count":1,"area":7.2,"conf_n":1,"mean_conf":0.5229,"top":"Styrofoam","top_share":1.0},"geometry":{"type":"Polygon","coordinates":[[[127.556706,34.709423],[127.556712,34.710325],[127.555621,34.71033],[127.555615,34.709428],[127.556706,34.709423]]]}},{"type":"Feature","properties":{"count":2,"area":7.7,"conf_n":2,"mean_conf":0.2481,"top":"Styrofoam","top_share":1.0},"geometry":{"type":"Polygon","coordinates":[[[127.557014,34.592237],[127.55702,34.593139],[127.55593,34.593144],[127.555924,34.592242],[127.557014,34.592237]]]}},{"type":"Feature","properties":{"count":1,"area":2.6,"conf_n":1,"mean_conf":0.1325,"top":"Styrofoam","top_share":1.0},"geometry":{"type":"Polygon","coordinates":[[[127.55717,34.615674],[127.557176,34.616575],[127.556086,34.61658],[127.55608,34.615679],[127.55717,34.615674]]]}},{"type":"Feature","properties":{"count":4,"area":24.8,"conf_n":4,"mean_conf":0.2072,"top":"Styrofoam","top_share":1.0},"geometry":{"type":"Polygon","coordinates":[[[127.55778,34.706714],[127.557786,34.707616],[127.556694,34.707621],[127.556688,34.706719],[127.55778,34.706714]]]}},{"type":"Feature","properties":{"count":1,"area":3.1,"conf_n":1,"mean_conf":0.2709,"top":"Styrofoam","top_share":1.0},"geometry":{"type":"Polygon","coordinates":[[[127.558086,34.589528],[127.558092,34.59043],[127.557002,34.590435],[127.556996,34.589533],[127.558086,34.589528]]]}},{"type":"Feature","properties":{"count":1,"area":114.5,"conf_n":1,"mean_conf":0.0501,"top":"Styrofoam","top_share":1.0},"geometry":{"type":"Polygon","coordinates":[[[127.558871,34.706709],[127.558877,34.707611],[127.557786,34.707616],[127.55778,34.706714],[127.558871,34.706709]]]}},{"type":"Feature","properties":{"count":1,"area":172.8,"conf_n":1,"mean_conf":0.0573,"top":"Styrofoam","top_share":1.0},"geometry":{"type":"Polygon","coordinates":[[[127.558877,34.707611],[127.558883,34.708512],[127.557792,34.708517],[127.557786,34.707616],[127.558877,34.707611]]]}},{"type":"Feature","properties":{"count":1,"area":3.4,"conf_n":1,"mean_conf":0.0589,"top":"Styrofoam","top_share":1.0},"geometry":{"type":"Polygon","coordinates":[[[127.559206,34.59403],[127.559212,34.594932],[127.558122,34.594937],[127.558116,34.594035],[127.559206,34.59403]]]}},{"type":"Feature","properties":{"count":1,"area":16.4,"conf_n":1,"mean_conf":0.0582,"top":"Styrofoam","top_share":1.0},"geometry":{"type":"Polygon","coordinates":[[[127.559726,34.67155],[127.559732,34.672452],[127.558641,34.672457],[127.558635,34.671555],[127.559726,34.67155]]]}},{"type":"Feature","properties":{"count":1,"area":8.3,"conf_n":1,"mean_conf":0.0525,"top":"Styrofoam","top_share":1.0},"geometry":{"type":"Polygon","coordinates":[[[127.559884,34.694986],[127.55989,34.695888],[127.558799,34.695893],[127.558793,34.694991],[127.559884,34.694986]]]}},{"type":"Feature","properties":{"count":1,"area":13.0,"conf_n":1,"mean_conf":0.0544,"top":"Styrofoam","top_share":1.0},"geometry":{"type":"Polygon","coordinates":[[[127.56006,34.721126],[127.560066,34.722028],[127.558974,34.722033],[127.558968,34.721131],[127.56006,34.721126]]]}},{"type":"Feature","properties":{"count":4,"area":580.2,"conf_n":3,"mean_conf":0.1468,"top":"Styrofoam","top_share":1.0},"geometry":{"type":"Polygon","coordinates":[[[127.561328,34.747261],[127.561335,34.748163],[127.560243,34.748168],[127.560236,34.747266],[127.561328,34.747261]]]}},{"type":"Feature","properties":{"count":1,"area":23.8,"conf_n":1,"mean_conf":0.0573,"top":"Styrofoam","top_share":1.0},"geometry":{"type":"Polygon","coordinates":[[[127.561908,34.67154],[127.561914,34.672441],[127.560823,34.672447],[127.560817,34.671545],[127.561908,34.67154]]]}},{"type":"Feature","properties":{"count":2,"area":201.8,"conf_n":1,"mean_conf":0.1697,"top":"Styrofoam","top_share":1.0},"geometry":{"type":"Polygon","coordinates":[[[127.562292,34.728327],[127.562298,34.729229],[127.561207,34.729234],[127.5612,34.728332],[127.562292,34.728327]]]}},{"type":"Feature","properties":{"count":11,"area":176.2,"conf_n":8,"mean_conf":0.16,"top":"Styrofoam","top_share":1.0},"geometry":{"type":"Polygon","coordinates":[[[127.562298,34.729229],[127.562304,34.73013],[127.561213,34.730135],[127.561207,34.729234],[127.562298,34.729229]]]}},{"type":"Feature","properties":{"count":2,"area":87.2,"conf_n":1,"mean_conf":0.1017,"top":"Styrofoam","top_share":1.0},"geometry":{"type":"Polygon","coordinates":[[[127.562304,34.73013],[127.562311,34.731031],[127.561219,34.731036],[127.561213,34.730135],[127.562304,34.73013]]]}},{"type":"Feature","properties":{"count":2,"area":5.2,"conf_n":2,"mean_conf":0.0821,"top":"Styrofoam","top_share":1.0},"geometry":{"type":"Polygon","coordinates":[[[127.562311,34.731031],[127.562317,34.731933],[127.561225,34.731938],[127.561219,34.731036],[127.562311,34.731031]]]}},{"type":"Feature","properties":{"count":1,"area":2.6,"conf_n":1,"mean_conf":0.1465,"top":"Styrofoam","top_share":1.0},"geometry":{"type":"Polygon","coordinates":[[[127.562335,34.734637],[127.562341,34.735538],[127.561249,34.735543],[127.561243,34.734642],[127.562335,34.734637]]]}},{"type":"Feature","properties":{"count":1,"area":4.8,"conf_n":1,"mean_conf":0.0918,"top":"Styrofoam","top_share":1.0},"geometry":{"type":"Polygon","coordinates":[[[127.563005,34.672436],[127.563011,34.673338],[127.56192,34.673343],[127.561914,34.672441],[127.563005,34.672436]]]}},{"type":"Feature","properties":{"count":1,"area":21.9,"conf_n":1,"mean_conf":0.0817,"top":"Styrofoam","top_share":1.0},"geometry":{"type":"Polygon","coordinates":[[[127.563231,34.705788],[127.563237,34.706689],[127.562146,34.706694],[127.56214,34.705793],[127.563231,34.705788]]]}},{"type":"Feature","properties":{"count":1,"area":2.3,"conf_n":1,"mean_conf":0.0581,"top":"Styrofoam","top_share":1.0},"geometry":{"type":"Polygon","coordinates":[[[127.563378,34.727421],[127.563384,34.728322],[127.562292,34.728327],[127.562286,34.727426],[127.563378,34.727421]]]}},{"type":"Feature","properties":{"count":1,"area":2.6,"conf_n":1,"mean_conf":0.1028,"top":"Styrofoam","top_share":1.0},"geometry":{"type":"Polygon","coordinates":[[[127.56339,34.729224],[127.563396,34.730125],[127.562304,34.73013],[127.562298,34.729229],[127.56339,34.729224]]]}},{"type":"Feature","properties":{"count":2,"area":12.5,"conf_n":0,"top":"Styrofoam","top_share":1.0},"geometry":{"type":"Polygon","coordinates":[[[127.563402,34.731026],[127.563409,34.731928],[127.562317,34.731933],[127.562311,34.731031],[127.563402,34.731026]]]}},{"type":"Feature","properties":{"count":1,"area":3.3,"conf_n":1,"mean_conf":0.1749,"top":"Styrofoam","top_share":1.0},"geometry":{"type":"Polygon","coordinates":[[[127.563421,34.733731],[127.563427,34.734632],[127.562335,34.734637],[127.562329,34.733736],[127.563421,34.733731]]]}},{"type":"Feature","properties":{"count":2,"area":871.6,"conf_n":1,"mean_conf":0.1784,"top":"Styrofoam","top_share":1.0},"geometry":{"type":"Polygon","coordinates":[[[127.563523,34.5877],[127.563529,34.588602],[127.562439,34.588607],[127.562433,34.587705],[127.563523,34.5877]]]}},{"type":"Feature","properties":{"count":3,"area":47.1,"conf_n":3,"mean_conf":0.0895,"top":"Styrofoam","top_share":1.0},"geometry":{"type":"Polygon","coordinates":[[[127.563895,34.642686],[127.563901,34.643587],[127.56281,34.643592],[127.562804,34.642691],[127.563895,34.642686]]]}},{"type":"Feature","properties":{"count":1,"area":52.6,"conf_n":1,"mean_conf":0.1243,"top":"Styrofoam","top_share":1.0},"geometry":{"type":"Polygon","coordinates":[[[127.563901,34.643587],[127.563907,34.644488],[127.562816,34.644493],[127.56281,34.643592],[127.563901,34.643587]]]}},{"type":"Feature","properties":{"count":2,"area":17.2,"conf_n":2,"mean_conf":0.0863,"top":"Styrofoam","top_share":1.0},"geometry":{"type":"Polygon","coordinates":[[[127.564115,34.675136],[127.564121,34.676037],[127.56303,34.676042],[127.563024,34.675141],[127.564115,34.675136]]]}},{"type":"Feature","properties":{"count":1,"area":17.6,"conf_n":1,"mean_conf":0.2213,"top":"Styrofoam","top_share":1.0},"geometry":{"type":"Polygon","coordinates":[[[127.564323,34.705783],[127.564329,34.706684],[127.563237,34.706689],[127.563231,34.705788],[127.564323,34.705783]]]}},{"type":"Feature","properties":{"count":1,"area":5.5,"conf_n":1,"mean_conf":0.0835,"top":"Styrofoam","top_share":1.0},"geometry":{"type":"Polygon","coordinates":[[[127.564445,34.72381],[127.564451,34.724712],[127.56336,34.724717],[127.563353,34.723815],[127.564445,34.72381]]]}},{"type":"Feature","properties":{"count":1,"area":130.9,"conf_n":0,"top":"Styrofoam","top_share":1.0},"geometry":{"type":"Polygon","coordinates":[[[127.564488,34.73012],[127.564494,34.731021],[127.563402,34.731026],[127.563396,34.730125],[127.564488,34.73012]]]}},{"type":"Feature","properties":{"count":1,"area":58.1,"conf_n":0,"top":"Styrofoam","top_share":1.0},"geometry":{"type":"Polygon","coordinates":[[[127.564556,34.740035],[127.564562,34.740937],[127.56347,34.740942],[127.563464,34.74004],[127.564556,34.740035]]]}},{"type":"Feature","properties":{"count":3,"area":23.0,"conf_n":3,"mean_conf":0.121,"top":"Styrofoam","top_share":1.0},"geometry":{"type":"Polygon","coordinates":[[[127.564613,34.587695],[127.564619,34.588597],[127.563529,34.588602],[127.563523,34.5877],[127.564613,34.587695]]]}},{"type":"Feature","properties":{"count":1,"area":4.1,"conf_n":1,"mean_conf":0.0634,"top":"Styrofoam","top_share":1.0},"geometry":{"type":"Polygon","coordinates":[[[127.564741,34.606625],[127.564747,34.607526],[127.563657,34.607531],[127.563651,34.60663],[127.564741,34.606625]]]}},{"type":"Feature","properties":{"count":3,"area":80.1,"conf_n":3,"mean_conf":0.2368,"top":"Styrofoam","top_share":1.0},"geometry":{"type":"Polygon","coordinates":[[[127.564747,34.607526],[127.564753,34.608427],[127.563663,34.608432],[127.563657,34.607531],[127.564747,34.607526]]]}},{"type":"Feature","properties":{"count":16,"area":374.6,"conf_n":7,"mean_conf":0.2522,"top":"Styrofoam","top_share":1.0},"geometry":{"type":"Polygon","coordinates":[[[127.565598,34.732819],[127.565604,34.73372],[127.564513,34.733725],[127.564506,34.732824],[127.565598,34.732819]]]}},{"type":"Feature","properties":{"count":7,"area":38.3,"conf_n":7,"mean_conf":0.2102,"top":"Styrofoam","top_share":1.0},"geometry":{"type":"Polygon","coordinates":[[[127.565825,34.605718],[127.565831,34.60662],[127.564741,34.606625],[127.564735,34.605723],[127.565825,34.605718]]]}},{"type":"Feature","properties":{"count":1,"area":4.4,"conf_n":1,"mean_conf":0.2229,"top":"Styrofoam","top_share":1.0},"geometry":{"type":"Polygon","coordinates":[[[127.566021,34.634563],[127.566027,34.635464],[127.564937,34.635469],[127.564931,34.634568],[127.566021,34.634563]]]}},{"type":"Feature","properties":{"count":2,"area":13.8,"conf_n":1,"mean_conf":0.1222,"top":"Styrofoam","top_share":1.0},"geometry":{"type":"Polygon","coordinates":[[[127.566696,34.733715],[127.566702,34.734617],[127.565611,34.734622],[127.565604,34.73372],[127.566696,34.733715]]]}},{"type":"Feature","properties":{"count":2,"area":98.2,"conf_n":2,"mean_conf":0.4369,"top":"Styrofoam","top_share":1.0},"geometry":{"type":"Polygon","coordinates":[[[127.566739,34.740025],[127.566746,34.740926],[127.565654,34.740931],[127.565647,34.74003],[127.566739,34.740025]]]}},{"type":"Feature","properties":{"count":1,"area":10.3,"conf_n":1,"mean_conf":0.0739,"top":"Styrofoam","top_share":1.0},"geometry":{"type":"Polygon","coordinates":[[[127.566746,34.740926],[127.566752,34.741828],[127.56566,34.741833],[127.565654,34.740931],[127.566746,34.740926]]]}},{"type":"Feature","properties":{"count":3,"area":19.4,"conf_n":3,"mean_conf":0.0885,"top":"Styrofoam","top_share":1.0},"geometry":{"type":"Polygon","coordinates":[[[127.568171,34.630046],[127.568178,34.630947],[127.567087,34.630952],[127.567081,34.630051],[127.568171,34.630046]]]}},{"type":"Feature","properties":{"count":4,"area":29.9,"conf_n":4,"mean_conf":0.1074,"top":"Styrofoam","top_share":1.0},"geometry":{"type":"Polygon","coordinates":[[[127.568837,34.727396],[127.568843,34.728297],[127.567751,34.728302],[127.567745,34.727401],[127.568837,34.727396]]]}},{"type":"Feature","properties":{"count":3,"area":104.4,"conf_n":3,"mean_conf":0.1902,"top":"Styrofoam","top_share":1.0},"geometry":{"type":"Polygon","coordinates":[[[127.56901,34.593083],[127.569016,34.593985],[127.567926,34.59399],[127.56792,34.593088],[127.56901,34.593083]]]}},{"type":"Feature","properties":{"count":1,"area":46.5,"conf_n":0,"top":"Styrofoam","top_share":1.0},"geometry":{"type":"Polygon","coordinates":[[[127.569237,34.626435],[127.569243,34.627336],[127.568153,34.627342],[127.568147,34.62644],[127.569237,34.626435]]]}},{"type":"Feature","properties":{"count":1,"area":9.2,"conf_n":1,"mean_conf":0.0516,"top":"Styrofoam","top_share":1.0},"geometry":{"type":"Polygon","coordinates":[[[127.569274,34.631843],[127.56928,34.632745],[127.56819,34.63275],[127.568184,34.631849],[127.569274,34.631843]]]}},{"type":"Feature","properties":{"count":2,"area":110.1,"conf_n":2,"mean_conf":0.3,"top":"Styrofoam","top_share":1.0},"geometry":{"type":"Polygon","coordinates":[[[127.56933,34.639956],[127.569336,34.640857],[127.568245,34.640862],[127.568239,34.639961],[127.56933,34.639956]]]}},{"type":"Feature","properties":{"count":2,"area":55.1,"conf_n":2,"mean_conf":0.1165,"top":"Styrofoam","top_share":1.0},"geometry":{"type":"Polygon","coordinates":[[[127.569935,34.728292],[127.569941,34.729193],[127.568849,34.729198],[127.568843,34.728297],[127.569935,34.728292]]]}},{"type":"Feature","properties":{"count":1,"area":14.6,"conf_n":1,"mean_conf":0.346,"top":"Styrofoam","top_share":1.0},"geometry":{"type":"Polygon","coordinates":[[[127.57042,34.639951],[127.570427,34.640852],[127.569336,34.640857],[127.56933,34.639956],[127.57042,34.639951]]]}},{"type":"Feature","properties":{"count":4,"area":101.4,"conf_n":4,"mean_conf":0.3524,"top":"Styrofoam","top_share":1.0},"geometry":{"type":"Polygon","coordinates":[[[127.570427,34.640852],[127.570433,34.641754],[127.569342,34.641759],[127.569336,34.640857],[127.570427,34.640852]]]}},{"type":"Feature","properties":{"count":3,"area":10.9,"conf_n":3,"mean_conf":0.0962,"top":"Styrofoam","top_share":1.0},"geometry":{"type":"Polygon","coordinates":[[[127.571033,34.729188],[127.571039,34.730089],[127.569947,34.730095],[127.569941,34.729193],[127.571033,34.729188]]]}},{"type":"Feature","properties":{"count":1,"area":55.5,"conf_n":1,"mean_conf":0.0857,"top":"Styrofoam","top_share":1.0},"geometry":{"type":"Polygon","coordinates":[[[127.572608,34.640842],[127.572614,34.641743],[127.571523,34.641749],[127.571517,34.640847],[127.572608,34.640842]]]}},{"type":"Feature","properties":{"count":1,"area":8.7,"conf_n":1,"mean_conf":0.7185,"top":"Styrofoam","top_share":1.0},"geometry":{"type":"Polygon","coordinates":[[[127.572614,34.641743],[127.57262,34.642645],[127.57153,34.64265],[127.571523,34.641749],[127.572614,34.641743]]]}},{"type":"Feature","properties":{"count":5,"area":85.3,"conf_n":5,"mean_conf":0.1335,"top":"Styrofoam","top_share":1.0},"geometry":{"type":"Polygon","coordinates":[[[127.575836,34.634517],[127.575842,34.635418],[127.574752,34.635423],[127.574746,34.634522],[127.575836,34.634517]]]}},{"type":"Feature","properties":{"count":1,"area":4.2,"conf_n":1,"mean_conf":0.1325,"top":"Styrofoam","top_share":1.0},"geometry":{"type":"Polygon","coordinates":[[[127.575911,34.645334],[127.575917,34.646235],[127.574826,34.64624],[127.57482,34.645339],[127.575911,34.645334]]]}},{"type":"Feature","properties":{"count":1,"area":2.1,"conf_n":1,"mean_conf":0.1269,"top":"Styrofoam","top_share":1.0},"geometry":{"type":"Polygon","coordinates":[[[127.577602,34.731861],[127.577609,34.732763],[127.576517,34.732768],[127.57651,34.731866],[127.577602,34.731861]]]}},{"type":"Feature","properties":{"count":1,"area":32.7,"conf_n":1,"mean_conf":0.062,"top":"Styrofoam","top_share":1.0},"geometry":{"type":"Polygon","coordinates":[[[127.5787,34.732758],[127.578707,34.733659],[127.577615,34.733664],[127.577609,34.732763],[127.5787,34.732758]]]}},{"type":"Feature","properties":{"count":1,"area":6.5,"conf_n":1,"mean_conf":0.338,"top":"Styrofoam","top_share":1.0},"geometry":{"type":"Polygon","coordinates":[[[127.578726,34.736363],[127.578732,34.737264],[127.57764,34.73727],[127.577634,34.736368],[127.578726,34.736363]]]}},{"type":"Feature","properties":{"count":5,"area":65.1,"conf_n":5,"mean_conf":0.2383,"top":"Styrofoam","top_share":1.0},"geometry":{"type":"Polygon","coordinates":[[[127.580173,34.630891],[127.580179,34.631792],[127.579089,34.631797],[127.579083,34.630896],[127.580173,34.630891]]]}},{"type":"Feature","properties":{"count":1,"area":5.8,"conf_n":1,"mean_conf":0.0677,"top":"Styrofoam","top_share":1.0},"geometry":{"type":"Polygon","coordinates":[[[127.580198,34.634496],[127.580205,34.635398],[127.579114,34.635403],[127.579108,34.634501],[127.580198,34.634496]]]}},{"type":"Feature","properties":{"count":1,"area":25.2,"conf_n":1,"mean_conf":0.0836,"top":"Styrofoam","top_share":1.0},"geometry":{"type":"Polygon","coordinates":[[[127.580211,34.636299],[127.580217,34.6372],[127.579127,34.637206],[127.57912,34.636304],[127.580211,34.636299]]]}},{"type":"Feature","properties":{"count":1,"area":5.6,"conf_n":1,"mean_conf":0.0727,"top":"Styrofoam","top_share":1.0},"geometry":{"type":"Polygon","coordinates":[[[127.581257,34.629984],[127.581264,34.630885],[127.580173,34.630891],[127.580167,34.629989],[127.581257,34.629984]]]}},{"type":"Feature","properties":{"count":1,"area":11.5,"conf_n":1,"mean_conf":0.0567,"top":"Styrofoam","top_share":1.0},"geometry":{"type":"Polygon","coordinates":[[[127.58202,34.739052],[127.582026,34.739953],[127.580935,34.739958],[127.580928,34.739057],[127.58202,34.739052]]]}},{"type":"Feature","properties":{"count":1,"area":41.8,"conf_n":1,"mean_conf":0.1132,"top":"Styrofoam","top_share":1.0},"geometry":{"type":"Polygon","coordinates":[[[127.58236,34.631782],[127.582367,34.632683],[127.581276,34.632688],[127.58127,34.631787],[127.58236,34.631782]]]}},{"type":"Feature","properties":{"count":4,"area":30.5,"conf_n":4,"mean_conf":0.2604,"top":"Styrofoam","top_share":1.0},"geometry":{"type":"Polygon","coordinates":[[[127.582777,34.691273],[127.582783,34.692175],[127.581692,34.69218],[127.581686,34.691278],[127.582777,34.691273]]]}},{"type":"Feature","properties":{"count":1,"area":17.8,"conf_n":1,"mean_conf":0.085,"top":"Styrofoam","top_share":1.0},"geometry":{"type":"Polygon","coordinates":[[[127.583112,34.739046],[127.583118,34.739948],[127.582026,34.739953],[127.58202,34.739052],[127.583112,34.739046]]]}},{"type":"Feature","properties":{"count":1,"area":21.9,"conf_n":1,"mean_conf":0.081,"top":"Styrofoam","top_share":1.0},"geometry":{"type":"Polygon","coordinates":[[[127.58315,34.744455],[127.583156,34.745356],[127.582064,34.745361],[127.582058,34.74446],[127.58315,34.744455]]]}},{"type":"Feature","properties":{"count":3,"area":13.8,"conf_n":3,"mean_conf":0.0664,"top":"Styrofoam","top_share":1.0},"geometry":{"type":"Polygon","coordinates":[[[127.583156,34.745356],[127.583163,34.746257],[127.582071,34.746263],[127.582064,34.745361],[127.583156,34.745356]]]}},{"type":"Feature","properties":{"count":2,"area":5.2,"conf_n":2,"mean_conf":0.273,"top":"Styrofoam","top_share":1.0},"geometry":{"type":"Polygon","coordinates":[[[127.584198,34.73814],[127.584204,34.739041],[127.583112,34.739046],[127.583106,34.738145],[127.584198,34.73814]]]}},{"type":"Feature","properties":{"count":1,"area":5.9,"conf_n":1,"mean_conf":0.0517,"top":"Styrofoam","top_share":1.0},"geometry":{"type":"Polygon","coordinates":[[[127.584204,34.739041],[127.58421,34.739942],[127.583118,34.739948],[127.583112,34.739046],[127.584204,34.739041]]]}},{"type":"Feature","properties":{"count":1,"area":6.5,"conf_n":1,"mean_conf":0.0602,"top":"Styrofoam","top_share":1.0},"geometry":{"type":"Polygon","coordinates":[[[127.584217,34.740844],[127.584223,34.741745],[127.583131,34.74175],[127.583125,34.740849],[127.584217,34.740844]]]}},{"type":"Feature","properties":{"count":1,"area":10.2,"conf_n":1,"mean_conf":0.1451,"top":"Styrofoam","top_share":1.0},"geometry":{"type":"Polygon","coordinates":[[[127.584229,34.742647],[127.584236,34.743548],[127.583144,34.743553],[127.583137,34.742652],[127.584229,34.742647]]]}},{"type":"Feature","properties":{"count":1,"area":0.8,"conf_n":1,"mean_conf":0.0961,"top":"Styrofoam","top_share":1.0},"geometry":{"type":"Polygon","coordinates":[[[127.584236,34.743548],[127.584242,34.744449],[127.58315,34.744455],[127.583144,34.743553],[127.584236,34.743548]]]}},{"type":"Feature","properties":{"count":5,"area":40.4,"conf_n":5,"mean_conf":0.147,"top":"Styrofoam","top_share":1.0},"geometry":{"type":"Polygon","coordinates":[[[127.585302,34.739937],[127.585309,34.740839],[127.584217,34.740844],[127.58421,34.739942],[127.585302,34.739937]]]}},{"type":"Feature","properties":{"count":1,"area":3.1,"conf_n":1,"mean_conf":0.1354,"top":"Styrofoam","top_share":1.0},"geometry":{"type":"Polygon","coordinates":[[[127.585309,34.740839],[127.585315,34.74174],[127.584223,34.741745],[127.584217,34.740844],[127.585309,34.740839]]]}},{"type":"Feature","properties":{"count":1,"area":4.5,"conf_n":1,"mean_conf":0.0593,"top":"Styrofoam","top_share":1.0},"geometry":{"type":"Polygon","coordinates":[[[127.585315,34.74174],[127.585321,34.742641],[127.584229,34.742647],[127.584223,34.741745],[127.585315,34.74174]]]}},{"type":"Feature","properties":{"count":4,"area":113.8,"conf_n":4,"mean_conf":0.0935,"top":"Styrofoam","top_share":1.0},"geometry":{"type":"Polygon","coordinates":[[[127.585321,34.742641],[127.585328,34.743543],[127.584236,34.743548],[127.584229,34.742647],[127.585321,34.742641]]]}},{"type":"Feature","properties":{"count":2,"area":11.2,"conf_n":2,"mean_conf":0.2844,"top":"Styrofoam","top_share":1.0},"geometry":{"type":"Polygon","coordinates":[[[127.585328,34.743543],[127.585334,34.744444],[127.584242,34.744449],[127.584236,34.743548],[127.585328,34.743543]]]}},{"type":"Feature","properties":{"count":1,"area":146.3,"conf_n":0,"top":"Styrofoam","top_share":1.0},"geometry":{"type":"Polygon","coordinates":[[[127.585499,34.612837],[127.585505,34.613738],[127.584415,34.613743],[127.584409,34.612842],[127.585499,34.612837]]]}},{"type":"Feature","properties":{"count":4,"area":22.3,"conf_n":4,"mean_conf":0.1971,"top":"Styrofoam","top_share":1.0},"geometry":{"type":"Polygon","coordinates":[[[127.586394,34.739932],[127.586401,34.740833],[127.585309,34.740839],[127.585302,34.739937],[127.586394,34.739932]]]}},{"type":"Feature","properties":{"count":1,"area":24.7,"conf_n":1,"mean_conf":0.302,"top":"Styrofoam","top_share":1.0},"geometry":{"type":"Polygon","coordinates":[[[127.586426,34.744439],[127.586432,34.74534],[127.58534,34.745345],[127.585334,34.744444],[127.586426,34.744439]]]}},{"type":"Feature","properties":{"count":7,"area":622.2,"conf_n":7,"mean_conf":0.1126,"top":"Styrofoam","top_share":1.0},"geometry":{"type":"Polygon","coordinates":[[[127.586432,34.74534],[127.586439,34.746242],[127.585347,34.746247],[127.58534,34.745345],[127.586432,34.74534]]]}},{"type":"Feature","properties":{"count":3,"area":99.4,"conf_n":3,"mean_conf":0.2873,"top":"Styrofoam","top_share":1.0},"geometry":{"type":"Polygon","coordinates":[[[127.586458,34.748946],[127.586464,34.749847],[127.585372,34.749852],[127.585366,34.748951],[127.586458,34.748946]]]}},{"type":"Feature","properties":{"count":2,"area":4.6,"conf_n":2,"mean_conf":0.0586,"top":"Styrofoam","top_share":1.0},"geometry":{"type":"Polygon","coordinates":[[[127.587524,34.745335],[127.587531,34.746236],[127.586439,34.746242],[127.586432,34.74534],[127.587524,34.745335]]]}},{"type":"Feature","properties":{"count":2,"area":27.7,"conf_n":2,"mean_conf":0.0698,"top":"Styrofoam","top_share":1.0},"geometry":{"type":"Polygon","coordinates":[[[127.58755,34.74894],[127.587556,34.749842],[127.586464,34.749847],[127.586458,34.748946],[127.58755,34.74894]]]}},{"type":"Feature","properties":{"count":1,"area":15.0,"conf_n":1,"mean_conf":0.1149,"top":"Styrofoam","top_share":1.0},"geometry":{"type":"Polygon","coordinates":[[[127.587556,34.749842],[127.587563,34.750743],[127.586471,34.750748],[127.586464,34.749847],[127.587556,34.749842]]]}},{"type":"Feature","properties":{"count":1,"area":10.5,"conf_n":1,"mean_conf":0.1994,"top":"Styrofoam","top_share":1.0},"geometry":{"type":"Polygon","coordinates":[[[127.588604,34.743527],[127.58861,34.744428],[127.587518,34.744434],[127.587512,34.743532],[127.588604,34.743527]]]}},{"type":"Feature","properties":{"count":3,"area":172.9,"conf_n":3,"mean_conf":0.0595,"top":"Styrofoam","top_share":1.0},"geometry":{"type":"Polygon","coordinates":[[[127.588648,34.749837],[127.588655,34.750738],[127.587563,34.750743],[127.587556,34.749842],[127.588648,34.749837]]]}},{"type":"Feature","properties":{"count":2,"area":8.8,"conf_n":2,"mean_conf":0.0858,"top":"Styrofoam","top_share":1.0},"geometry":{"type":"Polygon","coordinates":[[[127.589696,34.743522],[127.589702,34.744423],[127.58861,34.744428],[127.588604,34.743527],[127.589696,34.743522]]]}},{"type":"Feature","properties":{"count":2,"area":29.0,"conf_n":2,"mean_conf":0.1939,"top":"Styrofoam","top_share":1.0},"geometry":{"type":"Polygon","coordinates":[[[127.589702,34.744423],[127.589708,34.745324],[127.588616,34.74533],[127.58861,34.744428],[127.589702,34.744423]]]}},{"type":"Feature","properties":{"count":2,"area":46.3,"conf_n":2,"mean_conf":0.2196,"top":"Styrofoam","top_share":1.0},"geometry":{"type":"Polygon","coordinates":[[[127.591886,34.744412],[127.591892,34.745314],[127.5908,34.745319],[127.590794,34.744418],[127.591886,34.744412]]]}},{"type":"Feature","properties":{"count":2,"area":95.5,"conf_n":2,"mean_conf":0.1144,"top":"Styrofoam","top_share":1.0},"geometry":{"type":"Polygon","coordinates":[[[127.59301,34.748914],[127.593017,34.749815],[127.591925,34.749821],[127.591918,34.748919],[127.59301,34.748914]]]}},{"type":"Feature","properties":{"count":1,"area":32.4,"conf_n":1,"mean_conf":0.074,"top":"Styrofoam","top_share":1.0},"geometry":{"type":"Polygon","coordinates":[[[127.593017,34.749815],[127.593023,34.750717],[127.591931,34.750722],[127.591925,34.749821],[127.593017,34.749815]]]}},{"type":"Feature","properties":{"count":1,"area":1.3,"conf_n":1,"mean_conf":0.0667,"top":"Styrofoam","top_share":1.0},"geometry":{"type":"Polygon","coordinates":[[[127.594064,34.7435],[127.59407,34.744402],[127.592978,34.744407],[127.592972,34.743506],[127.594064,34.7435]]]}},{"type":"Feature","properties":{"count":2,"area":14.5,"conf_n":2,"mean_conf":0.0539,"top":"Styrofoam","top_share":1.0},"geometry":{"type":"Polygon","coordinates":[[[127.59407,34.744402],[127.594076,34.745303],[127.592984,34.745308],[127.592978,34.744407],[127.59407,34.744402]]]}},{"type":"Feature","properties":{"count":1,"area":67.7,"conf_n":1,"mean_conf":0.0569,"top":"Styrofoam","top_share":1.0},"geometry":{"type":"Polygon","coordinates":[[[127.594083,34.746205],[127.594089,34.747106],[127.592997,34.747111],[127.592991,34.74621],[127.594083,34.746205]]]}},{"type":"Feature","properties":{"count":2,"area":6.7,"conf_n":2,"mean_conf":0.0629,"top":"Styrofoam","top_share":1.0},"geometry":{"type":"Polygon","coordinates":[[[127.596299,34.598362],[127.596305,34.599263],[127.595215,34.599268],[127.595208,34.598367],[127.596299,34.598362]]]}},{"type":"Feature","properties":{"count":1,"area":1.3,"conf_n":1,"mean_conf":0.1093,"top":"Styrofoam","top_share":1.0},"geometry":{"type":"Polygon","coordinates":[[[127.597389,34.598356],[127.597395,34.599258],[127.596305,34.599263],[127.596299,34.598362],[127.597389,34.598356]]]}},{"type":"Feature","properties":{"count":4,"area":14.4,"conf_n":4,"mean_conf":0.1703,"top":"Styrofoam","top_share":1.0},"geometry":{"type":"Polygon","coordinates":[[[127.597395,34.599258],[127.597402,34.600159],[127.596311,34.600164],[127.596305,34.599263],[127.597395,34.599258]]]}},{"type":"Feature","properties":{"count":3,"area":98.8,"conf_n":3,"mean_conf":0.1241,"top":"Styrofoam","top_share":1.0},"geometry":{"type":"Polygon","coordinates":[[[127.605032,34.600122],[127.605039,34.601023],[127.603949,34.601028],[127.603942,34.600127],[127.605032,34.600122]]]}},{"type":"Feature","properties":{"count":2,"area":6.5,"conf_n":2,"mean_conf":0.1357,"top":"Styrofoam","top_share":1.0},"geometry":{"type":"Polygon","coordinates":[[[127.605065,34.604629],[127.605071,34.60553],[127.603981,34.605535],[127.603975,34.604634],[127.605065,34.604629]]]}},{"type":"Feature","properties":{"count":3,"area":7.4,"conf_n":3,"mean_conf":0.1564,"top":"Styrofoam","top_share":1.0},"geometry":{"type":"Polygon","coordinates":[[[127.607239,34.603716],[127.607245,34.604618],[127.606155,34.604623],[127.606148,34.603722],[127.607239,34.603716]]]}},{"type":"Feature","properties":{"count":2,"area":96.8,"conf_n":2,"mean_conf":0.075,"top":"Styrofoam","top_share":1.0},"geometry":{"type":"Polygon","coordinates":[[[127.607528,34.643377],[127.607534,34.644279],[127.606444,34.644284],[127.606437,34.643383],[127.607528,34.643377]]]}},{"type":"Feature","properties":{"count":2,"area":97.9,"conf_n":2,"mean_conf":0.2295,"top":"Styrofoam","top_share":1.0},"geometry":{"type":"Polygon","coordinates":[[[127.609722,34.645169],[127.609729,34.646071],[127.608638,34.646076],[127.608631,34.645175],[127.609722,34.645169]]]}},{"type":"Feature","properties":{"count":6,"area":45.3,"conf_n":6,"mean_conf":0.3744,"top":"Styrofoam","top_share":1.0},"geometry":{"type":"Polygon","coordinates":[[[127.611507,34.591075],[127.611513,34.591976],[127.610423,34.591982],[127.610417,34.59108],[127.611507,34.591075]]]}},{"type":"Feature","properties":{"count":5,"area":27.0,"conf_n":5,"mean_conf":0.072,"top":"Styrofoam","top_share":1.0},"geometry":{"type":"Polygon","coordinates":[[[127.612597,34.59107],[127.612603,34.591971],[127.611513,34.591976],[127.611507,34.591075],[127.612597,34.59107]]]}},{"type":"Feature","properties":{"count":1,"area":13.2,"conf_n":0,"top":"Styrofoam","top_share":1.0},"geometry":{"type":"Polygon","coordinates":[[[127.613687,34.591064],[127.613693,34.591965],[127.612603,34.591971],[127.612597,34.59107],[127.613687,34.591064]]]}},{"type":"Feature","properties":{"count":1,"area":6.4,"conf_n":1,"mean_conf":0.0628,"top":"Styrofoam","top_share":1.0},"geometry":{"type":"Polygon","coordinates":[[[127.614531,34.70554],[127.614537,34.706441],[127.613446,34.706447],[127.613439,34.705545],[127.614531,34.70554]]]}},{"type":"Feature","properties":{"count":1,"area":5.2,"conf_n":1,"mean_conf":0.0538,"top":"Styrofoam","top_share":1.0},"geometry":{"type":"Polygon","coordinates":[[[127.614783,34.59196],[127.61479,34.592861],[127.6137,34.592867],[127.613693,34.591965],[127.614783,34.59196]]]}},{"type":"Feature","properties":{"count":2,"area":34.3,"conf_n":2,"mean_conf":0.3251,"top":"Styrofoam","top_share":1.0},"geometry":{"type":"Polygon","coordinates":[[[127.615602,34.70283],[127.615609,34.703732],[127.614517,34.703737],[127.614511,34.702836],[127.615602,34.70283]]]}},{"type":"Feature","properties":{"count":1,"area":3.8,"conf_n":1,"mean_conf":0.0874,"top":"Styrofoam","top_share":1.0},"geometry":{"type":"Polygon","coordinates":[[[127.615616,34.704633],[127.615622,34.705534],[127.614531,34.70554],[127.614524,34.704638],[127.615616,34.704633]]]}},{"type":"Feature","properties":{"count":3,"area":60.7,"conf_n":3,"mean_conf":0.1496,"top":"Styrofoam","top_share":1.0},"geometry":{"type":"Polygon","coordinates":[[[127.615642,34.708238],[127.615649,34.70914],[127.614557,34.709145],[127.614551,34.708244],[127.615642,34.708238]]]}},{"type":"Feature","properties":{"count":1,"area":22.2,"conf_n":1,"mean_conf":0.0671,"top":"Styrofoam","top_share":1.0},"geometry":{"type":"Polygon","coordinates":[[[127.616727,34.707332],[127.616734,34.708233],[127.615642,34.708238],[127.615636,34.707337],[127.616727,34.707332]]]}},{"type":"Feature","properties":{"count":1,"area":6.4,"conf_n":1,"mean_conf":0.2044,"top":"Styrofoam","top_share":1.0},"geometry":{"type":"Polygon","coordinates":[[[127.618414,34.640618],[127.618421,34.64152],[127.61733,34.641525],[127.617324,34.640624],[127.618414,34.640618]]]}},{"type":"Feature","properties":{"count":1,"area":0.4,"conf_n":1,"mean_conf":0.0588,"top":"Styrofoam","top_share":1.0},"geometry":{"type":"Polygon","coordinates":[[[127.618716,34.681181],[127.618722,34.682082],[127.617631,34.682087],[127.617624,34.681186],[127.618716,34.681181]]]}},{"type":"Feature","properties":{"count":1,"area":2.6,"conf_n":1,"mean_conf":0.0543,"top":"Styrofoam","top_share":1.0},"geometry":{"type":"Polygon","coordinates":[[[127.618736,34.683885],[127.618742,34.684786],[127.617651,34.684792],[127.617644,34.68389],[127.618736,34.683885]]]}},{"type":"Feature","properties":{"count":2,"area":22.8,"conf_n":2,"mean_conf":0.2376,"top":"Styrofoam","top_share":1.0},"geometry":{"type":"Polygon","coordinates":[[[127.619498,34.639711],[127.619505,34.640613],[127.618414,34.640618],[127.618407,34.639717],[127.619498,34.639711]]]}},{"type":"Feature","properties":{"count":1,"area":6.6,"conf_n":1,"mean_conf":0.3007,"top":"Styrofoam","top_share":1.0},"geometry":{"type":"Polygon","coordinates":[[[127.619813,34.682076],[127.61982,34.682978],[127.618729,34.682983],[127.618722,34.682082],[127.619813,34.682076]]]}},{"type":"Feature","properties":{"count":1,"area":5.8,"conf_n":1,"mean_conf":0.3427,"top":"Styrofoam","top_share":1.0},"geometry":{"type":"Polygon","coordinates":[[[127.619834,34.684781],[127.61984,34.685682],[127.618749,34.685687],[127.618742,34.684786],[127.619834,34.684781]]]}},{"type":"Feature","properties":{"count":2,"area":21.6,"conf_n":2,"mean_conf":0.3715,"top":"Styrofoam","top_share":1.0},"geometry":{"type":"Polygon","coordinates":[[[127.620669,34.650523],[127.620676,34.651424],[127.619585,34.651429],[127.619579,34.650528],[127.620669,34.650523]]]}},{"type":"Feature","properties":{"count":4,"area":27.2,"conf_n":4,"mean_conf":0.3856,"top":"Styrofoam","top_share":1.0},"geometry":{"type":"Polygon","coordinates":[[[127.620676,34.651424],[127.620683,34.652325],[127.619592,34.652331],[127.619585,34.651429],[127.620676,34.651424]]]}},{"type":"Feature","properties":{"count":1,"area":5.5,"conf_n":1,"mean_conf":0.4303,"top":"Styrofoam","top_share":1.0},"geometry":{"type":"Polygon","coordinates":[[[127.620891,34.680268],[127.620898,34.681169],[127.619807,34.681175],[127.6198,34.680274],[127.620891,34.680268]]]}},{"type":"Feature","properties":{"count":1,"area":3.3,"conf_n":1,"mean_conf":0.1353,"top":"Styrofoam","top_share":1.0},"geometry":{"type":"Polygon","coordinates":[[[127.621127,34.711816],[127.621134,34.712718],[127.620042,34.712723],[127.620035,34.711822],[127.621127,34.711816]]]}},{"type":"Feature","properties":{"count":2,"area":76.7,"conf_n":2,"mean_conf":0.0751,"top":"Styrofoam","top_share":1.0},"geometry":{"type":"Polygon","coordinates":[[[127.621942,34.674854],[127.621949,34.675756],[127.620857,34.675761],[127.620851,34.67486],[127.621942,34.674854]]]}},{"type":"Feature","properties":{"count":11,"area":782.1,"conf_n":11,"mean_conf":0.1313,"top":"Styrofoam","top_share":1.0},"geometry":{"type":"Polygon","coordinates":[[[127.621949,34.675756],[127.621955,34.676657],[127.620864,34.676663],[127.620857,34.675761],[127.621949,34.675756]]]}},{"type":"Feature","properties":{"count":3,"area":15.7,"conf_n":3,"mean_conf":0.2338,"top":"Styrofoam","top_share":1.0},"geometry":{"type":"Polygon","coordinates":[[[127.621955,34.676657],[127.621962,34.677558],[127.620871,34.677564],[127.620864,34.676663],[127.621955,34.676657]]]}},{"type":"Feature","properties":{"count":1,"area":11.6,"conf_n":1,"mean_conf":0.1187,"top":"Styrofoam","top_share":1.0},"geometry":{"type":"Polygon","coordinates":[[[127.622185,34.707304],[127.622191,34.708205],[127.6211,34.708211],[127.621093,34.707309],[127.622185,34.707304]]]}},{"type":"Feature","properties":{"count":1,"area":3.1,"conf_n":1,"mean_conf":0.1101,"top":"Styrofoam","top_share":1.0},"geometry":{"type":"Polygon","coordinates":[[[127.622205,34.710008],[127.622212,34.710909],[127.62112,34.710915],[127.621113,34.710013],[127.622205,34.710008]]]}},{"type":"Feature","properties":{"count":1,"area":19.5,"conf_n":1,"mean_conf":0.4738,"top":"Styrofoam","top_share":1.0},"geometry":{"type":"Polygon","coordinates":[[[127.622218,34.711811],[127.622225,34.712712],[127.621134,34.712718],[127.621127,34.711816],[127.622218,34.711811]]]}},{"type":"Feature","properties":{"count":1,"area":7.6,"conf_n":1,"mean_conf":0.1436,"top":"Styrofoam","top_share":1.0},"geometry":{"type":"Polygon","coordinates":[[[127.622406,34.59102],[127.622413,34.591921],[127.621323,34.591927],[127.621316,34.591025],[127.622406,34.59102]]]}},{"type":"Feature","properties":{"count":1,"area":5.6,"conf_n":1,"mean_conf":0.1056,"top":"Styrofoam","top_share":1.0},"geometry":{"type":"Polygon","coordinates":[[[127.623046,34.676651],[127.623053,34.677553],[127.621962,34.677558],[127.621955,34.676657],[127.623046,34.676651]]]}},{"type":"Feature","properties":{"count":1,"area":12.6,"conf_n":1,"mean_conf":0.1715,"top":"Styrofoam","top_share":1.0},"geometry":{"type":"Polygon","coordinates":[[[127.623141,34.689271],[127.623148,34.690172],[127.622056,34.690178],[127.62205,34.689276],[127.623141,34.689271]]]}},{"type":"Feature","properties":{"count":3,"area":95.1,"conf_n":3,"mean_conf":0.0644,"top":"Styrofoam","top_share":1.0},"geometry":{"type":"Polygon","coordinates":[[[127.623215,34.699186],[127.623222,34.700087],[127.622131,34.700093],[127.622124,34.699191],[127.623215,34.699186]]]}},{"type":"Feature","properties":{"count":3,"area":14.7,"conf_n":3,"mean_conf":0.2965,"top":"Styrofoam","top_share":1.0},"geometry":{"type":"Polygon","coordinates":[[[127.62335,34.717213],[127.623357,34.718115],[127.622266,34.71812],[127.622259,34.717219],[127.62335,34.717213]]]}},{"type":"Feature","properties":{"count":4,"area":18.3,"conf_n":4,"mean_conf":0.2355,"top":"Styrofoam","top_share":1.0},"geometry":{"type":"Polygon","coordinates":[[[127.623503,34.591916],[127.62351,34.592817],[127.62242,34.592823],[127.622413,34.591921],[127.623503,34.591916]]]}},{"type":"Feature","properties":{"count":2,"area":5.8,"conf_n":2,"mean_conf":0.0855,"top":"Styrofoam","top_share":1.0},"geometry":{"type":"Polygon","coordinates":[[[127.624137,34.676646],[127.624144,34.677547],[127.623053,34.677553],[127.623046,34.676651],[127.624137,34.676646]]]}},{"type":"Feature","properties":{"count":4,"area":30.2,"conf_n":4,"mean_conf":0.1394,"top":"Styrofoam","top_share":1.0},"geometry":{"type":"Polygon","coordinates":[[[127.624435,34.716306],[127.624442,34.717208],[127.62335,34.717213],[127.623344,34.716312],[127.624435,34.716306]]]}},{"type":"Feature","properties":{"count":1,"area":4.2,"conf_n":1,"mean_conf":0.397,"top":"Styrofoam","top_share":1.0},"geometry":{"type":"Polygon","coordinates":[[[127.624442,34.717208],[127.624449,34.718109],[127.623357,34.718115],[127.62335,34.717213],[127.624442,34.717208]]]}},{"type":"Feature","properties":{"count":2,"area":180.9,"conf_n":1,"mean_conf":0.0598,"top":"Styrofoam","top_share":1.0},"geometry":{"type":"Polygon","coordinates":[[[127.625256,34.680246],[127.625262,34.681147],[127.624171,34.681153],[127.624165,34.680251],[127.625256,34.680246]]]}},{"type":"Feature","properties":{"count":1,"area":196.8,"conf_n":0,"top":"Styrofoam","top_share":1.0},"geometry":{"type":"Polygon","coordinates":[[[127.625262,34.681147],[127.625269,34.682049],[127.624178,34.682054],[127.624171,34.681153],[127.625262,34.681147]]]}},{"type":"Feature","properties":{"count":2,"area":5.0,"conf_n":1,"mean_conf":0.069,"top":"Styrofoam","top_share":1.0},"geometry":{"type":"Polygon","coordinates":[[[127.625391,34.698273],[127.625398,34.699175],[127.624307,34.69918],[127.6243,34.698279],[127.625391,34.698273]]]}},{"type":"Feature","properties":{"count":1,"area":273.6,"conf_n":0,"top":"Styrofoam","top_share":1.0},"geometry":{"type":"Polygon","coordinates":[[[127.625398,34.699175],[127.625405,34.700076],[127.624313,34.700082],[127.624307,34.69918],[127.625398,34.699175]]]}},{"type":"Feature","properties":{"count":1,"area":8.3,"conf_n":1,"mean_conf":0.556,"top":"Styrofoam","top_share":1.0},"geometry":{"type":"Polygon","coordinates":[[[127.625405,34.700076],[127.625412,34.700977],[127.62432,34.700983],[127.624313,34.700082],[127.625405,34.700076]]]}},{"type":"Feature","properties":{"count":2,"area":26.5,"conf_n":1,"mean_conf":0.1144,"top":"Styrofoam","top_share":1.0},"geometry":{"type":"Polygon","coordinates":[[[127.625676,34.591003],[127.625683,34.591905],[127.624593,34.59191],[127.624586,34.591009],[127.625676,34.591003]]]}},{"type":"Feature","properties":{"count":1,"area":7.4,"conf_n":1,"mean_conf":0.0581,"top":"Styrofoam","top_share":1.0},"geometry":{"type":"Polygon","coordinates":[[[127.626313,34.675733],[127.62632,34.676635],[127.625229,34.67664],[127.625222,34.675739],[127.626313,34.675733]]]}},{"type":"Feature","properties":{"count":3,"area":29.7,"conf_n":3,"mean_conf":0.3517,"top":"Styrofoam","top_share":1.0},"geometry":{"type":"Polygon","coordinates":[[[127.62632,34.676635],[127.626326,34.677536],[127.625235,34.677542],[127.625229,34.67664],[127.62632,34.676635]]]}},{"type":"Feature","properties":{"count":2,"area":6.1,"conf_n":2,"mean_conf":0.065,"top":"Styrofoam","top_share":1.0},"geometry":{"type":"Polygon","coordinates":[[[127.626476,34.697366],[127.626483,34.698268],[127.625391,34.698273],[127.625384,34.697372],[127.626476,34.697366]]]}},{"type":"Feature","properties":{"count":1,"area":2.3,"conf_n":1,"mean_conf":0.3056,"top":"Styrofoam","top_share":1.0},"geometry":{"type":"Polygon","coordinates":[[[127.627071,34.63156],[127.627078,34.632461],[127.625988,34.632467],[127.625981,34.631566],[127.627071,34.63156]]]}},{"type":"Feature","properties":{"count":2,"area":39.6,"conf_n":2,"mean_conf":0.2837,"top":"Styrofoam","top_share":1.0},"geometry":{"type":"Polygon","coordinates":[[[127.627078,34.632461],[127.627085,34.633363],[127.625994,34.633368],[127.625988,34.632467],[127.627078,34.632461]]]}},{"type":"Feature","properties":{"count":1,"area":22.8,"conf_n":0,"top":"Styrofoam","top_share":1.0},"geometry":{"type":"Polygon","coordinates":[[[127.627404,34.675728],[127.627411,34.676629],[127.62632,34.676635],[127.626313,34.675733],[127.627404,34.675728]]]}},{"type":"Feature","properties":{"count":1,"area":2.6,"conf_n":1,"mean_conf":0.0705,"top":"Styrofoam","top_share":1.0},"geometry":{"type":"Polygon","coordinates":[[[127.627411,34.676629],[127.627418,34.67753],[127.626326,34.677536],[127.62632,34.676635],[127.627411,34.676629]]]}},{"type":"Feature","properties":{"count":2,"area":133.5,"conf_n":0,"top":"Styrofoam","top_share":1.0},"geometry":{"type":"Polygon","coordinates":[[[127.627452,34.682037],[127.627458,34.682939],[127.626367,34.682944],[127.62636,34.682043],[127.627452,34.682037]]]}},{"type":"Feature","properties":{"count":6,"area":71.5,"conf_n":6,"mean_conf":0.1458,"top":"Styrofoam","top_share":1.0},"geometry":{"type":"Polygon","coordinates":[[[127.627479,34.685643],[127.627486,34.686544],[127.626394,34.68655],[127.626388,34.685648],[127.627479,34.685643]]]}},{"type":"Feature","properties":{"count":1,"area":7.6,"conf_n":1,"mean_conf":0.1076,"top":"Styrofoam","top_share":1.0},"geometry":{"type":"Polygon","coordinates":[[[127.627486,34.686544],[127.627492,34.687446],[127.626401,34.687451],[127.626394,34.68655],[127.627486,34.686544]]]}},{"type":"Feature","properties":{"count":2,"area":42.7,"conf_n":1,"mean_conf":0.0649,"top":"Styrofoam","top_share":1.0},"geometry":{"type":"Polygon","coordinates":[[[127.62756,34.696459],[127.627567,34.697361],[127.626476,34.697366],[127.626469,34.696465],[127.62756,34.696459]]]}},{"type":"Feature","properties":{"count":1,"area":4.1,"conf_n":1,"mean_conf":0.2982,"top":"Styrofoam","top_share":1.0},"geometry":{"type":"Polygon","coordinates":[[[127.627669,34.710881],[127.627676,34.711783],[127.626585,34.711788],[127.626578,34.710887],[127.627669,34.710881]]]}},{"type":"Feature","properties":{"count":1,"area":13.0,"conf_n":1,"mean_conf":0.0918,"top":"Styrofoam","top_share":1.0},"geometry":{"type":"Polygon","coordinates":[[[127.628148,34.629752],[127.628155,34.630653],[127.627064,34.630659],[127.627058,34.629757],[127.628148,34.629752]]]}},{"type":"Feature","properties":{"count":3,"area":60.5,"conf_n":3,"mean_conf":0.1307,"top":"Styrofoam","top_share":1.0},"geometry":{"type":"Polygon","coordinates":[[[127.628488,34.674821],[127.628495,34.675722],[127.627404,34.675728],[127.627397,34.674826],[127.628488,34.674821]]]}},{"type":"Feature","properties":{"count":1,"area":13.2,"conf_n":1,"mean_conf":0.1075,"top":"Styrofoam","top_share":1.0},"geometry":{"type":"Polygon","coordinates":[[[127.628522,34.679328],[127.628529,34.680229],[127.627438,34.680235],[127.627431,34.679333],[127.628522,34.679328]]]}},{"type":"Feature","properties":{"count":2,"area":24.0,"conf_n":2,"mean_conf":0.2208,"top":"Styrofoam","top_share":1.0},"geometry":{"type":"Polygon","coordinates":[[[127.628563,34.684736],[127.62857,34.685637],[127.627479,34.685643],[127.627472,34.684741],[127.628563,34.684736]]]}},{"type":"Feature","properties":{"count":3,"area":140.6,"conf_n":1,"mean_conf":0.189,"top":"Styrofoam","top_share":1.0},"geometry":{"type":"Polygon","coordinates":[[[127.628761,34.710876],[127.628768,34.711777],[127.627676,34.711783],[127.627669,34.710881],[127.628761,34.710876]]]}},{"type":"Feature","properties":{"count":1,"area":3.1,"conf_n":1,"mean_conf":0.2466,"top":"Styrofoam","top_share":1.0},"geometry":{"type":"Polygon","coordinates":[[[127.628809,34.717185],[127.628815,34.718087],[127.627724,34.718092],[127.627717,34.717191],[127.628809,34.717185]]]}},{"type":"Feature","properties":{"count":2,"area":11.5,"conf_n":2,"mean_conf":0.1459,"top":"Styrofoam","top_share":1.0},"geometry":{"type":"Polygon","coordinates":[[[127.629552,34.67121],[127.629559,34.672111],[127.628468,34.672117],[127.628461,34.671215],[127.629552,34.67121]]]}},{"type":"Feature","properties":{"count":1,"area":12.6,"conf_n":1,"mean_conf":0.0664,"top":"Styrofoam","top_share":1.0},"geometry":{"type":"Polygon","coordinates":[[[127.629559,34.672111],[127.629566,34.673012],[127.628475,34.673018],[127.628468,34.672117],[127.629559,34.672111]]]}},{"type":"Feature","properties":{"count":4,"area":25.2,"conf_n":4,"mean_conf":0.1768,"top":"Styrofoam","top_share":1.0},"geometry":{"type":"Polygon","coordinates":[[[127.629566,34.673012],[127.629572,34.673914],[127.628481,34.673919],[127.628475,34.673018],[127.629566,34.673012]]]}},{"type":"Feature","properties":{"count":2,"area":13.8,"conf_n":2,"mean_conf":0.0648,"top":"Styrofoam","top_share":1.0},"geometry":{"type":"Polygon","coordinates":[[[127.629613,34.679322],[127.62962,34.680223],[127.628529,34.680229],[127.628522,34.679328],[127.629613,34.679322]]]}},{"type":"Feature","properties":{"count":2,"area":221.0,"conf_n":2,"mean_conf":0.0764,"top":"Styrofoam","top_share":1.0},"geometry":{"type":"Polygon","coordinates":[[[127.629791,34.702758],[127.629798,34.703659],[127.628706,34.703665],[127.628699,34.702763],[127.629791,34.702758]]]}},{"type":"Feature","properties":{"count":5,"area":20.3,"conf_n":5,"mean_conf":0.1033,"top":"Styrofoam","top_share":1.0},"geometry":{"type":"Polygon","coordinates":[[[127.629798,34.703659],[127.629805,34.70456],[127.628713,34.704566],[127.628706,34.703665],[127.629798,34.703659]]]}},{"type":"Feature","properties":{"count":1,"area":5.8,"conf_n":1,"mean_conf":0.2574,"top":"Styrofoam","top_share":1.0},"geometry":{"type":"Polygon","coordinates":[[[127.629805,34.70456],[127.629811,34.705462],[127.62872,34.705467],[127.628713,34.704566],[127.629805,34.70456]]]}},{"type":"Feature","properties":{"count":3,"area":8.9,"conf_n":3,"mean_conf":0.173,"top":"Styrofoam","top_share":1.0},"geometry":{"type":"Polygon","coordinates":[[[127.629852,34.71087],[127.629859,34.711771],[127.628768,34.711777],[127.628761,34.710876],[127.629852,34.71087]]]}},{"type":"Feature","properties":{"count":3,"area":17.5,"conf_n":3,"mean_conf":0.1271,"top":"Styrofoam","top_share":1.0},"geometry":{"type":"Polygon","coordinates":[[[127.630472,34.648669],[127.630479,34.649571],[127.629388,34.649576],[127.629382,34.648675],[127.630472,34.648669]]]}},{"type":"Feature","properties":{"count":2,"area":21.6,"conf_n":2,"mean_conf":0.076,"top":"Styrofoam","top_share":1.0},"geometry":{"type":"Polygon","coordinates":[[[127.630479,34.649571],[127.630486,34.650472],[127.629395,34.650478],[127.629388,34.649576],[127.630479,34.649571]]]}},{"type":"Feature","properties":{"count":1,"area":12.5,"conf_n":1,"mean_conf":0.0671,"top":"Styrofoam","top_share":1.0},"geometry":{"type":"Polygon","coordinates":[[[127.6305,34.652275],[127.630506,34.653176],[127.629416,34.653182],[127.629409,34.652281],[127.6305,34.652275]]]}},{"type":"Feature","properties":{"count":1,"area":6.5,"conf_n":1,"mean_conf":0.0947,"top":"Styrofoam","top_share":1.0},"geometry":{"type":"Polygon","coordinates":[[[127.63052,34.654979],[127.630527,34.65588],[127.629436,34.655886],[127.629429,34.654985],[127.63052,34.654979]]]}},{"type":"Feature","properties":{"count":2,"area":38.5,"conf_n":2,"mean_conf":0.4278,"top":"Styrofoam","top_share":1.0},"geometry":{"type":"Polygon","coordinates":[[[127.630643,34.671204],[127.63065,34.672105],[127.629559,34.672111],[127.629552,34.67121],[127.630643,34.671204]]]}},{"type":"Feature","properties":{"count":1,"area":2.1,"conf_n":1,"mean_conf":0.188,"top":"Styrofoam","top_share":1.0},"geometry":{"type":"Polygon","coordinates":[[[127.630732,34.682922],[127.630739,34.683823],[127.629648,34.683829],[127.629641,34.682927],[127.630732,34.682922]]]}},{"type":"Feature","properties":{"count":13,"area":143.3,"conf_n":13,"mean_conf":0.1608,"top":"Styrofoam","top_share":1.0},"geometry":{"type":"Polygon","coordinates":[[[127.63144,34.632439],[127.631447,34.63334],[127.630356,34.633346],[127.63035,34.632445],[127.63144,34.632439]]]}},{"type":"Feature","properties":{"count":2,"area":11.4,"conf_n":0,"top":"Styrofoam","top_share":1.0},"geometry":{"type":"Polygon","coordinates":[[[127.631645,34.65948],[127.631652,34.660382],[127.630561,34.660387],[127.630554,34.659486],[127.631645,34.65948]]]}},{"type":"Feature","properties":{"count":5,"area":39.6,"conf_n":0,"top":"Styrofoam","top_share":1.0},"geometry":{"type":"Polygon","coordinates":[[[127.631652,34.660382],[127.631659,34.661283],[127.630568,34.661289],[127.630561,34.660387],[127.631652,34.660382]]]}},{"type":"Feature","properties":{"count":1,"area":25.5,"conf_n":1,"mean_conf":0.1022,"top":"Styrofoam","top_share":1.0},"geometry":{"type":"Polygon","coordinates":[[[127.631693,34.66579],[127.6317,34.666691],[127.630609,34.666697],[127.630602,34.665796],[127.631693,34.66579]]]}},{"type":"Feature","properties":{"count":1,"area":47.9,"conf_n":0,"top":"Styrofoam","top_share":1.0},"geometry":{"type":"Polygon","coordinates":[[[127.631727,34.670297],[127.631734,34.671198],[127.630643,34.671204],[127.630636,34.670303],[127.631727,34.670297]]]}},{"type":"Feature","properties":{"count":1,"area":19.7,"conf_n":1,"mean_conf":0.1294,"top":"Styrofoam","top_share":1.0},"geometry":{"type":"Polygon","coordinates":[[[127.631823,34.682916],[127.63183,34.683818],[127.630739,34.683823],[127.630732,34.682922],[127.631823,34.682916]]]}},{"type":"Feature","properties":{"count":2,"area":37.8,"conf_n":2,"mean_conf":0.2009,"top":"Styrofoam","top_share":1.0},"geometry":{"type":"Polygon","coordinates":[[[127.632029,34.709957],[127.632035,34.710859],[127.630944,34.710864],[127.630937,34.709963],[127.632029,34.709957]]]}},{"type":"Feature","properties":{"count":1,"area":22.2,"conf_n":1,"mean_conf":0.0525,"top":"Styrofoam","top_share":1.0},"geometry":{"type":"Polygon","coordinates":[[[127.632531,34.632433],[127.632537,34.633335],[127.631447,34.63334],[127.63144,34.632439],[127.632531,34.632433]]]}},{"type":"Feature","properties":{"count":3,"area":48.0,"conf_n":3,"mean_conf":0.2058,"top":"Styrofoam","top_share":1.0},"geometry":{"type":"Polygon","coordinates":[[[127.632709,34.655869],[127.632715,34.656771],[127.631625,34.656776],[127.631618,34.655875],[127.632709,34.655869]]]}},{"type":"Feature","properties":{"count":2,"area":25.3,"conf_n":1,"mean_conf":0.0973,"top":"Styrofoam","top_share":1.0},"geometry":{"type":"Polygon","coordinates":[[[127.632736,34.659475],[127.632743,34.660376],[127.631652,34.660382],[127.631645,34.65948],[127.632736,34.659475]]]}},{"type":"Feature","properties":{"count":1,"area":14.1,"conf_n":1,"mean_conf":0.0831,"top":"Styrofoam","top_share":1.0},"geometry":{"type":"Polygon","coordinates":[[[127.632777,34.664883],[127.632784,34.665784],[127.631693,34.66579],[127.631686,34.664889],[127.632777,34.664883]]]}},{"type":"Feature","properties":{"count":5,"area":916.6,"conf_n":3,"mean_conf":0.0869,"top":"Styrofoam","top_share":1.0},"geometry":{"type":"Polygon","coordinates":[[[127.632914,34.68291],[127.632921,34.683812],[127.63183,34.683818],[127.631823,34.682916],[127.632914,34.68291]]]}},{"type":"Feature","properties":{"count":2,"area":13.1,"conf_n":2,"mean_conf":0.1191,"top":"Styrofoam","top_share":1.0},"geometry":{"type":"Polygon","coordinates":[[[127.633127,34.710853],[127.633134,34.711754],[127.632042,34.71176],[127.632035,34.710859],[127.633127,34.710853]]]}},{"type":"Feature","properties":{"count":2,"area":482.9,"conf_n":2,"mean_conf":0.0767,"top":"Styrofoam","top_share":1.0},"geometry":{"type":"Polygon","coordinates":[[[127.634074,34.691919],[127.634081,34.69282],[127.63299,34.692826],[127.632983,34.691924],[127.634074,34.691919]]]}},{"type":"Feature","properties":{"count":2,"area":57.8,"conf_n":2,"mean_conf":0.4261,"top":"Styrofoam","top_share":1.0},"geometry":{"type":"Polygon","coordinates":[[[127.634219,34.710847],[127.634225,34.711749],[127.633134,34.711754],[127.633127,34.710853],[127.634219,34.710847]]]}},{"type":"Feature","properties":{"count":7,"area":249.0,"conf_n":4,"mean_conf":0.132,"top":"Styrofoam","top_share":1.0},"geometry":{"type":"Polygon","coordinates":[[[127.634773,34.640534],[127.63478,34.641436],[127.63369,34.641441],[127.633683,34.64054],[127.634773,34.640534]]]}},{"type":"Feature","properties":{"count":3,"area":15.7,"conf_n":2,"mean_conf":0.0987,"top":"Styrofoam","top_share":1.0},"geometry":{"type":"Polygon","coordinates":[[[127.63478,34.641436],[127.634787,34.642337],[127.633697,34.642343],[127.63369,34.641441],[127.63478,34.641436]]]}},{"type":"Feature","properties":{"count":2,"area":38.8,"conf_n":2,"mean_conf":0.1773,"top":"Styrofoam","top_share":1.0},"geometry":{"type":"Polygon","coordinates":[[[127.634925,34.660365],[127.634931,34.661266],[127.633841,34.661272],[127.633834,34.66037],[127.634925,34.660365]]]}},{"type":"Feature","properties":{"count":2,"area":58.2,"conf_n":1,"mean_conf":0.0868,"top":"Styrofoam","top_share":1.0},"geometry":{"type":"Polygon","coordinates":[[[127.634938,34.662167],[127.634945,34.663069],[127.633854,34.663075],[127.633847,34.662173],[127.634938,34.662167]]]}},{"type":"Feature","properties":{"count":1,"area":865.7,"conf_n":0,"top":"Styrofoam","top_share":1.0},"geometry":{"type":"Polygon","coordinates":[[[127.63511,34.684702],[127.635117,34.685603],[127.634026,34.685609],[127.634019,34.684708],[127.63511,34.684702]]]}},{"type":"Feature","properties":{"count":1,"area":11.4,"conf_n":1,"mean_conf":0.0817,"top":"Styrofoam","top_share":1.0},"geometry":{"type":"Polygon","coordinates":[[[127.635117,34.685603],[127.635124,34.686505],[127.634033,34.68651],[127.634026,34.685609],[127.635117,34.685603]]]}},{"type":"Feature","properties":{"count":1,"area":28.5,"conf_n":1,"mean_conf":0.083,"top":"Styrofoam","top_share":1.0},"geometry":{"type":"Polygon","coordinates":[[[127.635857,34.639627],[127.635864,34.640529],[127.634773,34.640534],[127.634767,34.639633],[127.635857,34.639627]]]}},{"type":"Feature","properties":{"count":5,"area":232.5,"conf_n":2,"mean_conf":0.0703,"top":"Styrofoam","top_share":1.0},"geometry":{"type":"Polygon","coordinates":[[[127.635871,34.64143],[127.635878,34.642331],[127.634787,34.642337],[127.63478,34.641436],[127.635871,34.64143]]]}},{"type":"Feature","properties":{"count":7,"area":121.1,"conf_n":7,"mean_conf":0.1922,"top":"Styrofoam","top_share":1.0},"geometry":{"type":"Polygon","coordinates":[[[127.635912,34.646838],[127.635919,34.64774],[127.634828,34.647745],[127.634821,34.646844],[127.635912,34.646838]]]}},{"type":"Feature","properties":{"count":1,"area":1.8,"conf_n":1,"mean_conf":0.0754,"top":"Styrofoam","top_share":1.0},"geometry":{"type":"Polygon","coordinates":[[[127.635988,34.656754],[127.635995,34.657655],[127.634904,34.657661],[127.634897,34.656759],[127.635988,34.656754]]]}},{"type":"Feature","properties":{"count":1,"area":74.5,"conf_n":0,"top":"Styrofoam","top_share":1.0},"geometry":{"type":"Polygon","coordinates":[[[127.635995,34.657655],[127.636002,34.658556],[127.634911,34.658562],[127.634904,34.657661],[127.635995,34.657655]]]}},{"type":"Feature","properties":{"count":8,"area":176.4,"conf_n":3,"mean_conf":0.2664,"top":"Styrofoam","top_share":1.0},"geometry":{"type":"Polygon","coordinates":[[[127.636002,34.658556],[127.636009,34.659458],[127.634918,34.659463],[127.634911,34.658562],[127.636002,34.658556]]]}},{"type":"Feature","properties":{"count":1,"area":3.1,"conf_n":1,"mean_conf":0.3175,"top":"Styrofoam","top_share":1.0},"geometry":{"type":"Polygon","coordinates":[[[127.636029,34.662162],[127.636036,34.663063],[127.634945,34.663069],[127.634938,34.662167],[127.636029,34.662162]]]}},{"type":"Feature","properties":{"count":1,"area":11.8,"conf_n":1,"mean_conf":0.0638,"top":"Styrofoam","top_share":1.0},"geometry":{"type":"Polygon","coordinates":[[[127.636188,34.682893],[127.636195,34.683795],[127.635103,34.6838],[127.635097,34.682899],[127.636188,34.682893]]]}},{"type":"Feature","properties":{"count":1,"area":4.7,"conf_n":1,"mean_conf":0.0737,"top":"Styrofoam","top_share":1.0},"geometry":{"type":"Polygon","coordinates":[[[127.636202,34.684696],[127.636208,34.685598],[127.635117,34.685603],[127.63511,34.684702],[127.636202,34.684696]]]}},{"type":"Feature","properties":{"count":1,"area":19.6,"conf_n":1,"mean_conf":0.1158,"top":"Styrofoam","top_share":1.0},"geometry":{"type":"Polygon","coordinates":[[[127.636381,34.708132],[127.636388,34.709033],[127.635296,34.709039],[127.635289,34.708138],[127.636381,34.708132]]]}},{"type":"Feature","properties":{"count":2,"area":19.5,"conf_n":2,"mean_conf":0.0861,"top":"Styrofoam","top_share":1.0},"geometry":{"type":"Polygon","coordinates":[[[127.636395,34.709935],[127.636402,34.710836],[127.63531,34.710842],[127.635303,34.70994],[127.636395,34.709935]]]}},{"type":"Feature","properties":{"count":1,"area":3.1,"conf_n":1,"mean_conf":0.0834,"top":"Styrofoam","top_share":1.0},"geometry":{"type":"Polygon","coordinates":[[[127.636844,34.626101],[127.636851,34.627002],[127.635761,34.627008],[127.635754,34.626107],[127.636844,34.626101]]]}},{"type":"Feature","properties":{"count":1,"area":130.7,"conf_n":1,"mean_conf":0.1142,"top":"Styrofoam","top_share":1.0},"geometry":{"type":"Polygon","coordinates":[[[127.636962,34.641424],[127.636968,34.642326],[127.635878,34.642331],[127.635871,34.64143],[127.636962,34.641424]]]}},{"type":"Feature","properties":{"count":8,"area":95.9,"conf_n":4,"mean_conf":0.0849,"top":"Styrofoam","top_share":1.0},"geometry":{"type":"Polygon","coordinates":[[[127.636975,34.643227],[127.636982,34.644128],[127.635892,34.644134],[127.635885,34.643233],[127.636975,34.643227]]]}},{"type":"Feature","properties":{"count":4,"area":58.5,"conf_n":2,"mean_conf":0.1631,"top":"Styrofoam","top_share":1.0},"geometry":{"type":"Polygon","coordinates":[[[127.637072,34.655846],[127.637079,34.656748],[127.635988,34.656754],[127.635981,34.655852],[127.637072,34.655846]]]}},{"type":"Feature","properties":{"count":1,"area":6.1,"conf_n":1,"mean_conf":0.1892,"top":"Styrofoam","top_share":1.0},"geometry":{"type":"Polygon","coordinates":[[[127.637465,34.707225],[127.637472,34.708126],[127.636381,34.708132],[127.636374,34.707231],[127.637465,34.707225]]]}},{"type":"Feature","properties":{"count":2,"area":15.9,"conf_n":2,"mean_conf":0.0656,"top":"Styrofoam","top_share":1.0},"geometry":{"type":"Polygon","coordinates":[[[127.637479,34.709028],[127.637486,34.709929],[127.636395,34.709935],[127.636388,34.709033],[127.637479,34.709028]]]}},{"type":"Feature","properties":{"count":1,"area":3.8,"conf_n":1,"mean_conf":0.0876,"top":"Styrofoam","top_share":1.0},"geometry":{"type":"Polygon","coordinates":[[[127.637797,34.608067],[127.637804,34.608969],[127.636714,34.608975],[127.636707,34.608073],[127.637797,34.608067]]]}},{"type":"Feature","properties":{"count":1,"area":2.3,"conf_n":1,"mean_conf":0.0523,"top":"Styrofoam","top_share":1.0},"geometry":{"type":"Polygon","coordinates":[[[127.637935,34.626095],[127.637942,34.626997],[127.636851,34.627002],[127.636844,34.626101],[127.637935,34.626095]]]}},{"type":"Feature","properties":{"count":1,"area":6.5,"conf_n":1,"mean_conf":0.0561,"top":"Styrofoam","top_share":1.0},"geometry":{"type":"Polygon","coordinates":[[[127.638073,34.644123],[127.63808,34.645024],[127.636989,34.64503],[127.636982,34.644128],[127.638073,34.644123]]]}},{"type":"Feature","properties":{"count":1,"area":33.8,"conf_n":0,"top":"Styrofoam","top_share":1.0},"geometry":{"type":"Polygon","coordinates":[[[127.638087,34.645926],[127.638094,34.646827],[127.637003,34.646833],[127.636996,34.645931],[127.638087,34.645926]]]}},{"type":"Feature","properties":{"count":9,"area":335.4,"conf_n":3,"mean_conf":0.1381,"top":"Styrofoam","top_share":1.0},"geometry":{"type":"Polygon","coordinates":[[[127.638107,34.64863],[127.638114,34.649531],[127.637024,34.649537],[127.637017,34.648635],[127.638107,34.64863]]]}},{"type":"Feature","properties":{"count":2,"area":4.9,"conf_n":2,"mean_conf":0.1287,"top":"Styrofoam","top_share":1.0},"geometry":{"type":"Polygon","coordinates":[[[127.638121,34.650432],[127.638128,34.651334],[127.637037,34.65134],[127.63703,34.650438],[127.638121,34.650432]]]}},{"type":"Feature","properties":{"count":4,"area":47.8,"conf_n":2,"mean_conf":0.0679,"top":"Styrofoam","top_share":1.0},"geometry":{"type":"Polygon","coordinates":[[[127.638156,34.654939],[127.638163,34.655841],[127.637072,34.655846],[127.637065,34.654945],[127.638156,34.654939]]]}},{"type":"Feature","properties":{"count":1,"area":61.8,"conf_n":0,"top":"Styrofoam","top_share":1.0},"geometry":{"type":"Polygon","coordinates":[[[127.63817,34.656742],[127.638176,34.657643],[127.637086,34.657649],[127.637079,34.656748],[127.63817,34.656742]]]}},{"type":"Feature","properties":{"count":1,"area":2.6,"conf_n":1,"mean_conf":0.0807,"top":"Styrofoam","top_share":1.0},"geometry":{"type":"Polygon","coordinates":[[[127.638176,34.657643],[127.638183,34.658545],[127.637093,34.658551],[127.637086,34.657649],[127.638176,34.657643]]]}},{"type":"Feature","properties":{"count":1,"area":5.6,"conf_n":1,"mean_conf":0.0928,"top":"Styrofoam","top_share":1.0},"geometry":{"type":"Polygon","coordinates":[[[127.638363,34.681981],[127.63837,34.682882],[127.637279,34.682888],[127.637272,34.681986],[127.638363,34.681981]]]}},{"type":"Feature","properties":{"count":2,"area":18.5,"conf_n":2,"mean_conf":0.0844,"top":"Styrofoam","top_share":1.0},"geometry":{"type":"Polygon","coordinates":[[[127.638619,34.715331],[127.638626,34.716233],[127.637535,34.716238],[127.637528,34.715337],[127.638619,34.715331]]]}},{"type":"Feature","properties":{"count":6,"area":858.1,"conf_n":6,"mean_conf":0.1576,"top":"Styrofoam","top_share":1.0},"geometry":{"type":"Polygon","coordinates":[[[127.63864,34.718036],[127.638647,34.718937],[127.637555,34.718943],[127.637548,34.718041],[127.63864,34.718036]]]}},{"type":"Feature","properties":{"count":1,"area":10.0,"conf_n":1,"mean_conf":0.1461,"top":"Styrofoam","top_share":1.0},"geometry":{"type":"Polygon","coordinates":[[[127.638528,34.56119],[127.638535,34.562091],[127.637446,34.562097],[127.637439,34.561195],[127.638528,34.56119]]]}},{"type":"Feature","properties":{"count":4,"area":26.0,"conf_n":4,"mean_conf":0.1562,"top":"Styrofoam","top_share":1.0},"geometry":{"type":"Polygon","coordinates":[[[127.638563,34.565697],[127.63857,34.566598],[127.63748,34.566604],[127.637473,34.565702],[127.638563,34.565697]]]}},{"type":"Feature","properties":{"count":1,"area":3.1,"conf_n":1,"mean_conf":0.1077,"top":"Styrofoam","top_share":1.0},"geometry":{"type":"Polygon","coordinates":[[[127.63888,34.60716],[127.638887,34.608062],[127.637797,34.608067],[127.63779,34.607166],[127.63888,34.60716]]]}},{"type":"Feature","properties":{"count":1,"area":23.7,"conf_n":1,"mean_conf":0.0931,"top":"Styrofoam","top_share":1.0},"geometry":{"type":"Polygon","coordinates":[[[127.638998,34.622484],[127.639005,34.623385],[127.637914,34.623391],[127.637907,34.62249],[127.638998,34.622484]]]}},{"type":"Feature","properties":{"count":1,"area":0.8,"conf_n":1,"mean_conf":0.1624,"top":"Styrofoam","top_share":1.0},"geometry":{"type":"Polygon","coordinates":[[[127.639087,34.634202],[127.639094,34.635103],[127.638004,34.635109],[127.637997,34.634208],[127.639087,34.634202]]]}},{"type":"Feature","properties":{"count":2,"area":15.0,"conf_n":2,"mean_conf":0.0716,"top":"Styrofoam","top_share":1.0},"geometry":{"type":"Polygon","coordinates":[[[127.639157,34.643216],[127.639164,34.644117],[127.638073,34.644123],[127.638066,34.643221],[127.639157,34.643216]]]}},{"type":"Feature","properties":{"count":3,"area":78.5,"conf_n":0,"top":"Styrofoam","top_share":1.0},"geometry":{"type":"Polygon","coordinates":[[[127.639177,34.64592],[127.639184,34.646821],[127.638094,34.646827],[127.638087,34.645926],[127.639177,34.64592]]]}},{"type":"Feature","properties":{"count":2,"area":183.5,"conf_n":2,"mean_conf":0.0853,"top":"Styrofoam","top_share":1.0},"geometry":{"type":"Polygon","coordinates":[[[127.639205,34.649525],[127.639212,34.650427],[127.638121,34.650432],[127.638114,34.649531],[127.639205,34.649525]]]}},{"type":"Feature","properties":{"count":1,"area":9.2,"conf_n":1,"mean_conf":0.063,"top":"Styrofoam","top_share":1.0},"geometry":{"type":"Polygon","coordinates":[[[127.639212,34.650427],[127.639219,34.651328],[127.638128,34.651334],[127.638121,34.650432],[127.639212,34.650427]]]}},{"type":"Feature","properties":{"count":2,"area":72.8,"conf_n":2,"mean_conf":0.2325,"top":"Styrofoam","top_share":1.0},"geometry":{"type":"Polygon","coordinates":[[[127.639247,34.654934],[127.639253,34.655835],[127.638163,34.655841],[127.638156,34.654939],[127.639247,34.654934]]]}},{"type":"Feature","properties":{"count":2,"area":122.9,"conf_n":1,"mean_conf":0.0606,"top":"Styrofoam","top_share":1.0},"geometry":{"type":"Polygon","coordinates":[[[127.639461,34.682876],[127.639468,34.683778],[127.638377,34.683783],[127.63837,34.682882],[127.639461,34.682876]]]}},{"type":"Feature","properties":{"count":6,"area":39.5,"conf_n":6,"mean_conf":0.2246,"top":"Styrofoam","top_share":1.0},"geometry":{"type":"Polygon","coordinates":[[[127.639642,34.706312],[127.639648,34.707213],[127.638557,34.707219],[127.63855,34.706318],[127.639642,34.706312]]]}},{"type":"Feature","properties":{"count":3,"area":14.4,"conf_n":3,"mean_conf":0.2288,"top":"Styrofoam","top_share":1.0},"geometry":{"type":"Polygon","coordinates":[[[127.639697,34.713523],[127.639704,34.714424],[127.638612,34.71443],[127.638605,34.713529],[127.639697,34.713523]]]}},{"type":"Feature","properties":{"count":3,"area":13.9,"conf_n":3,"mean_conf":0.1995,"top":"Styrofoam","top_share":1.0},"geometry":{"type":"Polygon","coordinates":[[[127.639704,34.714424],[127.639711,34.715326],[127.638619,34.715331],[127.638612,34.71443],[127.639704,34.714424]]]}},{"type":"Feature","properties":{"count":1,"area":3.1,"conf_n":1,"mean_conf":0.1115,"top":"Styrofoam","top_share":1.0},"geometry":{"type":"Polygon","coordinates":[[[127.639732,34.71803],[127.639739,34.718931],[127.638647,34.718937],[127.63864,34.718036],[127.639732,34.71803]]]}},{"type":"Feature","properties":{"count":4,"area":60.1,"conf_n":4,"mean_conf":0.2678,"top":"Styrofoam","top_share":1.0},"geometry":{"type":"Polygon","coordinates":[[[127.639739,34.718931],[127.639746,34.719833],[127.638654,34.719838],[127.638647,34.718937],[127.639739,34.718931]]]}},{"type":"Feature","properties":{"count":1,"area":10.2,"conf_n":1,"mean_conf":0.0849,"top":"Styrofoam","top_share":1.0},"geometry":{"type":"Polygon","coordinates":[[[127.639746,34.719833],[127.639753,34.720734],[127.638661,34.72074],[127.638654,34.719838],[127.639746,34.719833]]]}},{"type":"Feature","properties":{"count":1,"area":4.3,"conf_n":1,"mean_conf":0.3974,"top":"Styrofoam","top_share":1.0},"geometry":{"type":"Polygon","coordinates":[[[127.639563,34.553973],[127.63957,34.554874],[127.63848,34.55488],[127.638473,34.553978],[127.639563,34.553973]]]}},{"type":"Feature","properties":{"count":1,"area":148.1,"conf_n":1,"mean_conf":0.0525,"top":"Styrofoam","top_share":1.0},"geometry":{"type":"Polygon","coordinates":[[[127.639611,34.560282],[127.639618,34.561184],[127.638528,34.56119],[127.638522,34.560288],[127.639611,34.560282]]]}},{"type":"Feature","properties":{"count":4,"area":21.1,"conf_n":4,"mean_conf":0.2313,"top":"Styrofoam","top_share":1.0},"geometry":{"type":"Polygon","coordinates":[[[127.639625,34.562085],[127.639632,34.562987],[127.638542,34.562992],[127.638535,34.562091],[127.639625,34.562085]]]}},{"type":"Feature","properties":{"count":1,"area":10.2,"conf_n":1,"mean_conf":0.1369,"top":"Styrofoam","top_share":1.0},"geometry":{"type":"Polygon","coordinates":[[[127.639984,34.608957],[127.639991,34.609859],[127.638901,34.609865],[127.638894,34.608963],[127.639984,34.608957]]]}},{"type":"Feature","properties":{"count":1,"area":0.0,"conf_n":1,"mean_conf":0.1526,"top":"Styrofoam","top_share":1.0},"geometry":{"type":"Polygon","coordinates":[[[127.639991,34.609859],[127.639998,34.61076],[127.638908,34.610766],[127.638901,34.609865],[127.639991,34.609859]]]}},{"type":"Feature","properties":{"count":1,"area":0.0,"conf_n":1,"mean_conf":0.0994,"top":"Styrofoam","top_share":1.0},"geometry":{"type":"Polygon","coordinates":[[[127.64013,34.627887],[127.640136,34.628788],[127.639046,34.628794],[127.639039,34.627892],[127.64013,34.627887]]]}},{"type":"Feature","properties":{"count":3,"area":30.9,"conf_n":3,"mean_conf":0.0793,"top":"Styrofoam","top_share":1.0},"geometry":{"type":"Polygon","coordinates":[[[127.640192,34.635999],[127.640199,34.6369],[127.639108,34.636906],[127.639101,34.636005],[127.640192,34.635999]]]}},{"type":"Feature","properties":{"count":2,"area":66.0,"conf_n":0,"top":"Styrofoam","top_share":1.0},"geometry":{"type":"Polygon","coordinates":[[[127.640275,34.646815],[127.640282,34.647717],[127.639191,34.647723],[127.639184,34.646821],[127.640275,34.646815]]]}},{"type":"Feature","properties":{"count":1,"area":3.6,"conf_n":1,"mean_conf":0.153,"top":"Styrofoam","top_share":1.0},"geometry":{"type":"Polygon","coordinates":[[[127.640337,34.654928],[127.640344,34.655829],[127.639253,34.655835],[127.639247,34.654934],[127.640337,34.654928]]]}},{"type":"Feature","properties":{"count":3,"area":16.8,"conf_n":3,"mean_conf":0.2385,"top":"Styrofoam","top_share":1.0},"geometry":{"type":"Polygon","coordinates":[[[127.640782,34.712616],[127.640789,34.713517],[127.639697,34.713523],[127.63969,34.712622],[127.640782,34.712616]]]}},{"type":"Feature","properties":{"count":1,"area":16.6,"conf_n":1,"mean_conf":0.1668,"top":"Styrofoam","top_share":1.0},"geometry":{"type":"Polygon","coordinates":[[[127.640796,34.714419],[127.640803,34.71532],[127.639711,34.715326],[127.639704,34.714424],[127.640796,34.714419]]]}},{"type":"Feature","properties":{"count":3,"area":17.2,"conf_n":3,"mean_conf":0.2678,"top":"Styrofoam","top_share":1.0},"geometry":{"type":"Polygon","coordinates":[[[127.640837,34.719827],[127.640844,34.720728],[127.639753,34.720734],[127.639746,34.719833],[127.640837,34.719827]]]}},{"type":"Feature","properties":{"count":1,"area":4.1,"conf_n":1,"mean_conf":0.1252,"top":"Styrofoam","top_share":1.0},"geometry":{"type":"Polygon","coordinates":[[[127.640851,34.72163],[127.640858,34.722531],[127.639766,34.722537],[127.63976,34.721635],[127.640851,34.72163]]]}},{"type":"Feature","properties":{"count":3,"area":12.7,"conf_n":3,"mean_conf":0.2766,"top":"Styrofoam","top_share":1.0},"geometry":{"type":"Polygon","coordinates":[[[127.640784,34.571093],[127.640791,34.571995],[127.639701,34.572001],[127.639694,34.571099],[127.640784,34.571093]]]}},{"type":"Feature","properties":{"count":3,"area":30.3,"conf_n":3,"mean_conf":0.1847,"top":"Styrofoam","top_share":1.0},"geometry":{"type":"Polygon","coordinates":[[[127.641213,34.626979],[127.64122,34.627881],[127.64013,34.627887],[127.640123,34.626985],[127.641213,34.626979]]]}},{"type":"Feature","properties":{"count":1,"area":18.4,"conf_n":1,"mean_conf":0.6331,"top":"Styrofoam","top_share":1.0},"geometry":{"type":"Polygon","coordinates":[[[127.641275,34.635092],[127.641282,34.635993],[127.640192,34.635999],[127.640185,34.635098],[127.641275,34.635092]]]}},{"type":"Feature","properties":{"count":1,"area":0.3,"conf_n":1,"mean_conf":0.099,"top":"Styrofoam","top_share":1.0},"geometry":{"type":"Polygon","coordinates":[[[127.641289,34.636895],[127.641296,34.637796],[127.640206,34.637802],[127.640199,34.6369],[127.641289,34.636895]]]}},{"type":"Feature","properties":{"count":1,"area":23.1,"conf_n":1,"mean_conf":0.264,"top":"Styrofoam","top_share":1.0},"geometry":{"type":"Polygon","coordinates":[[[127.64138,34.648613],[127.641387,34.649514],[127.640296,34.64952],[127.640289,34.648618],[127.64138,34.648613]]]}},{"type":"Feature","properties":{"count":1,"area":932.7,"conf_n":0,"top":"Styrofoam","top_share":1.0},"geometry":{"type":"Polygon","coordinates":[[[127.641824,34.706301],[127.641831,34.707202],[127.64074,34.707208],[127.640733,34.706306],[127.641824,34.706301]]]}},{"type":"Feature","properties":{"count":4,"area":320.3,"conf_n":2,"mean_conf":0.1322,"top":"Styrofoam","top_share":1.0},"geometry":{"type":"Polygon","coordinates":[[[127.641852,34.709906],[127.641859,34.710807],[127.640768,34.710813],[127.640761,34.709912],[127.641852,34.709906]]]}},{"type":"Feature","properties":{"count":1,"area":56.9,"conf_n":1,"mean_conf":0.1267,"top":"Styrofoam","top_share":1.0},"geometry":{"type":"Polygon","coordinates":[[[127.642303,34.626974],[127.64231,34.627875],[127.64122,34.627881],[127.641213,34.626979],[127.642303,34.626974]]]}},{"type":"Feature","properties":{"count":1,"area":4.3,"conf_n":1,"mean_conf":0.0583,"top":"Styrofoam","top_share":1.0},"geometry":{"type":"Polygon","coordinates":[[[127.642352,34.633283],[127.642359,34.634185],[127.641269,34.63419],[127.641262,34.633289],[127.642352,34.633283]]]}},{"type":"Feature","properties":{"count":1,"area":11.6,"conf_n":1,"mean_conf":0.4027,"top":"Styrofoam","top_share":1.0},"geometry":{"type":"Polygon","coordinates":[[[127.642916,34.706295],[127.642923,34.707196],[127.641831,34.707202],[127.641824,34.706301],[127.642916,34.706295]]]}},{"type":"Feature","properties":{"count":4,"area":61.2,"conf_n":3,"mean_conf":0.0947,"top":"Styrofoam","top_share":1.0},"geometry":{"type":"Polygon","coordinates":[[[127.642923,34.707196],[127.64293,34.708097],[127.641838,34.708103],[127.641831,34.707202],[127.642923,34.707196]]]}},{"type":"Feature","properties":{"count":2,"area":73.5,"conf_n":2,"mean_conf":0.0888,"top":"Styrofoam","top_share":1.0},"geometry":{"type":"Polygon","coordinates":[[[127.64293,34.708097],[127.642937,34.708999],[127.641845,34.709005],[127.641838,34.708103],[127.64293,34.708097]]]}},{"type":"Feature","properties":{"count":1,"area":6.5,"conf_n":1,"mean_conf":0.071,"top":"Styrofoam","top_share":1.0},"geometry":{"type":"Polygon","coordinates":[[[127.642944,34.7099],[127.642951,34.710802],[127.641859,34.710807],[127.641852,34.709906],[127.642944,34.7099]]]}},{"type":"Feature","properties":{"count":2,"area":96.3,"conf_n":1,"mean_conf":0.0718,"top":"Styrofoam","top_share":1.0},"geometry":{"type":"Polygon","coordinates":[[[127.643436,34.632376],[127.643443,34.633278],[127.642352,34.633283],[127.642345,34.632382],[127.643436,34.632376]]]}},{"type":"Feature","properties":{"count":1,"area":7.3,"conf_n":1,"mean_conf":0.1783,"top":"Styrofoam","top_share":1.0},"geometry":{"type":"Polygon","coordinates":[[[127.644007,34.706289],[127.644014,34.70719],[127.642923,34.707196],[127.642916,34.706295],[127.644007,34.706289]]]}},{"type":"Feature","properties":{"count":1,"area":2.5,"conf_n":1,"mean_conf":0.2539,"top":"Styrofoam","top_share":1.0},"geometry":{"type":"Polygon","coordinates":[[[127.644088,34.575583],[127.644095,34.576485],[127.643005,34.57649],[127.642998,34.575589],[127.644088,34.575583]]]}},{"type":"Feature","properties":{"count":1,"area":93.5,"conf_n":1,"mean_conf":0.0687,"top":"Styrofoam","top_share":1.0},"geometry":{"type":"Polygon","coordinates":[[[127.644484,34.626962],[127.644491,34.627864],[127.643401,34.627869],[127.643394,34.626968],[127.644484,34.626962]]]}},{"type":"Feature","properties":{"count":4,"area":190.7,"conf_n":2,"mean_conf":0.2827,"top":"Styrofoam","top_share":1.0},"geometry":{"type":"Polygon","coordinates":[[[127.644512,34.630568],[127.644519,34.631469],[127.643429,34.631475],[127.643422,34.630573],[127.644512,34.630568]]]}},{"type":"Feature","properties":{"count":8,"area":247.5,"conf_n":3,"mean_conf":0.1974,"top":"Styrofoam","top_share":1.0},"geometry":{"type":"Polygon","coordinates":[[[127.644519,34.631469],[127.644526,34.63237],[127.643436,34.632376],[127.643429,34.631475],[127.644519,34.631469]]]}},{"type":"Feature","properties":{"count":2,"area":9.1,"conf_n":2,"mean_conf":0.1874,"top":"Styrofoam","top_share":1.0},"geometry":{"type":"Polygon","coordinates":[[[127.64517,34.574676],[127.645177,34.575577],[127.644088,34.575583],[127.644081,34.574682],[127.64517,34.574676]]]}},{"type":"Feature","properties":{"count":6,"area":48.7,"conf_n":6,"mean_conf":0.1557,"top":"Styrofoam","top_share":1.0},"geometry":{"type":"Polygon","coordinates":[[[127.645177,34.575577],[127.645184,34.576479],[127.644095,34.576485],[127.644088,34.575583],[127.645177,34.575577]]]}},{"type":"Feature","properties":{"count":1,"area":8.3,"conf_n":1,"mean_conf":0.1626,"top":"Styrofoam","top_share":1.0},"geometry":{"type":"Polygon","coordinates":[[[127.645617,34.632365],[127.645624,34.633266],[127.644533,34.633272],[127.644526,34.63237],[127.645617,34.632365]]]}},{"type":"Feature","properties":{"count":2,"area":13.1,"conf_n":2,"mean_conf":0.6124,"top":"Styrofoam","top_share":1.0},"geometry":{"type":"Polygon","coordinates":[[[127.646379,34.589994],[127.646386,34.590895],[127.645296,34.590901],[127.645289,34.59],[127.646379,34.589994]]]}},{"type":"Feature","properties":{"count":5,"area":24.0,"conf_n":5,"mean_conf":0.1202,"top":"Styrofoam","top_share":1.0},"geometry":{"type":"Polygon","coordinates":[[[127.6467,34.631458],[127.646707,34.632359],[127.645617,34.632365],[127.64561,34.631463],[127.6467,34.631458]]]}},{"type":"Feature","properties":{"count":5,"area":114.6,"conf_n":5,"mean_conf":0.0912,"top":"Styrofoam","top_share":1.0},"geometry":{"type":"Polygon","coordinates":[[[127.646707,34.632359],[127.646714,34.63326],[127.645624,34.633266],[127.645617,34.632365],[127.646707,34.632359]]]}},{"type":"Feature","properties":{"count":2,"area":118.8,"conf_n":2,"mean_conf":0.0572,"top":"Styrofoam","top_share":1.0},"geometry":{"type":"Polygon","coordinates":[[[127.646714,34.63326],[127.646721,34.634162],[127.645631,34.634167],[127.645624,34.633266],[127.646714,34.63326]]]}},{"type":"Feature","properties":{"count":1,"area":7.1,"conf_n":1,"mean_conf":0.1456,"top":"Styrofoam","top_share":1.0},"geometry":{"type":"Polygon","coordinates":[[[127.647275,34.70537],[127.647282,34.706272],[127.64619,34.706277],[127.646183,34.705376],[127.647275,34.70537]]]}},{"type":"Feature","properties":{"count":2,"area":22.2,"conf_n":2,"mean_conf":0.1308,"top":"Styrofoam","top_share":1.0},"geometry":{"type":"Polygon","coordinates":[[[127.647812,34.634156],[127.647819,34.635057],[127.646728,34.635063],[127.646721,34.634162],[127.647812,34.634156]]]}},{"type":"Feature","properties":{"count":3,"area":11.5,"conf_n":3,"mean_conf":0.211,"top":"Styrofoam","top_share":1.0},"geometry":{"type":"Polygon","coordinates":[[[127.647819,34.635057],[127.647826,34.635959],[127.646735,34.635964],[127.646728,34.635063],[127.647819,34.635057]]]}},{"type":"Feature","properties":{"count":2,"area":72.0,"conf_n":2,"mean_conf":0.0894,"top":"Styrofoam","top_share":1.0},"geometry":{"type":"Polygon","coordinates":[[[127.648366,34.705364],[127.648373,34.706266],[127.647282,34.706272],[127.647275,34.70537],[127.648366,34.705364]]]}},{"type":"Feature","properties":{"count":2,"area":19.8,"conf_n":2,"mean_conf":0.3454,"top":"Styrofoam","top_share":1.0},"geometry":{"type":"Polygon","coordinates":[[[127.648489,34.580968],[127.648496,34.58187],[127.647406,34.581876],[127.647399,34.580974],[127.648489,34.580968]]]}},{"type":"Feature","properties":{"count":1,"area":3.1,"conf_n":1,"mean_conf":0.2396,"top":"Styrofoam","top_share":1.0},"geometry":{"type":"Polygon","coordinates":[[[127.648559,34.589982],[127.648566,34.590884],[127.647476,34.590889],[127.647469,34.589988],[127.648559,34.589982]]]}},{"type":"Feature","properties":{"count":1,"area":61.4,"conf_n":1,"mean_conf":0.0836,"top":"Styrofoam","top_share":1.0},"geometry":{"type":"Polygon","coordinates":[[[127.648909,34.635051],[127.648916,34.635953],[127.647826,34.635959],[127.647819,34.635057],[127.648909,34.635051]]]}},{"type":"Feature","properties":{"count":3,"area":62.7,"conf_n":3,"mean_conf":0.1033,"top":"Styrofoam","top_share":1.0},"geometry":{"type":"Polygon","coordinates":[[[127.648916,34.635953],[127.648923,34.636854],[127.647833,34.63686],[127.647826,34.635959],[127.648916,34.635953]]]}},{"type":"Feature","properties":{"count":1,"area":2.6,"conf_n":1,"mean_conf":0.0715,"top":"Styrofoam","top_share":1.0},"geometry":{"type":"Polygon","coordinates":[[[127.649578,34.580963],[127.649585,34.581864],[127.648496,34.58187],[127.648489,34.580968],[127.649578,34.580963]]]}},{"type":"Feature","properties":{"count":1,"area":31.3,"conf_n":1,"mean_conf":0.3617,"top":"Styrofoam","top_share":1.0},"geometry":{"type":"Polygon","coordinates":[[[127.65,34.635046],[127.650007,34.635947],[127.648916,34.635953],[127.648909,34.635051],[127.65,34.635046]]]}},{"type":"Feature","properties":{"count":1,"area":3.2,"conf_n":1,"mean_conf":0.0885,"top":"Styrofoam","top_share":1.0},"geometry":{"type":"Polygon","coordinates":[[[127.650007,34.635947],[127.650014,34.636848],[127.648923,34.636854],[127.648916,34.635953],[127.650007,34.635947]]]}},{"type":"Feature","properties":{"count":2,"area":7.2,"conf_n":2,"mean_conf":0.2629,"top":"Styrofoam","top_share":1.0},"geometry":{"type":"Polygon","coordinates":[[[127.65076,34.592675],[127.650767,34.593576],[127.649677,34.593582],[127.64967,34.592681],[127.65076,34.592675]]]}},{"type":"Feature","properties":{"count":2,"area":6.9,"conf_n":2,"mean_conf":0.09,"top":"Styrofoam","top_share":1.0},"geometry":{"type":"Polygon","coordinates":[[[127.650767,34.593576],[127.650774,34.594478],[127.649684,34.594483],[127.649677,34.593582],[127.650767,34.593576]]]}},{"type":"Feature","properties":{"count":1,"area":0.3,"conf_n":1,"mean_conf":0.6272,"top":"Styrofoam","top_share":1.0},"geometry":{"type":"Polygon","coordinates":[[[127.650886,34.6089],[127.650893,34.609801],[127.649803,34.609807],[127.649796,34.608906],[127.650886,34.6089]]]}},{"type":"Feature","properties":{"count":1,"area":2.5,"conf_n":1,"mean_conf":0.0989,"top":"Styrofoam","top_share":1.0},"geometry":{"type":"Polygon","coordinates":[[[127.650893,34.609801],[127.6509,34.610703],[127.64981,34.610708],[127.649803,34.609807],[127.650893,34.609801]]]}},{"type":"Feature","properties":{"count":1,"area":15.4,"conf_n":1,"mean_conf":0.1303,"top":"Styrofoam","top_share":1.0},"geometry":{"type":"Polygon","coordinates":[[[127.651097,34.635941],[127.651104,34.636843],[127.650014,34.636848],[127.650007,34.635947],[127.651097,34.635941]]]}},{"type":"Feature","properties":{"count":3,"area":12.1,"conf_n":3,"mean_conf":0.0637,"top":"Styrofoam","top_share":1.0},"geometry":{"type":"Polygon","coordinates":[[[127.651857,34.59357],[127.651864,34.594472],[127.650774,34.594478],[127.650767,34.593576],[127.651857,34.59357]]]}},{"type":"Feature","properties":{"count":2,"area":6.9,"conf_n":2,"mean_conf":0.0927,"top":"Styrofoam","top_share":1.0},"geometry":{"type":"Polygon","coordinates":[[[127.651871,34.595373],[127.651878,34.596275],[127.650788,34.59628],[127.650781,34.595379],[127.651871,34.595373]]]}},{"type":"Feature","properties":{"count":1,"area":373.8,"conf_n":0,"top":"Styrofoam","top_share":1.0},"geometry":{"type":"Polygon","coordinates":[[[127.651906,34.59988],[127.651913,34.600781],[127.650823,34.600787],[127.650816,34.599886],[127.651906,34.59988]]]}},{"type":"Feature","properties":{"count":1,"area":3.9,"conf_n":1,"mean_conf":0.0553,"top":"Styrofoam","top_share":1.0},"geometry":{"type":"Polygon","coordinates":[[[127.651913,34.600781],[127.65192,34.601683],[127.65083,34.601689],[127.650823,34.600787],[127.651913,34.600781]]]}},{"type":"Feature","properties":{"count":1,"area":6.1,"conf_n":1,"mean_conf":0.1282,"top":"Styrofoam","top_share":1.0},"geometry":{"type":"Polygon","coordinates":[[[127.651998,34.611598],[127.652005,34.612499],[127.650914,34.612505],[127.650907,34.611604],[127.651998,34.611598]]]}},{"type":"Feature","properties":{"count":4,"area":24.9,"conf_n":4,"mean_conf":0.1207,"top":"Styrofoam","top_share":1.0},"geometry":{"type":"Polygon","coordinates":[[[127.652005,34.612499],[127.652012,34.613401],[127.650921,34.613407],[127.650914,34.612505],[127.652005,34.612499]]]}},{"type":"Feature","properties":{"count":2,"area":14.3,"conf_n":2,"mean_conf":0.2594,"top":"Styrofoam","top_share":1.0},"geometry":{"type":"Polygon","coordinates":[[[127.652096,34.624217],[127.652103,34.625119],[127.651013,34.625125],[127.651006,34.624223],[127.652096,34.624217]]]}},{"type":"Feature","properties":{"count":1,"area":15.1,"conf_n":1,"mean_conf":0.1104,"top":"Styrofoam","top_share":1.0},"geometry":{"type":"Polygon","coordinates":[[[127.65289,34.586354],[127.652897,34.587255],[127.651807,34.587261],[127.6518,34.586359],[127.65289,34.586354]]]}},{"type":"Feature","properties":{"count":1,"area":26.9,"conf_n":0,"top":"Styrofoam","top_share":1.0},"geometry":{"type":"Polygon","coordinates":[[[127.652897,34.587255],[127.652904,34.588156],[127.651814,34.588162],[127.651807,34.587261],[127.652897,34.587255]]]}},{"type":"Feature","properties":{"count":4,"area":20.7,"conf_n":4,"mean_conf":0.1896,"top":"Styrofoam","top_share":1.0},"geometry":{"type":"Polygon","coordinates":[[[127.653994,34.58815],[127.654001,34.589052],[127.652911,34.589058],[127.652904,34.588156],[127.653994,34.58815]]]}},{"type":"Feature","properties":{"count":1,"area":32.2,"conf_n":0,"top":"Styrofoam","top_share":1.0},"geometry":{"type":"Polygon","coordinates":[[[127.654001,34.589052],[127.654008,34.589953],[127.652918,34.589959],[127.652911,34.589058],[127.654001,34.589052]]]}},{"type":"Feature","properties":{"count":1,"area":32.4,"conf_n":1,"mean_conf":0.2302,"top":"Styrofoam","top_share":1.0},"geometry":{"type":"Polygon","coordinates":[[[127.654065,34.597164],[127.654072,34.598066],[127.652982,34.598072],[127.652975,34.59717],[127.654065,34.597164]]]}},{"type":"Feature","properties":{"count":1,"area":2.1,"conf_n":1,"mean_conf":0.1602,"top":"Styrofoam","top_share":1.0},"geometry":{"type":"Polygon","coordinates":[[[127.655098,34.589947],[127.655105,34.590849],[127.654015,34.590855],[127.654008,34.589953],[127.655098,34.589947]]]}},{"type":"Feature","properties":{"count":1,"area":2.6,"conf_n":1,"mean_conf":0.1466,"top":"Styrofoam","top_share":1.0},"geometry":{"type":"Polygon","coordinates":[[[127.655155,34.597158],[127.655162,34.59806],[127.654072,34.598066],[127.654065,34.597164],[127.655155,34.597158]]]}},{"type":"Feature","properties":{"count":1,"area":4.8,"conf_n":1,"mean_conf":0.0793,"top":"Styrofoam","top_share":1.0},"geometry":{"type":"Polygon","coordinates":[[[127.656188,34.589942],[127.656195,34.590843],[127.655105,34.590849],[127.655098,34.589947],[127.656188,34.589942]]]}},{"type":"Feature","properties":{"count":2,"area":3.9,"conf_n":2,"mean_conf":0.0577,"top":"Styrofoam","top_share":1.0},"geometry":{"type":"Polygon","coordinates":[[[127.656203,34.591744],[127.65621,34.592646],[127.65512,34.592652],[127.655113,34.59175],[127.656203,34.591744]]]}},{"type":"Feature","properties":{"count":1,"area":1.8,"conf_n":1,"mean_conf":0.0697,"top":"Styrofoam","top_share":1.0},"geometry":{"type":"Polygon","coordinates":[[[127.657292,34.591738],[127.6573,34.59264],[127.65621,34.592646],[127.656203,34.591744],[127.657292,34.591738]]]}},{"type":"Feature","properties":{"count":5,"area":15.6,"conf_n":5,"mean_conf":0.1012,"top":"Styrofoam","top_share":1.0},"geometry":{"type":"Polygon","coordinates":[[[127.657307,34.593541],[127.657314,34.594443],[127.656224,34.594448],[127.656217,34.593547],[127.657307,34.593541]]]}},{"type":"Feature","properties":{"count":1,"area":3.8,"conf_n":1,"mean_conf":0.2978,"top":"Styrofoam","top_share":1.0},"geometry":{"type":"Polygon","coordinates":[[[127.658468,34.740465],[127.658475,34.741366],[127.657383,34.741372],[127.657376,34.740471],[127.658468,34.740465]]]}},{"type":"Feature","properties":{"count":3,"area":169.9,"conf_n":3,"mean_conf":0.1096,"top":"Styrofoam","top_share":1.0},"geometry":{"type":"Polygon","coordinates":[[[127.658475,34.741366],[127.658482,34.742268],[127.657391,34.742274],[127.657383,34.741372],[127.658475,34.741366]]]}},{"type":"Feature","properties":{"count":2,"area":6.3,"conf_n":2,"mean_conf":0.0795,"top":"Styrofoam","top_share":1.0},"geometry":{"type":"Polygon","coordinates":[[[127.658311,34.582719],[127.658318,34.58362],[127.657229,34.583626],[127.657222,34.582725],[127.658311,34.582719]]]}},{"type":"Feature","properties":{"count":3,"area":21.3,"conf_n":3,"mean_conf":0.1949,"top":"Styrofoam","top_share":1.0},"geometry":{"type":"Polygon","coordinates":[[[127.658318,34.58362],[127.658326,34.584521],[127.657236,34.584527],[127.657229,34.583626],[127.658318,34.58362]]]}},{"type":"Feature","properties":{"count":1,"area":84.2,"conf_n":0,"top":"Styrofoam","top_share":1.0},"geometry":{"type":"Polygon","coordinates":[[[127.658382,34.591733],[127.65839,34.592634],[127.6573,34.59264],[127.657292,34.591738],[127.658382,34.591733]]]}},{"type":"Feature","properties":{"count":3,"area":29.0,"conf_n":3,"mean_conf":0.1104,"top":"Styrofoam","top_share":1.0},"geometry":{"type":"Polygon","coordinates":[[[127.65839,34.592634],[127.658397,34.593535],[127.657307,34.593541],[127.6573,34.59264],[127.65839,34.592634]]]}},{"type":"Feature","properties":{"count":1,"area":15.2,"conf_n":1,"mean_conf":0.2919,"top":"Styrofoam","top_share":1.0},"geometry":{"type":"Polygon","coordinates":[[[127.658397,34.593535],[127.658404,34.594437],[127.657314,34.594443],[127.657307,34.593541],[127.658397,34.593535]]]}},{"type":"Feature","properties":{"count":1,"area":7.7,"conf_n":1,"mean_conf":0.099,"top":"Styrofoam","top_share":1.0},"geometry":{"type":"Polygon","coordinates":[[[127.659567,34.74136],[127.659574,34.742262],[127.658482,34.742268],[127.658475,34.741366],[127.659567,34.74136]]]}},{"type":"Feature","properties":{"count":1,"area":0.0,"conf_n":1,"mean_conf":0.1197,"top":"Styrofoam","top_share":1.0},"geometry":{"type":"Polygon","coordinates":[[[127.659529,34.598938],[127.659537,34.599839],[127.658446,34.599845],[127.658439,34.598944],[127.659529,34.598938]]]}},{"type":"Feature","properties":{"count":1,"area":3.2,"conf_n":1,"mean_conf":0.1433,"top":"Styrofoam","top_share":1.0},"geometry":{"type":"Polygon","coordinates":[[[127.659537,34.599839],[127.659544,34.60074],[127.658454,34.600746],[127.658446,34.599845],[127.659537,34.599839]]]}},{"type":"Feature","properties":{"count":7,"area":313.4,"conf_n":2,"mean_conf":0.4441,"top":"Styrofoam","top_share":1.0},"geometry":{"type":"Polygon","coordinates":[[[127.661588,34.583602],[127.661595,34.584504],[127.660505,34.58451],[127.660498,34.583608],[127.661588,34.583602]]]}},{"type":"Feature","properties":{"count":3,"area":338.3,"conf_n":1,"mean_conf":0.2334,"top":"Styrofoam","top_share":1.0},"geometry":{"type":"Polygon","coordinates":[[[127.661724,34.600729],[127.661731,34.60163],[127.660641,34.601636],[127.660634,34.600735],[127.661724,34.600729]]]}},{"type":"Feature","properties":{"count":2,"area":329.3,"conf_n":1,"mean_conf":0.2307,"top":"Styrofoam","top_share":1.0},"geometry":{"type":"Polygon","coordinates":[[[127.661731,34.60163],[127.661738,34.602531],[127.660648,34.602537],[127.660641,34.601636],[127.661731,34.60163]]]}},{"type":"Feature","properties":{"count":4,"area":8.8,"conf_n":4,"mean_conf":0.1456,"top":"Styrofoam","top_share":1.0},"geometry":{"type":"Polygon","coordinates":[[[127.662678,34.583596],[127.662685,34.584498],[127.661595,34.584504],[127.661588,34.583602],[127.662678,34.583596]]]}},{"type":"Feature","properties":{"count":1,"area":14.2,"conf_n":1,"mean_conf":0.2458,"top":"Styrofoam","top_share":1.0},"geometry":{"type":"Polygon","coordinates":[[[127.663553,34.556549],[127.66356,34.55745],[127.662471,34.557456],[127.662463,34.556555],[127.663553,34.556549]]]}},{"type":"Feature","properties":{"count":4,"area":57.3,"conf_n":4,"mean_conf":0.3228,"top":"Styrofoam","top_share":1.0},"geometry":{"type":"Polygon","coordinates":[[[127.66356,34.55745],[127.663567,34.558352],[127.662478,34.558358],[127.662471,34.557456],[127.66356,34.55745]]]}},{"type":"Feature","properties":{"count":3,"area":105.3,"conf_n":0,"top":"Styrofoam","top_share":1.0},"geometry":{"type":"Polygon","coordinates":[[[127.663761,34.582689],[127.663768,34.583591],[127.662678,34.583596],[127.662671,34.582695],[127.663761,34.582689]]]}},{"type":"Feature","properties":{"count":2,"area":73.7,"conf_n":0,"top":"Styrofoam","top_share":1.0},"geometry":{"type":"Polygon","coordinates":[[[127.665933,34.581776],[127.66594,34.582677],[127.66485,34.582683],[127.664843,34.581782],[127.665933,34.581776]]]}},{"type":"Feature","properties":{"count":1,"area":15.8,"conf_n":1,"mean_conf":0.1132,"top":"Styrofoam","top_share":1.0},"geometry":{"type":"Polygon","coordinates":[[[127.668106,34.580863],[127.668113,34.581764],[127.667023,34.58177],[127.667016,34.580869],[127.668106,34.580863]]]}},{"type":"Feature","properties":{"count":1,"area":13.5,"conf_n":1,"mean_conf":0.3437,"top":"Styrofoam","top_share":1.0},"geometry":{"type":"Polygon","coordinates":[[[127.668113,34.581764],[127.66812,34.582665],[127.66703,34.582671],[127.667023,34.58177],[127.668113,34.581764]]]}},{"type":"Feature","properties":{"count":2,"area":7.0,"conf_n":2,"mean_conf":0.081,"top":"Styrofoam","top_share":1.0},"geometry":{"type":"Polygon","coordinates":[[[127.669145,34.574547],[127.669152,34.575448],[127.668062,34.575454],[127.668055,34.574553],[127.669145,34.574547]]]}},{"type":"Feature","properties":{"count":1,"area":2.6,"conf_n":1,"mean_conf":0.1128,"top":"Styrofoam","top_share":1.0},"geometry":{"type":"Polygon","coordinates":[[[127.669188,34.579955],[127.669195,34.580857],[127.668106,34.580863],[127.668098,34.579961],[127.669188,34.579955]]]}},{"type":"Feature","properties":{"count":1,"area":2.6,"conf_n":1,"mean_conf":0.1533,"top":"Styrofoam","top_share":1.0},"geometry":{"type":"Polygon","coordinates":[[[127.670119,34.560119],[127.670126,34.56102],[127.669037,34.561026],[127.669029,34.560125],[127.670119,34.560119]]]}},{"type":"Feature","properties":{"count":1,"area":13.5,"conf_n":1,"mean_conf":0.2219,"top":"Styrofoam","top_share":1.0},"geometry":{"type":"Polygon","coordinates":[[[127.670213,34.571837],[127.67022,34.572738],[127.66913,34.572744],[127.669123,34.571843],[127.670213,34.571837]]]}},{"type":"Feature","properties":{"count":1,"area":6.6,"conf_n":1,"mean_conf":0.3107,"top":"Styrofoam","top_share":1.0},"geometry":{"type":"Polygon","coordinates":[[[127.670227,34.57364],[127.670235,34.574541],[127.669145,34.574547],[127.669138,34.573646],[127.670227,34.57364]]]}},{"type":"Feature","properties":{"count":1,"area":2.6,"conf_n":1,"mean_conf":0.0789,"top":"Styrofoam","top_share":1.0},"geometry":{"type":"Polygon","coordinates":[[[127.670235,34.574541],[127.670242,34.575442],[127.669152,34.575448],[127.669145,34.574547],[127.670235,34.574541]]]}},{"type":"Feature","properties":{"count":2,"area":5.1,"conf_n":2,"mean_conf":0.328,"top":"Styrofoam","top_share":1.0},"geometry":{"type":"Polygon","coordinates":[[[127.670242,34.575442],[127.670249,34.576344],[127.669159,34.57635],[127.669152,34.575448],[127.670242,34.575442]]]}},{"type":"Feature","properties":{"count":1,"area":2.3,"conf_n":1,"mean_conf":0.0513,"top":"Styrofoam","top_share":1.0},"geometry":{"type":"Polygon","coordinates":[[[127.671208,34.560113],[127.671216,34.561014],[127.670126,34.56102],[127.670119,34.560119],[127.671208,34.560113]]]}},{"type":"Feature","properties":{"count":10,"area":152.2,"conf_n":10,"mean_conf":0.143,"top":"Styrofoam","top_share":1.0},"geometry":{"type":"Polygon","coordinates":[[[127.671295,34.570929],[127.671303,34.571831],[127.670213,34.571837],[127.670206,34.570935],[127.671295,34.570929]]]}},{"type":"Feature","properties":{"count":7,"area":62.2,"conf_n":7,"mean_conf":0.1811,"top":"Styrofoam","top_share":1.0},"geometry":{"type":"Polygon","coordinates":[[[127.671303,34.571831],[127.67131,34.572732],[127.67022,34.572738],[127.670213,34.571837],[127.671303,34.571831]]]}},{"type":"Feature","properties":{"count":1,"area":1.8,"conf_n":1,"mean_conf":0.1066,"top":"Styrofoam","top_share":1.0},"geometry":{"type":"Polygon","coordinates":[[[127.67131,34.572732],[127.671317,34.573634],[127.670227,34.57364],[127.67022,34.572738],[127.67131,34.572732]]]}},{"type":"Feature","properties":{"count":2,"area":195.9,"conf_n":2,"mean_conf":0.1231,"top":"Styrofoam","top_share":1.0},"geometry":{"type":"Polygon","coordinates":[[[127.672392,34.571825],[127.6724,34.572726],[127.67131,34.572732],[127.671303,34.571831],[127.672392,34.571825]]]}},{"type":"Feature","properties":{"count":4,"area":111.5,"conf_n":2,"mean_conf":0.1101,"top":"Styrofoam","top_share":1.0},"geometry":{"type":"Polygon","coordinates":[[[127.677841,34.571795],[127.677848,34.572696],[127.676758,34.572702],[127.676751,34.571801],[127.677841,34.571795]]]}},{"type":"Feature","properties":{"count":2,"area":10.7,"conf_n":2,"mean_conf":0.2174,"top":"Styrofoam","top_share":1.0},"geometry":{"type":"Polygon","coordinates":[[[127.677848,34.572696],[127.677856,34.573597],[127.676766,34.573604],[127.676758,34.572702],[127.677848,34.572696]]]}},{"type":"Feature","properties":{"count":3,"area":48.8,"conf_n":3,"mean_conf":0.0994,"top":"Styrofoam","top_share":1.0},"geometry":{"type":"Polygon","coordinates":[[[127.678865,34.563676],[127.678872,34.564578],[127.677782,34.564584],[127.677775,34.563682],[127.678865,34.563676]]]}},{"type":"Feature","properties":{"count":1,"area":4.8,"conf_n":1,"mean_conf":0.0549,"top":"Styrofoam","top_share":1.0},"geometry":{"type":"Polygon","coordinates":[[[127.679984,34.567276],[127.679991,34.568177],[127.678901,34.568183],[127.678894,34.567282],[127.679984,34.567276]]]}},{"type":"Feature","properties":{"count":3,"area":12.8,"conf_n":3,"mean_conf":0.0947,"top":"Styrofoam","top_share":1.0},"geometry":{"type":"Polygon","coordinates":[[[127.680006,34.56998],[127.680013,34.570881],[127.678923,34.570887],[127.678916,34.569986],[127.680006,34.56998]]]}},{"type":"Feature","properties":{"count":8,"area":117.7,"conf_n":7,"mean_conf":0.1329,"top":"Styrofoam","top_share":1.0},"geometry":{"type":"Polygon","coordinates":[[[127.680079,34.578994],[127.680086,34.579895],[127.678997,34.579901],[127.678989,34.579],[127.680079,34.578994]]]}},{"type":"Feature","properties":{"count":1,"area":97.0,"conf_n":0,"top":"Styrofoam","top_share":1.0},"geometry":{"type":"Polygon","coordinates":[[[127.680866,34.675441],[127.680874,34.676342],[127.679783,34.676348],[127.679775,34.675447],[127.680866,34.675441]]]}},{"type":"Feature","properties":{"count":8,"area":151.6,"conf_n":8,"mean_conf":0.1278,"top":"Styrofoam","top_share":1.0},"geometry":{"type":"Polygon","coordinates":[[[127.681154,34.577185],[127.681161,34.578086],[127.680072,34.578092],[127.680064,34.577191],[127.681154,34.577185]]]}},{"type":"Feature","properties":{"count":1,"area":4.8,"conf_n":1,"mean_conf":0.5206,"top":"Styrofoam","top_share":1.0},"geometry":{"type":"Polygon","coordinates":[[[127.681287,34.59341],[127.681294,34.594311],[127.680204,34.594317],[127.680197,34.593416],[127.681287,34.59341]]]}},{"type":"Feature","properties":{"count":1,"area":10.2,"conf_n":1,"mean_conf":0.0883,"top":"Styrofoam","top_share":1.0},"geometry":{"type":"Polygon","coordinates":[[[127.681301,34.595212],[127.681309,34.596114],[127.680219,34.59612],[127.680211,34.595219],[127.681301,34.595212]]]}},{"type":"Feature","properties":{"count":3,"area":10.6,"conf_n":3,"mean_conf":0.1888,"top":"Styrofoam","top_share":1.0},"geometry":{"type":"Polygon","coordinates":[[[127.682185,34.569968],[127.682192,34.570869],[127.681103,34.570875],[127.681095,34.569974],[127.682185,34.569968]]]}},{"type":"Feature","properties":{"count":1,"area":252.3,"conf_n":0,"top":"Styrofoam","top_share":1.0},"geometry":{"type":"Polygon","coordinates":[[[127.682251,34.57808],[127.682259,34.578981],[127.681169,34.578988],[127.681161,34.578086],[127.682251,34.57808]]]}},{"type":"Feature","properties":{"count":2,"area":24.4,"conf_n":0,"top":"Styrofoam","top_share":1.0},"geometry":{"type":"Polygon","coordinates":[[[127.682259,34.578981],[127.682266,34.579883],[127.681176,34.579889],[127.681169,34.578988],[127.682259,34.578981]]]}},{"type":"Feature","properties":{"count":1,"area":8.3,"conf_n":1,"mean_conf":0.3347,"top":"Styrofoam","top_share":1.0},"geometry":{"type":"Polygon","coordinates":[[[127.682266,34.579883],[127.682273,34.580784],[127.681184,34.58079],[127.681176,34.579889],[127.682266,34.579883]]]}},{"type":"Feature","properties":{"count":1,"area":3.1,"conf_n":1,"mean_conf":0.0502,"top":"Styrofoam","top_share":1.0},"geometry":{"type":"Polygon","coordinates":[[[127.682369,34.592502],[127.682377,34.593404],[127.681287,34.59341],[127.681279,34.592508],[127.682369,34.592502]]]}},{"type":"Feature","properties":{"count":6,"area":307.3,"conf_n":5,"mean_conf":0.1521,"top":"Styrofoam","top_share":1.0},"geometry":{"type":"Polygon","coordinates":[[[127.683056,34.67633],[127.683063,34.677231],[127.681972,34.677237],[127.681965,34.676336],[127.683056,34.67633]]]}},{"type":"Feature","properties":{"count":7,"area":78.2,"conf_n":7,"mean_conf":0.3792,"top":"Styrofoam","top_share":1.0},"geometry":{"type":"Polygon","coordinates":[[[127.683444,34.590693],[127.683452,34.591595],[127.682362,34.591601],[127.682354,34.590699],[127.683444,34.590693]]]}},{"type":"Feature","properties":{"count":6,"area":119.8,"conf_n":6,"mean_conf":0.1658,"top":"Styrofoam","top_share":1.0},"geometry":{"type":"Polygon","coordinates":[[[127.683452,34.591595],[127.683459,34.592496],[127.682369,34.592502],[127.682362,34.591601],[127.683452,34.591595]]]}},{"type":"Feature","properties":{"count":2,"area":71.6,"conf_n":1,"mean_conf":0.3017,"top":"Styrofoam","top_share":1.0},"geometry":{"type":"Polygon","coordinates":[[[127.68414,34.675422],[127.684147,34.676324],[127.683056,34.67633],[127.683049,34.675429],[127.68414,34.675422]]]}},{"type":"Feature","properties":{"count":1,"area":7.6,"conf_n":1,"mean_conf":0.4187,"top":"Styrofoam","top_share":1.0},"geometry":{"type":"Polygon","coordinates":[[[127.684364,34.569955],[127.684372,34.570857],[127.683282,34.570863],[127.683275,34.569962],[127.684364,34.569955]]]}},{"type":"Feature","properties":{"count":1,"area":4.8,"conf_n":1,"mean_conf":0.2095,"top":"Styrofoam","top_share":1.0},"geometry":{"type":"Polygon","coordinates":[[[127.684387,34.57266],[127.684394,34.573561],[127.683304,34.573567],[127.683297,34.572666],[127.684387,34.57266]]]}},{"type":"Feature","properties":{"count":6,"area":341.3,"conf_n":5,"mean_conf":0.1091,"top":"Styrofoam","top_share":1.0},"geometry":{"type":"Polygon","coordinates":[[[127.684394,34.573561],[127.684401,34.574462],[127.683312,34.574468],[127.683304,34.573567],[127.684394,34.573561]]]}},{"type":"Feature","properties":{"count":3,"area":13.2,"conf_n":3,"mean_conf":0.0856,"top":"Styrofoam","top_share":1.0},"geometry":{"type":"Polygon","coordinates":[[[127.68452,34.588884],[127.684527,34.589786],[127.683437,34.589792],[127.68343,34.588891],[127.68452,34.588884]]]}},{"type":"Feature","properties":{"count":2,"area":7.1,"conf_n":2,"mean_conf":0.0716,"top":"Styrofoam","top_share":1.0},"geometry":{"type":"Polygon","coordinates":[[[127.684527,34.589786],[127.684534,34.590687],[127.683444,34.590693],[127.683437,34.589792],[127.684527,34.589786]]]}},{"type":"Feature","properties":{"count":5,"area":139.5,"conf_n":3,"mean_conf":0.1103,"top":"Styrofoam","top_share":1.0},"geometry":{"type":"Polygon","coordinates":[[[127.685454,34.569949],[127.685461,34.570851],[127.684372,34.570857],[127.684364,34.569955],[127.685454,34.569949]]]}},{"type":"Feature","properties":{"count":1,"area":65.0,"conf_n":0,"top":"Styrofoam","top_share":1.0},"geometry":{"type":"Polygon","coordinates":[[[127.685461,34.570851],[127.685469,34.571752],[127.684379,34.571758],[127.684372,34.570857],[127.685461,34.570851]]]}},{"type":"Feature","properties":{"count":3,"area":48.3,"conf_n":3,"mean_conf":0.1713,"top":"Styrofoam","top_share":1.0},"geometry":{"type":"Polygon","coordinates":[[[127.685469,34.571752],[127.685476,34.572653],[127.684387,34.57266],[127.684379,34.571758],[127.685469,34.571752]]]}},{"type":"Feature","properties":{"count":3,"area":29.1,"conf_n":3,"mean_conf":0.0661,"top":"Styrofoam","top_share":1.0},"geometry":{"type":"Polygon","coordinates":[[[127.685476,34.572653],[127.685484,34.573555],[127.684394,34.573561],[127.684387,34.57266],[127.685476,34.572653]]]}},{"type":"Feature","properties":{"count":1,"area":2.2,"conf_n":1,"mean_conf":0.0625,"top":"Styrofoam","top_share":1.0},"geometry":{"type":"Polygon","coordinates":[[[127.685602,34.587977],[127.685609,34.588878],[127.68452,34.588884],[127.684512,34.587983],[127.685602,34.587977]]]}},{"type":"Feature","properties":{"count":2,"area":148.3,"conf_n":1,"mean_conf":0.2086,"top":"Styrofoam","top_share":1.0},"geometry":{"type":"Polygon","coordinates":[[[127.686559,34.571746],[127.686566,34.572647],[127.685476,34.572653],[127.685469,34.571752],[127.686559,34.571746]]]}},{"type":"Feature","properties":{"count":1,"area":344.4,"conf_n":0,"top":"Styrofoam","top_share":1.0},"geometry":{"type":"Polygon","coordinates":[[[127.686566,34.572647],[127.686573,34.573549],[127.685484,34.573555],[127.685476,34.572653],[127.686566,34.572647]]]}},{"type":"Feature","properties":{"count":2,"area":6.8,"conf_n":2,"mean_conf":0.0659,"top":"Styrofoam","top_share":1.0},"geometry":{"type":"Polygon","coordinates":[[[127.686699,34.588872],[127.686707,34.589774],[127.685617,34.58978],[127.685609,34.588878],[127.686699,34.588872]]]}},{"type":"Feature","properties":{"count":2,"area":15.5,"conf_n":2,"mean_conf":0.0937,"top":"Styrofoam","top_share":1.0},"geometry":{"type":"Polygon","coordinates":[[[127.687641,34.570838],[127.687648,34.57174],[127.686559,34.571746],[127.686551,34.570845],[127.687641,34.570838]]]}},{"type":"Feature","properties":{"count":1,"area":70.5,"conf_n":1,"mean_conf":0.408,"top":"Styrofoam","top_share":1.0},"geometry":{"type":"Polygon","coordinates":[[[127.687678,34.575345],[127.687685,34.576247],[127.686596,34.576253],[127.686588,34.575352],[127.687678,34.575345]]]}},{"type":"Feature","properties":{"count":1,"area":14.2,"conf_n":1,"mean_conf":0.2435,"top":"Styrofoam","top_share":1.0},"geometry":{"type":"Polygon","coordinates":[[[127.688803,34.711452],[127.68881,34.712354],[127.687718,34.71236],[127.687711,34.711459],[127.688803,34.711452]]]}},{"type":"Feature","properties":{"count":3,"area":20.6,"conf_n":3,"mean_conf":0.2045,"top":"Styrofoam","top_share":1.0},"geometry":{"type":"Polygon","coordinates":[[[127.688649,34.560917],[127.688656,34.561818],[127.687567,34.561825],[127.687559,34.560923],[127.688649,34.560917]]]}},{"type":"Feature","properties":{"count":1,"area":8.8,"conf_n":1,"mean_conf":0.1173,"top":"Styrofoam","top_share":1.0},"geometry":{"type":"Polygon","coordinates":[[[127.688664,34.56272],[127.688671,34.563621],[127.687581,34.563627],[127.687574,34.562726],[127.688664,34.56272]]]}},{"type":"Feature","properties":{"count":1,"area":33.5,"conf_n":1,"mean_conf":0.0614,"top":"Styrofoam","top_share":1.0},"geometry":{"type":"Polygon","coordinates":[[[127.688731,34.570832],[127.688738,34.571734],[127.687648,34.57174],[127.687641,34.570838],[127.688731,34.570832]]]}},{"type":"Feature","properties":{"count":1,"area":10.1,"conf_n":1,"mean_conf":0.2812,"top":"Styrofoam","top_share":1.0},"geometry":{"type":"Polygon","coordinates":[[[127.689887,34.710545],[127.689894,34.711446],[127.688803,34.711452],[127.688795,34.710551],[127.689887,34.710545]]]}},{"type":"Feature","properties":{"count":1,"area":180.4,"conf_n":0,"top":"Styrofoam","top_share":1.0},"geometry":{"type":"Polygon","coordinates":[[[127.689894,34.711446],[127.689902,34.712348],[127.68881,34.712354],[127.688803,34.711452],[127.689894,34.711446]]]}},{"type":"Feature","properties":{"count":2,"area":16.0,"conf_n":2,"mean_conf":0.1459,"top":"Styrofoam","top_share":1.0},"geometry":{"type":"Polygon","coordinates":[[[127.68982,34.570826],[127.689828,34.571728],[127.688738,34.571734],[127.688731,34.570832],[127.68982,34.570826]]]}},{"type":"Feature","properties":{"count":5,"area":441.1,"conf_n":5,"mean_conf":0.1354,"top":"Styrofoam","top_share":1.0},"geometry":{"type":"Polygon","coordinates":[[[127.689857,34.575333],[127.689865,34.576234],[127.688775,34.576241],[127.688768,34.575339],[127.689857,34.575333]]]}},{"type":"Feature","properties":{"count":1,"area":22.4,"conf_n":1,"mean_conf":0.0815,"top":"Styrofoam","top_share":1.0},"geometry":{"type":"Polygon","coordinates":[[[127.690006,34.593361],[127.690014,34.594262],[127.688924,34.594268],[127.688916,34.593367],[127.690006,34.593361]]]}},{"type":"Feature","properties":{"count":2,"area":7.8,"conf_n":2,"mean_conf":0.2176,"top":"Styrofoam","top_share":1.0},"geometry":{"type":"Polygon","coordinates":[[[127.690978,34.710539],[127.690986,34.71144],[127.689894,34.711446],[127.689887,34.710545],[127.690978,34.710539]]]}},{"type":"Feature","properties":{"count":2,"area":267.1,"conf_n":0,"top":"Styrofoam","top_share":1.0},"geometry":{"type":"Polygon","coordinates":[[[127.690986,34.71144],[127.690993,34.712341],[127.689902,34.712348],[127.689894,34.711446],[127.690986,34.71144]]]}},{"type":"Feature","properties":{"count":3,"area":472.2,"conf_n":3,"mean_conf":0.2484,"top":"Styrofoam","top_share":1.0},"geometry":{"type":"Polygon","coordinates":[[[127.691074,34.59065],[127.691082,34.591552],[127.689992,34.591558],[127.689984,34.590657],[127.691074,34.59065]]]}},{"type":"Feature","properties":{"count":1,"area":16.0,"conf_n":1,"mean_conf":0.1012,"top":"Styrofoam","top_share":1.0},"geometry":{"type":"Polygon","coordinates":[[[127.691082,34.591552],[127.691089,34.592453],[127.689999,34.592459],[127.689992,34.591558],[127.691082,34.591552]]]}},{"type":"Feature","properties":{"count":1,"area":26.8,"conf_n":1,"mean_conf":0.0563,"top":"Styrofoam","top_share":1.0},"geometry":{"type":"Polygon","coordinates":[[[127.691089,34.592453],[127.691096,34.593354],[127.690006,34.593361],[127.689999,34.592459],[127.691089,34.592453]]]}},{"type":"Feature","properties":{"count":3,"area":96.9,"conf_n":3,"mean_conf":0.0752,"top":"Styrofoam","top_share":1.0},"geometry":{"type":"Polygon","coordinates":[[[127.691096,34.593354],[127.691104,34.594256],[127.690014,34.594262],[127.690006,34.593361],[127.691096,34.593354]]]}},{"type":"Feature","properties":{"count":2,"area":9.0,"conf_n":2,"mean_conf":0.1445,"top":"Styrofoam","top_share":1.0},"geometry":{"type":"Polygon","coordinates":[[[127.692164,34.590644],[127.692171,34.591546],[127.691082,34.591552],[127.691074,34.59065],[127.692164,34.590644]]]}},{"type":"Feature","properties":{"count":1,"area":25.7,"conf_n":1,"mean_conf":0.0737,"top":"Styrofoam","top_share":1.0},"geometry":{"type":"Polygon","coordinates":[[[127.693029,34.563597],[127.693037,34.564498],[127.691947,34.564504],[127.69194,34.563603],[127.693029,34.563597]]]}},{"type":"Feature","properties":{"count":1,"area":7.8,"conf_n":1,"mean_conf":0.2499,"top":"Styrofoam","top_share":1.0},"geometry":{"type":"Polygon","coordinates":[[[127.695224,34.696092],[127.695231,34.696993],[127.69414,34.697],[127.694132,34.696098],[127.695224,34.696092]]]}},{"type":"Feature","properties":{"count":3,"area":94.5,"conf_n":1,"mean_conf":0.1018,"top":"Styrofoam","top_share":1.0},"geometry":{"type":"Polygon","coordinates":[[[127.695299,34.574401],[127.695306,34.575302],[127.694216,34.575308],[127.694209,34.574407],[127.695299,34.574401]]]}},{"type":"Feature","properties":{"count":1,"area":4.4,"conf_n":1,"mean_conf":0.0574,"top":"Styrofoam","top_share":1.0},"geometry":{"type":"Polygon","coordinates":[[[127.696307,34.695184],[127.696315,34.696086],[127.695224,34.696092],[127.695216,34.695191],[127.696307,34.695184]]]}},{"type":"Feature","properties":{"count":2,"area":5.2,"conf_n":2,"mean_conf":0.258,"top":"Styrofoam","top_share":1.0},"geometry":{"type":"Polygon","coordinates":[[[127.696388,34.574395],[127.696396,34.575296],[127.695306,34.575302],[127.695299,34.574401],[127.696388,34.574395]]]}},{"type":"Feature","properties":{"count":3,"area":40.0,"conf_n":3,"mean_conf":0.0747,"top":"Styrofoam","top_share":1.0},"geometry":{"type":"Polygon","coordinates":[[[127.697433,34.56898],[127.697441,34.569881],[127.696351,34.569888],[127.696343,34.568986],[127.697433,34.56898]]]}},{"type":"Feature","properties":{"count":1,"area":3.8,"conf_n":1,"mean_conf":0.1313,"top":"Styrofoam","top_share":1.0},"geometry":{"type":"Polygon","coordinates":[[[127.698515,34.568072],[127.698523,34.568974],[127.697433,34.56898],[127.697426,34.568079],[127.698515,34.568072]]]}},{"type":"Feature","properties":{"count":1,"area":75.7,"conf_n":0,"top":"Styrofoam","top_share":1.0},"geometry":{"type":"Polygon","coordinates":[[[127.698523,34.568974],[127.69853,34.569875],[127.697441,34.569881],[127.697433,34.56898],[127.698523,34.568974]]]}},{"type":"Feature","properties":{"count":6,"area":108.0,"conf_n":6,"mean_conf":0.0875,"top":"Styrofoam","top_share":1.0},"geometry":{"type":"Polygon","coordinates":[[[127.699513,34.687053],[127.699521,34.687955],[127.698429,34.687961],[127.698422,34.68706],[127.699513,34.687053]]]}},{"type":"Feature","properties":{"count":2,"area":91.3,"conf_n":2,"mean_conf":0.1831,"top":"Styrofoam","top_share":1.0},"geometry":{"type":"Polygon","coordinates":[[[127.700787,34.70868],[127.700794,34.709581],[127.699703,34.709588],[127.699695,34.708686],[127.700787,34.70868]]]}},{"type":"Feature","properties":{"count":1,"area":2.2,"conf_n":1,"mean_conf":0.0758,"top":"Styrofoam","top_share":1.0},"geometry":{"type":"Polygon","coordinates":[[[127.700794,34.709581],[127.700802,34.710483],[127.69971,34.710489],[127.699703,34.709588],[127.700794,34.709581]]]}},{"type":"Feature","properties":{"count":1,"area":8.2,"conf_n":1,"mean_conf":0.1946,"top":"Styrofoam","top_share":1.0},"geometry":{"type":"Polygon","coordinates":[[[127.700802,34.710483],[127.700809,34.711384],[127.699718,34.71139],[127.69971,34.710489],[127.700802,34.710483]]]}},{"type":"Feature","properties":{"count":1,"area":16.4,"conf_n":1,"mean_conf":0.4181,"top":"Styrofoam","top_share":1.0},"geometry":{"type":"Polygon","coordinates":[[[127.701871,34.707772],[127.701878,34.708674],[127.700787,34.70868],[127.700779,34.707779],[127.701871,34.707772]]]}},{"type":"Feature","properties":{"count":1,"area":9.3,"conf_n":1,"mean_conf":0.0505,"top":"Styrofoam","top_share":1.0},"geometry":{"type":"Polygon","coordinates":[[[127.702695,34.676218],[127.702703,34.67712],[127.701612,34.677126],[127.701604,34.676225],[127.702695,34.676218]]]}},{"type":"Feature","properties":{"count":3,"area":52.4,"conf_n":3,"mean_conf":0.0778,"top":"Styrofoam","top_share":1.0},"geometry":{"type":"Polygon","coordinates":[[[127.702962,34.707766],[127.70297,34.708667],[127.701878,34.708674],[127.701871,34.707772],[127.702962,34.707766]]]}},{"type":"Feature","properties":{"count":3,"area":87.7,"conf_n":3,"mean_conf":0.1262,"top":"Styrofoam","top_share":1.0},"geometry":{"type":"Polygon","coordinates":[[[127.702843,34.564442],[127.702851,34.565343],[127.701761,34.56535],[127.701754,34.564448],[127.702843,34.564442]]]}},{"type":"Feature","properties":{"count":1,"area":6.6,"conf_n":1,"mean_conf":0.3836,"top":"Styrofoam","top_share":1.0},"geometry":{"type":"Polygon","coordinates":[[[127.703786,34.676212],[127.703794,34.677113],[127.702703,34.67712],[127.702695,34.676218],[127.703786,34.676212]]]}},{"type":"Feature","properties":{"count":1,"area":3.5,"conf_n":1,"mean_conf":0.3117,"top":"Styrofoam","top_share":1.0},"geometry":{"type":"Polygon","coordinates":[[[127.70387,34.686127],[127.703878,34.687028],[127.702787,34.687035],[127.702779,34.686133],[127.70387,34.686127]]]}},{"type":"Feature","properties":{"count":2,"area":27.4,"conf_n":2,"mean_conf":0.272,"top":"Styrofoam","top_share":1.0},"geometry":{"type":"Polygon","coordinates":[[[127.703878,34.687028],[127.703886,34.68793],[127.702794,34.687936],[127.702787,34.687035],[127.703878,34.687028]]]}},{"type":"Feature","properties":{"count":1,"area":0.0,"conf_n":1,"mean_conf":0.0699,"top":"Styrofoam","top_share":1.0},"geometry":{"type":"Polygon","coordinates":[[[127.704061,34.708661],[127.704069,34.709562],[127.702977,34.709569],[127.70297,34.708667],[127.704061,34.708661]]]}},{"type":"Feature","properties":{"count":2,"area":72.3,"conf_n":2,"mean_conf":0.2385,"top":"Styrofoam","top_share":1.0},"geometry":{"type":"Polygon","coordinates":[[[127.704069,34.709562],[127.704076,34.710464],[127.702985,34.71047],[127.702977,34.709569],[127.704069,34.709562]]]}},{"type":"Feature","properties":{"count":2,"area":24.7,"conf_n":2,"mean_conf":0.0691,"top":"Styrofoam","top_share":1.0},"geometry":{"type":"Polygon","coordinates":[[[127.704076,34.710464],[127.704084,34.711365],[127.702992,34.711371],[127.702985,34.71047],[127.704076,34.710464]]]}},{"type":"Feature","properties":{"count":1,"area":5.0,"conf_n":1,"mean_conf":0.3468,"top":"Styrofoam","top_share":1.0},"geometry":{"type":"Polygon","coordinates":[[[127.703948,34.566238],[127.703956,34.56714],[127.702866,34.567146],[127.702859,34.566245],[127.703948,34.566238]]]}},{"type":"Feature","properties":{"count":1,"area":7.6,"conf_n":1,"mean_conf":0.0963,"top":"Styrofoam","top_share":1.0},"geometry":{"type":"Polygon","coordinates":[[[127.704954,34.685219],[127.704961,34.686121],[127.70387,34.686127],[127.703863,34.685226],[127.704954,34.685219]]]}},{"type":"Feature","properties":{"count":1,"area":27.5,"conf_n":1,"mean_conf":0.1745,"top":"Styrofoam","top_share":1.0},"geometry":{"type":"Polygon","coordinates":[[[127.704961,34.686121],[127.704969,34.687022],[127.703878,34.687028],[127.70387,34.686127],[127.704961,34.686121]]]}},{"type":"Feature","properties":{"count":1,"area":2.3,"conf_n":1,"mean_conf":0.1206,"top":"Styrofoam","top_share":1.0},"geometry":{"type":"Polygon","coordinates":[[[127.704969,34.687022],[127.704977,34.687923],[127.703886,34.68793],[127.703878,34.687028],[127.704969,34.687022]]]}},{"type":"Feature","properties":{"count":1,"area":5.0,"conf_n":1,"mean_conf":0.3638,"top":"Styrofoam","top_share":1.0},"geometry":{"type":"Polygon","coordinates":[[[127.705122,34.705049],[127.70513,34.705951],[127.704038,34.705957],[127.704031,34.705056],[127.705122,34.705049]]]}},{"type":"Feature","properties":{"count":2,"area":5.0,"conf_n":2,"mean_conf":0.1293,"top":"Styrofoam","top_share":1.0},"geometry":{"type":"Polygon","coordinates":[[[127.70513,34.705951],[127.705137,34.706852],[127.704046,34.706858],[127.704038,34.705957],[127.70513,34.705951]]]}},{"type":"Feature","properties":{"count":3,"area":190.1,"conf_n":3,"mean_conf":0.2322,"top":"Styrofoam","top_share":1.0},"geometry":{"type":"Polygon","coordinates":[[[127.705137,34.706852],[127.705145,34.707753],[127.704053,34.70776],[127.704046,34.706858],[127.705137,34.706852]]]}},{"type":"Feature","properties":{"count":1,"area":8.3,"conf_n":1,"mean_conf":0.1425,"top":"Styrofoam","top_share":1.0},"geometry":{"type":"Polygon","coordinates":[[[127.706053,34.686114],[127.70606,34.687016],[127.704969,34.687022],[127.704961,34.686121],[127.706053,34.686114]]]}},{"type":"Feature","properties":{"count":1,"area":4.8,"conf_n":1,"mean_conf":0.0666,"top":"Styrofoam","top_share":1.0},"geometry":{"type":"Polygon","coordinates":[[[127.706244,34.708648],[127.706252,34.70955],[127.70516,34.709556],[127.705153,34.708655],[127.706244,34.708648]]]}},{"type":"Feature","properties":{"count":2,"area":42.3,"conf_n":2,"mean_conf":0.1224,"top":"Styrofoam","top_share":1.0},"geometry":{"type":"Polygon","coordinates":[[[127.706486,34.60859],[127.706494,34.609492],[127.705403,34.609498],[127.705396,34.608597],[127.706486,34.60859]]]}},{"type":"Feature","properties":{"count":4,"area":74.8,"conf_n":4,"mean_conf":0.1393,"top":"Styrofoam","top_share":1.0},"geometry":{"type":"Polygon","coordinates":[[[127.707144,34.686108],[127.707152,34.687009],[127.70606,34.687016],[127.706053,34.686114],[127.707144,34.686108]]]}},{"type":"Feature","properties":{"count":3,"area":12.6,"conf_n":3,"mean_conf":0.1255,"top":"Styrofoam","top_share":1.0},"geometry":{"type":"Polygon","coordinates":[[[127.707297,34.704135],[127.707305,34.705037],[127.706213,34.705043],[127.706206,34.704142],[127.707297,34.704135]]]}},{"type":"Feature","properties":{"count":1,"area":26.6,"conf_n":0,"top":"Styrofoam","top_share":1.0},"geometry":{"type":"Polygon","coordinates":[[[127.707343,34.709543],[127.707351,34.710445],[127.706259,34.710451],[127.706252,34.70955],[127.707343,34.709543]]]}},{"type":"Feature","properties":{"count":2,"area":16.4,"conf_n":2,"mean_conf":0.2215,"top":"Styrofoam","top_share":1.0},"geometry":{"type":"Polygon","coordinates":[[[127.708389,34.704129],[127.708396,34.70503],[127.707305,34.705037],[127.707297,34.704135],[127.708389,34.704129]]]}},{"type":"Feature","properties":{"count":7,"area":95.2,"conf_n":7,"mean_conf":0.0777,"top":"Styrofoam","top_share":1.0},"geometry":{"type":"Polygon","coordinates":[[[127.708674,34.609479],[127.708682,34.610381],[127.707591,34.610387],[127.707584,34.609486],[127.708674,34.609479]]]}},{"type":"Feature","properties":{"count":1,"area":127.8,"conf_n":0,"top":"Styrofoam","top_share":1.0},"geometry":{"type":"Polygon","coordinates":[[[127.708682,34.610381],[127.708689,34.611282],[127.707599,34.611288],[127.707591,34.610387],[127.708682,34.610381]]]}},{"type":"Feature","properties":{"count":1,"area":14.2,"conf_n":1,"mean_conf":0.0546,"top":"Styrofoam","top_share":1.0},"geometry":{"type":"Polygon","coordinates":[[[127.709034,34.651844],[127.709042,34.652745],[127.707951,34.652751],[127.707944,34.65185],[127.709034,34.651844]]]}},{"type":"Feature","properties":{"count":1,"area":49.0,"conf_n":1,"mean_conf":0.1074,"top":"Styrofoam","top_share":1.0},"geometry":{"type":"Polygon","coordinates":[[[127.709326,34.686095],[127.709334,34.686997],[127.708243,34.687003],[127.708235,34.686102],[127.709326,34.686095]]]}},{"type":"Feature","properties":{"count":1,"area":10.7,"conf_n":1,"mean_conf":0.2851,"top":"Styrofoam","top_share":1.0},"geometry":{"type":"Polygon","coordinates":[[[127.709572,34.714939],[127.70958,34.71584],[127.708489,34.715847],[127.708481,34.714945],[127.709572,34.714939]]]}},{"type":"Feature","properties":{"count":1,"area":82.4,"conf_n":0,"top":"Styrofoam","top_share":1.0},"geometry":{"type":"Polygon","coordinates":[[[127.70958,34.71584],[127.709588,34.716742],[127.708496,34.716748],[127.708489,34.715847],[127.70958,34.71584]]]}},{"type":"Feature","properties":{"count":1,"area":4.2,"conf_n":1,"mean_conf":0.4151,"top":"Styrofoam","top_share":1.0},"geometry":{"type":"Polygon","coordinates":[[[127.709772,34.610374],[127.70978,34.611276],[127.708689,34.611282],[127.708682,34.610381],[127.709772,34.610374]]]}},{"type":"Feature","properties":{"count":1,"area":3.1,"conf_n":1,"mean_conf":0.0586,"top":"Styrofoam","top_share":1.0},"geometry":{"type":"Polygon","coordinates":[[[127.710417,34.686089],[127.710425,34.68699],[127.709334,34.686997],[127.709326,34.686095],[127.710417,34.686089]]]}},{"type":"Feature","properties":{"count":4,"area":22.8,"conf_n":4,"mean_conf":0.084,"top":"Styrofoam","top_share":1.0},"geometry":{"type":"Polygon","coordinates":[[[127.710441,34.688793],[127.710448,34.689694],[127.709357,34.689701],[127.709349,34.688799],[127.710441,34.688793]]]}},{"type":"Feature","properties":{"count":2,"area":33.5,"conf_n":2,"mean_conf":0.1758,"top":"Styrofoam","top_share":1.0},"geometry":{"type":"Polygon","coordinates":[[[127.710448,34.689694],[127.710456,34.690596],[127.709365,34.690602],[127.709357,34.689701],[127.710448,34.689694]]]}},{"type":"Feature","properties":{"count":1,"area":2.4,"conf_n":1,"mean_conf":0.0962,"top":"Styrofoam","top_share":1.0},"geometry":{"type":"Polygon","coordinates":[[[127.710556,34.702313],[127.710564,34.703215],[127.709472,34.703221],[127.709465,34.70232],[127.710556,34.702313]]]}},{"type":"Feature","properties":{"count":9,"area":43.6,"conf_n":9,"mean_conf":0.1841,"top":"Styrofoam","top_share":1.0},"geometry":{"type":"Polygon","coordinates":[[[127.710579,34.705018],[127.710587,34.705919],[127.709495,34.705925],[127.709488,34.705024],[127.710579,34.705018]]]}},{"type":"Feature","properties":{"count":5,"area":36.6,"conf_n":5,"mean_conf":0.1104,"top":"Styrofoam","top_share":1.0},"geometry":{"type":"Polygon","coordinates":[[[127.710587,34.705919],[127.710595,34.70682],[127.709503,34.706827],[127.709495,34.705925],[127.710587,34.705919]]]}},{"type":"Feature","properties":{"count":2,"area":30.3,"conf_n":2,"mean_conf":0.1793,"top":"Styrofoam","top_share":1.0},"geometry":{"type":"Polygon","coordinates":[[[127.710602,34.707722],[127.71061,34.708623],[127.709519,34.708629],[127.709511,34.707728],[127.710602,34.707722]]]}},{"type":"Feature","properties":{"count":2,"area":8.9,"conf_n":2,"mean_conf":0.1763,"top":"Styrofoam","top_share":1.0},"geometry":{"type":"Polygon","coordinates":[[[127.710649,34.71313],[127.710656,34.714031],[127.709565,34.714037],[127.709557,34.713136],[127.710649,34.71313]]]}},{"type":"Feature","properties":{"count":1,"area":43.9,"conf_n":1,"mean_conf":0.1307,"top":"Styrofoam","top_share":1.0},"geometry":{"type":"Polygon","coordinates":[[[127.710656,34.714031],[127.710664,34.714932],[127.709572,34.714939],[127.709565,34.714037],[127.710656,34.714031]]]}},{"type":"Feature","properties":{"count":1,"area":16.1,"conf_n":1,"mean_conf":0.1602,"top":"Styrofoam","top_share":1.0},"geometry":{"type":"Polygon","coordinates":[[[127.710824,34.605861],[127.710831,34.606762],[127.709741,34.606769],[127.709734,34.605867],[127.710824,34.605861]]]}},{"type":"Feature","properties":{"count":2,"area":19.1,"conf_n":2,"mean_conf":0.2531,"top":"Styrofoam","top_share":1.0},"geometry":{"type":"Polygon","coordinates":[[[127.710862,34.610368],[127.71087,34.611269],[127.70978,34.611276],[127.709772,34.610374],[127.710862,34.610368]]]}},{"type":"Feature","properties":{"count":1,"area":2.6,"conf_n":1,"mean_conf":0.1045,"top":"Styrofoam","top_share":1.0},"geometry":{"type":"Polygon","coordinates":[[[127.710962,34.622086],[127.71097,34.622987],[127.709879,34.622993],[127.709872,34.622092],[127.710962,34.622086]]]}},{"type":"Feature","properties":{"count":6,"area":146.7,"conf_n":6,"mean_conf":0.1093,"top":"Styrofoam","top_share":1.0},"geometry":{"type":"Polygon","coordinates":[[[127.711077,34.635606],[127.711085,34.636508],[127.709994,34.636514],[127.709987,34.635613],[127.711077,34.635606]]]}},{"type":"Feature","properties":{"count":1,"area":9.7,"conf_n":1,"mean_conf":0.0745,"top":"Styrofoam","top_share":1.0},"geometry":{"type":"Polygon","coordinates":[[[127.711501,34.685181],[127.711509,34.686083],[127.710417,34.686089],[127.71041,34.685188],[127.711501,34.685181]]]}},{"type":"Feature","properties":{"count":5,"area":60.5,"conf_n":5,"mean_conf":0.0998,"top":"Styrofoam","top_share":1.0},"geometry":{"type":"Polygon","coordinates":[[[127.711509,34.686083],[127.711516,34.686984],[127.710425,34.68699],[127.710417,34.686089],[127.711509,34.686083]]]}},{"type":"Feature","properties":{"count":1,"area":3.4,"conf_n":1,"mean_conf":0.3298,"top":"Styrofoam","top_share":1.0},"geometry":{"type":"Polygon","coordinates":[[[127.711748,34.714025],[127.711756,34.714926],[127.710664,34.714932],[127.710656,34.714031],[127.711748,34.714025]]]}},{"type":"Feature","properties":{"count":2,"area":9.5,"conf_n":2,"mean_conf":0.2298,"top":"Styrofoam","top_share":1.0},"geometry":{"type":"Polygon","coordinates":[[[127.711637,34.573405],[127.711645,34.574307],[127.710555,34.574313],[127.710547,34.573412],[127.711637,34.573405]]]}},{"type":"Feature","properties":{"count":1,"area":1.5,"conf_n":1,"mean_conf":0.0626,"top":"Styrofoam","top_share":1.0},"geometry":{"type":"Polygon","coordinates":[[[127.711898,34.604052],[127.711906,34.604953],[127.710816,34.60496],[127.710808,34.604058],[127.711898,34.604052]]]}},{"type":"Feature","properties":{"count":1,"area":28.6,"conf_n":1,"mean_conf":0.5084,"top":"Styrofoam","top_share":1.0},"geometry":{"type":"Polygon","coordinates":[[[127.711983,34.613967],[127.711991,34.614868],[127.710901,34.614875],[127.710893,34.613973],[127.711983,34.613967]]]}},{"type":"Feature","properties":{"count":1,"area":2.6,"conf_n":1,"mean_conf":0.0517,"top":"Styrofoam","top_share":1.0},"geometry":{"type":"Polygon","coordinates":[[[127.712469,34.670753],[127.712476,34.671654],[127.711385,34.671661],[127.711378,34.670759],[127.712469,34.670753]]]}},{"type":"Feature","properties":{"count":2,"area":8.5,"conf_n":2,"mean_conf":0.0831,"top":"Styrofoam","top_share":1.0},"geometry":{"type":"Polygon","coordinates":[[[127.712662,34.693287],[127.712669,34.694188],[127.711578,34.694195],[127.71157,34.693294],[127.712662,34.693287]]]}},{"type":"Feature","properties":{"count":3,"area":20.0,"conf_n":3,"mean_conf":0.1894,"top":"Styrofoam","top_share":1.0},"geometry":{"type":"Polygon","coordinates":[[[127.712886,34.719426],[127.712894,34.720328],[127.711802,34.720334],[127.711794,34.719433],[127.712886,34.719426]]]}},{"type":"Feature","properties":{"count":2,"area":32.3,"conf_n":2,"mean_conf":0.0536,"top":"Styrofoam","top_share":1.0},"geometry":{"type":"Polygon","coordinates":[[[127.712711,34.571596],[127.712719,34.572497],[127.711629,34.572504],[127.711622,34.571602],[127.712711,34.571596]]]}},{"type":"Feature","properties":{"count":6,"area":38.3,"conf_n":6,"mean_conf":0.2612,"top":"Styrofoam","top_share":1.0},"geometry":{"type":"Polygon","coordinates":[[[127.712719,34.572497],[127.712727,34.573399],[127.711637,34.573405],[127.711629,34.572504],[127.712719,34.572497]]]}},{"type":"Feature","properties":{"count":2,"area":48.8,"conf_n":2,"mean_conf":0.0937,"top":"Styrofoam","top_share":1.0},"geometry":{"type":"Polygon","coordinates":[[[127.713012,34.60675],[127.713019,34.607651],[127.711929,34.607657],[127.711922,34.606756],[127.713012,34.60675]]]}},{"type":"Feature","properties":{"count":4,"area":90.0,"conf_n":4,"mean_conf":0.1384,"top":"Styrofoam","top_share":1.0},"geometry":{"type":"Polygon","coordinates":[[[127.713066,34.613059],[127.713073,34.613961],[127.711983,34.613967],[127.711975,34.613066],[127.713066,34.613059]]]}},{"type":"Feature","properties":{"count":4,"area":23.4,"conf_n":4,"mean_conf":0.1481,"top":"Styrofoam","top_share":1.0},"geometry":{"type":"Polygon","coordinates":[[[127.713305,34.641002],[127.713312,34.641903],[127.712222,34.641909],[127.712214,34.641008],[127.713305,34.641002]]]}},{"type":"Feature","properties":{"count":1,"area":6.6,"conf_n":1,"mean_conf":0.07,"top":"Styrofoam","top_share":1.0},"geometry":{"type":"Polygon","coordinates":[[[127.713312,34.641903],[127.71332,34.642804],[127.71223,34.642811],[127.712222,34.641909],[127.713312,34.641903]]]}},{"type":"Feature","properties":{"count":1,"area":23.4,"conf_n":1,"mean_conf":0.4451,"top":"Styrofoam","top_share":1.0},"geometry":{"type":"Polygon","coordinates":[[[127.713552,34.669845],[127.71356,34.670747],[127.712469,34.670753],[127.712461,34.669852],[127.713552,34.669845]]]}},{"type":"Feature","properties":{"count":2,"area":39.2,"conf_n":2,"mean_conf":0.1482,"top":"Styrofoam","top_share":1.0},"geometry":{"type":"Polygon","coordinates":[[[127.713753,34.693281],[127.713761,34.694182],[127.712669,34.694188],[127.712662,34.693287],[127.713753,34.693281]]]}},{"type":"Feature","properties":{"count":1,"area":7.7,"conf_n":1,"mean_conf":0.4987,"top":"Styrofoam","top_share":1.0},"geometry":{"type":"Polygon","coordinates":[[[127.713985,34.720321],[127.713993,34.721223],[127.712901,34.721229],[127.712894,34.720328],[127.713985,34.720321]]]}},{"type":"Feature","properties":{"count":1,"area":11.3,"conf_n":1,"mean_conf":0.2398,"top":"Styrofoam","top_share":1.0},"geometry":{"type":"Polygon","coordinates":[[[127.713847,34.576998],[127.713855,34.577899],[127.712765,34.577906],[127.712758,34.577004],[127.713847,34.576998]]]}},{"type":"Feature","properties":{"count":4,"area":195.1,"conf_n":4,"mean_conf":0.1522,"top":"Styrofoam","top_share":1.0},"geometry":{"type":"Polygon","coordinates":[[[127.714086,34.604941],[127.714094,34.605842],[127.713004,34.605848],[127.712996,34.604947],[127.714086,34.604941]]]}},{"type":"Feature","properties":{"count":2,"area":28.2,"conf_n":2,"mean_conf":0.0755,"top":"Styrofoam","top_share":1.0},"geometry":{"type":"Polygon","coordinates":[[[127.714102,34.606743],[127.71411,34.607645],[127.713019,34.607651],[127.713012,34.60675],[127.714102,34.606743]]]}},{"type":"Feature","properties":{"count":4,"area":40.3,"conf_n":4,"mean_conf":0.2528,"top":"Styrofoam","top_share":1.0},"geometry":{"type":"Polygon","coordinates":[[[127.714225,34.621165],[127.714233,34.622067],[127.713143,34.622073],[127.713135,34.621172],[127.714225,34.621165]]]}},{"type":"Feature","properties":{"count":1,"area":3.1,"conf_n":1,"mean_conf":0.109,"top":"Styrofoam","top_share":1.0},"geometry":{"type":"Polygon","coordinates":[[[127.714256,34.624771],[127.714264,34.625672],[127.713174,34.625678],[127.713166,34.624777],[127.714256,34.624771]]]}},{"type":"Feature","properties":{"count":2,"area":7.0,"conf_n":2,"mean_conf":0.2075,"top":"Styrofoam","top_share":1.0},"geometry":{"type":"Polygon","coordinates":[[[127.714349,34.635587],[127.714357,34.636488],[127.713266,34.636495],[127.713258,34.635594],[127.714349,34.635587]]]}},{"type":"Feature","properties":{"count":7,"area":89.2,"conf_n":7,"mean_conf":0.1712,"top":"Styrofoam","top_share":1.0},"geometry":{"type":"Polygon","coordinates":[[[127.714357,34.636488],[127.714364,34.63739],[127.713274,34.637396],[127.713266,34.636495],[127.714357,34.636488]]]}},{"type":"Feature","properties":{"count":3,"area":23.9,"conf_n":3,"mean_conf":0.3309,"top":"Styrofoam","top_share":1.0},"geometry":{"type":"Polygon","coordinates":[[[127.714395,34.640995],[127.714403,34.641897],[127.713312,34.641903],[127.713305,34.641002],[127.714395,34.640995]]]}},{"type":"Feature","properties":{"count":3,"area":69.0,"conf_n":3,"mean_conf":0.2521,"top":"Styrofoam","top_share":1.0},"geometry":{"type":"Polygon","coordinates":[[[127.714403,34.641897],[127.714411,34.642798],[127.71332,34.642804],[127.713312,34.641903],[127.714403,34.641897]]]}},{"type":"Feature","properties":{"count":2,"area":6.1,"conf_n":2,"mean_conf":0.0806,"top":"Styrofoam","top_share":1.0},"geometry":{"type":"Polygon","coordinates":[[[127.714411,34.642798],[127.714419,34.643699],[127.713328,34.643706],[127.71332,34.642804],[127.714411,34.642798]]]}},{"type":"Feature","properties":{"count":2,"area":14.2,"conf_n":2,"mean_conf":0.425,"top":"Styrofoam","top_share":1.0},"geometry":{"type":"Polygon","coordinates":[[[127.714829,34.691472],[127.714836,34.692373],[127.713745,34.692379],[127.713737,34.691478],[127.714829,34.691472]]]}},{"type":"Feature","properties":{"count":1,"area":6.2,"conf_n":1,"mean_conf":0.1036,"top":"Styrofoam","top_share":1.0},"geometry":{"type":"Polygon","coordinates":[[[127.714836,34.692373],[127.714844,34.693274],[127.713753,34.693281],[127.713745,34.692379],[127.714836,34.692373]]]}},{"type":"Feature","properties":{"count":6,"area":65.2,"conf_n":6,"mean_conf":0.1447,"top":"Styrofoam","top_share":1.0},"geometry":{"type":"Polygon","coordinates":[[[127.715177,34.604934],[127.715184,34.605836],[127.714094,34.605842],[127.714086,34.604941],[127.715177,34.604934]]]}},{"type":"Feature","properties":{"count":1,"area":5.8,"conf_n":1,"mean_conf":0.4074,"top":"Styrofoam","top_share":1.0},"geometry":{"type":"Polygon","coordinates":[[[127.715192,34.606737],[127.7152,34.607638],[127.71411,34.607645],[127.714102,34.606743],[127.715192,34.606737]]]}},{"type":"Feature","properties":{"count":1,"area":51.5,"conf_n":1,"mean_conf":0.0787,"top":"Styrofoam","top_share":1.0},"geometry":{"type":"Polygon","coordinates":[[[127.715447,34.636482],[127.715455,34.637383],[127.714364,34.63739],[127.714357,34.636488],[127.715447,34.636482]]]}},{"type":"Feature","properties":{"count":2,"area":19.8,"conf_n":2,"mean_conf":0.1359,"top":"Styrofoam","top_share":1.0},"geometry":{"type":"Polygon","coordinates":[[[127.715501,34.642792],[127.715509,34.643693],[127.714419,34.643699],[127.714411,34.642798],[127.715501,34.642792]]]}},{"type":"Feature","properties":{"count":2,"area":8.0,"conf_n":2,"mean_conf":0.1513,"top":"Styrofoam","top_share":1.0},"geometry":{"type":"Polygon","coordinates":[[[127.716035,34.577887],[127.716042,34.578788],[127.714953,34.578794],[127.714945,34.577893],[127.716035,34.577887]]]}},{"type":"Feature","properties":{"count":2,"area":6.1,"conf_n":2,"mean_conf":0.1053,"top":"Styrofoam","top_share":1.0},"geometry":{"type":"Polygon","coordinates":[[[127.716151,34.591407],[127.716158,34.592309],[127.715068,34.592315],[127.715061,34.591414],[127.716151,34.591407]]]}},{"type":"Feature","properties":{"count":2,"area":172.4,"conf_n":1,"mean_conf":0.0687,"top":"Styrofoam","top_share":1.0},"geometry":{"type":"Polygon","coordinates":[[[127.716158,34.592309],[127.716166,34.59321],[127.715076,34.593216],[127.715068,34.592315],[127.716158,34.592309]]]}},{"type":"Feature","properties":{"count":1,"area":6.0,"conf_n":1,"mean_conf":0.1165,"top":"Styrofoam","top_share":1.0},"geometry":{"type":"Polygon","coordinates":[[[127.716166,34.59321],[127.716174,34.594111],[127.715084,34.594118],[127.715076,34.593216],[127.716166,34.59321]]]}},{"type":"Feature","properties":{"count":3,"area":15.6,"conf_n":3,"mean_conf":0.31,"top":"Styrofoam","top_share":1.0},"geometry":{"type":"Polygon","coordinates":[[[127.716313,34.610336],[127.716321,34.611237],[127.715231,34.611244],[127.715223,34.610342],[127.716313,34.610336]]]}},{"type":"Feature","properties":{"count":6,"area":125.8,"conf_n":6,"mean_conf":0.1805,"top":"Styrofoam","top_share":1.0},"geometry":{"type":"Polygon","coordinates":[[[127.716445,34.625659],[127.716453,34.626561],[127.715362,34.626567],[127.715354,34.625666],[127.716445,34.625659]]]}},{"type":"Feature","properties":{"count":1,"area":11.4,"conf_n":1,"mean_conf":0.4337,"top":"Styrofoam","top_share":1.0},"geometry":{"type":"Polygon","coordinates":[[[127.71646,34.627462],[127.716468,34.628363],[127.715378,34.62837],[127.71537,34.627468],[127.71646,34.627462]]]}},{"type":"Feature","properties":{"count":2,"area":40.4,"conf_n":2,"mean_conf":0.0923,"top":"Styrofoam","top_share":1.0},"geometry":{"type":"Polygon","coordinates":[[[127.717124,34.57788],[127.717132,34.578782],[127.716042,34.578788],[127.716035,34.577887],[127.717124,34.57788]]]}},{"type":"Feature","properties":{"count":3,"area":39.3,"conf_n":3,"mean_conf":0.0676,"top":"Styrofoam","top_share":1.0},"geometry":{"type":"Polygon","coordinates":[[[127.717132,34.578782],[127.71714,34.579683],[127.71605,34.579689],[127.716042,34.578788],[127.717132,34.578782]]]}},{"type":"Feature","properties":{"count":3,"area":10.9,"conf_n":3,"mean_conf":0.1312,"top":"Styrofoam","top_share":1.0},"geometry":{"type":"Polygon","coordinates":[[[127.717256,34.593204],[127.717264,34.594105],[127.716174,34.594111],[127.716166,34.59321],[127.717256,34.593204]]]}},{"type":"Feature","properties":{"count":3,"area":9.3,"conf_n":3,"mean_conf":0.2067,"top":"Styrofoam","top_share":1.0},"geometry":{"type":"Polygon","coordinates":[[[127.717372,34.606724],[127.71738,34.607625],[127.71629,34.607632],[127.716282,34.606731],[127.717372,34.606724]]]}},{"type":"Feature","properties":{"count":3,"area":15.8,"conf_n":3,"mean_conf":0.2421,"top":"Styrofoam","top_share":1.0},"geometry":{"type":"Polygon","coordinates":[[[127.717403,34.61033],[127.717411,34.611231],[127.716321,34.611237],[127.716313,34.610336],[127.717403,34.61033]]]}},{"type":"Feature","properties":{"count":3,"area":59.1,"conf_n":3,"mean_conf":0.4045,"top":"Styrofoam","top_share":1.0},"geometry":{"type":"Polygon","coordinates":[[[127.717465,34.617541],[127.717473,34.618442],[127.716383,34.618448],[127.716375,34.617547],[127.717465,34.617541]]]}},{"type":"Feature","properties":{"count":1,"area":4.8,"conf_n":1,"mean_conf":0.0969,"top":"Styrofoam","top_share":1.0},"geometry":{"type":"Polygon","coordinates":[[[127.717558,34.628357],[127.717566,34.629258],[127.716476,34.629265],[127.716468,34.628363],[127.717558,34.628357]]]}},{"type":"Feature","properties":{"count":2,"area":6.3,"conf_n":2,"mean_conf":0.1048,"top":"Styrofoam","top_share":1.0},"geometry":{"type":"Polygon","coordinates":[[[127.718282,34.712184],[127.718289,34.713085],[127.717198,34.713091],[127.71719,34.71219],[127.718282,34.712184]]]}},{"type":"Feature","properties":{"count":1,"area":1.8,"conf_n":1,"mean_conf":0.0755,"top":"Styrofoam","top_share":1.0},"geometry":{"type":"Polygon","coordinates":[[[127.718137,34.56886],[127.718144,34.569761],[127.717055,34.569768],[127.717047,34.568866],[127.718137,34.56886]]]}},{"type":"Feature","properties":{"count":1,"area":10.3,"conf_n":1,"mean_conf":0.0637,"top":"Styrofoam","top_share":1.0},"geometry":{"type":"Polygon","coordinates":[[[127.718222,34.578775],[127.71823,34.579677],[127.71714,34.579683],[127.717132,34.578782],[127.718222,34.578775]]]}},{"type":"Feature","properties":{"count":2,"area":8.2,"conf_n":2,"mean_conf":0.1474,"top":"Styrofoam","top_share":1.0},"geometry":{"type":"Polygon","coordinates":[[[127.718307,34.58869],[127.718315,34.589592],[127.717225,34.589598],[127.717217,34.588697],[127.718307,34.58869]]]}},{"type":"Feature","properties":{"count":2,"area":18.3,"conf_n":2,"mean_conf":0.0836,"top":"Styrofoam","top_share":1.0},"geometry":{"type":"Polygon","coordinates":[[[127.718462,34.606718],[127.71847,34.607619],[127.71738,34.607625],[127.717372,34.606724],[127.718462,34.606718]]]}},{"type":"Feature","properties":{"count":1,"area":12.9,"conf_n":1,"mean_conf":0.0587,"top":"Styrofoam","top_share":1.0},"geometry":{"type":"Polygon","coordinates":[[[127.719342,34.708572],[127.71935,34.709473],[127.718258,34.70948],[127.718251,34.708578],[127.719342,34.708572]]]}},{"type":"Feature","properties":{"count":6,"area":42.8,"conf_n":6,"mean_conf":0.1728,"top":"Styrofoam","top_share":1.0},"geometry":{"type":"Polygon","coordinates":[[[127.71935,34.709473],[127.719358,34.710374],[127.718266,34.710381],[127.718258,34.70948],[127.71935,34.709473]]]}},{"type":"Feature","properties":{"count":1,"area":223.3,"conf_n":1,"mean_conf":0.0958,"top":"Styrofoam","top_share":1.0},"geometry":{"type":"Polygon","coordinates":[[[127.719365,34.711276],[127.719373,34.712177],[127.718282,34.712184],[127.718274,34.711282],[127.719365,34.711276]]]}},{"type":"Feature","properties":{"count":1,"area":7.9,"conf_n":1,"mean_conf":0.3872,"top":"Styrofoam","top_share":1.0},"geometry":{"type":"Polygon","coordinates":[[[127.719373,34.712177],[127.719381,34.713079],[127.718289,34.713085],[127.718282,34.712184],[127.719373,34.712177]]]}},{"type":"Feature","properties":{"count":1,"area":2.2,"conf_n":1,"mean_conf":0.0577,"top":"Styrofoam","top_share":1.0},"geometry":{"type":"Polygon","coordinates":[[[127.719226,34.568854],[127.719234,34.569755],[127.718144,34.569761],[127.718137,34.56886],[127.719226,34.568854]]]}},{"type":"Feature","properties":{"count":3,"area":37.1,"conf_n":2,"mean_conf":0.0911,"top":"Styrofoam","top_share":1.0},"geometry":{"type":"Polygon","coordinates":[[[127.719397,34.588684],[127.719405,34.589585],[127.718315,34.589592],[127.718307,34.58869],[127.719397,34.588684]]]}},{"type":"Feature","properties":{"count":1,"area":0.2,"conf_n":1,"mean_conf":0.1459,"top":"Styrofoam","top_share":1.0},"geometry":{"type":"Polygon","coordinates":[[[127.719413,34.590487],[127.71942,34.591388],[127.718331,34.591394],[127.718323,34.590493],[127.719413,34.590487]]]}},{"type":"Feature","properties":{"count":2,"area":16.6,"conf_n":2,"mean_conf":0.1915,"top":"Styrofoam","top_share":1.0},"geometry":{"type":"Polygon","coordinates":[[[127.719428,34.592289],[127.719436,34.593191],[127.718346,34.593197],[127.718338,34.592296],[127.719428,34.592289]]]}},{"type":"Feature","properties":{"count":7,"area":36.2,"conf_n":7,"mean_conf":0.1743,"top":"Styrofoam","top_share":1.0},"geometry":{"type":"Polygon","coordinates":[[[127.719553,34.606711],[127.71956,34.607613],[127.71847,34.607619],[127.718462,34.606718],[127.719553,34.606711]]]}},{"type":"Feature","properties":{"count":1,"area":14.8,"conf_n":1,"mean_conf":0.1202,"top":"Styrofoam","top_share":1.0},"geometry":{"type":"Polygon","coordinates":[[[127.719739,34.628344],[127.719747,34.629246],[127.718657,34.629252],[127.718649,34.628351],[127.719739,34.628344]]]}},{"type":"Feature","properties":{"count":3,"area":22.8,"conf_n":3,"mean_conf":0.1929,"top":"Styrofoam","top_share":1.0},"geometry":{"type":"Polygon","coordinates":[[[127.719856,34.641865],[127.719864,34.642766],[127.718773,34.642772],[127.718766,34.641871],[127.719856,34.641865]]]}},{"type":"Feature","properties":{"count":1,"area":7.6,"conf_n":1,"mean_conf":0.2874,"top":"Styrofoam","top_share":1.0},"geometry":{"type":"Polygon","coordinates":[[[127.719887,34.64547],[127.719895,34.646371],[127.718804,34.646378],[127.718797,34.645477],[127.719887,34.64547]]]}},{"type":"Feature","properties":{"count":1,"area":3.8,"conf_n":1,"mean_conf":0.0868,"top":"Styrofoam","top_share":1.0},"geometry":{"type":"Polygon","coordinates":[[[127.72041,34.705861],[127.720418,34.706763],[127.719326,34.706769],[127.719319,34.705868],[127.72041,34.705861]]]}},{"type":"Feature","properties":{"count":4,"area":14.6,"conf_n":4,"mean_conf":0.1101,"top":"Styrofoam","top_share":1.0},"geometry":{"type":"Polygon","coordinates":[[[127.720426,34.707664],[127.720433,34.708565],[127.719342,34.708572],[127.719334,34.70767],[127.720426,34.707664]]]}},{"type":"Feature","properties":{"count":1,"area":41.1,"conf_n":1,"mean_conf":0.1004,"top":"Styrofoam","top_share":1.0},"geometry":{"type":"Polygon","coordinates":[[[127.720433,34.708565],[127.720441,34.709467],[127.71935,34.709473],[127.719342,34.708572],[127.720433,34.708565]]]}},{"type":"Feature","properties":{"count":5,"area":306.1,"conf_n":5,"mean_conf":0.1936,"top":"Styrofoam","top_share":1.0},"geometry":{"type":"Polygon","coordinates":[[[127.720441,34.709467],[127.720449,34.710368],[127.719358,34.710374],[127.71935,34.709473],[127.720441,34.709467]]]}},{"type":"Feature","properties":{"count":1,"area":3.1,"conf_n":1,"mean_conf":0.138,"top":"Styrofoam","top_share":1.0},"geometry":{"type":"Polygon","coordinates":[[[127.720512,34.717579],[127.720519,34.71848],[127.719428,34.718487],[127.71942,34.717585],[127.720512,34.717579]]]}},{"type":"Feature","properties":{"count":4,"area":67.0,"conf_n":3,"mean_conf":0.0974,"top":"Styrofoam","top_share":1.0},"geometry":{"type":"Polygon","coordinates":[[[127.720487,34.588677],[127.720495,34.589579],[127.719405,34.589585],[127.719397,34.588684],[127.720487,34.588677]]]}},{"type":"Feature","properties":{"count":2,"area":4.4,"conf_n":2,"mean_conf":0.1361,"top":"Styrofoam","top_share":1.0},"geometry":{"type":"Polygon","coordinates":[[[127.720503,34.59048],[127.72051,34.591382],[127.71942,34.591388],[127.719413,34.590487],[127.720503,34.59048]]]}},{"type":"Feature","properties":{"count":4,"area":51.9,"conf_n":4,"mean_conf":0.1252,"top":"Styrofoam","top_share":1.0},"geometry":{"type":"Polygon","coordinates":[[[127.720643,34.606705],[127.720651,34.607606],[127.71956,34.607613],[127.719553,34.606711],[127.720643,34.606705]]]}},{"type":"Feature","properties":{"count":5,"area":24.0,"conf_n":5,"mean_conf":0.082,"top":"Styrofoam","top_share":1.0},"geometry":{"type":"Polygon","coordinates":[[[127.720674,34.61031],[127.720682,34.611212],[127.719591,34.611218],[127.719584,34.610317],[127.720674,34.61031]]]}},{"type":"Feature","properties":{"count":1,"area":2.4,"conf_n":1,"mean_conf":0.0672,"top":"Styrofoam","top_share":1.0},"geometry":{"type":"Polygon","coordinates":[[[127.721017,34.64997],[127.721025,34.650872],[127.719934,34.650878],[127.719926,34.649977],[127.721017,34.64997]]]}},{"type":"Feature","properties":{"count":3,"area":11.4,"conf_n":3,"mean_conf":0.0918,"top":"Styrofoam","top_share":1.0},"geometry":{"type":"Polygon","coordinates":[[[127.721025,34.650872],[127.721033,34.651773],[127.719942,34.65178],[127.719934,34.650878],[127.721025,34.650872]]]}},{"type":"Feature","properties":{"count":5,"area":40.6,"conf_n":5,"mean_conf":0.1036,"top":"Styrofoam","top_share":1.0},"geometry":{"type":"Polygon","coordinates":[[[127.721486,34.704052],[127.721494,34.704953],[127.720402,34.70496],[127.720394,34.704059],[127.721486,34.704052]]]}},{"type":"Feature","properties":{"count":1,"area":14.3,"conf_n":1,"mean_conf":0.6036,"top":"Styrofoam","top_share":1.0},"geometry":{"type":"Polygon","coordinates":[[[127.721502,34.705855],[127.721509,34.706756],[127.720418,34.706763],[127.72041,34.705861],[127.721502,34.705855]]]}},{"type":"Feature","properties":{"count":2,"area":7.9,"conf_n":2,"mean_conf":0.2446,"top":"Styrofoam","top_share":1.0},"geometry":{"type":"Polygon","coordinates":[[[127.721509,34.706756],[127.721517,34.707657],[127.720426,34.707664],[127.720418,34.706763],[127.721509,34.706756]]]}},{"type":"Feature","properties":{"count":5,"area":132.1,"conf_n":5,"mean_conf":0.2374,"top":"Styrofoam","top_share":1.0},"geometry":{"type":"Polygon","coordinates":[[[127.721517,34.707657],[127.721525,34.708559],[127.720433,34.708565],[127.720426,34.707664],[127.721517,34.707657]]]}},{"type":"Feature","properties":{"count":8,"area":137.0,"conf_n":8,"mean_conf":0.1379,"top":"Styrofoam","top_share":1.0},"geometry":{"type":"Polygon","coordinates":[[[127.721533,34.70946],[127.721541,34.710362],[127.720449,34.710368],[127.720441,34.709467],[127.721533,34.70946]]]}},{"type":"Feature","properties":{"count":1,"area":2.5,"conf_n":1,"mean_conf":0.0681,"top":"Styrofoam","top_share":1.0},"geometry":{"type":"Polygon","coordinates":[[[127.721541,34.710362],[127.721548,34.711263],[127.720457,34.711269],[127.720449,34.710368],[127.721541,34.710362]]]}},{"type":"Feature","properties":{"count":12,"area":98.4,"conf_n":12,"mean_conf":0.1755,"top":"Styrofoam","top_share":1.0},"geometry":{"type":"Polygon","coordinates":[[[127.721595,34.716671],[127.721603,34.717572],[127.720512,34.717579],[127.720504,34.716677],[127.721595,34.716671]]]}},{"type":"Feature","properties":{"count":2,"area":7.2,"conf_n":2,"mean_conf":0.1121,"top":"Styrofoam","top_share":1.0},"geometry":{"type":"Polygon","coordinates":[[[127.721603,34.717572],[127.721611,34.718474],[127.720519,34.71848],[127.720512,34.717579],[127.721603,34.717572]]]}},{"type":"Feature","properties":{"count":1,"area":16.9,"conf_n":1,"mean_conf":0.0755,"top":"Styrofoam","top_share":1.0},"geometry":{"type":"Polygon","coordinates":[[[127.721635,34.721178],[127.721642,34.722079],[127.720551,34.722086],[127.720543,34.721184],[127.721635,34.721178]]]}},{"type":"Feature","properties":{"count":3,"area":31.2,"conf_n":2,"mean_conf":0.461,"top":"Styrofoam","top_share":1.0},"geometry":{"type":"Polygon","coordinates":[[[127.721569,34.58777],[127.721577,34.588671],[127.720487,34.588677],[127.720479,34.587776],[127.721569,34.58777]]]}},{"type":"Feature","properties":{"count":3,"area":315.6,"conf_n":1,"mean_conf":0.5815,"top":"Styrofoam","top_share":1.0},"geometry":{"type":"Polygon","coordinates":[[[127.721577,34.588671],[127.721585,34.589572],[127.720495,34.589579],[127.720487,34.588677],[127.721577,34.588671]]]}},{"type":"Feature","properties":{"count":1,"area":14.5,"conf_n":1,"mean_conf":0.2978,"top":"Styrofoam","top_share":1.0},"geometry":{"type":"Polygon","coordinates":[[[127.722139,34.653569],[127.722147,34.654471],[127.721056,34.654477],[127.721048,34.653576],[127.722139,34.653569]]]}},{"type":"Feature","properties":{"count":1,"area":3.7,"conf_n":1,"mean_conf":0.054,"top":"Styrofoam","top_share":1.0},"geometry":{"type":"Polygon","coordinates":[[[127.722664,34.71396],[127.722671,34.714862],[127.72158,34.714868],[127.721572,34.713967],[127.722664,34.71396]]]}},{"type":"Feature","properties":{"count":3,"area":20.2,"conf_n":3,"mean_conf":0.117,"top":"Styrofoam","top_share":1.0},"geometry":{"type":"Polygon","coordinates":[[[127.722671,34.714862],[127.722679,34.715763],[127.721588,34.71577],[127.72158,34.714868],[127.722671,34.714862]]]}},{"type":"Feature","properties":{"count":2,"area":41.3,"conf_n":2,"mean_conf":0.0644,"top":"Styrofoam","top_share":1.0},"geometry":{"type":"Polygon","coordinates":[[[127.722679,34.715763],[127.722687,34.716665],[127.721595,34.716671],[127.721588,34.71577],[127.722679,34.715763]]]}},{"type":"Feature","properties":{"count":3,"area":423.2,"conf_n":1,"mean_conf":0.1533,"top":"Styrofoam","top_share":1.0},"geometry":{"type":"Polygon","coordinates":[[[127.722815,34.605791],[127.722823,34.606692],[127.721733,34.606698],[127.721725,34.605797],[127.722815,34.605791]]]}},{"type":"Feature","properties":{"count":1,"area":99.9,"conf_n":0,"top":"Styrofoam","top_share":1.0},"geometry":{"type":"Polygon","coordinates":[[[127.722847,34.609396],[127.722854,34.610297],[127.721764,34.610304],[127.721756,34.609403],[127.722847,34.609396]]]}},{"type":"Feature","properties":{"count":1,"area":9.0,"conf_n":1,"mean_conf":0.2093,"top":"Styrofoam","top_share":1.0},"geometry":{"type":"Polygon","coordinates":[[[127.723238,34.654464],[127.723245,34.655366],[127.722155,34.655372],[127.722147,34.654471],[127.723238,34.654464]]]}},{"type":"Feature","properties":{"count":1,"area":3.5,"conf_n":1,"mean_conf":0.0555,"top":"Styrofoam","top_share":1.0},"geometry":{"type":"Polygon","coordinates":[[[127.723661,34.703138],[127.723669,34.704039],[127.722577,34.704046],[127.722569,34.703144],[127.723661,34.703138]]]}},{"type":"Feature","properties":{"count":3,"area":17.3,"conf_n":3,"mean_conf":0.2746,"top":"Styrofoam","top_share":1.0},"geometry":{"type":"Polygon","coordinates":[[[127.723616,34.572433],[127.723624,34.573335],[127.722534,34.573341],[127.722526,34.57244],[127.723616,34.572433]]]}},{"type":"Feature","properties":{"count":1,"area":3.6,"conf_n":1,"mean_conf":0.3654,"top":"Styrofoam","top_share":1.0},"geometry":{"type":"Polygon","coordinates":[[[127.723624,34.573335],[127.723632,34.574236],[127.722542,34.574243],[127.722534,34.573341],[127.723624,34.573335]]]}},{"type":"Feature","properties":{"count":10,"area":241.4,"conf_n":10,"mean_conf":0.0912,"top":"Styrofoam","top_share":1.0},"geometry":{"type":"Polygon","coordinates":[[[127.723741,34.586855],[127.723749,34.587757],[127.722659,34.587763],[127.722651,34.586862],[127.723741,34.586855]]]}},{"type":"Feature","properties":{"count":1,"area":481.3,"conf_n":0,"top":"Styrofoam","top_share":1.0},"geometry":{"type":"Polygon","coordinates":[[[127.723929,34.608488],[127.723937,34.60939],[127.722847,34.609396],[127.722839,34.608495],[127.723929,34.608488]]]}},{"type":"Feature","properties":{"count":1,"area":2.2,"conf_n":1,"mean_conf":0.0554,"top":"Styrofoam","top_share":1.0},"geometry":{"type":"Polygon","coordinates":[[[127.72414,34.632825],[127.724148,34.633727],[127.723058,34.633733],[127.72305,34.632832],[127.72414,34.632825]]]}},{"type":"Feature","properties":{"count":2,"area":49.9,"conf_n":2,"mean_conf":0.0978,"top":"Styrofoam","top_share":1.0},"geometry":{"type":"Polygon","coordinates":[[[127.724328,34.654458],[127.724336,34.655359],[127.723245,34.655366],[127.723238,34.654464],[127.724328,34.654458]]]}},{"type":"Feature","properties":{"count":1,"area":11.2,"conf_n":1,"mean_conf":0.3271,"top":"Styrofoam","top_share":1.0},"geometry":{"type":"Polygon","coordinates":[[[127.724336,34.655359],[127.724344,34.656261],[127.723253,34.656267],[127.723245,34.655366],[127.724336,34.655359]]]}},{"type":"Feature","properties":{"count":2,"area":20.2,"conf_n":2,"mean_conf":0.057,"top":"Styrofoam","top_share":1.0},"geometry":{"type":"Polygon","coordinates":[[[127.724706,34.572427],[127.724714,34.573328],[127.723624,34.573335],[127.723616,34.572433],[127.724706,34.572427]]]}},{"type":"Feature","properties":{"count":3,"area":32.4,"conf_n":3,"mean_conf":0.2749,"top":"Styrofoam","top_share":1.0},"geometry":{"type":"Polygon","coordinates":[[[127.724823,34.585947],[127.724831,34.586849],[127.723741,34.586855],[127.723733,34.585954],[127.724823,34.585947]]]}},{"type":"Feature","properties":{"count":2,"area":23.6,"conf_n":2,"mean_conf":0.1041,"top":"Styrofoam","top_share":1.0},"geometry":{"type":"Polygon","coordinates":[[[127.724862,34.590454],[127.72487,34.591356],[127.72378,34.591362],[127.723772,34.590461],[127.724862,34.590454]]]}},{"type":"Feature","properties":{"count":1,"area":6.9,"conf_n":1,"mean_conf":0.5516,"top":"Styrofoam","top_share":1.0},"geometry":{"type":"Polygon","coordinates":[[[127.725844,34.703125],[127.725852,34.704026],[127.72476,34.704033],[127.724752,34.703131],[127.725844,34.703125]]]}},{"type":"Feature","properties":{"count":3,"area":507.4,"conf_n":1,"mean_conf":0.2022,"top":"Styrofoam","top_share":1.0},"geometry":{"type":"Polygon","coordinates":[[[127.725915,34.711237],[127.725922,34.712138],[127.724831,34.712145],[127.724823,34.711243],[127.725915,34.711237]]]}},{"type":"Feature","properties":{"count":2,"area":11.0,"conf_n":2,"mean_conf":0.0976,"top":"Styrofoam","top_share":1.0},"geometry":{"type":"Polygon","coordinates":[[[127.725985,34.719349],[127.725993,34.72025],[127.724902,34.720257],[127.724894,34.719356],[127.725985,34.719349]]]}},{"type":"Feature","properties":{"count":1,"area":20.1,"conf_n":1,"mean_conf":0.1178,"top":"Styrofoam","top_share":1.0},"geometry":{"type":"Polygon","coordinates":[[[127.725993,34.72025],[127.726001,34.721152],[127.72491,34.721158],[127.724902,34.720257],[127.725993,34.72025]]]}},{"type":"Feature","properties":{"count":1,"area":4.8,"conf_n":1,"mean_conf":0.091,"top":"Styrofoam","top_share":1.0},"geometry":{"type":"Polygon","coordinates":[[[127.725694,34.560703],[127.725702,34.561604],[127.724612,34.56161],[127.724604,34.560709],[127.725694,34.560703]]]}},{"type":"Feature","properties":{"count":4,"area":54.0,"conf_n":4,"mean_conf":0.1648,"top":"Styrofoam","top_share":1.0},"geometry":{"type":"Polygon","coordinates":[[[127.725709,34.562505],[127.725717,34.563407],[127.724628,34.563413],[127.72462,34.562512],[127.725709,34.562505]]]}},{"type":"Feature","properties":{"count":1,"area":9.5,"conf_n":1,"mean_conf":0.057,"top":"Styrofoam","top_share":1.0},"geometry":{"type":"Polygon","coordinates":[[[127.72585,34.57873],[127.725858,34.579631],[127.724768,34.579638],[127.724761,34.578736],[127.72585,34.57873]]]}},{"type":"Feature","properties":{"count":3,"area":36.6,"conf_n":3,"mean_conf":0.2145,"top":"Styrofoam","top_share":1.0},"geometry":{"type":"Polygon","coordinates":[[[127.725858,34.579631],[127.725866,34.580533],[127.724776,34.580539],[127.724768,34.579638],[127.725858,34.579631]]]}},{"type":"Feature","properties":{"count":1,"area":20.2,"conf_n":1,"mean_conf":0.4079,"top":"Styrofoam","top_share":1.0},"geometry":{"type":"Polygon","coordinates":[[[127.725905,34.58504],[127.725913,34.585941],[127.724823,34.585947],[127.724815,34.585046],[127.725905,34.58504]]]}},{"type":"Feature","properties":{"count":2,"area":5.2,"conf_n":2,"mean_conf":0.0848,"top":"Styrofoam","top_share":1.0},"geometry":{"type":"Polygon","coordinates":[[[127.726321,34.632812],[127.726329,34.633714],[127.725239,34.63372],[127.725231,34.632819],[127.726321,34.632812]]]}},{"type":"Feature","properties":{"count":2,"area":42.9,"conf_n":1,"mean_conf":0.0823,"top":"Styrofoam","top_share":1.0},"geometry":{"type":"Polygon","coordinates":[[[127.726998,34.710329],[127.727006,34.71123],[127.725915,34.711237],[127.725907,34.710336],[127.726998,34.710329]]]}},{"type":"Feature","properties":{"count":1,"area":22.7,"conf_n":1,"mean_conf":0.5687,"top":"Styrofoam","top_share":1.0},"geometry":{"type":"Polygon","coordinates":[[[127.727006,34.71123],[127.727014,34.712132],[127.725922,34.712138],[127.725915,34.711237],[127.727006,34.71123]]]}},{"type":"Feature","properties":{"count":4,"area":14.5,"conf_n":4,"mean_conf":0.1944,"top":"Styrofoam","top_share":1.0},"geometry":{"type":"Polygon","coordinates":[[[127.726815,34.564302],[127.726823,34.565203],[127.725733,34.565209],[127.725725,34.564308],[127.726815,34.564302]]]}},{"type":"Feature","properties":{"count":1,"area":2.5,"conf_n":1,"mean_conf":0.0692,"top":"Styrofoam","top_share":1.0},"geometry":{"type":"Polygon","coordinates":[[[127.726909,34.575118],[127.726917,34.576019],[127.725827,34.576026],[127.725819,34.575125],[127.726909,34.575118]]]}},{"type":"Feature","properties":{"count":1,"area":5.8,"conf_n":1,"mean_conf":0.1518,"top":"Styrofoam","top_share":1.0},"geometry":{"type":"Polygon","coordinates":[[[127.726917,34.576019],[127.726925,34.576921],[127.725835,34.576927],[127.725827,34.576026],[127.726917,34.576019]]]}},{"type":"Feature","properties":{"count":1,"area":2.2,"conf_n":1,"mean_conf":0.1226,"top":"Styrofoam","top_share":1.0},"geometry":{"type":"Polygon","coordinates":[[[127.726932,34.577822],[127.72694,34.578724],[127.72585,34.57873],[127.725843,34.577829],[127.726932,34.577822]]]}},{"type":"Feature","properties":{"count":1,"area":6.2,"conf_n":1,"mean_conf":0.0525,"top":"Styrofoam","top_share":1.0},"geometry":{"type":"Polygon","coordinates":[[[127.728019,34.70221],[127.728027,34.703112],[127.726935,34.703118],[127.726927,34.702217],[127.728019,34.70221]]]}},{"type":"Feature","properties":{"count":2,"area":19.2,"conf_n":2,"mean_conf":0.1102,"top":"Styrofoam","top_share":1.0},"geometry":{"type":"Polygon","coordinates":[[[127.72809,34.710323],[127.728098,34.711224],[127.727006,34.71123],[127.726998,34.710329],[127.72809,34.710323]]]}},{"type":"Feature","properties":{"count":4,"area":243.6,"conf_n":4,"mean_conf":0.2793,"top":"Styrofoam","top_share":1.0},"geometry":{"type":"Polygon","coordinates":[[[127.728129,34.714829],[127.728137,34.715731],[127.727046,34.715737],[127.727038,34.714836],[127.728129,34.714829]]]}},{"type":"Feature","properties":{"count":2,"area":5.7,"conf_n":2,"mean_conf":0.0611,"top":"Styrofoam","top_share":1.0},"geometry":{"type":"Polygon","coordinates":[[[127.728137,34.715731],[127.728145,34.716632],[127.727053,34.716639],[127.727046,34.715737],[127.728137,34.715731]]]}},{"type":"Feature","properties":{"count":1,"area":3.6,"conf_n":1,"mean_conf":0.2219,"top":"Styrofoam","top_share":1.0},"geometry":{"type":"Polygon","coordinates":[[[127.728145,34.716632],[127.728153,34.717533],[127.727061,34.71754],[127.727053,34.716639],[127.728145,34.716632]]]}},{"type":"Feature","properties":{"count":3,"area":63.6,"conf_n":3,"mean_conf":0.1633,"top":"Styrofoam","top_share":1.0},"geometry":{"type":"Polygon","coordinates":[[[127.728038,34.579618],[127.728046,34.58052],[127.726956,34.580526],[127.726948,34.579625],[127.728038,34.579618]]]}},{"type":"Feature","properties":{"count":2,"area":7.2,"conf_n":2,"mean_conf":0.1117,"top":"Styrofoam","top_share":1.0},"geometry":{"type":"Polygon","coordinates":[[[127.728061,34.582323],[127.728069,34.583224],[127.726979,34.58323],[127.726972,34.582329],[127.728061,34.582323]]]}},{"type":"Feature","properties":{"count":1,"area":2.7,"conf_n":1,"mean_conf":0.1356,"top":"Styrofoam","top_share":1.0},"geometry":{"type":"Polygon","coordinates":[[[127.729102,34.701303],[127.72911,34.702204],[127.728019,34.70221],[127.728011,34.701309],[127.729102,34.701303]]]}},{"type":"Feature","properties":{"count":4,"area":44.0,"conf_n":4,"mean_conf":0.1134,"top":"Styrofoam","top_share":1.0},"geometry":{"type":"Polygon","coordinates":[[[127.729229,34.715724],[127.729237,34.716626],[127.728145,34.716632],[127.728137,34.715731],[127.729229,34.715724]]]}},{"type":"Feature","properties":{"count":1,"area":11.0,"conf_n":1,"mean_conf":0.0537,"top":"Styrofoam","top_share":1.0},"geometry":{"type":"Polygon","coordinates":[[[127.729252,34.718428],[127.72926,34.71933],[127.728169,34.719336],[127.728161,34.718435],[127.729252,34.718428]]]}},{"type":"Feature","properties":{"count":3,"area":8.1,"conf_n":3,"mean_conf":0.1145,"top":"Styrofoam","top_share":1.0},"geometry":{"type":"Polygon","coordinates":[[[127.72897,34.561584],[127.728978,34.562486],[127.727889,34.562492],[127.727881,34.561591],[127.72897,34.561584]]]}},{"type":"Feature","properties":{"count":1,"area":200.1,"conf_n":0,"top":"Styrofoam","top_share":1.0},"geometry":{"type":"Polygon","coordinates":[[[127.729238,34.592231],[127.729246,34.593132],[127.728156,34.593139],[127.728148,34.592238],[127.729238,34.592231]]]}},{"type":"Feature","properties":{"count":1,"area":13.6,"conf_n":1,"mean_conf":0.2985,"top":"Styrofoam","top_share":1.0},"geometry":{"type":"Polygon","coordinates":[[[127.729798,34.656228],[127.729806,34.657129],[127.728715,34.657136],[127.728707,34.656235],[127.729798,34.656228]]]}},{"type":"Feature","properties":{"count":4,"area":34.3,"conf_n":4,"mean_conf":0.099,"top":"Styrofoam","top_share":1.0},"geometry":{"type":"Polygon","coordinates":[[[127.730186,34.700395],[127.730194,34.701296],[127.729102,34.701303],[127.729094,34.700401],[127.730186,34.700395]]]}},{"type":"Feature","properties":{"count":1,"area":6.2,"conf_n":1,"mean_conf":0.1041,"top":"Styrofoam","top_share":1.0},"geometry":{"type":"Polygon","coordinates":[[[127.73006,34.561578],[127.730068,34.562479],[127.728978,34.562486],[127.72897,34.561584],[127.73006,34.561578]]]}},{"type":"Feature","properties":{"count":3,"area":49.5,"conf_n":2,"mean_conf":0.2152,"top":"Styrofoam","top_share":1.0},"geometry":{"type":"Polygon","coordinates":[[[127.730296,34.588619],[127.730304,34.58952],[127.729214,34.589527],[127.729206,34.588626],[127.730296,34.588619]]]}},{"type":"Feature","properties":{"count":1,"area":23.8,"conf_n":1,"mean_conf":0.1547,"top":"Styrofoam","top_share":1.0},"geometry":{"type":"Polygon","coordinates":[[[127.731277,34.700388],[127.731285,34.701289],[127.730194,34.701296],[127.730186,34.700395],[127.731277,34.700388]]]}},{"type":"Feature","properties":{"count":2,"area":231.2,"conf_n":2,"mean_conf":0.1311,"top":"Styrofoam","top_share":1.0},"geometry":{"type":"Polygon","coordinates":[[[127.731348,34.7085],[127.731356,34.709402],[127.730265,34.709408],[127.730257,34.708507],[127.731348,34.7085]]]}},{"type":"Feature","properties":{"count":1,"area":7.5,"conf_n":1,"mean_conf":0.0591,"top":"Styrofoam","top_share":1.0},"geometry":{"type":"Polygon","coordinates":[[[127.73142,34.716612],[127.731428,34.717514],[127.730336,34.71752],[127.730328,34.716619],[127.73142,34.716612]]]}},{"type":"Feature","properties":{"count":2,"area":73.4,"conf_n":2,"mean_conf":0.1073,"top":"Styrofoam","top_share":1.0},"geometry":{"type":"Polygon","coordinates":[[[127.731149,34.561571],[127.731157,34.562473],[127.730068,34.562479],[127.73006,34.561578],[127.731149,34.561571]]]}},{"type":"Feature","properties":{"count":5,"area":51.3,"conf_n":4,"mean_conf":0.1002,"top":"Styrofoam","top_share":1.0},"geometry":{"type":"Polygon","coordinates":[[[127.731378,34.587711],[127.731386,34.588613],[127.730296,34.588619],[127.730288,34.587718],[127.731378,34.587711]]]}},{"type":"Feature","properties":{"count":4,"area":17.6,"conf_n":4,"mean_conf":0.2163,"top":"Styrofoam","top_share":1.0},"geometry":{"type":"Polygon","coordinates":[[[127.731386,34.588613],[127.731394,34.589514],[127.730304,34.58952],[127.730296,34.588619],[127.731386,34.588613]]]}},{"type":"Feature","properties":{"count":12,"area":78.5,"conf_n":12,"mean_conf":0.1926,"top":"Styrofoam","top_share":1.0},"geometry":{"type":"Polygon","coordinates":[[[127.731394,34.589514],[127.731402,34.590415],[127.730312,34.590422],[127.730304,34.58952],[127.731394,34.589514]]]}},{"type":"Feature","properties":{"count":1,"area":9.6,"conf_n":1,"mean_conf":0.0713,"top":"Styrofoam","top_share":1.0},"geometry":{"type":"Polygon","coordinates":[[[127.731434,34.594021],[127.731442,34.594922],[127.730352,34.594929],[127.730344,34.594027],[127.731434,34.594021]]]}},{"type":"Feature","properties":{"count":1,"area":3.3,"conf_n":1,"mean_conf":0.0964,"top":"Styrofoam","top_share":1.0},"geometry":{"type":"Polygon","coordinates":[[[127.731442,34.594922],[127.731449,34.595824],[127.730359,34.59583],[127.730352,34.594929],[127.731442,34.594922]]]}},{"type":"Feature","properties":{"count":4,"area":65.0,"conf_n":4,"mean_conf":0.0939,"top":"Styrofoam","top_share":1.0},"geometry":{"type":"Polygon","coordinates":[[[127.731584,34.611147],[127.731592,34.612048],[127.730502,34.612055],[127.730494,34.611153],[127.731584,34.611147]]]}},{"type":"Feature","properties":{"count":1,"area":69.7,"conf_n":1,"mean_conf":0.0529,"top":"Styrofoam","top_share":1.0},"geometry":{"type":"Polygon","coordinates":[[[127.732043,34.663426],[127.732051,34.664327],[127.73096,34.664334],[127.730952,34.663432],[127.732043,34.663426]]]}},{"type":"Feature","properties":{"count":1,"area":311.1,"conf_n":0,"top":"Styrofoam","top_share":1.0},"geometry":{"type":"Polygon","coordinates":[[[127.732495,34.714803],[127.732503,34.715705],[127.731412,34.715711],[127.731404,34.71481],[127.732495,34.714803]]]}},{"type":"Feature","properties":{"count":4,"area":53.4,"conf_n":4,"mean_conf":0.0792,"top":"Styrofoam","top_share":1.0},"geometry":{"type":"Polygon","coordinates":[[[127.732511,34.716606],[127.732519,34.717507],[127.731428,34.717514],[127.73142,34.716612],[127.732511,34.716606]]]}},{"type":"Feature","properties":{"count":2,"area":20.6,"conf_n":2,"mean_conf":0.147,"top":"Styrofoam","top_share":1.0},"geometry":{"type":"Polygon","coordinates":[[[127.732231,34.560663],[127.732239,34.561565],[127.731149,34.561571],[127.731142,34.56067],[127.732231,34.560663]]]}},{"type":"Feature","properties":{"count":1,"area":56.3,"conf_n":1,"mean_conf":0.1344,"top":"Styrofoam","top_share":1.0},"geometry":{"type":"Polygon","coordinates":[[[127.732239,34.561565],[127.732247,34.562466],[127.731157,34.562473],[127.731149,34.561571],[127.732239,34.561565]]]}},{"type":"Feature","properties":{"count":17,"area":84.7,"conf_n":17,"mean_conf":0.0902,"top":"Styrofoam","top_share":1.0},"geometry":{"type":"Polygon","coordinates":[[[127.732365,34.575987],[127.732373,34.576888],[127.731284,34.576895],[127.731276,34.575993],[127.732365,34.575987]]]}},{"type":"Feature","properties":{"count":2,"area":14.2,"conf_n":2,"mean_conf":0.1736,"top":"Styrofoam","top_share":1.0},"geometry":{"type":"Polygon","coordinates":[[[127.732468,34.587705],[127.732476,34.588606],[127.731386,34.588613],[127.731378,34.587711],[127.732468,34.587705]]]}},{"type":"Feature","properties":{"count":2,"area":18.4,"conf_n":2,"mean_conf":0.1677,"top":"Styrofoam","top_share":1.0},"geometry":{"type":"Polygon","coordinates":[[[127.732492,34.590409],[127.7325,34.59131],[127.73141,34.591317],[127.731402,34.590415],[127.732492,34.590409]]]}},{"type":"Feature","properties":{"count":1,"area":38.4,"conf_n":1,"mean_conf":0.0882,"top":"Styrofoam","top_share":1.0},"geometry":{"type":"Polygon","coordinates":[[[127.733452,34.699474],[127.73346,34.700375],[127.732368,34.700382],[127.73236,34.69948],[127.733452,34.699474]]]}},{"type":"Feature","properties":{"count":1,"area":5.6,"conf_n":1,"mean_conf":0.0869,"top":"Styrofoam","top_share":1.0},"geometry":{"type":"Polygon","coordinates":[[[127.733523,34.707586],[127.733531,34.708487],[127.73244,34.708494],[127.732432,34.707592],[127.733523,34.707586]]]}},{"type":"Feature","properties":{"count":2,"area":85.6,"conf_n":2,"mean_conf":0.363,"top":"Styrofoam","top_share":1.0},"geometry":{"type":"Polygon","coordinates":[[[127.733531,34.708487],[127.733539,34.709388],[127.732448,34.709395],[127.73244,34.708494],[127.733531,34.708487]]]}},{"type":"Feature","properties":{"count":2,"area":83.8,"conf_n":2,"mean_conf":0.0756,"top":"Styrofoam","top_share":1.0},"geometry":{"type":"Polygon","coordinates":[[[127.733313,34.559756],[127.733321,34.560657],[127.732231,34.560663],[127.732223,34.559762],[127.733313,34.559756]]]}},{"type":"Feature","properties":{"count":1,"area":24.2,"conf_n":1,"mean_conf":0.0989,"top":"Styrofoam","top_share":1.0},"geometry":{"type":"Polygon","coordinates":[[[127.733455,34.57598],[127.733463,34.576882],[127.732373,34.576888],[127.732365,34.575987],[127.733455,34.57598]]]}},{"type":"Feature","properties":{"count":2,"area":7.3,"conf_n":2,"mean_conf":0.1444,"top":"Styrofoam","top_share":1.0},"geometry":{"type":"Polygon","coordinates":[[[127.73359,34.591304],[127.733598,34.592205],[127.732508,34.592212],[127.7325,34.59131],[127.73359,34.591304]]]}},{"type":"Feature","properties":{"count":2,"area":6.9,"conf_n":2,"mean_conf":0.2826,"top":"Styrofoam","top_share":1.0},"geometry":{"type":"Polygon","coordinates":[[[127.733614,34.594008],[127.733622,34.594909],[127.732532,34.594916],[127.732524,34.594014],[127.733614,34.594008]]]}},{"type":"Feature","properties":{"count":1,"area":2.6,"conf_n":1,"mean_conf":0.1673,"top":"Styrofoam","top_share":1.0},"geometry":{"type":"Polygon","coordinates":[[[127.733756,34.610232],[127.733764,34.611134],[127.732674,34.61114],[127.732666,34.610239],[127.733756,34.610232]]]}},{"type":"Feature","properties":{"count":1,"area":83.9,"conf_n":1,"mean_conf":0.0953,"top":"Styrofoam","top_share":1.0},"geometry":{"type":"Polygon","coordinates":[[[127.734225,34.663413],[127.734233,34.664314],[127.733142,34.664321],[127.733134,34.663419],[127.734225,34.663413]]]}},{"type":"Feature","properties":{"count":1,"area":46.3,"conf_n":1,"mean_conf":0.1188,"top":"Styrofoam","top_share":1.0},"geometry":{"type":"Polygon","coordinates":[[[127.734233,34.664314],[127.734241,34.665215],[127.73315,34.665222],[127.733142,34.664321],[127.734233,34.664314]]]}},{"type":"Feature","properties":{"count":9,"area":210.0,"conf_n":9,"mean_conf":0.2207,"top":"Styrofoam","top_share":1.0},"geometry":{"type":"Polygon","coordinates":[[[127.734607,34.706678],[127.734615,34.707579],[127.733523,34.707586],[127.733515,34.706684],[127.734607,34.706678]]]}},{"type":"Feature","properties":{"count":1,"area":2.1,"conf_n":1,"mean_conf":0.1156,"top":"Styrofoam","top_share":1.0},"geometry":{"type":"Polygon","coordinates":[[[127.734623,34.708481],[127.734631,34.709382],[127.733539,34.709388],[127.733531,34.708487],[127.734623,34.708481]]]}},{"type":"Feature","properties":{"count":4,"area":19.8,"conf_n":4,"mean_conf":0.0936,"top":"Styrofoam","top_share":1.0},"geometry":{"type":"Polygon","coordinates":[[[127.734402,34.559749],[127.73441,34.56065],[127.733321,34.560657],[127.733313,34.559756],[127.734402,34.559749]]]}},{"type":"Feature","properties":{"count":2,"area":12.4,"conf_n":2,"mean_conf":0.0892,"top":"Styrofoam","top_share":1.0},"geometry":{"type":"Polygon","coordinates":[[[127.734688,34.592198],[127.734696,34.5931],[127.733606,34.593106],[127.733598,34.592205],[127.734688,34.592198]]]}},{"type":"Feature","properties":{"count":1,"area":5.0,"conf_n":1,"mean_conf":0.1694,"top":"Styrofoam","top_share":1.0},"geometry":{"type":"Polygon","coordinates":[[[127.734696,34.5931],[127.734704,34.594001],[127.733614,34.594008],[127.733606,34.593106],[127.734696,34.5931]]]}},{"type":"Feature","properties":{"count":6,"area":267.0,"conf_n":6,"mean_conf":0.1309,"top":"Styrofoam","top_share":1.0},"geometry":{"type":"Polygon","coordinates":[[[127.735762,34.713882],[127.73577,34.714783],[127.734679,34.71479],[127.734671,34.713889],[127.735762,34.713882]]]}},{"type":"Feature","properties":{"count":4,"area":624.6,"conf_n":4,"mean_conf":0.1192,"top":"Styrofoam","top_share":1.0},"geometry":{"type":"Polygon","coordinates":[[[127.735484,34.558841],[127.735492,34.559742],[127.734402,34.559749],[127.734394,34.558848],[127.735484,34.558841]]]}},{"type":"Feature","properties":{"count":1,"area":3.8,"conf_n":1,"mean_conf":0.3472,"top":"Styrofoam","top_share":1.0},"geometry":{"type":"Polygon","coordinates":[[[127.735627,34.575066],[127.735635,34.575967],[127.734545,34.575974],[127.734537,34.575072],[127.735627,34.575066]]]}},{"type":"Feature","properties":{"count":1,"area":0.1,"conf_n":1,"mean_conf":0.055,"top":"Styrofoam","top_share":1.0},"geometry":{"type":"Polygon","coordinates":[[[127.735682,34.581375],[127.73569,34.582277],[127.7346,34.582283],[127.734593,34.581382],[127.735682,34.581375]]]}},{"type":"Feature","properties":{"count":2,"area":37.9,"conf_n":1,"mean_conf":0.0749,"top":"Styrofoam","top_share":1.0},"geometry":{"type":"Polygon","coordinates":[[[127.735738,34.587685],[127.735746,34.588586],[127.734656,34.588593],[127.734648,34.587692],[127.735738,34.587685]]]}},{"type":"Feature","properties":{"count":1,"area":7.4,"conf_n":1,"mean_conf":0.0626,"top":"Styrofoam","top_share":1.0},"geometry":{"type":"Polygon","coordinates":[[[127.736367,34.658893],[127.736375,34.659794],[127.735284,34.659801],[127.735276,34.658899],[127.736367,34.658893]]]}},{"type":"Feature","properties":{"count":1,"area":7.8,"conf_n":1,"mean_conf":0.079,"top":"Styrofoam","top_share":1.0},"geometry":{"type":"Polygon","coordinates":[[[127.736375,34.659794],[127.736383,34.660696],[127.735292,34.660702],[127.735284,34.659801],[127.736375,34.659794]]]}},{"type":"Feature","properties":{"count":1,"area":3.0,"conf_n":1,"mean_conf":0.051,"top":"Styrofoam","top_share":1.0},"geometry":{"type":"Polygon","coordinates":[[[127.736862,34.714777],[127.73687,34.715678],[127.735778,34.715685],[127.73577,34.714783],[127.736862,34.714777]]]}},{"type":"Feature","properties":{"count":1,"area":7.3,"conf_n":1,"mean_conf":0.051,"top":"Styrofoam","top_share":1.0},"geometry":{"type":"Polygon","coordinates":[[[127.736653,34.567848],[127.736661,34.56875],[127.735571,34.568756],[127.735563,34.567855],[127.736653,34.567848]]]}},{"type":"Feature","properties":{"count":3,"area":11.5,"conf_n":3,"mean_conf":0.2133,"top":"Styrofoam","top_share":1.0},"geometry":{"type":"Polygon","coordinates":[[[127.736756,34.579566],[127.736764,34.580467],[127.735674,34.580474],[127.735666,34.579573],[127.736756,34.579566]]]}},{"type":"Feature","properties":{"count":5,"area":83.2,"conf_n":5,"mean_conf":0.1372,"top":"Styrofoam","top_share":1.0},"geometry":{"type":"Polygon","coordinates":[[[127.736764,34.580467],[127.736772,34.581369],[127.735682,34.581375],[127.735674,34.580474],[127.736764,34.580467]]]}},{"type":"Feature","properties":{"count":1,"area":5.0,"conf_n":1,"mean_conf":0.0878,"top":"Styrofoam","top_share":1.0},"geometry":{"type":"Polygon","coordinates":[[[127.736772,34.581369],[127.73678,34.58227],[127.73569,34.582277],[127.735682,34.581375],[127.736772,34.581369]]]}},{"type":"Feature","properties":{"count":2,"area":37.0,"conf_n":2,"mean_conf":0.0627,"top":"Styrofoam","top_share":1.0},"geometry":{"type":"Polygon","coordinates":[[[127.736828,34.587678],[127.736836,34.58858],[127.735746,34.588586],[127.735738,34.587685],[127.736828,34.587678]]]}},{"type":"Feature","properties":{"count":1,"area":6.3,"conf_n":1,"mean_conf":0.0774,"top":"Styrofoam","top_share":1.0},"geometry":{"type":"Polygon","coordinates":[[[127.737035,34.611114],[127.737043,34.612015],[127.735953,34.612022],[127.735945,34.611121],[127.737035,34.611114]]]}},{"type":"Feature","properties":{"count":3,"area":11.7,"conf_n":3,"mean_conf":0.2171,"top":"Styrofoam","top_share":1.0},"geometry":{"type":"Polygon","coordinates":[[[127.737466,34.659788],[127.737474,34.660689],[127.736383,34.660696],[127.736375,34.659794],[127.737466,34.659788]]]}},{"type":"Feature","properties":{"count":2,"area":12.3,"conf_n":2,"mean_conf":0.2155,"top":"Styrofoam","top_share":1.0},"geometry":{"type":"Polygon","coordinates":[[[127.737881,34.706658],[127.737889,34.707559],[127.736798,34.707566],[127.73679,34.706665],[127.737881,34.706658]]]}},{"type":"Feature","properties":{"count":3,"area":124.0,"conf_n":3,"mean_conf":0.0936,"top":"Styrofoam","top_share":1.0},"geometry":{"type":"Polygon","coordinates":[[[127.737671,34.559729],[127.737679,34.560631],[127.736589,34.560637],[127.736581,34.559736],[127.737671,34.559729]]]}},{"type":"Feature","properties":{"count":2,"area":78.0,"conf_n":2,"mean_conf":0.3912,"top":"Styrofoam","top_share":1.0},"geometry":{"type":"Polygon","coordinates":[[[127.737679,34.560631],[127.737687,34.561532],[127.736597,34.561539],[127.736589,34.560637],[127.737679,34.560631]]]}},{"type":"Feature","properties":{"count":3,"area":6.6,"conf_n":3,"mean_conf":0.1906,"top":"Styrofoam","top_share":1.0},"geometry":{"type":"Polygon","coordinates":[[[127.737894,34.584968],[127.737902,34.585869],[127.736812,34.585876],[127.736804,34.584974],[127.737894,34.584968]]]}},{"type":"Feature","properties":{"count":1,"area":2.4,"conf_n":1,"mean_conf":0.4678,"top":"Styrofoam","top_share":1.0},"geometry":{"type":"Polygon","coordinates":[[[127.73791,34.58677],[127.737918,34.587672],[127.736828,34.587678],[127.73682,34.586777],[127.73791,34.58677]]]}},{"type":"Feature","properties":{"count":1,"area":12.6,"conf_n":1,"mean_conf":0.1569,"top":"Styrofoam","top_share":1.0},"geometry":{"type":"Polygon","coordinates":[[[127.738069,34.604798],[127.738077,34.605699],[127.736987,34.605706],[127.736979,34.604804],[127.738069,34.604798]]]}},{"type":"Feature","properties":{"count":1,"area":6.1,"conf_n":1,"mean_conf":0.0509,"top":"Styrofoam","top_share":1.0},"geometry":{"type":"Polygon","coordinates":[[[127.738085,34.606601],[127.738093,34.607502],[127.737003,34.607509],[127.736995,34.606607],[127.738085,34.606601]]]}},{"type":"Feature","properties":{"count":3,"area":16.0,"conf_n":3,"mean_conf":0.1062,"top":"Styrofoam","top_share":1.0},"geometry":{"type":"Polygon","coordinates":[[[127.738101,34.608403],[127.738109,34.609305],[127.737019,34.609311],[127.737011,34.60841],[127.738101,34.608403]]]}},{"type":"Feature","properties":{"count":3,"area":44.1,"conf_n":3,"mean_conf":0.1958,"top":"Styrofoam","top_share":1.0},"geometry":{"type":"Polygon","coordinates":[[[127.738117,34.610206],[127.738125,34.611107],[127.737035,34.611114],[127.737027,34.610213],[127.738117,34.610206]]]}},{"type":"Feature","properties":{"count":4,"area":58.8,"conf_n":4,"mean_conf":0.1975,"top":"Styrofoam","top_share":1.0},"geometry":{"type":"Polygon","coordinates":[[[127.738556,34.659781],[127.738564,34.660682],[127.737474,34.660689],[127.737466,34.659788],[127.738556,34.659781]]]}},{"type":"Feature","properties":{"count":1,"area":6.3,"conf_n":1,"mean_conf":0.2214,"top":"Styrofoam","top_share":1.0},"geometry":{"type":"Polygon","coordinates":[[[127.738564,34.660682],[127.738572,34.661584],[127.737482,34.66159],[127.737474,34.660689],[127.738564,34.660682]]]}},{"type":"Feature","properties":{"count":1,"area":5.2,"conf_n":1,"mean_conf":0.0562,"top":"Styrofoam","top_share":1.0},"geometry":{"type":"Polygon","coordinates":[[[127.738768,34.560624],[127.738776,34.561525],[127.737687,34.561532],[127.737679,34.560631],[127.738768,34.560624]]]}},{"type":"Feature","properties":{"count":3,"area":36.8,"conf_n":3,"mean_conf":0.3055,"top":"Styrofoam","top_share":1.0},"geometry":{"type":"Polygon","coordinates":[[[127.738984,34.584961],[127.738992,34.585863],[127.737902,34.585869],[127.737894,34.584968],[127.738984,34.584961]]]}},{"type":"Feature","properties":{"count":2,"area":15.0,"conf_n":2,"mean_conf":0.0768,"top":"Styrofoam","top_share":1.0},"geometry":{"type":"Polygon","coordinates":[[[127.739135,34.602087],[127.739143,34.602989],[127.738053,34.602995],[127.738045,34.602094],[127.739135,34.602087]]]}},{"type":"Feature","properties":{"count":1,"area":4.1,"conf_n":1,"mean_conf":0.0501,"top":"Styrofoam","top_share":1.0},"geometry":{"type":"Polygon","coordinates":[[[127.740056,34.705743],[127.740064,34.706645],[127.738973,34.706651],[127.738965,34.70575],[127.740056,34.705743]]]}},{"type":"Feature","properties":{"count":3,"area":23.1,"conf_n":3,"mean_conf":0.2173,"top":"Styrofoam","top_share":1.0},"geometry":{"type":"Polygon","coordinates":[[[127.740064,34.706645],[127.740072,34.707546],[127.738981,34.707553],[127.738973,34.706651],[127.740064,34.706645]]]}},{"type":"Feature","properties":{"count":1,"area":2.2,"conf_n":1,"mean_conf":0.2079,"top":"Styrofoam","top_share":1.0},"geometry":{"type":"Polygon","coordinates":[[[127.739858,34.560618],[127.739866,34.561519],[127.738776,34.561525],[127.738768,34.560624],[127.739858,34.560618]]]}},{"type":"Feature","properties":{"count":1,"area":2.6,"conf_n":1,"mean_conf":0.1449,"top":"Styrofoam","top_share":1.0},"geometry":{"type":"Polygon","coordinates":[[[127.739866,34.561519],[127.739874,34.56242],[127.738784,34.562427],[127.738776,34.561525],[127.739866,34.561519]]]}},{"type":"Feature","properties":{"count":1,"area":5.2,"conf_n":1,"mean_conf":0.0523,"top":"Styrofoam","top_share":1.0},"geometry":{"type":"Polygon","coordinates":[[[127.739994,34.575941],[127.740002,34.576842],[127.738912,34.576849],[127.738904,34.575947],[127.739994,34.575941]]]}},{"type":"Feature","properties":{"count":2,"area":19.8,"conf_n":2,"mean_conf":0.2433,"top":"Styrofoam","top_share":1.0},"geometry":{"type":"Polygon","coordinates":[[[127.740002,34.576842],[127.74001,34.577744],[127.73892,34.57775],[127.738912,34.576849],[127.740002,34.576842]]]}},{"type":"Feature","properties":{"count":2,"area":10.1,"conf_n":2,"mean_conf":0.1221,"top":"Styrofoam","top_share":1.0},"geometry":{"type":"Polygon","coordinates":[[[127.74001,34.577744],[127.740018,34.578645],[127.738928,34.578652],[127.73892,34.57775],[127.74001,34.577744]]]}},{"type":"Feature","properties":{"count":1,"area":7.6,"conf_n":1,"mean_conf":0.1885,"top":"Styrofoam","top_share":1.0},"geometry":{"type":"Polygon","coordinates":[[[127.740074,34.584955],[127.740082,34.585856],[127.738992,34.585863],[127.738984,34.584961],[127.740074,34.584955]]]}},{"type":"Feature","properties":{"count":2,"area":33.0,"conf_n":2,"mean_conf":0.0998,"top":"Styrofoam","top_share":1.0},"geometry":{"type":"Polygon","coordinates":[[[127.740225,34.602081],[127.740233,34.602982],[127.739143,34.602989],[127.739135,34.602087],[127.740225,34.602081]]]}},{"type":"Feature","properties":{"count":4,"area":15.7,"conf_n":4,"mean_conf":0.1215,"top":"Styrofoam","top_share":1.0},"geometry":{"type":"Polygon","coordinates":[[[127.740762,34.662472],[127.74077,34.663373],[127.739679,34.66338],[127.739671,34.662478],[127.740762,34.662472]]]}},{"type":"Feature","properties":{"count":3,"area":93.8,"conf_n":3,"mean_conf":0.1014,"top":"Styrofoam","top_share":1.0},"geometry":{"type":"Polygon","coordinates":[[[127.740923,34.680499],[127.740931,34.6814],[127.73984,34.681407],[127.739832,34.680506],[127.740923,34.680499]]]}},{"type":"Feature","properties":{"count":2,"area":9.3,"conf_n":2,"mean_conf":0.1262,"top":"Styrofoam","top_share":1.0},"geometry":{"type":"Polygon","coordinates":[[[127.740931,34.6814],[127.740939,34.682302],[127.739848,34.682308],[127.73984,34.681407],[127.740931,34.6814]]]}},{"type":"Feature","properties":{"count":2,"area":11.3,"conf_n":2,"mean_conf":0.3449,"top":"Styrofoam","top_share":1.0},"geometry":{"type":"Polygon","coordinates":[[[127.741059,34.57323],[127.741067,34.574131],[127.739978,34.574138],[127.73997,34.573237],[127.741059,34.57323]]]}},{"type":"Feature","properties":{"count":5,"area":22.8,"conf_n":5,"mean_conf":0.1545,"top":"Styrofoam","top_share":1.0},"geometry":{"type":"Polygon","coordinates":[[[127.741067,34.574131],[127.741075,34.575033],[127.739986,34.575039],[127.739978,34.574138],[127.741067,34.574131]]]}},{"type":"Feature","properties":{"count":4,"area":48.9,"conf_n":4,"mean_conf":0.1623,"top":"Styrofoam","top_share":1.0},"geometry":{"type":"Polygon","coordinates":[[[127.741083,34.575934],[127.741091,34.576836],[127.740002,34.576842],[127.739994,34.575941],[127.741083,34.575934]]]}},{"type":"Feature","properties":{"count":1,"area":23.6,"conf_n":1,"mean_conf":0.0792,"top":"Styrofoam","top_share":1.0},"geometry":{"type":"Polygon","coordinates":[[[127.741107,34.578638],[127.741115,34.57954],[127.740026,34.579546],[127.740018,34.578645],[127.741107,34.578638]]]}},{"type":"Feature","properties":{"count":7,"area":235.7,"conf_n":7,"mean_conf":0.1068,"top":"Styrofoam","top_share":1.0},"geometry":{"type":"Polygon","coordinates":[[[127.74199,34.677788],[127.741998,34.67869],[127.740907,34.678696],[127.740899,34.677795],[127.74199,34.677788]]]}},{"type":"Feature","properties":{"count":1,"area":21.7,"conf_n":1,"mean_conf":0.0598,"top":"Styrofoam","top_share":1.0},"geometry":{"type":"Polygon","coordinates":[[[127.741998,34.67869],[127.742006,34.679591],[127.740915,34.679598],[127.740907,34.678696],[127.741998,34.67869]]]}},{"type":"Feature","properties":{"count":2,"area":40.5,"conf_n":2,"mean_conf":0.0962,"top":"Styrofoam","top_share":1.0},"geometry":{"type":"Polygon","coordinates":[[[127.74203,34.682295],[127.742038,34.683196],[127.740947,34.683203],[127.740939,34.682302],[127.74203,34.682295]]]}},{"type":"Feature","properties":{"count":1,"area":103.6,"conf_n":0,"top":"Styrofoam","top_share":1.0},"geometry":{"type":"Polygon","coordinates":[[[127.742239,34.70573],[127.742247,34.706632],[127.741156,34.706638],[127.741148,34.705737],[127.742239,34.70573]]]}},{"type":"Feature","properties":{"count":3,"area":73.1,"conf_n":3,"mean_conf":0.1382,"top":"Styrofoam","top_share":1.0},"geometry":{"type":"Polygon","coordinates":[[[127.742271,34.709336],[127.742279,34.710237],[127.741188,34.710244],[127.74118,34.709342],[127.742271,34.709336]]]}},{"type":"Feature","properties":{"count":1,"area":0.0,"conf_n":1,"mean_conf":0.0517,"top":"Styrofoam","top_share":1.0},"geometry":{"type":"Polygon","coordinates":[[[127.742061,34.563308],[127.742069,34.56421],[127.740979,34.564216],[127.740971,34.563315],[127.742061,34.563308]]]}},{"type":"Feature","properties":{"count":2,"area":35.4,"conf_n":2,"mean_conf":0.644,"top":"Styrofoam","top_share":1.0},"geometry":{"type":"Polygon","coordinates":[[[127.74296,34.664261],[127.742968,34.665163],[127.741877,34.665169],[127.741869,34.664268],[127.74296,34.664261]]]}},{"type":"Feature","properties":{"count":1,"area":139.7,"conf_n":1,"mean_conf":0.0612,"top":"Styrofoam","top_share":1.0},"geometry":{"type":"Polygon","coordinates":[[[127.743073,34.67688],[127.743081,34.677782],[127.74199,34.677788],[127.741982,34.676887],[127.743073,34.67688]]]}},{"type":"Feature","properties":{"count":4,"area":118.2,"conf_n":4,"mean_conf":0.2217,"top":"Styrofoam","top_share":1.0},"geometry":{"type":"Polygon","coordinates":[[[127.743081,34.677782],[127.743089,34.678683],[127.741998,34.67869],[127.74199,34.677788],[127.743081,34.677782]]]}},{"type":"Feature","properties":{"count":1,"area":7.6,"conf_n":1,"mean_conf":0.0634,"top":"Styrofoam","top_share":1.0},"geometry":{"type":"Polygon","coordinates":[[[127.743105,34.680486],[127.743113,34.681387],[127.742022,34.681394],[127.742014,34.680492],[127.743105,34.680486]]]}},{"type":"Feature","properties":{"count":4,"area":24.5,"conf_n":4,"mean_conf":0.2333,"top":"Styrofoam","top_share":1.0},"geometry":{"type":"Polygon","coordinates":[[[127.743363,34.709329],[127.743371,34.71023],[127.742279,34.710237],[127.742271,34.709336],[127.743363,34.709329]]]}},{"type":"Feature","properties":{"count":2,"area":13.1,"conf_n":2,"mean_conf":0.0877,"top":"Styrofoam","top_share":1.0},"geometry":{"type":"Polygon","coordinates":[[[127.743303,34.580428],[127.743311,34.581329],[127.742221,34.581336],[127.742213,34.580434],[127.743303,34.580428]]]}},{"type":"Feature","properties":{"count":1,"area":2.6,"conf_n":1,"mean_conf":0.0506,"top":"Styrofoam","top_share":1.0},"geometry":{"type":"Polygon","coordinates":[[[127.743327,34.583132],[127.743335,34.584033],[127.742245,34.58404],[127.742237,34.583139],[127.743327,34.583132]]]}},{"type":"Feature","properties":{"count":1,"area":37.2,"conf_n":1,"mean_conf":0.5294,"top":"Styrofoam","top_share":1.0},"geometry":{"type":"Polygon","coordinates":[[[127.744059,34.665156],[127.744067,34.666057],[127.742976,34.666064],[127.742968,34.665163],[127.744059,34.665156]]]}},{"type":"Feature","properties":{"count":3,"area":14.2,"conf_n":3,"mean_conf":0.1276,"top":"Styrofoam","top_share":1.0},"geometry":{"type":"Polygon","coordinates":[[[127.744385,34.57952],[127.744393,34.580421],[127.743303,34.580428],[127.743295,34.579526],[127.744385,34.57952]]]}},{"type":"Feature","properties":{"count":2,"area":9.6,"conf_n":2,"mean_conf":0.2779,"top":"Styrofoam","top_share":1.0},"geometry":{"type":"Polygon","coordinates":[[[127.745338,34.56419],[127.745346,34.565091],[127.744256,34.565098],[127.744248,34.564197],[127.745338,34.56419]]]}},{"type":"Feature","properties":{"count":1,"area":5.3,"conf_n":1,"mean_conf":0.0538,"top":"Styrofoam","top_share":1.0},"geometry":{"type":"Polygon","coordinates":[[[127.745346,34.565091],[127.745354,34.565993],[127.744264,34.565999],[127.744256,34.565098],[127.745346,34.565091]]]}},{"type":"Feature","properties":{"count":2,"area":15.0,"conf_n":2,"mean_conf":0.1372,"top":"Styrofoam","top_share":1.0},"geometry":{"type":"Polygon","coordinates":[[[127.745354,34.565993],[127.745362,34.566894],[127.744272,34.566901],[127.744264,34.565999],[127.745354,34.565993]]]}},{"type":"Feature","properties":{"count":2,"area":15.2,"conf_n":2,"mean_conf":0.1579,"top":"Styrofoam","top_share":1.0},"geometry":{"type":"Polygon","coordinates":[[[127.745636,34.597541],[127.745644,34.598442],[127.744554,34.598449],[127.744546,34.597547],[127.745636,34.597541]]]}},{"type":"Feature","properties":{"count":2,"area":9.6,"conf_n":2,"mean_conf":0.0692,"top":"Styrofoam","top_share":1.0},"geometry":{"type":"Polygon","coordinates":[[[127.746265,34.667847],[127.746273,34.668748],[127.745182,34.668755],[127.745174,34.667853],[127.746265,34.667847]]]}},{"type":"Feature","properties":{"count":2,"area":21.5,"conf_n":2,"mean_conf":0.1301,"top":"Styrofoam","top_share":1.0},"geometry":{"type":"Polygon","coordinates":[[[127.746427,34.564183],[127.746436,34.565085],[127.745346,34.565091],[127.745338,34.56419],[127.746427,34.564183]]]}},{"type":"Feature","properties":{"count":2,"area":9.6,"conf_n":2,"mean_conf":0.2181,"top":"Styrofoam","top_share":1.0},"geometry":{"type":"Polygon","coordinates":[[[127.746444,34.565986],[127.746452,34.566887],[127.745362,34.566894],[127.745354,34.565993],[127.746444,34.565986]]]}},{"type":"Feature","properties":{"count":13,"area":91.8,"conf_n":13,"mean_conf":0.2189,"top":"Styrofoam","top_share":1.0},"geometry":{"type":"Polygon","coordinates":[[[127.747388,34.671445],[127.747396,34.672347],[127.746305,34.672353],[127.746297,34.671452],[127.747388,34.671445]]]}},{"type":"Feature","properties":{"count":3,"area":21.2,"conf_n":3,"mean_conf":0.112,"top":"Styrofoam","top_share":1.0},"geometry":{"type":"Polygon","coordinates":[[[127.747396,34.672347],[127.747405,34.673248],[127.746314,34.673255],[127.746305,34.672353],[127.747396,34.672347]]]}},{"type":"Feature","properties":{"count":8,"area":121.8,"conf_n":8,"mean_conf":0.2425,"top":"Styrofoam","top_share":1.0},"geometry":{"type":"Polygon","coordinates":[[[127.747413,34.67415],[127.747421,34.675051],[127.74633,34.675058],[127.746322,34.674156],[127.747413,34.67415]]]}},{"type":"Feature","properties":{"count":1,"area":8.2,"conf_n":1,"mean_conf":0.1633,"top":"Styrofoam","top_share":1.0},"geometry":{"type":"Polygon","coordinates":[[[127.747541,34.566881],[127.747549,34.567782],[127.74646,34.567789],[127.746452,34.566887],[127.747541,34.566881]]]}},{"type":"Feature","properties":{"count":2,"area":25.0,"conf_n":2,"mean_conf":0.0898,"top":"Styrofoam","top_share":1.0},"geometry":{"type":"Polygon","coordinates":[[[127.747791,34.594823],[127.7478,34.595724],[127.74671,34.595731],[127.746701,34.59483],[127.747791,34.594823]]]}},{"type":"Feature","properties":{"count":7,"area":36.0,"conf_n":7,"mean_conf":0.1406,"top":"Styrofoam","top_share":1.0},"geometry":{"type":"Polygon","coordinates":[[[127.748463,34.669636],[127.748471,34.670537],[127.74738,34.670544],[127.747372,34.669643],[127.748463,34.669636]]]}},{"type":"Feature","properties":{"count":1,"area":11.9,"conf_n":1,"mean_conf":0.3972,"top":"Styrofoam","top_share":1.0},"geometry":{"type":"Polygon","coordinates":[[[127.748471,34.670537],[127.748479,34.671439],[127.747388,34.671445],[127.74738,34.670544],[127.748471,34.670537]]]}},{"type":"Feature","properties":{"count":1,"area":22.0,"conf_n":1,"mean_conf":0.0808,"top":"Styrofoam","top_share":1.0},"geometry":{"type":"Polygon","coordinates":[[[127.748504,34.674143],[127.748512,34.675044],[127.747421,34.675051],[127.747413,34.67415],[127.748504,34.674143]]]}},{"type":"Feature","properties":{"count":2,"area":15.9,"conf_n":2,"mean_conf":0.1707,"top":"Styrofoam","top_share":1.0},"geometry":{"type":"Polygon","coordinates":[[[127.749595,34.674136],[127.749603,34.675037],[127.748512,34.675044],[127.748504,34.674143],[127.749595,34.674136]]]}},{"type":"Feature","properties":{"count":1,"area":196.2,"conf_n":0,"top":"Styrofoam","top_share":1.0},"geometry":{"type":"Polygon","coordinates":[[[127.749603,34.675037],[127.749611,34.675939],[127.74852,34.675946],[127.748512,34.675044],[127.749603,34.675037]]]}}]}