{"type":"FeatureCollection","lx":{"source":"https://media.githubusercontent.com/media/wmgeolab/geoBoundaries/9469f09/releaseData/gbOpen/KGZ/ADM1/geoBoundaries-KGZ-ADM1_simplified.geojson","fetched_at":"2026-09-24T10:14:39+09:00","sha256":"b2161137ec372230b04f7b755b3d4fd50f3a6c6197f82bebc2301fb3b0222036","license":"ODbL (ADM0/ADM1 · OSM 2017)","attribution":"geoBoundaries (wmgeolab) gbOpen KGZ","count":{"value":7,"unit":"count","basis":"measured","as_of":"2026-09-24","source":"https://media.githubusercontent.com/media/wmgeolab/geoBoundaries/9469f09/releaseData/gbOpen/KGZ/ADM1/geoBoundaries-KGZ-ADM1_simplified.geojson"}},"features":[{"type":"Feature","id":0,"properties":{"code":"38789647B43528262636538","name":"Batken Region","name_cyr":null,"level":"ADM1","iso":"KGZ","bbox":[69.265,39.3817,72.5566,40.3451]},"geometry":{"type":"Polygon","coordinates":[[[71.96676,40.2447],[71.96311,40.24081],[71.94071,40.2377],[71.93149,40.24219],[71.92702,40.24195],[71.92686,40.25147],[71.92141,40.25481],[71.91771,40.25474],[71.91195,40.25732],[71.90059,40.25732],[71.89138,40.26055],[71.88645,40.26004],[71.88463,40.26258],[71.87375,40.26204],[71.86543,40.25774],[71.8596,40.25745],[71.84486,40.25329],[71.84115,40.2538],[71.83854,40.2482],[71.83131,40.24581],[71.83151,40.24325],[71.82858,40.2411],[71.83123,40.21848],[71.81529,40.21323],[71.81478,40.21431],[71.81131,40.21185],[71.7851,40.20303],[71.76864,40.18637],[71.75695,40.17986],[71.75242,40.17483],[71.74535,40.17282],[71.74422,40.17124],[71.74742,40.16836],[71.73469,40.16252],[71.73103,40.14853],[71.72751,40.14848],[71.72294,40.15882],[71.72394,40.16521],[71.71813,40.17526],[71.71201,40.17981],[71.71027,40.17743],[71.69947,40.179],[71.68931,40.18734],[71.68549,40.18689],[71.68497,40.18912],[71.68137,40.18896],[71.6834,40.19417],[71.677,40.19588],[71.67918,40.19689],[71.68719,40.1959],[71.70099,40.19246],[71.69512,40.1971],[71.69279,40.20518],[71.69979,40.20759],[71.70164,40.20371],[71.70616,40.20138],[71.70656,40.20275],[71.69901,40.21496],[71.69768,40.22086],[71.6942,40.22475],[71.70008,40.23336],[71.69977,40.24156],[71.69449,40.25039],[71.68254,40.25509],[71.67994,40.25904],[71.6813,40.26152],[71.67996,40.27015],[71.67364,40.26876],[71.66806,40.27097],[71.65283,40.27131],[71.64519,40.26977],[71.64374,40.26718],[71.63379,40.26466],[71.63147,40.26487],[71.62928,40.26785],[71.62008,40.26713],[71.61885,40.2588],[71.62024,40.25734],[71.61991,40.25573],[71.61817,40.25565],[71.61832,40.25253],[71.61899,40.25026],[71.62233,40.24895],[71.61958,40.23805],[71.62403,40.23076],[71.62515,40.22142],[71.62901,40.21788],[71.62685,40.21542],[71.61534,40.21808],[71.61562,40.21646],[71.61765,40.21644],[71.621,40.21331],[71.61919,40.20745],[71.61627,40.20668],[71.59555,40.2115],[71.59257,40.21795],[71.58027,40.21869],[71.58,40.21424],[71.57822,40.21476],[71.57823,40.21674],[71.57544,40.21698],[71.56916,40.2144],[71.55412,40.21776],[71.53662,40.22418],[71.51878,40.22709],[71.51294,40.23099],[71.51758,40.23871],[71.51149,40.24416],[71.51292,40.25044],[71.51096,40.25722],[71.51261,40.26359],[71.51065,40.26668],[71.51149,40.26825],[71.50641,40.2712],[71.50148,40.27707],[71.49048,40.27418],[71.48514,40.27669],[71.47771,40.27491],[71.47193,40.27711],[71.45965,40.27713],[71.42798,40.28405],[71.41408,40.29117],[71.39875,40.30186],[71.39709,40.30631],[71.39113,40.30908],[71.3815,40.30636],[71.37657,40.30756],[71.36733,40.30608],[71.36773,40.30925],[71.37674,40.3141],[71.37528,40.31661],[71.37171,40.31542],[71.36897,40.31892],[71.35824,40.31658],[71.35755,40.31847],[71.35368,40.31888],[71.35271,40.32044],[71.34618,40.3187],[71.347,40.31492],[71.33646,40.31337],[71.33424,40.31404],[71.33551,40.31729],[71.32411,40.31782],[71.31829,40.31121],[71.30963,40.30741],[71.2985,40.31474],[71.2928,40.3257],[71.30067,40.3308],[71.28503,40.34042],[71.27376,40.3436],[71.26514,40.33548],[71.25479,40.3312],[71.24807,40.32333],[71.24736,40.32484],[71.24112,40.322],[71.24026,40.32291],[71.25187,40.32951],[71.25247,40.33262],[71.24282,40.33759],[71.2253,40.34209],[71.20352,40.34506],[71.15579,40.33664],[71.14541,40.33588],[71.13115,40.33808],[71.12506,40.33465],[71.1092,40.3192],[71.10274,40.31504],[71.09635,40.30746],[71.08772,40.30305],[71.07193,40.28984],[71.05531,40.28752],[71.03357,40.27938],[71.02071,40.28343],[71.03109,40.289],[71.01881,40.29613],[70.9846,40.28599],[70.97232,40.28853],[70.96378,40.28832],[70.95915,40.28521],[70.96086,40.26762],[70.97669,40.25705],[70.9751,40.25007],[70.98031,40.24321],[70.98332,40.22064],[70.97314,40.21628],[70.96793,40.2166],[70.95707,40.21083],[70.92411,40.19869],[70.88298,40.18656],[70.85945,40.16501],[70.85814,40.16699],[70.85047,40.16355],[70.84867,40.16519],[70.83865,40.16492],[70.83229,40.1612],[70.8278,40.16689],[70.82649,40.17502],[70.83166,40.18934],[70.81845,40.18318],[70.80232,40.17955],[70.80372,40.1728],[70.79931,40.14468],[70.80091,40.14222],[70.79794,40.12933],[70.785,40.12644],[70.77764,40.11993],[70.77118,40.11904],[70.76559,40.11525],[70.7599,40.1164],[70.74991,40.11544],[70.71002,40.10887],[70.69406,40.10777],[70.66992,40.10298],[70.66028,40.09398],[70.6603,40.07578],[70.65739,40.06336],[70.65806,40.05857],[70.665,40.04732],[70.66405,40.0364],[70.6655,40.03096],[70.66389,40.02348],[70.66777,40.01277],[70.66272,39.9999],[70.66262,39.99052],[70.66024,39.98856],[70.65039,39.98672],[70.63455,39.98788],[70.63181,39.98683],[70.63101,39.97136],[70.63255,39.96749],[70.62166,39.9654],[70.61479,39.95871],[70.60493,39.95762],[70.57081,39.95817],[70.55752,39.96507],[70.54717,39.96532],[70.52164,39.95213],[70.51707,39.94822],[70.51296,39.9499],[70.5028,39.93956],[70.50199,39.93213],[70.49766,39.92996],[70.49548,39.93199],[70.49607,39.93598],[70.49079,39.9415],[70.49174,39.94731],[70.50329,39.94902],[70.51492,39.95806],[70.52739,39.9629],[70.54672,39.97921],[70.5729,39.99111],[70.58161,40.00221],[70.58203,40.0072],[70.57507,40.02258],[70.56726,40.03034],[70.55432,40.03956],[70.54916,40.04008],[70.5335,40.03229],[70.53064,40.03504],[70.53049,40.04015],[70.53354,40.04717],[70.52021,40.05226],[70.50695,40.05157],[70.4829,40.05629],[70.46545,40.05786],[70.4244,40.05773],[70.41881,40.06011],[70.41915,40.06251],[70.40493,40.07459],[70.39775,40.07856],[70.38494,40.08111],[70.35779,40.08106],[70.35335,40.09027],[70.3516,40.10214],[70.346,40.10501],[70.34153,40.10483],[70.33192,40.11136],[70.32422,40.11304],[70.31998,40.11621],[70.30535,40.11965],[70.29196,40.12936],[70.28228,40.12959],[70.26545,40.12397],[70.25239,40.12598],[70.24116,40.12401],[70.22838,40.12729],[70.20682,40.12932],[70.20668,40.13224],[70.20038,40.13426],[70.19795,40.14443],[70.199,40.15993],[70.19343,40.16983],[70.19001,40.16128],[70.18524,40.1575],[70.18522,40.15343],[70.18046,40.1526],[70.17863,40.14504],[70.17529,40.14299],[70.13475,40.16505],[70.10105,40.18815],[70.03248,40.22396],[70.02389,40.22679],[70.02094,40.23034],[70.00703,40.23265],[69.99994,40.22842],[69.99547,40.23468],[69.88613,40.20113],[69.83379,40.1919],[69.81977,40.18871],[69.81082,40.18393],[69.78404,40.17942],[69.77324,40.16957],[69.74253,40.1527],[69.70465,40.13629],[69.68714,40.12073],[69.68772,40.11599],[69.67668,40.1083],[69.66276,40.10959],[69.66299,40.11746],[69.64706,40.12151],[69.60985,40.11307],[69.60459,40.11013],[69.58215,40.10461],[69.57307,40.1046],[69.5559,40.12225],[69.53702,40.11694],[69.53582,40.10177],[69.53839,40.08904],[69.51844,40.08015],[69.51335,40.05684],[69.51522,40.05259],[69.51075,40.04594],[69.50706,40.03384],[69.50845,40.02819],[69.53095,39.99432],[69.52606,39.96953],[69.53544,39.95236],[69.53862,39.93706],[69.54033,39.93727],[69.53856,39.93166],[69.53406,39.92973],[69.53051,39.93143],[69.5342,39.93696],[69.52659,39.94405],[69.51019,39.94454],[69.49815,39.94174],[69.49842,39.93742],[69.5002,39.93693],[69.50244,39.93125],[69.49973,39.92747],[69.49379,39.92665],[69.48015,39.92988],[69.47518,39.92282],[69.47297,39.92274],[69.46266,39.91582],[69.45954,39.91866],[69.45738,39.93496],[69.45499,39.93686],[69.44785,39.93656],[69.43448,39.92314],[69.4305,39.92219],[69.42703,39.92943],[69.4351,39.95216],[69.43175,39.95846],[69.43121,39.96415],[69.43476,39.97382],[69.42803,39.98076],[69.42808,39.9837],[69.43192,39.98828],[69.41769,39.99115],[69.40318,40.00023],[69.39465,40.00256],[69.38754,39.99375],[69.37852,39.99373],[69.37217,39.99598],[69.36724,40.01095],[69.36112,40.01923],[69.35443,40.02152],[69.35097,40.02104],[69.34694,40.01767],[69.35421,40.00534],[69.35567,39.99616],[69.35913,39.99003],[69.35636,39.98404],[69.3578,39.98192],[69.35761,39.9716],[69.35605,39.96906],[69.34893,39.97051],[69.34424,39.9684],[69.34397,39.95624],[69.33683,39.96033],[69.33169,39.95123],[69.3259,39.94955],[69.32012,39.95144],[69.31746,39.94984],[69.31604,39.93843],[69.31052,39.93648],[69.29688,39.92046],[69.29917,39.91644],[69.29908,39.91048],[69.30238,39.91035],[69.31289,39.8916],[69.31975,39.88661],[69.32051,39.88246],[69.32497,39.8786],[69.32958,39.87805],[69.32441,39.87465],[69.3188,39.87511],[69.31737,39.87094],[69.30755,39.87365],[69.30502,39.87378],[69.30325,39.87215],[69.29993,39.86252],[69.30366,39.84688],[69.28958,39.83871],[69.28227,39.83613],[69.28547,39.83038],[69.28355,39.82575],[69.28177,39.82641],[69.27711,39.82337],[69.26974,39.82912],[69.26539,39.81044],[69.26495,39.80604],[69.27997,39.80299],[69.27918,39.78986],[69.28229,39.78916],[69.28362,39.78067],[69.29467,39.78049],[69.28561,39.77225],[69.29097,39.7666],[69.28909,39.75503],[69.31037,39.7327],[69.32114,39.72674],[69.32835,39.71722],[69.33424,39.70263],[69.33705,39.70066],[69.33694,39.6972],[69.32731,39.69213],[69.32025,39.68431],[69.31838,39.6709],[69.32139,39.66329],[69.328,39.6593],[69.32971,39.65453],[69.33136,39.64353],[69.32903,39.63628],[69.333,39.62983],[69.34331,39.6262],[69.34492,39.62408],[69.34462,39.61891],[69.34068,39.61192],[69.33967,39.60132],[69.35989,39.59569],[69.35615,39.58661],[69.35604,39.57968],[69.35453,39.57902],[69.35576,39.56886],[69.34941,39.56228],[69.3477,39.55701],[69.34011,39.55306],[69.3377,39.54644],[69.33969,39.54169],[69.34396,39.54001],[69.35115,39.52905],[69.36168,39.52111],[69.373,39.52088],[69.37705,39.5231],[69.38241,39.53698],[69.38848,39.54253],[69.39647,39.55696],[69.40358,39.56305],[69.4073,39.56324],[69.40978,39.5606],[69.40788,39.54928],[69.41134,39.54635],[69.41538,39.54569],[69.42111,39.54143],[69.43494,39.53637],[69.4452,39.52871],[69.44778,39.52831],[69.47189,39.53938],[69.48144,39.52793],[69.48562,39.52636],[69.49071,39.53135],[69.49247,39.5387],[69.49603,39.53952],[69.51406,39.53637],[69.51985,39.54169],[69.5273,39.54506],[69.53199,39.5435],[69.53486,39.53919],[69.53776,39.5381],[69.54376,39.54157],[69.55201,39.55537],[69.55573,39.55822],[69.57397,39.55312],[69.58053,39.56119],[69.58032,39.56724],[69.58552,39.57093],[69.5857,39.57684],[69.60243,39.58314],[69.60168,39.58536],[69.59854,39.58666],[69.60202,39.59201],[69.61121,39.59207],[69.61993,39.58918],[69.62942,39.59298],[69.63622,39.58825],[69.6386,39.5882],[69.64294,39.5803],[69.65183,39.58143],[69.661,39.57825],[69.66875,39.58143],[69.67781,39.58028],[69.68232,39.59159],[69.69473,39.59637],[69.69838,39.60053],[69.71635,39.59355],[69.7376,39.59505],[69.74467,39.58716],[69.75544,39.58699],[69.7755,39.57943],[69.78398,39.5801],[69.79724,39.56976],[69.80125,39.56816],[69.80755,39.56935],[69.81406,39.55882],[69.82016,39.55808],[69.82686,39.56124],[69.83887,39.54867],[69.85236,39.54518],[69.85565,39.53659],[69.86722,39.52949],[69.87386,39.53182],[69.88793,39.54235],[69.88434,39.54822],[69.89252,39.55561],[69.89772,39.55793],[69.89808,39.5628],[69.89406,39.56988],[69.90164,39.57619],[69.92162,39.5797],[69.93378,39.56791],[69.94098,39.56416],[69.95909,39.56881],[69.97824,39.56794],[69.97791,39.56134],[69.97949,39.55826],[69.99038,39.5573],[69.98745,39.54662],[69.996,39.53681],[70.01438,39.54254],[70.02664,39.55034],[70.03134,39.55148],[70.03766,39.56229],[70.03967,39.57129],[70.04465,39.5701],[70.05407,39.57056],[70.05813,39.56685],[70.06822,39.56416],[70.07169,39.57144],[70.07932,39.57659],[70.09269,39.57886],[70.10467,39.58739],[70.11734,39.59022],[70.12301,39.58885],[70.12999,39.58386],[70.1351,39.57776],[70.13575,39.57244],[70.14038,39.57351],[70.14462,39.5714],[70.14878,39.56075],[70.16809,39.55408],[70.17815,39.55672],[70.18626,39.56324],[70.19271,39.56551],[70.19845,39.57246],[70.20663,39.57843],[70.2126,39.5775],[70.21815,39.57381],[70.22103,39.56646],[70.24338,39.5601],[70.23999,39.55259],[70.24197,39.54983],[70.24157,39.54533],[70.23545,39.53849],[70.25088,39.53607],[70.27413,39.52813],[70.30082,39.52793],[70.30351,39.52689],[70.30907,39.53003],[70.32059,39.54659],[70.32786,39.55096],[70.33081,39.55583],[70.3295,39.56194],[70.3324,39.56335],[70.33971,39.5636],[70.34817,39.5709],[70.35472,39.57185],[70.35755,39.57416],[70.36137,39.58892],[70.37552,39.59733],[70.38298,39.5865],[70.38965,39.5822],[70.40947,39.57638],[70.42452,39.57425],[70.43089,39.58293],[70.43476,39.59504],[70.44145,39.60104],[70.4644,39.58228],[70.4711,39.59063],[70.49181,39.60641],[70.49779,39.60778],[70.51795,39.60712],[70.5249,39.62208],[70.53443,39.62163],[70.54546,39.61052],[70.55093,39.61065],[70.55559,39.60192],[70.56088,39.5964],[70.57419,39.59662],[70.58771,39.5896],[70.6058,39.5858],[70.61536,39.59006],[70.62439,39.59115],[70.62818,39.5858],[70.65013,39.58221],[70.6569,39.57254],[70.67303,39.56062],[70.68641,39.54104],[70.6855,39.53069],[70.69404,39.52365],[70.69436,39.51979],[70.70291,39.5157],[70.71311,39.50238],[70.74563,39.48704],[70.75433,39.4776],[70.76144,39.46246],[70.76291,39.42642],[70.76614,39.41863],[70.76803,39.39936],[70.77328,39.39436],[70.78845,39.38947],[70.81561,39.38845],[70.83798,39.39],[70.86047,39.39346],[70.86788,39.39317],[70.87998,39.38887],[70.8919,39.38169],[70.91241,39.3833],[70.92213,39.39012],[70.93498,39.4069],[70.93563,39.42655],[70.94103,39.43354],[70.951,39.43459],[70.9594,39.43042],[70.9745,39.41495],[70.99353,39.40317],[71.00835,39.40259],[71.03134,39.40408],[71.05148,39.40904],[71.06606,39.41422],[71.07261,39.41971],[71.08088,39.43234],[71.07784,39.47038],[71.08091,39.48085],[71.08968,39.49917],[71.09946,39.50646],[71.11273,39.51024],[71.12762,39.5106],[71.16956,39.50747],[71.19337,39.5113],[71.20551,39.51656],[71.23968,39.53578],[71.24406,39.5452],[71.2532,39.55203],[71.25858,39.54892],[71.27788,39.52317],[71.28682,39.518],[71.2955,39.51812],[71.30765,39.52337],[71.3289,39.5436],[71.33446,39.552],[71.33562,39.56875],[71.35472,39.57563],[71.36098,39.57632],[71.39232,39.57212],[71.41459,39.57117],[71.43552,39.57748],[71.46008,39.5913],[71.47864,39.60778],[71.48769,39.61267],[71.49893,39.61362],[71.50722,39.61018],[71.51407,39.62514],[71.53693,39.65715],[71.61924,39.68458],[71.63753,39.70744],[71.65582,39.72345],[71.67412,39.73259],[71.70155,39.73031],[71.7267,39.7143],[71.75642,39.68001],[71.77471,39.66629],[71.81358,39.664],[71.88674,39.664],[71.91875,39.65943],[71.98505,39.632],[72.01249,39.61599],[72.04678,39.61599],[72.10165,39.61142],[72.14738,39.61142],[72.16567,39.62285],[72.17482,39.632],[72.20225,39.632],[72.23426,39.61599],[72.26627,39.61599],[72.28685,39.62971],[72.33257,39.63885],[72.38287,39.64571],[72.40802,39.66172],[72.44232,39.66858],[72.45375,39.68001],[72.50862,39.70973],[72.53377,39.72116],[72.55663,39.7486],[72.54977,39.7646],[72.51777,39.79432],[72.4949,39.84005],[72.48347,39.8492],[72.47433,39.8492],[72.43317,39.82405],[72.41031,39.82405],[72.39888,39.82633],[72.38973,39.84691],[72.38744,39.86063],[72.36687,39.88121],[72.31886,39.92007],[72.28913,39.9315],[72.27084,39.93608],[72.26855,39.94979],[72.27999,39.97037],[72.28227,39.99781],[72.28227,40.03667],[72.2777,40.08012],[72.2617,40.1167],[72.22054,40.16014],[72.18625,40.17385],[72.17939,40.19672],[72.17114,40.21341],[72.15639,40.22295],[72.21113,40.25325],[72.20929,40.29316],[72.18721,40.30574],[72.16756,40.30609],[72.1194,40.29969],[72.06963,40.27156],[72.06502,40.25756],[72.05981,40.25868],[72.03075,40.2544],[72.01621,40.24375],[71.96676,40.2447]],[[70.99938,40.18348],[71.0006,40.18513],[71.02095,40.17815],[71.03603,40.18078],[71.03934,40.17698],[71.0424,40.1787],[71.04179,40.18182],[71.0451,40.1836],[71.06737,40.16686],[71.07344,40.16014],[71.08172,40.1348],[71.08244,40.12427],[71.08974,40.11405],[71.09464,40.10222],[71.09242,40.09374],[71.09872,40.09038],[71.10269,40.08484],[71.10002,40.0774],[71.10178,40.07492],[71.10276,40.05617],[71.113,40.04162],[71.11685,40.02933],[71.11489,40.02065],[71.11607,40.0183],[71.12125,40.01576],[71.12934,40.01615],[71.13736,40.01974],[71.14216,40.02633],[71.15501,40.02542],[71.16874,40.02848],[71.18009,40.02748],[71.18511,40.03194],[71.19253,40.03488],[71.20279,40.03776],[71.20736,40.03763],[71.19581,40.01541],[71.18689,40.01075],[71.18538,40.00138],[71.17191,40.0004],[71.16818,40.00187],[71.16578,40.00058],[71.14503,40.00138],[71.14232,40.00022],[71.15251,39.99419],[71.16291,39.99092],[71.16757,39.98733],[71.16821,39.98469],[71.16462,39.97635],[71.16548,39.972],[71.1607,39.96712],[71.13979,39.95898],[71.13288,39.95764],[71.13306,39.95479],[71.14142,39.95154],[71.15452,39.95192],[71.16461,39.94986],[71.17909,39.95241],[71.19438,39.95013],[71.20801,39.9532],[71.21543,39.95183],[71.2143,39.95005],[71.20559,39.94723],[71.19067,39.94707],[71.19793,39.94118],[71.20785,39.93949],[71.22128,39.9336],[71.22518,39.93051],[71.22607,39.92594],[71.222,39.92301],[71.21762,39.92454],[71.21806,39.92244],[71.21307,39.92219],[71.21758,39.91628],[71.21593,39.91221],[71.2097,39.9138],[71.19658,39.91097],[71.19334,39.90652],[71.1997,39.90201],[71.19385,39.89655],[71.18165,39.89458],[71.17428,39.89515],[71.16608,39.88711],[71.15972,39.88914],[71.15521,39.88647],[71.14727,39.88851],[71.14186,39.88647],[71.13084,39.88628],[71.12823,39.8969],[71.13287,39.90344],[71.13402,39.90821],[71.11994,39.92254],[71.10876,39.91695],[71.10599,39.9131],[71.10555,39.90827],[71.10173,39.90706],[71.09989,39.911],[71.0976,39.90891],[71.0976,39.90255],[71.09481,39.8976],[71.09538,39.89429],[71.09862,39.89219],[71.0997,39.88927],[71.09557,39.88539],[71.09423,39.88539],[71.09268,39.89092],[71.08569,39.89226],[71.08048,39.89651],[71.06478,39.89575],[71.06249,39.8974],[71.05601,39.89766],[71.05089,39.90045],[71.05693,39.90522],[71.06271,39.90649],[71.06513,39.90903],[71.07784,39.91425],[71.07924,39.91831],[71.07612,39.9246],[71.07612,39.92943],[71.07809,39.93598],[71.08267,39.94253],[71.09973,39.95399],[71.10393,39.95317],[71.11123,39.95775],[71.12007,39.95952],[71.11816,39.96823],[71.11527,39.97],[71.10801,39.96696],[71.10247,39.97068],[71.0999,39.97438],[71.10138,39.97836],[71.09865,39.97818],[71.09881,39.97923],[71.09404,39.98062],[71.09652,39.98307],[71.09334,39.98472],[71.08994,39.99035],[71.09334,39.99565],[71.10053,39.99889],[71.10688,39.99082],[71.11457,39.99394],[71.11311,40.00501],[71.11434,40.01419],[71.11002,40.0207],[71.09668,40.01929],[71.08497,40.0237],[71.07243,40.02476],[71.04656,40.02335],[71.02419,40.03653],[71.0102,40.05099],[71.00491,40.08142],[71.01279,40.08748],[71.01509,40.09237],[71.01933,40.12024],[71.00867,40.16693],[71.00078,40.17809],[70.99938,40.18348]],[[71.7145,39.96607],[71.72999,39.97179],[71.73872,39.977],[71.76296,39.97736],[71.76582,39.98105],[71.77173,39.98334],[71.77699,39.98783],[71.78771,39.99103],[71.78764,39.99326],[71.78367,39.99333],[71.78158,39.99535],[71.79001,40.00425],[71.78087,40.01662],[71.77631,40.01949],[71.77782,40.02112],[71.78075,40.02075],[71.79993,40.00367],[71.81082,40.00377],[71.8167,40.00162],[71.82042,39.9935],[71.81993,39.98926],[71.82272,39.98773],[71.82912,39.98557],[71.85887,39.98421],[71.85497,39.96932],[71.84794,39.96069],[71.84725,39.95011],[71.84412,39.94544],[71.83065,39.95505],[71.79766,39.95853],[71.79049,39.96626],[71.78718,39.9666],[71.77848,39.96298],[71.77702,39.95477],[71.77243,39.94879],[71.75927,39.94022],[71.75391,39.93487],[71.7451,39.93373],[71.74253,39.93804],[71.74734,39.95361],[71.7432,39.9556],[71.72315,39.95878],[71.72042,39.95804],[71.71934,39.95249],[71.71683,39.95219],[71.7145,39.96607]],[[70.52543,39.87639],[70.53108,39.88138],[70.53727,39.89155],[70.56654,39.87709],[70.6005,39.87503],[70.60701,39.87181],[70.62359,39.87466],[70.661,39.86744],[70.69515,39.86492],[70.70151,39.86895],[70.70579,39.87513],[70.71989,39.87571],[70.71777,39.8643],[70.71916,39.86102],[70.7356,39.86921],[70.74172,39.87069],[70.74335,39.86979],[70.73713,39.86165],[70.73841,39.84697],[70.73585,39.84614],[70.73028,39.84793],[70.72926,39.8408],[70.72763,39.84032],[70.72145,39.84657],[70.71951,39.84652],[70.71109,39.83872],[70.70509,39.83577],[70.70345,39.83108],[70.6915,39.8167],[70.68554,39.81605],[70.67472,39.81745],[70.66266,39.82124],[70.6567,39.81996],[70.65614,39.818],[70.66227,39.80688],[70.66278,39.80191],[70.65515,39.78853],[70.64735,39.78446],[70.62428,39.77811],[70.62198,39.79057],[70.60874,39.79245],[70.60534,39.79858],[70.60549,39.80048],[70.61347,39.80547],[70.61371,39.81499],[70.60643,39.82016],[70.59515,39.83455],[70.55673,39.85089],[70.54496,39.8491],[70.53714,39.84969],[70.52543,39.87639]],[[71.02904,40.23994],[71.03111,40.25167],[71.03756,40.25829],[71.04185,40.25837],[71.04391,40.25185],[71.03962,40.243],[71.04176,40.23278],[71.03876,40.22754],[71.03525,40.22835],[71.03404,40.23257],[71.0292,40.23719],[71.02904,40.23994]],[[71.65481,40.20643],[71.65993,40.20734],[71.66806,40.20489],[71.67191,40.20195],[71.67163,40.19753],[71.66028,40.2018],[71.65481,40.20643]]]}},{"type":"Feature","id":1,"properties":{"code":"38789647B74878035894071","name":"Osh Region","name_cyr":null,"level":"ADM1","iso":"KGZ","bbox":[71.5072,39.1728,74.9106,41.1349]},"geometry":{"type":"MultiPolygon","coordinates":[[[[71.50722,39.61018],[71.52605,39.60237],[71.55103,39.58736],[71.56001,39.57449],[71.56126,39.55764],[71.55788,39.54531],[71.54767,39.53279],[71.5435,39.5181],[71.54379,39.50513],[71.55258,39.47258],[71.56244,39.45487],[71.57687,39.44896],[71.61313,39.44496],[71.6264,39.44005],[71.64063,39.4399],[71.6749,39.45085],[71.70689,39.45614],[71.73032,39.4546],[71.74909,39.45711],[71.76083,39.45658],[71.78647,39.44341],[71.79772,39.42849],[71.80382,39.40277],[71.80029,39.38084],[71.79615,39.37527],[71.77322,39.36672],[71.75716,39.35064],[71.75267,39.32396],[71.76094,39.31062],[71.78012,39.28622],[71.79063,39.27805],[71.80204,39.27369],[71.81821,39.27487],[71.83604,39.28173],[71.84604,39.28319],[71.87926,39.28117],[71.89984,39.27541],[71.91111,39.27728],[71.91876,39.28029],[71.93153,39.3013],[71.94457,39.31797],[71.95799,39.33127],[71.97122,39.33449],[71.99516,39.34776],[72.01211,39.3508],[72.03563,39.36649],[72.04292,39.3647],[72.05059,39.36001],[72.05861,39.35195],[72.06554,39.32232],[72.07776,39.30492],[72.08548,39.28534],[72.09673,39.27135],[72.10566,39.26643],[72.11653,39.2695],[72.13575,39.26934],[72.13823,39.27203],[72.15347,39.2734],[72.15524,39.27071],[72.1615,39.26775],[72.17394,39.2695],[72.18013,39.26328],[72.18214,39.25856],[72.18082,39.25367],[72.18417,39.24141],[72.19027,39.23558],[72.20861,39.22556],[72.21468,39.21661],[72.21678,39.2045],[72.21597,39.19445],[72.22003,39.18369],[72.23293,39.17536],[72.24508,39.17284],[72.257,39.17514],[72.2614,39.18356],[72.26578,39.21533],[72.27127,39.21884],[72.27157,39.22535],[72.27654,39.22669],[72.28189,39.23779],[72.28227,39.2427],[72.28785,39.25211],[72.28648,39.25353],[72.28862,39.26028],[72.30146,39.27502],[72.3033,39.28413],[72.29955,39.28981],[72.29978,39.29235],[72.30826,39.29679],[72.31155,39.3004],[72.31626,39.31122],[72.33051,39.31782],[72.3312,39.32125],[72.33571,39.32388],[72.33735,39.32772],[72.34244,39.3321],[72.34786,39.33328],[72.35975,39.33157],[72.36701,39.33281],[72.37941,39.32945],[72.38519,39.33304],[72.3913,39.33459],[72.40054,39.34178],[72.41498,39.34379],[72.42266,39.34192],[72.42658,39.34345],[72.43038,39.34276],[72.43386,39.34333],[72.43793,39.34677],[72.45494,39.34796],[72.46246,39.35019],[72.46383,39.357],[72.4686,39.35763],[72.46824,39.3592],[72.47347,39.36301],[72.47494,39.36653],[72.47918,39.36888],[72.47908,39.37467],[72.49286,39.38008],[72.50189,39.37661],[72.51395,39.37804],[72.52307,39.38129],[72.54425,39.38086],[72.54958,39.37826],[72.55021,39.37338],[72.55541,39.3673],[72.55402,39.36383],[72.56188,39.35793],[72.56309,39.35271],[72.56654,39.35163],[72.57848,39.35991],[72.58747,39.3592],[72.59322,39.3646],[72.59924,39.36612],[72.60173,39.36995],[72.60353,39.38016],[72.60978,39.38371],[72.61368,39.3948],[72.61523,39.39603],[72.61878,39.3957],[72.62116,39.39916],[72.62694,39.3979],[72.63583,39.39288],[72.64627,39.39357],[72.65341,39.39211],[72.65998,39.39401],[72.67034,39.3884],[72.68988,39.39509],[72.69732,39.39556],[72.70496,39.3875],[72.711,39.38505],[72.71954,39.38553],[72.71996,39.3819],[72.72229,39.38088],[72.72696,39.38162],[72.7306,39.37655],[72.74139,39.37485],[72.7454,39.37271],[72.75284,39.37299],[72.76772,39.3646],[72.78268,39.36202],[72.78427,39.34662],[72.79063,39.34661],[72.79773,39.35172],[72.80588,39.35391],[72.81412,39.35827],[72.81565,39.36118],[72.82421,39.36431],[72.82856,39.36257],[72.833,39.36307],[72.84149,39.35601],[72.842,39.35397],[72.84738,39.35219],[72.85734,39.35192],[72.86792,39.3468],[72.87444,39.34812],[72.87918,39.34698],[72.88828,39.35769],[72.89879,39.3615],[72.90714,39.36765],[72.92669,39.3688],[72.93233,39.37181],[72.9393,39.37078],[72.9437,39.35884],[72.95887,39.34665],[72.97391,39.35816],[72.98416,39.35752],[72.99014,39.35857],[72.9955,39.3617],[72.99937,39.36083],[73.00666,39.36273],[73.01679,39.35671],[73.03515,39.35481],[73.05983,39.36015],[73.07612,39.36977],[73.08681,39.37227],[73.0911,39.37006],[73.10185,39.3728],[73.10652,39.3764],[73.11814,39.37054],[73.12156,39.36986],[73.12554,39.37188],[73.12771,39.37097],[73.13635,39.36535],[73.14222,39.36384],[73.14574,39.35902],[73.16068,39.35249],[73.1774,39.35654],[73.1844,39.35355],[73.20071,39.35321],[73.20721,39.36059],[73.217,39.36281],[73.23066,39.35771],[73.24361,39.3613],[73.24951,39.37683],[73.25258,39.38104],[73.25893,39.38349],[73.26393,39.38376],[73.27187,39.3813],[73.28844,39.38262],[73.29548,39.38691],[73.31992,39.38223],[73.32612,39.39042],[73.35321,39.39334],[73.35336,39.39797],[73.35745,39.39981],[73.36327,39.40839],[73.36085,39.41165],[73.36028,39.42173],[73.35302,39.42524],[73.35154,39.43093],[73.35711,39.43497],[73.36482,39.43242],[73.37084,39.4326],[73.37946,39.44075],[73.39122,39.44653],[73.39328,39.45273],[73.41291,39.45234],[73.4323,39.44852],[73.44141,39.45156],[73.44506,39.46012],[73.44915,39.46336],[73.46674,39.46354],[73.46958,39.46765],[73.47639,39.4709],[73.48546,39.47011],[73.49296,39.46768],[73.50524,39.47397],[73.51402,39.47452],[73.52114,39.46822],[73.52668,39.47006],[73.53169,39.46822],[73.54015,39.46157],[73.5441,39.46242],[73.55196,39.46001],[73.55444,39.45736],[73.56706,39.45552],[73.5702,39.4567],[73.57851,39.46518],[73.59004,39.4685],[73.59357,39.46722],[73.59449,39.46339],[73.5999,39.45999],[73.60922,39.46052],[73.6183,39.46862],[73.62452,39.4686],[73.63492,39.47325],[73.64285,39.47439],[73.65005,39.47241],[73.6529,39.46926],[73.66466,39.47163],[73.67073,39.46445],[73.67505,39.46309],[73.67985,39.46272],[73.69505,39.46597],[73.7015,39.46345],[73.70829,39.46375],[73.71381,39.46152],[73.72564,39.4609],[73.74794,39.46289],[73.75682,39.46235],[73.77729,39.46825],[73.78985,39.46911],[73.79381,39.46778],[73.7942,39.46629],[73.83622,39.47219],[73.84756,39.47827],[73.85216,39.47752],[73.8603,39.48093],[73.87385,39.48289],[73.8771,39.49402],[73.87051,39.49906],[73.87405,39.50416],[73.873,39.51306],[73.88116,39.51881],[73.88101,39.52289],[73.88853,39.52521],[73.88735,39.52738],[73.89204,39.53368],[73.87811,39.54296],[73.88022,39.54536],[73.88801,39.54738],[73.89258,39.55578],[73.90161,39.55595],[73.90551,39.56095],[73.91405,39.56337],[73.91636,39.57067],[73.9128,39.57693],[73.9149,39.5839],[73.91067,39.58631],[73.911,39.59074],[73.91307,39.59198],[73.91994,39.59187],[73.92438,39.59418],[73.9332,39.59244],[73.93677,39.59774],[73.9455,39.5988],[73.94738,39.59737],[73.94791,39.59949],[73.94866,39.605],[73.9449,39.61224],[73.94549,39.61691],[73.94825,39.61868],[73.94904,39.62188],[73.94693,39.62689],[73.94098,39.63107],[73.94162,39.64081],[73.93783,39.65132],[73.93861,39.66219],[73.93203,39.67631],[73.92458,39.68551],[73.92315,39.69599],[73.92738,39.70076],[73.92727,39.70481],[73.9144,39.71418],[73.91063,39.72198],[73.91385,39.7238],[73.91816,39.72365],[73.91984,39.72636],[73.91124,39.72994],[73.90829,39.73427],[73.90565,39.73521],[73.90406,39.74429],[73.89992,39.74602],[73.88822,39.74774],[73.87926,39.74572],[73.86871,39.74678],[73.86522,39.75464],[73.86625,39.75652],[73.86356,39.75749],[73.85993,39.75669],[73.84997,39.7583],[73.84675,39.75798],[73.84351,39.75401],[73.83788,39.75518],[73.83948,39.75772],[73.83953,39.76789],[73.83221,39.78162],[73.83607,39.78739],[73.83527,39.79028],[73.83929,39.79417],[73.8388,39.80875],[73.84302,39.81509],[73.84468,39.8249],[73.84884,39.83103],[73.84905,39.83595],[73.85802,39.84225],[73.85856,39.84554],[73.86226,39.84807],[73.8788,39.85184],[73.8828,39.86249],[73.88712,39.86175],[73.89086,39.86409],[73.90309,39.86167],[73.90705,39.86532],[73.90914,39.87114],[73.91291,39.87383],[73.91192,39.87635],[73.92147,39.90537],[73.9149,39.91036],[73.90668,39.91257],[73.90723,39.92064],[73.92146,39.93872],[73.93218,39.95766],[73.9349,39.95813],[73.94192,39.96742],[73.9516,39.97414],[73.95527,39.97338],[73.95883,39.97573],[73.96709,39.99322],[73.97324,40.00301],[73.97699,40.00481],[73.97069,40.00924],[73.96969,40.01488],[73.9507,40.01693],[73.94718,40.01961],[73.93365,40.0234],[73.93308,40.02559],[73.93633,40.02757],[73.93632,40.03176],[73.94728,40.03454],[73.95268,40.03281],[73.96315,40.03902],[73.96958,40.03905],[73.97117,40.04277],[73.98301,40.04862],[73.99717,40.04496],[74.00165,40.05273],[74.00251,40.06327],[74.01815,40.07085],[74.01177,40.07966],[74.02234,40.08558],[74.03216,40.09465],[74.04134,40.09948],[74.04782,40.0957],[74.05294,40.09462],[74.05529,40.08966],[74.06383,40.08539],[74.06617,40.07843],[74.06864,40.07754],[74.07111,40.07977],[74.08739,40.0823],[74.09204,40.08894],[74.09665,40.08658],[74.10643,40.08641],[74.10934,40.09677],[74.11551,40.09962],[74.1133,40.10386],[74.11807,40.10617],[74.12311,40.11124],[74.12779,40.11076],[74.13193,40.10794],[74.13889,40.10816],[74.14598,40.10505],[74.15714,40.11035],[74.15868,40.11569],[74.16543,40.1167],[74.17413,40.11416],[74.18393,40.11715],[74.18679,40.12012],[74.19609,40.11996],[74.20012,40.12365],[74.21059,40.12384],[74.21618,40.12704],[74.22473,40.12501],[74.22896,40.12113],[74.23521,40.12388],[74.23759,40.12293],[74.246,40.12529],[74.2572,40.13359],[74.2638,40.1287],[74.2662,40.12436],[74.26517,40.11928],[74.27861,40.10433],[74.28854,40.10351],[74.29195,40.10858],[74.30379,40.11477],[74.31271,40.11181],[74.31601,40.10466],[74.3194,40.10225],[74.32844,40.10055],[74.33511,40.09474],[74.33887,40.09386],[74.34458,40.09351],[74.3489,40.09684],[74.35452,40.09773],[74.35768,40.10284],[74.36897,40.10324],[74.37107,40.1098],[74.37524,40.11246],[74.37606,40.11619],[74.38515,40.11615],[74.38869,40.11776],[74.39323,40.12533],[74.39881,40.12625],[74.39951,40.13001],[74.40535,40.13543],[74.41431,40.13525],[74.4175,40.13649],[74.42101,40.13844],[74.42516,40.14392],[74.43086,40.145],[74.43555,40.1483],[74.43983,40.14922],[74.44166,40.1526],[74.45361,40.15696],[74.45468,40.16039],[74.46341,40.16674],[74.46488,40.17281],[74.46998,40.17944],[74.47341,40.18211],[74.47863,40.18263],[74.48099,40.18505],[74.48441,40.18484],[74.48473,40.19077],[74.4914,40.19968],[74.49827,40.20445],[74.50586,40.20443],[74.52552,40.20896],[74.52654,40.21179],[74.53871,40.22142],[74.54347,40.22838],[74.54277,40.23128],[74.54732,40.23453],[74.54969,40.23969],[74.5581,40.24551],[74.56309,40.25827],[74.57272,40.26199],[74.58134,40.26897],[74.58502,40.27752],[74.5905,40.28222],[74.59788,40.28082],[74.6063,40.28441],[74.61677,40.2803],[74.62198,40.2806],[74.63037,40.28381],[74.63879,40.2792],[74.64144,40.27218],[74.66052,40.27288],[74.66264,40.27608],[74.67079,40.28007],[74.67231,40.28388],[74.67795,40.28502],[74.68473,40.28941],[74.67846,40.29408],[74.67967,40.29982],[74.68515,40.30323],[74.69426,40.31395],[74.70075,40.32515],[74.70167,40.33681],[74.69631,40.33875],[74.69612,40.34343],[74.6928,40.34577],[74.6917,40.34985],[74.71151,40.34956],[74.73529,40.34451],[74.74053,40.34919],[74.74809,40.35258],[74.76443,40.34721],[74.77874,40.34865],[74.78979,40.35375],[74.79551,40.35157],[74.81157,40.3496],[74.8148,40.34593],[74.82151,40.34536],[74.8231,40.34143],[74.83237,40.34042],[74.83698,40.33395],[74.84299,40.33036],[74.85129,40.32614],[74.86176,40.32377],[74.86746,40.32827],[74.86891,40.33355],[74.87317,40.33237],[74.88042,40.33316],[74.88843,40.33985],[74.90145,40.33773],[74.90301,40.34361],[74.91058,40.34526],[74.90535,40.3537],[74.89546,40.3558],[74.89187,40.35938],[74.87765,40.36423],[74.87473,40.3666],[74.8744,40.36913],[74.87107,40.37075],[74.87057,40.37421],[74.86565,40.37644],[74.86452,40.38307],[74.85802,40.38608],[74.85746,40.39133],[74.85531,40.39376],[74.84481,40.39549],[74.84312,40.39827],[74.84354,40.40354],[74.83945,40.40561],[74.83846,40.40795],[74.82663,40.41108],[74.8217,40.41686],[74.81528,40.41855],[74.8139,40.42388],[74.80445,40.42714],[74.79608,40.43488],[74.79545,40.44068],[74.78755,40.45242],[74.79078,40.45599],[74.80382,40.45415],[74.80834,40.45559],[74.8087,40.45904],[74.81086,40.45951],[74.81062,40.46483],[74.815,40.46903],[74.8115,40.47422],[74.81722,40.48165],[74.81731,40.4867],[74.81944,40.48946],[74.81861,40.49437],[74.816,40.49633],[74.81762,40.49912],[74.81699,40.50615],[74.71081,40.51466],[74.58138,40.54883],[74.58055,40.55966],[74.59221,40.58272],[74.5936,40.59438],[74.58777,40.61411],[74.58028,40.62216],[74.56749,40.62772],[74.49914,40.64744],[74.43054,40.6616],[74.40915,40.66883],[74.37387,40.69244],[74.35915,40.70244],[74.34637,40.71356],[74.21582,40.83466],[74.21193,40.85022],[74.20138,40.86244],[74.06888,40.94355],[73.90248,41.04078],[73.86788,41.10304],[73.84053,41.0969],[73.79635,41.09445],[73.78284,41.08586],[73.76321,41.06254],[73.70798,41.00854],[73.69816,40.99503],[73.69203,40.97662],[73.69448,40.92262],[73.69203,40.91158],[73.68098,40.91035],[73.65398,40.91894],[73.61839,40.93612],[73.58034,40.95699],[73.55211,40.98153],[73.54597,40.99872],[73.54597,41.01467],[73.56683,41.03922],[73.59506,41.05886],[73.60857,41.07113],[73.62207,41.07481],[73.63434,41.06745],[73.64293,41.05763],[73.65643,41.05517],[73.66993,41.06254],[73.67852,41.07236],[73.6773,41.08463],[73.66625,41.10672],[73.65275,41.1239],[73.63679,41.13495],[73.61961,41.13495],[73.61102,41.12759],[73.59875,41.10672],[73.5742,41.08218],[73.55457,41.06622],[73.54597,41.04904],[73.52879,41.03922],[73.51038,41.03922],[73.49075,41.03676],[73.4797,41.02326],[73.46497,41.01958],[73.46006,41.01958],[73.44901,41.03186],[73.43674,41.03308],[73.42938,41.02695],[73.41465,41.01835],[73.40237,40.99994],[73.38396,40.94594],[73.37415,40.94349],[73.3631,40.95576],[73.32996,40.96926],[73.31278,40.96926],[73.28578,40.95821],[73.22564,40.90421],[73.20846,40.88457],[73.20354,40.84653],[73.18882,40.82934],[73.13755,40.82766],[73.13699,40.80563],[73.13974,40.78525],[73.06484,40.76918],[73.05872,40.76978],[73.05268,40.76476],[73.03597,40.7687],[73.03229,40.76652],[73.0202,40.76772],[73.00455,40.76373],[72.99107,40.76467],[72.96729,40.75044],[72.94633,40.73198],[72.93399,40.73118],[72.91688,40.72337],[72.89623,40.71925],[72.87275,40.71125],[72.8534,40.71231],[72.85337,40.70824],[72.85969,40.70757],[72.85845,40.70092],[72.86577,40.70072],[72.84648,40.6727],[72.81995,40.67687],[72.81479,40.67594],[72.81263,40.67709],[72.8095,40.67615],[72.80135,40.67726],[72.79811,40.6717],[72.7856,40.66668],[72.79124,40.65322],[72.7811,40.64776],[72.77799,40.64105],[72.75982,40.62578],[72.74961,40.60775],[72.74908,40.59637],[72.75533,40.58433],[72.7551,40.58091],[72.76076,40.57714],[72.76024,40.57275],[72.75587,40.57251],[72.75345,40.57418],[72.75088,40.5712],[72.74781,40.57133],[72.74766,40.57389],[72.7449,40.57463],[72.74767,40.57734],[72.74712,40.58056],[72.73974,40.58401],[72.73482,40.58214],[72.72988,40.58597],[72.71796,40.58969],[72.70107,40.58774],[72.70192,40.59181],[72.69377,40.59533],[72.69478,40.59792],[72.67269,40.59083],[72.66652,40.58682],[72.66678,40.58564],[72.66374,40.5854],[72.66481,40.5843],[72.66198,40.5825],[72.66543,40.58237],[72.6635,40.58028],[72.66793,40.5786],[72.67321,40.56508],[72.66902,40.56293],[72.66642,40.56453],[72.66241,40.56275],[72.66256,40.56112],[72.65742,40.56135],[72.66812,40.55411],[72.66935,40.52338],[72.65531,40.51049],[72.63291,40.51098],[72.61582,40.51523],[72.58298,40.53598],[72.57062,40.53775],[72.55117,40.53706],[72.53623,40.54333],[72.51646,40.55772],[72.50554,40.56065],[72.49075,40.55595],[72.48623,40.55653],[72.47598,40.55125],[72.45097,40.57313],[72.43211,40.60191],[72.41567,40.61012],[72.41183,40.61825],[72.40942,40.61896],[72.3957,40.61694],[72.38988,40.6121],[72.38627,40.61341],[72.3839,40.61137],[72.38542,40.60399],[72.38335,40.60152],[72.38084,40.60346],[72.37716,40.60252],[72.37482,40.60433],[72.36689,40.60298],[72.35017,40.60393],[72.34624,40.603],[72.34449,40.60102],[72.36516,40.58847],[72.3725,40.58013],[72.37984,40.57682],[72.39475,40.57534],[72.39626,40.57399],[72.39168,40.57112],[72.38936,40.5727],[72.38763,40.57167],[72.38986,40.56588],[72.40895,40.56125],[72.41424,40.5631],[72.42018,40.56149],[72.41561,40.55634],[72.41606,40.55172],[72.41988,40.54922],[72.41802,40.54795],[72.41964,40.54285],[72.42571,40.54135],[72.42599,40.53958],[72.42272,40.53987],[72.4177,40.53449],[72.4088,40.53333],[72.40425,40.52848],[72.40545,40.52609],[72.40317,40.5252],[72.39535,40.52308],[72.38258,40.52274],[72.38396,40.51858],[72.37864,40.51636],[72.37857,40.51183],[72.3838,40.51115],[72.3937,40.50695],[72.40793,40.50929],[72.41505,40.50834],[72.41495,40.50622],[72.41957,40.50379],[72.42823,40.49016],[72.4356,40.48577],[72.44093,40.47333],[72.42625,40.45039],[72.41618,40.42927],[72.42216,40.41548],[72.42081,40.40493],[72.41704,40.40232],[72.41051,40.40124],[72.39902,40.40415],[72.38642,40.40497],[72.36877,40.41207],[72.3622,40.41876],[72.3353,40.43842],[72.3212,40.44605],[72.31484,40.44771],[72.29771,40.4427],[72.29067,40.44617],[72.28526,40.45216],[72.27209,40.45097],[72.2435,40.4603],[72.25395,40.48024],[72.24308,40.48663],[72.24184,40.48303],[72.20052,40.48693],[72.19868,40.48125],[72.19311,40.48112],[72.18751,40.48545],[72.18628,40.49606],[72.1765,40.49248],[72.17619,40.49513],[72.17395,40.49586],[72.17245,40.49459],[72.1721,40.48575],[72.15921,40.48317],[72.14813,40.47327],[72.12811,40.45975],[72.13014,40.45674],[72.11954,40.45847],[72.10429,40.45605],[72.08678,40.4511],[72.09274,40.43098],[72.0886,40.41423],[72.0859,40.41169],[72.08924,40.40523],[72.08222,40.40106],[72.07682,40.40074],[72.06645,40.3954],[72.06115,40.3858],[72.05706,40.38572],[72.05512,40.38098],[72.04385,40.37833],[72.04829,40.37081],[72.02646,40.36028],[71.99977,40.34165],[72.00075,40.34075],[71.99842,40.33784],[71.9904,40.3359],[71.9774,40.32857],[71.96636,40.31945],[71.97009,40.31406],[71.99158,40.30096],[72.00518,40.29845],[72.01514,40.29393],[72.04321,40.29039],[72.04422,40.2889],[72.05134,40.28687],[72.05278,40.28461],[72.05225,40.27877],[72.05042,40.27702],[72.03579,40.27425],[72.02444,40.26851],[72.02437,40.26473],[72.01238,40.27271],[72.00436,40.27583],[71.99015,40.26819],[71.98498,40.26126],[71.97853,40.25658],[71.94925,40.25618],[71.93948,40.25017],[71.9562,40.24802],[71.95727,40.24624],[71.96676,40.2447],[72.01621,40.24375],[72.03075,40.2544],[72.05981,40.25868],[72.06502,40.25756],[72.06963,40.27156],[72.1194,40.29969],[72.16756,40.30609],[72.18721,40.30574],[72.20929,40.29316],[72.21113,40.25325],[72.15639,40.22295],[72.17114,40.21341],[72.17939,40.19672],[72.18625,40.17385],[72.22054,40.16014],[72.2617,40.1167],[72.2777,40.08012],[72.28227,40.03667],[72.28227,39.99781],[72.27999,39.97037],[72.26855,39.94979],[72.27084,39.93608],[72.28913,39.9315],[72.31886,39.92007],[72.36687,39.88121],[72.38744,39.86063],[72.38973,39.84691],[72.39888,39.82633],[72.41031,39.82405],[72.43317,39.82405],[72.47433,39.8492],[72.48347,39.8492],[72.4949,39.84005],[72.51777,39.79432],[72.54977,39.7646],[72.55663,39.7486],[72.53377,39.72116],[72.50862,39.70973],[72.45375,39.68001],[72.44232,39.66858],[72.40802,39.66172],[72.38287,39.64571],[72.33257,39.63885],[72.28685,39.62971],[72.26627,39.61599],[72.23426,39.61599],[72.20225,39.632],[72.17482,39.632],[72.16567,39.62285],[72.14738,39.61142],[72.10165,39.61142],[72.04678,39.61599],[72.01249,39.61599],[71.98505,39.632],[71.91875,39.65943],[71.88674,39.664],[71.81358,39.664],[71.77471,39.66629],[71.75642,39.68001],[71.7267,39.7143],[71.70155,39.73031],[71.67412,39.73259],[71.65582,39.72345],[71.63753,39.70744],[71.61924,39.68458],[71.53693,39.65715],[71.51407,39.62514],[71.50722,39.61018]]],[[[72.75811,40.66581],[72.76759,40.66006],[72.77472,40.66391],[72.77458,40.67785],[72.7602,40.67617],[72.75811,40.66581]]]]}},{"type":"Feature","id":2,"properties":{"code":"38789647B46237219042962","name":"Talas Region","name_cyr":null,"level":"ADM1","iso":"KGZ","bbox":[70.8652,42.0563,73.6661,42.8328]},"geometry":{"type":"Polygon","coordinates":[[[73.51548,42.43484],[73.48716,42.41759],[73.47201,42.41815],[73.45583,42.42074],[73.43855,42.42598],[73.41298,42.42795],[73.37851,42.43429],[73.35689,42.43632],[73.34296,42.44002],[73.3293,42.44452],[73.32044,42.45002],[73.3147,42.45799],[73.31957,42.50255],[73.3097,42.51792],[73.25166,42.52939],[73.22352,42.52866],[73.17571,42.5409],[73.15548,42.54764],[73.12009,42.55193],[73.08295,42.54589],[73.06736,42.54523],[73.04285,42.54973],[73.00642,42.54701],[72.91079,42.53499],[72.90112,42.53732],[72.88972,42.54395],[72.87951,42.55244],[72.83909,42.55735],[72.82309,42.56297],[72.81424,42.56782],[72.79735,42.58051],[72.79085,42.58816],[72.78909,42.59384],[72.77285,42.61342],[72.74428,42.63891],[72.73197,42.64436],[72.70867,42.64569],[72.6673,42.65692],[72.62622,42.67547],[72.60674,42.68144],[72.58803,42.68399],[72.55947,42.67693],[72.54954,42.67716],[72.53983,42.67923],[72.52742,42.67939],[72.52203,42.68225],[72.49894,42.68514],[72.41561,42.71016],[72.40446,42.71653],[72.40183,42.7199],[72.38005,42.72784],[72.3297,42.74238],[72.30096,42.75288],[72.284,42.7568],[72.28202,42.75927],[72.26145,42.76081],[72.23196,42.76028],[72.22556,42.75782],[72.21193,42.75701],[72.19112,42.75051],[72.18209,42.75097],[72.17445,42.75465],[72.16608,42.75443],[72.14506,42.73968],[72.12834,42.73855],[72.12037,42.7365],[72.08861,42.74435],[72.05693,42.76889],[72.03773,42.77386],[72.02097,42.7734],[71.98468,42.78407],[71.95408,42.79877],[71.94795,42.80295],[71.93896,42.81414],[71.92635,42.81767],[71.90477,42.8198],[71.86364,42.83281],[71.83457,42.82967],[71.82857,42.83133],[71.818,42.83124],[71.80643,42.82655],[71.79838,42.82013],[71.79108,42.81716],[71.77357,42.81343],[71.76052,42.80755],[71.72924,42.79973],[71.71532,42.79839],[71.7053,42.7942],[71.67538,42.78984],[71.66495,42.78219],[71.63722,42.76714],[71.6274,42.76477],[71.62087,42.76502],[71.60119,42.77196],[71.58332,42.77131],[71.57061,42.77486],[71.55717,42.78929],[71.53411,42.8015],[71.52509,42.79942],[71.50833,42.79193],[71.50465,42.7916],[71.49911,42.79536],[71.46926,42.78779],[71.47026,42.78473],[71.43821,42.79133],[71.42863,42.79526],[71.40866,42.79577],[71.3949,42.79788],[71.36699,42.78535],[71.27713,42.7804],[71.26911,42.77262],[71.27035,42.75545],[71.26108,42.7436],[71.25851,42.73604],[71.24459,42.7131],[71.22736,42.6929],[71.20703,42.68348],[71.17817,42.6741],[71.17874,42.67094],[71.17683,42.6682],[71.18178,42.6636],[71.18095,42.65692],[71.18278,42.64823],[71.18121,42.63855],[71.1826,42.63744],[71.1777,42.62473],[71.1789,42.62047],[71.18206,42.61755],[71.17974,42.6104],[71.16913,42.60206],[71.1592,42.58935],[71.16032,42.59333],[71.15668,42.60519],[71.10133,42.59973],[71.05221,42.59955],[71.00256,42.58765],[71.00037,42.55833],[71.04398,42.53404],[71.08897,42.48438],[71.08086,42.47565],[71.07548,42.47263],[71.01169,42.4905],[70.98012,42.49756],[70.97894,42.48755],[70.96632,42.47152],[70.96359,42.46149],[70.95919,42.45704],[70.95995,42.45233],[70.95346,42.43288],[70.9329,42.41798],[70.93605,42.41169],[70.95531,42.40206],[70.95573,42.40013],[70.94587,42.39509],[70.93774,42.39462],[70.93287,42.39156],[70.93046,42.38065],[70.92079,42.37153],[70.91427,42.36913],[70.90998,42.36571],[70.90703,42.36486],[70.89794,42.36643],[70.89403,42.36369],[70.8891,42.35753],[70.887,42.35139],[70.88241,42.34828],[70.88131,42.34303],[70.88661,42.33542],[70.88132,42.32755],[70.87229,42.32626],[70.86558,42.32012],[70.86894,42.3185],[70.86783,42.3154],[70.87016,42.31025],[70.86927,42.30502],[70.8652,42.29982],[70.87218,42.29158],[70.88233,42.28785],[70.89168,42.28147],[70.8946,42.27664],[70.89521,42.27271],[70.89068,42.26648],[70.89086,42.26325],[70.91227,42.26123],[70.91799,42.26271],[70.92267,42.2674],[70.92822,42.26659],[70.93357,42.26974],[70.9433,42.26347],[70.94557,42.26426],[70.96286,42.25634],[70.98459,42.25436],[70.98848,42.25271],[70.99632,42.25613],[71.0005,42.25608],[71.00439,42.26008],[71.00481,42.26436],[71.00789,42.26542],[71.00445,42.27077],[71.0077,42.27332],[71.00859,42.27771],[71.01774,42.28091],[71.02605,42.29296],[71.03277,42.2932],[71.0357,42.29147],[71.04018,42.29442],[71.03977,42.29051],[71.0492,42.29055],[71.05839,42.29508],[71.06369,42.2949],[71.06779,42.28925],[71.07637,42.28345],[71.08152,42.28432],[71.09203,42.28252],[71.10658,42.27394],[71.1131,42.27466],[71.1216,42.27779],[71.12454,42.28347],[71.13347,42.28218],[71.14037,42.2768],[71.14027,42.27266],[71.14758,42.26829],[71.15176,42.26356],[71.16559,42.25881],[71.17134,42.25217],[71.17404,42.25101],[71.17839,42.25158],[71.19118,42.24121],[71.19331,42.24061],[71.20017,42.24359],[71.20896,42.23709],[71.20515,42.22765],[71.20623,42.22593],[71.2173,42.2226],[71.22712,42.22368],[71.23328,42.22938],[71.23839,42.22725],[71.24502,42.22779],[71.24535,42.21916],[71.25124,42.21347],[71.25053,42.211],[71.26719,42.20533],[71.27091,42.20494],[71.28178,42.2076],[71.28355,42.21193],[71.29366,42.21876],[71.29873,42.21694],[71.29966,42.21323],[71.30484,42.21102],[71.32519,42.20845],[71.33283,42.20828],[71.3361,42.21046],[71.34372,42.2107],[71.34809,42.20836],[71.364,42.2084],[71.37644,42.20659],[71.38147,42.20843],[71.38786,42.2037],[71.39217,42.2036],[71.39314,42.2006],[71.39844,42.19719],[71.42083,42.19016],[71.4225,42.18797],[71.43683,42.19011],[71.44655,42.18768],[71.45217,42.1837],[71.46145,42.18554],[71.46517,42.18875],[71.48376,42.18441],[71.49107,42.18673],[71.49091,42.1936],[71.49783,42.20053],[71.50372,42.20274],[71.51148,42.20432],[71.58117,42.20292],[71.6131,42.21816],[71.63973,42.21099],[71.67082,42.20593],[71.69911,42.19033],[71.71773,42.1662],[71.83707,42.14719],[72.01999,42.09634],[72.03554,42.08968],[72.05332,42.07857],[72.06686,42.08043],[72.08398,42.07835],[72.10885,42.07207],[72.13596,42.05635],[72.14926,42.06091],[72.17933,42.07696],[72.19082,42.10231],[72.1884,42.15668],[72.22826,42.19278],[72.22495,42.21154],[72.23714,42.22009],[72.26811,42.21946],[72.29184,42.20671],[72.30834,42.20815],[72.31999,42.21679],[72.34912,42.20857],[72.39102,42.18945],[72.38797,42.17465],[72.39036,42.16811],[72.40683,42.16437],[72.46149,42.1656],[72.47647,42.15696],[72.51559,42.15203],[72.55887,42.15079],[72.5843,42.13698],[72.6793,42.1296],[72.69262,42.12113],[72.71342,42.11589],[72.80327,42.06086],[72.87115,42.06086],[72.89155,42.07163],[72.89155,42.09173],[72.91313,42.10366],[72.93471,42.10308],[72.97172,42.13422],[72.98476,42.13339],[73.00085,42.11899],[73.02222,42.13134],[73.0397,42.13134],[73.063,42.11446],[73.10351,42.11673],[73.12271,42.13227],[73.11744,42.1465],[73.11887,42.15839],[73.12492,42.16793],[73.12523,42.17342],[73.11692,42.17976],[73.0839,42.19011],[73.06424,42.19867],[73.05903,42.20402],[73.05756,42.21366],[73.05813,42.24383],[73.06568,42.2693],[73.07244,42.27299],[73.08995,42.27177],[73.10652,42.26106],[73.11905,42.25759],[73.13394,42.25762],[73.15055,42.2708],[73.1625,42.278],[73.1745,42.2825],[73.19134,42.29602],[73.2022,42.29754],[73.21305,42.29636],[73.23466,42.29019],[73.248,42.29079],[73.27056,42.30339],[73.28536,42.30433],[73.3026,42.29958],[73.31252,42.29419],[73.32156,42.29184],[73.3345,42.29034],[73.34505,42.29103],[73.35723,42.29847],[73.36311,42.3054],[73.3737,42.31196],[73.39023,42.31491],[73.40805,42.31607],[73.43485,42.31574],[73.45333,42.31276],[73.48769,42.30066],[73.50184,42.30155],[73.5139,42.30685],[73.54226,42.31037],[73.55751,42.31677],[73.58354,42.32047],[73.60322,42.32543],[73.61712,42.33806],[73.61886,42.35071],[73.61797,42.36673],[73.62351,42.37774],[73.63645,42.39447],[73.65637,42.40932],[73.66319,42.4217],[73.6661,42.44281],[73.66202,42.4507],[73.6468,42.46214],[73.63767,42.46502],[73.63109,42.46418],[73.62273,42.46036],[73.61939,42.45624],[73.61125,42.45636],[73.59737,42.46376],[73.58824,42.47849],[73.58086,42.48386],[73.57106,42.48847],[73.56402,42.48838],[73.56073,42.48564],[73.55917,42.48075],[73.55789,42.46602],[73.55028,42.44097],[73.53918,42.42587],[73.53367,42.42346],[73.52787,42.42303],[73.52268,42.42604],[73.51548,42.43484]]]}},{"type":"Feature","id":3,"properties":{"code":"38789647B85532999857943","name":"Jalal-Abad Region","name_cyr":null,"level":"ADM1","iso":"KGZ","bbox":[70.1693,40.8004,73.9441,42.2201]},"geometry":{"type":"Polygon","coordinates":[[[73.86788,41.10304],[73.82388,41.16383],[73.71693,41.26189],[73.65305,41.30633],[73.64221,41.31271],[73.63416,41.31355],[73.60304,41.30605],[73.58665,41.29938],[73.55026,41.30994],[73.50471,41.32855],[73.49609,41.33605],[73.49637,41.38689],[73.50055,41.41132],[73.49748,41.41549],[73.48665,41.42188],[73.38944,41.468],[73.38611,41.47217],[73.38693,41.47717],[73.39777,41.48216],[73.4164,41.48601],[73.48442,41.54189],[73.62997,41.58661],[73.67554,41.59466],[73.69247,41.59217],[73.72859,41.58023],[73.81972,41.54106],[73.91693,41.55884],[73.92748,41.56467],[73.94409,41.57946],[73.93326,41.59696],[73.93895,41.60386],[73.926,41.62997],[73.91761,41.63767],[73.90968,41.66971],[73.90269,41.67982],[73.89578,41.68577],[73.88378,41.70999],[73.87629,41.72102],[73.86097,41.71878],[73.84259,41.71934],[73.83507,41.73123],[73.80909,41.73096],[73.79369,41.727],[73.76164,41.73169],[73.75094,41.74071],[73.71658,41.74768],[73.68272,41.76547],[73.66,41.7799],[73.6037,41.79783],[73.60471,41.81092],[73.59857,41.82868],[73.60075,41.83807],[73.60875,41.84596],[73.62295,41.85086],[73.6426,41.84944],[73.66478,41.85017],[73.68117,41.84941],[73.69254,41.8435],[73.71366,41.87198],[73.72091,41.87477],[73.72409,41.87894],[73.73295,41.88128],[73.74038,41.8867],[73.74724,41.89766],[73.77397,41.9178],[73.78564,41.92905],[73.79383,41.94114],[73.78861,41.946],[73.78563,41.95985],[73.77346,41.97805],[73.77187,41.98977],[73.75443,42.00307],[73.74377,42.00578],[73.72709,42.00753],[73.68097,42.00724],[73.64665,42.00248],[73.60228,41.98919],[73.58637,41.99216],[73.57077,41.99922],[73.56163,41.99844],[73.54412,41.99172],[73.53282,41.99301],[73.52062,41.99678],[73.507,42.00684],[73.49744,42.00995],[73.48682,42.01069],[73.47475,42.0087],[73.46389,42.01145],[73.45272,42.01804],[73.44169,42.0187],[73.43029,42.01704],[73.41756,42.01927],[73.38486,42.03228],[73.37719,42.03252],[73.36914,42.03016],[73.3566,42.03054],[73.34928,42.03267],[73.34185,42.03685],[73.33384,42.04619],[73.33343,42.05348],[73.31997,42.08666],[73.3107,42.09415],[73.29431,42.10323],[73.24438,42.11123],[73.19676,42.12292],[73.18008,42.12407],[73.15277,42.1212],[73.13888,42.12287],[73.12271,42.13227],[73.10351,42.11673],[73.063,42.11446],[73.0397,42.13134],[73.02222,42.13134],[73.00085,42.11899],[72.98476,42.13339],[72.97172,42.13422],[72.93471,42.10308],[72.91313,42.10366],[72.89155,42.09173],[72.89155,42.07163],[72.87115,42.06086],[72.80327,42.06086],[72.71342,42.11589],[72.69262,42.12113],[72.6793,42.1296],[72.5843,42.13698],[72.55887,42.15079],[72.51559,42.15203],[72.47647,42.15696],[72.46149,42.1656],[72.40683,42.16437],[72.39036,42.16811],[72.38797,42.17465],[72.39102,42.18945],[72.34912,42.20857],[72.31999,42.21679],[72.30834,42.20815],[72.29184,42.20671],[72.26811,42.21946],[72.23714,42.22009],[72.22495,42.21154],[72.22826,42.19278],[72.1884,42.15668],[72.19082,42.10231],[72.17933,42.07696],[72.14926,42.06091],[72.13596,42.05635],[72.10885,42.07207],[72.08398,42.07835],[72.06686,42.08043],[72.05332,42.07857],[72.03554,42.08968],[72.01999,42.09634],[71.83707,42.14719],[71.71773,42.1662],[71.69911,42.19033],[71.67082,42.20593],[71.63973,42.21099],[71.6131,42.21816],[71.58117,42.20292],[71.51148,42.20432],[71.50372,42.20274],[71.49783,42.20053],[71.49091,42.1936],[71.49107,42.18673],[71.48376,42.18441],[71.46517,42.18875],[71.46145,42.18554],[71.45217,42.1837],[71.44655,42.18768],[71.43683,42.19011],[71.4225,42.18797],[71.42083,42.19016],[71.39844,42.19719],[71.39314,42.2006],[71.39217,42.2036],[71.38786,42.2037],[71.38147,42.20843],[71.37644,42.20659],[71.364,42.2084],[71.34809,42.20836],[71.34372,42.2107],[71.3361,42.21046],[71.33283,42.20828],[71.32519,42.20845],[71.30484,42.21102],[71.29966,42.21323],[71.29873,42.21694],[71.29366,42.21876],[71.28355,42.21193],[71.28178,42.2076],[71.27091,42.20494],[71.26719,42.20533],[71.26545,42.2002],[71.26909,42.19637],[71.25854,42.18958],[71.2562,42.18352],[71.2505,42.18182],[71.25439,42.17531],[71.25921,42.17262],[71.25836,42.16794],[71.25364,42.16515],[71.24721,42.16602],[71.23775,42.15318],[71.22021,42.14877],[71.22171,42.14606],[71.22659,42.14368],[71.22274,42.13957],[71.21787,42.13721],[71.21018,42.13604],[71.19952,42.13764],[71.19537,42.14355],[71.18319,42.14166],[71.17555,42.14406],[71.1647,42.1391],[71.15271,42.13028],[71.14112,42.13397],[71.13607,42.12342],[71.12984,42.1165],[71.11708,42.11271],[71.11359,42.11277],[71.10763,42.11582],[71.10356,42.11289],[71.09967,42.09462],[71.08457,42.09436],[71.07588,42.0907],[71.06816,42.08521],[71.05637,42.08524],[71.05645,42.08283],[71.04943,42.08106],[71.04608,42.07512],[71.04673,42.0712],[71.04014,42.06365],[71.03441,42.06472],[71.02896,42.06772],[71.0253,42.06422],[71.02467,42.06118],[71.01536,42.06111],[71.00645,42.05698],[71.01226,42.05444],[71.01348,42.05236],[71.0106,42.04882],[71.00209,42.0441],[71.00216,42.04102],[70.99275,42.03041],[70.97924,42.03293],[70.96109,42.0308],[70.9422,42.03118],[70.92975,42.03452],[70.91445,42.04191],[70.91033,42.04028],[70.90059,42.04093],[70.8967,42.044],[70.89611,42.04819],[70.89348,42.05034],[70.88814,42.05192],[70.88532,42.04732],[70.87899,42.04613],[70.86517,42.05413],[70.86076,42.04829],[70.86133,42.04279],[70.85563,42.0399],[70.85624,42.03329],[70.85983,42.02948],[70.85911,42.0268],[70.84692,42.0185],[70.84729,42.01576],[70.84228,42.01257],[70.84226,42.0056],[70.83788,41.9997],[70.84532,41.99209],[70.85203,41.98898],[70.84857,41.97655],[70.85067,41.9665],[70.85302,41.96318],[70.85294,41.95726],[70.85578,41.95533],[70.8555,41.95055],[70.85192,41.94789],[70.85391,41.94152],[70.84581,41.93889],[70.84472,41.93362],[70.8348,41.92311],[70.8261,41.92641],[70.81558,41.92655],[70.80686,41.92062],[70.79002,41.92911],[70.78411,41.92642],[70.78033,41.92663],[70.77328,41.92838],[70.76666,41.93559],[70.75723,41.93642],[70.75733,41.91815],[70.75268,41.91274],[70.73847,41.91389],[70.7315,41.91767],[70.73036,41.9205],[70.71374,41.9205],[70.70766,41.9198],[70.69391,41.91456],[70.68724,41.91557],[70.68304,41.91327],[70.67829,41.91287],[70.67342,41.90842],[70.66496,41.90695],[70.66078,41.90113],[70.66274,41.89727],[70.66198,41.8939],[70.65435,41.88435],[70.64919,41.88224],[70.64593,41.87418],[70.63797,41.87214],[70.63978,41.86814],[70.63614,41.86578],[70.62875,41.85332],[70.62686,41.85176],[70.61915,41.85129],[70.61411,41.85311],[70.60336,41.85072],[70.59775,41.83531],[70.59666,41.82437],[70.59932,41.81983],[70.59415,41.81795],[70.57853,41.81975],[70.56911,41.81065],[70.56431,41.81075],[70.56046,41.80785],[70.55427,41.80776],[70.54305,41.80142],[70.53569,41.79926],[70.5275,41.79858],[70.51525,41.78431],[70.51493,41.78033],[70.50869,41.77205],[70.5089,41.76131],[70.50475,41.75064],[70.50889,41.7468],[70.50593,41.7429],[70.5067,41.73659],[70.50343,41.73416],[70.49669,41.71969],[70.47584,41.72234],[70.4668,41.72063],[70.46488,41.71691],[70.45678,41.71101],[70.44981,41.70255],[70.4364,41.70042],[70.42135,41.69276],[70.41973,41.69041],[70.41028,41.68984],[70.39657,41.68418],[70.38567,41.67388],[70.37705,41.6618],[70.37582,41.65722],[70.36707,41.64748],[70.35039,41.64293],[70.3419,41.63816],[70.32203,41.63684],[70.30185,41.63122],[70.29261,41.62169],[70.279,41.61989],[70.27474,41.61304],[70.26425,41.60745],[70.25655,41.61188],[70.24188,41.61661],[70.23097,41.61244],[70.22065,41.61096],[70.20925,41.61196],[70.21006,41.60656],[70.20828,41.6042],[70.21578,41.59503],[70.21471,41.58584],[70.21011,41.57907],[70.20862,41.5733],[70.19172,41.56908],[70.18795,41.56225],[70.17929,41.5575],[70.18408,41.55247],[70.18757,41.54496],[70.18453,41.54235],[70.18137,41.52735],[70.17403,41.52341],[70.16927,41.51534],[70.17562,41.51439],[70.19479,41.50665],[70.21117,41.5042],[70.21765,41.49956],[70.21926,41.49585],[70.22916,41.49165],[70.24044,41.49139],[70.25277,41.49559],[70.2673,41.49812],[70.27321,41.50287],[70.27633,41.51173],[70.28774,41.51486],[70.29903,41.52065],[70.30314,41.52061],[70.31094,41.51057],[70.32049,41.50676],[70.32504,41.50048],[70.33505,41.49944],[70.33839,41.5004],[70.33889,41.49728],[70.34801,41.49298],[70.36347,41.49269],[70.37267,41.48262],[70.37196,41.47759],[70.38088,41.4666],[70.3925,41.46835],[70.39614,41.47102],[70.40746,41.47036],[70.41103,41.46071],[70.41659,41.45766],[70.41877,41.45438],[70.43857,41.44637],[70.44214,41.44014],[70.44757,41.43842],[70.45204,41.43351],[70.4556,41.43265],[70.46388,41.42691],[70.47014,41.4162],[70.46917,41.40944],[70.47337,41.4084],[70.48801,41.39817],[70.49527,41.39755],[70.50456,41.40295],[70.50984,41.39947],[70.51374,41.39888],[70.51759,41.40188],[70.53523,41.40886],[70.54109,41.41024],[70.54982,41.40909],[70.55204,41.4121],[70.55291,41.42091],[70.5602,41.42547],[70.56757,41.42684],[70.56642,41.43237],[70.56955,41.44199],[70.57402,41.44374],[70.58587,41.44295],[70.59084,41.44558],[70.59094,41.45415],[70.59426,41.45682],[70.5992,41.45585],[70.60366,41.45291],[70.60814,41.45248],[70.61971,41.45956],[70.62693,41.4595],[70.63078,41.46112],[70.63826,41.4571],[70.64808,41.45789],[70.666,41.47018],[70.67812,41.46987],[70.68263,41.47161],[70.6868,41.47187],[70.68977,41.46852],[70.70157,41.46569],[70.71716,41.46579],[70.71777,41.45987],[70.71531,41.45359],[70.72088,41.44213],[70.73307,41.43506],[70.7344,41.4272],[70.73811,41.42682],[70.74254,41.41959],[70.74991,41.4161],[70.75736,41.40354],[70.76665,41.39897],[70.77139,41.39265],[70.77951,41.38661],[70.77875,41.37555],[70.77507,41.37082],[70.77912,41.36606],[70.78118,41.35438],[70.78456,41.35305],[70.78707,41.34872],[70.77996,41.34481],[70.7807,41.3386],[70.77703,41.33168],[70.78275,41.33041],[70.78531,41.32566],[70.78384,41.32041],[70.77744,41.3168],[70.77321,41.30565],[70.77845,41.28758],[70.77718,41.2802],[70.77017,41.27109],[70.76844,41.26516],[70.774,41.25776],[70.77268,41.24415],[70.77596,41.21655],[70.78142,41.20724],[70.78256,41.19838],[70.78633,41.19485],[70.78767,41.20046],[70.79592,41.21127],[70.79749,41.21559],[70.79622,41.22332],[70.79957,41.23055],[70.80725,41.23181],[70.81466,41.23845],[70.82444,41.24135],[70.82752,41.24629],[70.83423,41.2502],[70.84088,41.25099],[70.85009,41.24862],[70.85524,41.25026],[70.85873,41.24539],[70.87647,41.23351],[70.87985,41.22939],[70.88054,41.22323],[70.88424,41.22196],[70.88887,41.21411],[70.89671,41.20859],[70.90415,41.20675],[70.90747,41.20269],[70.92051,41.19482],[70.93413,41.19128],[70.94233,41.17591],[70.95064,41.16928],[70.9626,41.16576],[70.96578,41.16354],[70.96674,41.16673],[70.97829,41.16929],[70.99083,41.17826],[70.9965,41.17671],[71.01929,41.19267],[71.03207,41.19321],[71.04637,41.18478],[71.05868,41.18013],[71.076,41.17699],[71.0892,41.16035],[71.09807,41.15427],[71.11635,41.14511],[71.12712,41.14358],[71.14391,41.15252],[71.16176,41.16691],[71.16736,41.1694],[71.17767,41.16908],[71.18784,41.18089],[71.1954,41.18574],[71.20238,41.18554],[71.21165,41.16825],[71.21777,41.16732],[71.2245,41.171],[71.22435,41.18631],[71.23139,41.19266],[71.2399,41.19123],[71.25184,41.18315],[71.25747,41.18636],[71.26694,41.18029],[71.27252,41.17339],[71.2782,41.15001],[71.27334,41.11093],[71.27637,41.10601],[71.28465,41.10424],[71.29572,41.10623],[71.31312,41.11851],[71.32175,41.13094],[71.32668,41.15404],[71.33419,41.16074],[71.3453,41.16569],[71.35686,41.16581],[71.36524,41.16266],[71.3824,41.14906],[71.38743,41.141],[71.39249,41.1121],[71.3958,41.10741],[71.40141,41.10463],[71.41287,41.10525],[71.43964,41.12699],[71.43985,41.13683],[71.45102,41.15597],[71.45259,41.16754],[71.43986,41.17789],[71.43735,41.19666],[71.45895,41.20723],[71.46257,41.21776],[71.45946,41.23129],[71.44819,41.24491],[71.44828,41.25361],[71.45383,41.26752],[71.44853,41.28017],[71.44965,41.28684],[71.45704,41.29533],[71.47192,41.30544],[71.48077,41.31489],[71.48769,41.31604],[71.50548,41.3077],[71.5215,41.30739],[71.52837,41.29696],[71.54463,41.29942],[71.54933,41.29832],[71.55467,41.29504],[71.55499,41.29063],[71.57723,41.29538],[71.58785,41.30033],[71.591,41.3034],[71.5965,41.31892],[71.6001,41.31949],[71.60017,41.32361],[71.60382,41.32899],[71.61673,41.33696],[71.62366,41.34863],[71.6292,41.35269],[71.63702,41.3486],[71.64188,41.34875],[71.64766,41.36472],[71.65553,41.37619],[71.66173,41.40122],[71.68042,41.42178],[71.67713,41.4254],[71.67712,41.43315],[71.67163,41.43441],[71.66937,41.43842],[71.67203,41.44392],[71.6661,41.44969],[71.67678,41.45834],[71.67404,41.46947],[71.66999,41.47643],[71.66328,41.48217],[71.64691,41.48695],[71.64314,41.49121],[71.65055,41.49408],[71.66228,41.4953],[71.66943,41.49783],[71.67843,41.509],[71.67779,41.51499],[71.69236,41.52496],[71.69217,41.52728],[71.70272,41.53338],[71.70825,41.53441],[71.70935,41.54018],[71.71273,41.54272],[71.72614,41.54677],[71.73249,41.54384],[71.7369,41.53225],[71.72817,41.52801],[71.7228,41.51219],[71.72453,41.49736],[71.72802,41.48923],[71.72661,41.48164],[71.71787,41.47519],[71.71671,41.46806],[71.69853,41.45009],[71.69648,41.44316],[71.69872,41.43568],[71.70757,41.42406],[71.71663,41.41976],[71.72252,41.42315],[71.72384,41.43234],[71.72008,41.43788],[71.72691,41.44357],[71.73692,41.44717],[71.73594,41.45207],[71.74218,41.45217],[71.74923,41.44681],[71.74831,41.44088],[71.75293,41.43416],[71.75956,41.43528],[71.76986,41.44616],[71.77362,41.44796],[71.79209,41.43948],[71.79489,41.42883],[71.79458,41.41999],[71.79279,41.4172],[71.79702,41.40851],[71.79971,41.40806],[71.80626,41.39881],[71.80725,41.40125],[71.81244,41.39319],[71.82583,41.38866],[71.8307,41.38242],[71.83175,41.38087],[71.83039,41.3793],[71.83747,41.37105],[71.83389,41.36204],[71.83784,41.35558],[71.84583,41.35244],[71.86667,41.34915],[71.86754,41.35298],[71.87262,41.35561],[71.87856,41.36437],[71.88262,41.362],[71.88437,41.36021],[71.88313,41.35732],[71.89208,41.35047],[71.89344,41.34268],[71.88041,41.33785],[71.88744,41.3258],[71.90031,41.30906],[71.92519,41.29456],[71.91425,41.28536],[71.90582,41.2824],[71.90812,41.27823],[71.90073,41.26299],[71.89643,41.25911],[71.8866,41.25604],[71.88323,41.23585],[71.87938,41.2337],[71.87767,41.22986],[71.87855,41.22515],[71.86932,41.21761],[71.86201,41.20085],[71.8636,41.19746],[71.87164,41.19427],[71.88381,41.19326],[71.88516,41.19055],[71.88335,41.17883],[71.88636,41.16781],[71.89537,41.16188],[71.90457,41.15933],[71.91374,41.16053],[71.91765,41.15623],[71.92399,41.15639],[71.93049,41.1524],[71.93498,41.15167],[71.94263,41.14536],[71.95164,41.1461],[71.96017,41.15697],[72.0066,41.15652],[72.00625,41.15201],[72.01281,41.14236],[72.02639,41.13653],[72.0309,41.1366],[72.04768,41.13242],[72.05054,41.12981],[72.05399,41.12947],[72.05555,41.1272],[72.06019,41.12603],[72.0643,41.1213],[72.07109,41.11744],[72.07416,41.12168],[72.0937,41.13477],[72.09544,41.14108],[72.10738,41.15284],[72.11056,41.15399],[72.12035,41.15334],[72.13697,41.16235],[72.14692,41.15922],[72.15538,41.1602],[72.16384,41.16411],[72.16645,41.16211],[72.16856,41.164],[72.17636,41.15584],[72.16489,41.14464],[72.15099,41.13814],[72.15003,41.12534],[72.16321,41.12255],[72.1687,41.119],[72.17887,41.11666],[72.17954,41.10643],[72.1903,41.10228],[72.19291,41.08711],[72.20738,41.06192],[72.21011,41.05082],[72.2078,41.02937],[72.17954,41.02411],[72.17617,41.01876],[72.18097,41.00285],[72.1845,40.99692],[72.19599,40.99744],[72.20021,40.99892],[72.20829,40.99781],[72.21991,41.00092],[72.22371,41.00004],[72.23772,41.00205],[72.24202,41.00508],[72.24651,41.00382],[72.26647,41.01181],[72.27032,41.01093],[72.28416,41.02047],[72.28904,41.02489],[72.2879,41.02591],[72.28985,41.02838],[72.2945,41.02981],[72.31398,41.03048],[72.33029,41.03693],[72.32984,41.03904],[72.33255,41.04167],[72.33753,41.04304],[72.34057,41.04652],[72.3477,41.06002],[72.35039,41.06035],[72.35094,41.05742],[72.36078,41.04422],[72.36603,41.04185],[72.37721,41.04083],[72.38163,41.03164],[72.38875,41.02918],[72.39315,41.02783],[72.41628,41.02663],[72.42558,41.0343],[72.44418,41.03176],[72.4534,41.0278],[72.46832,41.01543],[72.48066,41.00877],[72.48824,41.00089],[72.48614,40.99092],[72.49683,40.9883],[72.49824,40.98635],[72.50161,40.98698],[72.5,40.9834],[72.48816,40.97396],[72.4906,40.97046],[72.49597,40.96756],[72.49755,40.96861],[72.49948,40.96746],[72.50571,40.97104],[72.50768,40.96866],[72.51137,40.96967],[72.51795,40.96885],[72.52537,40.95933],[72.52929,40.96371],[72.53145,40.96139],[72.5375,40.96161],[72.54483,40.9658],[72.55147,40.96182],[72.5497,40.95754],[72.55657,40.95455],[72.5614,40.9488],[72.56245,40.94624],[72.56063,40.94343],[72.56317,40.94261],[72.56411,40.93864],[72.56938,40.93444],[72.57704,40.92259],[72.58916,40.91241],[72.59293,40.90505],[72.58171,40.88581],[72.59134,40.86796],[72.60846,40.8708],[72.62831,40.86245],[72.6597,40.85482],[72.67636,40.85166],[72.69169,40.85096],[72.69772,40.85462],[72.7126,40.84869],[72.77221,40.85312],[72.82442,40.85264],[72.83217,40.85643],[72.86752,40.84372],[72.88069,40.83741],[72.89227,40.82986],[72.89978,40.82195],[72.90031,40.81554],[72.91609,40.8066],[72.93905,40.80042],[72.95813,40.805],[72.95706,40.80777],[72.95877,40.81585],[72.96249,40.8172],[72.96603,40.8214],[72.96922,40.82201],[72.96963,40.82014],[72.97244,40.82131],[72.97357,40.81976],[72.97619,40.81974],[72.97594,40.82256],[72.97932,40.82408],[72.98047,40.82665],[72.97991,40.82949],[72.99469,40.83143],[72.99777,40.83392],[73.0,40.84278],[73.00596,40.83948],[73.01245,40.84448],[73.01779,40.84623],[73.02379,40.84554],[73.02616,40.8411],[73.03096,40.83903],[73.03944,40.84474],[73.05836,40.84637],[73.07472,40.85154],[73.08034,40.84926],[73.08465,40.85111],[73.08974,40.84952],[73.09318,40.83913],[73.1072,40.83361],[73.11557,40.83548],[73.12209,40.84013],[73.12568,40.8403],[73.13541,40.83337],[73.13755,40.82766],[73.18882,40.82934],[73.20354,40.84653],[73.20846,40.88457],[73.22564,40.90421],[73.28578,40.95821],[73.31278,40.96926],[73.32996,40.96926],[73.3631,40.95576],[73.37415,40.94349],[73.38396,40.94594],[73.40237,40.99994],[73.41465,41.01835],[73.42938,41.02695],[73.43674,41.03308],[73.44901,41.03186],[73.46006,41.01958],[73.46497,41.01958],[73.4797,41.02326],[73.49075,41.03676],[73.51038,41.03922],[73.52879,41.03922],[73.54597,41.04904],[73.55457,41.06622],[73.5742,41.08218],[73.59875,41.10672],[73.61102,41.12759],[73.61961,41.13495],[73.63679,41.13495],[73.65275,41.1239],[73.66625,41.10672],[73.6773,41.08463],[73.67852,41.07236],[73.66993,41.06254],[73.65643,41.05517],[73.64293,41.05763],[73.63434,41.06745],[73.62207,41.07481],[73.60857,41.07113],[73.59506,41.05886],[73.56683,41.03922],[73.54597,41.01467],[73.54597,40.99872],[73.55211,40.98153],[73.58034,40.95699],[73.61839,40.93612],[73.65398,40.91894],[73.68098,40.91035],[73.69203,40.91158],[73.69448,40.92262],[73.69203,40.97662],[73.69816,40.99503],[73.70798,41.00854],[73.76321,41.06254],[73.78284,41.08586],[73.79635,41.09445],[73.84053,41.0969],[73.86788,41.10304]]]}},{"type":"Feature","id":4,"properties":{"code":"38789647B57762434555293","name":"Issyk-Kul Region","name_cyr":null,"level":"ADM1","iso":"KGZ","bbox":[75.6415,41.1813,80.2296,42.9411]},"geometry":{"type":"Polygon","coordinates":[[[75.64153,42.4451],[75.66679,42.42586],[75.67986,42.41872],[75.70953,42.41566],[75.72232,42.41142],[75.73904,42.40386],[75.74432,42.39637],[75.74985,42.39306],[75.76147,42.39459],[75.77166,42.39332],[75.77595,42.38754],[75.77496,42.37864],[75.7797,42.37089],[75.79245,42.36813],[75.80915,42.35453],[75.83724,42.35441],[75.87569,42.35878],[75.88498,42.36235],[75.89526,42.37208],[75.90039,42.39053],[75.90367,42.3954],[75.90818,42.39819],[75.91556,42.39905],[75.94294,42.39238],[75.97541,42.39209],[75.98484,42.39088],[75.9921,42.38822],[75.99543,42.38325],[75.99479,42.37771],[75.98874,42.34997],[75.9826,42.33488],[75.98313,42.328],[75.99162,42.32412],[75.99615,42.31647],[75.98697,42.30574],[75.99261,42.27864],[76.02196,42.22866],[76.0189,42.21505],[76.02131,42.2065],[76.02733,42.20241],[76.05735,42.19183],[76.07371,42.18268],[76.07744,42.17214],[76.0737,42.15663],[76.07722,42.15239],[76.11109,42.14394],[76.1289,42.14146],[76.14001,42.13606],[76.14225,42.12633],[76.13897,42.11667],[76.13379,42.11057],[76.12989,42.1021],[76.12331,42.09524],[76.11961,42.08725],[76.11576,42.0759],[76.11589,42.06861],[76.11272,42.06148],[76.10755,42.05763],[76.08619,42.05],[76.0644,42.01662],[76.06132,42.00852],[76.06825,42.00551],[76.10464,41.99957],[76.13023,42.00999],[76.15248,42.01476],[76.17406,42.01425],[76.18872,42.01584],[76.20699,42.0299],[76.22384,42.03175],[76.24926,42.0279],[76.26943,42.02083],[76.28196,42.01451],[76.30152,42.01402],[76.3213,42.00404],[76.3535,42.00846],[76.38004,42.00571],[76.40475,42.00048],[76.41082,41.98661],[76.42447,41.98363],[76.46709,41.97881],[76.48678,41.98894],[76.51383,41.97484],[76.52995,41.97321],[76.55497,41.96703],[76.56837,41.9594],[76.57894,41.9482],[76.62053,41.93134],[76.63293,41.9233],[76.63007,41.88941],[76.62343,41.88318],[76.61359,41.87833],[76.60244,41.86833],[76.57662,41.85009],[76.56294,41.84785],[76.52808,41.85137],[76.51939,41.84535],[76.49805,41.81039],[76.49719,41.80393],[76.50383,41.79718],[76.5076,41.78965],[76.50969,41.77967],[76.50544,41.75655],[76.51316,41.75239],[76.52589,41.75631],[76.53823,41.75523],[76.57185,41.74774],[76.6461,41.79106],[76.65221,41.79245],[76.66859,41.79023],[76.7061,41.778],[76.72832,41.76495],[76.73554,41.7569],[76.73637,41.75162],[76.73055,41.72744],[76.69971,41.66216],[76.67915,41.62967],[76.70387,41.61106],[76.74609,41.58411],[76.75305,41.58245],[76.80693,41.578],[76.83527,41.57856],[76.85634,41.58377],[76.86403,41.58877],[76.88165,41.59522],[76.90776,41.59911],[77.12747,41.59106],[77.20499,41.58411],[77.21944,41.58439],[77.30776,41.61328],[77.31915,41.61772],[77.33943,41.63023],[77.34553,41.63161],[77.35082,41.628],[77.35332,41.61828],[77.34804,41.57773],[77.33888,41.54134],[77.32887,41.52412],[77.27832,41.53468],[77.2561,41.53578],[77.24471,41.53106],[77.23776,41.51412],[77.23942,41.50384],[77.30359,41.44828],[77.40166,41.3955],[77.4122,41.38884],[77.41914,41.38077],[77.37747,41.29301],[77.36859,41.28495],[77.35304,41.27661],[77.34415,41.25995],[77.35109,41.25828],[77.50861,41.29106],[77.57193,41.33051],[77.6461,41.31606],[77.6536,41.31356],[77.65999,41.29995],[77.65942,41.29411],[77.71944,41.22522],[77.87893,41.19886],[77.88185,41.19456],[77.9069,41.1833],[77.91166,41.18541],[77.91706,41.18537],[77.92116,41.1877],[77.93012,41.18603],[77.95888,41.19005],[77.96317,41.18907],[77.96743,41.18408],[77.97272,41.18128],[77.98103,41.18291],[77.98281,41.18577],[77.98893,41.18683],[77.99814,41.19235],[78.00519,41.19293],[78.00816,41.19045],[78.01911,41.19198],[78.0257,41.19601],[78.02755,41.20118],[78.02965,41.20223],[78.03435,41.20075],[78.03829,41.20135],[78.05422,41.21005],[78.06343,41.2119],[78.08193,41.21898],[78.08898,41.22405],[78.09864,41.22513],[78.10512,41.22284],[78.11289,41.22693],[78.12263,41.22708],[78.13061,41.23891],[78.13,41.24354],[78.13365,41.24569],[78.13353,41.24985],[78.13108,41.25161],[78.13216,41.26153],[78.13065,41.26401],[78.13345,41.27057],[78.13242,41.28379],[78.13369,41.28587],[78.13917,41.28769],[78.13943,41.28938],[78.13719,41.31234],[78.1469,41.32116],[78.14834,41.32983],[78.15747,41.34027],[78.15556,41.35013],[78.14591,41.36759],[78.15455,41.37471],[78.1564,41.38188],[78.16054,41.38362],[78.17494,41.38751],[78.18652,41.39321],[78.21754,41.3962],[78.22737,41.40083],[78.23884,41.40044],[78.24492,41.39438],[78.25645,41.3917],[78.26303,41.39284],[78.27802,41.38844],[78.28452,41.3914],[78.28915,41.39183],[78.30073,41.3867],[78.30855,41.38977],[78.31388,41.38652],[78.31627,41.38283],[78.32088,41.38089],[78.33609,41.39496],[78.34265,41.39498],[78.35265,41.39118],[78.35529,41.39104],[78.36081,41.39378],[78.36832,41.39144],[78.38187,41.39159],[78.39111,41.39995],[78.39145,41.4039],[78.38918,41.40811],[78.39422,41.41242],[78.40181,41.4135],[78.405,41.40939],[78.40783,41.40925],[78.4236,41.41591],[78.42902,41.41276],[78.4383,41.41726],[78.4439,41.41604],[78.44627,41.41347],[78.44982,41.41321],[78.48028,41.42696],[78.50664,41.43247],[78.50724,41.43434],[78.50528,41.43554],[78.51328,41.43977],[78.52935,41.44013],[78.5326,41.44293],[78.53127,41.44572],[78.53315,41.45347],[78.53631,41.45451],[78.53897,41.45988],[78.54421,41.46302],[78.54577,41.46599],[78.55352,41.46976],[78.55339,41.47237],[78.55629,41.47603],[78.56264,41.47708],[78.56331,41.47876],[78.56744,41.48036],[78.57375,41.48153],[78.5797,41.4806],[78.58192,41.47173],[78.58474,41.469],[78.59263,41.46947],[78.59933,41.46775],[78.60708,41.46951],[78.60971,41.47243],[78.61734,41.47401],[78.61999,41.4768],[78.62794,41.47448],[78.63144,41.47141],[78.6405,41.47081],[78.64508,41.46855],[78.64992,41.47328],[78.64883,41.47871],[78.65519,41.48211],[78.65847,41.49245],[78.66277,41.4992],[78.67906,41.50949],[78.69216,41.51052],[78.69441,41.51576],[78.70347,41.52114],[78.70221,41.52322],[78.69429,41.52466],[78.68962,41.5302],[78.69622,41.53926],[78.69968,41.53991],[78.70168,41.54559],[78.71297,41.55298],[78.7179,41.55144],[78.72458,41.55497],[78.72991,41.55502],[78.73801,41.55111],[78.7462,41.55333],[78.74946,41.5567],[78.77437,41.55817],[78.77741,41.56118],[78.78716,41.56148],[78.79133,41.56388],[78.79801,41.5587],[78.80297,41.56003],[78.81507,41.55864],[78.81667,41.56165],[78.82238,41.56536],[78.82394,41.57156],[78.83593,41.57199],[78.84099,41.57787],[78.85183,41.57957],[78.85171,41.58943],[78.85614,41.59492],[78.86344,41.59719],[78.87487,41.5923],[78.87741,41.59489],[78.88467,41.5957],[78.88702,41.59991],[78.8847,41.60431],[78.89071,41.61022],[78.89157,41.60933],[78.89763,41.61231],[78.90635,41.61287],[78.91412,41.62136],[78.92198,41.62322],[78.91847,41.62894],[78.92014,41.63193],[78.92938,41.63308],[78.93077,41.63627],[78.92817,41.64167],[78.93616,41.63989],[78.94145,41.645],[78.95079,41.64509],[78.95349,41.64941],[78.95976,41.6509],[78.96314,41.64993],[78.9686,41.6546],[78.97704,41.65555],[78.99017,41.664],[78.99776,41.66042],[78.99712,41.65757],[78.9988,41.65688],[79.0089,41.65889],[79.01755,41.6569],[79.02189,41.65924],[79.02046,41.66797],[79.02495,41.66703],[79.02965,41.67041],[79.02695,41.67538],[79.02932,41.67934],[79.04424,41.67968],[79.04757,41.68432],[79.05487,41.68411],[79.05843,41.68904],[79.06753,41.68826],[79.07253,41.69026],[79.07797,41.69035],[79.08284,41.68896],[79.08806,41.69501],[79.09329,41.69705],[79.09501,41.69964],[79.11132,41.70255],[79.11761,41.71013],[79.11831,41.71452],[79.12299,41.71744],[79.12462,41.72283],[79.13299,41.7234],[79.14246,41.72088],[79.14838,41.7235],[79.16236,41.72564],[79.16315,41.72877],[79.16661,41.72914],[79.18163,41.7274],[79.18634,41.72374],[79.21672,41.72615],[79.21935,41.73159],[79.22431,41.73214],[79.22956,41.7358],[79.22855,41.74148],[79.23264,41.74366],[79.24872,41.74523],[79.25151,41.7484],[79.24827,41.7573],[79.27119,41.76389],[79.27394,41.76632],[79.27416,41.76899],[79.27098,41.77396],[79.27224,41.77488],[79.27475,41.77322],[79.27789,41.77391],[79.28385,41.77775],[79.29342,41.79036],[79.3087,41.79529],[79.3117,41.80097],[79.31802,41.80353],[79.32277,41.81077],[79.33416,41.80624],[79.33828,41.80159],[79.34298,41.79917],[79.34616,41.79384],[79.35223,41.79343],[79.35662,41.80024],[79.36115,41.80168],[79.36773,41.80818],[79.38452,41.81541],[79.39177,41.82445],[79.39095,41.8282],[79.39692,41.83009],[79.40943,41.8408],[79.44547,41.84406],[79.4476,41.84635],[79.45759,41.84828],[79.45881,41.85073],[79.46361,41.85332],[79.48749,41.84382],[79.48275,41.83943],[79.48503,41.83726],[79.54154,41.8384],[79.54661,41.8389],[79.55479,41.84267],[79.56585,41.8426],[79.57117,41.84641],[79.59987,41.85547],[79.60462,41.85585],[79.61414,41.86058],[79.62068,41.87022],[79.62006,41.87386],[79.61725,41.87581],[79.61863,41.87781],[79.63225,41.8876],[79.63343,41.89119],[79.63776,41.89352],[79.66481,41.89471],[79.69236,41.89866],[79.70346,41.89495],[79.71779,41.89926],[79.72065,41.90183],[79.73111,41.9001],[79.74001,41.90246],[79.74612,41.9009],[79.75203,41.90193],[79.76525,41.89314],[79.76873,41.89176],[79.77226,41.89302],[79.77608,41.8987],[79.78358,41.90156],[79.78907,41.91185],[79.79587,41.91337],[79.79703,41.91535],[79.79578,41.91671],[79.80257,41.9203],[79.80249,41.92434],[79.80708,41.93072],[79.80234,41.93703],[79.80603,41.94156],[79.81316,41.94533],[79.81322,41.94882],[79.81827,41.95037],[79.81574,41.95728],[79.81688,41.96514],[79.82058,41.96724],[79.82471,41.96601],[79.83006,41.96841],[79.8359,41.97787],[79.84086,41.98019],[79.84725,41.9797],[79.85221,41.98566],[79.8452,42.00079],[79.8478,42.00333],[79.84604,42.01412],[79.85449,42.02189],[79.87589,42.02879],[79.88001,42.0344],[79.89714,42.03418],[79.90216,42.03725],[79.90116,42.03845],[79.91193,42.04221],[79.92042,42.04222],[79.93142,42.03895],[79.93496,42.04142],[79.95357,42.04526],[79.96109,42.04425],[79.96857,42.0409],[79.97889,42.04565],[79.98947,42.04461],[79.99552,42.04135],[80.01685,42.04178],[80.02452,42.04864],[80.03855,42.04706],[80.04254,42.04941],[80.05139,42.04582],[80.06627,42.04386],[80.07562,42.04616],[80.09432,42.03947],[80.10197,42.03977],[80.13001,42.03463],[80.13884,42.03035],[80.1468,42.03362],[80.14816,42.0356],[80.15529,42.0349],[80.16139,42.03692],[80.16555,42.03604],[80.17459,42.03861],[80.19869,42.03693],[80.20989,42.04267],[80.21499,42.05165],[80.22524,42.05971],[80.22958,42.06058],[80.22489,42.06733],[80.21203,42.07101],[80.19853,42.08108],[80.18723,42.08608],[80.17513,42.09573],[80.16863,42.09786],[80.15873,42.11189],[80.14932,42.11899],[80.15172,42.12437],[80.15185,42.13313],[80.14823,42.13908],[80.13826,42.14809],[80.14008,42.15332],[80.13593,42.15706],[80.13129,42.16834],[80.16399,42.17082],[80.16448,42.20586],[80.1744,42.21084],[80.11804,42.27626],[80.14074,42.28497],[80.14191,42.28581],[80.1392,42.29039],[80.12578,42.30341],[80.11432,42.3087],[80.10626,42.31569],[80.09115,42.31719],[80.08261,42.32152],[80.07969,42.32544],[80.08492,42.33333],[80.08166,42.33938],[80.0641,42.3413],[80.05186,42.34097],[80.0431,42.34392],[80.0355,42.34261],[80.02817,42.34369],[80.01888,42.34817],[80.01337,42.35454],[80.01303,42.35978],[80.00202,42.36337],[80.00032,42.37815],[79.98213,42.3776],[79.97506,42.39303],[79.97034,42.39739],[79.96824,42.40205],[79.97126,42.40893],[79.96423,42.42143],[79.96438,42.42573],[79.96778,42.43222],[79.96691,42.43459],[79.96411,42.4366],[79.9602,42.43369],[79.95153,42.43326],[79.94666,42.4342],[79.94261,42.43857],[79.93434,42.43699],[79.92932,42.43754],[79.92495,42.43523],[79.91898,42.44272],[79.91246,42.43923],[79.90692,42.44005],[79.89912,42.4372],[79.89389,42.44073],[79.891,42.43959],[79.8773,42.44038],[79.8728,42.43729],[79.86854,42.43691],[79.85581,42.4457],[79.8427,42.44279],[79.82575,42.44159],[79.80677,42.44804],[79.78796,42.44632],[79.78063,42.45367],[79.77131,42.45599],[79.76099,42.45233],[79.74939,42.45262],[79.74817,42.46396],[79.73284,42.46612],[79.72306,42.47019],[79.71946,42.4706],[79.71164,42.46829],[79.70665,42.46922],[79.69813,42.47392],[79.69551,42.47962],[79.68506,42.47771],[79.67332,42.4801],[79.66366,42.47909],[79.65522,42.4756],[79.6441,42.46796],[79.64198,42.46497],[79.64269,42.45604],[79.63715,42.45397],[79.63075,42.45419],[79.61439,42.45848],[79.60813,42.45472],[79.59779,42.4543],[79.58579,42.4572],[79.58186,42.45962],[79.57196,42.45972],[79.56984,42.45829],[79.56098,42.4574],[79.55496,42.46178],[79.5488,42.45808],[79.5403,42.45934],[79.5368,42.46137],[79.52643,42.4573],[79.51758,42.45738],[79.50488,42.45989],[79.5013,42.46367],[79.50083,42.47306],[79.49298,42.48128],[79.49117,42.48636],[79.48811,42.48846],[79.4804,42.49003],[79.47734,42.49323],[79.45158,42.50068],[79.45172,42.50827],[79.4496,42.51155],[79.44204,42.51481],[79.43555,42.51461],[79.43001,42.51652],[79.42884,42.52134],[79.42584,42.52404],[79.42288,42.53818],[79.41961,42.54087],[79.40941,42.54374],[79.39911,42.55027],[79.39538,42.55644],[79.38525,42.56168],[79.38145,42.56579],[79.37751,42.58005],[79.36904,42.58608],[79.36287,42.58844],[79.35694,42.59504],[79.3422,42.60406],[79.31897,42.60216],[79.31639,42.6069],[79.3133,42.60702],[79.3045,42.61245],[79.29852,42.62014],[79.28936,42.62103],[79.28513,42.62313],[79.27112,42.62167],[79.26895,42.62307],[79.26914,42.62512],[79.26032,42.62559],[79.25084,42.63603],[79.24361,42.6358],[79.24057,42.64034],[79.23522,42.64424],[79.23303,42.64423],[79.22831,42.65012],[79.21659,42.6561],[79.20504,42.66813],[79.19907,42.67887],[79.19092,42.68733],[79.18797,42.68795],[79.18201,42.69754],[79.18213,42.70644],[79.17809,42.71649],[79.1735,42.71903],[79.17018,42.73245],[79.17248,42.73791],[79.17006,42.74343],[79.17001,42.75502],[79.17207,42.75505],[79.174,42.75778],[79.17771,42.76873],[79.18127,42.77053],[79.18278,42.77516],[79.19195,42.78619],[79.19937,42.80422],[79.15205,42.79442],[79.10694,42.78107],[79.05674,42.77548],[79.04415,42.76278],[79.03389,42.76003],[79.02921,42.7626],[79.02299,42.77717],[78.98653,42.77602],[78.9786,42.77822],[78.9764,42.7805],[78.96724,42.78185],[78.94864,42.77637],[78.93049,42.77427],[78.90433,42.7883],[78.88995,42.7891],[78.88669,42.79339],[78.88026,42.79598],[78.86933,42.79634],[78.86571,42.8007],[78.85189,42.79492],[78.83759,42.79948],[78.82939,42.80479],[78.81704,42.80711],[78.80461,42.80721],[78.79958,42.80947],[78.79413,42.80426],[78.78655,42.8006],[78.77674,42.8141],[78.77436,42.81507],[78.75337,42.81891],[78.739,42.81951],[78.73363,42.81497],[78.72622,42.82258],[78.70955,42.82611],[78.70452,42.82473],[78.70347,42.82078],[78.69439,42.81473],[78.68522,42.81715],[78.6809,42.81477],[78.66415,42.81488],[78.66186,42.81895],[78.65471,42.82085],[78.65223,42.82498],[78.64659,42.82832],[78.64711,42.83181],[78.64366,42.83607],[78.64189,42.84236],[78.62512,42.84641],[78.62316,42.85069],[78.61301,42.85475],[78.60446,42.85304],[78.59565,42.84744],[78.58877,42.84749],[78.58196,42.85182],[78.58124,42.85811],[78.5754,42.86276],[78.54255,42.86883],[78.54218,42.87427],[78.53694,42.881],[78.53058,42.88228],[78.52978,42.88461],[78.5212,42.88893],[78.51326,42.88845],[78.50477,42.8918],[78.49952,42.89962],[78.49572,42.90035],[78.49183,42.90067],[78.48546,42.89462],[78.48096,42.89293],[78.46481,42.89643],[78.45932,42.88915],[78.45481,42.88655],[78.45102,42.88661],[78.4482,42.88862],[78.44264,42.8881],[78.44078,42.88342],[78.43088,42.8788],[78.41818,42.87846],[78.41474,42.87989],[78.40891,42.87709],[78.39012,42.88103],[78.37866,42.88914],[78.37054,42.88698],[78.36647,42.8756],[78.36955,42.87249],[78.36231,42.86806],[78.3624,42.86332],[78.34881,42.85485],[78.34184,42.85477],[78.33443,42.85677],[78.33002,42.85586],[78.3264,42.85741],[78.307,42.85724],[78.29765,42.86125],[78.28477,42.86428],[78.27277,42.86348],[78.27092,42.86431],[78.27162,42.86783],[78.26977,42.86984],[78.26315,42.8708],[78.25732,42.87351],[78.24683,42.87198],[78.23911,42.87871],[78.23326,42.87486],[78.22304,42.87702],[78.2201,42.87238],[78.21657,42.87181],[78.2155,42.86962],[78.2096,42.87144],[78.19783,42.88199],[78.18262,42.87819],[78.17698,42.87389],[78.17992,42.86591],[78.17312,42.86315],[78.17154,42.86029],[78.16472,42.85969],[78.15954,42.86149],[78.15267,42.86003],[78.14959,42.85762],[78.14209,42.85707],[78.13618,42.85959],[78.12374,42.85987],[78.11667,42.86459],[78.10784,42.86335],[78.10654,42.85994],[78.099,42.85704],[78.09176,42.84936],[78.08539,42.85139],[78.07932,42.84924],[78.06793,42.85161],[78.05434,42.84763],[78.05276,42.84912],[78.05266,42.84744],[78.05258,42.85021],[78.04472,42.85846],[78.0385,42.86017],[78.03498,42.86524],[78.02439,42.86444],[78.00218,42.87065],[78.00154,42.86272],[77.99951,42.8613],[77.99015,42.86023],[77.98344,42.85541],[77.96812,42.85082],[77.96507,42.8538],[77.95241,42.85487],[77.94768,42.85902],[77.94313,42.86],[77.9422,42.87425],[77.93402,42.88163],[77.92485,42.87456],[77.91652,42.87453],[77.91112,42.87073],[77.90328,42.87411],[77.89945,42.8785],[77.885,42.88056],[77.88261,42.88366],[77.87487,42.88577],[77.87406,42.88861],[77.84998,42.88689],[77.84074,42.88188],[77.83495,42.88236],[77.83007,42.88469],[77.82376,42.88444],[77.81669,42.88728],[77.8136,42.8931],[77.81572,42.89626],[77.81159,42.89904],[77.81066,42.90234],[77.79791,42.90569],[77.79222,42.9112],[77.78065,42.91475],[77.7706,42.91258],[77.7623,42.90574],[77.74599,42.90934],[77.74325,42.90732],[77.73614,42.90702],[77.73023,42.90451],[77.71943,42.91],[77.71074,42.90458],[77.7074,42.90431],[77.70414,42.90626],[77.69699,42.90391],[77.68785,42.91224],[77.67045,42.91795],[77.66617,42.91337],[77.66184,42.91414],[77.65663,42.91132],[77.64616,42.91649],[77.64024,42.91725],[77.63584,42.91579],[77.62336,42.91962],[77.61318,42.91412],[77.60757,42.91388],[77.60198,42.91736],[77.59621,42.91548],[77.58104,42.91551],[77.57604,42.92426],[77.56755,42.92448],[77.55939,42.92899],[77.56883,42.93578],[77.5645,42.93721],[77.55584,42.93727],[77.55252,42.94111],[77.54991,42.93949],[77.52653,42.93629],[77.52479,42.93259],[77.51992,42.92904],[77.51632,42.93031],[77.50865,42.92984],[77.50511,42.92717],[77.50125,42.92718],[77.49735,42.92501],[77.48526,42.92464],[77.48112,42.9257],[77.47635,42.93819],[77.47156,42.93927],[77.45511,42.9286],[77.4498,42.9297],[77.43771,42.92546],[77.42241,42.92849],[77.41755,42.92717],[77.40533,42.92283],[77.40281,42.91884],[77.38341,42.91284],[77.37859,42.90969],[77.3685,42.90749],[77.36318,42.9026],[77.3505,42.89851],[77.34953,42.90021],[77.33248,42.90851],[77.32714,42.90967],[77.32255,42.91359],[77.31448,42.91192],[77.30869,42.9155],[77.29858,42.91637],[77.29612,42.91416],[77.29731,42.90885],[77.2955,42.90751],[77.27028,42.91369],[77.26509,42.91221],[77.23479,42.91181],[77.2242,42.91441],[77.22261,42.91743],[77.21332,42.90968],[77.22693,42.88217],[77.22638,42.87634],[77.22304,42.87079],[77.13527,42.81134],[77.12387,42.80662],[77.07832,42.79774],[76.93692,42.79913],[76.81776,42.78384],[76.80386,42.7619],[76.59457,42.77469],[76.58234,42.76997],[76.57242,42.76819],[76.54024,42.77434],[76.51445,42.77267],[76.50321,42.77364],[76.48116,42.78214],[76.47095,42.78329],[76.46377,42.78123],[76.45656,42.77617],[76.45994,42.76378],[76.45895,42.75999],[76.45151,42.75551],[76.43594,42.75643],[76.42293,42.75518],[76.40393,42.74542],[76.39607,42.74432],[76.37666,42.74817],[76.37034,42.74762],[76.36163,42.74331],[76.34539,42.72813],[76.31704,42.71466],[76.3092,42.70819],[76.2874,42.7022],[76.27056,42.68854],[76.25041,42.67647],[76.23702,42.66406],[76.22086,42.65562],[76.20033,42.65031],[76.19397,42.64559],[76.18756,42.62804],[76.18689,42.61809],[76.17714,42.61054],[76.16675,42.60794],[76.15612,42.6082],[76.11926,42.61684],[76.1066,42.61802],[76.07555,42.60959],[76.06256,42.60885],[76.05579,42.60687],[76.04712,42.6015],[76.03947,42.6],[76.01138,42.5997],[76.0036,42.59769],[75.96409,42.58095],[75.91371,42.58065],[75.8848,42.57421],[75.87274,42.57679],[75.83913,42.58778],[75.83039,42.58978],[75.81478,42.59067],[75.80316,42.58517],[75.80097,42.58104],[75.79988,42.56811],[75.80834,42.55472],[75.80948,42.53529],[75.8066,42.53011],[75.80383,42.52938],[75.77337,42.53253],[75.75592,42.52495],[75.71911,42.52261],[75.7081,42.51995],[75.7041,42.51323],[75.70839,42.50397],[75.70793,42.49915],[75.69389,42.48825],[75.6903,42.48038],[75.6556,42.45825],[75.64153,42.4451]]]}},{"type":"Feature","id":5,"properties":{"code":"38789647B49701521312730","name":"Chuy Region","name_cyr":"Чүй","level":"ADM1","iso":"KGZ","bbox":[73.0576,41.8322,77.2269,43.2668]},"geometry":{"type":"Polygon","coordinates":[[[73.12271,42.13227],[73.13888,42.12287],[73.15277,42.1212],[73.18008,42.12407],[73.19676,42.12292],[73.24438,42.11123],[73.29431,42.10323],[73.3107,42.09415],[73.31997,42.08666],[73.33343,42.05348],[73.33384,42.04619],[73.34185,42.03685],[73.34928,42.03267],[73.3566,42.03054],[73.36914,42.03016],[73.37719,42.03252],[73.38486,42.03228],[73.41756,42.01927],[73.43029,42.01704],[73.44169,42.0187],[73.45272,42.01804],[73.46389,42.01145],[73.47475,42.0087],[73.48682,42.01069],[73.49744,42.00995],[73.507,42.00684],[73.52062,41.99678],[73.53282,41.99301],[73.54412,41.99172],[73.56163,41.99844],[73.57077,41.99922],[73.58637,41.99216],[73.60228,41.98919],[73.64665,42.00248],[73.68097,42.00724],[73.72709,42.00753],[73.74377,42.00578],[73.75443,42.00307],[73.77187,41.98977],[73.77346,41.97805],[73.78563,41.95985],[73.78861,41.946],[73.79383,41.94114],[73.80747,41.94345],[73.81987,41.94804],[73.83171,41.94892],[73.84027,41.94441],[73.84986,41.94232],[73.86253,41.94318],[73.8718,41.94137],[73.89426,41.94226],[73.90398,41.94018],[73.91366,41.94057],[73.93368,41.94752],[73.95079,41.94769],[73.96115,41.95257],[73.97536,41.96613],[73.9827,41.96805],[73.98728,41.96696],[73.99132,41.96374],[73.9948,41.95452],[74.00541,41.94335],[74.0334,41.9266],[74.04119,41.91872],[74.04887,41.90696],[74.05718,41.90147],[74.06346,41.89925],[74.07068,41.89928],[74.10375,41.9095],[74.11224,41.9095],[74.12629,41.90598],[74.12986,41.90213],[74.13042,41.89568],[74.12794,41.88594],[74.11855,41.87499],[74.10889,41.85342],[74.10827,41.83623],[74.11669,41.83268],[74.13031,41.83216],[74.1392,41.83879],[74.15071,41.8625],[74.15534,41.87694],[74.18459,41.91169],[74.19832,41.91372],[74.24598,41.90464],[74.26233,41.90922],[74.26931,41.91739],[74.27445,41.9272],[74.27298,41.943],[74.27406,41.95532],[74.2839,41.96443],[74.29542,41.9708],[74.30692,41.97487],[74.32168,41.98446],[74.3242,42.00668],[74.31318,42.03245],[74.31405,42.04088],[74.31922,42.04832],[74.33514,42.05611],[74.35506,42.06047],[74.36057,42.06471],[74.3629,42.0712],[74.36784,42.07539],[74.38162,42.07789],[74.38413,42.08119],[74.38503,42.08575],[74.38122,42.08915],[74.35913,42.09911],[74.32735,42.10831],[74.32137,42.11551],[74.3209,42.13458],[74.32711,42.16141],[74.34093,42.19606],[74.34632,42.20793],[74.35026,42.21245],[74.35643,42.21398],[74.37209,42.21084],[74.38205,42.20692],[74.39825,42.20549],[74.4316,42.20896],[74.44346,42.21394],[74.46682,42.21935],[74.48774,42.21212],[74.49923,42.21097],[74.54368,42.22177],[74.55936,42.22099],[74.58529,42.22231],[74.64136,42.23652],[74.65874,42.23594],[74.67685,42.23122],[74.68884,42.23319],[74.70173,42.23948],[74.74352,42.27974],[74.75836,42.28929],[74.80846,42.29788],[74.83993,42.29698],[74.86007,42.29837],[74.87316,42.30918],[74.87108,42.31474],[74.84724,42.35123],[74.82547,42.37933],[74.80053,42.40005],[74.79138,42.4097],[74.80353,42.42166],[74.81586,42.42425],[74.82404,42.42315],[74.82933,42.42459],[74.83966,42.42185],[74.84452,42.42596],[74.85078,42.42294],[74.85421,42.42282],[74.85875,42.42708],[74.86804,42.42729],[74.87689,42.43235],[74.88418,42.42986],[74.88795,42.42508],[74.8955,42.42504],[74.90227,42.42684],[74.90447,42.4307],[74.91213,42.43164],[74.91616,42.43804],[74.92259,42.43375],[74.92526,42.43324],[74.92832,42.4349],[74.93796,42.43227],[74.94268,42.42877],[74.94425,42.42932],[74.95605,42.42439],[74.96955,42.42317],[74.9803,42.42532],[74.98316,42.43144],[74.99035,42.4343],[75.00252,42.43458],[75.00507,42.44441],[75.00747,42.44505],[75.01886,42.4439],[75.02559,42.44169],[75.02454,42.43617],[75.03633,42.42343],[75.04189,42.42067],[75.0454,42.41947],[75.05374,42.41987],[75.05611,42.42217],[75.07934,42.42023],[75.0859,42.42531],[75.08682,42.42896],[75.09037,42.42876],[75.09742,42.43186],[75.0986,42.43408],[75.10135,42.43428],[75.10403,42.43932],[75.10866,42.44102],[75.10862,42.4444],[75.1166,42.44242],[75.12314,42.44419],[75.12592,42.44073],[75.13443,42.43925],[75.13443,42.43538],[75.13945,42.43175],[75.15373,42.42587],[75.17728,42.42509],[75.18357,42.42756],[75.19069,42.43489],[75.1979,42.43513],[75.21038,42.43],[75.2171,42.42925],[75.23237,42.43078],[75.25658,42.4166],[75.26363,42.41807],[75.26707,42.42085],[75.27029,42.41851],[75.28034,42.4174],[75.2896,42.42264],[75.29643,42.42176],[75.30638,42.42812],[75.31837,42.42875],[75.32795,42.43217],[75.33463,42.43021],[75.33775,42.43188],[75.34845,42.43089],[75.35556,42.43863],[75.36059,42.44046],[75.36599,42.44596],[75.37123,42.4467],[75.37607,42.45016],[75.39463,42.43547],[75.40135,42.42682],[75.40738,42.42419],[75.41295,42.42597],[75.41618,42.43101],[75.41967,42.43129],[75.42575,42.43617],[75.43032,42.43621],[75.43936,42.43018],[75.44468,42.42919],[75.46483,42.43546],[75.4701,42.4324],[75.4772,42.43474],[75.48043,42.43756],[75.48624,42.43423],[75.49065,42.4357],[75.50265,42.44598],[75.51211,42.45058],[75.51502,42.45455],[75.5242,42.44616],[75.52474,42.44267],[75.51984,42.43997],[75.5221,42.43739],[75.52167,42.4312],[75.53012,42.42425],[75.53936,42.42486],[75.54426,42.4282],[75.54797,42.42669],[75.55238,42.42053],[75.56486,42.42105],[75.56893,42.41952],[75.58286,42.42214],[75.5891,42.42572],[75.58915,42.43092],[75.59851,42.43263],[75.60453,42.43159],[75.61863,42.43493],[75.62379,42.44473],[75.62955,42.44584],[75.63234,42.4485],[75.63555,42.44833],[75.64153,42.4451],[75.6556,42.45825],[75.6903,42.48038],[75.69389,42.48825],[75.70793,42.49915],[75.70839,42.50397],[75.7041,42.51323],[75.7081,42.51995],[75.71911,42.52261],[75.75592,42.52495],[75.77337,42.53253],[75.80383,42.52938],[75.8066,42.53011],[75.80948,42.53529],[75.80834,42.55472],[75.79988,42.56811],[75.80097,42.58104],[75.80316,42.58517],[75.81478,42.59067],[75.83039,42.58978],[75.83913,42.58778],[75.87274,42.57679],[75.8848,42.57421],[75.91371,42.58065],[75.96409,42.58095],[76.0036,42.59769],[76.01138,42.5997],[76.03947,42.6],[76.04712,42.6015],[76.05579,42.60687],[76.06256,42.60885],[76.07555,42.60959],[76.1066,42.61802],[76.11926,42.61684],[76.15612,42.6082],[76.16675,42.60794],[76.17714,42.61054],[76.18689,42.61809],[76.18756,42.62804],[76.19397,42.64559],[76.20033,42.65031],[76.22086,42.65562],[76.23702,42.66406],[76.25041,42.67647],[76.27056,42.68854],[76.2874,42.7022],[76.3092,42.70819],[76.31704,42.71466],[76.34539,42.72813],[76.36163,42.74331],[76.37034,42.74762],[76.37666,42.74817],[76.39607,42.74432],[76.40393,42.74542],[76.42293,42.75518],[76.43594,42.75643],[76.45151,42.75551],[76.45895,42.75999],[76.45994,42.76378],[76.45656,42.77617],[76.46377,42.78123],[76.47095,42.78329],[76.48116,42.78214],[76.50321,42.77364],[76.51445,42.77267],[76.54024,42.77434],[76.57242,42.76819],[76.58234,42.76997],[76.59457,42.77469],[76.80386,42.7619],[76.81776,42.78384],[76.93692,42.79913],[77.07832,42.79774],[77.12387,42.80662],[77.13527,42.81134],[77.22304,42.87079],[77.22638,42.87634],[77.22693,42.88217],[77.21332,42.90968],[77.22261,42.91743],[77.22277,42.921],[77.22568,42.92346],[77.22324,42.92775],[77.21154,42.92732],[77.19493,42.93942],[77.18377,42.94303],[77.17991,42.94699],[77.1611,42.94308],[77.15479,42.9459],[77.15122,42.95021],[77.15652,42.9559],[77.15251,42.96364],[77.15674,42.96933],[77.1536,42.97266],[77.13704,42.97326],[77.12389,42.9696],[77.11602,42.97535],[77.10262,42.97454],[77.10041,42.97597],[77.09612,42.97577],[77.09315,42.97832],[77.08436,42.98102],[77.07673,42.97651],[77.0633,42.97682],[77.06075,42.96524],[77.05411,42.96046],[77.05332,42.95639],[77.04105,42.94816],[77.03509,42.94719],[77.03343,42.95371],[77.02649,42.95284],[77.02155,42.95553],[77.02024,42.96023],[77.01284,42.96543],[77.00447,42.98309],[77.0003,42.98509],[76.99179,42.98517],[76.98413,42.98152],[76.97593,42.98639],[76.9719,42.98671],[76.95882,42.98132],[76.95726,42.97869],[76.94403,42.98244],[76.93852,42.98016],[76.93357,42.97075],[76.91725,42.96586],[76.91158,42.97144],[76.90588,42.97216],[76.90153,42.96942],[76.89936,42.96551],[76.89715,42.96977],[76.89254,42.97297],[76.88551,42.97413],[76.88201,42.97639],[76.87529,42.9712],[76.87276,42.97089],[76.86441,42.97356],[76.85984,42.97704],[76.85225,42.97823],[76.84486,42.98438],[76.83584,42.98285],[76.8335,42.9779],[76.83659,42.9697],[76.83491,42.96704],[76.82781,42.96285],[76.82274,42.95509],[76.81143,42.95331],[76.80244,42.94705],[76.79872,42.94758],[76.79124,42.95397],[76.78045,42.9565],[76.76975,42.95182],[76.75588,42.94977],[76.74874,42.94214],[76.75605,42.93548],[76.75097,42.93041],[76.74923,42.92151],[76.73189,42.916],[76.724,42.90902],[76.71543,42.90829],[76.71055,42.90641],[76.70889,42.90415],[76.68755,42.90572],[76.68647,42.90799],[76.67605,42.90962],[76.6617,42.90774],[76.65317,42.9106],[76.64986,42.91322],[76.64268,42.90841],[76.62902,42.90581],[76.61777,42.91173],[76.60349,42.91616],[76.59439,42.90901],[76.58895,42.90872],[76.58437,42.90612],[76.57525,42.9061],[76.57013,42.90944],[76.56341,42.90845],[76.55338,42.91045],[76.54952,42.90984],[76.54002,42.91645],[76.52259,42.92225],[76.51785,42.91968],[76.50423,42.9182],[76.50301,42.90592],[76.49817,42.90353],[76.49307,42.90344],[76.48643,42.88885],[76.47828,42.8843],[76.46278,42.88651],[76.45051,42.88297],[76.43932,42.88654],[76.43287,42.87823],[76.42063,42.87376],[76.40537,42.87329],[76.39049,42.87542],[76.38342,42.87075],[76.37374,42.86849],[76.37113,42.86593],[76.35988,42.86707],[76.3535,42.86477],[76.35169,42.86218],[76.34385,42.86076],[76.33691,42.86291],[76.32901,42.86322],[76.32373,42.87149],[76.31183,42.872],[76.30393,42.87444],[76.30254,42.88389],[76.29982,42.88811],[76.30102,42.89326],[76.30636,42.89587],[76.30898,42.9008],[76.30207,42.91094],[76.29285,42.91059],[76.28855,42.91163],[76.28461,42.91469],[76.26929,42.91643],[76.26496,42.91915],[76.2586,42.91835],[76.2524,42.92015],[76.24702,42.91882],[76.23868,42.92126],[76.22883,42.92021],[76.21979,42.92152],[76.21511,42.91908],[76.20093,42.91645],[76.19835,42.91915],[76.19599,42.93013],[76.18694,42.93177],[76.13437,42.92492],[76.13029,42.92572],[76.12099,42.9224],[76.11354,42.92505],[76.10871,42.92308],[76.09897,42.92369],[76.08818,42.91802],[76.08211,42.91893],[76.07809,42.92173],[76.07217,42.92209],[76.06178,42.91613],[76.05179,42.91641],[76.04855,42.91509],[76.04453,42.91629],[76.02827,42.91104],[76.02022,42.91515],[76.01693,42.9215],[76.00653,42.92586],[75.98314,42.92997],[75.96514,42.92995],[75.95599,42.93376],[75.94918,42.933],[75.94837,42.93507],[75.95185,42.93967],[75.95002,42.94545],[75.94311,42.94914],[75.93722,42.95572],[75.9306,42.95612],[75.92075,42.95378],[75.91591,42.94915],[75.90704,42.94949],[75.89454,42.94428],[75.87877,42.94499],[75.84801,42.94231],[75.83547,42.93676],[75.82891,42.94011],[75.82352,42.94025],[75.81767,42.93102],[75.80119,42.91775],[75.78631,42.89916],[75.77243,42.85414],[75.76143,42.83349],[75.71681,42.79734],[75.71157,42.79719],[75.68955,42.80322],[75.67397,42.80433],[75.63597,42.81554],[75.57798,42.82747],[75.5703,42.83046],[75.55678,42.83115],[75.55231,42.82985],[75.52984,42.83403],[75.51804,42.83447],[75.5003,42.84029],[75.48406,42.84336],[75.46818,42.83624],[75.4551,42.83607],[75.4432,42.83878],[75.43984,42.84113],[75.43273,42.84192],[75.42538,42.84167],[75.41898,42.83957],[75.40863,42.84379],[75.38338,42.84785],[75.37353,42.85096],[75.35479,42.84823],[75.34696,42.84974],[75.33643,42.85545],[75.30669,42.85641],[75.29739,42.86119],[75.2858,42.85851],[75.26182,42.86066],[75.24366,42.8553],[75.2313,42.85355],[75.22353,42.85517],[75.21725,42.85928],[75.19718,42.86518],[75.19735,42.87164],[75.19093,42.87505],[75.17541,42.87579],[75.16593,42.87984],[75.15219,42.88088],[75.13686,42.88535],[75.1286,42.89131],[75.12168,42.89275],[75.11755,42.89625],[75.10693,42.90027],[75.09766,42.90757],[75.0823,42.9144],[75.07305,42.91298],[75.0666,42.91448],[75.06313,42.91893],[75.05152,42.92286],[75.03746,42.92059],[75.03097,42.92242],[75.02151,42.9294],[75.00799,42.9325],[74.99589,42.94183],[74.98572,42.94308],[74.98048,42.94591],[74.97538,42.94461],[74.97147,42.94605],[74.96721,42.95093],[74.95612,42.95496],[74.95322,42.95394],[74.94775,42.95841],[74.94078,42.96187],[74.93878,42.96141],[74.93749,42.96364],[74.93034,42.9643],[74.9277,42.96215],[74.92305,42.96267],[74.92722,42.96557],[74.92292,42.96915],[74.91644,42.97161],[74.90576,42.97175],[74.90441,42.97467],[74.90026,42.97737],[74.89654,42.97768],[74.89637,42.98043],[74.89117,42.98331],[74.87877,42.98393],[74.87267,42.98814],[74.87313,42.99336],[74.8639,42.99665],[74.85773,42.99663],[74.8533,42.99985],[74.84906,42.99893],[74.84748,43.00108],[74.83229,43.00392],[74.82667,42.99987],[74.81363,43.00178],[74.80892,43.00034],[74.80778,42.99668],[74.80151,43.00039],[74.79789,42.99849],[74.79427,43.00114],[74.78481,43.00167],[74.77815,42.99854],[74.77755,42.99523],[74.7737,42.99289],[74.76207,42.99431],[74.74993,42.98973],[74.73821,42.99671],[74.73828,43.00071],[74.73387,43.00094],[74.72766,43.00431],[74.718,43.01573],[74.70939,43.02011],[74.69669,43.03644],[74.67181,43.04148],[74.66362,43.05241],[74.64391,43.05977],[74.63974,43.06391],[74.63482,43.07948],[74.62269,43.0818],[74.61536,43.08513],[74.60339,43.10153],[74.59864,43.10229],[74.60114,43.10842],[74.59293,43.11272],[74.58923,43.11713],[74.58693,43.11606],[74.58149,43.12393],[74.58419,43.128],[74.57748,43.13287],[74.57406,43.1315],[74.57053,43.13283],[74.56541,43.13025],[74.56344,43.13928],[74.55389,43.13726],[74.55087,43.13846],[74.54895,43.14202],[74.5462,43.14009],[74.53934,43.1406],[74.5369,43.13642],[74.53152,43.14189],[74.5232,43.14323],[74.52062,43.14531],[74.51425,43.1438],[74.50976,43.14527],[74.5072,43.14883],[74.505,43.14826],[74.50024,43.15172],[74.49749,43.1519],[74.49889,43.15382],[74.4962,43.15734],[74.49032,43.15583],[74.48003,43.15701],[74.47524,43.15284],[74.45929,43.15955],[74.45395,43.15742],[74.44517,43.16152],[74.4302,43.16524],[74.42445,43.17399],[74.4202,43.1728],[74.41837,43.17056],[74.41466,43.17061],[74.41421,43.17643],[74.40679,43.17545],[74.40612,43.1785],[74.40346,43.1784],[74.3999,43.18247],[74.39962,43.18396],[74.40479,43.18609],[74.40372,43.1897],[74.39719,43.19183],[74.39168,43.18929],[74.39093,43.19403],[74.38692,43.1948],[74.38458,43.19737],[74.37775,43.19772],[74.37406,43.19625],[74.37273,43.2007],[74.35928,43.19752],[74.35333,43.19865],[74.35254,43.20209],[74.34866,43.20498],[74.34201,43.20497],[74.34048,43.2115],[74.33085,43.2131],[74.33439,43.21699],[74.33271,43.21954],[74.32739,43.21662],[74.32012,43.21635],[74.31853,43.21419],[74.31662,43.21485],[74.3187,43.21632],[74.31761,43.21898],[74.30843,43.21632],[74.30323,43.22134],[74.29379,43.24187],[74.28287,43.24651],[74.28197,43.24964],[74.28054,43.25026],[74.27459,43.24543],[74.27157,43.24646],[74.26159,43.24343],[74.25949,43.24401],[74.26121,43.24619],[74.25625,43.25037],[74.25331,43.25009],[74.25376,43.2523],[74.2511,43.25423],[74.24307,43.2527],[74.23479,43.25363],[74.23352,43.25207],[74.23052,43.25195],[74.22475,43.25643],[74.21527,43.26032],[74.21602,43.26221],[74.21203,43.26541],[74.20428,43.2668],[74.19269,43.25553],[74.22204,43.20525],[74.21085,43.19589],[74.18877,43.19567],[74.18739,43.19705],[74.17013,43.19879],[74.07488,43.18699],[74.0635,43.18139],[74.06023,43.18173],[74.0426,43.17204],[74.01919,43.19],[74.01759,43.19362],[74.01368,43.19418],[73.96913,43.22265],[73.95329,43.20821],[73.9637,43.19947],[73.95735,43.18033],[73.93527,43.14821],[73.92114,43.13166],[73.91209,43.12391],[73.89966,43.11879],[73.88724,43.11769],[73.87442,43.11873],[73.83786,43.12786],[73.82957,43.12624],[73.80636,43.11329],[73.766,43.10659],[73.74283,43.09452],[73.69973,43.07578],[73.66066,43.06503],[73.64052,43.0515],[73.61215,43.04091],[73.55938,43.02886],[73.54705,43.01691],[73.54609,43.00816],[73.55151,43.00295],[73.55756,43.0],[73.55869,42.99073],[73.55731,42.98228],[73.54744,42.9614],[73.53405,42.94605],[73.51587,42.93513],[73.51263,42.92597],[73.51502,42.90736],[73.52275,42.88523],[73.5215,42.8624],[73.50977,42.84267],[73.51133,42.82613],[73.50557,42.79282],[73.51,42.78174],[73.50646,42.7728],[73.50102,42.76556],[73.48737,42.75256],[73.47496,42.74462],[73.47129,42.73747],[73.46546,42.73143],[73.46563,42.69421],[73.46308,42.67098],[73.44389,42.64268],[73.44228,42.60568],[73.43292,42.5489],[73.44873,42.50849],[73.47927,42.46866],[73.50795,42.45802],[73.51315,42.4528],[73.519,42.44459],[73.51548,42.43484],[73.52268,42.42604],[73.52787,42.42303],[73.53367,42.42346],[73.53918,42.42587],[73.55028,42.44097],[73.55789,42.46602],[73.55917,42.48075],[73.56073,42.48564],[73.56402,42.48838],[73.57106,42.48847],[73.58086,42.48386],[73.58824,42.47849],[73.59737,42.46376],[73.61125,42.45636],[73.61939,42.45624],[73.62273,42.46036],[73.63109,42.46418],[73.63767,42.46502],[73.6468,42.46214],[73.66202,42.4507],[73.6661,42.44281],[73.66319,42.4217],[73.65637,42.40932],[73.63645,42.39447],[73.62351,42.37774],[73.61797,42.36673],[73.61886,42.35071],[73.61712,42.33806],[73.60322,42.32543],[73.58354,42.32047],[73.55751,42.31677],[73.54226,42.31037],[73.5139,42.30685],[73.50184,42.30155],[73.48769,42.30066],[73.45333,42.31276],[73.43485,42.31574],[73.40805,42.31607],[73.39023,42.31491],[73.3737,42.31196],[73.36311,42.3054],[73.35723,42.29847],[73.34505,42.29103],[73.3345,42.29034],[73.32156,42.29184],[73.31252,42.29419],[73.3026,42.29958],[73.28536,42.30433],[73.27056,42.30339],[73.248,42.29079],[73.23466,42.29019],[73.21305,42.29636],[73.2022,42.29754],[73.19134,42.29602],[73.1745,42.2825],[73.1625,42.278],[73.15055,42.2708],[73.13394,42.25762],[73.11905,42.25759],[73.10652,42.26106],[73.08995,42.27177],[73.07244,42.27299],[73.06568,42.2693],[73.05813,42.24383],[73.05756,42.21366],[73.05903,42.20402],[73.06424,42.19867],[73.0839,42.19011],[73.11692,42.17976],[73.12523,42.17342],[73.12492,42.16793],[73.11887,42.15839],[73.11744,42.1465],[73.12271,42.13227]]]}},{"type":"Feature","id":6,"properties":{"code":"38789647B68189783551847","name":"Naryn Region","name_cyr":null,"level":"ADM1","iso":"KGZ","bbox":[73.3861,40.2801,77.9069,42.4546]},"geometry":{"type":"Polygon","coordinates":[[[74.81699,40.50615],[74.82823,40.51534],[74.83462,40.51757],[74.83777,40.52205],[74.86731,40.51105],[74.87913,40.51116],[74.89569,40.50039],[74.91195,40.49746],[74.91426,40.49494],[74.92119,40.49244],[74.91842,40.48573],[74.92497,40.48237],[74.92801,40.47843],[74.93602,40.47663],[74.9464,40.4707],[74.95456,40.46969],[74.95728,40.46478],[74.97593,40.456],[74.98172,40.45612],[74.9824,40.45423],[74.98712,40.45185],[74.99393,40.45411],[74.99777,40.45747],[75.00367,40.45851],[75.01796,40.46661],[75.02176,40.46194],[75.02717,40.45918],[75.02878,40.45569],[75.03615,40.45149],[75.04401,40.45347],[75.04528,40.4486],[75.05211,40.44438],[75.05656,40.44724],[75.06158,40.4473],[75.06591,40.44378],[75.07539,40.44058],[75.08463,40.44269],[75.0901,40.4349],[75.10181,40.43711],[75.1067,40.44602],[75.11389,40.44766],[75.12382,40.458],[75.12829,40.45671],[75.14095,40.4614],[75.14391,40.45784],[75.15333,40.45508],[75.16954,40.45638],[75.17351,40.45552],[75.18418,40.44825],[75.20217,40.44786],[75.20718,40.44484],[75.21591,40.44841],[75.22283,40.44467],[75.23859,40.44838],[75.23862,40.46089],[75.2602,40.47149],[75.25649,40.48042],[75.26411,40.48248],[75.27065,40.48093],[75.27502,40.48187],[75.27992,40.47866],[75.28567,40.48068],[75.30247,40.49152],[75.30242,40.49745],[75.2996,40.49957],[75.30257,40.50526],[75.31622,40.51615],[75.32965,40.52064],[75.32707,40.52776],[75.3279,40.53203],[75.33902,40.53038],[75.34348,40.53242],[75.34479,40.53551],[75.35419,40.53647],[75.36504,40.54519],[75.36785,40.54527],[75.37221,40.54815],[75.37586,40.54824],[75.3816,40.54469],[75.38782,40.55131],[75.3925,40.55248],[75.39632,40.55161],[75.40183,40.55341],[75.40827,40.55254],[75.41474,40.55537],[75.42122,40.56098],[75.42988,40.56532],[75.4347,40.57293],[75.43792,40.5739],[75.44236,40.57877],[75.44501,40.57743],[75.44832,40.57969],[75.45097,40.58563],[75.45511,40.58749],[75.45785,40.59146],[75.46224,40.60301],[75.46796,40.60531],[75.47561,40.6066],[75.47797,40.60574],[75.48532,40.61306],[75.48731,40.61883],[75.49195,40.61972],[75.49738,40.62452],[75.5152,40.63187],[75.51687,40.63444],[75.52224,40.63443],[75.52745,40.63654],[75.52837,40.64053],[75.5341,40.6451],[75.55595,40.65405],[75.56218,40.65495],[75.56813,40.65396],[75.57204,40.65769],[75.57783,40.65838],[75.58544,40.66239],[75.59388,40.66348],[75.59695,40.66101],[75.60276,40.66326],[75.60329,40.66077],[75.60043,40.65974],[75.59634,40.65357],[75.5981,40.64988],[75.59556,40.6455],[75.60053,40.64696],[75.61215,40.64484],[75.61516,40.64051],[75.6126,40.63857],[75.61144,40.63414],[75.61746,40.63177],[75.619,40.6273],[75.62246,40.62708],[75.62975,40.62324],[75.63185,40.61935],[75.62438,40.60928],[75.62102,40.59713],[75.62102,40.59008],[75.62294,40.58879],[75.62152,40.58463],[75.62362,40.57939],[75.62259,40.57523],[75.6241,40.57402],[75.62226,40.56389],[75.62494,40.56105],[75.62444,40.5559],[75.62233,40.55351],[75.6229,40.54672],[75.63622,40.53308],[75.63539,40.53118],[75.64076,40.528],[75.63797,40.5226],[75.6464,40.50564],[75.65759,40.50342],[75.66741,40.49636],[75.67721,40.50044],[75.68734,40.49933],[75.68634,40.49151],[75.69239,40.4849],[75.69674,40.48606],[75.70041,40.48502],[75.70731,40.47952],[75.71339,40.47955],[75.72361,40.47284],[75.71867,40.46545],[75.721,40.46355],[75.72028,40.46131],[75.70778,40.45465],[75.70643,40.45261],[75.71006,40.44363],[75.70642,40.44187],[75.70675,40.44],[75.70039,40.4341],[75.69469,40.43182],[75.69341,40.4299],[75.69116,40.42996],[75.69165,40.42481],[75.68009,40.42129],[75.67675,40.40773],[75.66959,40.39601],[75.67111,40.37902],[75.66877,40.37344],[75.66468,40.3715],[75.66116,40.36419],[75.66431,40.3586],[75.66343,40.35486],[75.67272,40.34888],[75.67774,40.34806],[75.68095,40.34517],[75.68048,40.33762],[75.68205,40.3352],[75.68573,40.3347],[75.68689,40.32968],[75.68472,40.32647],[75.6855,40.32173],[75.69129,40.31513],[75.69581,40.31419],[75.69692,40.30837],[75.70032,40.30398],[75.69804,40.30147],[75.6916,40.29971],[75.69038,40.29252],[75.69307,40.28982],[75.69151,40.2846],[75.69567,40.28512],[75.69961,40.28008],[75.70628,40.28077],[75.70855,40.2849],[75.71443,40.28734],[75.71822,40.2868],[75.72169,40.2906],[75.72212,40.29738],[75.73417,40.30616],[75.73715,40.30509],[75.74199,40.29484],[75.74532,40.29543],[75.75417,40.30276],[75.76207,40.30065],[75.7695,40.30229],[75.77238,40.30007],[75.77787,40.30059],[75.78255,40.306],[75.78841,40.30803],[75.78903,40.31098],[75.79779,40.31103],[75.80468,40.31321],[75.80438,40.31642],[75.80751,40.31732],[75.8113,40.32444],[75.81709,40.32403],[75.82585,40.3277],[75.82972,40.31768],[75.83253,40.31501],[75.83933,40.31247],[75.85188,40.31022],[75.85382,40.31215],[75.86458,40.31401],[75.86914,40.31079],[75.87884,40.31198],[75.88459,40.30576],[75.89488,40.30643],[75.89956,40.303],[75.90752,40.30267],[75.90989,40.29819],[75.90909,40.29468],[75.91179,40.29086],[75.91785,40.29443],[75.92216,40.2942],[75.92273,40.2983],[75.92979,40.30207],[75.92787,40.30659],[75.93178,40.31238],[75.92901,40.31612],[75.92532,40.31783],[75.92356,40.32172],[75.92521,40.3262],[75.92418,40.33131],[75.92759,40.33557],[75.93244,40.336],[75.94325,40.34143],[75.94624,40.34584],[75.9452,40.3502],[75.95875,40.36052],[75.9604,40.36556],[75.95421,40.37018],[75.95322,40.37358],[75.9547,40.37518],[75.95847,40.37594],[75.96213,40.37469],[75.97488,40.3811],[75.98336,40.37912],[75.9915,40.38123],[75.99336,40.37891],[75.99706,40.37807],[75.99669,40.36943],[75.99867,40.36765],[76.00346,40.36829],[76.00981,40.36346],[76.01291,40.35637],[76.02095,40.35281],[76.04589,40.35508],[76.04706,40.35754],[76.04209,40.36554],[76.0428,40.36989],[76.05748,40.37414],[76.05943,40.37777],[76.06867,40.38272],[76.07692,40.38296],[76.08508,40.37556],[76.10393,40.37741],[76.11289,40.37317],[76.12547,40.3755],[76.13381,40.37264],[76.13816,40.3677],[76.14844,40.36587],[76.15909,40.36602],[76.16192,40.36799],[76.1688,40.36823],[76.17782,40.37952],[76.18555,40.3798],[76.18626,40.38239],[76.19267,40.3856],[76.19428,40.38905],[76.20548,40.3926],[76.20836,40.39199],[76.21517,40.39603],[76.21496,40.39862],[76.21672,40.3999],[76.2278,40.40346],[76.23196,40.41422],[76.25092,40.41782],[76.25281,40.42266],[76.26312,40.4253],[76.27261,40.43892],[76.28007,40.43225],[76.28608,40.42924],[76.27895,40.41246],[76.28213,40.41015],[76.29128,40.4081],[76.29444,40.40532],[76.31225,40.40609],[76.31513,40.39406],[76.32436,40.39055],[76.32698,40.3877],[76.32238,40.37915],[76.32305,40.37629],[76.32068,40.37067],[76.316,40.36503],[76.32473,40.36069],[76.32517,40.35554],[76.32896,40.3497],[76.33203,40.34828],[76.33469,40.3389],[76.34,40.33926],[76.34353,40.3411],[76.33971,40.34961],[76.34273,40.35631],[76.34804,40.35882],[76.34999,40.36219],[76.35323,40.36369],[76.35268,40.36681],[76.35594,40.3716],[76.35563,40.37398],[76.36522,40.38413],[76.36558,40.3867],[76.38015,40.38877],[76.38075,40.3788],[76.38392,40.37566],[76.39319,40.37698],[76.39755,40.37902],[76.40194,40.37828],[76.40774,40.38231],[76.40977,40.38612],[76.42213,40.38545],[76.43178,40.3885],[76.43981,40.38906],[76.44737,40.39391],[76.44403,40.39725],[76.44411,40.40109],[76.45272,40.40308],[76.45435,40.41106],[76.4565,40.41331],[76.46294,40.41618],[76.4689,40.41375],[76.47171,40.41478],[76.47817,40.41995],[76.48092,40.42699],[76.48728,40.42803],[76.49161,40.42627],[76.49741,40.42831],[76.50493,40.42679],[76.50369,40.43193],[76.50605,40.44506],[76.51748,40.45181],[76.52438,40.45855],[76.53014,40.46188],[76.53536,40.46273],[76.5378,40.46505],[76.53546,40.46761],[76.53564,40.47254],[76.53857,40.47422],[76.53523,40.48788],[76.54031,40.49059],[76.54009,40.50421],[76.53198,40.50881],[76.53394,40.51327],[76.54494,40.52246],[76.54828,40.53004],[76.55121,40.53239],[76.54973,40.53931],[76.55678,40.55236],[76.56783,40.55906],[76.57404,40.56754],[76.57767,40.56849],[76.57888,40.57047],[76.58451,40.57157],[76.58794,40.57607],[76.59257,40.57633],[76.59625,40.57846],[76.59848,40.58679],[76.60565,40.59077],[76.60419,40.60367],[76.60801,40.60538],[76.61155,40.6107],[76.62217,40.61195],[76.62771,40.61462],[76.63727,40.61307],[76.64668,40.62015],[76.65423,40.6218],[76.6518,40.63263],[76.65323,40.63499],[76.64759,40.64843],[76.64878,40.65608],[76.65564,40.65968],[76.65824,40.66349],[76.65451,40.68004],[76.65818,40.68149],[76.66259,40.68633],[76.66828,40.68804],[76.67285,40.69465],[76.67185,40.69665],[76.66942,40.69707],[76.66875,40.70184],[76.66475,40.70868],[76.6561,40.71558],[76.65276,40.71508],[76.64925,40.71791],[76.64952,40.72016],[76.64586,40.72565],[76.64745,40.73523],[76.64325,40.73861],[76.64329,40.74253],[76.63957,40.74963],[76.64436,40.75569],[76.64414,40.75789],[76.64001,40.76183],[76.64386,40.76482],[76.65039,40.7668],[76.65201,40.76894],[76.66825,40.77415],[76.66805,40.78266],[76.67313,40.78249],[76.67799,40.77906],[76.68544,40.77675],[76.69224,40.78187],[76.69571,40.78276],[76.69617,40.78492],[76.70234,40.78767],[76.70131,40.79045],[76.70446,40.79284],[76.70406,40.79631],[76.70729,40.79818],[76.70679,40.8013],[76.7111,40.80484],[76.70917,40.80835],[76.71372,40.80967],[76.7106,40.81352],[76.71919,40.81456],[76.72838,40.81799],[76.72061,40.82028],[76.72106,40.82397],[76.71739,40.83132],[76.71873,40.8423],[76.73189,40.84428],[76.73124,40.84806],[76.72875,40.84872],[76.72428,40.85396],[76.72668,40.85547],[76.7292,40.86342],[76.73944,40.87575],[76.73957,40.88401],[76.73864,40.893],[76.7321,40.89647],[76.73006,40.90103],[76.73501,40.90738],[76.73716,40.91608],[76.73931,40.91871],[76.74341,40.92009],[76.74823,40.92882],[76.7513,40.92949],[76.75364,40.93287],[76.75308,40.93925],[76.75038,40.94159],[76.75309,40.94704],[76.75339,40.95325],[76.75596,40.95407],[76.76259,40.95291],[76.77835,40.96079],[76.78644,40.96121],[76.79153,40.95999],[76.79575,40.96457],[76.79588,40.96858],[76.80606,40.9715],[76.80736,40.97433],[76.81496,40.97528],[76.81618,40.97683],[76.82238,40.97566],[76.83707,40.97677],[76.8452,40.97336],[76.85301,40.9767],[76.85053,40.97938],[76.85128,40.98908],[76.8476,40.9964],[76.84914,40.99985],[76.85362,41.00134],[76.86186,41.01208],[76.86666,41.01524],[76.8659,41.02168],[76.86884,41.02454],[76.87267,41.02469],[76.87875,41.02767],[76.88334,41.02717],[76.88809,41.02452],[76.89314,41.01737],[76.903,41.0173],[76.90744,41.02],[76.91287,41.0204],[76.91826,41.02392],[76.92694,41.02485],[76.92718,41.02642],[76.93315,41.03018],[76.93847,41.0301],[76.94193,41.03175],[76.94558,41.034],[76.94555,41.03758],[76.95302,41.04021],[76.95363,41.04448],[76.95961,41.04629],[76.95981,41.05214],[76.96356,41.05842],[76.97229,41.06053],[76.9818,41.06598],[76.98945,41.06841],[76.99149,41.0718],[76.99585,41.07188],[77.00136,41.07083],[77.00557,41.06656],[77.01293,41.06495],[77.01278,41.05878],[77.01688,41.05769],[77.02852,41.05918],[77.03253,41.05809],[77.04034,41.06286],[77.05087,41.06161],[77.05433,41.06245],[77.06934,41.0596],[77.08532,41.06305],[77.08863,41.05607],[77.09804,41.0541],[77.10676,41.04843],[77.10183,41.044],[77.09993,41.03785],[77.1153,41.02981],[77.11747,41.02708],[77.12371,41.02792],[77.13066,41.02567],[77.13891,41.0262],[77.14197,41.02014],[77.14856,41.01989],[77.15195,41.01754],[77.16387,41.01417],[77.16698,41.01069],[77.17178,41.01221],[77.18355,41.0102],[77.18577,41.02332],[77.19564,41.02217],[77.20699,41.02307],[77.21436,41.02621],[77.21832,41.0256],[77.22113,41.02821],[77.22888,41.0306],[77.23607,41.02722],[77.24209,41.02672],[77.24502,41.02455],[77.24496,41.02221],[77.2397,41.01759],[77.24199,41.01439],[77.2554,41.01535],[77.26326,41.0139],[77.26397,41.01283],[77.26062,41.00975],[77.26176,41.00456],[77.26964,41.00415],[77.27656,41.00129],[77.29198,41.00438],[77.29615,41.00739],[77.30901,41.00911],[77.3116,41.01182],[77.31075,41.01806],[77.31749,41.01905],[77.32834,41.027],[77.33892,41.02838],[77.34096,41.03097],[77.35181,41.0346],[77.35517,41.04069],[77.36235,41.03791],[77.37057,41.04026],[77.37453,41.03979],[77.37568,41.03256],[77.38048,41.02825],[77.38236,41.03066],[77.39052,41.03108],[77.39824,41.03418],[77.39961,41.03804],[77.40858,41.03866],[77.40927,41.03655],[77.41409,41.03391],[77.41151,41.03016],[77.41335,41.02668],[77.41815,41.02633],[77.42082,41.02769],[77.42628,41.02503],[77.42768,41.02086],[77.4437,41.01934],[77.44701,41.02246],[77.46023,41.0199],[77.46975,41.02143],[77.47361,41.01755],[77.46564,41.00984],[77.46547,41.00153],[77.46727,40.99846],[77.47768,40.99577],[77.48447,40.99772],[77.49326,40.99606],[77.50224,40.99849],[77.50851,40.99836],[77.51146,40.99692],[77.51771,41.00049],[77.52486,41.00208],[77.52818,41.00013],[77.53427,41.00109],[77.54044,40.99956],[77.55101,41.00458],[77.55701,41.00266],[77.56544,40.99573],[77.57194,40.99616],[77.58325,40.99339],[77.58387,41.00214],[77.58653,41.00409],[77.59595,41.00199],[77.60384,41.00817],[77.61076,41.00936],[77.61573,41.00663],[77.61724,41.00384],[77.62491,41.00242],[77.63174,41.00529],[77.63399,41.00863],[77.63625,41.00795],[77.645,41.01124],[77.64691,41.0145],[77.65333,41.00612],[77.66085,41.00236],[77.67042,41.00418],[77.67324,41.0031],[77.67823,41.0042],[77.68694,41.00329],[77.6928,41.00661],[77.70119,41.00606],[77.70167,41.00997],[77.70821,41.01449],[77.71306,41.01397],[77.72023,41.0193],[77.72904,41.02143],[77.73121,41.03006],[77.73808,41.0257],[77.74727,41.02383],[77.75437,41.01791],[77.76518,41.01478],[77.76881,41.01668],[77.76873,41.02031],[77.77297,41.02195],[77.77889,41.02178],[77.78022,41.02522],[77.77867,41.02943],[77.78272,41.03195],[77.78674,41.04024],[77.79083,41.04218],[77.7958,41.04866],[77.80222,41.0475],[77.80886,41.04285],[77.81248,41.04313],[77.81725,41.04653],[77.82022,41.05091],[77.81979,41.05336],[77.82445,41.05847],[77.80867,41.07328],[77.80095,41.09044],[77.80395,41.12208],[77.81421,41.13671],[77.83154,41.15028],[77.84056,41.15492],[77.87384,41.16402],[77.88121,41.16869],[77.88603,41.17578],[77.9069,41.1833],[77.88185,41.19456],[77.87893,41.19886],[77.71944,41.22522],[77.65942,41.29411],[77.65999,41.29995],[77.6536,41.31356],[77.6461,41.31606],[77.57193,41.33051],[77.50861,41.29106],[77.35109,41.25828],[77.34415,41.25995],[77.35304,41.27661],[77.36859,41.28495],[77.37747,41.29301],[77.41914,41.38077],[77.4122,41.38884],[77.40166,41.3955],[77.30359,41.44828],[77.23942,41.50384],[77.23776,41.51412],[77.24471,41.53106],[77.2561,41.53578],[77.27832,41.53468],[77.32887,41.52412],[77.33888,41.54134],[77.34804,41.57773],[77.35332,41.61828],[77.35082,41.628],[77.34553,41.63161],[77.33943,41.63023],[77.31915,41.61772],[77.30776,41.61328],[77.21944,41.58439],[77.20499,41.58411],[77.12747,41.59106],[76.90776,41.59911],[76.88165,41.59522],[76.86403,41.58877],[76.85634,41.58377],[76.83527,41.57856],[76.80693,41.578],[76.75305,41.58245],[76.74609,41.58411],[76.70387,41.61106],[76.67915,41.62967],[76.69971,41.66216],[76.73055,41.72744],[76.73637,41.75162],[76.73554,41.7569],[76.72832,41.76495],[76.7061,41.778],[76.66859,41.79023],[76.65221,41.79245],[76.6461,41.79106],[76.57185,41.74774],[76.53823,41.75523],[76.52589,41.75631],[76.51316,41.75239],[76.50544,41.75655],[76.50969,41.77967],[76.5076,41.78965],[76.50383,41.79718],[76.49719,41.80393],[76.49805,41.81039],[76.51939,41.84535],[76.52808,41.85137],[76.56294,41.84785],[76.57662,41.85009],[76.60244,41.86833],[76.61359,41.87833],[76.62343,41.88318],[76.63007,41.88941],[76.63293,41.9233],[76.62053,41.93134],[76.57894,41.9482],[76.56837,41.9594],[76.55497,41.96703],[76.52995,41.97321],[76.51383,41.97484],[76.48678,41.98894],[76.46709,41.97881],[76.42447,41.98363],[76.41082,41.98661],[76.40475,42.00048],[76.38004,42.00571],[76.3535,42.00846],[76.3213,42.00404],[76.30152,42.01402],[76.28196,42.01451],[76.26943,42.02083],[76.24926,42.0279],[76.22384,42.03175],[76.20699,42.0299],[76.18872,42.01584],[76.17406,42.01425],[76.15248,42.01476],[76.13023,42.00999],[76.10464,41.99957],[76.06825,42.00551],[76.06132,42.00852],[76.0644,42.01662],[76.08619,42.05],[76.10755,42.05763],[76.11272,42.06148],[76.11589,42.06861],[76.11576,42.0759],[76.11961,42.08725],[76.12331,42.09524],[76.12989,42.1021],[76.13379,42.11057],[76.13897,42.11667],[76.14225,42.12633],[76.14001,42.13606],[76.1289,42.14146],[76.11109,42.14394],[76.07722,42.15239],[76.0737,42.15663],[76.07744,42.17214],[76.07371,42.18268],[76.05735,42.19183],[76.02733,42.20241],[76.02131,42.2065],[76.0189,42.21505],[76.02196,42.22866],[75.99261,42.27864],[75.98697,42.30574],[75.99615,42.31647],[75.99162,42.32412],[75.98313,42.328],[75.9826,42.33488],[75.98874,42.34997],[75.99479,42.37771],[75.99543,42.38325],[75.9921,42.38822],[75.98484,42.39088],[75.97541,42.39209],[75.94294,42.39238],[75.91556,42.39905],[75.90818,42.39819],[75.90367,42.3954],[75.90039,42.39053],[75.89526,42.37208],[75.88498,42.36235],[75.87569,42.35878],[75.83724,42.35441],[75.80915,42.35453],[75.79245,42.36813],[75.7797,42.37089],[75.77496,42.37864],[75.77595,42.38754],[75.77166,42.39332],[75.76147,42.39459],[75.74985,42.39306],[75.74432,42.39637],[75.73904,42.40386],[75.72232,42.41142],[75.70953,42.41566],[75.67986,42.41872],[75.66679,42.42586],[75.64153,42.4451],[75.63555,42.44833],[75.63234,42.4485],[75.62955,42.44584],[75.62379,42.44473],[75.61863,42.43493],[75.60453,42.43159],[75.59851,42.43263],[75.58915,42.43092],[75.5891,42.42572],[75.58286,42.42214],[75.56893,42.41952],[75.56486,42.42105],[75.55238,42.42053],[75.54797,42.42669],[75.54426,42.4282],[75.53936,42.42486],[75.53012,42.42425],[75.52167,42.4312],[75.5221,42.43739],[75.51984,42.43997],[75.52474,42.44267],[75.5242,42.44616],[75.51502,42.45455],[75.51211,42.45058],[75.50265,42.44598],[75.49065,42.4357],[75.48624,42.43423],[75.48043,42.43756],[75.4772,42.43474],[75.4701,42.4324],[75.46483,42.43546],[75.44468,42.42919],[75.43936,42.43018],[75.43032,42.43621],[75.42575,42.43617],[75.41967,42.43129],[75.41618,42.43101],[75.41295,42.42597],[75.40738,42.42419],[75.40135,42.42682],[75.39463,42.43547],[75.37607,42.45016],[75.37123,42.4467],[75.36599,42.44596],[75.36059,42.44046],[75.35556,42.43863],[75.34845,42.43089],[75.33775,42.43188],[75.33463,42.43021],[75.32795,42.43217],[75.31837,42.42875],[75.30638,42.42812],[75.29643,42.42176],[75.2896,42.42264],[75.28034,42.4174],[75.27029,42.41851],[75.26707,42.42085],[75.26363,42.41807],[75.25658,42.4166],[75.23237,42.43078],[75.2171,42.42925],[75.21038,42.43],[75.1979,42.43513],[75.19069,42.43489],[75.18357,42.42756],[75.17728,42.42509],[75.15373,42.42587],[75.13945,42.43175],[75.13443,42.43538],[75.13443,42.43925],[75.12592,42.44073],[75.12314,42.44419],[75.1166,42.44242],[75.10862,42.4444],[75.10866,42.44102],[75.10403,42.43932],[75.10135,42.43428],[75.0986,42.43408],[75.09742,42.43186],[75.09037,42.42876],[75.08682,42.42896],[75.0859,42.42531],[75.07934,42.42023],[75.05611,42.42217],[75.05374,42.41987],[75.0454,42.41947],[75.04189,42.42067],[75.03633,42.42343],[75.02454,42.43617],[75.02559,42.44169],[75.01886,42.4439],[75.00747,42.44505],[75.00507,42.44441],[75.00252,42.43458],[74.99035,42.4343],[74.98316,42.43144],[74.9803,42.42532],[74.96955,42.42317],[74.95605,42.42439],[74.94425,42.42932],[74.94268,42.42877],[74.93796,42.43227],[74.92832,42.4349],[74.92526,42.43324],[74.92259,42.43375],[74.91616,42.43804],[74.91213,42.43164],[74.90447,42.4307],[74.90227,42.42684],[74.8955,42.42504],[74.88795,42.42508],[74.88418,42.42986],[74.87689,42.43235],[74.86804,42.42729],[74.85875,42.42708],[74.85421,42.42282],[74.85078,42.42294],[74.84452,42.42596],[74.83966,42.42185],[74.82933,42.42459],[74.82404,42.42315],[74.81586,42.42425],[74.80353,42.42166],[74.79138,42.4097],[74.80053,42.40005],[74.82547,42.37933],[74.84724,42.35123],[74.87108,42.31474],[74.87316,42.30918],[74.86007,42.29837],[74.83993,42.29698],[74.80846,42.29788],[74.75836,42.28929],[74.74352,42.27974],[74.70173,42.23948],[74.68884,42.23319],[74.67685,42.23122],[74.65874,42.23594],[74.64136,42.23652],[74.58529,42.22231],[74.55936,42.22099],[74.54368,42.22177],[74.49923,42.21097],[74.48774,42.21212],[74.46682,42.21935],[74.44346,42.21394],[74.4316,42.20896],[74.39825,42.20549],[74.38205,42.20692],[74.37209,42.21084],[74.35643,42.21398],[74.35026,42.21245],[74.34632,42.20793],[74.34093,42.19606],[74.32711,42.16141],[74.3209,42.13458],[74.32137,42.11551],[74.32735,42.10831],[74.35913,42.09911],[74.38122,42.08915],[74.38503,42.08575],[74.38413,42.08119],[74.38162,42.07789],[74.36784,42.07539],[74.3629,42.0712],[74.36057,42.06471],[74.35506,42.06047],[74.33514,42.05611],[74.31922,42.04832],[74.31405,42.04088],[74.31318,42.03245],[74.3242,42.00668],[74.32168,41.98446],[74.30692,41.97487],[74.29542,41.9708],[74.2839,41.96443],[74.27406,41.95532],[74.27298,41.943],[74.27445,41.9272],[74.26931,41.91739],[74.26233,41.90922],[74.24598,41.90464],[74.19832,41.91372],[74.18459,41.91169],[74.15534,41.87694],[74.15071,41.8625],[74.1392,41.83879],[74.13031,41.83216],[74.11669,41.83268],[74.10827,41.83623],[74.10889,41.85342],[74.11855,41.87499],[74.12794,41.88594],[74.13042,41.89568],[74.12986,41.90213],[74.12629,41.90598],[74.11224,41.9095],[74.10375,41.9095],[74.07068,41.89928],[74.06346,41.89925],[74.05718,41.90147],[74.04887,41.90696],[74.04119,41.91872],[74.0334,41.9266],[74.00541,41.94335],[73.9948,41.95452],[73.99132,41.96374],[73.98728,41.96696],[73.9827,41.96805],[73.97536,41.96613],[73.96115,41.95257],[73.95079,41.94769],[73.93368,41.94752],[73.91366,41.94057],[73.90398,41.94018],[73.89426,41.94226],[73.8718,41.94137],[73.86253,41.94318],[73.84986,41.94232],[73.84027,41.94441],[73.83171,41.94892],[73.81987,41.94804],[73.80747,41.94345],[73.79383,41.94114],[73.78564,41.92905],[73.77397,41.9178],[73.74724,41.89766],[73.74038,41.8867],[73.73295,41.88128],[73.72409,41.87894],[73.72091,41.87477],[73.71366,41.87198],[73.69254,41.8435],[73.68117,41.84941],[73.66478,41.85017],[73.6426,41.84944],[73.62295,41.85086],[73.60875,41.84596],[73.60075,41.83807],[73.59857,41.82868],[73.60471,41.81092],[73.6037,41.79783],[73.66,41.7799],[73.68272,41.76547],[73.71658,41.74768],[73.75094,41.74071],[73.76164,41.73169],[73.79369,41.727],[73.80909,41.73096],[73.83507,41.73123],[73.84259,41.71934],[73.86097,41.71878],[73.87629,41.72102],[73.88378,41.70999],[73.89578,41.68577],[73.90269,41.67982],[73.90968,41.66971],[73.91761,41.63767],[73.926,41.62997],[73.93895,41.60386],[73.93326,41.59696],[73.94409,41.57946],[73.92748,41.56467],[73.91693,41.55884],[73.81972,41.54106],[73.72859,41.58023],[73.69247,41.59217],[73.67554,41.59466],[73.62997,41.58661],[73.48442,41.54189],[73.4164,41.48601],[73.39777,41.48216],[73.38693,41.47717],[73.38611,41.47217],[73.38944,41.468],[73.48665,41.42188],[73.49748,41.41549],[73.50055,41.41132],[73.49637,41.38689],[73.49609,41.33605],[73.50471,41.32855],[73.55026,41.30994],[73.58665,41.29938],[73.60304,41.30605],[73.63416,41.31355],[73.64221,41.31271],[73.65305,41.30633],[73.71693,41.26189],[73.82388,41.16383],[73.86788,41.10304],[73.90248,41.04078],[74.06888,40.94355],[74.20138,40.86244],[74.21193,40.85022],[74.21582,40.83466],[74.34637,40.71356],[74.35915,40.70244],[74.37387,40.69244],[74.40915,40.66883],[74.43054,40.6616],[74.49914,40.64744],[74.56749,40.62772],[74.58028,40.62216],[74.58777,40.61411],[74.5936,40.59438],[74.59221,40.58272],[74.58055,40.55966],[74.58138,40.54883],[74.71081,40.51466],[74.81699,40.50615]]]}}]}