{"type":"FeatureCollection","note":"비지도 변화 지수(질감정규화 밴드차 + ExG 차, Otsu/백분위 임계) — 학습 모델 탐지 아님 · simplify=0.35m","features":[{"type":"Feature","properties":{"pair":"2504-2506","cls":"veg_gain","area_m2":34.0,"score":0.696},"geometry":{"type":"Polygon","coordinates":[[[127.351022,35.534694],[127.351022,35.53469],[127.351011,35.53469],[127.351011,35.534685],[127.351,35.534681],[127.351,35.534663],[127.351005,35.534663],[127.351011,35.534654],[127.351022,35.534654],[127.351022,35.534649],[127.351066,35.534649],[127.351066,35.534653],[127.351077,35.534653],[127.351077,35.534658],[127.351088,35.534662],[127.351088,35.534671],[127.351094,35.534671],[127.351088,35.534685],[127.351072,35.534689],[127.351072,35.534694],[127.351022,35.534694]]]}},{"type":"Feature","properties":{"pair":"2504-2506","cls":"veg_gain","area_m2":46.8,"score":0.644},"geometry":{"type":"Polygon","coordinates":[[[127.354032,35.534631],[127.354032,35.534627],[127.354015,35.534622],[127.354015,35.534609],[127.354032,35.534604],[127.354032,35.5346],[127.35417,35.534599],[127.35417,35.534604],[127.354181,35.534604],[127.354181,35.534613],[127.354186,35.534613],[127.354175,35.534626],[127.354153,35.534626],[127.354153,35.534631],[127.35412,35.534631],[127.35412,35.534626],[127.354032,35.534631]]]}},{"type":"Feature","properties":{"pair":"2504-2506","cls":"veg_gain","area_m2":29.1,"score":0.661},"geometry":{"type":"Polygon","coordinates":[[[127.35234,35.534663],[127.352339,35.534659],[127.352328,35.534659],[127.352328,35.53465],[127.352323,35.53465],[127.352323,35.534623],[127.352328,35.534623],[127.352328,35.534614],[127.352334,35.534614],[127.352339,35.534605],[127.352361,35.5346],[127.352361,35.534605],[127.352372,35.534605],[127.352378,35.534618],[127.352383,35.534618],[127.352384,35.534641],[127.352378,35.534641],[127.352378,35.53465],[127.352373,35.53465],[127.352367,35.534659],[127.35234,35.534663]]]}},{"type":"Feature","properties":{"pair":"2504-2506","cls":"built_new","area_m2":116.8,"score":0.749},"geometry":{"type":"Polygon","coordinates":[[[127.348453,35.534688],[127.348453,35.534684],[127.348442,35.534684],[127.348442,35.534679],[127.348431,35.534675],[127.348431,35.534666],[127.348425,35.534666],[127.348425,35.534657],[127.34842,35.534657],[127.34842,35.534643],[127.348414,35.534643],[127.348414,35.534594],[127.348419,35.534594],[127.348425,35.534575],[127.34843,35.534575],[127.348452,35.534553],[127.348474,35.534553],[127.348474,35.534557],[127.348496,35.534571],[127.348496,35.53458],[127.348513,35.534589],[127.348513,35.534598],[127.348524,35.534602],[127.348535,35.534629],[127.34853,35.534629],[127.34853,35.534643],[127.348524,35.534643],[127.348519,35.534661],[127.348513,35.534661],[127.348491,35.534683],[127.34848,35.534683],[127.34848,35.534688],[127.348453,35.534688]]]}},{"type":"Feature","properties":{"pair":"2504-2506","cls":"veg_gain","area_m2":161.9,"score":0.721},"geometry":{"type":"Polygon","coordinates":[[[127.354826,35.534606],[127.354826,35.534602],[127.354815,35.534602],[127.354815,35.534597],[127.354793,35.534584],[127.354793,35.534575],[127.354787,35.534575],[127.354787,35.534566],[127.354781,35.534566],[127.354781,35.534534],[127.354787,35.534534],[127.354787,35.534512],[127.354792,35.534512],[127.354792,35.534503],[127.354814,35.534494],[127.354814,35.534498],[127.354825,35.534498],[127.354825,35.534503],[127.354836,35.534503],[127.354836,35.534507],[127.354875,35.534507],[127.354875,35.534503],[127.354886,35.534503],[127.354897,35.534489],[127.354908,35.534489],[127.354913,35.53448],[127.35493,35.53448],[127.35493,35.534475],[127.354957,35.53448],[127.354963,35.534493],[127.354969,35.534493],[127.354969,35.534525],[127.354963,35.534525],[127.354963,35.534534],[127.354947,35.534538],[127.354947,35.534543],[127.354925,35.534557],[127.354925,35.534566],[127.354914,35.53457],[127.354914,35.534579],[127.354908,35.534579],[127.354886,35.534602],[127.35487,35.534602],[127.35487,35.534606],[127.354826,35.534606]]]}},{"type":"Feature","properties":{"pair":"2504-2506","cls":"veg_loss","area_m2":35.2,"score":0.665},"geometry":{"type":"Polygon","coordinates":[[[127.354604,35.534395],[127.354604,35.534391],[127.354593,35.534391],[127.354593,35.534382],[127.354588,35.534382],[127.354604,35.534341],[127.35461,35.534341],[127.354615,35.534332],[127.354626,35.534332],[127.354626,35.534328],[127.354654,35.534332],[127.354659,35.534345],[127.354665,35.534345],[127.354659,35.534373],[127.354654,35.534373],[127.354648,35.534382],[127.354637,35.534382],[127.354632,35.534391],[127.354604,35.534395]]]}},{"type":"Feature","properties":{"pair":"2504-2506","cls":"veg_gain","area_m2":74.5,"score":0.695},"geometry":{"type":"Polygon","coordinates":[[[127.34822,35.534436],[127.34822,35.534432],[127.348209,35.534432],[127.348209,35.534427],[127.348198,35.534423],[127.348198,35.534414],[127.348192,35.534414],[127.348192,35.534369],[127.348187,35.534369],[127.348187,35.534328],[127.348192,35.534328],[127.348192,35.534319],[127.348209,35.534315],[127.348209,35.53431],[127.348242,35.534315],[127.348242,35.534324],[127.348247,35.534324],[127.348247,35.534333],[127.348253,35.534333],[127.348253,35.534346],[127.348258,35.534346],[127.348258,35.534373],[127.348264,35.534373],[127.348264,35.534391],[127.348259,35.534391],[127.348253,35.534418],[127.348248,35.534418],[127.348237,35.534432],[127.34822,35.534436]]]}},{"type":"Feature","properties":{"pair":"2504-2506","cls":"veg_gain","area_m2":1672.9,"score":0.712},"geometry":{"type":"Polygon","coordinates":[[[127.355559,35.534654],[127.355554,35.53464],[127.355581,35.534622],[127.355581,35.534613],[127.355587,35.534613],[127.355587,35.534604],[127.355592,35.534604],[127.355592,35.534595],[127.355598,35.534595],[127.355597,35.534586],[127.355603,35.534586],[127.355603,35.534577],[127.355608,35.534577],[127.355608,35.534564],[127.355614,35.534564],[127.355625,35.53455],[127.355647,35.53455],[127.355647,35.534545],[127.355658,35.534545],[127.355658,35.534541],[127.355674,35.534532],[127.355674,35.5345],[127.355669,35.5345],[127.355663,35.534491],[127.355652,35.534491],[127.355652,35.534487],[127.355614,35.534487],[127.355597,35.534446],[127.355591,35.534446],[127.355586,35.534437],[127.355575,35.534437],[127.355575,35.534433],[127.355542,35.534433],[127.355542,35.534438],[127.355536,35.534438],[127.355536,35.534465],[127.355542,35.534465],[127.355542,35.534478],[127.355547,35.534478],[127.355553,35.534492],[127.355564,35.534492],[127.355564,35.534496],[127.355603,35.534496],[127.355603,35.5345],[127.355608,35.5345],[127.355608,35.534527],[127.355603,35.534527],[127.355603,35.534537],[127.355575,35.534537],[127.355575,35.534532],[127.355559,35.534532],[127.355559,35.534528],[127.355526,35.534528],[127.355526,35.534532],[127.355509,35.534532],[127.355509,35.534537],[127.355482,35.534541],[127.355482,35.534546],[127.35546,35.534559],[127.35546,35.534568],[127.355454,35.534568],[127.355454,35.534577],[127.355449,35.534578],[127.355449,35.534605],[127.355443,35.534605],[127.355443,35.534614],[127.355438,35.534614],[127.355432,35.534627],[127.355399,35.534623],[127.355399,35.534618],[127.355388,35.534614],[127.355388,35.534605],[127.355383,35.534605],[127.355388,35.534578],[127.355404,35.534569],[127.355404,35.53456],[127.35541,35.53456],[127.355415,35.534546],[127.355421,35.534546],[127.355421,35.534519],[127.355415,35.534519],[127.35541,35.534497],[127.355404,35.534497],[127.355409,35.534438],[127.355404,35.534438],[127.355404,35.534429],[127.355393,35.534429],[127.355393,35.534424],[127.355371,35.534425],[127.355371,35.534429],[127.35536,35.534429],[127.35536,35.534434],[127.355327,35.534434],[127.355327,35.534429],[127.355316,35.534429],[127.355316,35.534434],[127.355305,35.534434],[127.355305,35.534438],[127.355294,35.534443],[127.355294,35.534474],[127.355299,35.534474],[127.355299,35.534483],[127.355305,35.534483],[127.35531,35.534497],[127.355316,35.534497],[127.355316,35.534515],[127.35531,35.534515],[127.355305,35.534551],[127.3553,35.534551],[127.3553,35.534564],[127.355294,35.534564],[127.355294,35.534578],[127.355289,35.534578],[127.355278,35.534619],[127.355272,35.534619],[127.355272,35.534628],[127.355267,35.534628],[127.35525,35.534646],[127.355239,35.534646],[127.355239,35.53465],[127.355195,35.53465],[127.355195,35.534646],[127.355168,35.534641],[127.355168,35.534637],[127.355124,35.534637],[127.355124,35.534633],[127.355096,35.534633],[127.355096,35.534628],[127.355057,35.534628],[127.355057,35.534633],[127.35503,35.534633],[127.35503,35.534628],[127.355019,35.534628],[127.355013,35.534615],[127.355008,35.534615],[127.355008,35.534588],[127.355002,35.534588],[127.355002,35.534579],[127.354997,35.534579],[127.354996,35.53457],[127.354991,35.53457],[127.354991,35.534543],[127.355007,35.534538],[127.355007,35.534534],[127.355046,35.534534],[127.355046,35.534529],[127.355057,35.534529],[127.355057,35.534525],[127.355068,35.53452],[127.355068,35.534511],[127.355073,35.534511],[127.355073,35.534502],[127.355079,35.534502],[127.35509,35.534475],[127.355101,35.53447],[127.355101,35.534461],[127.355106,35.534461],[127.355128,35.534439],[127.355139,35.534439],[127.355145,35.53443],[127.355156,35.53443],[127.355156,35.534425],[127.355172,35.534421],[127.355183,35.534407],[127.355194,35.534407],[127.3552,35.534398],[127.355222,35.534393],[127.355222,35.534389],[127.355238,35.53438],[127.355238,35.534371],[127.355244,35.534371],[127.355244,35.534362],[127.355249,35.534362],[127.355249,35.534344],[127.355255,35.534344],[127.355254,35.534312],[127.35526,35.534312],[127.35526,35.534299],[127.355265,35.534299],[127.355265,35.53429],[127.355271,35.53429],[127.355276,35.534281],[127.355337,35.53428],[127.355337,35.534285],[127.355458,35.53428],[127.355458,35.534285],[127.355469,35.534285],[127.355469,35.534289],[127.355503,35.534311],[127.355503,35.53432],[127.355508,35.53432],[127.355514,35.534329],[127.355525,35.534329],[127.355541,35.534347],[127.355552,35.534347],[127.355558,35.534356],[127.355569,35.534356],[127.355574,35.534365],[127.355585,35.534365],[127.355591,35.534374],[127.355602,35.534374],[127.355613,35.534388],[127.355624,35.534388],[127.355641,35.534406],[127.355652,35.534406],[127.355652,35.53441],[127.355663,35.53441],[127.355663,35.534415],[127.35569,35.534415],[127.35569,35.53441],[127.355701,35.53441],[127.355701,35.534406],[127.355712,35.534401],[127.355712,35.534392],[127.355729,35.534383],[127.355729,35.534374],[127.355745,35.534365],[127.355745,35.534356],[127.355751,35.534356],[127.355773,35.534333],[127.355784,35.534333],[127.355784,35.534329],[127.355867,35.534328],[127.355866,35.534324],[127.355883,35.534324],[127.355883,35.534319],[127.355916,35.534319],[127.355916,35.534324],[127.355927,35.534324],[127.355933,35.534351],[127.355927,35.534351],[127.355922,35.534369],[127.355916,35.534369],[127.355916,35.534373],[127.355883,35.534396],[127.355883,35.534405],[127.355779,35.534486],[127.355779,35.534495],[127.355757,35.534509],[127.355757,35.534518],[127.355746,35.534523],[127.355746,35.534532],[127.355741,35.534532],[127.355719,35.534554],[127.355708,35.534554],[127.355708,35.534559],[127.355686,35.534572],[127.355686,35.534581],[127.35568,35.534581],[127.35568,35.53459],[127.355669,35.534595],[127.355669,35.534604],[127.355658,35.534608],[127.355658,35.534617],[127.355653,35.534617],[127.355647,35.534626],[127.355636,35.534627],[127.355625,35.53464],[127.355614,35.53464],[127.355614,35.534645],[127.355603,35.534645],[127.355603,35.534649],[127.355592,35.534649],[127.355592,35.534654],[127.355559,35.534654]]]}},{"type":"Feature","properties":{"pair":"2504-2506","cls":"veg_loss","area_m2":31.1,"score":0.645},"geometry":{"type":"Polygon","coordinates":[[[127.350894,35.534361],[127.350894,35.534352],[127.350888,35.534352],[127.350888,35.534329],[127.350883,35.53433],[127.350883,35.534316],[127.350877,35.534316],[127.350877,35.534293],[127.350882,35.534293],[127.350888,35.53428],[127.350915,35.534275],[127.350915,35.53428],[127.350926,35.53428],[127.350932,35.534298],[127.350927,35.534298],[127.350927,35.534311],[127.350921,35.534311],[127.350921,35.534325],[127.350916,35.534325],[127.350916,35.534361],[127.350894,35.534361]]]}},{"type":"Feature","properties":{"pair":"2504-2506","cls":"veg_gain","area_m2":79.5,"score":0.725},"geometry":{"type":"Polygon","coordinates":[[[127.352663,35.534347],[127.352663,35.534342],[127.352652,35.534342],[127.352652,35.534333],[127.352647,35.534333],[127.352647,35.534324],[127.352641,35.534324],[127.352641,35.534311],[127.352636,35.534311],[127.35263,35.534293],[127.352619,35.534288],[127.352619,35.534279],[127.352613,35.534279],[127.352613,35.53427],[127.352608,35.53427],[127.352613,35.534252],[127.35263,35.534248],[127.35263,35.534243],[127.352657,35.534243],[127.352657,35.534248],[127.35268,35.534252],[127.35268,35.534257],[127.352685,35.534257],[127.352696,35.53427],[127.352707,35.53427],[127.352707,35.534275],[127.352724,35.534284],[127.352724,35.534293],[127.352729,35.534293],[127.352724,35.53432],[127.352718,35.53432],[127.352696,35.534342],[127.352663,35.534347]]]}},{"type":"Feature","properties":{"pair":"2504-2506","cls":"veg_loss","area_m2":764.9,"score":0.811},"geometry":{"type":"Polygon","coordinates":[[[127.349929,35.534413],[127.349929,35.534409],[127.349918,35.534409],[127.349918,35.534404],[127.349902,35.534395],[127.349896,35.534368],[127.34989,35.534368],[127.34989,35.534359],[127.349885,35.534359],[127.34989,35.534287],[127.349884,35.534287],[127.349884,35.534278],[127.349879,35.534278],[127.349879,35.534274],[127.349857,35.53426],[127.349857,35.534251],[127.349851,35.534251],[127.349851,35.53422],[127.349857,35.53422],[127.349857,35.534206],[127.349862,35.534206],[127.349862,35.534197],[127.349868,35.534197],[127.349868,35.534188],[127.349873,35.534188],[127.349873,35.534179],[127.349879,35.534179],[127.349878,35.534157],[127.349884,35.534157],[127.349884,35.534148],[127.349889,35.534148],[127.3499,35.534134],[127.349933,35.534129],[127.349933,35.534125],[127.350016,35.534125],[127.350016,35.534129],[127.350033,35.534129],[127.350127,35.53421],[127.350138,35.53421],[127.350143,35.534219],[127.350165,35.534223],[127.350165,35.534228],[127.350182,35.534237],[127.350188,35.534255],[127.350182,35.534255],[127.350182,35.534264],[127.350166,35.534273],[127.350166,35.534296],[127.350171,35.534296],[127.350177,35.534305],[127.350188,35.534304],[127.350188,35.534309],[127.350215,35.534327],[127.350221,35.534354],[127.350227,35.534354],[127.350227,35.534372],[127.350221,35.534372],[127.350221,35.534381],[127.350216,35.534381],[127.35021,35.53439],[127.350183,35.534395],[127.350183,35.534399],[127.350172,35.534399],[127.350172,35.534404],[127.35015,35.534404],[127.35015,35.534408],[127.3501,35.534399],[127.3501,35.534395],[127.350089,35.534395],[127.350089,35.53439],[127.350078,35.53439],[127.350078,35.534386],[127.350023,35.534386],[127.350023,35.534391],[127.350001,35.534395],[127.350001,35.5344],[127.349995,35.5344],[127.34999,35.534409],[127.349979,35.534409],[127.349979,35.534413],[127.349929,35.534413]]]}},{"type":"Feature","properties":{"pair":"2504-2506","cls":"veg_loss","area_m2":380.6,"score":0.732},"geometry":{"type":"Polygon","coordinates":[[[127.354477,35.534314],[127.354477,35.53431],[127.354472,35.53431],[127.354471,35.534287],[127.354477,35.534287],[127.354477,35.534278],[127.354488,35.534274],[127.354488,35.534265],[127.354493,35.534265],[127.354493,35.534256],[127.354499,35.534256],[127.354499,35.534238],[127.354504,35.534238],[127.354499,35.534179],[127.354504,35.534179],[127.354504,35.534166],[127.35451,35.534166],[127.354509,35.534152],[127.354515,35.534152],[127.354531,35.534071],[127.354537,35.534071],[127.354542,35.534053],[127.354553,35.534048],[127.354553,35.534039],[127.354559,35.534039],[127.354564,35.53403],[127.354575,35.53403],[127.354575,35.534026],[127.354592,35.534021],[127.354592,35.534017],[127.354619,35.534012],[127.354619,35.534017],[127.35463,35.534017],[127.354636,35.534044],[127.354641,35.534044],[127.354642,35.534125],[127.354636,35.534125],[127.354625,35.534206],[127.354631,35.534206],[127.354631,35.534215],[127.354637,35.534215],[127.354642,35.534224],[127.354653,35.534224],[127.354653,35.534228],[127.354708,35.534228],[127.354708,35.534233],[127.354719,35.534233],[127.354719,35.534255],[127.354714,35.534255],[127.354697,35.534273],[127.35467,35.534278],[127.35467,35.534282],[127.354604,35.534283],[127.354604,35.534287],[127.354587,35.534287],[127.354587,35.534292],[127.354549,35.534296],[127.354549,35.534301],[127.354538,35.534301],[127.354538,35.534305],[127.354527,35.534305],[127.354527,35.53431],[127.354516,35.53431],[127.354516,35.534314],[127.354477,35.534314]]]}},{"type":"Feature","properties":{"pair":"2504-2506","cls":"veg_loss","area_m2":2113.5,"score":0.746},"geometry":{"type":"Polygon","coordinates":[[[127.355723,35.53427],[127.355723,35.534266],[127.355706,35.534266],[127.355706,35.534261],[127.35569,35.534261],[127.35569,35.534257],[127.355635,35.534257],[127.355635,35.534262],[127.355613,35.534262],[127.355613,35.534266],[127.35558,35.534266],[127.35558,35.534262],[127.355563,35.534262],[127.355563,35.534257],[127.355552,35.534257],[127.355552,35.534253],[127.355541,35.534253],[127.355541,35.534248],[127.35553,35.534248],[127.35553,35.534244],[127.355475,35.534244],[127.355475,35.534248],[127.355458,35.534249],[127.355458,35.534244],[127.355436,35.53424],[127.355431,35.534231],[127.35542,35.534231],[127.355419,35.534226],[127.355408,35.534226],[127.355408,35.534222],[127.355397,35.534222],[127.355397,35.534217],[127.355386,35.534217],[127.355386,35.534213],[127.35537,35.534213],[127.35537,35.534208],[127.355331,35.534208],[127.355331,35.534213],[127.355304,35.534213],[127.355304,35.534217],[127.355249,35.534222],[127.355249,35.534227],[127.355166,35.534227],[127.355166,35.534222],[127.355133,35.534222],[127.355133,35.534218],[127.355122,35.534218],[127.355122,35.534213],[127.355083,35.534214],[127.355083,35.534218],[127.355039,35.534223],[127.355039,35.534227],[127.354973,35.534227],[127.354973,35.534232],[127.354896,35.534228],[127.354896,35.534232],[127.354874,35.534232],[127.354874,35.534237],[127.354857,35.534237],[127.354857,35.534241],[127.354813,35.534241],[127.354813,35.534237],[127.354802,35.534237],[127.354796,35.534228],[127.354785,35.534228],[127.354785,35.534223],[127.354763,35.53421],[127.354763,35.534201],[127.354758,35.534201],[127.354758,35.534165],[127.354752,35.534165],[127.354741,35.534111],[127.354746,35.534111],[127.354752,35.534088],[127.354779,35.53407],[127.354779,35.534057],[127.354735,35.534034],[127.354735,35.534025],[127.354724,35.534021],[127.354724,35.533994],[127.35474,35.533989],[127.35474,35.533985],[127.354768,35.533985],[127.354768,35.53398],[127.354795,35.53398],[127.354795,35.533985],[127.354884,35.533984],[127.354884,35.533989],[127.354999,35.533988],[127.354999,35.533993],[127.355016,35.533993],[127.355016,35.533997],[127.355027,35.533997],[127.355027,35.534002],[127.355038,35.534002],[127.355038,35.534006],[127.355049,35.534006],[127.355049,35.534011],[127.35511,35.534015],[127.35511,35.53402],[127.355148,35.53402],[127.355148,35.534024],[127.355176,35.534024],[127.355176,35.534029],[127.355204,35.534028],[127.355204,35.534033],[127.355237,35.534033],[127.355237,35.534037],[127.355358,35.534032],[127.355358,35.534037],[127.355391,35.534041],[127.355391,35.534046],[127.355402,35.534046],[127.355402,35.53405],[127.355419,35.53405],[127.355419,35.534055],[127.35543,35.534055],[127.35543,35.534059],[127.355441,35.534059],[127.355441,35.534064],[127.355479,35.534068],[127.355479,35.534073],[127.355513,35.534073],[127.355513,35.534077],[127.355535,35.534077],[127.355535,35.534082],[127.355551,35.534081],[127.355551,35.534086],[127.355617,35.53409],[127.355617,35.534095],[127.355645,35.534095],[127.355645,35.534099],[127.355673,35.534099],[127.355673,35.534104],[127.355777,35.534103],[127.355777,35.534108],[127.355799,35.534108],[127.355799,35.534112],[127.355827,35.534112],[127.355827,35.534117],[127.355844,35.534117],[127.355844,35.534121],[127.355866,35.534126],[127.355866,35.53413],[127.355877,35.534135],[127.355877,35.534144],[127.355882,35.534144],[127.355899,35.534162],[127.355921,35.534166],[127.355921,35.534175],[127.355926,35.534175],[127.355921,35.534189],[127.355904,35.534193],[127.355899,35.534202],[127.355888,35.534202],[127.355888,35.534207],[127.355883,35.534207],[127.355833,35.534252],[127.355822,35.534252],[127.355817,35.534261],[127.355789,35.534266],[127.355789,35.53427],[127.355723,35.53427]],[[127.3558,35.534216],[127.355822,35.534216],[127.355822,35.534211],[127.355833,35.534207],[127.355833,35.534184],[127.355816,35.53418],[127.355816,35.534175],[127.3558,35.534175],[127.3558,35.534171],[127.355767,35.534175],[127.355761,35.534198],[127.355767,35.534198],[127.355772,35.534207],[127.355783,35.534207],[127.355783,35.534212],[127.3558,35.534211],[127.3558,35.534216]],[[127.355144,35.534155],[127.355166,35.534155],[127.355166,35.53415],[127.355199,35.534146],[127.355204,35.534119],[127.355198,35.534119],[127.355193,35.53411],[127.355182,35.53411],[127.355182,35.534105],[127.355165,35.534105],[127.355165,35.534101],[127.355094,35.534096],[127.355094,35.534101],[127.355083,35.534105],[127.355083,35.534128],[127.355099,35.534132],[127.355105,35.534141],[127.355127,35.534146],[127.355127,35.53415],[127.355143,35.53415],[127.355144,35.534155]]]}},{"type":"Feature","properties":{"pair":"2504-2506","cls":"veg_gain","area_m2":137.6,"score":0.769},"geometry":{"type":"Polygon","coordinates":[[[127.353837,35.534082],[127.353837,35.534078],[127.353826,35.534078],[127.353825,35.534073],[127.353803,35.53406],[127.353803,35.534046],[127.353798,35.534046],[127.353798,35.534033],[127.353803,35.534033],[127.353809,35.53401],[127.353814,35.53401],[127.35382,35.534001],[127.353831,35.534001],[127.353831,35.533996],[127.353891,35.533992],[127.353891,35.533987],[127.353908,35.533983],[127.353908,35.533974],[127.353913,35.533974],[127.353924,35.53396],[127.353935,35.53396],[127.353935,35.533956],[127.353952,35.53396],[127.353952,35.533965],[127.353963,35.533969],[127.353963,35.533983],[127.353968,35.533983],[127.353969,35.534005],[127.353963,35.534005],[127.353963,35.534019],[127.353958,35.534019],[127.353958,35.534028],[127.353952,35.534028],[127.353947,35.53405],[127.353941,35.53405],[127.353914,35.534077],[127.353903,35.534077],[127.353903,35.534082],[127.353837,35.534082]]]}},{"type":"Feature","properties":{"pair":"2504-2506","cls":"veg_gain","area_m2":420.0,"score":0.723},"geometry":{"type":"Polygon","coordinates":[[[127.352498,35.534451],[127.352498,35.534446],[127.352482,35.534447],[127.352482,35.534442],[127.352471,35.534442],[127.352465,35.534433],[127.352454,35.534433],[127.352454,35.534429],[127.352432,35.534415],[127.352432,35.534406],[127.352427,35.534406],[127.352426,35.534375],[127.352432,35.534375],[127.352437,35.534357],[127.352443,35.534357],[127.352443,35.534352],[127.352454,35.534347],[127.352454,35.534338],[127.352459,35.534338],[127.352454,35.534311],[127.352448,35.534311],[127.352448,35.534302],[127.352443,35.534302],[127.352448,35.534217],[127.352442,35.534217],[127.352431,35.534203],[127.35242,35.534203],[127.35242,35.534199],[127.352393,35.534199],[127.352393,35.534203],[127.352376,35.534203],[127.352376,35.534208],[127.352349,35.534208],[127.352349,35.534204],[127.352332,35.534199],[127.352326,35.534172],[127.352321,35.534172],[127.352321,35.534132],[127.352315,35.534132],[127.35231,35.534105],[127.352304,35.534105],[127.352304,35.534096],[127.352298,35.534096],[127.352282,35.534037],[127.352276,35.534037],[127.352276,35.534028],[127.352271,35.534028],[127.352271,35.53401],[127.352265,35.53401],[127.352259,35.533978],[127.352254,35.533979],[127.352254,35.533969],[127.352248,35.53397],[127.352248,35.533947],[127.352254,35.533947],[127.352254,35.533942],[127.352265,35.533942],[127.352265,35.533947],[127.352281,35.533956],[127.352281,35.533965],[127.352287,35.533965],[127.352287,35.533974],[127.352292,35.533974],[127.352292,35.533983],[127.352298,35.533983],[127.352298,35.533992],[127.352303,35.533992],[127.352304,35.534001],[127.352309,35.534001],[127.352309,35.53401],[127.352315,35.53401],[127.352315,35.534019],[127.35232,35.534019],[127.35232,35.534032],[127.352326,35.534032],[127.352326,35.534041],[127.352331,35.534041],[127.352331,35.534055],[127.352337,35.534055],[127.352337,35.534064],[127.352342,35.534064],[127.352354,35.534104],[127.352359,35.534104],[127.352376,35.534122],[127.352387,35.534122],[127.352387,35.534127],[127.352403,35.534127],[127.352403,35.534131],[127.35242,35.534131],[127.35242,35.534136],[127.352436,35.534136],[127.352436,35.53414],[127.352453,35.53414],[127.352453,35.534145],[127.35247,35.534145],[127.35247,35.534149],[127.352492,35.534154],[127.352492,35.534158],[127.352508,35.534167],[127.352508,35.534176],[127.352514,35.534176],[127.352514,35.534217],[127.352519,35.534217],[127.35252,35.534226],[127.352525,35.534226],[127.352536,35.534253],[127.352553,35.534262],[127.352558,35.534284],[127.352553,35.534284],[127.352553,35.534293],[127.352547,35.534293],[127.352536,35.534307],[127.352525,35.534307],[127.352525,35.534311],[127.352498,35.534329],[127.352498,35.534356],[127.352504,35.534356],[127.352504,35.534365],[127.352509,35.534365],[127.352515,35.534374],[127.352526,35.534374],[127.352526,35.534379],[127.352542,35.534388],[127.352542,35.534397],[127.352548,35.534397],[127.352548,35.534406],[127.352553,35.534406],[127.352553,35.534424],[127.352548,35.534424],[127.352548,35.534433],[127.352542,35.534433],[127.352532,35.534446],[127.352498,35.534451]]]}},{"type":"Feature","properties":{"pair":"2504-2506","cls":"veg_loss","area_m2":563.5,"score":0.797},"geometry":{"type":"Polygon","coordinates":[[[127.348458,35.534521],[127.348458,35.534517],[127.348441,35.534508],[127.348435,35.53449],[127.34843,35.53449],[127.34843,35.534449],[127.348435,35.534449],[127.348435,35.534319],[127.34844,35.534319],[127.348445,35.534264],[127.348451,35.534264],[127.348451,35.534251],[127.348456,35.534251],[127.348462,35.534228],[127.348473,35.534224],[127.348473,35.534215],[127.348489,35.534206],[127.348489,35.534197],[127.348511,35.534183],[127.348511,35.534174],[127.348528,35.534165],[127.348528,35.534156],[127.348533,35.534156],[127.348533,35.534147],[127.348539,35.534147],[127.348544,35.534115],[127.34855,35.534115],[127.348549,35.534088],[127.348555,35.534088],[127.348555,35.534061],[127.34856,35.534061],[127.348566,35.53403],[127.348571,35.53403],[127.348577,35.533976],[127.348582,35.533976],[127.348582,35.533962],[127.348587,35.533962],[127.348598,35.533949],[127.348615,35.533949],[127.348621,35.533962],[127.348626,35.533962],[127.348626,35.533976],[127.348632,35.533976],[127.348632,35.533994],[127.348637,35.533994],[127.348643,35.534025],[127.348648,35.534025],[127.348649,35.534093],[127.348643,35.534093],[127.348638,35.534156],[127.348632,35.534156],[127.348633,35.534183],[127.348627,35.534183],[127.348627,35.534259],[127.348622,35.534259],[127.348616,35.534277],[127.348611,35.534278],[127.348611,35.534282],[127.348583,35.5343],[127.348583,35.534309],[127.348567,35.534318],[127.348567,35.534327],[127.348512,35.534368],[127.348507,35.53439],[127.348501,35.53439],[127.348501,35.534418],[127.348507,35.534418],[127.348512,35.534463],[127.348507,35.534463],[127.348507,35.534476],[127.348501,35.534476],[127.348502,35.53449],[127.348496,35.53449],[127.348491,35.534512],[127.348485,35.534512],[127.34848,35.534521],[127.348458,35.534521]]]}},{"type":"Feature","properties":{"pair":"2504-2506","cls":"veg_gain","area_m2":634.2,"score":0.752},"geometry":{"type":"Polygon","coordinates":[[[127.349592,35.534221],[127.349592,35.534216],[127.349575,35.534216],[127.349575,35.534212],[127.349559,35.534212],[127.349559,35.534207],[127.349542,35.534207],[127.349542,35.534203],[127.349526,35.534203],[127.349526,35.534198],[127.349509,35.534194],[127.349509,35.534185],[127.349504,35.534185],[127.349503,35.534113],[127.349498,35.534113],[127.349498,35.534068],[127.349503,35.534068],[127.349503,35.534059],[127.349509,35.534059],[127.349531,35.534036],[127.349542,35.534036],[127.349542,35.534031],[127.349564,35.534018],[127.349564,35.534009],[127.349569,35.534009],[127.349569,35.53395],[127.349574,35.53395],[127.349574,35.533941],[127.34958,35.533941],[127.349585,35.533932],[127.349624,35.533923],[127.349624,35.533928],[127.349635,35.533928],[127.349635,35.533932],[127.349646,35.533937],[127.349646,35.533946],[127.349651,35.533946],[127.349652,35.533968],[127.349657,35.533968],[127.349668,35.533995],[127.349679,35.534],[127.34969,35.53404],[127.349696,35.53404],[127.349702,35.534058],[127.349718,35.534062],[127.349718,35.534067],[127.349768,35.534062],[127.349768,35.534058],[127.349779,35.534058],[127.349779,35.534053],[127.349812,35.534044],[127.349817,35.534035],[127.349828,35.534035],[127.349828,35.534031],[127.349845,35.534026],[127.349845,35.534022],[127.349883,35.534021],[127.349883,35.534026],[127.349894,35.534026],[127.349894,35.53403],[127.349911,35.534039],[127.349911,35.534066],[127.349906,35.534066],[127.3499,35.534075],[127.349889,35.534076],[127.349889,35.53408],[127.349878,35.53408],[127.349878,35.534085],[127.349867,35.534085],[127.349867,35.534089],[127.349834,35.534098],[127.349834,35.534103],[127.349807,35.534121],[127.349807,35.53413],[127.349796,35.534134],[127.349796,35.534143],[127.349785,35.534148],[127.349785,35.534157],[127.349779,35.534157],[127.349763,35.534175],[127.349752,35.534175],[127.349746,35.534184],[127.349713,35.534189],[127.349713,35.534193],[127.349702,35.534193],[127.349697,35.534202],[127.349686,35.534202],[127.349686,35.534207],[127.349675,35.534207],[127.349675,35.534211],[127.349658,35.534211],[127.349658,35.534216],[127.349592,35.534221]]]}},{"type":"Feature","properties":{"pair":"2504-2506","cls":"veg_loss","area_m2":387.9,"score":0.697},"geometry":{"type":"Polygon","coordinates":[[[127.352745,35.534121],[127.352745,35.534117],[127.352729,35.534117],[127.352729,35.534112],[127.352695,35.534103],[127.352679,35.534085],[127.352668,35.534085],[127.352657,35.534072],[127.352646,35.534072],[127.352646,35.534067],[127.352629,35.534059],[127.352623,35.534036],[127.352618,35.534036],[127.352618,35.534023],[127.352612,35.534023],[127.352607,35.534009],[127.352596,35.534009],[127.352596,35.534005],[127.352585,35.534005],[127.352585,35.534],[127.352563,35.534],[127.352563,35.534005],[127.352552,35.534005],[127.352552,35.534009],[127.352535,35.534009],[127.352535,35.534005],[127.352524,35.534005],[127.352513,35.533991],[127.352502,35.533991],[127.352485,35.533973],[127.352474,35.533973],[127.352474,35.533969],[127.352441,35.533946],[127.352441,35.533937],[127.352436,35.533937],[127.352441,35.533919],[127.352447,35.533919],[127.352452,35.53391],[127.352485,35.533901],[127.352485,35.533897],[127.352535,35.533892],[127.352535,35.533897],[127.352573,35.533901],[127.352573,35.533905],[127.352584,35.533905],[127.352584,35.53391],[127.352595,35.53391],[127.352595,35.533914],[127.352606,35.533914],[127.352606,35.533919],[127.352634,35.533919],[127.352634,35.533923],[127.352662,35.533923],[127.352662,35.533928],[127.352673,35.533928],[127.352673,35.533932],[127.352684,35.533937],[127.352684,35.533946],[127.352695,35.53395],[127.352695,35.533959],[127.352706,35.533964],[127.352706,35.533973],[127.352767,35.534018],[127.352778,35.534045],[127.352783,35.534045],[127.352783,35.534049],[127.352806,35.534063],[127.352806,35.534072],[127.352811,35.534072],[127.352811,35.534099],[127.352806,35.534099],[127.352806,35.534108],[127.3528,35.534108],[127.352795,35.534117],[127.352784,35.534117],[127.352784,35.534121],[127.352745,35.534121]]]}},{"type":"Feature","properties":{"pair":"2504-2506","cls":"built_new","area_m2":66.5,"score":0.753},"geometry":{"type":"Polygon","coordinates":[[[127.352006,35.533979],[127.352006,35.533975],[127.351973,35.533966],[127.351967,35.533952],[127.351962,35.533952],[127.351961,35.533912],[127.351967,35.533912],[127.351967,35.533898],[127.351972,35.533898],[127.351972,35.533889],[127.351978,35.533889],[127.351983,35.53388],[127.352011,35.53388],[127.352011,35.533885],[127.352022,35.533885],[127.352022,35.533889],[127.352033,35.533894],[127.352033,35.533903],[127.352038,35.533903],[127.352039,35.533916],[127.352044,35.533916],[127.352039,35.53397],[127.352033,35.53397],[127.352033,35.533979],[127.352006,35.533979]]]}},{"type":"Feature","properties":{"pair":"2504-2506","cls":"veg_loss","area_m2":6534.2,"score":0.743},"geometry":{"type":"Polygon","coordinates":[[[127.349925,35.534693],[127.349925,35.534688],[127.349892,35.534688],[127.349892,35.534684],[127.349881,35.534684],[127.349881,35.534679],[127.34987,35.534675],[127.349864,35.534657],[127.34987,35.534657],[127.34987,35.534648],[127.349875,35.534648],[127.349875,35.534639],[127.349881,35.534639],[127.34988,35.534612],[127.349875,35.534612],[127.349869,35.534585],[127.349864,35.534585],[127.349864,35.534576],[127.349858,35.534576],[127.349847,35.534562],[127.349825,35.534562],[127.349825,35.534558],[127.349797,35.534553],[127.349797,35.534549],[127.34977,35.534531],[127.34977,35.534508],[127.349781,35.534508],[127.349781,35.534504],[127.349808,35.534504],[127.349808,35.534508],[127.349874,35.534508],[127.349874,35.534504],[127.349896,35.534504],[127.349896,35.534499],[127.349918,35.534499],[127.349918,35.534495],[127.349941,35.534494],[127.349941,35.53449],[127.350084,35.534494],[127.350084,35.53449],[127.350106,35.534485],[127.350106,35.53448],[127.350122,35.534476],[127.350122,35.534471],[127.350166,35.534471],[127.350166,35.534476],[127.350194,35.534476],[127.350194,35.53448],[127.350233,35.53448],[127.350233,35.534485],[127.350244,35.534485],[127.350255,35.534498],[127.350288,35.534498],[127.350288,35.534493],[127.350321,35.534471],[127.350337,35.53443],[127.350343,35.53443],[127.350354,35.534417],[127.35037,35.534417],[127.35037,35.534412],[127.350425,35.534412],[127.350425,35.534407],[127.350453,35.534407],[127.350453,35.534403],[127.350475,35.534403],[127.350475,35.534398],[127.350513,35.534398],[127.350514,35.534403],[127.350536,35.534407],[127.350536,35.534412],[127.350552,35.534416],[127.350552,35.534421],[127.35058,35.534421],[127.35058,35.534416],[127.350591,35.534411],[127.350591,35.534402],[127.350596,35.534402],[127.350591,35.53438],[127.350574,35.534375],[127.350574,35.534371],[127.350563,35.534371],[127.350557,35.534362],[127.350546,35.534362],[127.350508,35.534326],[127.350497,35.534326],[127.350497,35.534322],[127.350469,35.534304],[127.350469,35.534295],[127.350463,35.534295],[127.350463,35.534286],[127.350458,35.534286],[127.350458,35.534277],[127.350452,35.534277],[127.350458,35.534254],[127.350469,35.534254],[127.350469,35.53425],[127.35048,35.53425],[127.35048,35.534245],[127.35059,35.534245],[127.35059,35.53424],[127.350601,35.534236],[127.350601,35.534218],[127.35059,35.534213],[127.350584,35.534173],[127.350579,35.534173],[127.350579,35.534164],[127.350562,35.534155],[127.350562,35.534137],[127.350567,35.534137],[127.350595,35.53411],[127.350606,35.534109],[127.350606,35.534105],[127.350622,35.534105],[127.350622,35.5341],[127.350639,35.5341],[127.350639,35.534096],[127.350661,35.534096],[127.350661,35.534091],[127.350678,35.534091],[127.350678,35.534087],[127.350727,35.534078],[127.350727,35.534073],[127.350738,35.534073],[127.350744,35.534064],[127.350755,35.534064],[127.350755,35.534059],[127.350766,35.534059],[127.350766,35.534055],[127.350777,35.534055],[127.350777,35.53405],[127.350793,35.53405],[127.350793,35.534046],[127.350804,35.534046],[127.350804,35.534041],[127.350815,35.534041],[127.350815,35.534037],[127.350826,35.534037],[127.350826,35.534032],[127.350837,35.534032],[127.350837,35.534028],[127.350848,35.534028],[127.350848,35.534023],[127.35092,35.534023],[127.35092,35.534027],[127.350964,35.534027],[127.350964,35.534032],[127.350981,35.534032],[127.350981,35.534036],[127.350992,35.534036],[127.350997,35.534045],[127.351008,35.534045],[127.351008,35.53405],[127.35103,35.534063],[127.35103,35.534072],[127.351041,35.534077],[127.351041,35.534086],[127.351047,35.534086],[127.351069,35.534108],[127.35108,35.534108],[127.351086,35.534117],[127.351097,35.534117],[127.351102,35.534126],[127.351113,35.534126],[127.351113,35.534131],[127.351124,35.534131],[127.351124,35.534135],[127.351141,35.534135],[127.351141,35.534139],[127.351157,35.534139],[127.351157,35.534144],[127.351174,35.534144],[127.351174,35.534148],[127.351207,35.534157],[127.351207,35.534162],[127.351235,35.53418],[127.351235,35.534189],[127.35124,35.534189],[127.351257,35.534207],[127.35129,35.534207],[127.35129,35.534202],[127.351307,35.534202],[127.351307,35.534198],[127.351334,35.534198],[127.351334,35.534202],[127.351345,35.534202],[127.351362,35.534252],[127.351367,35.534251],[127.351401,35.534283],[127.351412,35.534283],[127.351412,35.534287],[127.351428,35.534287],[127.351428,35.534292],[127.351472,35.534292],[127.351472,35.534296],[127.351494,35.534301],[127.351494,35.534305],[127.351511,35.53431],[127.351511,35.534314],[127.351539,35.534314],[127.351539,35.53431],[127.35155,35.53431],[127.35155,35.534305],[127.351577,35.534305],[127.351577,35.534309],[127.35161,35.534318],[127.351616,35.534327],[127.351627,35.534327],[127.351627,35.534332],[127.351638,35.534332],[127.351638,35.534336],[127.35166,35.534336],[127.35166,35.534332],[127.351671,35.534327],[127.351671,35.534291],[127.351665,35.534291],[127.351665,35.534278],[127.35166,35.534278],[127.35166,35.534269],[127.351654,35.534269],[127.351654,35.53426],[127.351649,35.53426],[127.351648,35.534228],[127.351654,35.534228],[127.351654,35.534224],[127.35167,35.534215],[127.35167,35.534206],[127.351681,35.534201],[127.351681,35.534192],[127.351687,35.534192],[127.351687,35.534183],[127.351692,35.534183],[127.351692,35.534169],[127.351698,35.534169],[127.351703,35.534138],[127.351709,35.534138],[127.351714,35.53412],[127.351725,35.534115],[127.351725,35.534106],[127.351736,35.534102],[127.351736,35.534075],[127.35173,35.534075],[127.35173,35.534066],[127.351725,35.534066],[127.351725,35.534057],[127.351719,35.534057],[127.351719,35.534048],[127.351708,35.534043],[127.351703,35.534021],[127.351697,35.534021],[127.351697,35.533998],[127.351703,35.533998],[127.351697,35.533926],[127.351702,35.533926],[127.351702,35.533917],[127.351708,35.533917],[127.351719,35.533903],[127.35173,35.533903],[127.35173,35.533899],[127.351757,35.533903],[127.351757,35.533908],[127.351779,35.533908],[127.351779,35.533903],[127.35179,35.533903],[127.351812,35.533881],[127.351823,35.533881],[127.351823,35.533876],[127.35184,35.533872],[127.35184,35.533867],[127.351873,35.533867],[127.351873,35.533871],[127.351884,35.533871],[127.351884,35.53388],[127.35189,35.53388],[127.351884,35.533957],[127.351879,35.533957],[127.351879,35.533971],[127.351873,35.533971],[127.351857,35.533989],[127.351846,35.533989],[127.351846,35.533993],[127.351835,35.533993],[127.351835,35.533998],[127.351818,35.533998],[127.351818,35.534002],[127.351807,35.534002],[127.351807,35.534007],[127.351796,35.534007],[127.351796,35.534011],[127.351785,35.534016],[127.351785,35.534025],[127.35178,35.534025],[127.35178,35.534034],[127.351774,35.534034],[127.351774,35.534048],[127.351769,35.534048],[127.351769,35.534066],[127.351764,35.534066],[127.351764,35.534102],[127.351769,35.534102],[127.35178,35.534115],[127.351791,35.534115],[127.351797,35.534124],[127.351808,35.534124],[127.351808,35.534129],[127.35183,35.534142],[127.351836,35.534164],[127.35183,35.534165],[127.35183,35.534183],[127.351825,35.534183],[127.351825,35.534205],[127.35183,35.534205],[127.351836,35.534214],[127.351858,35.534219],[127.351858,35.534214],[127.351896,35.534214],[127.351896,35.534209],[127.351968,35.534209],[127.351968,35.534214],[127.351996,35.534232],[127.351996,35.534241],[127.352001,35.534241],[127.352001,35.534245],[127.352035,35.534268],[127.352035,35.534277],[127.352046,35.534281],[127.352046,35.53429],[127.352051,35.53429],[127.352051,35.534299],[127.352057,35.534299],[127.352057,35.534308],[127.352062,35.534308],[127.352068,35.534335],[127.352073,35.534335],[127.352073,35.534344],[127.352079,35.534344],[127.352079,35.534358],[127.352085,35.534358],[127.352085,35.534367],[127.35209,35.534367],[127.352085,35.534385],[127.352074,35.534385],[127.352074,35.534389],[127.352013,35.534389],[127.352013,35.534394],[127.351991,35.534398],[127.351986,35.534407],[127.351975,35.534407],[127.351964,35.534421],[127.351953,35.534421],[127.351953,35.534426],[127.351914,35.534453],[127.351914,35.534462],[127.351892,35.534475],[127.351892,35.534484],[127.351887,35.534484],[127.351887,35.534507],[127.351892,35.534507],[127.351892,35.534516],[127.351925,35.53452],[127.351925,35.534525],[127.351947,35.534525],[127.351947,35.53452],[127.351975,35.534516],[127.351975,35.534511],[127.35198,35.534511],[127.351986,35.534502],[127.351997,35.534502],[127.352002,35.534493],[127.352041,35.534488],[127.352041,35.534484],[127.352069,35.534479],[127.352069,35.534475],[127.35208,35.534475],[127.35208,35.53447],[127.352091,35.53447],[127.352091,35.534466],[127.352107,35.534466],[127.352107,35.534461],[127.352118,35.534461],[127.352118,35.534457],[127.352129,35.534457],[127.352129,35.534452],[127.352173,35.534447],[127.352173,35.534443],[127.352195,35.534438],[127.352195,35.534434],[127.352212,35.534425],[127.352212,35.534416],[127.352217,35.534416],[127.352217,35.534371],[127.352222,35.534371],[127.352222,35.534366],[127.352239,35.534366],[127.352239,35.534371],[127.352256,35.53438],[127.352256,35.534389],[127.352261,35.534389],[127.352261,35.534398],[127.352267,35.534398],[127.352267,35.534411],[127.352272,35.534411],[127.352272,35.534434],[127.352278,35.534434],[127.352278,35.534501],[127.352284,35.534501],[127.352284,35.53451],[127.352289,35.53451],[127.352289,35.534519],[127.352295,35.534519],[127.352295,35.534528],[127.3523,35.534528],[127.3523,35.534546],[127.352306,35.534546],[127.352301,35.534587],[127.352295,35.534587],[127.352295,35.534596],[127.35229,35.534596],[127.35229,35.534605],[127.352284,35.534605],[127.352284,35.534614],[127.352279,35.534614],[127.352279,35.534623],[127.352273,35.534623],[127.352268,35.53465],[127.352262,35.53465],[127.352262,35.534659],[127.352257,35.534659],[127.35224,35.534677],[127.352224,35.534677],[127.352224,35.534682],[127.352185,35.534677],[127.352185,35.534673],[127.352152,35.534664],[127.352152,35.534659],[127.352135,35.53465],[127.352135,35.534641],[127.352102,35.534619],[127.352102,35.53461],[127.352041,35.534565],[127.352041,35.534556],[127.352036,35.534556],[127.35203,35.534542],[127.351997,35.534543],[127.351997,35.534547],[127.351992,35.534547],[127.351986,35.534574],[127.351981,35.534574],[127.351981,35.534592],[127.351975,35.534592],[127.351975,35.534624],[127.351992,35.534628],[127.351992,35.534633],[127.352009,35.534633],[127.352009,35.534637],[127.352031,35.534651],[127.352031,35.53466],[127.352025,35.53466],[127.35202,35.534669],[127.351987,35.534669],[127.351987,35.534664],[127.351976,35.534664],[127.351948,35.534637],[127.351904,35.534637],[127.351904,35.534642],[127.351893,35.534642],[127.351893,35.534647],[127.351882,35.534647],[127.351882,35.534651],[127.351865,35.534651],[127.351865,35.534656],[127.351827,35.534656],[127.351827,35.534651],[127.35181,35.534651],[127.35181,35.534647],[127.351777,35.534638],[127.351749,35.534611],[127.351722,35.534606],[127.351722,35.534611],[127.351711,35.534611],[127.351705,35.534625],[127.3517,35.534625],[127.3517,35.534661],[127.351694,35.534661],[127.351694,35.53467],[127.351689,35.53467],[127.351684,35.534679],[127.351672,35.534679],[127.351673,35.534683],[127.351584,35.534679],[127.351584,35.534674],[127.351551,35.534666],[127.351546,35.534657],[127.351524,35.534652],[127.351523,35.534648],[127.351507,35.534639],[127.351507,35.53463],[127.351501,35.53463],[127.35149,35.534603],[127.351474,35.534598],[127.351463,35.534585],[127.351452,35.534585],[127.351452,35.53458],[127.35144,35.53458],[127.35144,35.534576],[127.351407,35.534576],[127.351407,35.53458],[127.351396,35.53458],[127.351396,35.534585],[127.351385,35.534585],[127.351385,35.534589],[127.351374,35.534589],[127.351374,35.534594],[127.351363,35.534594],[127.351363,35.534598],[127.351341,35.534599],[127.351341,35.534594],[127.35133,35.534594],[127.351303,35.534567],[127.351292,35.534567],[127.351292,35.534563],[127.351281,35.534563],[127.351281,35.534558],[127.351253,35.534554],[127.351253,35.534549],[127.351236,35.534545],[127.351236,35.534536],[127.351231,35.534536],[127.351231,35.534513],[127.351236,35.534513],[127.351231,35.534491],[127.351214,35.534486],[127.351214,35.534482],[127.351181,35.534482],[127.351181,35.534477],[127.35117,35.534477],[127.35117,35.534468],[127.351164,35.534468],[127.351164,35.534459],[127.35117,35.534459],[127.35117,35.534428],[127.351164,35.534428],[127.351164,35.534419],[127.351159,35.534419],[127.351159,35.53441],[127.351153,35.53441],[127.351153,35.534392],[127.351191,35.534369],[127.351191,35.534342],[127.351186,35.534342],[127.351186,35.534338],[127.351175,35.534338],[127.351175,35.534333],[127.351164,35.534333],[127.351164,35.534329],[127.351136,35.534329],[127.351136,35.534333],[127.35112,35.534333],[127.35112,35.534338],[127.351081,35.534342],[127.351081,35.534347],[127.351065,35.534352],[127.351054,35.534388],[127.351048,35.534388],[127.351043,35.534397],[127.351032,35.534397],[127.351032,35.534401],[127.350999,35.534397],[127.350999,35.534392],[127.350988,35.534388],[127.350982,35.534365],[127.350987,35.534365],[127.350987,35.534356],[127.351009,35.534343],[127.351009,35.534316],[127.350987,35.534302],[127.350982,35.534284],[127.350987,35.534284],[127.350987,35.534275],[127.350998,35.534271],[127.350998,35.534262],[127.351004,35.534262],[127.351004,35.534253],[127.351009,35.534253],[127.351009,35.534235],[127.351003,35.534235],[127.350992,35.534221],[127.350965,35.534221],[127.350965,35.534217],[127.350943,35.534212],[127.350937,35.534199],[127.350932,35.534199],[127.350932,35.534172],[127.350937,35.534172],[127.350937,35.534163],[127.350964,35.534145],[127.35097,35.534126],[127.350964,35.534126],[127.350959,35.534113],[127.350948,35.534113],[127.350948,35.534108],[127.35092,35.534091],[127.350915,35.534077],[127.350904,35.534077],[127.350904,35.534073],[127.350848,35.534073],[127.350848,35.534077],[127.350821,35.534077],[127.350821,35.534082],[127.35081,35.534082],[127.35081,35.534086],[127.350799,35.534086],[127.350799,35.534091],[127.350766,35.5341],[127.350766,35.534105],[127.350744,35.534118],[127.350733,35.53415],[127.350727,35.53415],[127.350711,35.534168],[127.350678,35.534172],[127.350678,35.534177],[127.350656,35.53419],[127.350656,35.534199],[127.350623,35.534222],[127.350623,35.53424],[127.350629,35.53424],[127.350634,35.534249],[127.350645,35.534249],[127.350645,35.534254],[127.350673,35.534272],[127.350673,35.534281],[127.350678,35.534281],[127.350678,35.53429],[127.350684,35.53429],[127.350679,35.534312],[127.350662,35.534321],[127.350662,35.534339],[127.350668,35.534339],[127.350673,35.534348],[127.350745,35.534352],[127.350745,35.534357],[127.350778,35.534361],[127.350778,35.534366],[127.350789,35.534366],[127.350789,35.53437],[127.350828,35.534375],[127.350828,35.534379],[127.350839,35.534384],[127.350839,35.534393],[127.350844,35.534393],[127.35085,35.534438],[127.350844,35.534438],[127.350839,35.534451],[127.350828,35.534451],[127.350822,35.53446],[127.350811,35.53446],[127.350811,35.534465],[127.3508,35.534469],[127.350801,35.534478],[127.350795,35.534478],[127.350795,35.534487],[127.35079,35.534488],[127.35079,35.534497],[127.350784,35.534497],[127.350779,35.534519],[127.350773,35.534519],[127.350768,35.534528],[127.350757,35.534528],[127.350757,35.534533],[127.350724,35.534533],[127.350724,35.534528],[127.350707,35.534519],[127.350707,35.53451],[127.350696,35.534506],[127.350696,35.534497],[127.35069,35.534497],[127.350679,35.534483],[127.350657,35.534479],[127.350657,35.534474],[127.350624,35.534474],[127.350624,35.53447],[127.35058,35.534466],[127.35058,35.53447],[127.350569,35.53447],[127.350569,35.534475],[127.350552,35.534484],[127.350552,35.534493],[127.350547,35.534493],[127.350547,35.534529],[127.350553,35.534529],[127.350553,35.534542],[127.350558,35.534542],[127.350558,35.534551],[127.350564,35.534551],[127.350569,35.534596],[127.350575,35.534596],[127.350575,35.534605],[127.350581,35.534605],[127.350586,35.534614],[127.350597,35.534614],[127.350603,35.534623],[127.350614,35.534623],[127.350614,35.534628],[127.35063,35.534637],[127.35063,35.53465],[127.350625,35.53465],[127.350619,35.534659],[127.350586,35.534664],[127.350586,35.534668],[127.350564,35.534668],[127.350564,35.534673],[127.350542,35.534673],[127.350542,35.534677],[127.350515,35.534678],[127.350515,35.534682],[127.350493,35.534682],[127.350493,35.534678],[127.350438,35.534678],[127.350437,35.534673],[127.350393,35.534673],[127.350393,35.534669],[127.350382,35.534669],[127.350382,35.53466],[127.350377,35.53466],[127.350377,35.534651],[127.350388,35.534646],[127.350382,35.534619],[127.350316,35.534606],[127.350316,35.534602],[127.350288,35.534584],[127.350277,35.534534],[127.350271,35.534534],[127.350266,35.534525],[127.350244,35.534525],[127.350244,35.53453],[127.350233,35.53453],[127.350233,35.534539],[127.350211,35.534552],[127.350211,35.534561],[127.350205,35.534561],[127.350183,35.534584],[127.350172,35.534584],[127.350162,35.534597],[127.350128,35.534602],[127.350128,35.534607],[127.350073,35.534602],[127.350073,35.534607],[127.350062,35.534611],[127.350062,35.534629],[127.350118,35.534656],[127.350118,35.534665],[127.350112,35.534665],[127.350107,35.534674],[127.350052,35.534679],[127.350052,35.534683],[127.35003,35.534683],[127.35003,35.534688],[127.350008,35.534688],[127.350008,35.534693],[127.349925,35.534693]],[[127.352201,35.534601],[127.352229,35.5346],[127.352229,35.534596],[127.35224,35.534596],[127.35224,35.534591],[127.352251,35.534587],[127.352251,35.534578],[127.352256,35.534578],[127.352262,35.534506],[127.352256,35.534506],[127.352245,35.534492],[127.352223,35.534492],[127.352223,35.534488],[127.35219,35.534492],[127.35219,35.534497],[127.352168,35.534511],[127.352168,35.53452],[127.352162,35.53452],[127.352163,35.534529],[127.352157,35.534529],[127.352157,35.534538],[127.352152,35.534538],[127.352152,35.534556],[127.352157,35.534556],[127.352163,35.534578],[127.352168,35.534578],[127.352179,35.534592],[127.352201,35.534596],[127.352201,35.534601]],[[127.351622,35.534557],[127.351644,35.534557],[127.351644,35.534553],[127.351661,35.534544],[127.351661,35.534526],[127.351655,35.534526],[127.35165,35.534508],[127.351644,35.534508],[127.351633,35.534494],[127.351605,35.53449],[127.351606,35.534494],[127.351594,35.534494],[127.351595,35.534499],[127.351584,35.534503],[127.351584,35.534512],[127.351578,35.534512],[127.351578,35.534535],[127.351584,35.534535],[127.351589,35.534548],[127.351622,35.534553],[127.351622,35.534557]],[[127.351682,35.534386],[127.351699,35.534386],[127.351699,35.534381],[127.351704,35.534381],[127.351704,35.534363],[127.351699,35.534363],[127.351693,35.534354],[127.351677,35.534354],[127.351677,35.534359],[127.351671,35.534359],[127.351671,35.534381],[127.351682,35.534381],[127.351682,35.534386]],[[127.351318,35.534306],[127.35134,35.534301],[127.35134,35.534292],[127.351346,35.534292],[127.351345,35.534279],[127.35134,35.534279],[127.351334,35.53427],[127.351312,35.53427],[127.351312,35.534274],[127.351301,35.534279],[127.351301,35.534297],[127.351318,35.534301],[127.351318,35.534306]],[[127.351197,35.534266],[127.35123,35.534265],[127.35123,35.534261],[127.351246,35.534252],[127.351246,35.534234],[127.351241,35.534234],[127.35124,35.534225],[127.351235,35.534225],[127.351224,35.534211],[127.351196,35.534211],[127.351196,35.534216],[127.351185,35.534216],[127.351185,35.53422],[127.351174,35.534225],[127.351174,35.534248],[127.35118,35.534248],[127.35118,35.534257],[127.351197,35.534261],[127.351197,35.534266]]]}},{"type":"Feature","properties":{"pair":"2504-2506","cls":"built_new","area_m2":494.4,"score":0.693},"geometry":{"type":"Polygon","coordinates":[[[127.355308,35.533988],[127.355308,35.533983],[127.355297,35.533979],[127.355292,35.533961],[127.355286,35.533961],[127.355275,35.533947],[127.355242,35.533938],[127.355236,35.533929],[127.355225,35.533929],[127.355225,35.533925],[127.35522,35.533925],[127.355209,35.533911],[127.355198,35.533911],[127.355198,35.533907],[127.355164,35.533907],[127.355164,35.533902],[127.355131,35.533902],[127.355131,35.533898],[127.35512,35.533898],[127.35512,35.533893],[127.355115,35.533894],[127.355115,35.533875],[127.355131,35.533871],[127.355131,35.533866],[127.355159,35.533866],[127.355159,35.533871],[127.355186,35.533875],[127.355186,35.53388],[127.355302,35.533879],[127.355302,35.533884],[127.355396,35.533884],[127.355396,35.533879],[127.355429,35.533879],[127.355429,35.533884],[127.355462,35.533883],[127.355462,35.533879],[127.355484,35.533879],[127.355484,35.533874],[127.355506,35.53387],[127.355506,35.533865],[127.355523,35.533861],[127.355523,35.533856],[127.355649,35.53386],[127.355649,35.533865],[127.355666,35.533869],[127.355666,35.533878],[127.355677,35.533883],[127.355677,35.533892],[127.355683,35.533892],[127.355694,35.533905],[127.355716,35.53391],[127.355716,35.533914],[127.355804,35.53391],[127.355804,35.533914],[127.355826,35.533918],[127.355832,35.533927],[127.355843,35.533927],[127.355843,35.533932],[127.355854,35.533932],[127.355854,35.533936],[127.35587,35.533936],[127.35587,35.533941],[127.355881,35.533941],[127.355881,35.533945],[127.355898,35.533945],[127.355898,35.53395],[127.355925,35.533954],[127.355926,35.533963],[127.355931,35.533963],[127.35592,35.533977],[127.355859,35.533977],[127.355859,35.533972],[127.355837,35.533972],[127.355837,35.533968],[127.355738,35.533968],[127.355738,35.533964],[127.355705,35.533964],[127.355705,35.533959],[127.355639,35.53396],[127.355639,35.533955],[127.355617,35.533955],[127.355617,35.533951],[127.355589,35.533946],[127.355589,35.533942],[127.355578,35.533942],[127.355578,35.533937],[127.355567,35.533937],[127.355567,35.533933],[127.355551,35.533933],[127.35555,35.533928],[127.355506,35.533928],[127.355506,35.533933],[127.355473,35.533933],[127.355473,35.533938],[127.355374,35.533947],[127.355374,35.533951],[127.355358,35.533956],[127.355352,35.533974],[127.355347,35.533974],[127.355336,35.533987],[127.355308,35.533988]]]}},{"type":"Feature","properties":{"pair":"2504-2506","cls":"veg_loss","area_m2":38.9,"score":0.661},"geometry":{"type":"Polygon","coordinates":[[[127.351548,35.533881],[127.351548,35.533877],[127.351537,35.533877],[127.351537,35.533872],[127.351526,35.533868],[127.351526,35.533859],[127.35152,35.533859],[127.35152,35.533836],[127.351514,35.533836],[127.351514,35.533796],[127.35152,35.533796],[127.35152,35.533787],[127.351542,35.533787],[127.351542,35.533791],[127.351553,35.533796],[127.351553,35.533809],[127.351558,35.533809],[127.351564,35.533832],[127.35157,35.533832],[127.35157,35.533868],[127.351564,35.533868],[127.351564,35.533877],[127.351548,35.533881]]]}},{"type":"Feature","properties":{"pair":"2504-2506","cls":"veg_gain","area_m2":82.2,"score":0.661},"geometry":{"type":"Polygon","coordinates":[[[127.349684,35.5339],[127.349684,35.533896],[127.349673,35.533896],[127.349667,35.533815],[127.349673,35.533815],[127.349673,35.533806],[127.349678,35.533806],[127.349678,35.533797],[127.349684,35.533797],[127.349689,35.533788],[127.349722,35.533783],[127.349722,35.533788],[127.349733,35.533788],[127.349733,35.533792],[127.349745,35.533797],[127.349745,35.533806],[127.34975,35.533806],[127.34975,35.533815],[127.349756,35.533815],[127.349756,35.533828],[127.349761,35.533828],[127.349761,35.533846],[127.349756,35.533846],[127.34975,35.533864],[127.349739,35.533869],[127.349739,35.533878],[127.349734,35.533878],[127.349717,35.533896],[127.349684,35.5339]]]}},{"type":"Feature","properties":{"pair":"2504-2506","cls":"veg_gain","area_m2":87.9,"score":0.658},"geometry":{"type":"Polygon","coordinates":[[[127.350148,35.533917],[127.350148,35.533913],[127.350131,35.533908],[127.350114,35.533863],[127.350109,35.533863],[127.350081,35.533836],[127.35007,35.533836],[127.35007,35.533832],[127.350059,35.533827],[127.350059,35.533805],[127.350064,35.533805],[127.35007,35.533791],[127.350075,35.533791],[127.350081,35.533782],[127.350092,35.533782],[127.350092,35.533778],[127.350114,35.533777],[127.350114,35.533782],[127.350125,35.533782],[127.350125,35.533786],[127.350141,35.533795],[127.350147,35.533818],[127.350153,35.533818],[127.350153,35.533845],[127.350158,35.533845],[127.350158,35.533854],[127.350164,35.533854],[127.350164,35.533858],[127.35018,35.533867],[127.35018,35.533876],[127.350186,35.533876],[127.350175,35.533903],[127.350148,35.533917]]]}},{"type":"Feature","properties":{"pair":"2504-2506","cls":"veg_gain","area_m2":45.6,"score":0.669},"geometry":{"type":"Polygon","coordinates":[[[127.354629,35.533836],[127.354629,35.533832],[127.354613,35.533832],[127.354613,35.533827],[127.354602,35.533823],[127.354596,35.5338],[127.354591,35.5338],[127.354591,35.533773],[127.354596,35.533773],[127.354601,35.53376],[127.354635,35.533764],[127.354635,35.533769],[127.354668,35.533791],[127.354668,35.533805],[127.354673,35.533805],[127.354673,35.533818],[127.354668,35.533818],[127.354662,35.533832],[127.354629,35.533836]]]}},{"type":"Feature","properties":{"pair":"2504-2506","cls":"veg_gain","area_m2":56.5,"score":0.664},"geometry":{"type":"Polygon","coordinates":[[[127.354817,35.533849],[127.354817,35.533845],[127.354806,35.533845],[127.354806,35.53384],[127.354789,35.533831],[127.354784,35.533813],[127.354789,35.533813],[127.354789,35.5338],[127.3548,35.533795],[127.3548,35.533786],[127.354806,35.533786],[127.354833,35.533759],[127.354855,35.533755],[127.354855,35.533759],[127.354866,35.533759],[127.354866,35.533768],[127.354872,35.533768],[127.354872,35.533809],[127.354866,35.533809],[127.354861,35.533831],[127.354855,35.533831],[127.354844,35.533845],[127.354817,35.533849]]]}},{"type":"Feature","properties":{"pair":"2504-2506","cls":"veg_gain","area_m2":1642.8,"score":0.735},"geometry":{"type":"Polygon","coordinates":[[[127.351229,35.534072],[127.351229,35.534067],[127.351218,35.534067],[127.351218,35.534058],[127.351212,35.534058],[127.351212,35.533995],[127.351206,35.533995],[127.351206,35.533977],[127.351212,35.533977],[127.351212,35.533959],[127.351217,35.533959],[127.351217,35.533905],[127.351212,35.533905],[127.351211,35.533896],[127.351206,35.533896],[127.3512,35.533887],[127.351173,35.533887],[127.351151,35.53391],[127.351118,35.533914],[127.351118,35.533919],[127.351096,35.533919],[127.351096,35.533923],[127.351068,35.533923],[127.351068,35.533928],[127.350963,35.533924],[127.350964,35.533928],[127.350941,35.533928],[127.350941,35.533933],[127.350859,35.533933],[127.350853,35.533942],[127.350842,35.533942],[127.350837,35.533951],[127.350826,35.533951],[127.350826,35.533956],[127.350815,35.533956],[127.350815,35.53396],[127.350804,35.53396],[127.350804,35.533965],[127.350776,35.533965],[127.350776,35.53396],[127.350765,35.53396],[127.350765,35.533956],[127.350754,35.533951],[127.350754,35.533942],[127.350749,35.533942],[127.350748,35.533911],[127.350743,35.533911],[127.350737,35.533893],[127.350726,35.533888],[127.350726,35.533879],[127.35071,35.533875],[127.35071,35.53387],[127.350682,35.53387],[127.350682,35.533875],[127.350671,35.533875],[127.350671,35.533879],[127.350655,35.533889],[127.350655,35.533898],[127.350649,35.533898],[127.350633,35.533916],[127.350605,35.533916],[127.350605,35.533911],[127.3506,35.533911],[127.350594,35.533889],[127.350599,35.533889],[127.350605,35.533857],[127.35061,35.533857],[127.35061,35.533821],[127.350616,35.533821],[127.350616,35.533808],[127.350621,35.533808],[127.350638,35.533789],[127.350649,35.533789],[127.350649,35.533785],[127.350671,35.533785],[127.350671,35.533789],[127.350682,35.533789],[127.350682,35.533794],[127.350693,35.533794],[127.350693,35.533798],[127.350704,35.533798],[127.350704,35.533803],[127.350753,35.533803],[127.350753,35.533798],[127.350776,35.533798],[127.350775,35.533794],[127.350814,35.533793],[127.350814,35.533789],[127.350825,35.533784],[127.350825,35.533771],[127.350786,35.533748],[127.350786,35.533739],[127.350781,35.533739],[127.350781,35.53373],[127.350775,35.53373],[127.350775,35.533694],[127.350781,35.533694],[127.350781,35.533685],[127.350786,35.533685],[127.350792,35.533676],[127.350819,35.533672],[127.350819,35.533667],[127.35088,35.533667],[127.35088,35.533663],[127.350918,35.533667],[127.350918,35.533671],[127.350968,35.533707],[127.350968,35.533716],[127.350974,35.533716],[127.350974,35.533775],[127.350979,35.533775],[127.350979,35.533784],[127.350996,35.533788],[127.350996,35.533793],[127.351007,35.533793],[127.351007,35.533797],[127.351057,35.533802],[127.351057,35.533806],[127.351079,35.533811],[127.351084,35.53382],[127.351112,35.53382],[127.351117,35.533806],[127.351123,35.533806],[127.351117,35.533788],[127.351112,35.533788],[127.351106,35.533775],[127.351101,35.533775],[127.351101,35.533743],[127.351106,35.533743],[127.351106,35.533729],[127.351112,35.533729],[127.351117,35.533707],[127.351122,35.533707],[127.351122,35.533671],[127.351128,35.533671],[127.351133,35.533657],[127.351166,35.533662],[127.351166,35.533666],[127.3512,35.533689],[127.3512,35.533698],[127.351205,35.533698],[127.351222,35.533716],[127.351249,35.533716],[127.351249,35.533711],[127.351266,35.533711],[127.351266,35.533706],[127.351293,35.533702],[127.351293,35.533697],[127.351321,35.533697],[127.351321,35.533702],[127.351332,35.533702],[127.351332,35.533706],[127.351343,35.533711],[127.351343,35.53372],[127.351349,35.53372],[127.351349,35.533778],[127.351354,35.533778],[127.351354,35.533787],[127.35136,35.533787],[127.35136,35.533792],[127.351404,35.533823],[127.351404,35.533832],[127.35141,35.533832],[127.351415,35.533882],[127.351421,35.533882],[127.351421,35.533895],[127.351426,35.533895],[127.351427,35.533922],[127.351421,35.533922],[127.351421,35.533931],[127.351416,35.533931],[127.351416,35.53394],[127.35141,35.53394],[127.35141,35.533949],[127.351405,35.533949],[127.351405,35.533958],[127.351399,35.533958],[127.351399,35.533986],[127.351394,35.533986],[127.351394,35.533995],[127.351388,35.533995],[127.351383,35.534004],[127.351355,35.534008],[127.351355,35.534013],[127.351344,35.534013],[127.351344,35.534017],[127.351333,35.534017],[127.351333,35.534022],[127.351317,35.534022],[127.351317,35.534026],[127.351295,35.534031],[127.351267,35.534058],[127.351256,35.534058],[127.351251,35.534067],[127.351229,35.534072]],[[127.350837,35.53392],[127.35087,35.533919],[127.35087,35.533915],[127.350875,35.533915],[127.350881,35.533892],[127.350886,35.533892],[127.350886,35.53387],[127.350881,35.53387],[127.350875,35.533861],[127.350853,35.533861],[127.350831,35.533884],[127.35082,35.533884],[127.350815,35.533906],[127.35082,35.533906],[127.350826,35.533915],[127.350837,35.533915],[127.350837,35.53392]]]}},{"type":"Feature","properties":{"pair":"2504-2506","cls":"veg_gain","area_m2":29.0,"score":0.65},"geometry":{"type":"Polygon","coordinates":[[[127.355015,35.533687],[127.355015,35.533682],[127.355004,35.533682],[127.355004,35.533673],[127.354998,35.533673],[127.354998,35.533664],[127.355004,35.533664],[127.355003,35.533655],[127.355009,35.533655],[127.355014,35.533646],[127.355025,35.533646],[127.355025,35.533641],[127.355064,35.533641],[127.355064,35.533646],[127.355075,35.533646],[127.355081,35.533664],[127.355075,35.533664],[127.355075,35.533673],[127.35507,35.533673],[127.355064,35.533682],[127.355053,35.533682],[127.355053,35.533686],[127.355015,35.533687]]]}},{"type":"Feature","properties":{"pair":"2504-2506","cls":"veg_gain","area_m2":42.4,"score":0.645},"geometry":{"type":"Polygon","coordinates":[[[127.350979,35.533626],[127.350979,35.533622],[127.350968,35.533622],[127.350962,35.533604],[127.350968,35.533604],[127.350968,35.533595],[127.350973,35.533595],[127.350984,35.533581],[127.350995,35.533581],[127.350995,35.533577],[127.351083,35.533581],[127.351083,35.533585],[127.351094,35.53359],[127.351083,35.533603],[127.351061,35.533603],[127.351061,35.533608],[127.351034,35.533613],[127.351034,35.533617],[127.351023,35.533617],[127.351023,35.533622],[127.350979,35.533626]]]}},{"type":"Feature","properties":{"pair":"2504-2506","cls":"veg_gain","area_m2":91.0,"score":0.673},"geometry":{"type":"Polygon","coordinates":[[[127.351999,35.533659],[127.351999,35.533655],[127.351982,35.53365],[127.351971,35.533623],[127.351966,35.533623],[127.351949,35.533605],[127.351938,35.533605],[127.351927,35.533587],[127.351932,35.533587],[127.351938,35.533574],[127.35196,35.533569],[127.351965,35.53356],[127.351976,35.53356],[127.351976,35.533556],[127.351987,35.533556],[127.351987,35.533551],[127.35202,35.533551],[127.35202,35.533556],[127.352031,35.533556],[127.352031,35.53356],[127.352048,35.533569],[127.352048,35.533578],[127.352054,35.533578],[127.352054,35.53361],[127.352048,35.53361],[127.352048,35.533628],[127.352043,35.533628],[127.352043,35.533637],[127.352037,35.533637],[127.352037,35.53365],[127.352032,35.53365],[127.352026,35.533659],[127.351999,35.533659]]]}},{"type":"Feature","properties":{"pair":"2504-2506","cls":"veg_gain","area_m2":158.2,"score":0.712},"geometry":{"type":"Polygon","coordinates":[[[127.354849,35.533579],[127.354849,35.533574],[127.354838,35.53357],[127.354826,35.533525],[127.35481,35.533516],[127.35481,35.533507],[127.354804,35.533507],[127.354799,35.533493],[127.354793,35.533493],[127.354793,35.533462],[127.354799,35.533462],[127.354799,35.533453],[127.354804,35.533453],[127.35481,35.533444],[127.354821,35.533444],[127.354821,35.533439],[127.354876,35.533435],[127.354876,35.53343],[127.354892,35.53343],[127.354892,35.533425],[127.354909,35.533425],[127.354909,35.533421],[127.354931,35.533421],[127.354931,35.533416],[127.354964,35.533421],[127.354969,35.533443],[127.354964,35.533443],[127.354964,35.533452],[127.354953,35.533457],[127.354953,35.533466],[127.354915,35.533489],[127.354915,35.533498],[127.354909,35.533498],[127.354909,35.533507],[127.354904,35.533507],[127.354904,35.533529],[127.354898,35.533529],[127.354898,35.533543],[127.354893,35.533543],[127.354887,35.533565],[127.354882,35.533565],[127.354871,35.533579],[127.354849,35.533579]]]}},{"type":"Feature","properties":{"pair":"2504-2506","cls":"veg_gain","area_m2":93.6,"score":0.666},"geometry":{"type":"Polygon","coordinates":[[[127.35637,35.533538],[127.35637,35.533534],[127.356359,35.533534],[127.356359,35.533525],[127.356354,35.533525],[127.356354,35.533498],[127.356359,35.533498],[127.356359,35.53348],[127.356364,35.53348],[127.35637,35.533448],[127.356375,35.533448],[127.356375,35.533439],[127.356381,35.533439],[127.356381,35.53343],[127.356386,35.53343],[127.356386,35.533421],[127.356392,35.533421],[127.356397,35.533412],[127.35643,35.533407],[127.35643,35.533412],[127.356441,35.533412],[127.356441,35.533416],[127.356452,35.533416],[127.356452,35.533421],[127.356463,35.533425],[127.356463,35.533434],[127.356469,35.533434],[127.356469,35.533461],[127.356464,35.533461],[127.356458,35.533479],[127.356453,35.533479],[127.356442,35.533493],[127.356431,35.533493],[127.356387,35.533534],[127.35637,35.533538]]]}},{"type":"Feature","properties":{"pair":"2504-2506","cls":"built_new","area_m2":31.6,"score":0.665},"geometry":{"type":"Polygon","coordinates":[[[127.356237,35.533394],[127.356237,35.53339],[127.356226,35.53339],[127.356215,35.533377],[127.356204,35.533377],[127.356204,35.533372],[127.356193,35.533372],[127.356188,35.533363],[127.356165,35.533359],[127.35616,35.533345],[127.356165,35.533345],[127.356171,35.533336],[127.356193,35.533336],[127.356193,35.533341],[127.356232,35.533345],[127.356232,35.533349],[127.356259,35.533367],[127.356259,35.533376],[127.356265,35.533376],[127.356259,35.533394],[127.356237,35.533394]]]}},{"type":"Feature","properties":{"pair":"2504-2506","cls":"veg_gain","area_m2":38.8,"score":0.659},"geometry":{"type":"Polygon","coordinates":[[[127.35487,35.533376],[127.35487,35.533371],[127.354859,35.533372],[127.354859,35.533367],[127.354842,35.533358],[127.354842,35.533349],[127.354837,35.533349],[127.354837,35.533327],[127.354842,35.533326],[127.354842,35.533317],[127.354853,35.533317],[127.354853,35.533313],[127.354886,35.533317],[127.354886,35.533322],[127.354908,35.533335],[127.354908,35.533344],[127.354919,35.533349],[127.35492,35.533371],[127.354909,35.533371],[127.354909,35.533376],[127.35487,35.533376]]]}},{"type":"Feature","properties":{"pair":"2504-2506","cls":"veg_loss","area_m2":991.9,"score":0.698},"geometry":{"type":"Polygon","coordinates":[[[127.355714,35.533572],[127.355714,35.533567],[127.355709,35.533567],[127.355698,35.533554],[127.355687,35.533554],[127.355676,35.53354],[127.355654,35.533536],[127.355631,35.533513],[127.355609,35.533514],[127.355582,35.533541],[127.355571,35.533541],[127.355571,35.533545],[127.35556,35.533545],[127.35556,35.53355],[127.355433,35.53355],[127.355433,35.533546],[127.355422,35.533546],[127.355422,35.533541],[127.355411,35.533541],[127.355411,35.533537],[127.3554,35.533537],[127.3554,35.533532],[127.355389,35.533532],[127.355389,35.533528],[127.355372,35.533528],[127.355372,35.533523],[127.355279,35.533523],[127.355279,35.533519],[127.355262,35.533515],[127.355262,35.533492],[127.355267,35.533492],[127.355267,35.533483],[127.355273,35.533483],[127.355284,35.533469],[127.355295,35.533469],[127.355295,35.533465],[127.355339,35.533465],[127.355339,35.53346],[127.35535,35.533456],[127.35535,35.533438],[127.355344,35.533438],[127.355344,35.533433],[127.355317,35.533415],[127.355317,35.533406],[127.355311,35.533406],[127.355311,35.533397],[127.355317,35.533397],[127.355317,35.533388],[127.355322,35.533388],[127.355328,35.533379],[127.355339,35.533379],[127.355339,35.533375],[127.355377,35.533374],[127.355377,35.533379],[127.355394,35.533379],[127.355399,35.533388],[127.355427,35.533388],[127.355427,35.533383],[127.355438,35.533379],[127.355438,35.533343],[127.355443,35.533343],[127.355443,35.533334],[127.355454,35.533329],[127.355454,35.53332],[127.35546,35.53332],[127.355487,35.533293],[127.355498,35.533293],[127.355498,35.533289],[127.355509,35.533288],[127.355515,35.533279],[127.355526,35.533279],[127.355542,35.533261],[127.35557,35.533257],[127.35557,35.533261],[127.355581,35.533261],[127.355581,35.533266],[127.355647,35.533315],[127.355647,35.533324],[127.355658,35.533329],[127.355658,35.533338],[127.355664,35.533338],[127.355669,35.533347],[127.35568,35.533347],[127.35568,35.533351],[127.355691,35.533351],[127.355691,35.533347],[127.35573,35.533346],[127.35573,35.533351],[127.355741,35.533351],[127.355741,35.533355],[127.355752,35.53336],[127.355752,35.533369],[127.355758,35.533369],[127.355758,35.533378],[127.355763,35.533378],[127.355763,35.533391],[127.355769,35.533391],[127.355763,35.533454],[127.355769,35.533454],[127.355769,35.533463],[127.35578,35.533468],[127.35578,35.533481],[127.355786,35.533481],[127.355786,35.533536],[127.35578,35.533536],[127.355775,35.533554],[127.355769,35.533554],[127.355753,35.533572],[127.355714,35.533572]]]}},{"type":"Feature","properties":{"pair":"2504-2506","cls":"veg_loss","area_m2":75.2,"score":0.643},"geometry":{"type":"Polygon","coordinates":[[[127.351782,35.53329],[127.351782,35.533286],[127.35176,35.533281],[127.351754,35.533254],[127.35176,35.533254],[127.35176,35.533245],[127.351787,35.533227],[127.351798,35.5332],[127.351809,35.5332],[127.351809,35.533196],[127.351837,35.533196],[127.351837,35.5332],[127.351859,35.533205],[127.351859,35.533214],[127.351865,35.533214],[127.351865,35.53325],[127.351859,35.53325],[127.351854,35.533272],[127.351848,35.533272],[127.351843,35.533281],[127.351832,35.533281],[127.351832,35.533286],[127.351782,35.53329]]]}},{"type":"Feature","properties":{"pair":"2504-2506","cls":"built_new","area_m2":1223.1,"score":0.879},"geometry":{"type":"Polygon","coordinates":[[[127.351381,35.533607],[127.351381,35.533603],[127.351359,35.533598],[127.351348,35.533585],[127.351337,35.533585],[127.351337,35.53358],[127.351326,35.533576],[127.351326,35.533567],[127.351309,35.533558],[127.351309,35.533549],[127.351304,35.533549],[127.351304,35.53354],[127.351298,35.53354],[127.351287,35.533513],[127.35127,35.533504],[127.35127,35.533495],[127.351259,35.53349],[127.351259,35.533481],[127.351254,35.533481],[127.351248,35.533468],[127.351237,35.533463],[127.351237,35.533454],[127.351232,35.533454],[127.351232,35.533445],[127.351226,35.533445],[127.351226,35.533432],[127.35122,35.533432],[127.35122,35.533423],[127.351215,35.533423],[127.351215,35.533409],[127.351209,35.533409],[127.351209,35.533396],[127.351204,35.533396],[127.351204,35.533382],[127.351198,35.533382],[127.351198,35.533369],[127.351193,35.533369],[127.351181,35.533328],[127.351176,35.533328],[127.351176,35.533319],[127.35117,35.533319],[127.35117,35.533306],[127.351165,35.533306],[127.351165,35.533292],[127.351159,35.533292],[127.351159,35.53327],[127.351154,35.53327],[127.351153,35.533225],[127.351159,35.533225],[127.351159,35.533207],[127.351164,35.533207],[127.351164,35.533189],[127.35117,35.533189],[127.35117,35.533166],[127.351175,35.533166],[127.351175,35.533152],[127.351181,35.533152],[127.351186,35.533143],[127.351203,35.533148],[127.351214,35.533175],[127.351219,35.533175],[127.351242,35.533197],[127.351253,35.533197],[127.351253,35.533202],[127.351264,35.533206],[127.351264,35.533215],[127.351269,35.533215],[127.351269,35.533224],[127.351275,35.533224],[127.351275,35.533238],[127.35128,35.533238],[127.35128,35.533247],[127.351286,35.533247],[127.351291,35.53326],[127.351302,35.53326],[127.351302,35.533265],[127.351341,35.533265],[127.351341,35.53326],[127.351363,35.53326],[127.351363,35.533256],[127.351407,35.533255],[127.351407,35.53326],[127.351429,35.53326],[127.351429,35.533264],[127.35144,35.533264],[127.351446,35.533273],[127.351473,35.533278],[127.351473,35.533282],[127.35149,35.533282],[127.35149,35.533287],[127.351501,35.533287],[127.351507,35.533296],[127.351518,35.533296],[127.351518,35.5333],[127.351556,35.533327],[127.351556,35.533336],[127.351578,35.53335],[127.351579,35.533359],[127.351601,35.533372],[127.351606,35.53339],[127.351617,35.533395],[127.351617,35.533404],[127.351623,35.533404],[127.351623,35.533413],[127.351628,35.533413],[127.351628,35.533422],[127.351634,35.533422],[127.351634,35.533431],[127.351639,35.533431],[127.35164,35.53344],[127.351645,35.53344],[127.351645,35.533449],[127.351651,35.533449],[127.351651,35.533458],[127.351656,35.533458],[127.351656,35.533476],[127.351651,35.533476],[127.351645,35.533489],[127.35159,35.533498],[127.35159,35.533503],[127.351579,35.533507],[127.351574,35.533525],[127.351568,35.533525],[127.351546,35.533548],[127.351535,35.533548],[127.351524,35.533562],[127.351502,35.533566],[127.351502,35.533562],[127.351491,35.533562],[127.351491,35.533557],[127.351458,35.533557],[127.351458,35.533562],[127.351447,35.533566],[127.351447,35.533575],[127.351436,35.53358],[127.351436,35.533589],[127.351431,35.533589],[127.35142,35.533602],[127.351409,35.533602],[127.351409,35.533607],[127.351381,35.533607]]]}},{"type":"Feature","properties":{"pair":"2504-2506","cls":"veg_gain","area_m2":40.1,"score":0.654},"geometry":{"type":"Polygon","coordinates":[[[127.356401,35.533119],[127.356401,35.533115],[127.356374,35.53311],[127.356374,35.533106],[127.356357,35.533097],[127.356357,35.533088],[127.356352,35.533088],[127.356357,35.53307],[127.356363,35.53307],[127.356368,35.533061],[127.356379,35.533061],[127.356379,35.533056],[127.356412,35.53306],[127.356412,35.533065],[127.35644,35.533083],[127.35644,35.533092],[127.356445,35.533092],[127.356445,35.533101],[127.35644,35.533101],[127.356435,35.533115],[127.356401,35.533119]]]}},{"type":"Feature","properties":{"pair":"2504-2506","cls":"veg_gain","area_m2":27.2,"score":0.636},"geometry":{"type":"Polygon","coordinates":[[[127.356192,35.533057],[127.356192,35.533052],[127.356181,35.533052],[127.356181,35.533048],[127.356147,35.533025],[127.356147,35.533016],[127.356142,35.533016],[127.356147,35.532998],[127.356169,35.532994],[127.356169,35.532998],[127.356191,35.533003],[127.356191,35.533007],[127.356208,35.533016],[127.356214,35.533043],[127.356208,35.533043],[127.356208,35.533052],[127.356192,35.533057]]]}},{"type":"Feature","properties":{"pair":"2504-2506","cls":"veg_gain","area_m2":99.8,"score":0.667},"geometry":{"type":"Polygon","coordinates":[[[127.353728,35.533113],[127.353728,35.533109],[127.353717,35.533109],[127.353716,35.533104],[127.353705,35.5331],[127.353705,35.533086],[127.3537,35.533086],[127.3537,35.533064],[127.353705,35.533064],[127.353705,35.533046],[127.353711,35.533046],[127.353716,35.533001],[127.353722,35.533001],[127.353732,35.532974],[127.353738,35.532974],[127.353749,35.53296],[127.35376,35.53296],[127.35376,35.532956],[127.353793,35.532956],[127.353793,35.53296],[127.353815,35.532964],[127.353815,35.532973],[127.353821,35.532973],[127.353821,35.532996],[127.353815,35.532996],[127.353815,35.533005],[127.35381,35.533005],[127.353788,35.533028],[127.353777,35.533028],[127.353777,35.533032],[127.353766,35.533032],[127.353766,35.533037],[127.353755,35.533041],[127.353755,35.53305],[127.353749,35.53305],[127.353755,35.533095],[127.35375,35.533095],[127.353744,35.533109],[127.353728,35.533113]]]}},{"type":"Feature","properties":{"pair":"2504-2506","cls":"veg_gain","area_m2":65.2,"score":0.648},"geometry":{"type":"Polygon","coordinates":[[[127.35456,35.53307],[127.35456,35.533066],[127.354549,35.533066],[127.354549,35.533061],[127.354532,35.533053],[127.354532,35.533043],[127.354527,35.533044],[127.354526,35.533003],[127.354521,35.533003],[127.354521,35.532994],[127.354515,35.532994],[127.35451,35.53298],[127.354504,35.53298],[127.354504,35.532967],[127.35451,35.532967],[127.35451,35.532958],[127.354515,35.532958],[127.354526,35.532944],[127.354537,35.532944],[127.354537,35.532949],[127.354548,35.532953],[127.354548,35.532985],[127.354554,35.532985],[127.354554,35.532994],[127.354571,35.532998],[127.354571,35.533003],[127.354604,35.533025],[127.354604,35.533039],[127.354609,35.533039],[127.354609,35.533048],[127.354604,35.533048],[127.354604,35.533057],[127.354598,35.533057],[127.354593,35.533066],[127.35456,35.53307]]]}},{"type":"Feature","properties":{"pair":"2504-2506","cls":"built_new","area_m2":117.1,"score":0.702},"geometry":{"type":"Polygon","coordinates":[[[127.351483,35.53303],[127.351483,35.533025],[127.351461,35.533021],[127.351461,35.533016],[127.351456,35.533016],[127.351439,35.532998],[127.351428,35.532999],[127.351417,35.532985],[127.351406,35.532985],[127.351406,35.532981],[127.351395,35.532976],[127.351395,35.532967],[127.351389,35.532967],[127.351389,35.532936],[127.351395,35.532936],[127.351406,35.532908],[127.351422,35.532904],[127.351422,35.532899],[127.35145,35.532904],[127.35145,35.532908],[127.351472,35.532922],[127.351472,35.532931],[127.351477,35.532931],[127.3515,35.532953],[127.351511,35.532953],[127.351511,35.532958],[127.351533,35.532971],[127.351533,35.533012],[127.351527,35.533012],[127.351527,35.533021],[127.351511,35.533025],[127.351511,35.53303],[127.351483,35.53303]]]}},{"type":"Feature","properties":{"pair":"2504-2506","cls":"veg_loss","area_m2":3194.8,"score":0.843},"geometry":{"type":"Polygon","coordinates":[[[127.348947,35.534295],[127.348947,35.53429],[127.348925,35.534286],[127.348925,35.534277],[127.34892,35.534277],[127.34892,35.534268],[127.348914,35.534268],[127.348919,35.534196],[127.348914,35.534196],[127.348914,35.534182],[127.348908,35.534182],[127.348908,35.534173],[127.348903,35.534173],[127.348897,35.534141],[127.348891,35.534142],[127.348891,35.534083],[127.348897,35.534083],[127.348897,35.534069],[127.348902,35.534069],[127.348902,35.534056],[127.348908,35.534056],[127.348913,35.534024],[127.348919,35.534024],[127.348924,35.534002],[127.348929,35.534002],[127.348929,35.533912],[127.348924,35.533912],[127.348924,35.533903],[127.348885,35.533876],[127.348885,35.533867],[127.348874,35.533862],[127.348874,35.533853],[127.348868,35.533853],[127.348863,35.533844],[127.348835,35.533844],[127.348835,35.533849],[127.348824,35.533853],[127.348813,35.53388],[127.348791,35.533885],[127.348791,35.53388],[127.348752,35.533853],[127.348752,35.533844],[127.348747,35.533844],[127.348752,35.533826],[127.348758,35.533826],[127.348796,35.53379],[127.348807,35.53379],[127.348813,35.533781],[127.348884,35.533772],[127.348884,35.533767],[127.348895,35.533767],[127.348901,35.533758],[127.348912,35.533758],[127.348917,35.533749],[127.348928,35.533749],[127.348928,35.533745],[127.348939,35.533745],[127.348939,35.53374],[127.348956,35.53374],[127.348956,35.533736],[127.348972,35.533736],[127.348972,35.533731],[127.348989,35.533731],[127.348989,35.533727],[127.349016,35.533727],[127.349016,35.533722],[127.349055,35.533722],[127.349055,35.533717],[127.349094,35.533717],[127.349094,35.533713],[127.349154,35.533708],[127.349154,35.533704],[127.349198,35.533699],[127.349198,35.533694],[127.349209,35.533694],[127.349209,35.53369],[127.349226,35.53369],[127.349226,35.533685],[127.349259,35.533676],[127.349259,35.533672],[127.349286,35.533654],[127.349286,35.533645],[127.349297,35.53364],[127.349303,35.533622],[127.349308,35.533622],[127.349336,35.533595],[127.349347,35.533595],[127.349347,35.53359],[127.34938,35.533581],[127.34938,35.533577],[127.349407,35.533559],[127.349407,35.53355],[127.349418,35.533545],[127.349418,35.533536],[127.349424,35.533536],[127.349462,35.5335],[127.349473,35.5335],[127.349495,35.533477],[127.349506,35.533477],[127.349517,35.533464],[127.349528,35.533464],[127.349528,35.533459],[127.34955,35.533446],[127.34955,35.533437],[127.349567,35.533428],[127.349566,35.533419],[127.349583,35.533409],[127.349583,35.5334],[127.349594,35.533396],[127.349599,35.533373],[127.349605,35.533373],[127.349605,35.533364],[127.34961,35.533364],[127.34961,35.533351],[127.349616,35.533351],[127.349616,35.533342],[127.349621,35.533342],[127.349621,35.533333],[127.349627,35.533333],[127.349627,35.533324],[127.349632,35.533324],[127.349643,35.533297],[127.349654,35.533292],[127.349654,35.533283],[127.34966,35.533283],[127.34966,35.533274],[127.349665,35.533274],[127.349676,35.533247],[127.349687,35.533242],[127.349687,35.533233],[127.349692,35.533233],[127.349692,35.533224],[127.349698,35.533224],[127.349698,35.533215],[127.349703,35.533215],[127.349703,35.533202],[127.349709,35.533202],[127.349709,35.533193],[127.349714,35.533193],[127.349714,35.533179],[127.34972,35.533179],[127.349731,35.533139],[127.349736,35.533139],[127.349742,35.533116],[127.349747,35.533116],[127.349747,35.533107],[127.349753,35.533107],[127.349753,35.533094],[127.349758,35.533093],[127.349758,35.533084],[127.349763,35.533084],[127.349763,35.533075],[127.349769,35.533075],[127.349769,35.533062],[127.349774,35.533062],[127.349774,35.533053],[127.34978,35.533053],[127.34978,35.533044],[127.349785,35.533044],[127.349785,35.533035],[127.349791,35.533035],[127.349791,35.533026],[127.349796,35.533026],[127.349796,35.533017],[127.349802,35.533017],[127.349813,35.53299],[127.349824,35.532985],[127.349829,35.532967],[127.349846,35.532958],[127.349846,35.532949],[127.349851,35.532949],[127.349879,35.532922],[127.34989,35.532922],[127.349895,35.532913],[127.349906,35.532913],[127.349906,35.532908],[127.349917,35.532908],[127.349917,35.532904],[127.349983,35.532899],[127.349989,35.532913],[127.349972,35.532922],[127.349972,35.532931],[127.349967,35.532931],[127.349967,35.53294],[127.349961,35.53294],[127.349961,35.532949],[127.349956,35.532949],[127.34995,35.532976],[127.349945,35.532976],[127.349945,35.532985],[127.349939,35.532985],[127.34994,35.532998],[127.349934,35.532998],[127.34994,35.533021],[127.349956,35.533025],[127.349956,35.53303],[127.349984,35.53303],[127.349984,35.533025],[127.349995,35.533025],[127.35,35.533016],[127.350011,35.533016],[127.350011,35.533012],[127.350017,35.533012],[127.350022,35.533003],[127.350033,35.533003],[127.350033,35.532998],[127.350072,35.532998],[127.350072,35.533002],[127.350083,35.533007],[127.350083,35.533016],[127.350088,35.533016],[127.350089,35.533038],[127.350083,35.533038],[127.350078,35.533057],[127.350034,35.533084],[127.350023,35.533133],[127.350017,35.533133],[127.350012,35.533151],[127.350001,35.533156],[127.350001,35.533165],[127.34999,35.533169],[127.34999,35.533178],[127.349984,35.533178],[127.349984,35.533187],[127.349973,35.533192],[127.349974,35.533201],[127.349962,35.533206],[127.349963,35.533215],[127.349946,35.533224],[127.349946,35.533233],[127.349941,35.533233],[127.349924,35.533251],[127.349913,35.533251],[127.349913,35.533255],[127.349886,35.533273],[127.349886,35.533282],[127.34988,35.533282],[127.34988,35.533291],[127.349875,35.533291],[127.349875,35.533314],[127.349869,35.533314],[127.349864,35.53335],[127.349858,35.53335],[127.349847,35.533377],[127.349825,35.533391],[127.349826,35.5334],[127.34982,35.5334],[127.34982,35.533404],[127.349809,35.533409],[127.349809,35.533418],[127.349798,35.533422],[127.349798,35.533431],[127.349793,35.533431],[127.349793,35.53344],[127.349787,35.53344],[127.349787,35.533449],[127.349782,35.533449],[127.349782,35.533463],[127.349776,35.533463],[127.349776,35.533472],[127.349771,35.533472],[127.349771,35.533486],[127.349765,35.533486],[127.34976,35.533504],[127.349749,35.533508],[127.349749,35.533517],[127.349727,35.533531],[127.349727,35.53354],[127.349721,35.53354],[127.349677,35.53358],[127.349666,35.53358],[127.349661,35.533589],[127.34965,35.53359],[127.34965,35.533594],[127.349639,35.533594],[127.349639,35.533599],[127.349589,35.533608],[127.349589,35.533612],[127.349578,35.533612],[127.349578,35.533617],[127.349567,35.533617],[127.349567,35.533621],[127.349534,35.53363],[127.349534,35.533635],[127.349518,35.533644],[127.349512,35.533667],[127.349507,35.533667],[127.349507,35.533685],[127.349501,35.533685],[127.349502,35.533703],[127.349496,35.533703],[127.349496,35.533721],[127.349491,35.533721],[127.349485,35.533739],[127.34948,35.533739],[127.349469,35.533752],[127.349458,35.533752],[127.349458,35.533757],[127.34943,35.533757],[127.34943,35.533752],[127.349419,35.533752],[127.349414,35.533743],[127.349402,35.533743],[127.349386,35.533725],[127.349375,35.533726],[127.349369,35.533717],[127.349342,35.533712],[127.349342,35.533708],[127.349309,35.533708],[127.349309,35.533712],[127.349281,35.533717],[127.349281,35.533721],[127.34927,35.533721],[127.34927,35.533726],[127.349259,35.533726],[127.349259,35.53373],[127.349248,35.53373],[127.349248,35.533735],[127.349237,35.533735],[127.349237,35.533739],[127.349226,35.533739],[127.349226,35.533744],[127.349215,35.533749],[127.349215,35.533758],[127.349204,35.533762],[127.349204,35.533771],[127.349199,35.533771],[127.349199,35.53378],[127.349193,35.53378],[127.349193,35.533794],[127.349188,35.533794],[127.349188,35.53383],[127.349182,35.53383],[127.349182,35.533839],[127.349177,35.533839],[127.349171,35.533848],[127.34916,35.533848],[127.34916,35.533852],[127.349127,35.533857],[127.349127,35.533861],[127.349111,35.53387],[127.349111,35.533929],[127.349106,35.533929],[127.349106,35.533938],[127.3491,35.533938],[127.3491,35.533947],[127.349095,35.533947],[127.349095,35.533956],[127.349089,35.533956],[127.349089,35.533965],[127.349084,35.533965],[127.349084,35.533974],[127.349078,35.533974],[127.349078,35.533983],[127.349073,35.533983],[127.349067,35.534019],[127.349062,35.534019],[127.349062,35.534042],[127.349056,35.534042],[127.349057,35.534055],[127.349051,35.534055],[127.349051,35.534119],[127.349057,35.534118],[127.349051,35.534168],[127.349046,35.534168],[127.349046,35.534177],[127.34903,35.534186],[127.34903,35.534195],[127.349024,35.534195],[127.349024,35.534204],[127.349019,35.534204],[127.349019,35.534213],[127.349013,35.534213],[127.349013,35.53424],[127.349008,35.53424],[127.349008,35.534258],[127.349002,35.534258],[127.348997,35.534276],[127.348991,35.534276],[127.34898,35.53429],[127.348969,35.53429],[127.348969,35.534294],[127.348947,35.534295]]]}},{"type":"Feature","properties":{"pair":"2504-2506","cls":"veg_gain","area_m2":172.4,"score":0.684},"geometry":{"type":"Polygon","coordinates":[[[127.349476,35.532968],[127.349476,35.532964],[127.34946,35.532964],[127.349454,35.532955],[127.349443,35.532955],[127.349443,35.53295],[127.349427,35.532941],[127.349427,35.532932],[127.349421,35.532932],[127.349421,35.532923],[127.349415,35.532923],[127.349415,35.532914],[127.34941,35.532914],[127.34941,35.532901],[127.349404,35.532901],[127.349404,35.532892],[127.349399,35.532892],[127.349399,35.532878],[127.349393,35.532878],[127.349393,35.532842],[127.349399,35.532842],[127.349399,35.532833],[127.349415,35.532829],[127.349415,35.532824],[127.349465,35.532833],[127.349465,35.532837],[127.349498,35.532846],[127.349498,35.532851],[127.349514,35.532855],[127.349514,35.53286],[127.349548,35.532864],[127.349548,35.532869],[127.349559,35.532869],[127.349559,35.532873],[127.34957,35.532878],[127.34957,35.532887],[127.349575,35.532887],[127.349575,35.5329],[127.34957,35.5329],[127.34957,35.532909],[127.349559,35.532914],[127.349559,35.532923],[127.349548,35.532927],[127.349548,35.532936],[127.349542,35.532936],[127.349515,35.532964],[127.349476,35.532968]]]}},{"type":"Feature","properties":{"pair":"2504-2506","cls":"veg_gain","area_m2":34.9,"score":0.651},"geometry":{"type":"Polygon","coordinates":[[[127.354801,35.532813],[127.354801,35.532808],[127.354785,35.532804],[127.354785,35.532786],[127.35479,35.532786],[127.35479,35.532781],[127.354801,35.532781],[127.354801,35.532777],[127.354812,35.532777],[127.354812,35.532772],[127.354823,35.532772],[127.354823,35.532768],[127.35484,35.532768],[127.35484,35.532763],[127.354873,35.532768],[127.354878,35.53279],[127.354873,35.53279],[127.354873,35.532799],[127.354867,35.532799],[127.354862,35.532808],[127.354851,35.532808],[127.354851,35.532813],[127.354801,35.532813]]]}},{"type":"Feature","properties":{"pair":"2504-2506","cls":"built_new","area_m2":216.5,"score":0.768},"geometry":{"type":"Polygon","coordinates":[[[127.351378,35.532868],[127.351378,35.532863],[127.351361,35.532859],[127.351361,35.532809],[127.351356,35.532809],[127.351356,35.532805],[127.351334,35.532805],[127.351323,35.532819],[127.351306,35.532819],[127.351306,35.532823],[127.351273,35.532823],[127.351273,35.532828],[127.351262,35.532828],[127.351262,35.532823],[127.351251,35.532823],[127.351251,35.532814],[127.351245,35.532814],[127.351251,35.532801],[127.351256,35.532801],[127.351273,35.532783],[127.351284,35.532783],[127.351284,35.532778],[127.351322,35.532778],[127.351322,35.532783],[127.351333,35.532782],[127.351339,35.532791],[127.351361,35.532796],[127.351361,35.532791],[127.351378,35.532787],[127.351378,35.532778],[127.351383,35.532778],[127.351399,35.53276],[127.351411,35.53276],[127.351427,35.532742],[127.351438,35.532742],[127.351443,35.532733],[127.351454,35.532733],[127.35146,35.532724],[127.351471,35.532723],[127.351476,35.532714],[127.351487,35.532714],[127.351504,35.532696],[127.351515,35.532696],[127.351515,35.532692],[127.351531,35.532687],[127.351531,35.532683],[127.351548,35.532687],[127.351554,35.532701],[127.351559,35.532701],[127.351559,35.532741],[127.351554,35.532741],[127.351554,35.53275],[127.351548,35.53275],[127.351543,35.532759],[127.351532,35.532759],[127.351532,35.532764],[127.351504,35.532782],[127.351504,35.532791],[127.351488,35.5328],[127.351488,35.532809],[127.351482,35.532809],[127.351444,35.532845],[127.351433,35.532845],[127.351433,35.53285],[127.351427,35.53285],[127.351416,35.532863],[127.351405,35.532863],[127.351405,35.532868],[127.351378,35.532868]]]}},{"type":"Feature","properties":{"pair":"2504-2506","cls":"veg_gain","area_m2":29.1,"score":0.654},"geometry":{"type":"Polygon","coordinates":[[[127.352866,35.532733],[127.35286,35.532719],[127.352855,35.532719],[127.352855,35.53271],[127.352849,35.53271],[127.352855,35.532688],[127.352871,35.532683],[127.352871,35.532679],[127.352899,35.532679],[127.352899,35.532683],[127.35291,35.532683],[127.352915,35.532697],[127.352921,35.532697],[127.35291,35.532724],[127.352893,35.532728],[127.352893,35.532733],[127.352866,35.532733]]]}},{"type":"Feature","properties":{"pair":"2504-2506","cls":"veg_gain","area_m2":91.0,"score":0.717},"geometry":{"type":"Polygon","coordinates":[[[127.355532,35.532238],[127.355532,35.532234],[127.35551,35.532234],[127.35551,35.532229],[127.355499,35.532229],[127.355499,35.532225],[127.355488,35.532225],[127.355488,35.532221],[127.355477,35.532216],[127.355477,35.532207],[127.355471,35.532207],[127.355471,35.532184],[127.355477,35.532184],[127.355477,35.532175],[127.355482,35.532175],[127.355499,35.532157],[127.355554,35.532153],[127.355554,35.532148],[127.355581,35.532144],[127.355581,35.532148],[127.355592,35.532148],[127.355598,35.532162],[127.355603,35.532162],[127.355598,35.532184],[127.355592,35.532184],[127.355592,35.532198],[127.355587,35.532198],[127.355587,35.532216],[127.355582,35.532216],[127.355576,35.532234],[127.355565,35.532234],[127.355565,35.532238],[127.355532,35.532238]]]}},{"type":"Feature","properties":{"pair":"2504-2506","cls":"veg_gain","area_m2":29.4,"score":0.643},"geometry":{"type":"Polygon","coordinates":[[[127.353508,35.532019],[127.353508,35.532015],[127.353497,35.532015],[127.353497,35.53201],[127.353486,35.532006],[127.353486,35.531997],[127.35348,35.531997],[127.353485,35.531974],[127.353519,35.531969],[127.353519,35.531974],[127.35353,35.531974],[127.35353,35.531978],[127.353541,35.531978],[127.353541,35.531983],[127.353557,35.531987],[127.353563,35.532001],[127.353557,35.532001],[127.353552,35.532014],[127.353541,35.532014],[127.353541,35.532019],[127.353508,35.532019]]]}},{"type":"Feature","properties":{"pair":"2504-2506","cls":"veg_gain","area_m2":50.2,"score":0.699},"geometry":{"type":"Polygon","coordinates":[[[127.351165,35.532008],[127.351165,35.532003],[127.351154,35.531999],[127.351154,35.53199],[127.351148,35.53199],[127.351148,35.531976],[127.351142,35.531976],[127.351142,35.531945],[127.351148,35.531945],[127.351148,35.531936],[127.351164,35.531931],[127.351164,35.531927],[127.351208,35.531927],[127.351208,35.531931],[127.351219,35.531931],[127.351225,35.531945],[127.351231,35.531945],[127.35122,35.531972],[127.351187,35.531994],[127.351187,35.532003],[127.351165,35.532008]]]}},{"type":"Feature","properties":{"pair":"2504-2506","cls":"other","area_m2":33.4,"score":0.653},"geometry":{"type":"Polygon","coordinates":[[[127.352168,35.531915],[127.352168,35.531906],[127.352162,35.531906],[127.352162,35.531879],[127.352167,35.531879],[127.352178,35.531852],[127.352184,35.531852],[127.352189,35.531843],[127.3522,35.531843],[127.3522,35.531838],[127.352228,35.531843],[127.352228,35.531865],[127.352223,35.531865],[127.352223,35.531874],[127.352217,35.531874],[127.352206,35.531901],[127.352201,35.531901],[127.35219,35.531915],[127.352168,35.531915]]]}},{"type":"Feature","properties":{"pair":"2504-2506","cls":"veg_loss","area_m2":937.6,"score":0.84},"geometry":{"type":"Polygon","coordinates":[[[127.354997,35.532235],[127.354997,35.532231],[127.354964,35.532222],[127.354964,35.532218],[127.354925,35.532191],[127.354925,35.532182],[127.35492,35.532182],[127.35492,35.532173],[127.354914,35.532173],[127.354914,35.532159],[127.354909,35.532159],[127.354908,35.532105],[127.354903,35.532105],[127.354903,35.532096],[127.354897,35.532096],[127.354897,35.532092],[127.354864,35.532069],[127.354864,35.53206],[127.354859,35.53206],[127.354858,35.532015],[127.354864,35.532015],[127.354869,35.531997],[127.354875,35.531997],[127.354886,35.531983],[127.354897,35.531983],[127.354897,35.531979],[127.355002,35.531983],[127.355002,35.531979],[127.355035,35.531978],[127.355035,35.531974],[127.355161,35.531974],[127.355161,35.531969],[127.355172,35.531969],[127.355172,35.531965],[127.355189,35.531965],[127.355189,35.53196],[127.355211,35.531955],[127.355211,35.531951],[127.355238,35.531933],[127.355249,35.531906],[127.355255,35.531906],[127.355282,35.531879],[127.355293,35.531879],[127.355293,35.531874],[127.35531,35.531865],[127.35531,35.531856],[127.355315,35.531856],[127.355348,35.531824],[127.355359,35.531824],[127.355359,35.53182],[127.355376,35.531815],[127.355376,35.531811],[127.355398,35.531815],[127.355403,35.531833],[127.355398,35.531833],[127.355398,35.531847],[127.355392,35.531847],[127.355393,35.531865],[127.355398,35.531865],[127.355398,35.531874],[127.355404,35.531874],[127.355409,35.531887],[127.355415,35.531887],[127.355415,35.531905],[127.355409,35.531905],[127.355404,35.531923],[127.355393,35.531928],[127.355393,35.531937],[127.35531,35.532],[127.35531,35.532009],[127.355299,35.532014],[127.3553,35.532023],[127.355283,35.532032],[127.355283,35.532041],[127.355278,35.532041],[127.355261,35.532059],[127.35525,35.532059],[127.355245,35.532068],[127.355234,35.532068],[127.355228,35.532077],[127.355217,35.532077],[127.355217,35.532082],[127.355201,35.532086],[127.355195,35.532095],[127.355173,35.5321],[127.355168,35.532109],[127.355157,35.532109],[127.355157,35.532113],[127.355129,35.532131],[127.355129,35.53214],[127.355118,35.532145],[127.355118,35.532154],[127.355113,35.532154],[127.355102,35.532181],[127.355096,35.532181],[127.355069,35.532208],[127.355058,35.532208],[127.355058,35.532213],[127.355052,35.532213],[127.355036,35.532231],[127.355025,35.532231],[127.355025,35.532235],[127.354997,35.532235]]]}},{"type":"Feature","properties":{"pair":"2504-2506","cls":"veg_gain","area_m2":183.9,"score":0.76},"geometry":{"type":"Polygon","coordinates":[[[127.348177,35.532021],[127.348177,35.532017],[127.348166,35.532017],[127.348166,35.532008],[127.34816,35.532008],[127.34816,35.531931],[127.348165,35.531931],[127.348159,35.531872],[127.348165,35.531872],[127.348165,35.531863],[127.34817,35.531863],[127.348203,35.531832],[127.348214,35.531832],[127.348214,35.531827],[127.348225,35.531827],[127.348225,35.531823],[127.348242,35.531823],[127.348242,35.531827],[127.348253,35.531827],[127.348253,35.531832],[127.348264,35.531836],[127.348264,35.53185],[127.34827,35.531849],[127.34827,35.531926],[127.348264,35.531926],[127.348265,35.531953],[127.348259,35.531953],[127.348259,35.531985],[127.348254,35.531985],[127.348254,35.531998],[127.348248,35.531998],[127.348232,35.532016],[127.348177,35.532021]]]}},{"type":"Feature","properties":{"pair":"2504-2506","cls":"veg_gain","area_m2":60.9,"score":0.681},"geometry":{"type":"Polygon","coordinates":[[[127.351351,35.531642],[127.35135,35.531638],[127.351339,35.531638],[127.351339,35.531633],[127.351328,35.531629],[127.351328,35.531615],[127.351323,35.531615],[127.351323,35.531579],[127.351328,35.531579],[127.351328,35.531561],[127.351334,35.531561],[127.351339,35.531539],[127.351345,35.531539],[127.351345,35.531534],[127.351367,35.531534],[127.351367,35.531539],[127.351378,35.531543],[127.351378,35.531557],[127.351383,35.531557],[127.351383,35.53157],[127.351389,35.53157],[127.351389,35.531584],[127.351394,35.531584],[127.351395,35.531624],[127.351389,35.531624],[127.351384,35.531638],[127.351351,35.531642]]]}},{"type":"Feature","properties":{"pair":"2504-2506","cls":"veg_gain","area_m2":322.2,"score":0.752},"geometry":{"type":"Polygon","coordinates":[[[127.354968,35.53178],[127.354968,35.531776],[127.354957,35.531776],[127.354957,35.531771],[127.35494,35.531762],[127.35494,35.531749],[127.354934,35.531749],[127.354934,35.53169],[127.354929,35.53169],[127.354928,35.531627],[127.354934,35.531627],[127.354934,35.531614],[127.354939,35.531614],[127.354939,35.5316],[127.354945,35.5316],[127.354945,35.531542],[127.35495,35.531542],[127.35495,35.531533],[127.354967,35.531528],[127.354967,35.531524],[127.355016,35.531519],[127.355016,35.531514],[127.355027,35.531514],[127.355027,35.53151],[127.355038,35.53151],[127.355038,35.531505],[127.355049,35.531505],[127.355049,35.531501],[127.35506,35.531501],[127.35506,35.531496],[127.355082,35.531496],[127.355082,35.531501],[127.355093,35.531501],[127.355093,35.531505],[127.355104,35.53151],[127.355104,35.531519],[127.35511,35.531519],[127.35511,35.531546],[127.355115,35.531546],[127.355116,35.531564],[127.355121,35.531564],[127.355121,35.531604],[127.355116,35.531604],[127.355116,35.531613],[127.35511,35.531613],[127.355077,35.531645],[127.355066,35.531645],[127.355061,35.531654],[127.355039,35.531659],[127.355028,35.531672],[127.355017,35.531672],[127.355017,35.531677],[127.355,35.531686],[127.355,35.531695],[127.354995,35.531695],[127.354995,35.531704],[127.354989,35.531704],[127.354989,35.531722],[127.354995,35.531722],[127.354995,35.531735],[127.355001,35.531735],[127.355001,35.531762],[127.354995,35.531762],[127.35499,35.531776],[127.354968,35.53178]]]}},{"type":"Feature","properties":{"pair":"2504-2506","cls":"veg_loss","area_m2":81.0,"score":0.707},"geometry":{"type":"Polygon","coordinates":[[[127.354222,35.531544],[127.354222,35.531539],[127.3542,35.531535],[127.3542,35.531526],[127.354195,35.531526],[127.354195,35.531499],[127.3542,35.531499],[127.3542,35.531485],[127.354206,35.531485],[127.354211,35.531467],[127.354217,35.531467],[127.354227,35.531454],[127.354266,35.531453],[127.354266,35.531458],[127.354288,35.531462],[127.354288,35.531467],[127.354299,35.531471],[127.354299,35.53148],[127.354305,35.53148],[127.354305,35.531521],[127.354299,35.531521],[127.354299,35.53153],[127.354288,35.53153],[127.354288,35.531535],[127.354277,35.531535],[127.354277,35.531539],[127.354255,35.531539],[127.354255,35.531544],[127.354222,35.531544]]]}},{"type":"Feature","properties":{"pair":"2504-2506","cls":"veg_gain","area_m2":78.9,"score":0.681},"geometry":{"type":"Polygon","coordinates":[[[127.35124,35.53157],[127.35124,35.531566],[127.351229,35.531562],[127.351239,35.531453],[127.351245,35.531453],[127.351245,35.53144],[127.35125,35.53144],[127.351256,35.531422],[127.351261,35.531422],[127.351267,35.531413],[127.351289,35.531413],[127.351294,35.531426],[127.3513,35.531426],[127.3513,35.531449],[127.351295,35.531449],[127.3513,35.531516],[127.351295,35.531516],[127.351295,35.531525],[127.351262,35.531548],[127.351256,35.531566],[127.35124,35.53157]]]}},{"type":"Feature","properties":{"pair":"2504-2506","cls":"veg_gain","area_m2":41.8,"score":0.671},"geometry":{"type":"Polygon","coordinates":[[[127.353875,35.531441],[127.353875,35.531437],[127.353858,35.531428],[127.353852,35.531387],[127.353858,35.531387],[127.353858,35.531374],[127.353863,35.531374],[127.35388,35.531355],[127.353902,35.531355],[127.353902,35.531364],[127.353907,35.531364],[127.353907,35.531373],[127.353913,35.531373],[127.353913,35.531423],[127.353908,35.531423],[127.353908,35.531432],[127.353902,35.531432],[127.353897,35.531441],[127.353875,35.531441]]]}},{"type":"Feature","properties":{"pair":"2504-2506","cls":"veg_loss","area_m2":104.9,"score":0.695},"geometry":{"type":"Polygon","coordinates":[[[127.348301,35.531475],[127.348301,35.531471],[127.348285,35.531471],[127.348285,35.531466],[127.348268,35.531466],[127.348262,35.531457],[127.348251,35.531457],[127.348251,35.531453],[127.348229,35.53144],[127.348229,35.531431],[127.348224,35.531431],[127.348224,35.531422],[127.348218,35.531422],[127.348224,35.531394],[127.348229,35.531394],[127.348235,35.531385],[127.348246,35.531385],[127.348251,35.531376],[127.348262,35.531376],[127.348268,35.531367],[127.348279,35.531367],[127.348279,35.531363],[127.348306,35.531363],[127.348306,35.531367],[127.348323,35.531372],[127.348323,35.531381],[127.348328,35.531381],[127.348328,35.531417],[127.348334,35.531417],[127.348339,35.531435],[127.348345,35.531435],[127.348351,35.531448],[127.348356,35.531448],[127.348351,35.531471],[127.34834,35.531471],[127.34834,35.531475],[127.348301,35.531475]]]}},{"type":"Feature","properties":{"pair":"2504-2506","cls":"veg_gain","area_m2":37.8,"score":0.705},"geometry":{"type":"Polygon","coordinates":[[[127.348471,35.531362],[127.348471,35.531358],[127.348455,35.531353],[127.348455,35.531344],[127.348449,35.531344],[127.348449,35.531335],[127.348444,35.531335],[127.348444,35.531313],[127.348449,35.531313],[127.348449,35.531304],[127.348455,35.531304],[127.34846,35.531295],[127.348482,35.53129],[127.348482,35.531295],[127.348493,35.531295],[127.348493,35.531299],[127.34851,35.531308],[127.348515,35.53134],[127.34851,35.53134],[127.34851,35.531349],[127.348505,35.531349],[127.348499,35.531358],[127.348471,35.531362]]]}},{"type":"Feature","properties":{"pair":"2504-2506","cls":"veg_gain","area_m2":111.2,"score":0.65},"geometry":{"type":"Polygon","coordinates":[[[127.356454,35.531325],[127.356454,35.531321],[127.356443,35.531321],[127.356443,35.531316],[127.356432,35.531312],[127.356432,35.531303],[127.356426,35.531303],[127.356426,35.531271],[127.356432,35.531271],[127.356437,35.531253],[127.356454,35.531249],[127.356454,35.531244],[127.356476,35.531249],[127.356498,35.531271],[127.356526,35.531271],[127.356526,35.531267],[127.356531,35.531267],[127.356537,35.531258],[127.356548,35.531257],[127.356548,35.531253],[127.356619,35.531253],[127.356619,35.531257],[127.35663,35.531257],[127.356636,35.531271],[127.356641,35.531271],[127.356625,35.531293],[127.356608,35.531293],[127.356608,35.531298],[127.356597,35.531298],[127.356597,35.531302],[127.356586,35.531302],[127.356586,35.531307],[127.35657,35.531307],[127.35657,35.531312],[127.356504,35.531312],[127.356504,35.531316],[127.356454,35.531325]]]}},{"type":"Feature","properties":{"pair":"2504-2506","cls":"veg_gain","area_m2":141.0,"score":0.697},"geometry":{"type":"Polygon","coordinates":[[[127.349255,35.531401],[127.349254,35.531396],[127.349243,35.531396],[127.349243,35.531392],[127.349227,35.531383],[127.349221,35.53136],[127.349216,35.53136],[127.34921,35.531342],[127.349205,35.531342],[127.349194,35.531329],[127.349183,35.531329],[127.349183,35.531324],[127.349171,35.531324],[127.349171,35.53132],[127.349155,35.53132],[127.349155,35.531315],[127.349144,35.531315],[127.349144,35.531311],[127.349127,35.531302],[127.349127,35.531284],[127.349133,35.531284],[127.349144,35.53127],[127.349155,35.53127],[127.349155,35.531266],[127.349166,35.531266],[127.349166,35.531261],[127.34921,35.531261],[127.34921,35.531265],[127.349254,35.53127],[127.349254,35.531274],[127.349271,35.531283],[127.349271,35.531297],[127.349276,35.531297],[127.349276,35.531306],[127.349282,35.531306],[127.349293,35.531346],[127.349298,35.531346],[127.349298,35.531355],[127.349309,35.53136],[127.349315,35.531378],[127.34931,35.531378],[127.34931,35.531387],[127.349293,35.531391],[127.349293,35.531396],[127.349255,35.531401]]]}},{"type":"Feature","properties":{"pair":"2504-2506","cls":"veg_gain","area_m2":81.1,"score":0.667},"geometry":{"type":"Polygon","coordinates":[[[127.353913,35.531328],[127.353913,35.531324],[127.353902,35.531324],[127.353902,35.531319],[127.353891,35.531315],[127.353891,35.531306],[127.353885,35.531306],[127.35389,35.531274],[127.353901,35.53127],[127.353901,35.531261],[127.353907,35.531261],[127.353929,35.531238],[127.35394,35.531238],[127.35394,35.531234],[127.353967,35.531234],[127.353967,35.531238],[127.353978,35.531238],[127.353978,35.531243],[127.35399,35.531247],[127.35399,35.531256],[127.353995,35.531256],[127.35399,35.53131],[127.353984,35.53131],[127.353984,35.531319],[127.353968,35.531324],[127.353968,35.531328],[127.353913,35.531328]]]}},{"type":"Feature","properties":{"pair":"2504-2506","cls":"veg_gain","area_m2":68.8,"score":0.693},"geometry":{"type":"Polygon","coordinates":[[[127.349827,35.531255],[127.349827,35.53125],[127.349816,35.53125],[127.349816,35.531246],[127.3498,35.531237],[127.3498,35.531228],[127.349794,35.531228],[127.349794,35.531201],[127.349799,35.531201],[127.349799,35.531192],[127.349816,35.531187],[127.349816,35.531183],[127.349827,35.531183],[127.349827,35.531178],[127.349877,35.531178],[127.349877,35.531182],[127.349899,35.531187],[127.349899,35.531196],[127.349904,35.531196],[127.349899,35.531232],[127.349893,35.531232],[127.349877,35.53125],[127.349866,35.53125],[127.349866,35.531255],[127.349827,35.531255]]]}},{"type":"Feature","properties":{"pair":"2504-2506","cls":"veg_gain","area_m2":1360.1,"score":0.706},"geometry":{"type":"Polygon","coordinates":[[[127.356148,35.531921],[127.356142,35.531908],[127.356137,35.531908],[127.356126,35.531894],[127.356098,35.531894],[127.356087,35.531908],[127.356071,35.531908],[127.356071,35.531903],[127.356065,35.531903],[127.35606,35.531881],[127.356065,35.531881],[127.356065,35.531872],[127.356071,35.531872],[127.356071,35.531845],[127.356059,35.53184],[127.356059,35.531831],[127.356054,35.531831],[127.356054,35.531822],[127.356048,35.531822],[127.356048,35.531764],[127.356054,35.531764],[127.356054,35.531746],[127.356059,35.531746],[127.356059,35.531732],[127.356065,35.531732],[127.35607,35.531683],[127.356075,35.531682],[127.356075,35.531669],[127.356086,35.531664],[127.356086,35.531655],[127.356092,35.531655],[127.356092,35.531646],[127.356097,35.531646],[127.356097,35.531624],[127.356092,35.531624],[127.356092,35.531606],[127.356086,35.531606],[127.356086,35.531592],[127.35608,35.531592],[127.356086,35.531565],[127.356102,35.531561],[127.356102,35.531556],[127.356119,35.531561],[127.356119,35.531565],[127.356136,35.531574],[127.356136,35.531583],[127.356152,35.531592],[127.356152,35.531601],[127.356169,35.531606],[127.356169,35.53161],[127.356191,35.53161],[127.356191,35.531606],[127.356202,35.531601],[127.356202,35.531565],[127.356196,35.531565],[127.356196,35.531556],[127.356191,35.531556],[127.356185,35.531547],[127.356174,35.531547],[127.356174,35.531543],[127.356157,35.531543],[127.356157,35.531538],[127.356146,35.531534],[127.356146,35.531525],[127.356141,35.531525],[127.356141,35.531507],[127.356146,35.531507],[127.356146,35.53147],[127.356141,35.53147],[127.356141,35.531461],[127.356124,35.531457],[127.356118,35.531448],[127.356107,35.531448],[127.356107,35.531444],[127.356085,35.53143],[127.35608,35.531408],[127.356074,35.531408],[127.356079,35.531376],[127.356085,35.531376],[127.356085,35.531358],[127.35609,35.531358],[127.35609,35.531308],[127.356096,35.531308],[127.356096,35.531299],[127.356101,35.531299],[127.356107,35.53129],[127.356129,35.531286],[127.356156,35.531259],[127.356222,35.531249],[127.356222,35.531245],[127.356233,35.531245],[127.356233,35.53124],[127.356244,35.53124],[127.356244,35.531236],[127.356255,35.531236],[127.356255,35.531231],[127.356266,35.531227],[127.356261,35.531204],[127.35625,35.531204],[127.35625,35.5312],[127.356239,35.5312],[127.356239,35.531195],[127.356228,35.531195],[127.356228,35.531191],[127.356211,35.531191],[127.356211,35.531186],[127.356194,35.531186],[127.356194,35.531182],[127.356172,35.531177],[127.356172,35.531168],[127.356167,35.531168],[127.356172,35.531155],[127.356189,35.53115],[127.356189,35.531146],[127.356244,35.531146],[127.356244,35.531141],[127.356266,35.531137],[127.356266,35.531132],[127.356282,35.531128],[127.356282,35.531123],[127.356304,35.531123],[127.356304,35.531128],[127.356315,35.531127],[127.356315,35.531132],[127.356332,35.531141],[127.356332,35.53115],[127.356338,35.53115],[127.356338,35.531177],[127.356332,35.531177],[127.356332,35.531191],[127.356327,35.531191],[127.356327,35.531209],[127.356332,35.531209],[127.356338,35.531227],[127.356355,35.531236],[127.356355,35.531245],[127.35636,35.531245],[127.35636,35.531254],[127.356366,35.531254],[127.356366,35.531276],[127.35636,35.531276],[127.356355,35.531294],[127.356349,35.531294],[127.356349,35.531299],[127.356338,35.531303],[127.356338,35.531312],[127.356333,35.531312],[127.356338,35.531335],[127.356344,35.531335],[127.356344,35.531339],[127.356366,35.531353],[127.356366,35.531362],[127.356372,35.531362],[127.356372,35.531389],[127.356366,35.531389],[127.356366,35.531402],[127.356361,35.531402],[127.356361,35.531416],[127.356355,35.531416],[127.356356,35.531492],[127.35635,35.531492],[127.35635,35.531524],[127.356345,35.531524],[127.356345,35.531547],[127.356339,35.531547],[127.35634,35.531605],[127.356345,35.531605],[127.356345,35.531623],[127.35634,35.531623],[127.356334,35.531641],[127.356329,35.531641],[127.356318,35.531655],[127.356296,35.531659],[127.356296,35.531664],[127.356274,35.531664],[127.356274,35.531659],[127.356263,35.531659],[127.356263,35.531655],[127.356252,35.531655],[127.356252,35.53165],[127.356241,35.53165],[127.356241,35.531646],[127.35623,35.531646],[127.35623,35.531641],[127.356213,35.531642],[127.356213,35.531646],[127.356202,35.531646],[127.356175,35.531673],[127.356147,35.531678],[127.356147,35.531682],[127.356131,35.531691],[127.356131,35.531718],[127.356136,35.531718],[127.356136,35.531727],[127.356175,35.531754],[127.356181,35.53179],[127.356186,35.53179],[127.356186,35.531813],[127.356192,35.531813],[127.356192,35.531889],[127.356187,35.531889],[127.356187,35.531903],[127.356181,35.531903],[127.356181,35.531912],[127.356176,35.531912],[127.35617,35.531921],[127.356148,35.531921]]]}},{"type":"Feature","properties":{"pair":"2504-2506","cls":"veg_gain","area_m2":109.1,"score":0.648},"geometry":{"type":"Polygon","coordinates":[[[127.353973,35.531143],[127.353972,35.531139],[127.353961,35.531139],[127.353961,35.53113],[127.353956,35.53113],[127.353956,35.53108],[127.35395,35.53108],[127.35395,35.531071],[127.353945,35.531071],[127.353945,35.531067],[127.353934,35.531062],[127.353934,35.531053],[127.353928,35.531053],[127.353928,35.531031],[127.353933,35.531031],[127.353933,35.531022],[127.353939,35.531022],[127.353944,35.531013],[127.353955,35.531013],[127.353955,35.531008],[127.353988,35.531008],[127.353988,35.531013],[127.353999,35.531013],[127.354,35.531017],[127.354022,35.531031],[127.354022,35.53104],[127.354027,35.53104],[127.354027,35.53108],[127.354033,35.53108],[127.354038,35.531103],[127.354044,35.531103],[127.354044,35.531121],[127.354039,35.531121],[127.354039,35.53113],[127.354033,35.53113],[127.354028,35.531139],[127.353973,35.531143]]]}},{"type":"Feature","properties":{"pair":"2504-2506","cls":"veg_gain","area_m2":54.5,"score":0.663},"geometry":{"type":"Polygon","coordinates":[[[127.349815,35.531056],[127.349815,35.531052],[127.349804,35.531052],[127.349804,35.531047],[127.349793,35.531047],[127.349793,35.531043],[127.349782,35.531038],[127.349782,35.531029],[127.349777,35.531029],[127.349782,35.531002],[127.349788,35.531002],[127.349793,35.530993],[127.349804,35.530993],[127.349804,35.530989],[127.349865,35.530984],[127.349865,35.530993],[127.34987,35.530993],[127.34987,35.531034],[127.349865,35.531034],[127.349865,35.531043],[127.349859,35.531043],[127.349854,35.531052],[127.349843,35.531052],[127.349843,35.531056],[127.349815,35.531056]]]}},{"type":"Feature","properties":{"pair":"2504-2506","cls":"veg_gain","area_m2":42.2,"score":0.661},"geometry":{"type":"Polygon","coordinates":[[[127.356271,35.53101],[127.356271,35.531006],[127.356254,35.531001],[127.356249,35.530974],[127.356254,35.530974],[127.356254,35.530965],[127.356271,35.530956],[127.356276,35.530938],[127.356282,35.530938],[127.356287,35.530929],[127.356304,35.530929],[127.356304,35.530934],[127.356315,35.530938],[127.356315,35.530947],[127.35632,35.530947],[127.35632,35.530988],[127.356315,35.530988],[127.356315,35.530997],[127.356309,35.530997],[127.356304,35.531006],[127.356271,35.53101]]]}},{"type":"Feature","properties":{"pair":"2504-2506","cls":"veg_gain","area_m2":92.4,"score":0.664},"geometry":{"type":"Polygon","coordinates":[[[127.35234,35.53104],[127.35234,35.531036],[127.352324,35.531031],[127.352307,35.530991],[127.35229,35.530986],[127.35229,35.530982],[127.352279,35.530982],[127.352274,35.530968],[127.352268,35.530968],[127.352268,35.530946],[127.352274,35.530946],[127.352279,35.530928],[127.35229,35.530923],[127.35229,35.530914],[127.352296,35.530914],[127.352318,35.530891],[127.35234,35.530891],[127.35234,35.5309],[127.352345,35.5309],[127.352345,35.530927],[127.35234,35.530927],[127.35234,35.530945],[127.352334,35.530945],[127.35234,35.530968],[127.352356,35.530972],[127.352356,35.530977],[127.352373,35.530977],[127.352373,35.530981],[127.352384,35.530986],[127.352384,35.530995],[127.35239,35.530995],[127.35239,35.531008],[127.352384,35.531008],[127.352379,35.531026],[127.352373,35.531026],[127.352368,35.531035],[127.352357,35.531035],[127.352357,35.53104],[127.35234,35.53104]]]}},{"type":"Feature","properties":{"pair":"2504-2506","cls":"veg_loss","area_m2":4193.2,"score":0.827},"geometry":{"type":"Polygon","coordinates":[[[127.352139,35.531739],[127.352139,35.531735],[127.352117,35.531735],[127.352117,35.53173],[127.352101,35.53173],[127.352101,35.531726],[127.352079,35.531726],[127.352079,35.531721],[127.352045,35.531717],[127.352045,35.531712],[127.352023,35.531708],[127.352018,35.531699],[127.352007,35.531699],[127.351996,35.531685],[127.351985,35.531685],[127.351985,35.531681],[127.351952,35.531672],[127.351946,35.531663],[127.351924,35.531659],[127.351924,35.531654],[127.351885,35.531627],[127.351885,35.531618],[127.351869,35.531609],[127.351869,35.5316],[127.351863,35.5316],[127.351846,35.531582],[127.351835,35.531582],[127.351835,35.531578],[127.351802,35.531569],[127.351797,35.53156],[127.351786,35.53156],[127.35178,35.531551],[127.351769,35.531551],[127.351769,35.531546],[127.351719,35.531511],[127.351719,35.531501],[127.351703,35.531493],[127.351703,35.531484],[127.351697,35.531484],[127.35162,35.531416],[127.351609,35.531416],[127.351609,35.531412],[127.351603,35.531412],[127.351586,35.531394],[127.351575,35.531394],[127.351531,35.531353],[127.35152,35.531353],[127.35152,35.531349],[127.351465,35.531308],[127.351465,35.531299],[127.351437,35.531282],[127.351437,35.531272],[127.351421,35.531264],[127.35142,35.531255],[127.351415,35.531255],[127.351415,35.531246],[127.351409,35.531246],[127.351409,35.531237],[127.351404,35.531237],[127.351404,35.531223],[127.351398,35.531223],[127.351398,35.53121],[127.351393,35.53121],[127.351393,35.53116],[127.351398,35.53116],[127.351398,35.531146],[127.351409,35.531142],[127.351409,35.531133],[127.35142,35.531128],[127.35142,35.531119],[127.351442,35.531106],[127.351442,35.531097],[127.351447,35.531097],[127.351464,35.531079],[127.351475,35.531079],[127.351475,35.531074],[127.35159,35.530984],[127.35159,35.530975],[127.351601,35.53097],[127.351607,35.530952],[127.351618,35.530947],[127.351618,35.530938],[127.351623,35.530938],[127.351623,35.530929],[127.351634,35.530925],[127.351634,35.530916],[127.351645,35.530911],[127.351645,35.530902],[127.35165,35.530902],[127.351689,35.530866],[127.3517,35.530866],[127.351705,35.530857],[127.351738,35.530853],[127.351738,35.530857],[127.351777,35.530861],[127.351777,35.530866],[127.351843,35.530866],[127.351843,35.53087],[127.351871,35.530875],[127.351871,35.530879],[127.351904,35.530902],[127.351904,35.530911],[127.351926,35.530924],[127.351926,35.530933],[127.351937,35.530938],[127.351937,35.530947],[127.351943,35.530947],[127.351943,35.530956],[127.351948,35.530956],[127.351954,35.530978],[127.35196,35.530978],[127.351971,35.530992],[127.351993,35.530991],[127.351993,35.530996],[127.352031,35.531],[127.352031,35.531005],[127.352042,35.531005],[127.352048,35.531014],[127.352059,35.531014],[127.352059,35.531018],[127.352081,35.531032],[127.352081,35.531054],[127.352076,35.531054],[127.35207,35.531063],[127.352037,35.531072],[127.352032,35.531081],[127.352021,35.531082],[127.352021,35.531086],[127.351993,35.531104],[127.351988,35.531127],[127.351982,35.531127],[127.351982,35.53114],[127.351977,35.53114],[127.351966,35.531154],[127.351933,35.531163],[127.351927,35.53119],[127.351944,35.531199],[127.35195,35.531217],[127.351944,35.531217],[127.351939,35.53123],[127.351928,35.531231],[127.351928,35.531235],[127.351917,35.531235],[127.351917,35.53124],[127.351906,35.531244],[127.351906,35.531253],[127.3519,35.531253],[127.3519,35.53128],[127.351906,35.53128],[127.351911,35.531289],[127.351922,35.531289],[127.351922,35.531294],[127.351966,35.531298],[127.351966,35.531293],[127.351994,35.531289],[127.352016,35.531266],[127.352032,35.531266],[127.352032,35.531262],[127.352055,35.531266],[127.352055,35.531271],[127.352066,35.531275],[127.352071,35.531298],[127.352077,35.531298],[127.352077,35.531307],[127.352082,35.531307],[127.352082,35.531316],[127.352088,35.531316],[127.352093,35.531325],[127.352121,35.531329],[127.352121,35.531334],[127.352154,35.531333],[127.352154,35.531338],[127.352165,35.531338],[127.352209,35.531378],[127.35222,35.531378],[127.35222,35.531383],[127.352237,35.531392],[127.352237,35.531401],[127.352248,35.531405],[127.352248,35.531414],[127.352254,35.531414],[127.352254,35.531423],[127.352259,35.531423],[127.352259,35.531446],[127.352265,35.531446],[127.35227,35.531473],[127.352276,35.531473],[127.352287,35.531486],[127.352298,35.531486],[127.352304,35.531495],[127.352315,35.531495],[127.352315,35.5315],[127.352342,35.531518],[127.352342,35.531527],[127.352348,35.531527],[127.352348,35.53154],[127.352342,35.53154],[127.352337,35.531558],[127.352326,35.531563],[127.352326,35.531572],[127.352315,35.531576],[127.352315,35.531585],[127.35231,35.531585],[127.35231,35.531594],[127.352304,35.531594],[127.352304,35.531639],[127.35231,35.531639],[127.35231,35.531653],[127.352315,35.531653],[127.352315,35.531689],[127.35231,35.531689],[127.352305,35.531712],[127.352299,35.531712],[127.352283,35.53173],[127.352272,35.53173],[127.352272,35.531734],[127.352261,35.531734],[127.352261,35.531739],[127.352139,35.531739]],[[127.351852,35.531551],[127.351879,35.531551],[127.351879,35.531546],[127.35189,35.531546],[127.35189,35.531542],[127.351901,35.531537],[127.351901,35.531528],[127.351912,35.531523],[127.351918,35.531501],[127.351923,35.531501],[127.351923,35.531478],[127.351918,35.531478],[127.351918,35.531469],[127.351912,35.531469],[127.351873,35.531433],[127.351862,35.531433],[127.351862,35.531429],[127.35184,35.531434],[127.35184,35.531438],[127.351829,35.531443],[127.351829,35.531452],[127.351824,35.531452],[127.351824,35.531465],[127.351818,35.531465],[127.351824,35.531515],[127.35183,35.531515],[127.35183,35.531524],[127.351835,35.531524],[127.351835,35.531533],[127.351841,35.531533],[127.351841,35.531542],[127.351846,35.531542],[127.351852,35.531551]],[[127.351845,35.531235],[127.351895,35.531235],[127.351894,35.531231],[127.351911,35.531222],[127.351911,35.531199],[127.351905,35.531199],[127.351894,35.531186],[127.351883,35.531186],[127.351883,35.531181],[127.351872,35.531181],[127.351872,35.531177],[127.351861,35.531177],[127.351861,35.531172],[127.35185,35.531172],[127.35185,35.531168],[127.351839,35.531168],[127.351839,35.531172],[127.351828,35.531172],[127.351828,35.531177],[127.351817,35.531181],[127.351817,35.531208],[127.351823,35.531208],[127.351828,35.531226],[127.351845,35.531231],[127.351845,35.531235]]]}},{"type":"Feature","properties":{"pair":"2504-2506","cls":"veg_gain","area_m2":252.9,"score":0.661},"geometry":{"type":"Polygon","coordinates":[[[127.350223,35.531001],[127.350223,35.530997],[127.350195,35.530997],[127.350195,35.530992],[127.350184,35.530992],[127.350179,35.530979],[127.350173,35.530979],[127.350173,35.53097],[127.350179,35.53097],[127.350179,35.530961],[127.350184,35.530961],[127.350206,35.530938],[127.350217,35.530938],[127.350217,35.530934],[127.350228,35.530934],[127.350228,35.530929],[127.350272,35.530929],[127.350272,35.530924],[127.350283,35.530924],[127.350283,35.53092],[127.350294,35.530915],[127.350294,35.530906],[127.3503,35.530906],[127.3503,35.530897],[127.350305,35.530897],[127.350305,35.530888],[127.350311,35.530888],[127.350311,35.53087],[127.350305,35.53087],[127.350305,35.530861],[127.350294,35.530857],[127.350294,35.530834],[127.3503,35.530834],[127.350305,35.530825],[127.350338,35.530816],[127.350338,35.530812],[127.350355,35.530811],[127.350355,35.530807],[127.350377,35.530802],[127.350377,35.530798],[127.35041,35.530798],[127.35041,35.530802],[127.350421,35.530802],[127.350426,35.530816],[127.350432,35.530816],[127.350426,35.530852],[127.350432,35.530852],[127.350432,35.530861],[127.350443,35.530865],[127.350443,35.530897],[127.350438,35.530897],[127.350438,35.530906],[127.350432,35.530906],[127.350427,35.530915],[127.350416,35.530915],[127.350416,35.530919],[127.350377,35.530924],[127.350377,35.530929],[127.350344,35.530938],[127.350344,35.530942],[127.350333,35.530947],[127.350333,35.530956],[127.350322,35.53096],[127.350317,35.530978],[127.350311,35.530978],[127.350295,35.530996],[127.350284,35.530996],[127.350284,35.531001],[127.350223,35.531001]]]}},{"type":"Feature","properties":{"pair":"2504-2506","cls":"veg_gain","area_m2":188.6,"score":0.664},"geometry":{"type":"Polygon","coordinates":[[[127.353939,35.530959],[127.353939,35.530954],[127.353928,35.530954],[127.353928,35.53095],[127.353917,35.530945],[127.353916,35.530936],[127.353911,35.530936],[127.353911,35.530914],[127.353916,35.530914],[127.353916,35.530905],[127.353922,35.530905],[127.353944,35.530882],[127.35396,35.530878],[127.35396,35.530832],[127.353966,35.530832],[127.353966,35.530819],[127.353971,35.530819],[127.353976,35.530796],[127.353982,35.530796],[127.353982,35.530778],[127.353976,35.530778],[127.353976,35.530769],[127.353971,35.530769],[127.353965,35.530756],[127.35396,35.530756],[127.35396,35.530738],[127.353965,35.530738],[127.353965,35.530729],[127.353971,35.530729],[127.353998,35.530702],[127.354009,35.530702],[127.354009,35.530697],[127.35402,35.530697],[127.354026,35.530688],[127.354059,35.530679],[127.354059,35.530683],[127.35407,35.530683],[127.354075,35.530697],[127.354081,35.530697],[127.354081,35.530724],[127.354075,35.530724],[127.354075,35.530738],[127.35407,35.530738],[127.35407,35.530747],[127.354064,35.530747],[127.354065,35.530756],[127.354059,35.530756],[127.354059,35.530765],[127.354054,35.530765],[127.354054,35.530774],[127.354048,35.530774],[127.354048,35.530783],[127.354043,35.530783],[127.354043,35.530801],[127.354037,35.530801],[127.354037,35.530814],[127.354032,35.530814],[127.354026,35.530832],[127.353982,35.530864],[127.353982,35.530891],[127.353988,35.530891],[127.353988,35.5309],[127.353993,35.5309],[127.353994,35.530909],[127.353999,35.530909],[127.353999,35.530927],[127.353994,35.530927],[127.353994,35.530936],[127.353988,35.530936],[127.353988,35.530945],[127.353983,35.530945],[127.353977,35.530954],[127.353966,35.530954],[127.353966,35.530959],[127.353939,35.530959]]]}},{"type":"Feature","properties":{"pair":"2504-2506","cls":"veg_gain","area_m2":167.2,"score":0.68},"geometry":{"type":"Polygon","coordinates":[[[127.348204,35.530714],[127.348204,35.53071],[127.348171,35.530705],[127.348171,35.530701],[127.348149,35.530687],[127.348149,35.530674],[127.348143,35.530674],[127.348149,35.530647],[127.348154,35.530647],[127.348171,35.530629],[127.348182,35.530628],[127.348182,35.530624],[127.348231,35.530624],[127.348231,35.530628],[127.348242,35.530628],[127.348242,35.530633],[127.348253,35.530633],[127.348253,35.530637],[127.348292,35.530637],[127.348292,35.530633],[127.348308,35.530633],[127.348308,35.530628],[127.348342,35.530628],[127.348342,35.530633],[127.348358,35.530637],[127.348358,35.530646],[127.348364,35.530646],[127.348364,35.530673],[127.348358,35.530673],[127.348358,35.530691],[127.348353,35.530691],[127.348353,35.5307],[127.348347,35.5307],[127.348342,35.530709],[127.348331,35.530709],[127.348331,35.530714],[127.348204,35.530714]]]}},{"type":"Feature","properties":{"pair":"2504-2506","cls":"veg_loss","area_m2":402.6,"score":0.751},"geometry":{"type":"Polygon","coordinates":[[[127.352372,35.530788],[127.352372,35.530783],[127.352361,35.530783],[127.352356,35.530756],[127.35235,35.530756],[127.35235,35.530702],[127.352355,35.530702],[127.352361,35.530684],[127.352366,35.530684],[127.352377,35.53067],[127.352388,35.53067],[127.352388,35.530666],[127.352416,35.530666],[127.352416,35.530661],[127.352443,35.530661],[127.352443,35.530657],[127.352454,35.530657],[127.352454,35.530652],[127.352471,35.530652],[127.352471,35.530648],[127.352487,35.530648],[127.352487,35.530643],[127.352504,35.530643],[127.352504,35.530638],[127.35252,35.530638],[127.35252,35.530634],[127.352537,35.530634],[127.352537,35.530629],[127.352553,35.530629],[127.352553,35.530625],[127.35257,35.530625],[127.35257,35.53062],[127.352603,35.530611],[127.352603,35.530607],[127.352614,35.530602],[127.352614,35.530593],[127.352619,35.530593],[127.35263,35.530566],[127.352636,35.530566],[127.352641,35.530557],[127.352652,35.530557],[127.352652,35.530552],[127.352674,35.530552],[127.352674,35.530557],[127.352691,35.530561],[127.352691,35.53057],[127.352697,35.53057],[127.352697,35.530579],[127.352702,35.530579],[127.352702,35.530597],[127.352708,35.530597],[127.352708,35.530606],[127.352713,35.530606],[127.352713,35.530615],[127.352719,35.530615],[127.352719,35.530624],[127.352724,35.530624],[127.352724,35.530642],[127.352719,35.530642],[127.352719,35.530651],[127.352713,35.530651],[127.352708,35.53066],[127.352697,35.53066],[127.352697,35.530665],[127.352664,35.530674],[127.352664,35.530679],[127.352647,35.530683],[127.352625,35.530706],[127.352614,35.530706],[127.352609,35.530715],[127.352598,35.530715],[127.352598,35.530719],[127.352587,35.530719],[127.352587,35.530724],[127.352576,35.530724],[127.352576,35.530728],[127.352565,35.530728],[127.352565,35.530733],[127.352554,35.530733],[127.352554,35.530737],[127.352482,35.530751],[127.352482,35.530756],[127.352449,35.530765],[127.352444,35.530774],[127.352433,35.530774],[127.352433,35.530778],[127.352422,35.530778],[127.352422,35.530783],[127.352411,35.530783],[127.352411,35.530787],[127.352372,35.530788]]]}},{"type":"Feature","properties":{"pair":"2504-2506","cls":"veg_gain","area_m2":458.0,"score":0.761},"geometry":{"type":"Polygon","coordinates":[[[127.356506,35.530658],[127.356506,35.530654],[127.35644,35.530654],[127.35644,35.530649],[127.356429,35.530649],[127.356429,35.530645],[127.356396,35.530623],[127.356396,35.530614],[127.356379,35.530605],[127.356379,35.530596],[127.356374,35.530596],[127.356374,35.530591],[127.356363,35.530587],[127.356363,35.530578],[127.356352,35.530573],[127.356346,35.530551],[127.35634,35.530551],[127.35634,35.530537],[127.356335,35.530537],[127.356335,35.530519],[127.35634,35.530519],[127.35634,35.53051],[127.356346,35.53051],[127.356351,35.530501],[127.356368,35.530501],[127.356368,35.530496],[127.35645,35.530496],[127.35645,35.530492],[127.356473,35.530492],[127.356473,35.530496],[127.356522,35.530496],[127.356522,35.5305],[127.356632,35.5305],[127.356632,35.530505],[127.356643,35.530505],[127.356644,35.530509],[127.356655,35.530514],[127.35666,35.530536],[127.356666,35.530536],[127.356666,35.530622],[127.356661,35.530622],[127.356655,35.53064],[127.356639,35.530644],[127.356639,35.530649],[127.356589,35.530653],[127.356589,35.530658],[127.356506,35.530658]]]}},{"type":"Feature","properties":{"pair":"2504-2506","cls":"veg_gain","area_m2":725.0,"score":0.694},"geometry":{"type":"Polygon","coordinates":[[[127.354109,35.530949],[127.354109,35.530945],[127.354093,35.530945],[127.354093,35.53094],[127.354076,35.530931],[127.354076,35.530922],[127.354071,35.530922],[127.354076,35.5309],[127.354082,35.5309],[127.354087,35.530891],[127.354098,35.530891],[127.354098,35.530886],[127.354126,35.530868],[127.354126,35.530846],[127.35412,35.530846],[127.354114,35.530832],[127.354103,35.530828],[127.354098,35.530801],[127.354103,35.530801],[127.354103,35.530792],[127.354109,35.530791],[127.35412,35.530778],[127.354131,35.530778],[127.354131,35.530773],[127.354164,35.530773],[127.354164,35.530769],[127.354191,35.530764],[127.354191,35.53076],[127.354213,35.530746],[127.354213,35.530737],[127.35423,35.530728],[127.35423,35.530719],[127.354246,35.53071],[127.354246,35.530701],[127.354252,35.530701],[127.354252,35.530692],[127.354257,35.530692],[127.354263,35.530647],[127.354268,35.530647],[127.354268,35.530633],[127.354273,35.530633],[127.354273,35.530624],[127.354279,35.530624],[127.354284,35.530579],[127.35429,35.530579],[127.35429,35.530557],[127.354295,35.530557],[127.354295,35.530539],[127.354301,35.530539],[127.354306,35.530512],[127.354312,35.530511],[127.354311,35.530502],[127.354317,35.530502],[127.354317,35.530493],[127.354322,35.530493],[127.354322,35.530484],[127.354328,35.530484],[127.354328,35.530471],[127.354333,35.530471],[127.354333,35.530462],[127.354339,35.530462],[127.354339,35.530453],[127.354344,35.530453],[127.354344,35.530439],[127.35435,35.530439],[127.35435,35.53043],[127.354355,35.53043],[127.354355,35.530421],[127.354361,35.530421],[127.354361,35.530412],[127.354366,35.530412],[127.354366,35.530403],[127.354372,35.530403],[127.354372,35.530394],[127.354377,35.530394],[127.354377,35.530381],[127.354383,35.530381],[127.354388,35.530363],[127.354394,35.530363],[127.354416,35.53034],[127.354432,35.53034],[127.354449,35.530358],[127.354476,35.530362],[127.354476,35.530367],[127.354493,35.530367],[127.354493,35.530371],[127.354509,35.53038],[127.354515,35.530398],[127.354521,35.530398],[127.354521,35.530439],[127.354515,35.530439],[127.354515,35.530452],[127.354504,35.530457],[127.354504,35.530466],[127.354499,35.530466],[127.354488,35.530479],[127.354477,35.530479],[127.354471,35.530488],[127.35446,35.530489],[127.35446,35.530493],[127.354438,35.530507],[127.354433,35.530534],[127.354427,35.530534],[127.354428,35.530565],[127.354433,35.530565],[127.354433,35.530588],[127.354439,35.530588],[127.354445,35.530669],[127.354428,35.530673],[127.354428,35.530678],[127.354406,35.530678],[127.354406,35.530682],[127.354373,35.530687],[127.354367,35.530701],[127.354362,35.530701],[127.354362,35.53071],[127.354357,35.53071],[127.354335,35.530732],[127.354324,35.530732],[127.354324,35.530737],[127.354296,35.530737],[127.354296,35.530741],[127.354274,35.530746],[127.354252,35.530769],[127.354241,35.530769],[127.354241,35.530773],[127.35423,35.530773],[127.35423,35.530778],[127.354191,35.530782],[127.354191,35.530787],[127.354175,35.530791],[127.354175,35.5308],[127.354164,35.530805],[127.354164,35.530814],[127.354159,35.530814],[127.354153,35.530827],[127.354148,35.530827],[127.354148,35.530859],[127.354203,35.530881],[127.354203,35.53089],[127.354208,35.53089],[127.354209,35.530922],[127.354203,35.530922],[127.354203,35.530931],[127.354198,35.530931],[127.354187,35.530944],[127.354176,35.530945],[127.354176,35.530949],[127.354109,35.530949]]]}},{"type":"Feature","properties":{"pair":"2504-2506","cls":"veg_gain","area_m2":228.6,"score":0.681},"geometry":{"type":"Polygon","coordinates":[[[127.356285,35.530438],[127.356285,35.530434],[127.356274,35.530434],[127.356274,35.530429],[127.356246,35.530411],[127.356246,35.530402],[127.356241,35.530402],[127.356241,35.530393],[127.356235,35.530393],[127.356235,35.530384],[127.356229,35.530384],[127.356229,35.530375],[127.356224,35.530375],[127.356224,35.530366],[127.356218,35.530366],[127.356218,35.530353],[127.356213,35.530353],[127.356213,35.530339],[127.356207,35.530339],[127.356207,35.530321],[127.356213,35.530321],[127.356213,35.530312],[127.356224,35.530312],[127.356224,35.530308],[127.356257,35.530307],[127.356257,35.530312],[127.35629,35.530321],[127.356301,35.530334],[127.356312,35.530334],[127.356312,35.530339],[127.356323,35.530339],[127.356323,35.530343],[127.356351,35.530343],[127.356351,35.530339],[127.356373,35.530339],[127.356373,35.530334],[127.356428,35.530339],[127.356428,35.530343],[127.356461,35.530352],[127.356461,35.530356],[127.356489,35.530374],[127.356489,35.530383],[127.356494,35.530383],[127.356489,35.530401],[127.356483,35.530401],[127.356478,35.53041],[127.356461,35.530411],[127.356461,35.530415],[127.356373,35.530415],[127.356373,35.53042],[127.356356,35.53042],[127.356356,35.530424],[127.356329,35.530429],[127.356329,35.530433],[127.356318,35.530433],[127.356318,35.530438],[127.356285,35.530438]]]}},{"type":"Feature","properties":{"pair":"2504-2506","cls":"veg_gain","area_m2":661.5,"score":0.69},"geometry":{"type":"Polygon","coordinates":[[[127.356237,35.530731],[127.356225,35.530718],[127.356214,35.530718],[127.356214,35.530713],[127.356203,35.530713],[127.356203,35.530709],[127.35617,35.530709],[127.35617,35.530704],[127.356159,35.530704],[127.356154,35.530691],[127.356148,35.530691],[127.356148,35.530677],[127.356154,35.530677],[127.356154,35.530668],[127.356159,35.530668],[127.356165,35.530659],[127.356192,35.530655],[127.356192,35.53065],[127.356203,35.53065],[127.356203,35.530646],[127.35622,35.530637],[127.356219,35.530619],[127.356214,35.530619],[127.356203,35.530605],[127.356192,35.530605],[127.356192,35.530601],[127.356159,35.530596],[127.356159,35.530601],[127.356126,35.53061],[127.356126,35.530614],[127.35612,35.530614],[127.356115,35.530623],[127.356104,35.530623],[127.356104,35.530628],[127.356076,35.530623],[127.356076,35.530619],[127.356065,35.530614],[127.356065,35.530605],[127.35606,35.530605],[127.356059,35.530592],[127.356054,35.530592],[127.356054,35.530578],[127.356048,35.530578],[127.356048,35.530565],[127.356043,35.530565],[127.356043,35.530551],[127.356037,35.530551],[127.356037,35.530529],[127.356043,35.530529],[127.356037,35.53047],[127.356031,35.53047],[127.356031,35.530461],[127.356026,35.530461],[127.35602,35.530452],[127.355993,35.530448],[127.355993,35.530443],[127.355976,35.530444],[127.355976,35.530439],[127.355965,35.530435],[127.355965,35.530426],[127.35596,35.530426],[127.355959,35.530408],[127.355965,35.530407],[127.355965,35.530389],[127.35597,35.530389],[127.355964,35.530272],[127.35597,35.530272],[127.35597,35.530263],[127.355975,35.530263],[127.355975,35.53025],[127.355981,35.53025],[127.355986,35.530227],[127.355997,35.530227],[127.355997,35.530223],[127.356014,35.530227],[127.356014,35.530232],[127.356036,35.530245],[127.356036,35.530254],[127.356041,35.530254],[127.356042,35.530268],[127.356047,35.530268],[127.356047,35.530317],[127.356053,35.530317],[127.356058,35.530335],[127.356069,35.53034],[127.356069,35.530349],[127.356075,35.530349],[127.356081,35.530358],[127.356092,35.530358],[127.356092,35.530362],[127.356114,35.530376],[127.356114,35.530385],[127.356119,35.530384],[127.356119,35.530394],[127.35613,35.530398],[127.35613,35.530407],[127.356136,35.530407],[127.356136,35.530416],[127.356141,35.530416],[127.356141,35.530425],[127.356147,35.530425],[127.356147,35.530434],[127.356153,35.530434],[127.356164,35.530461],[127.356186,35.530474],[127.356186,35.530483],[127.356202,35.530492],[127.356202,35.530501],[127.356208,35.530501],[127.356208,35.53051],[127.356213,35.53051],[127.356225,35.530537],[127.35623,35.530537],[127.35623,35.530542],[127.356258,35.53056],[127.356258,35.530569],[127.356263,35.530569],[127.356264,35.530614],[127.356269,35.530614],[127.356275,35.530632],[127.35628,35.530632],[127.356286,35.530645],[127.356291,35.530645],[127.356291,35.530659],[127.356297,35.530659],[127.356297,35.530695],[127.356291,35.530695],[127.356286,35.530717],[127.356281,35.530718],[127.35627,35.530731],[127.356237,35.530731]]]}},{"type":"Feature","properties":{"pair":"2504-2506","cls":"veg_gain","area_m2":70.0,"score":0.666},"geometry":{"type":"Polygon","coordinates":[[[127.353384,35.53028],[127.353384,35.530275],[127.353373,35.530275],[127.353373,35.530266],[127.353368,35.530266],[127.353368,35.530253],[127.353373,35.530253],[127.353373,35.530244],[127.353379,35.530244],[127.353384,35.530235],[127.353445,35.530226],[127.353445,35.530221],[127.353456,35.530221],[127.353456,35.530217],[127.353467,35.530217],[127.353467,35.530212],[127.353478,35.530212],[127.353478,35.530208],[127.353489,35.530207],[127.353489,35.530212],[127.353505,35.530216],[127.353505,35.530225],[127.353511,35.530225],[127.353511,35.530252],[127.353506,35.530252],[127.353506,35.530261],[127.3535,35.530262],[127.353495,35.530271],[127.353484,35.530271],[127.353484,35.530275],[127.353401,35.530275],[127.353401,35.53028],[127.353384,35.53028]]]}},{"type":"Feature","properties":{"pair":"2504-2506","cls":"veg_gain","area_m2":45.8,"score":0.662},"geometry":{"type":"Polygon","coordinates":[[[127.350369,35.530235],[127.350369,35.53023],[127.350358,35.53023],[127.350358,35.530226],[127.350341,35.530217],[127.350341,35.530208],[127.35033,35.530203],[127.35033,35.53019],[127.350335,35.53019],[127.350341,35.530181],[127.350352,35.530181],[127.350352,35.530176],[127.350396,35.53018],[127.350401,35.530189],[127.350424,35.530194],[127.350424,35.530198],[127.350435,35.530203],[127.350435,35.530212],[127.35044,35.530212],[127.350435,35.530225],[127.350418,35.53023],[127.350418,35.530234],[127.350369,35.530235]]]}},{"type":"Feature","properties":{"pair":"2504-2506","cls":"veg_gain","area_m2":38.0,"score":0.654},"geometry":{"type":"Polygon","coordinates":[[[127.350242,35.530221],[127.350242,35.530217],[127.350231,35.530217],[127.350231,35.530212],[127.35022,35.530208],[127.35022,35.530199],[127.350214,35.530199],[127.350219,35.530172],[127.350236,35.530167],[127.350236,35.530163],[127.350286,35.530167],[127.350286,35.530172],[127.350297,35.530176],[127.350302,35.530194],[127.350297,35.530194],[127.350275,35.530217],[127.350242,35.530221]]]}},{"type":"Feature","properties":{"pair":"2504-2506","cls":"built_new","area_m2":58.6,"score":0.662},"geometry":{"type":"Polygon","coordinates":[[[127.350528,35.530112],[127.350528,35.530108],[127.350511,35.530103],[127.350511,35.53009],[127.350517,35.53009],[127.350522,35.530081],[127.350533,35.530081],[127.350533,35.530076],[127.350544,35.530076],[127.350544,35.530072],[127.350577,35.530063],[127.350583,35.530054],[127.350594,35.530054],[127.350594,35.530049],[127.350605,35.530049],[127.350605,35.530045],[127.350632,35.530045],[127.350632,35.530049],[127.350643,35.530049],[127.350649,35.530076],[127.350644,35.530076],[127.350644,35.530085],[127.350638,35.530085],[127.350627,35.530099],[127.350589,35.530103],[127.350589,35.530108],[127.350572,35.530108],[127.350572,35.530112],[127.350528,35.530112]]]}},{"type":"Feature","properties":{"pair":"2504-2506","cls":"veg_gain","area_m2":67.8,"score":0.674},"geometry":{"type":"Polygon","coordinates":[[[127.354822,35.530109],[127.354817,35.530095],[127.354839,35.530082],[127.35485,35.530055],[127.354855,35.530055],[127.354872,35.530037],[127.354927,35.530032],[127.354927,35.530027],[127.35496,35.530027],[127.35496,35.530023],[127.354971,35.530023],[127.354971,35.530027],[127.354988,35.530032],[127.354988,35.530045],[127.354982,35.530045],[127.354977,35.530054],[127.354966,35.530054],[127.354966,35.530059],[127.354933,35.530068],[127.354927,35.530077],[127.354916,35.530077],[127.354916,35.530082],[127.354905,35.530082],[127.354905,35.530086],[127.354889,35.530086],[127.354889,35.530091],[127.354872,35.530091],[127.354872,35.530095],[127.354861,35.530095],[127.354861,35.5301],[127.35485,35.5301],[127.35485,35.530104],[127.354839,35.530104],[127.354839,35.530109],[127.354822,35.530109]]]}},{"type":"Feature","properties":{"pair":"2504-2506","cls":"veg_loss","area_m2":619.8,"score":0.729},"geometry":{"type":"Polygon","coordinates":[[[127.349227,35.530139],[127.349227,35.530134],[127.349188,35.530134],[127.349188,35.53013],[127.349144,35.530125],[127.349144,35.530121],[127.349133,35.530121],[127.349133,35.530117],[127.349122,35.530112],[127.349122,35.530103],[127.349128,35.530103],[127.349128,35.530098],[127.349254,35.530098],[127.349254,35.530094],[127.349293,35.530089],[127.349293,35.530084],[127.349304,35.530084],[127.349304,35.53008],[127.349315,35.53008],[127.349315,35.530075],[127.349331,35.530075],[127.349331,35.530071],[127.349348,35.530071],[127.349348,35.530066],[127.349398,35.530062],[127.349398,35.530057],[127.349447,35.530057],[127.349447,35.530053],[127.349469,35.530052],[127.349469,35.530048],[127.349491,35.530048],[127.349491,35.530043],[127.349519,35.530043],[127.349519,35.530039],[127.349673,35.530043],[127.349673,35.530038],[127.34969,35.530038],[127.34969,35.530034],[127.349701,35.530034],[127.349701,35.530029],[127.349849,35.530029],[127.349849,35.530033],[127.349888,35.530038],[127.349888,35.530042],[127.349976,35.530042],[127.349976,35.530046],[127.350158,35.530055],[127.350158,35.530059],[127.35018,35.530059],[127.35018,35.530064],[127.350208,35.530068],[127.350208,35.530073],[127.350274,35.530073],[127.350274,35.530077],[127.350296,35.530082],[127.350296,35.530086],[127.350313,35.530091],[127.350313,35.530095],[127.350324,35.530095],[127.350324,35.530091],[127.350335,35.53009],[127.350335,35.530086],[127.350351,35.530086],[127.350351,35.530081],[127.350412,35.530081],[127.350412,35.530086],[127.35044,35.53009],[127.35044,35.530099],[127.350445,35.530099],[127.35044,35.530113],[127.350429,35.530113],[127.350429,35.530117],[127.350412,35.530117],[127.350412,35.530122],[127.350396,35.530122],[127.350396,35.530126],[127.350352,35.530126],[127.350352,35.530122],[127.350329,35.530118],[127.350329,35.530113],[127.350324,35.530113],[127.350318,35.530104],[127.350307,35.530104],[127.350307,35.5301],[127.350296,35.5301],[127.350296,35.530104],[127.350236,35.530104],[127.350236,35.5301],[127.350125,35.5301],[127.350125,35.530096],[127.350059,35.530096],[127.350059,35.530091],[127.349839,35.530092],[127.349839,35.530087],[127.349739,35.530083],[127.349739,35.530088],[127.349618,35.530088],[127.349618,35.530093],[127.34958,35.530093],[127.34958,35.530097],[127.349536,35.530097],[127.349536,35.530102],[127.349508,35.530102],[127.349508,35.530106],[127.34948,35.530106],[127.34948,35.530111],[127.349447,35.530111],[127.349447,35.530116],[127.349403,35.53012],[127.349403,35.530125],[127.349365,35.530129],[127.349365,35.530134],[127.349332,35.530134],[127.349332,35.530138],[127.349227,35.530139]]]}},{"type":"Feature","properties":{"pair":"2504-2506","cls":"veg_gain","area_m2":369.9,"score":0.688},"geometry":{"type":"Polygon","coordinates":[[[127.353643,35.530212],[127.353632,35.530185],[127.353621,35.53018],[127.353621,35.530171],[127.353615,35.530171],[127.35361,35.530158],[127.353593,35.530149],[127.353593,35.53014],[127.353588,35.53014],[127.353588,35.530131],[127.353582,35.530131],[127.353582,35.530122],[127.353577,35.530122],[127.353576,35.53009],[127.353582,35.53009],[127.353582,35.530081],[127.353587,35.530081],[127.353587,35.530076],[127.353626,35.530049],[127.353626,35.53004],[127.353631,35.53004],[127.353631,35.52995],[127.353636,35.52995],[127.353647,35.529937],[127.353658,35.529937],[127.353669,35.529923],[127.35368,35.529923],[127.353691,35.529909],[127.353713,35.529909],[127.353719,35.529923],[127.353725,35.529923],[127.353725,35.529932],[127.35373,35.529932],[127.35373,35.529963],[127.353736,35.529963],[127.353741,35.530004],[127.353747,35.530004],[127.353753,35.530017],[127.353764,35.530017],[127.353764,35.530022],[127.353775,35.530026],[127.353775,35.530035],[127.35378,35.530035],[127.35378,35.530058],[127.353775,35.530058],[127.353775,35.530067],[127.353764,35.530071],[127.353764,35.53008],[127.353758,35.53008],[127.353758,35.53009],[127.353753,35.53009],[127.353753,35.530099],[127.353747,35.530099],[127.353748,35.530135],[127.353753,35.530135],[127.353753,35.530157],[127.353748,35.530157],[127.353748,35.530166],[127.353742,35.530166],[127.353737,35.530175],[127.353715,35.53018],[127.353715,35.530184],[127.353687,35.530189],[127.353665,35.530211],[127.353643,35.530212]]]}},{"type":"Feature","properties":{"pair":"2504-2506","cls":"veg_gain","area_m2":421.6,"score":0.701},"geometry":{"type":"Polygon","coordinates":[[[127.354525,35.5302],[127.354525,35.530195],[127.354498,35.530191],[127.354498,35.530182],[127.354492,35.530182],[127.354497,35.530159],[127.354503,35.530159],[127.354503,35.53015],[127.354514,35.530146],[127.354514,35.530137],[127.354519,35.530137],[127.354519,35.530132],[127.354552,35.53011],[127.354552,35.530101],[127.354563,35.530096],[127.354563,35.530087],[127.354569,35.530087],[127.354569,35.530078],[127.354574,35.530078],[127.354574,35.530069],[127.35458,35.530069],[127.35458,35.53006],[127.354585,35.53006],[127.354585,35.530051],[127.354591,35.530051],[127.354602,35.530024],[127.354607,35.530024],[127.354613,35.53001],[127.354629,35.530001],[127.354629,35.529992],[127.35464,35.529988],[127.35464,35.529979],[127.354645,35.529979],[127.354645,35.52997],[127.354656,35.529965],[127.354656,35.529956],[127.354662,35.529956],[127.354678,35.529938],[127.354689,35.529938],[127.354695,35.529929],[127.354728,35.52992],[127.354733,35.529911],[127.354744,35.529911],[127.354744,35.529906],[127.354755,35.529906],[127.354755,35.529902],[127.354788,35.529906],[127.3548,35.529933],[127.354816,35.529942],[127.354816,35.529951],[127.354822,35.529951],[127.354822,35.52996],[127.354827,35.52996],[127.354828,35.530005],[127.354822,35.530005],[127.354817,35.530023],[127.354806,35.530028],[127.354806,35.530037],[127.3548,35.530037],[127.3548,35.530041],[127.354784,35.53005],[127.354784,35.530059],[127.354778,35.530059],[127.354767,35.530073],[127.354756,35.530073],[127.354751,35.530087],[127.354745,35.530087],[127.354729,35.530105],[127.354718,35.530105],[127.354718,35.530109],[127.35469,35.530105],[127.354679,35.530091],[127.354646,35.530091],[127.354646,35.530096],[127.354624,35.53011],[127.354624,35.530119],[127.354619,35.530119],[127.354613,35.530146],[127.354608,35.530146],[127.354608,35.530155],[127.354602,35.530155],[127.354602,35.530164],[127.354597,35.530164],[127.354597,35.530177],[127.354591,35.530177],[127.354586,35.530195],[127.354575,35.530195],[127.354575,35.5302],[127.354525,35.5302]]]}},{"type":"Feature","properties":{"pair":"2504-2506","cls":"veg_loss","area_m2":4944.0,"score":0.783},"geometry":{"type":"Polygon","coordinates":[[[127.35187,35.530699],[127.35187,35.530694],[127.351859,35.530694],[127.351859,35.530685],[127.351854,35.530685],[127.351853,35.530645],[127.351859,35.530645],[127.351859,35.530631],[127.351864,35.530631],[127.351864,35.530618],[127.35187,35.530618],[127.35187,35.5306],[127.351875,35.5306],[127.351875,35.530586],[127.351881,35.530586],[127.351892,35.530546],[127.351897,35.530546],[127.351897,35.530537],[127.351902,35.530537],[127.351902,35.530523],[127.351908,35.530523],[127.351919,35.530496],[127.35193,35.530491],[127.35193,35.530482],[127.351935,35.530482],[127.351935,35.530478],[127.351946,35.530473],[127.351946,35.530464],[127.351957,35.53046],[127.351963,35.530442],[127.351974,35.530437],[127.351974,35.530428],[127.351979,35.530428],[127.351985,35.53041],[127.351996,35.530406],[127.351996,35.530397],[127.352007,35.530392],[127.352007,35.530383],[127.352029,35.530369],[127.352029,35.53036],[127.352034,35.53036],[127.35204,35.530351],[127.352051,35.530351],[127.352072,35.530329],[127.352084,35.530329],[127.352083,35.530324],[127.352089,35.530324],[127.3521,35.530311],[127.352111,35.530311],[127.352122,35.530297],[127.352133,35.530297],[127.352133,35.530293],[127.352144,35.530293],[127.352144,35.530288],[127.352177,35.530279],[127.352177,35.530274],[127.352199,35.530261],[127.352199,35.530252],[127.35221,35.530247],[127.35221,35.530238],[127.352215,35.530238],[127.352309,35.530157],[127.35232,35.530157],[127.35232,35.530152],[127.352336,35.530148],[127.352336,35.530143],[127.352353,35.530143],[127.352353,35.530139],[127.352375,35.530134],[127.35238,35.530121],[127.352386,35.530121],[127.352386,35.530112],[127.352391,35.530112],[127.352391,35.530103],[127.352397,35.530103],[127.352397,35.530093],[127.352413,35.530084],[127.352413,35.530075],[127.352419,35.530075],[127.352452,35.530044],[127.352463,35.530044],[127.352479,35.530026],[127.35249,35.530026],[127.352501,35.530012],[127.352512,35.530012],[127.352518,35.530003],[127.352529,35.530003],[127.352534,35.529994],[127.352545,35.529994],[127.352545,35.529989],[127.352562,35.529985],[127.352567,35.529976],[127.352595,35.529971],[127.352595,35.529967],[127.352606,35.529967],[127.352606,35.529962],[127.352622,35.529962],[127.352622,35.529958],[127.352655,35.529949],[127.352655,35.529944],[127.352672,35.529939],[127.352683,35.529926],[127.352694,35.529926],[127.35271,35.529908],[127.352721,35.529908],[127.352727,35.529899],[127.352749,35.529894],[127.352754,35.529885],[127.352787,35.529876],[127.352793,35.529867],[127.352815,35.529862],[127.35282,35.529853],[127.352831,35.529853],[127.352831,35.529849],[127.352842,35.529849],[127.352842,35.529844],[127.352875,35.529835],[127.352881,35.529826],[127.352892,35.529826],[127.352892,35.529822],[127.352903,35.529822],[127.352903,35.529817],[127.352914,35.529817],[127.352914,35.529813],[127.35293,35.529813],[127.35293,35.529808],[127.352941,35.529808],[127.352941,35.529803],[127.352958,35.529803],[127.352958,35.529799],[127.352969,35.529799],[127.352969,35.529794],[127.352985,35.529794],[127.352985,35.52979],[127.352996,35.52979],[127.352996,35.529785],[127.353013,35.529785],[127.353013,35.529781],[127.353029,35.529781],[127.353029,35.529776],[127.35309,35.529772],[127.35309,35.529767],[127.353134,35.529762],[127.353134,35.529758],[127.353151,35.529758],[127.35315,35.529753],[127.353178,35.529753],[127.353178,35.529749],[127.353261,35.529739],[127.353261,35.529735],[127.353316,35.529735],[127.353316,35.529739],[127.353332,35.529739],[127.353332,35.529744],[127.353343,35.529744],[127.353343,35.529748],[127.353354,35.529753],[127.35336,35.529771],[127.353355,35.529771],[127.353355,35.52978],[127.353349,35.52978],[127.353338,35.529793],[127.353311,35.529798],[127.353311,35.529802],[127.353294,35.529802],[127.353294,35.529807],[127.353278,35.529807],[127.353278,35.529812],[127.353261,35.529812],[127.353261,35.529816],[127.353239,35.529821],[127.353234,35.529834],[127.353228,35.529834],[127.353228,35.529861],[127.353223,35.529861],[127.353223,35.529879],[127.353217,35.529879],[127.353206,35.52992],[127.353212,35.52992],[127.353212,35.529929],[127.353217,35.529929],[127.353229,35.529942],[127.353267,35.529951],[127.353273,35.529965],[127.353278,35.529965],[127.353278,35.529987],[127.353273,35.529987],[127.353262,35.530014],[127.353256,35.530014],[127.353234,35.530037],[127.353223,35.530037],[127.353223,35.530042],[127.353212,35.530042],[127.353207,35.530051],[127.353179,35.530055],[127.353179,35.53006],[127.353135,35.53006],[127.353135,35.530055],[127.353113,35.530051],[127.353113,35.530055],[127.353102,35.530055],[127.353102,35.53006],[127.353091,35.530064],[127.353086,35.530087],[127.353075,35.530087],[127.353075,35.530092],[127.353064,35.530092],[127.353064,35.530096],[127.353036,35.530096],[127.353036,35.530101],[127.353014,35.530105],[127.353009,35.530114],[127.352998,35.530114],[127.352987,35.530128],[127.352976,35.530128],[127.352976,35.530132],[127.352965,35.530132],[127.352965,35.530137],[127.352948,35.530137],[127.352948,35.530141],[127.352882,35.530146],[127.352882,35.530142],[127.352866,35.530142],[127.352843,35.530119],[127.352821,35.530119],[127.352821,35.530124],[127.35281,35.530128],[127.35281,35.530142],[127.352799,35.530146],[127.352799,35.530155],[127.352794,35.530155],[127.352772,35.530178],[127.352761,35.530178],[127.352744,35.530196],[127.352733,35.530196],[127.352722,35.53021],[127.352706,35.530214],[127.352706,35.530223],[127.3527,35.530223],[127.352696,35.530354],[127.35269,35.530354],[127.352685,35.530399],[127.35269,35.530399],[127.352696,35.530422],[127.352701,35.530422],[127.352701,35.530426],[127.352712,35.530431],[127.352712,35.53044],[127.352718,35.53044],[127.352718,35.530489],[127.352713,35.530489],[127.352713,35.530498],[127.352707,35.530498],[127.352685,35.530521],[127.352669,35.530521],[127.352669,35.530525],[127.352592,35.530526],[127.352592,35.53053],[127.35257,35.530535],[127.352564,35.530544],[127.352553,35.530544],[127.352548,35.530553],[127.352537,35.530553],[127.352537,35.530557],[127.352526,35.530557],[127.352526,35.530562],[127.352515,35.530562],[127.352515,35.530566],[127.352504,35.530566],[127.352504,35.530571],[127.352471,35.53058],[127.352465,35.530589],[127.352454,35.530589],[127.352454,35.530594],[127.352438,35.530598],[127.352432,35.530607],[127.352421,35.530607],[127.352421,35.530612],[127.352382,35.530612],[127.352382,35.530607],[127.352371,35.530607],[127.352371,35.530603],[127.35236,35.530603],[127.35236,35.530598],[127.352349,35.530598],[127.352349,35.530594],[127.352311,35.530589],[127.352311,35.530585],[127.3523,35.530585],[127.3523,35.53058],[127.352289,35.530581],[127.352289,35.530576],[127.352278,35.530572],[127.352277,35.530554],[127.352288,35.530553],[127.352288,35.530549],[127.352327,35.530553],[127.352327,35.530549],[127.352344,35.530544],[127.352349,35.530517],[127.352354,35.530517],[127.352354,35.530504],[127.35236,35.530504],[127.35236,35.530486],[127.352365,35.530486],[127.352365,35.530472],[127.352371,35.530472],[127.352371,35.530454],[127.352365,35.530454],[127.35236,35.530441],[127.352349,35.530441],[127.352349,35.530436],[127.352321,35.530436],[127.352321,35.530441],[127.35231,35.530441],[127.352272,35.530477],[127.352261,35.530477],[127.352261,35.530481],[127.35225,35.530481],[127.35225,35.530486],[127.352239,35.530486],[127.352239,35.530491],[127.352228,35.530495],[127.352222,35.530522],[127.352228,35.530522],[127.352228,35.530531],[127.352233,35.530531],[127.352233,35.53054],[127.352239,35.53054],[127.352239,35.530549],[127.352244,35.530549],[127.352244,35.530563],[127.352239,35.530563],[127.352233,35.530581],[127.352228,35.530581],[127.3522,35.530608],[127.352189,35.530608],[127.352184,35.530617],[127.352173,35.530617],[127.352173,35.530621],[127.352146,35.53064],[127.35214,35.530662],[127.352135,35.530662],[127.352135,35.530676],[127.352129,35.530676],[127.352124,35.530689],[127.352113,35.530689],[127.352113,35.530694],[127.35203,35.530689],[127.35203,35.530694],[127.352013,35.530694],[127.352013,35.530698],[127.35198,35.530699],[127.35198,35.530694],[127.351969,35.530694],[127.351969,35.53069],[127.351964,35.53069],[127.351958,35.530681],[127.351947,35.530681],[127.351947,35.530676],[127.351914,35.530676],[127.351914,35.530681],[127.351903,35.530681],[127.351892,35.530694],[127.35187,35.530699]],[[127.352514,35.530485],[127.352542,35.530485],[127.352542,35.530481],[127.352558,35.530472],[127.352558,35.53044],[127.352553,35.53044],[127.352547,35.530422],[127.352541,35.530422],[127.352541,35.530418],[127.35253,35.530413],[127.35253,35.530404],[127.352525,35.530404],[127.35253,35.530336],[127.352514,35.530332],[127.352514,35.530327],[127.352491,35.530314],[127.352486,35.530296],[127.352475,35.530292],[127.352475,35.530283],[127.352469,35.530283],[127.352464,35.530274],[127.352453,35.530274],[127.352453,35.530269],[127.352442,35.530269],[127.352442,35.530265],[127.352392,35.530265],[127.352392,35.530269],[127.35237,35.530274],[127.352365,35.530301],[127.35237,35.530301],[127.352381,35.530314],[127.352392,35.530314],[127.352414,35.530337],[127.352436,35.530341],[127.352436,35.530346],[127.352453,35.530355],[127.352453,35.530377],[127.352448,35.530377],[127.352448,35.530386],[127.352442,35.530386],[127.352442,35.530404],[127.352448,35.530404],[127.352453,35.530413],[127.35247,35.530413],[127.35247,35.530418],[127.352486,35.530422],[127.352486,35.530431],[127.352492,35.530431],[127.352492,35.530467],[127.352498,35.530467],[127.352498,35.530476],[127.352514,35.530481],[127.352514,35.530485]]]}},{"type":"Feature","properties":{"pair":"2504-2506","cls":"veg_gain","area_m2":64.2,"score":0.71},"geometry":{"type":"Polygon","coordinates":[[[127.350295,35.529681],[127.350294,35.529676],[127.350261,35.529654],[127.350261,35.529645],[127.350256,35.529645],[127.350256,35.529636],[127.35025,35.529636],[127.35025,35.529604],[127.350256,35.529604],[127.350256,35.529595],[127.350261,35.529595],[127.350267,35.529586],[127.350289,35.529586],[127.350289,35.52959],[127.350344,35.529631],[127.350344,35.529644],[127.350349,35.529644],[127.35035,35.529662],[127.350344,35.529662],[127.350344,35.529671],[127.350339,35.529671],[127.350333,35.52968],[127.350295,35.529681]]]}},{"type":"Feature","properties":{"pair":"2504-2506","cls":"built_new","area_m2":176.0,"score":0.687},"geometry":{"type":"Polygon","coordinates":[[[127.350874,35.529805],[127.350874,35.529801],[127.350863,35.529801],[127.350863,35.529783],[127.350868,35.529782],[127.350879,35.529769],[127.350896,35.529769],[127.350896,35.529764],[127.35094,35.529764],[127.35094,35.52976],[127.350962,35.529755],[127.350967,35.529746],[127.350978,35.529746],[127.350978,35.529742],[127.350989,35.529742],[127.350989,35.529737],[127.351022,35.529728],[127.351033,35.529714],[127.351044,35.529714],[127.35105,35.529701],[127.351055,35.529701],[127.351061,35.529687],[127.351066,35.529687],[127.351072,35.529651],[127.351077,35.529651],[127.351077,35.529642],[127.351083,35.529642],[127.351094,35.529615],[127.351105,35.529611],[127.351105,35.529602],[127.351121,35.529592],[127.351121,35.529583],[127.351127,35.529583],[127.351127,35.529579],[127.351143,35.52957],[127.351143,35.529561],[127.351148,35.529561],[127.351159,35.529547],[127.35117,35.529547],[127.351176,35.529538],[127.351187,35.529538],[127.351187,35.529534],[127.351209,35.529534],[127.351209,35.529538],[127.351215,35.529538],[127.351215,35.529556],[127.351209,35.529556],[127.351209,35.529565],[127.351204,35.529565],[127.351204,35.529579],[127.351198,35.529579],[127.351187,35.529606],[127.351182,35.529606],[127.351176,35.529619],[127.35116,35.529628],[127.35116,35.529637],[127.351143,35.529647],[127.351143,35.529656],[127.351138,35.529656],[127.351138,35.529665],[127.351127,35.529669],[127.351127,35.529678],[127.351121,35.529678],[127.351017,35.529769],[127.35099,35.529773],[127.35099,35.529778],[127.35094,35.529782],[127.35094,35.529787],[127.350929,35.529787],[127.350929,35.529791],[127.350918,35.529791],[127.350918,35.529796],[127.350907,35.529796],[127.350907,35.5298],[127.350874,35.529805]]]}},{"type":"Feature","properties":{"pair":"2504-2506","cls":"veg_gain","area_m2":73.0,"score":0.681},"geometry":{"type":"Polygon","coordinates":[[[127.35391,35.529499],[127.35391,35.529494],[127.353877,35.529494],[127.353877,35.52949],[127.353866,35.52949],[127.353866,35.529485],[127.353855,35.529481],[127.353849,35.529463],[127.353855,35.529463],[127.353855,35.529454],[127.35386,35.529454],[127.353866,35.529445],[127.353882,35.529445],[127.353882,35.52944],[127.35396,35.52944],[127.35396,35.529444],[127.353976,35.529444],[127.353976,35.529449],[127.353998,35.529453],[127.354004,35.529471],[127.353998,35.529471],[127.353998,35.52948],[127.353993,35.52948],[127.353982,35.529494],[127.353965,35.529494],[127.353965,35.529499],[127.35391,35.529499]]]}},{"type":"Feature","properties":{"pair":"2504-2506","cls":"built_new","area_m2":872.6,"score":0.702},"geometry":{"type":"Polygon","coordinates":[[[127.349286,35.529801],[127.349286,35.529796],[127.349275,35.529796],[127.349275,35.529787],[127.34927,35.529787],[127.349269,35.52976],[127.349275,35.52976],[127.349275,35.529751],[127.34928,35.529751],[127.34928,35.529742],[127.349286,35.529742],[127.349286,35.529733],[127.349291,35.529733],[127.349291,35.529724],[127.349297,35.529724],[127.349297,35.52971],[127.349302,35.52971],[127.349308,35.529692],[127.349319,35.529688],[127.349319,35.529679],[127.349324,35.529679],[127.349341,35.529661],[127.349352,35.529661],[127.349352,35.529656],[127.349363,35.529656],[127.349363,35.529652],[127.349379,35.529652],[127.349379,35.529647],[127.349396,35.529647],[127.349396,35.529643],[127.349418,35.529643],[127.349418,35.529638],[127.349484,35.529638],[127.349484,35.529633],[127.3495,35.529633],[127.3495,35.529629],[127.349522,35.529624],[127.349522,35.52962],[127.349533,35.529615],[127.349533,35.529606],[127.349544,35.529602],[127.349555,35.529575],[127.349561,35.529574],[127.349566,35.529565],[127.349577,35.529565],[127.349577,35.529561],[127.34961,35.529561],[127.34961,35.529565],[127.349632,35.529565],[127.349632,35.52957],[127.349677,35.52957],[127.349677,35.529565],[127.349688,35.529565],[127.349688,35.529561],[127.34971,35.529547],[127.349715,35.529529],[127.349726,35.529524],[127.349726,35.529515],[127.349731,35.529515],[127.349737,35.529506],[127.349764,35.529502],[127.349764,35.529497],[127.349787,35.529497],[127.349786,35.529493],[127.349798,35.529493],[127.349798,35.529488],[127.349814,35.529488],[127.349814,35.529484],[127.349825,35.529484],[127.349825,35.529479],[127.349836,35.529479],[127.349836,35.529475],[127.349847,35.529475],[127.349847,35.52947],[127.349858,35.52947],[127.349858,35.529465],[127.349869,35.529465],[127.349869,35.529461],[127.349902,35.529452],[127.349913,35.529438],[127.349924,35.529438],[127.349924,35.529434],[127.349935,35.529434],[127.349935,35.529429],[127.349952,35.529429],[127.349952,35.529425],[127.349968,35.529425],[127.349968,35.52942],[127.350056,35.529415],[127.350056,35.529411],[127.350078,35.529406],[127.350106,35.529379],[127.350133,35.529375],[127.350133,35.52937],[127.35015,35.52937],[127.35015,35.529374],[127.350166,35.529379],[127.350166,35.529388],[127.350172,35.529388],[127.350172,35.529419],[127.350167,35.52942],[127.350145,35.529442],[127.350128,35.529442],[127.350128,35.529447],[127.350067,35.529442],[127.350067,35.529447],[127.350056,35.529447],[127.350056,35.529451],[127.35004,35.52946],[127.35004,35.529469],[127.350029,35.529474],[127.350029,35.529483],[127.350018,35.529488],[127.350018,35.529497],[127.350007,35.529501],[127.350007,35.52951],[127.350002,35.52951],[127.349985,35.529528],[127.349974,35.529528],[127.349969,35.529537],[127.349941,35.529542],[127.349941,35.529546],[127.34993,35.529546],[127.34993,35.529551],[127.349897,35.52956],[127.349897,35.529565],[127.349881,35.529569],[127.349875,35.529578],[127.349864,35.529578],[127.349864,35.529583],[127.349853,35.529583],[127.349853,35.529587],[127.349842,35.529587],[127.349842,35.529592],[127.349831,35.529592],[127.349831,35.529596],[127.34982,35.529596],[127.34982,35.529601],[127.349804,35.529601],[127.349804,35.529605],[127.349793,35.529605],[127.349793,35.52961],[127.349781,35.52961],[127.349782,35.529614],[127.349748,35.529619],[127.349748,35.529624],[127.349726,35.529628],[127.349721,35.529637],[127.34971,35.529637],[127.34971,35.529642],[127.349699,35.529642],[127.349699,35.529646],[127.349688,35.529646],[127.349688,35.529651],[127.349677,35.529651],[127.349677,35.529655],[127.34966,35.529655],[127.34966,35.52966],[127.349633,35.529664],[127.349633,35.529669],[127.349622,35.529669],[127.349622,35.529673],[127.349605,35.529674],[127.349605,35.529678],[127.349589,35.529678],[127.349589,35.529683],[127.349578,35.529683],[127.349578,35.529687],[127.349528,35.529696],[127.349528,35.529701],[127.349495,35.52971],[127.34949,35.529719],[127.349468,35.529723],[127.349462,35.529733],[127.349451,35.529733],[127.349446,35.529742],[127.349435,35.529742],[127.349429,35.529751],[127.349418,35.529751],[127.349413,35.52976],[127.349402,35.52976],[127.349396,35.529769],[127.349385,35.529769],[127.349385,35.529773],[127.349374,35.529773],[127.349374,35.529778],[127.349358,35.529778],[127.349358,35.529782],[127.34933,35.529787],[127.34933,35.529791],[127.349319,35.529792],[127.349319,35.529796],[127.349286,35.529801]]]}},{"type":"Feature","properties":{"pair":"2504-2506","cls":"veg_gain","area_m2":164.9,"score":0.687},"geometry":{"type":"Polygon","coordinates":[[[127.34913,35.529468],[127.34913,35.529463],[127.349114,35.529463],[127.349114,35.529459],[127.349081,35.52945],[127.349075,35.529441],[127.349064,35.529441],[127.349064,35.529436],[127.349031,35.529414],[127.349031,35.529405],[127.349025,35.529405],[127.34902,35.529391],[127.349014,35.529391],[127.34902,35.529373],[127.349047,35.529369],[127.349047,35.529364],[127.34913,35.529364],[127.34913,35.529368],[127.349152,35.529368],[127.349152,35.529373],[127.349185,35.529377],[127.349185,35.529382],[127.349196,35.529382],[127.349202,35.529391],[127.349213,35.529391],[127.349213,35.529395],[127.349224,35.529395],[127.349224,35.5294],[127.34924,35.529404],[127.34924,35.529427],[127.349235,35.529427],[127.349202,35.529458],[127.349191,35.529458],[127.349191,35.529463],[127.34918,35.529463],[127.34918,35.529467],[127.34913,35.529468]]]}},{"type":"Feature","properties":{"pair":"2504-2506","cls":"built_new","area_m2":1064.6,"score":0.762},"geometry":{"type":"Polygon","coordinates":[[[127.348591,35.529753],[127.348591,35.529749],[127.34858,35.529749],[127.348575,35.529735],[127.348569,35.529735],[127.348575,35.529722],[127.348586,35.529722],[127.348586,35.529717],[127.348619,35.529717],[127.348619,35.529712],[127.34863,35.529712],[127.34863,35.529708],[127.348641,35.529708],[127.348641,35.529703],[127.348652,35.529703],[127.348652,35.529699],[127.348696,35.529703],[127.348696,35.529699],[127.348718,35.529694],[127.348718,35.52969],[127.34874,35.529676],[127.34874,35.529667],[127.348751,35.529662],[127.348756,35.529644],[127.348762,35.529644],[127.348773,35.529631],[127.348784,35.529631],[127.348784,35.529626],[127.348806,35.529613],[127.348806,35.529604],[127.348811,35.529604],[127.348811,35.529595],[127.348817,35.529595],[127.348817,35.529581],[127.348822,35.529581],[127.348822,35.529572],[127.348833,35.529568],[127.348833,35.529559],[127.348839,35.529559],[127.348839,35.52955],[127.348844,35.52955],[127.348844,35.529522],[127.348838,35.529523],[127.348833,35.529504],[127.348822,35.5295],[127.348822,35.529491],[127.348811,35.529487],[127.348811,35.529478],[127.348805,35.529478],[127.348805,35.529469],[127.348794,35.529464],[127.348794,35.529455],[127.348789,35.529455],[127.348772,35.529437],[127.34875,35.529433],[127.34875,35.529437],[127.348739,35.529437],[127.348733,35.529451],[127.348728,35.529451],[127.348728,35.52946],[127.348733,35.52946],[127.348733,35.529469],[127.348739,35.529469],[127.348739,35.529487],[127.348745,35.529487],[127.348745,35.529536],[127.348739,35.529536],[127.348739,35.529545],[127.348717,35.529545],[127.348701,35.529527],[127.34869,35.529527],[127.34869,35.529523],[127.348667,35.529509],[127.348667,35.5295],[127.348662,35.5295],[127.348662,35.529491],[127.348656,35.529491],[127.348656,35.529478],[127.348651,35.529478],[127.348651,35.529464],[127.348645,35.529464],[127.348645,35.529455],[127.348629,35.529451],[127.348629,35.529446],[127.348596,35.529447],[127.348596,35.529451],[127.348585,35.529456],[127.348579,35.529523],[127.348574,35.529523],[127.348568,35.529537],[127.348557,35.529537],[127.348557,35.529541],[127.348508,35.529541],[127.348508,35.529537],[127.348497,35.529537],[127.348491,35.529524],[127.348486,35.529524],[127.348485,35.529469],[127.34848,35.529469],[127.34848,35.529451],[127.348474,35.529451],[127.348469,35.529415],[127.348463,35.529415],[127.348468,35.52937],[127.348474,35.52937],[127.348474,35.529361],[127.348479,35.529361],[127.348507,35.529334],[127.348518,35.529334],[127.348518,35.52933],[127.348529,35.52933],[127.348529,35.529325],[127.348545,35.529325],[127.348545,35.529321],[127.348567,35.52932],[127.348567,35.529316],[127.348589,35.529316],[127.348589,35.529311],[127.348766,35.529306],[127.348766,35.529311],[127.348788,35.529315],[127.348788,35.52932],[127.348816,35.529338],[127.348816,35.529347],[127.348821,35.529347],[127.348821,35.529356],[127.348827,35.529356],[127.348827,35.529365],[127.348832,35.529365],[127.348832,35.529374],[127.348838,35.529374],[127.348838,35.529383],[127.348843,35.529383],[127.348843,35.529396],[127.348849,35.529396],[127.348849,35.529405],[127.348854,35.529405],[127.348855,35.529419],[127.34886,35.529419],[127.348871,35.529446],[127.348882,35.52945],[127.348882,35.529459],[127.348888,35.529459],[127.348921,35.529491],[127.348932,35.529491],[127.348938,35.5295],[127.348949,35.5295],[127.348949,35.529504],[127.348998,35.52954],[127.349004,35.529563],[127.349009,35.529563],[127.34901,35.529576],[127.349004,35.529576],[127.349004,35.52959],[127.348999,35.52959],[127.348999,35.529599],[127.348993,35.529599],[127.348988,35.529608],[127.348977,35.529608],[127.348977,35.529612],[127.348966,35.529612],[127.348966,35.529617],[127.348922,35.529617],[127.348922,35.529621],[127.348911,35.529621],[127.348911,35.529626],[127.348883,35.529644],[127.348883,35.529653],[127.348878,35.529653],[127.34885,35.52968],[127.348839,35.52968],[127.348823,35.529698],[127.348812,35.529698],[127.348801,35.529712],[127.34879,35.529712],[127.348779,35.529725],[127.348757,35.52973],[127.348751,35.529739],[127.348724,35.529744],[127.348724,35.529748],[127.348702,35.529748],[127.348702,35.529753],[127.34868,35.529753],[127.34868,35.529748],[127.348591,35.529753]]]}},{"type":"Feature","properties":{"pair":"2504-2506","cls":"veg_gain","area_m2":42.9,"score":0.678},"geometry":{"type":"Polygon","coordinates":[[[127.348496,35.52928],[127.34849,35.529267],[127.348484,35.529267],[127.348484,35.529249],[127.34849,35.529249],[127.34849,35.52924],[127.348495,35.52924],[127.348501,35.529231],[127.348512,35.529231],[127.348512,35.529226],[127.348561,35.529226],[127.348562,35.52923],[127.348578,35.529235],[127.348584,35.529253],[127.348578,35.529253],[127.348578,35.529262],[127.348573,35.529262],[127.348567,35.529271],[127.34854,35.529276],[127.34854,35.52928],[127.348496,35.52928]]]}},{"type":"Feature","properties":{"pair":"2504-2506","cls":"veg_gain","area_m2":119.2,"score":0.675},"geometry":{"type":"Polygon","coordinates":[[[127.348804,35.529131],[127.348804,35.529126],[127.348793,35.529126],[127.348793,35.529117],[127.348787,35.529117],[127.348787,35.529108],[127.348793,35.529108],[127.348803,35.529081],[127.348809,35.529081],[127.348809,35.529076],[127.348825,35.529067],[127.348825,35.529058],[127.348886,35.529013],[127.348886,35.529004],[127.348902,35.528995],[127.348902,35.528986],[127.348908,35.528986],[127.348908,35.528977],[127.348919,35.528972],[127.348919,35.528963],[127.348924,35.528963],[127.348941,35.528945],[127.348963,35.528945],[127.348968,35.528972],[127.348963,35.528972],[127.348963,35.528986],[127.348957,35.528986],[127.348952,35.529004],[127.348941,35.529008],[127.348941,35.529017],[127.348935,35.529017],[127.348935,35.529027],[127.34893,35.529027],[127.34893,35.52904],[127.348925,35.52904],[127.348925,35.529054],[127.348919,35.529054],[127.348914,35.529072],[127.348908,35.529072],[127.348897,35.529085],[127.348875,35.52909],[127.348842,35.529121],[127.348831,35.529121],[127.348831,35.529126],[127.34882,35.529126],[127.34882,35.52913],[127.348804,35.529131]]]}},{"type":"Feature","properties":{"pair":"2504-2506","cls":"built_new","area_m2":354.1,"score":0.81},"geometry":{"type":"Polygon","coordinates":[[[127.351356,35.529028],[127.351356,35.529024],[127.351339,35.529024],[127.351339,35.52902],[127.351328,35.52902],[127.351328,35.529015],[127.351317,35.529011],[127.351317,35.529002],[127.351311,35.529002],[127.351311,35.528961],[127.351317,35.528961],[127.351322,35.528943],[127.351328,35.528943],[127.351344,35.528925],[127.351355,35.528925],[127.351372,35.528907],[127.351383,35.528907],[127.351383,35.528902],[127.351399,35.528898],[127.351399,35.528893],[127.351438,35.528889],[127.351438,35.528884],[127.351465,35.528884],[127.351465,35.528879],[127.351559,35.528879],[127.351559,35.528875],[127.351575,35.528875],[127.351575,35.52887],[127.351592,35.52887],[127.351592,35.528866],[127.351609,35.528866],[127.351609,35.528861],[127.351647,35.528861],[127.351647,35.528865],[127.351669,35.52887],[127.351669,35.528874],[127.351697,35.528892],[127.351697,35.528901],[127.351702,35.528901],[127.351702,35.528915],[127.351697,35.528915],[127.351697,35.528924],[127.351691,35.528924],[127.351686,35.528933],[127.351669,35.528933],[127.351669,35.528937],[127.351636,35.528947],[127.351636,35.528951],[127.35162,35.528956],[127.351614,35.528965],[127.351598,35.528965],[127.351598,35.528969],[127.351554,35.528969],[127.351554,35.528965],[127.351543,35.528965],[127.351543,35.52896],[127.351532,35.52896],[127.351532,35.528956],[127.351521,35.528956],[127.351521,35.528951],[127.351504,35.528951],[127.351504,35.528956],[127.351493,35.528956],[127.351493,35.52896],[127.351471,35.528974],[127.351471,35.528983],[127.351466,35.528983],[127.351455,35.528997],[127.351444,35.528997],[127.351444,35.529001],[127.351411,35.529001],[127.351389,35.529024],[127.351356,35.529028]]]}},{"type":"Feature","properties":{"pair":"2504-2506","cls":"veg_loss","area_m2":3531.1,"score":0.783},"geometry":{"type":"Polygon","coordinates":[[[127.348851,35.529964],[127.348851,35.52996],[127.348835,35.52996],[127.348835,35.529955],[127.348813,35.529951],[127.348813,35.529946],[127.348796,35.529937],[127.348791,35.529919],[127.348785,35.529919],[127.348785,35.529879],[127.34879,35.529879],[127.34879,35.52987],[127.348796,35.52987],[127.34884,35.529829],[127.348851,35.529829],[127.348856,35.52982],[127.348867,35.52982],[127.348873,35.529811],[127.348884,35.529811],[127.348889,35.529802],[127.3489,35.529802],[127.3489,35.529797],[127.348906,35.529797],[127.348917,35.529784],[127.348928,35.529784],[127.348955,35.529757],[127.348966,35.529756],[127.348972,35.529747],[127.348983,35.529747],[127.348988,35.529738],[127.348999,35.529738],[127.349005,35.529729],[127.349016,35.529729],[127.349027,35.529716],[127.349038,35.529716],[127.349038,35.529711],[127.349054,35.529707],[127.34906,35.529698],[127.349071,35.529698],[127.349071,35.529693],[127.349082,35.529693],[127.349087,35.529684],[127.349098,35.529684],[127.349109,35.52967],[127.34912,35.52967],[127.34912,35.529666],[127.349126,35.529666],[127.349131,35.529657],[127.349142,35.529657],[127.349153,35.529643],[127.349164,35.529643],[127.349164,35.529639],[127.349203,35.529612],[127.349203,35.529603],[127.349208,35.529603],[127.349214,35.529594],[127.349225,35.529593],[127.349296,35.52953],[127.349307,35.52953],[127.349307,35.529526],[127.349324,35.529521],[127.349329,35.529512],[127.349351,35.529507],[127.349362,35.529494],[127.349373,35.529494],[127.349379,35.529485],[127.34939,35.529485],[127.349395,35.529476],[127.349406,35.529476],[127.349412,35.529467],[127.349423,35.529467],[127.349428,35.529458],[127.349439,35.529458],[127.349445,35.529449],[127.349456,35.529449],[127.349467,35.529435],[127.349489,35.52943],[127.349489,35.529426],[127.349505,35.529421],[127.349511,35.529412],[127.349533,35.529408],[127.349544,35.529394],[127.349555,35.529394],[127.349555,35.52939],[127.349571,35.529385],[127.349577,35.529376],[127.34961,35.529367],[127.349615,35.529358],[127.349637,35.529353],[127.349637,35.529349],[127.349654,35.529344],[127.349659,35.529335],[127.34967,35.529335],[127.34967,35.529331],[127.349692,35.529326],[127.349698,35.529317],[127.34972,35.529313],[127.34972,35.529308],[127.349725,35.529308],[127.349731,35.529299],[127.349742,35.529299],[127.349758,35.529281],[127.349769,35.529281],[127.349775,35.529272],[127.349786,35.529272],[127.349791,35.529263],[127.349813,35.529258],[127.349813,35.529254],[127.34983,35.529249],[127.349841,35.529236],[127.349852,35.529236],[127.349852,35.529231],[127.349857,35.529231],[127.349884,35.529204],[127.349896,35.529204],[127.349923,35.529177],[127.349934,35.529177],[127.349939,35.529168],[127.34995,35.529168],[127.349956,35.529159],[127.349967,35.529159],[127.349972,35.52915],[127.349983,35.52915],[127.350038,35.5291],[127.350049,35.5291],[127.35006,35.529086],[127.350071,35.529086],[127.350071,35.529082],[127.350082,35.529082],[127.350088,35.529073],[127.350099,35.529073],[127.350181,35.529],[127.350192,35.529],[127.350203,35.528987],[127.350214,35.528987],[127.350225,35.528973],[127.350236,35.528973],[127.350253,35.528955],[127.350264,35.528955],[127.35033,35.528896],[127.350341,35.528896],[127.350341,35.528892],[127.350346,35.528892],[127.350418,35.528828],[127.350429,35.528828],[127.350434,35.528819],[127.350456,35.528815],[127.350462,35.528806],[127.350473,35.528806],[127.350473,35.528801],[127.350484,35.528801],[127.350489,35.528792],[127.3505,35.528792],[127.3505,35.528788],[127.350511,35.528788],[127.350511,35.528783],[127.350528,35.528783],[127.350528,35.528779],[127.350555,35.528778],[127.350555,35.528774],[127.350577,35.528774],[127.350577,35.528769],[127.350599,35.528769],[127.350599,35.528765],[127.350621,35.528765],[127.350621,35.52876],[127.35066,35.52876],[127.35066,35.528765],[127.350687,35.528769],[127.350687,35.528774],[127.350693,35.528774],[127.350699,35.528783],[127.35071,35.528783],[127.350721,35.528796],[127.350732,35.528796],[127.350732,35.5288],[127.350737,35.5288],[127.350748,35.528814],[127.350759,35.528814],[127.350776,35.528832],[127.350809,35.528841],[127.350809,35.528845],[127.350831,35.528859],[127.350831,35.528868],[127.350842,35.528872],[127.350842,35.528881],[127.350848,35.528881],[127.350859,35.528895],[127.35087,35.528895],[127.35087,35.528899],[127.350881,35.528899],[127.350881,35.528904],[127.350898,35.528908],[127.350903,35.528931],[127.350898,35.528931],[127.350898,35.52894],[127.350892,35.52894],[127.350881,35.528953],[127.350854,35.528958],[127.350854,35.528962],[127.350799,35.528967],[127.350799,35.528972],[127.350777,35.528976],[127.350771,35.528985],[127.35076,35.528985],[127.350755,35.528994],[127.350744,35.528994],[127.35065,35.529076],[127.350639,35.529076],[127.350639,35.52908],[127.350623,35.529089],[127.350623,35.529098],[127.350612,35.529103],[127.350606,35.529121],[127.350595,35.529125],[127.350595,35.529134],[127.35059,35.529134],[127.35059,35.529143],[127.350573,35.529152],[127.350573,35.529161],[127.350568,35.529161],[127.350491,35.529229],[127.35048,35.529229],[127.350458,35.529252],[127.350447,35.529252],[127.350425,35.529275],[127.350414,35.529275],[127.350403,35.529288],[127.350392,35.529288],[127.350387,35.529297],[127.350376,35.529297],[127.350376,35.529302],[127.350365,35.529302],[127.350365,35.529306],[127.350354,35.529306],[127.350354,35.529311],[127.350337,35.529311],[127.350337,35.529315],[127.350315,35.529315],[127.350315,35.52932],[127.350287,35.529325],[127.350287,35.529329],[127.350276,35.529334],[127.350276,35.529343],[127.350271,35.529343],[127.350266,35.529352],[127.350254,35.529352],[127.350255,35.529356],[127.35021,35.529356],[127.35021,35.529352],[127.350177,35.529352],[127.350177,35.529347],[127.350166,35.529347],[127.350161,35.529334],[127.350155,35.529334],[127.350161,35.529316],[127.350166,35.529316],[127.350183,35.529298],[127.350221,35.529293],[127.350221,35.529289],[127.350238,35.52928],[127.350238,35.529271],[127.350243,35.529271],[127.350243,35.529244],[127.350248,35.529244],[127.350248,35.529221],[127.350254,35.529221],[127.350254,35.529212],[127.350259,35.529212],[127.350265,35.529203],[127.350298,35.529194],[127.350298,35.529189],[127.350331,35.529167],[127.350331,35.529158],[127.350336,35.529158],[127.350347,35.529144],[127.350358,35.529144],[127.350358,35.52914],[127.350369,35.52914],[127.350369,35.529135],[127.350391,35.529135],[127.350391,35.52913],[127.350402,35.52913],[127.350402,35.529126],[127.350413,35.529126],[127.350413,35.529121],[127.350424,35.529117],[127.350424,35.52909],[127.350419,35.52909],[127.350413,35.529081],[127.350402,35.529081],[127.350402,35.529076],[127.350341,35.529077],[127.350341,35.529072],[127.35033,35.529072],[127.35033,35.529068],[127.350303,35.52905],[127.350297,35.529036],[127.350286,35.529036],[127.350286,35.529032],[127.350259,35.529032],[127.350259,35.529036],[127.350248,35.529036],[127.350248,35.529041],[127.350215,35.529063],[127.350215,35.529072],[127.350209,35.529072],[127.350204,35.529081],[127.350193,35.529081],[127.350176,35.5291],[127.350165,35.5291],[127.350165,35.529104],[127.350154,35.529109],[127.350154,35.529118],[127.350149,35.529118],[127.350088,35.529172],[127.350077,35.529172],[127.350077,35.529176],[127.350066,35.529176],[127.350066,35.529181],[127.350055,35.529181],[127.350055,35.529185],[127.350039,35.529186],[127.350039,35.52919],[127.350011,35.529195],[127.35,35.529208],[127.349989,35.529208],[127.349989,35.529213],[127.349978,35.529213],[127.349973,35.529222],[127.349951,35.529226],[127.349945,35.529235],[127.349934,35.529235],[127.349934,35.52924],[127.349918,35.529244],[127.349912,35.529254],[127.349901,35.529254],[127.349901,35.529258],[127.349868,35.529267],[127.349863,35.529276],[127.349852,35.529276],[127.349852,35.529281],[127.349846,35.529281],[127.349835,35.529294],[127.349824,35.529294],[127.349797,35.529321],[127.349786,35.529321],[127.34978,35.529331],[127.349769,35.529331],[127.349769,35.529335],[127.349747,35.52934],[127.349736,35.529353],[127.349725,35.529353],[127.34972,35.529367],[127.349703,35.529376],[127.349692,35.529403],[127.349687,35.529403],[127.349654,35.529435],[127.349643,35.529435],[127.349637,35.529444],[127.349626,35.529444],[127.349626,35.529448],[127.349615,35.529448],[127.34961,35.529457],[127.349599,35.529457],[127.349599,35.529462],[127.349571,35.52948],[127.349571,35.529489],[127.349566,35.529489],[127.34955,35.529507],[127.349522,35.529512],[127.349522,35.529516],[127.3495,35.529516],[127.3495,35.529521],[127.349478,35.529521],[127.349478,35.529525],[127.349461,35.529525],[127.349461,35.52953],[127.349445,35.52953],[127.349445,35.529534],[127.349423,35.529539],[127.349417,35.529548],[127.349406,35.529548],[127.349406,35.529552],[127.349384,35.529566],[127.349384,35.529575],[127.349373,35.52958],[127.349373,35.529589],[127.349362,35.529593],[127.349362,35.529602],[127.349357,35.529602],[127.349335,35.529625],[127.349324,35.529625],[127.349319,35.529634],[127.349291,35.529638],[127.349291,35.529643],[127.349258,35.529652],[127.349252,35.529661],[127.349219,35.52967],[127.349214,35.529679],[127.349203,35.529679],[127.349203,35.529684],[127.349186,35.529693],[127.349187,35.529702],[127.349181,35.529702],[127.349181,35.529711],[127.349176,35.529711],[127.349176,35.52972],[127.34917,35.52972],[127.34917,35.529733],[127.349165,35.529733],[127.349165,35.529742],[127.349159,35.529742],[127.349159,35.529769],[127.349176,35.529774],[127.349176,35.529778],[127.349187,35.529778],[127.349187,35.529783],[127.349203,35.529783],[127.349203,35.529787],[127.349214,35.529787],[127.349214,35.529792],[127.349225,35.529792],[127.349226,35.529796],[127.349237,35.529796],[127.349237,35.529801],[127.349248,35.529805],[127.349248,35.529823],[127.349242,35.529823],[127.34922,35.529846],[127.349209,35.529846],[127.349204,35.529855],[127.349182,35.529859],[127.349176,35.529869],[127.349154,35.529873],[127.349149,35.529882],[127.349138,35.529882],[127.349138,35.529887],[127.349127,35.529887],[127.349127,35.529891],[127.34911,35.529891],[127.34911,35.529896],[127.349099,35.529896],[127.349099,35.5299],[127.349066,35.529905],[127.349066,35.529909],[127.349039,35.529914],[127.349039,35.529918],[127.349028,35.529919],[127.349028,35.529923],[127.349017,35.529923],[127.349017,35.529928],[127.349,35.529928],[127.349,35.529932],[127.348989,35.529932],[127.348989,35.529937],[127.348973,35.529937],[127.348973,35.529941],[127.348956,35.529941],[127.348956,35.529946],[127.348939,35.529946],[127.348939,35.52995],[127.348923,35.52995],[127.348923,35.529955],[127.348879,35.52996],[127.348879,35.529964],[127.348851,35.529964]]]}},{"type":"Feature","properties":{"pair":"2504-2506","cls":"veg_loss","area_m2":180.6,"score":0.748},"geometry":{"type":"Polygon","coordinates":[[[127.351757,35.528856],[127.351757,35.528852],[127.351735,35.528852],[127.351735,35.528847],[127.351724,35.528847],[127.351724,35.528843],[127.351708,35.528838],[127.351708,35.528816],[127.351713,35.528816],[127.35173,35.528798],[127.351741,35.528798],[127.351746,35.528789],[127.351757,35.528788],[127.351757,35.528784],[127.351779,35.528779],[127.351785,35.52877],[127.351818,35.528761],[127.351823,35.528752],[127.351845,35.528748],[127.351851,35.528739],[127.351862,35.528739],[127.351867,35.52873],[127.351878,35.52873],[127.351884,35.528721],[127.351895,35.52872],[127.351895,35.528716],[127.351911,35.528711],[127.351917,35.528702],[127.351928,35.528702],[127.351928,35.528698],[127.351955,35.528698],[127.351961,35.52872],[127.351966,35.52872],[127.351966,35.528743],[127.351972,35.528743],[127.351966,35.52877],[127.351906,35.52877],[127.351906,35.528775],[127.351895,35.528775],[127.351895,35.528779],[127.351884,35.528779],[127.351884,35.528784],[127.351873,35.528788],[127.351873,35.528797],[127.351862,35.528802],[127.351862,35.528811],[127.351851,35.528815],[127.351851,35.528824],[127.35184,35.528829],[127.35184,35.528838],[127.351834,35.528838],[127.351823,35.528851],[127.351812,35.528851],[127.351812,35.528856],[127.351757,35.528856]]]}},{"type":"Feature","properties":{"pair":"2504-2506","cls":"built_new","area_m2":120.1,"score":0.697},"geometry":{"type":"Polygon","coordinates":[[[127.351487,35.528767],[127.351487,35.528762],[127.351476,35.528762],[127.351476,35.528753],[127.35147,35.528753],[127.351476,35.52874],[127.351481,35.52874],[127.351481,35.528731],[127.351487,35.528731],[127.351498,35.528717],[127.351509,35.528717],[127.351509,35.528713],[127.351542,35.528703],[127.351547,35.528694],[127.351558,35.528694],[127.351586,35.528663],[127.351597,35.528663],[127.351597,35.528658],[127.351608,35.528658],[127.351608,35.528654],[127.35163,35.528654],[127.35163,35.528658],[127.351657,35.528663],[127.351657,35.528667],[127.351674,35.528676],[127.351679,35.528699],[127.351674,35.528699],[127.351674,35.528708],[127.351668,35.528708],[127.351663,35.528717],[127.351652,35.528717],[127.351647,35.528726],[127.351635,35.528726],[127.351635,35.52873],[127.351624,35.52873],[127.351624,35.528735],[127.351613,35.528735],[127.351613,35.528739],[127.351602,35.528739],[127.351602,35.528744],[127.351586,35.528744],[127.351586,35.528748],[127.351536,35.528753],[127.351536,35.528758],[127.351487,35.528767]]]}},{"type":"Feature","properties":{"pair":"2504-2506","cls":"built_new","area_m2":1588.6,"score":0.717},"geometry":{"type":"Polygon","coordinates":[[[127.351517,35.529366],[127.351517,35.529362],[127.3515,35.529357],[127.351495,35.529339],[127.3515,35.529339],[127.3515,35.52933],[127.351506,35.52933],[127.351522,35.529312],[127.351544,35.529307],[127.35155,35.529298],[127.351577,35.529294],[127.351577,35.529289],[127.351588,35.529289],[127.351588,35.529285],[127.351599,35.529285],[127.351599,35.52928],[127.351616,35.52928],[127.351616,35.529276],[127.351627,35.529276],[127.351632,35.529267],[127.35166,35.529262],[127.35166,35.529257],[127.351687,35.529253],[127.351687,35.529248],[127.351737,35.529244],[127.351737,35.529239],[127.351776,35.529239],[127.351776,35.529235],[127.351814,35.529234],[127.351814,35.52923],[127.351858,35.529225],[127.351858,35.529221],[127.351869,35.529221],[127.351875,35.529212],[127.351897,35.529207],[127.351908,35.529194],[127.351919,35.529194],[127.35193,35.52918],[127.351941,35.52918],[127.351941,35.529176],[127.351963,35.529171],[127.351968,35.529162],[127.351979,35.529162],[127.351979,35.529157],[127.35199,35.529153],[127.35199,35.529144],[127.351996,35.529144],[127.352012,35.529126],[127.352051,35.529121],[127.352051,35.529117],[127.352084,35.529112],[127.352084,35.529107],[127.352095,35.529107],[127.352095,35.529103],[127.352111,35.529103],[127.352111,35.529098],[127.352128,35.529098],[127.352128,35.529094],[127.35215,35.529094],[127.35215,35.529089],[127.352172,35.529089],[127.352172,35.529085],[127.352194,35.529085],[127.352194,35.52908],[127.35221,35.52908],[127.35221,35.529076],[127.352227,35.529076],[127.352227,35.529071],[127.352299,35.529071],[127.352299,35.529066],[127.35231,35.529066],[127.352331,35.529044],[127.352343,35.529044],[127.352342,35.529039],[127.35237,35.529021],[127.35237,35.529012],[127.352375,35.529012],[127.352408,35.52898],[127.352419,35.52898],[127.352436,35.528962],[127.352447,35.528962],[127.352463,35.528944],[127.352474,35.528944],[127.35248,35.528935],[127.352491,35.528935],[127.352491,35.528931],[127.352502,35.528931],[127.352502,35.528926],[127.352513,35.528926],[127.352513,35.528921],[127.352524,35.528921],[127.352524,35.528917],[127.352535,35.528917],[127.352535,35.528912],[127.352568,35.528903],[127.352573,35.528894],[127.352595,35.52889],[127.352595,35.528885],[127.352612,35.528876],[127.352612,35.528849],[127.352584,35.528831],[127.352584,35.528822],[127.352579,35.528822],[127.352579,35.528813],[127.352573,35.528813],[127.352573,35.528804],[127.352567,35.528804],[127.352567,35.528795],[127.352562,35.528795],[127.352551,35.528768],[127.352545,35.528768],[127.352545,35.528764],[127.352501,35.528732],[127.352501,35.528723],[127.35249,35.528719],[127.352484,35.528696],[127.352479,35.528696],[127.352479,35.528687],[127.352473,35.528687],[127.352479,35.528674],[127.352545,35.528674],[127.352545,35.528678],[127.352561,35.528678],[127.352561,35.528682],[127.352584,35.528696],[127.352589,35.528723],[127.352595,35.528723],[127.352595,35.528736],[127.3526,35.528736],[127.352606,35.52875],[127.352672,35.528759],[127.352672,35.528763],[127.352689,35.528768],[127.3527,35.528781],[127.352711,35.528781],[127.352711,35.528786],[127.352722,35.528786],[127.352722,35.52879],[127.352733,35.52879],[127.352733,35.528795],[127.352766,35.528795],[127.352766,35.52879],[127.352782,35.52879],[127.352782,35.528785],[127.352793,35.528785],[127.352799,35.528776],[127.35281,35.528776],[127.35281,35.528772],[127.352821,35.528772],[127.352821,35.528767],[127.352837,35.528767],[127.352837,35.528763],[127.352854,35.528763],[127.352854,35.528758],[127.35287,35.528758],[127.35287,35.528754],[127.352893,35.528749],[127.352892,35.528745],[127.352909,35.528736],[127.352925,35.528695],[127.352931,35.528695],[127.352958,35.528668],[127.352969,35.528668],[127.352975,35.528659],[127.352986,35.528659],[127.352986,35.528654],[127.352991,35.528654],[127.352997,35.528645],[127.353008,35.528645],[127.353013,35.528636],[127.353041,35.528636],[127.353046,35.528654],[127.353041,35.528654],[127.353041,35.528668],[127.353035,35.528668],[127.353025,35.528695],[127.353014,35.528699],[127.353014,35.528708],[127.353008,35.528708],[127.352992,35.528726],[127.352981,35.528726],[127.352964,35.528744],[127.352953,35.528744],[127.352948,35.528753],[127.352937,35.528753],[127.352937,35.528758],[127.352915,35.528772],[127.352915,35.528781],[127.352909,35.528781],[127.352838,35.528844],[127.352827,35.528844],[127.352821,35.528853],[127.35281,35.528853],[127.35281,35.528858],[127.352766,35.528889],[127.352766,35.528898],[127.352761,35.528898],[127.352767,35.528934],[127.352761,35.528934],[127.352756,35.528952],[127.352745,35.528957],[127.352745,35.528966],[127.352739,35.528966],[127.352723,35.528984],[127.352712,35.528984],[127.352712,35.528988],[127.352684,35.528989],[127.352684,35.528993],[127.352673,35.528993],[127.352668,35.529007],[127.352662,35.529007],[127.352662,35.529016],[127.352657,35.529016],[127.352646,35.529029],[127.352629,35.529029],[127.352629,35.529034],[127.352574,35.529034],[127.352574,35.529038],[127.352557,35.529039],[127.352558,35.529043],[127.352535,35.529048],[127.35253,35.529061],[127.352525,35.529061],[127.352519,35.529075],[127.352514,35.529075],[127.352514,35.529093],[127.352508,35.529093],[127.352508,35.529106],[127.352503,35.529106],[127.352497,35.529115],[127.352486,35.529115],[127.352486,35.529111],[127.352475,35.529111],[127.352475,35.529106],[127.352414,35.529107],[127.352414,35.529111],[127.352381,35.52912],[127.352376,35.529129],[127.352365,35.529129],[127.352359,35.529138],[127.352343,35.529138],[127.352343,35.529143],[127.352326,35.529143],[127.352326,35.529147],[127.35231,35.529147],[127.35231,35.529152],[127.352293,35.529152],[127.352293,35.529156],[127.352277,35.529156],[127.352277,35.529161],[127.352222,35.529161],[127.352222,35.529166],[127.3522,35.52917],[127.3522,35.529175],[127.352194,35.529175],[127.352189,35.529184],[127.352178,35.529184],[127.352178,35.529188],[127.352139,35.529188],[127.352139,35.529184],[127.352128,35.529184],[127.352128,35.529179],[127.35209,35.52918],[127.35209,35.529184],[127.352073,35.529184],[127.352073,35.529189],[127.352056,35.529189],[127.352056,35.529193],[127.35204,35.529193],[127.35204,35.529198],[127.351996,35.529202],[127.351996,35.529207],[127.351979,35.529207],[127.351979,35.529211],[127.35193,35.529221],[127.35193,35.529225],[127.351919,35.529225],[127.351913,35.529234],[127.351902,35.529234],[127.351902,35.529239],[127.351897,35.529239],[127.351831,35.529297],[127.35182,35.529298],[127.35182,35.529302],[127.351732,35.529302],[127.351732,35.529307],[127.35171,35.529307],[127.35171,35.529311],[127.35166,35.529321],[127.35166,35.529325],[127.351649,35.529325],[127.351649,35.52933],[127.351638,35.52933],[127.351638,35.529334],[127.351627,35.529334],[127.351627,35.529339],[127.351616,35.529339],[127.351616,35.529343],[127.3516,35.529343],[127.3516,35.529348],[127.351589,35.529348],[127.351589,35.529352],[127.351572,35.529352],[127.351572,35.529357],[127.351556,35.529357],[127.351556,35.529361],[127.351539,35.529361],[127.351539,35.529366],[127.351517,35.529366]],[[127.352469,35.529034],[127.352497,35.529034],[127.352497,35.52903],[127.352524,35.529025],[127.35253,35.529003],[127.352524,35.529003],[127.352519,35.528994],[127.352491,35.528994],[127.352491,35.528998],[127.352464,35.529003],[127.352458,35.529025],[127.352464,35.529025],[127.352469,35.529034]]]}},{"type":"Feature","properties":{"pair":"2504-2506","cls":"veg_gain","area_m2":420.8,"score":0.719},"geometry":{"type":"Polygon","coordinates":[[[127.349083,35.528756],[127.349083,35.528751],[127.349072,35.528751],[127.349072,35.528747],[127.349061,35.528747],[127.349061,35.528742],[127.34905,35.528742],[127.34905,35.528738],[127.349,35.528738],[127.349,35.528733],[127.348989,35.528733],[127.348989,35.528729],[127.348863,35.528729],[127.348863,35.528734],[127.348852,35.528734],[127.348852,35.528738],[127.34883,35.528738],[127.348829,35.528734],[127.348818,35.528734],[127.348818,35.528725],[127.348813,35.528725],[127.348813,35.528707],[127.348818,35.528707],[127.348818,35.528698],[127.348824,35.528698],[127.348901,35.52863],[127.348912,35.52863],[127.348912,35.528625],[127.348923,35.528625],[127.348923,35.528621],[127.348994,35.528621],[127.348994,35.528616],[127.349005,35.528616],[127.349005,35.528612],[127.349016,35.528612],[127.349016,35.528607],[127.349027,35.528607],[127.349027,35.528603],[127.349038,35.528603],[127.349038,35.528598],[127.349049,35.528598],[127.349049,35.528594],[127.349088,35.528593],[127.349088,35.528598],[127.349099,35.528598],[127.349099,35.528602],[127.34911,35.528607],[127.34911,35.528616],[127.349116,35.528616],[127.349116,35.528625],[127.349121,35.528625],[127.349121,35.528634],[127.349127,35.528634],[127.349132,35.528647],[127.349143,35.528647],[127.349143,35.528652],[127.349154,35.528652],[127.349154,35.528656],[127.349187,35.528656],[127.349188,35.528661],[127.349199,35.528661],[127.349199,35.528665],[127.34921,35.52867],[127.349221,35.52871],[127.349215,35.52871],[127.349215,35.528719],[127.34921,35.528719],[127.349193,35.528737],[127.349182,35.528737],[127.349182,35.528742],[127.349171,35.528742],[127.349171,35.528746],[127.34916,35.528746],[127.34916,35.528751],[127.349083,35.528756]]]}},{"type":"Feature","properties":{"pair":"2504-2506","cls":"built_new","area_m2":64.8,"score":0.693},"geometry":{"type":"Polygon","coordinates":[[[127.353266,35.528496],[127.353261,35.528482],[127.353272,35.528478],[127.353272,35.528469],[127.353277,35.528469],[127.353288,35.528442],[127.353294,35.528441],[127.353305,35.528428],[127.353338,35.528419],[127.353343,35.52841],[127.353354,35.52841],[127.353354,35.528405],[127.353365,35.528405],[127.353365,35.528401],[127.353376,35.528401],[127.353376,35.528396],[127.353398,35.528401],[127.353404,35.528419],[127.353398,35.528419],[127.353393,35.528437],[127.353387,35.528437],[127.353365,35.528459],[127.353354,35.528459],[127.353349,35.528468],[127.353338,35.528468],[127.353332,35.528477],[127.353321,35.528477],[127.353321,35.528482],[127.35331,35.528482],[127.35331,35.528487],[127.353294,35.528487],[127.353294,35.528491],[127.353283,35.528491],[127.353283,35.528496],[127.353266,35.528496]]]}},{"type":"Feature","properties":{"pair":"2504-2506","cls":"built_new","area_m2":33.2,"score":0.653},"geometry":{"type":"Polygon","coordinates":[[[127.352307,35.528404],[127.352307,35.528399],[127.352279,35.528395],[127.352279,35.52839],[127.35224,35.52839],[127.35224,35.528386],[127.352229,35.528386],[127.352229,35.528377],[127.352224,35.528377],[127.352229,35.528363],[127.352246,35.528359],[127.352246,35.528354],[127.352268,35.528354],[127.352268,35.528359],[127.352279,35.528359],[127.352279,35.528363],[127.35229,35.528363],[127.35229,35.528368],[127.352301,35.528368],[127.352301,35.528372],[127.352329,35.528377],[127.352329,35.528381],[127.35234,35.528386],[127.35234,35.528404],[127.352307,35.528404]]]}},{"type":"Feature","properties":{"pair":"2504-2506","cls":"built_new","area_m2":227.6,"score":0.739},"geometry":{"type":"Polygon","coordinates":[[[127.351282,35.528565],[127.351276,35.528551],[127.351265,35.528547],[127.351254,35.52852],[127.351249,35.52852],[127.351249,35.528506],[127.351243,35.528506],[127.351243,35.528493],[127.351238,35.528493],[127.351226,35.528452],[127.351221,35.528452],[127.351221,35.528443],[127.351215,35.528443],[127.35121,35.528398],[127.351215,35.528398],[127.351215,35.528375],[127.35122,35.528375],[127.351226,35.528357],[127.351242,35.528348],[127.351242,35.528339],[127.351248,35.528339],[127.351264,35.528321],[127.351297,35.528312],[127.351297,35.528317],[127.351308,35.528317],[127.351314,35.52833],[127.35132,35.52833],[127.351314,35.528398],[127.35132,35.528398],[127.35132,35.528416],[127.351325,35.528416],[127.351325,35.528429],[127.351331,35.528429],[127.351331,35.528443],[127.351337,35.528443],[127.351337,35.528461],[127.351342,35.528461],[127.351342,35.52847],[127.351348,35.52847],[127.351348,35.528479],[127.351353,35.528479],[127.351353,35.528506],[127.351348,35.528506],[127.351348,35.528515],[127.351331,35.528524],[127.351331,35.528533],[127.351315,35.528542],[127.351309,35.52856],[127.351304,35.52856],[127.351304,35.528564],[127.351282,35.528565]]]}},{"type":"Feature","properties":{"pair":"2504-2506","cls":"veg_gain","area_m2":263.2,"score":0.689},"geometry":{"type":"Polygon","coordinates":[[[127.348938,35.528247],[127.348938,35.528242],[127.348921,35.528238],[127.348915,35.52822],[127.34891,35.52822],[127.348899,35.528206],[127.348877,35.528202],[127.348871,35.528193],[127.34886,35.528193],[127.34886,35.528189],[127.348838,35.528175],[127.348838,35.528166],[127.348833,35.528166],[127.348833,35.528157],[127.348827,35.528157],[127.348827,35.528148],[127.348821,35.528148],[127.348821,35.528098],[127.348827,35.528098],[127.348827,35.52808],[127.348832,35.52808],[127.348838,35.528058],[127.348843,35.528058],[127.348849,35.528049],[127.34886,35.528049],[127.34886,35.528044],[127.348887,35.528044],[127.348887,35.528049],[127.348909,35.528053],[127.348909,35.528058],[127.348937,35.528076],[127.348937,35.528089],[127.348942,35.528089],[127.348948,35.528112],[127.348954,35.528112],[127.348965,35.528125],[127.348976,35.528125],[127.348981,35.528134],[127.348992,35.528134],[127.348992,35.528139],[127.349003,35.528143],[127.349003,35.528152],[127.349014,35.528157],[127.349014,35.528166],[127.349026,35.52817],[127.349026,35.528179],[127.349031,35.528179],[127.349031,35.528188],[127.349037,35.528188],[127.349037,35.528211],[127.349031,35.528211],[127.349031,35.52822],[127.349026,35.52822],[127.34902,35.528229],[127.348993,35.528233],[127.348993,35.528238],[127.348965,35.528242],[127.348965,35.528247],[127.348938,35.528247]]]}},{"type":"Feature","properties":{"pair":"2504-2506","cls":"built_new","area_m2":183.1,"score":0.676},"geometry":{"type":"Polygon","coordinates":[[[127.352157,35.528201],[127.352157,35.528192],[127.352151,35.528192],[127.352157,35.528152],[127.352162,35.528152],[127.352168,35.528138],[127.352223,35.528098],[127.352222,35.528062],[127.352217,35.528062],[127.352217,35.528053],[127.352206,35.528048],[127.3522,35.528026],[127.352195,35.528026],[127.3522,35.528003],[127.352233,35.527998],[127.352233,35.528003],[127.352294,35.528003],[127.352294,35.528007],[127.352321,35.528012],[127.352321,35.528016],[127.352333,35.528021],[127.352333,35.52803],[127.352338,35.52803],[127.352338,35.528052],[127.352333,35.528052],[127.352333,35.528066],[127.352322,35.52807],[127.352322,35.528079],[127.352267,35.52812],[127.352267,35.528129],[127.352256,35.528134],[127.352256,35.528143],[127.352239,35.528152],[127.352239,35.528161],[127.352234,35.528161],[127.352212,35.528183],[127.352201,35.528183],[127.352184,35.528201],[127.352157,35.528201]]]}},{"type":"Feature","properties":{"pair":"2504-2506","cls":"veg_gain","area_m2":27.1,"score":0.655},"geometry":{"type":"Polygon","coordinates":[[[127.350243,35.527973],[127.350237,35.527946],[127.350243,35.527946],[127.350248,35.527928],[127.350254,35.527928],[127.350265,35.527914],[127.350298,35.527914],[127.350303,35.527936],[127.350298,35.527936],[127.350293,35.527955],[127.350287,35.527955],[127.350276,35.527968],[127.350265,35.527968],[127.350265,35.527973],[127.350243,35.527973]]]}},{"type":"Feature","properties":{"pair":"2504-2506","cls":"built_new","area_m2":1656.2,"score":0.758},"geometry":{"type":"Polygon","coordinates":[[[127.35196,35.528459],[127.35196,35.528454],[127.351949,35.52845],[127.351948,35.528414],[127.351943,35.528414],[127.351943,35.5284],[127.351937,35.5284],[127.351926,35.528373],[127.351921,35.528373],[127.35191,35.52836],[127.35186,35.528356],[127.351843,35.528338],[127.351794,35.528329],[127.351794,35.528324],[127.351777,35.52832],[127.351771,35.528311],[127.35176,35.528311],[127.35176,35.528306],[127.351749,35.528306],[127.351749,35.528302],[127.351738,35.528302],[127.351738,35.528297],[127.351727,35.528297],[127.351727,35.528293],[127.351716,35.528293],[127.351716,35.528288],[127.3517,35.528288],[127.3517,35.528284],[127.351672,35.528279],[127.351672,35.52827],[127.351667,35.52827],[127.351667,35.528257],[127.351672,35.528257],[127.351666,35.528221],[127.351661,35.528221],[127.351661,35.528212],[127.351644,35.528203],[127.351644,35.528194],[127.351628,35.528185],[127.351628,35.528176],[127.351622,35.528176],[127.351611,35.528163],[127.351583,35.528158],[127.351583,35.528163],[127.351567,35.528163],[127.351567,35.528167],[127.351556,35.528167],[127.351556,35.528172],[127.351545,35.528172],[127.351545,35.528176],[127.351534,35.528176],[127.351534,35.528181],[127.351523,35.528181],[127.351523,35.528185],[127.351506,35.528185],[127.351506,35.52819],[127.351495,35.52819],[127.351495,35.528194],[127.351484,35.528194],[127.351484,35.528199],[127.351473,35.528199],[127.351473,35.528203],[127.351462,35.528203],[127.351462,35.528208],[127.351451,35.528208],[127.351451,35.528213],[127.351429,35.528208],[127.351429,35.528186],[127.351462,35.528167],[127.351468,35.528149],[127.351479,35.528145],[127.351479,35.528136],[127.35149,35.528131],[127.35149,35.528122],[127.351512,35.528109],[127.351511,35.5281],[127.351517,35.5281],[127.351528,35.528086],[127.351539,35.528086],[127.35155,35.528073],[127.351561,35.528073],[127.351566,35.528063],[127.351577,35.528063],[127.351577,35.528059],[127.351583,35.528059],[127.351594,35.528045],[127.351605,35.528045],[127.351616,35.528032],[127.351649,35.528023],[127.351649,35.528018],[127.351676,35.528],[127.351676,35.527978],[127.351643,35.52796],[127.351643,35.527924],[127.351649,35.527924],[127.351648,35.527915],[127.351654,35.527915],[127.351665,35.527901],[127.351715,35.527896],[127.351715,35.527901],[127.351726,35.527901],[127.351726,35.527905],[127.351737,35.527905],[127.351737,35.52791],[127.351753,35.52791],[127.351753,35.527905],[127.351775,35.527901],[127.351781,35.527892],[127.351792,35.527892],[127.351797,35.527883],[127.35183,35.527878],[127.35183,35.527882],[127.351841,35.527882],[127.351841,35.527887],[127.351863,35.5279],[127.351863,35.527914],[127.351869,35.527914],[127.351869,35.527923],[127.351875,35.527923],[127.35188,35.527932],[127.351913,35.527932],[127.351913,35.527936],[127.351924,35.527936],[127.351924,35.527954],[127.351908,35.527959],[127.351908,35.527963],[127.351897,35.527963],[127.351897,35.527968],[127.351886,35.527968],[127.35188,35.527981],[127.351875,35.527981],[127.351875,35.52799],[127.351869,35.527991],[127.351869,35.528],[127.351864,35.528],[127.351869,35.528031],[127.351875,35.528031],[127.351875,35.528103],[127.351881,35.528103],[127.351886,35.528112],[127.351897,35.528112],[127.351897,35.528117],[127.351908,35.528117],[127.351908,35.528112],[127.351942,35.528112],[127.351942,35.528116],[127.351953,35.528116],[127.351953,35.528121],[127.351964,35.528125],[127.351964,35.528139],[127.351969,35.528139],[127.351969,35.528148],[127.351975,35.528148],[127.351975,35.528157],[127.35198,35.528157],[127.351986,35.52817],[127.351997,35.52817],[127.352002,35.528179],[127.352013,35.528179],[127.352013,35.528184],[127.352047,35.528193],[127.352047,35.528197],[127.352074,35.528215],[127.35208,35.528229],[127.352107,35.528233],[127.352107,35.528238],[127.352118,35.528242],[127.352119,35.528251],[127.352124,35.528251],[127.352124,35.528265],[127.352119,35.528265],[127.352119,35.528274],[127.352113,35.528274],[127.352113,35.528287],[127.352102,35.528292],[127.352102,35.528301],[127.352097,35.528301],[127.352097,35.52831],[127.352086,35.528314],[127.352086,35.528323],[127.352064,35.528337],[127.352064,35.528346],[127.352058,35.528346],[127.352053,35.52836],[127.352042,35.528364],[127.352042,35.528373],[127.352036,35.528373],[127.352036,35.528382],[127.352031,35.528382],[127.35202,35.528409],[127.352009,35.528414],[127.352004,35.528432],[127.351998,35.528432],[127.351971,35.528459],[127.35196,35.528459]]]}},{"type":"Feature","properties":{"pair":"2504-2506","cls":"veg_gain","area_m2":92.1,"score":0.672},"geometry":{"type":"Polygon","coordinates":[[[127.350475,35.527981],[127.350475,35.527977],[127.350464,35.527977],[127.350458,35.527954],[127.350463,35.527954],[127.350463,35.527945],[127.350474,35.52794],[127.350474,35.527931],[127.35048,35.527931],[127.350496,35.527913],[127.350507,35.527913],[127.350507,35.527909],[127.350513,35.527909],[127.350518,35.5279],[127.350529,35.5279],[127.350535,35.527891],[127.350546,35.527891],[127.350546,35.527886],[127.350557,35.527886],[127.350557,35.527882],[127.350568,35.527882],[127.350568,35.527877],[127.350579,35.527877],[127.350579,35.527873],[127.35059,35.527873],[127.35059,35.527868],[127.350601,35.527868],[127.350601,35.527864],[127.350623,35.527868],[127.350623,35.52789],[127.350612,35.527895],[127.350612,35.527904],[127.350601,35.527909],[127.350601,35.527918],[127.350596,35.527918],[127.350557,35.527954],[127.350546,35.527954],[127.350535,35.527967],[127.350524,35.527967],[127.350524,35.527972],[127.350513,35.527972],[127.350513,35.527976],[127.350502,35.527976],[127.350502,35.527981],[127.350475,35.527981]]]}},{"type":"Feature","properties":{"pair":"2504-2506","cls":"veg_loss","area_m2":599.6,"score":0.751},"geometry":{"type":"Polygon","coordinates":[[[127.35365,35.527895],[127.35365,35.527891],[127.353638,35.527891],[127.353638,35.527882],[127.353633,35.527882],[127.353633,35.527873],[127.353627,35.527873],[127.353627,35.527864],[127.353622,35.527864],[127.353616,35.527855],[127.353589,35.527855],[127.353589,35.527859],[127.353561,35.527864],[127.353561,35.527868],[127.353534,35.527868],[127.353534,35.527864],[127.353506,35.527864],[127.353506,35.52786],[127.353429,35.52786],[127.353429,35.527855],[127.353418,35.527855],[127.353412,35.527842],[127.353407,35.527842],[127.353407,35.527828],[127.353412,35.527828],[127.353412,35.527788],[127.353418,35.527788],[127.353417,35.527774],[127.353423,35.527774],[127.353439,35.527756],[127.353467,35.527751],[127.353467,35.527747],[127.353483,35.527747],[127.353483,35.527742],[127.353495,35.527742],[127.353494,35.527738],[127.353511,35.527738],[127.353511,35.527733],[127.353533,35.527729],[127.353533,35.527724],[127.35355,35.527715],[127.353549,35.527706],[127.353555,35.527706],[127.353577,35.527684],[127.353604,35.527679],[127.353604,35.527674],[127.353632,35.527674],[127.353632,35.52767],[127.353643,35.52767],[127.353665,35.527634],[127.353676,35.527634],[127.353676,35.527629],[127.353709,35.527629],[127.353709,35.527634],[127.35372,35.527634],[127.35372,35.527638],[127.353731,35.527643],[127.353731,35.527652],[127.353737,35.527652],[127.353737,35.527661],[127.353742,35.527661],[127.353742,35.52767],[127.353748,35.52767],[127.353753,35.527697],[127.353759,35.527697],[127.353759,35.527706],[127.353764,35.527706],[127.353765,35.527719],[127.35377,35.527719],[127.353776,35.527737],[127.353781,35.527737],[127.353787,35.527751],[127.353792,35.527751],[127.353792,35.527764],[127.353798,35.527764],[127.353798,35.527805],[127.353792,35.527805],[127.353793,35.527814],[127.353787,35.527814],[127.353776,35.527827],[127.353765,35.527827],[127.35376,35.527836],[127.353748,35.527836],[127.353694,35.527886],[127.353683,35.527886],[127.353683,35.527891],[127.353672,35.527891],[127.353672,35.527895],[127.35365,35.527895]],[[127.353671,35.527818],[127.353704,35.527818],[127.353704,35.527814],[127.353721,35.527809],[127.353721,35.5278],[127.353726,35.5278],[127.353726,35.527778],[127.353721,35.527778],[127.353721,35.527769],[127.353688,35.527764],[127.353688,35.527769],[127.35366,35.527787],[127.35366,35.52781],[127.353666,35.527809],[127.353671,35.527818]]]}},{"type":"Feature","properties":{"pair":"2504-2506","cls":"veg_gain","area_m2":201.6,"score":0.695},"geometry":{"type":"Polygon","coordinates":[[[127.350705,35.527823],[127.350705,35.527818],[127.350694,35.527818],[127.350689,35.5278],[127.350694,35.5278],[127.3507,35.527782],[127.350711,35.527778],[127.350711,35.527769],[127.350716,35.527769],[127.350722,35.52776],[127.350733,35.527759],[127.350744,35.527746],[127.350755,35.527746],[127.350755,35.527741],[127.350766,35.527741],[127.350771,35.527732],[127.350782,35.527732],[127.350782,35.527728],[127.350815,35.527705],[127.350815,35.527696],[127.350826,35.527692],[127.350832,35.527674],[127.350843,35.527669],[127.350843,35.52766],[127.350848,35.52766],[127.350864,35.527642],[127.350876,35.527642],[127.350875,35.527637],[127.350887,35.527637],[127.350886,35.527633],[127.350936,35.527633],[127.350936,35.527637],[127.350953,35.527646],[127.350953,35.527655],[127.350958,35.527655],[127.350958,35.527678],[127.350953,35.527678],[127.350947,35.527696],[127.350942,35.527696],[127.350903,35.527732],[127.350892,35.527732],[127.35087,35.527755],[127.350859,35.527755],[127.350854,35.527764],[127.350843,35.527764],[127.350843,35.527768],[127.35081,35.527777],[127.350804,35.527786],[127.350793,35.527786],[127.350793,35.527791],[127.350777,35.527795],[127.350771,35.527804],[127.350705,35.527823]]]}},{"type":"Feature","properties":{"pair":"2504-2506","cls":"veg_gain","area_m2":306.0,"score":0.739},"geometry":{"type":"Polygon","coordinates":[[[127.355231,35.527827],[127.355231,35.527823],[127.35522,35.527823],[127.35522,35.527818],[127.355204,35.527809],[127.355204,35.5278],[127.355198,35.5278],[127.355198,35.527769],[127.355204,35.527769],[127.355203,35.527751],[127.355209,35.527751],[127.355209,35.52771],[127.355203,35.52771],[127.355203,35.527701],[127.355192,35.527697],[127.355192,35.527688],[127.355187,35.527688],[127.355153,35.527656],[127.355142,35.527656],[127.355142,35.527652],[127.35512,35.527638],[127.35512,35.527629],[127.355115,35.527629],[127.35512,35.527616],[127.355126,35.527616],[127.355131,35.527607],[127.355142,35.527607],[127.355142,35.527602],[127.355192,35.527602],[127.355192,35.527607],[127.355214,35.527607],[127.355214,35.527611],[127.355264,35.52762],[127.355264,35.527625],[127.355275,35.527625],[127.355275,35.527629],[127.355286,35.527629],[127.355286,35.527633],[127.355302,35.527633],[127.355302,35.527638],[127.355313,35.527638],[127.355313,35.527642],[127.355324,35.527642],[127.355324,35.527647],[127.355335,35.527647],[127.355335,35.527651],[127.355418,35.527647],[127.355418,35.527651],[127.35544,35.527656],[127.35544,35.527678],[127.355435,35.527678],[127.355424,35.527692],[127.355413,35.527692],[127.355413,35.527696],[127.355385,35.527692],[127.355385,35.527687],[127.35538,35.527687],[127.355374,35.527678],[127.355363,35.527678],[127.355363,35.527674],[127.355335,35.527678],[127.355335,35.527683],[127.355324,35.527687],[127.355325,35.527696],[127.355319,35.527696],[127.355319,35.527701],[127.355297,35.527715],[127.355297,35.527724],[127.355292,35.527724],[127.355292,35.527755],[127.355297,35.527755],[127.355303,35.527778],[127.355308,35.527778],[127.355308,35.527805],[127.355303,35.527805],[127.355303,35.527814],[127.355297,35.527814],[127.355292,35.527823],[127.355281,35.527823],[127.355281,35.527827],[127.355231,35.527827]]]}},{"type":"Feature","properties":{"pair":"2506-2508","cls":"veg_gain","area_m2":194.1,"score":0.633},"geometry":{"type":"Polygon","coordinates":[[[127.35653,35.534673],[127.35653,35.534669],[127.356519,35.534669],[127.356519,35.534664],[127.356496,35.534651],[127.356491,35.534629],[127.356485,35.534629],[127.356485,35.534588],[127.356491,35.534588],[127.356496,35.534574],[127.356507,35.534574],[127.356507,35.53457],[127.356628,35.53457],[127.356628,35.534565],[127.356639,35.534565],[127.356639,35.53456],[127.35665,35.53456],[127.35665,35.534556],[127.356678,35.534556],[127.356678,35.534565],[127.356684,35.534565],[127.356684,35.534641],[127.356678,35.534641],[127.356678,35.53465],[127.356673,35.534651],[127.356662,35.534664],[127.356607,35.534669],[127.356607,35.534673],[127.35653,35.534673]]]}},{"type":"Feature","properties":{"pair":"2506-2508","cls":"veg_gain","area_m2":507.0,"score":0.637},"geometry":{"type":"Polygon","coordinates":[[[127.356188,35.534674],[127.356188,35.53467],[127.35616,35.53467],[127.35616,35.534666],[127.356149,35.534666],[127.356149,35.534661],[127.356138,35.534657],[127.356138,35.534634],[127.356144,35.534634],[127.356143,35.534625],[127.356149,35.534625],[127.356149,35.534616],[127.35616,35.534611],[127.356165,35.534589],[127.356171,35.534589],[127.35617,35.534445],[127.356165,35.534445],[127.356165,35.534427],[127.356159,35.534427],[127.356159,35.534418],[127.356154,35.534418],[127.356148,35.534409],[127.356104,35.5344],[127.356104,35.534382],[127.356109,35.534382],[127.356115,35.534373],[127.356126,35.534373],[127.356126,35.534368],[127.35617,35.534368],[127.35617,35.534364],[127.356181,35.534364],[127.356181,35.534359],[127.356192,35.534359],[127.356192,35.534355],[127.35623,35.534354],[127.356231,35.534359],[127.356269,35.534386],[127.356269,35.534395],[127.35628,35.534399],[127.356286,35.534422],[127.356291,35.534422],[127.356292,35.53444],[127.356297,35.53444],[127.356292,35.534485],[127.356286,35.534485],[127.356286,35.534498],[127.356281,35.534498],[127.356281,35.534507],[127.356275,35.534507],[127.356275,35.534526],[127.356281,35.534525],[127.356281,35.534534],[127.356286,35.534534],[127.356309,35.534557],[127.35632,35.534557],[127.35632,35.534561],[127.356392,35.534615],[127.356392,35.534624],[127.356397,35.534624],[127.356397,35.534633],[127.356403,35.534633],[127.356403,35.534651],[127.356397,35.534651],[127.356397,35.53466],[127.356392,35.53466],[127.356386,35.534669],[127.356375,35.534669],[127.356375,35.534674],[127.356188,35.534674]]]}},{"type":"Feature","properties":{"pair":"2506-2508","cls":"veg_gain","area_m2":155.1,"score":0.581},"geometry":{"type":"Polygon","coordinates":[[[127.356589,35.534398],[127.356589,35.534394],[127.356567,35.534389],[127.356539,35.534362],[127.356506,35.534354],[127.356506,35.534349],[127.35649,35.53434],[127.35649,35.534331],[127.356484,35.534331],[127.356489,35.5343],[127.356495,35.5343],[127.356495,35.534291],[127.3565,35.53429],[127.356511,35.534263],[127.356528,35.534259],[127.356528,35.534254],[127.356561,35.534254],[127.356561,35.534259],[127.356572,35.534259],[127.356589,35.534277],[127.3566,35.534277],[127.3566,35.534281],[127.356611,35.534286],[127.356611,35.534295],[127.356627,35.534304],[127.356627,35.534313],[127.356633,35.534313],[127.356633,35.534322],[127.356638,35.534322],[127.356638,35.534331],[127.356644,35.534331],[127.356644,35.534371],[127.356639,35.534371],[127.356639,35.53438],[127.356633,35.53438],[127.356622,35.534394],[127.356611,35.534394],[127.356611,35.534398],[127.356589,35.534398]]]}},{"type":"Feature","properties":{"pair":"2506-2508","cls":"other","area_m2":32.0,"score":0.585},"geometry":{"type":"Polygon","coordinates":[[[127.351467,35.534247],[127.351467,35.534242],[127.351456,35.534242],[127.351456,35.534238],[127.351433,35.534224],[127.351433,35.534215],[127.351428,35.534215],[127.351433,35.534188],[127.351439,35.534188],[127.351444,35.534179],[127.351455,35.534179],[127.351455,35.534175],[127.351477,35.534179],[127.351483,35.534193],[127.351488,35.534193],[127.351489,35.534233],[127.351483,35.534233],[127.351483,35.534242],[127.351467,35.534247]]]}},{"type":"Feature","properties":{"pair":"2506-2508","cls":"other","area_m2":37.5,"score":0.57},"geometry":{"type":"Polygon","coordinates":[[[127.355781,35.533716],[127.355781,35.533711],[127.355759,35.533711],[127.355759,35.533707],[127.355731,35.533702],[127.355731,35.533698],[127.355715,35.533689],[127.355715,35.533671],[127.355726,35.533671],[127.355726,35.533666],[127.355737,35.533666],[127.355737,35.533662],[127.355775,35.533662],[127.355775,35.533666],[127.355786,35.533666],[127.355786,35.533671],[127.355809,35.533684],[127.355814,35.533702],[127.355809,35.533702],[127.355809,35.533711],[127.355781,35.533716]]]}},{"type":"Feature","properties":{"pair":"2506-2508","cls":"veg_gain","area_m2":59.9,"score":0.572},"geometry":{"type":"Polygon","coordinates":[[[127.355306,35.533492],[127.355306,35.533483],[127.3553,35.533483],[127.3553,35.533442],[127.355295,35.533442],[127.355295,35.533433],[127.355289,35.533433],[127.355289,35.533393],[127.355295,35.533393],[127.355311,35.533375],[127.35535,35.533375],[127.35535,35.533379],[127.355361,35.533384],[127.355361,35.533393],[127.355366,35.533393],[127.355366,35.533411],[127.355361,35.533411],[127.355355,35.533433],[127.355333,35.533447],[127.355334,35.533483],[127.355328,35.533483],[127.355328,35.533492],[127.355306,35.533492]]]}},{"type":"Feature","properties":{"pair":"2506-2508","cls":"veg_gain","area_m2":79.0,"score":0.583},"geometry":{"type":"Polygon","coordinates":[[[127.351457,35.533409],[127.351457,35.533404],[127.351435,35.5334],[127.351413,35.533373],[127.351402,35.533373],[127.351397,35.533364],[127.351386,35.533364],[127.351386,35.533359],[127.351375,35.533359],[127.351375,35.533355],[127.351363,35.53335],[127.351358,35.533332],[127.351363,35.533332],[127.351363,35.533323],[127.351369,35.533323],[127.351374,35.533314],[127.351385,35.533314],[127.351385,35.53331],[127.351429,35.533309],[127.351429,35.533314],[127.35144,35.533314],[127.351441,35.533318],[127.351463,35.533332],[127.351463,35.533341],[127.351468,35.533341],[127.351479,35.533368],[127.351496,35.533377],[127.351496,35.533399],[127.351479,35.533404],[127.351479,35.533408],[127.351457,35.533409]]]}},{"type":"Feature","properties":{"pair":"2506-2508","cls":"veg_gain","area_m2":26.1,"score":0.578},"geometry":{"type":"Polygon","coordinates":[[[127.356644,35.53315],[127.356644,35.533145],[127.356633,35.533145],[127.356633,35.533136],[127.356628,35.533136],[127.356628,35.533127],[127.356622,35.533127],[127.356622,35.533109],[127.356616,35.533109],[127.356622,35.533087],[127.356638,35.533082],[127.356638,35.533078],[127.356649,35.533078],[127.356649,35.533082],[127.356666,35.533087],[127.356666,35.533127],[127.356661,35.533127],[127.356661,35.533141],[127.356644,35.53315]]]}},{"type":"Feature","properties":{"pair":"2506-2508","cls":"veg_gain","area_m2":714.6,"score":0.638},"geometry":{"type":"Polygon","coordinates":[[[127.350624,35.533289],[127.350624,35.533285],[127.35058,35.533285],[127.35058,35.53328],[127.350564,35.53328],[127.350564,35.533276],[127.350542,35.533262],[127.350542,35.533253],[127.350536,35.533253],[127.350536,35.533204],[127.35053,35.533204],[127.35053,35.53319],[127.350525,35.53319],[127.350519,35.533181],[127.350508,35.533181],[127.350508,35.533177],[127.350497,35.533177],[127.350497,35.533181],[127.350464,35.533177],[127.350458,35.533164],[127.350453,35.533164],[127.350453,35.533146],[127.350447,35.533146],[127.350447,35.533128],[127.350453,35.533128],[127.350453,35.533119],[127.350458,35.533118],[127.350464,35.533109],[127.350475,35.533109],[127.350475,35.533105],[127.350508,35.533105],[127.350508,35.5331],[127.350524,35.533096],[127.350524,35.533087],[127.35053,35.533087],[127.35053,35.533078],[127.350535,35.533078],[127.350535,35.533069],[127.350541,35.533069],[127.350535,35.533019],[127.350541,35.533019],[127.350541,35.53301],[127.350557,35.533006],[127.350557,35.533001],[127.350645,35.533005],[127.350645,35.53301],[127.350673,35.53301],[127.350673,35.533014],[127.350689,35.533014],[127.350689,35.533019],[127.350706,35.533019],[127.350706,35.533023],[127.350728,35.533028],[127.350734,35.533046],[127.350728,35.533046],[127.350723,35.533055],[127.350712,35.533055],[127.350706,35.533064],[127.350695,35.533064],[127.350695,35.533068],[127.350673,35.533082],[127.350673,35.533091],[127.350668,35.533091],[127.350668,35.533104],[127.350673,35.533104],[127.350679,35.533127],[127.350684,35.533127],[127.35069,35.53314],[127.350695,35.53314],[127.350707,35.533154],[127.350718,35.533154],[127.350718,35.533158],[127.350822,35.533153],[127.350822,35.533158],[127.350833,35.533158],[127.350833,35.533162],[127.350855,35.533176],[127.350856,35.533189],[127.350861,35.533189],[127.350861,35.533248],[127.350856,35.533248],[127.350856,35.533262],[127.35085,35.533262],[127.35085,35.533271],[127.350845,35.533271],[127.350839,35.53328],[127.350828,35.53328],[127.350828,35.533284],[127.350795,35.533284],[127.350795,35.533289],[127.350718,35.533289],[127.350718,35.533284],[127.350652,35.533285],[127.350652,35.533289],[127.350624,35.533289]]]}},{"type":"Feature","properties":{"pair":"2506-2508","cls":"veg_gain","area_m2":238.6,"score":0.624},"geometry":{"type":"Polygon","coordinates":[[[127.349266,35.532852],[127.349266,35.532847],[127.34925,35.532847],[127.34925,35.532843],[127.349239,35.532843],[127.349239,35.532838],[127.349222,35.532838],[127.349217,35.532829],[127.349206,35.532829],[127.349206,35.532825],[127.349189,35.53282],[127.349183,35.532811],[127.349172,35.532811],[127.349172,35.532807],[127.349139,35.532798],[127.349139,35.532793],[127.349123,35.532784],[127.349123,35.532775],[127.349117,35.532775],[127.349117,35.532753],[127.349123,35.532753],[127.349122,35.532744],[127.349128,35.532744],[127.349139,35.53273],[127.34915,35.53273],[127.34915,35.532726],[127.349161,35.532726],[127.349161,35.532721],[127.349172,35.532721],[127.349172,35.532717],[127.349183,35.532717],[127.349183,35.532712],[127.349194,35.532712],[127.349194,35.532708],[127.349205,35.532708],[127.349205,35.532703],[127.349216,35.532703],[127.349216,35.532698],[127.349233,35.532698],[127.349233,35.532694],[127.34926,35.532694],[127.34926,35.532698],[127.349282,35.532703],[127.349282,35.532707],[127.349315,35.53273],[127.349315,35.532739],[127.349332,35.532748],[127.349332,35.532757],[127.349338,35.532757],[127.349338,35.532761],[127.34936,35.532775],[127.34936,35.532784],[127.349365,35.532784],[127.34936,35.532797],[127.349349,35.532797],[127.349349,35.532802],[127.349321,35.532802],[127.349321,35.532806],[127.349305,35.532815],[127.349294,35.532847],[127.349266,35.532852]]]}},{"type":"Feature","properties":{"pair":"2506-2508","cls":"veg_gain","area_m2":38.8,"score":0.585},"geometry":{"type":"Polygon","coordinates":[[[127.35657,35.532668],[127.35657,35.532663],[127.356559,35.532663],[127.356554,35.53265],[127.356548,35.53265],[127.356554,35.532632],[127.35657,35.532627],[127.35657,35.532623],[127.356631,35.532623],[127.356631,35.532627],[127.356642,35.532627],[127.356642,35.532632],[127.356653,35.532636],[127.356653,35.53265],[127.356647,35.53265],[127.356636,35.532663],[127.35662,35.532663],[127.35662,35.532668],[127.35657,35.532668]]]}},{"type":"Feature","properties":{"pair":"2506-2508","cls":"veg_gain","area_m2":1756.9,"score":0.655},"geometry":{"type":"Polygon","coordinates":[[[127.350728,35.532915],[127.350728,35.53291],[127.350705,35.532906],[127.3507,35.532897],[127.350689,35.532897],[127.350689,35.532892],[127.350683,35.532893],[127.350678,35.532884],[127.350667,35.532884],[127.350667,35.532879],[127.350639,35.532879],[127.350639,35.532875],[127.350612,35.532875],[127.350612,35.53287],[127.350512,35.532875],[127.350512,35.532879],[127.350479,35.532875],[127.350479,35.532871],[127.350463,35.532862],[127.350452,35.532835],[127.350441,35.53283],[127.35044,35.532821],[127.350429,35.532817],[127.350429,35.532808],[127.350424,35.532808],[127.350424,35.532799],[127.350418,35.532799],[127.350418,35.532727],[127.350412,35.532727],[127.350407,35.532704],[127.350401,35.532704],[127.350385,35.532686],[127.350374,35.532686],[127.350374,35.532682],[127.350329,35.53265],[127.350329,35.532641],[127.350318,35.532637],[127.350318,35.532628],[127.350307,35.532623],[127.350307,35.532614],[127.350302,35.532614],[127.350296,35.532601],[127.350291,35.532601],[127.350291,35.532587],[127.350285,35.532587],[127.350285,35.532574],[127.35028,35.532574],[127.350279,35.532538],[127.350285,35.532538],[127.35029,35.53252],[127.350296,35.53252],[127.350301,35.532511],[127.350312,35.532511],[127.350312,35.532506],[127.350345,35.532483],[127.350351,35.532461],[127.350356,35.532461],[127.350356,35.532452],[127.350362,35.532452],[127.350362,35.532438],[127.350367,35.532438],[127.350367,35.532425],[127.350373,35.532425],[127.350378,35.532407],[127.350384,35.532407],[127.350405,35.532384],[127.350417,35.532384],[127.350416,35.53238],[127.350444,35.532379],[127.350444,35.532384],[127.350472,35.532388],[127.350477,35.532397],[127.350499,35.532402],[127.35051,35.532415],[127.350521,35.532415],[127.350532,35.532429],[127.350544,35.532429],[127.350544,35.532433],[127.35056,35.532438],[127.350566,35.532447],[127.350577,35.532447],[127.350577,35.532451],[127.350588,35.532451],[127.350588,35.532456],[127.350621,35.532465],[127.350621,35.532469],[127.350626,35.532469],[127.350632,35.532478],[127.350643,35.532478],[127.350665,35.532501],[127.350676,35.5325],[127.350682,35.532509],[127.350693,35.532509],[127.350698,35.532518],[127.350709,35.532518],[127.350726,35.532536],[127.350737,35.532536],[127.350737,35.532541],[127.350742,35.532541],[127.350754,35.532554],[127.350765,35.532554],[127.350781,35.532572],[127.350792,35.532572],[127.350803,35.532586],[127.350814,35.532586],[127.350814,35.53259],[127.350842,35.532608],[127.350842,35.532617],[127.350848,35.532617],[127.350848,35.532658],[127.350842,35.532658],[127.350842,35.532667],[127.350837,35.532667],[127.350826,35.53268],[127.350815,35.53268],[127.350815,35.532685],[127.350705,35.532685],[127.350705,35.53269],[127.350682,35.532694],[127.350683,35.532699],[127.350633,35.532735],[127.350639,35.532762],[127.350661,35.532766],[127.350666,35.532775],[127.350677,35.532775],[127.350677,35.53278],[127.350688,35.53278],[127.350688,35.532784],[127.350699,35.532784],[127.350699,35.532789],[127.350777,35.532784],[127.350777,35.532789],[127.350788,35.532789],[127.350788,35.532793],[127.350804,35.532802],[127.350804,35.532811],[127.35081,35.532811],[127.35081,35.532865],[127.350805,35.532865],[127.350805,35.532888],[127.350799,35.532888],[127.350799,35.532897],[127.350794,35.532897],[127.350783,35.53291],[127.350772,35.53291],[127.350772,35.532915],[127.350728,35.532915]]]}},{"type":"Feature","properties":{"pair":"2506-2508","cls":"veg_gain","area_m2":412.6,"score":0.603},"geometry":{"type":"Polygon","coordinates":[[[127.35652,35.532528],[127.35652,35.532524],[127.356509,35.532524],[127.356509,35.532519],[127.356498,35.532515],[127.356498,35.532506],[127.356492,35.532506],[127.356487,35.53247],[127.356481,35.53247],[127.356481,35.532443],[127.356476,35.532443],[127.356475,35.532389],[127.35647,35.532389],[127.35647,35.532357],[127.356464,35.532357],[127.356464,35.53229],[127.356469,35.53229],[127.356475,35.532276],[127.356502,35.532276],[127.356502,35.532281],[127.356514,35.532281],[127.356514,35.532285],[127.356525,35.532285],[127.356525,35.53229],[127.356536,35.53229],[127.356536,35.532294],[127.356563,35.532294],[127.356563,35.532298],[127.356635,35.532298],[127.356635,35.532303],[127.356646,35.532303],[127.356646,35.532307],[127.356657,35.532312],[127.356657,35.532321],[127.356663,35.532321],[127.356668,35.532415],[127.356663,35.532415],[127.356663,35.532447],[127.356658,35.532447],[127.356658,35.532469],[127.356652,35.532469],[127.356647,35.532487],[127.356608,35.532497],[127.356603,35.53251],[127.356597,35.53251],[127.356592,35.532519],[127.35657,35.532524],[127.35657,35.532528],[127.35652,35.532528]]]}},{"type":"Feature","properties":{"pair":"2506-2508","cls":"veg_gain","area_m2":71.0,"score":0.561},"geometry":{"type":"Polygon","coordinates":[[[127.349979,35.532034],[127.349979,35.532029],[127.349968,35.532029],[127.349968,35.532025],[127.349935,35.532016],[127.349935,35.532011],[127.349919,35.532002],[127.349913,35.531989],[127.349919,35.531989],[127.349919,35.53198],[127.349946,35.531962],[127.349946,35.531953],[127.349957,35.531948],[127.349962,35.531935],[127.349974,35.531935],[127.349973,35.53193],[127.350001,35.53193],[127.350001,35.531939],[127.350007,35.531939],[127.350007,35.531948],[127.350001,35.531948],[127.350001,35.531975],[127.350007,35.531975],[127.350007,35.531989],[127.350012,35.531989],[127.350012,35.531998],[127.350018,35.531998],[127.350018,35.532007],[127.350023,35.532007],[127.350024,35.53202],[127.350018,35.53202],[127.350018,35.532029],[127.350007,35.532029],[127.350007,35.532034],[127.349979,35.532034]]]}},{"type":"Feature","properties":{"pair":"2506-2508","cls":"veg_gain","area_m2":51.0,"score":0.567},"geometry":{"type":"Polygon","coordinates":[[[127.350227,35.531898],[127.350227,35.531893],[127.350216,35.531893],[127.350216,35.531889],[127.350199,35.53188],[127.350199,35.531871],[127.350194,35.531871],[127.350194,35.531862],[127.350188,35.531862],[127.350188,35.531848],[127.350183,35.531848],[127.350183,35.531839],[127.350177,35.531839],[127.350177,35.53183],[127.350172,35.53183],[127.350171,35.531821],[127.350177,35.531821],[127.350182,35.531812],[127.350199,35.531812],[127.350199,35.531817],[127.350216,35.531817],[127.350216,35.531821],[127.350238,35.531826],[127.350238,35.53183],[127.35026,35.531844],[127.35026,35.531853],[127.350265,35.531853],[127.350265,35.53188],[127.35026,35.53188],[127.35026,35.531889],[127.350243,35.531893],[127.350243,35.531898],[127.350227,35.531898]]]}},{"type":"Feature","properties":{"pair":"2506-2508","cls":"veg_gain","area_m2":356.0,"score":0.584},"geometry":{"type":"Polygon","coordinates":[[[127.35649,35.532006],[127.35649,35.532001],[127.356479,35.532001],[127.356479,35.531997],[127.356457,35.531983],[127.356457,35.531974],[127.356446,35.53197],[127.356446,35.531961],[127.35644,35.531961],[127.35644,35.531952],[127.356435,35.531952],[127.356435,35.531943],[127.356429,35.531943],[127.356424,35.531902],[127.356418,35.531902],[127.356423,35.531848],[127.356429,35.531848],[127.356429,35.531839],[127.356434,35.531839],[127.35644,35.53183],[127.356451,35.53183],[127.356451,35.531826],[127.356462,35.531821],[127.356462,35.531799],[127.356456,35.531799],[127.356456,35.53179],[127.356462,35.53179],[127.356462,35.53178],[127.356467,35.53178],[127.356478,35.531767],[127.356489,35.531767],[127.356489,35.531762],[127.35661,35.531762],[127.35661,35.531767],[127.356627,35.531766],[127.356627,35.531771],[127.356638,35.531775],[127.356638,35.531784],[127.356644,35.531784],[127.356644,35.531848],[127.356638,35.531848],[127.356638,35.531857],[127.356633,35.531857],[127.356622,35.53187],[127.3566,35.531875],[127.356594,35.531884],[127.356583,35.531884],[127.356572,35.531897],[127.356561,35.531897],[127.356561,35.531902],[127.35655,35.531906],[127.356551,35.531951],[127.356545,35.531951],[127.35654,35.53197],[127.356523,35.531979],[127.356523,35.531988],[127.356518,35.531988],[127.356507,35.532001],[127.35649,35.532006]]]}},{"type":"Feature","properties":{"pair":"2506-2508","cls":"veg_gain","area_m2":2247.2,"score":0.731},"geometry":{"type":"Polygon","coordinates":[[[127.350856,35.532],[127.350856,35.531995],[127.350845,35.531995],[127.350845,35.531991],[127.350806,35.531964],[127.350806,35.531955],[127.350801,35.531955],[127.350801,35.531946],[127.350795,35.531946],[127.350795,35.531932],[127.350789,35.531932],[127.350789,35.531919],[127.350784,35.531919],[127.350784,35.53191],[127.350778,35.53191],[127.350778,35.531901],[127.350773,35.531901],[127.350773,35.531892],[127.350767,35.531892],[127.350767,35.531883],[127.350762,35.531883],[127.350756,35.531869],[127.350745,35.531869],[127.350745,35.531865],[127.350728,35.531865],[127.350729,35.531869],[127.350629,35.531865],[127.350629,35.53187],[127.350613,35.53187],[127.350613,35.531874],[127.350574,35.531874],[127.350574,35.53187],[127.350558,35.53187],[127.350558,35.531865],[127.350508,35.531857],[127.350508,35.531852],[127.350497,35.531852],[127.350497,35.531848],[127.350486,35.531848],[127.350486,35.531843],[127.350475,35.531843],[127.350475,35.531839],[127.350458,35.531839],[127.350458,35.531834],[127.350447,35.531834],[127.350447,35.53183],[127.350414,35.531821],[127.350414,35.531816],[127.350397,35.531812],[127.350392,35.531803],[127.350381,35.531803],[127.350381,35.531798],[127.350375,35.531798],[127.35037,35.531789],[127.350359,35.531789],[127.350342,35.531771],[127.350331,35.531771],[127.35032,35.531758],[127.350309,35.531758],[127.350303,35.531749],[127.350292,35.531749],[127.350292,35.531744],[127.350243,35.531709],[127.350237,35.531677],[127.350243,35.531677],[127.350242,35.531668],[127.350254,35.531663],[127.350253,35.531654],[127.350275,35.531641],[127.350275,35.531632],[127.350286,35.531627],[127.350286,35.531618],[127.350297,35.531614],[127.350297,35.531605],[127.350303,35.531605],[127.350314,35.531578],[127.350325,35.531573],[127.350325,35.531564],[127.35033,35.531564],[127.350391,35.53151],[127.350402,35.53151],[127.350402,35.531505],[127.350413,35.531505],[127.350413,35.531501],[127.350424,35.531501],[127.350424,35.531496],[127.350457,35.531487],[127.350462,35.531478],[127.350473,35.531478],[127.35049,35.53146],[127.350501,35.53146],[127.350501,35.531455],[127.350506,35.531455],[127.350512,35.531446],[127.350523,35.531446],[127.350523,35.531442],[127.350561,35.531446],[127.350567,35.531455],[127.350578,35.531455],[127.350578,35.53146],[127.350594,35.531464],[127.3506,35.531473],[127.350611,35.531473],[127.350611,35.531478],[127.350633,35.531482],[127.350639,35.531491],[127.350661,35.531496],[127.350666,35.531505],[127.350677,35.531505],[127.350683,35.531514],[127.350694,35.531513],[127.350699,35.531522],[127.35071,35.531522],[127.350722,35.531536],[127.350733,35.531536],[127.350738,35.531545],[127.350749,35.531545],[127.350755,35.531554],[127.350766,35.531554],[127.350766,35.531558],[127.350782,35.531563],[127.350788,35.531572],[127.35081,35.531576],[127.350815,35.531585],[127.350849,35.531594],[127.350854,35.531603],[127.350865,35.531603],[127.350865,35.531608],[127.350882,35.531612],[127.350887,35.531621],[127.350898,35.531621],[127.350898,35.531626],[127.350909,35.531626],[127.350915,35.531635],[127.350926,35.531634],[127.350932,35.531643],[127.350943,35.531643],[127.350943,35.531648],[127.350965,35.531661],[127.350965,35.53167],[127.35097,35.53167],[127.35097,35.531724],[127.350965,35.531725],[127.35096,35.531752],[127.350954,35.531752],[127.350954,35.531761],[127.350949,35.531761],[127.350943,35.531788],[127.350938,35.531788],[127.350938,35.531797],[127.350932,35.531797],[127.350932,35.53181],[127.350927,35.53181],[127.350927,35.531824],[127.350921,35.531824],[127.350921,35.531837],[127.350916,35.531837],[127.350916,35.531851],[127.35091,35.531851],[127.35091,35.531864],[127.350905,35.531864],[127.350905,35.531878],[127.350899,35.531878],[127.3509,35.531891],[127.350894,35.531891],[127.350894,35.531905],[127.350889,35.531905],[127.350889,35.531919],[127.350883,35.531919],[127.350878,35.531986],[127.350872,35.531986],[127.350872,35.531995],[127.350856,35.532]]]}},{"type":"Feature","properties":{"pair":"2506-2508","cls":"veg_gain","area_m2":422.0,"score":0.659},"geometry":{"type":"Polygon","coordinates":[[[127.356466,35.531609],[127.356466,35.531605],[127.35645,35.531605],[127.35645,35.5316],[127.356433,35.531591],[127.356433,35.531582],[127.356428,35.531582],[127.356428,35.531537],[127.356433,35.531537],[127.356433,35.531519],[127.356438,35.531519],[127.356438,35.53151],[127.356444,35.53151],[127.356444,35.531501],[127.356449,35.531501],[127.356449,35.531488],[127.356455,35.531488],[127.356455,35.531474],[127.35646,35.531474],[127.35646,35.531424],[127.356466,35.531424],[127.356466,35.531415],[127.356471,35.531415],[127.356477,35.531406],[127.35651,35.531402],[127.35651,35.531397],[127.356598,35.531397],[127.356598,35.531402],[127.356642,35.531401],[127.356642,35.531406],[127.356653,35.531406],[127.356659,35.531419],[127.356664,35.531419],[127.356664,35.531428],[127.35667,35.531428],[127.35667,35.531455],[127.356664,35.531455],[127.356665,35.531541],[127.356659,35.531541],[127.356659,35.531555],[127.356654,35.531555],[127.356637,35.531573],[127.356626,35.531573],[127.356626,35.531577],[127.356615,35.531577],[127.356615,35.531582],[127.356604,35.531582],[127.356604,35.531586],[127.356593,35.531586],[127.356593,35.531591],[127.356582,35.531591],[127.356582,35.531595],[127.356566,35.531595],[127.356566,35.5316],[127.356549,35.5316],[127.356549,35.531604],[127.356522,35.531605],[127.356522,35.531609],[127.356466,35.531609]]]}},{"type":"Feature","properties":{"pair":"2506-2508","cls":"veg_gain","area_m2":964.4,"score":0.655},"geometry":{"type":"Polygon","coordinates":[[[127.353572,35.531667],[127.353572,35.531663],[127.353561,35.531663],[127.353561,35.531658],[127.353539,35.531645],[127.353539,35.531631],[127.353534,35.531631],[127.353528,35.531622],[127.353517,35.531622],[127.353517,35.531618],[127.353506,35.531618],[127.353506,35.531622],[127.353451,35.531618],[127.353451,35.531614],[127.353346,35.531618],[127.353346,35.531614],[127.35333,35.531614],[127.35333,35.531609],[127.353313,35.53161],[127.353313,35.531605],[127.35328,35.53161],[127.35328,35.531614],[127.353269,35.531614],[127.353269,35.531619],[127.353241,35.531619],[127.353241,35.531614],[127.35323,35.531614],[127.35323,35.53161],[127.353219,35.531605],[127.353219,35.531592],[127.353214,35.531592],[127.353219,35.531497],[127.353224,35.531497],[127.353224,35.531475],[127.35323,35.531475],[127.35323,35.531457],[127.353235,35.531457],[127.353235,35.531438],[127.353241,35.531438],[127.353246,35.531407],[127.353251,35.531407],[127.353251,35.531398],[127.353257,35.531398],[127.353273,35.53138],[127.353284,35.53138],[127.353284,35.531375],[127.353295,35.531375],[127.353295,35.531371],[127.353306,35.531371],[127.353306,35.531366],[127.353367,35.531366],[127.353367,35.531371],[127.353384,35.53137],[127.353389,35.531379],[127.3534,35.531379],[127.353406,35.531388],[127.353417,35.531388],[127.353422,35.531397],[127.353433,35.531397],[127.353433,35.531402],[127.353444,35.531402],[127.353444,35.531406],[127.353461,35.531406],[127.353461,35.531411],[127.353478,35.531411],[127.353478,35.531415],[127.353494,35.531415],[127.353494,35.53142],[127.353511,35.53142],[127.353511,35.531424],[127.353555,35.531429],[127.353555,35.531433],[127.353571,35.531433],[127.353571,35.531437],[127.353676,35.531437],[127.353676,35.531442],[127.353715,35.531442],[127.353715,35.531446],[127.353742,35.531451],[127.353742,35.531455],[127.353759,35.531464],[127.353759,35.531473],[127.353764,35.531473],[127.353765,35.531536],[127.353759,35.531536],[127.353748,35.53159],[127.353743,35.53159],[127.353743,35.531599],[127.353737,35.531599],[127.353732,35.531608],[127.353721,35.531608],[127.353721,35.531613],[127.353704,35.531613],[127.353704,35.531608],[127.353688,35.531604],[127.353677,35.53155],[127.353671,35.53155],[127.353671,35.531541],[127.353666,35.531541],[127.35366,35.531532],[127.353649,35.531532],[127.353643,35.531523],[127.353632,35.531523],[127.353632,35.531518],[127.353621,35.531518],[127.353621,35.531514],[127.35361,35.531514],[127.35361,35.531509],[127.353594,35.53151],[127.353594,35.531505],[127.353561,35.531505],[127.353561,35.53151],[127.353544,35.53151],[127.353544,35.531514],[127.353533,35.531514],[127.353533,35.531519],[127.353517,35.531523],[127.353517,35.531532],[127.353511,35.531532],[127.353511,35.531559],[127.353517,35.531559],[127.353517,35.531577],[127.353522,35.531577],[127.353528,35.5316],[127.353545,35.531604],[127.353545,35.531609],[127.353567,35.531609],[127.353567,35.531613],[127.353594,35.531618],[127.353594,35.531622],[127.353611,35.531631],[127.353611,35.53164],[127.353616,35.53164],[127.353616,35.531649],[127.353611,35.531649],[127.353605,35.531663],[127.353572,35.531667]]]}},{"type":"Feature","properties":{"pair":"2506-2508","cls":"veg_gain","area_m2":101.5,"score":0.567},"geometry":{"type":"Polygon","coordinates":[[[127.356537,35.53128],[127.356537,35.531276],[127.356504,35.531271],[127.356504,35.531267],[127.356492,35.531262],[127.356492,35.531253],[127.356487,35.531253],[127.356487,35.531226],[127.356492,35.531226],[127.356498,35.531213],[127.356509,35.531213],[127.356509,35.531208],[127.356625,35.531208],[127.356625,35.531212],[127.356641,35.531217],[127.356641,35.531226],[127.356647,35.531226],[127.356647,35.531253],[127.356641,35.531253],[127.356641,35.531262],[127.356636,35.531262],[127.35663,35.531271],[127.356597,35.531275],[127.356597,35.53128],[127.356537,35.53128]]]}},{"type":"Feature","properties":{"pair":"2506-2508","cls":"veg_gain","area_m2":25.6,"score":0.589},"geometry":{"type":"Polygon","coordinates":[[[127.348146,35.531269],[127.348146,35.531264],[127.348135,35.531264],[127.348129,35.531251],[127.348124,35.531251],[127.348124,35.531219],[127.34814,35.531214],[127.34814,35.53121],[127.348157,35.531214],[127.348157,35.531219],[127.348179,35.531232],[127.348179,35.531241],[127.348184,35.531241],[127.348179,35.531264],[127.348146,35.531269]]]}},{"type":"Feature","properties":{"pair":"2506-2508","cls":"veg_gain","area_m2":52.6,"score":0.592},"geometry":{"type":"Polygon","coordinates":[[[127.353356,35.531289],[127.353356,35.531285],[127.353345,35.531285],[127.353345,35.531276],[127.353339,35.531276],[127.353339,35.531244],[127.353344,35.531244],[127.353344,35.531231],[127.35335,35.531231],[127.35335,35.531217],[127.353355,35.531217],[127.353366,35.53119],[127.353388,35.53119],[127.353394,35.531213],[127.353399,35.531213],[127.3534,35.531235],[127.353405,35.531235],[127.353405,35.531249],[127.353411,35.531249],[127.353411,35.531276],[127.353405,35.531276],[127.3534,35.531285],[127.353389,35.531285],[127.353389,35.531289],[127.353356,35.531289]]]}},{"type":"Feature","properties":{"pair":"2506-2508","cls":"veg_gain","area_m2":855.6,"score":0.621},"geometry":{"type":"Polygon","coordinates":[[[127.35071,35.531419],[127.35071,35.531414],[127.350693,35.531414],[127.350693,35.53141],[127.35066,35.531401],[127.350655,35.531392],[127.350644,35.531392],[127.350644,35.531387],[127.350627,35.531383],[127.350622,35.531374],[127.350588,35.531365],[127.350583,35.531356],[127.350572,35.531356],[127.350572,35.531352],[127.350555,35.531343],[127.350555,35.531334],[127.350544,35.531329],[127.350544,35.53132],[127.350539,35.53132],[127.350539,35.531284],[127.350544,35.531284],[127.350544,35.531271],[127.350549,35.531271],[127.350549,35.531257],[127.350555,35.531257],[127.350555,35.531244],[127.35056,35.531243],[127.35056,35.53123],[127.350566,35.53123],[127.350566,35.531212],[127.350571,35.531212],[127.350582,35.531122],[127.350587,35.531122],[127.350587,35.531104],[127.350593,35.531104],[127.350593,35.53109],[127.350598,35.53109],[127.350604,35.531045],[127.350609,35.531045],[127.350609,35.531032],[127.350615,35.531032],[127.35062,35.531013],[127.350626,35.531013],[127.350637,35.531],[127.350648,35.531],[127.350648,35.530995],[127.350675,35.530995],[127.350675,35.531],[127.350697,35.531004],[127.350703,35.531013],[127.350714,35.531013],[127.350719,35.531022],[127.35073,35.531022],[127.350741,35.531036],[127.350752,35.531036],[127.350752,35.53104],[127.350775,35.531054],[127.350775,35.531063],[127.350791,35.531072],[127.350791,35.531081],[127.350808,35.53109],[127.350808,35.531099],[127.350824,35.531108],[127.350824,35.531117],[127.35083,35.531117],[127.35083,35.531126],[127.350836,35.531126],[127.350836,35.531135],[127.350841,35.531135],[127.350841,35.531157],[127.350836,35.531157],[127.350836,35.531166],[127.35083,35.531166],[127.35083,35.531171],[127.350814,35.53118],[127.350814,35.531189],[127.350808,35.531189],[127.350809,35.531256],[127.350803,35.531256],[127.350803,35.531274],[127.350798,35.531274],[127.350792,35.531337],[127.350787,35.531337],[127.350787,35.531346],[127.350754,35.531369],[127.350754,35.531378],[127.350748,35.531378],[127.350748,35.531387],[127.350743,35.531387],[127.350738,35.531414],[127.35071,35.531419]]]}},{"type":"Feature","properties":{"pair":"2506-2508","cls":"veg_gain","area_m2":751.4,"score":0.601},"geometry":{"type":"Polygon","coordinates":[[[127.353571,35.531307],[127.353571,35.531302],[127.353554,35.531298],[127.353554,35.531275],[127.35356,35.531275],[127.353565,35.531262],[127.353571,35.531262],[127.35357,35.531226],[127.353565,35.531226],[127.35357,35.531127],[127.353564,35.531127],[127.353564,35.531113],[127.353559,35.531113],[127.353559,35.531104],[127.353553,35.531104],[127.353553,35.531095],[127.353548,35.531095],[127.353548,35.531086],[127.353542,35.531086],[127.353542,35.531073],[127.353537,35.531073],[127.353525,35.531019],[127.35352,35.531019],[127.35352,35.531005],[127.353514,35.531005],[127.353514,35.530996],[127.353509,35.530996],[127.353509,35.530974],[127.35352,35.530973],[127.35352,35.530969],[127.353531,35.530969],[127.353531,35.530964],[127.353575,35.530964],[127.353575,35.530969],[127.353602,35.530969],[127.353602,35.530973],[127.353624,35.530973],[127.353624,35.530978],[127.353647,35.530978],[127.353647,35.530982],[127.353669,35.530982],[127.353669,35.530987],[127.353768,35.530986],[127.353768,35.530991],[127.35379,35.530991],[127.35379,35.530995],[127.353823,35.531],[127.353823,35.531004],[127.35384,35.531013],[127.35384,35.531022],[127.353845,35.531022],[127.353845,35.531054],[127.353851,35.531054],[127.353851,35.531139],[127.353846,35.531139],[127.353846,35.531166],[127.35384,35.531166],[127.353835,35.531207],[127.353829,35.531207],[127.353824,35.531238],[127.353819,35.531238],[127.353819,35.531252],[127.353813,35.531252],[127.353813,35.531266],[127.353808,35.531266],[127.353802,35.531284],[127.353797,35.531284],[127.353786,35.531297],[127.353775,35.531297],[127.353775,35.531302],[127.353753,35.531293],[127.353747,35.531266],[127.353742,35.531266],[127.353741,35.531243],[127.353747,35.531243],[127.353741,35.531203],[127.353736,35.531203],[127.35373,35.531189],[127.353703,35.531185],[127.353703,35.531189],[127.35367,35.531198],[127.353659,35.531212],[127.353648,35.531212],[127.353648,35.531216],[127.353631,35.531226],[127.353631,35.531235],[127.353626,35.531235],[127.35362,35.531248],[127.353615,35.531248],[127.353604,35.531293],[127.353598,35.531293],[127.353593,35.531302],[127.353571,35.531307]],[[127.35368,35.531081],[127.353708,35.531077],[127.353713,35.531063],[127.353719,35.531063],[127.353713,35.531036],[127.353707,35.531036],[127.353702,35.531027],[127.353691,35.531027],[127.353691,35.531023],[127.353669,35.531023],[127.353669,35.531027],[127.353652,35.531032],[127.353652,35.531059],[127.353658,35.531059],[127.353658,35.531068],[127.353663,35.531068],[127.353669,35.531077],[127.35368,35.531077],[127.35368,35.531081]]]}},{"type":"Feature","properties":{"pair":"2506-2508","cls":"veg_gain","area_m2":136.8,"score":0.643},"geometry":{"type":"Polygon","coordinates":[[[127.348162,35.531084],[127.348162,35.531079],[127.348151,35.531079],[127.34815,35.531075],[127.348134,35.531066],[127.348134,35.531052],[127.348128,35.531052],[127.348128,35.531039],[127.348123,35.531039],[127.348123,35.531021],[127.348117,35.531021],[127.348117,35.530989],[127.348123,35.530989],[127.348123,35.530976],[127.348128,35.530976],[127.348133,35.530958],[127.348155,35.530944],[127.348155,35.530935],[127.348166,35.53093],[127.348166,35.530921],[127.348172,35.530921],[127.348188,35.530903],[127.34821,35.530903],[127.348216,35.530917],[127.348221,35.530917],[127.348222,35.530935],[127.348216,35.530935],[127.348216,35.530944],[127.348211,35.530944],[127.348211,35.530975],[127.348216,35.530975],[127.348217,35.531057],[127.348211,35.531057],[127.348211,35.53107],[127.348206,35.53107],[127.3482,35.531079],[127.348189,35.531079],[127.348189,35.531084],[127.348162,35.531084]]]}},{"type":"Feature","properties":{"pair":"2506-2508","cls":"veg_gain","area_m2":620.9,"score":0.589},"geometry":{"type":"Polygon","coordinates":[[[127.348857,35.531275],[127.348857,35.531271],[127.34884,35.531271],[127.34884,35.531267],[127.348818,35.531262],[127.348818,35.531258],[127.348802,35.531249],[127.348802,35.53124],[127.348791,35.531235],[127.34878,35.531208],[127.348774,35.531208],[127.348763,35.531195],[127.348746,35.531195],[127.348746,35.53119],[127.34873,35.531181],[127.348724,35.53115],[127.348719,35.53115],[127.348719,35.531123],[127.348713,35.531123],[127.348713,35.531114],[127.348702,35.531109],[127.348702,35.5311],[127.348691,35.531096],[127.348691,35.531087],[127.34868,35.531082],[127.34868,35.531073],[127.348669,35.531069],[127.348669,35.53106],[127.348663,35.53106],[127.348663,35.531051],[127.348658,35.531051],[127.348658,35.531042],[127.348652,35.531042],[127.348652,35.531033],[127.348646,35.531033],[127.348646,35.53101],[127.348641,35.53101],[127.348641,35.530952],[127.348646,35.530952],[127.348646,35.530929],[127.348652,35.530929],[127.348651,35.53087],[127.348657,35.53087],[127.348662,35.530852],[127.348679,35.530848],[127.348679,35.530843],[127.34869,35.530843],[127.34869,35.530848],[127.348706,35.530852],[127.348712,35.530875],[127.348717,35.530875],[127.348718,35.530888],[127.348723,35.530888],[127.348723,35.530897],[127.348729,35.530897],[127.348729,35.530906],[127.348734,35.530906],[127.348734,35.530915],[127.34874,35.530915],[127.34874,35.530924],[127.348745,35.530924],[127.348751,35.530947],[127.348756,35.530947],[127.348762,35.530956],[127.348773,35.530956],[127.348773,35.53096],[127.348806,35.530969],[127.348806,35.530974],[127.348839,35.530996],[127.348839,35.531005],[127.348845,35.531005],[127.348845,35.531014],[127.34885,35.531014],[127.34885,35.531028],[127.348856,35.531028],[127.348862,35.531059],[127.348867,35.531059],[127.348867,35.531068],[127.348873,35.531068],[127.348873,35.531077],[127.348878,35.531077],[127.348878,35.531091],[127.348884,35.531091],[127.348884,35.531104],[127.348889,35.531104],[127.348884,35.531163],[127.34889,35.531163],[127.348895,35.531185],[127.348928,35.531208],[127.348928,35.531217],[127.348934,35.531217],[127.348934,35.531239],[127.348929,35.531239],[127.348929,35.531248],[127.348923,35.531248],[127.348923,35.531257],[127.348918,35.531257],[127.348912,35.531266],[127.348885,35.531271],[127.348885,35.531275],[127.348857,35.531275]]]}},{"type":"Feature","properties":{"pair":"2506-2508","cls":"veg_gain","area_m2":222.1,"score":0.599},"geometry":{"type":"Polygon","coordinates":[[[127.349016,35.531005],[127.349016,35.531],[127.348983,35.530996],[127.348983,35.530991],[127.348949,35.530969],[127.348949,35.53096],[127.348938,35.530955],[127.348938,35.530946],[127.348933,35.530946],[127.348933,35.530937],[127.348927,35.530937],[127.348927,35.530928],[127.348922,35.530928],[127.348922,35.530919],[127.348916,35.530919],[127.348916,35.53091],[127.348911,35.53091],[127.348911,35.530897],[127.348905,35.530897],[127.34891,35.53087],[127.348916,35.53087],[127.348965,35.530825],[127.348976,35.530824],[127.348976,35.53082],[127.349015,35.53082],[127.349015,35.530824],[127.349032,35.530829],[127.349032,35.530838],[127.349043,35.530842],[127.349043,35.530851],[127.349048,35.530851],[127.349048,35.53086],[127.349054,35.53086],[127.349059,35.530892],[127.349065,35.530892],[127.349065,35.530914],[127.34907,35.530914],[127.349071,35.530937],[127.349076,35.530937],[127.349076,35.530959],[127.349071,35.530959],[127.349065,35.530986],[127.34906,35.530986],[127.349049,35.531],[127.349038,35.531],[127.349038,35.531005],[127.349016,35.531005]]]}},{"type":"Feature","properties":{"pair":"2506-2508","cls":"veg_gain","area_m2":231.5,"score":0.581},"geometry":{"type":"Polygon","coordinates":[[[127.356425,35.530924],[127.356425,35.53092],[127.356414,35.530915],[127.356414,35.530906],[127.356408,35.530906],[127.356408,35.530848],[127.356413,35.530848],[127.356413,35.530825],[127.356419,35.530825],[127.356419,35.530794],[127.356424,35.530794],[127.356424,35.53078],[127.35643,35.53078],[127.356441,35.530767],[127.356457,35.530767],[127.356457,35.530762],[127.35654,35.530766],[127.35654,35.530762],[127.356556,35.530762],[127.356556,35.530757],[127.356567,35.530757],[127.356567,35.530753],[127.356595,35.530753],[127.356595,35.530748],[127.356639,35.530748],[127.356639,35.530752],[127.356656,35.530757],[127.356656,35.530766],[127.356661,35.530766],[127.356661,35.530811],[127.356656,35.530811],[127.356656,35.53082],[127.35665,35.53082],[127.356639,35.530834],[127.356628,35.530834],[127.356628,35.530838],[127.356601,35.530838],[127.356601,35.530834],[127.356584,35.530834],[127.356584,35.530829],[127.356524,35.530829],[127.356524,35.530834],[127.356496,35.530839],[127.356496,35.530843],[127.356485,35.530848],[127.356485,35.530857],[127.35648,35.530857],[127.35648,35.53087],[127.356474,35.53087],[127.356474,35.530879],[127.356469,35.530879],[127.356469,35.530888],[127.356463,35.530888],[127.356463,35.530902],[127.356458,35.530902],[127.356452,35.53092],[127.356447,35.53092],[127.356447,35.530924],[127.356425,35.530924]]]}},{"type":"Feature","properties":{"pair":"2506-2508","cls":"other","area_m2":93.0,"score":0.608},"geometry":{"type":"Polygon","coordinates":[[[127.350829,35.530797],[127.350829,35.530792],[127.350812,35.530792],[127.350812,35.530788],[127.35079,35.530783],[127.350784,35.530774],[127.350762,35.53077],[127.350762,35.530765],[127.350746,35.530761],[127.35074,35.530752],[127.350729,35.530752],[127.350729,35.530747],[127.350707,35.530734],[127.350707,35.530725],[127.350701,35.530725],[127.350701,35.530702],[127.350718,35.530698],[127.350718,35.530693],[127.350751,35.530693],[127.350751,35.530698],[127.350779,35.530702],[127.350779,35.530707],[127.350795,35.530711],[127.350801,35.53072],[127.350812,35.53072],[127.350812,35.530725],[127.350862,35.53076],[127.350862,35.530769],[127.350867,35.530769],[127.350862,35.530792],[127.350829,35.530797]]]}},{"type":"Feature","properties":{"pair":"2506-2508","cls":"veg_gain","area_m2":65.4,"score":0.568},"geometry":{"type":"Polygon","coordinates":[[[127.353656,35.53064],[127.353656,35.530635],[127.353606,35.530626],[127.353606,35.530622],[127.353595,35.530622],[127.353595,35.530617],[127.353584,35.530613],[127.353584,35.530581],[127.35359,35.530581],[127.353595,35.530563],[127.353601,35.530563],[127.353606,35.530554],[127.353617,35.530554],[127.353617,35.53055],[127.353639,35.53055],[127.353639,35.530554],[127.35365,35.530554],[127.35365,35.530559],[127.353661,35.530563],[127.353667,35.530585],[127.353672,35.530585],[127.353672,35.530594],[127.353678,35.530594],[127.353678,35.530603],[127.353683,35.530603],[127.353684,35.530612],[127.353689,35.530612],[127.353684,35.530635],[127.353656,35.53064]]]}},{"type":"Feature","properties":{"pair":"2506-2508","cls":"other","area_m2":106.5,"score":0.589},"geometry":{"type":"Polygon","coordinates":[[[127.350938,35.530648],[127.350938,35.530643],[127.350916,35.530639],[127.350905,35.530625],[127.350894,35.530625],[127.350883,35.530612],[127.350872,35.530612],[127.350861,35.530598],[127.35085,35.530598],[127.350844,35.530589],[127.350833,35.530589],[127.350833,35.530585],[127.350817,35.530576],[127.350816,35.530549],[127.350822,35.530549],[127.350822,35.530544],[127.350833,35.530544],[127.350833,35.53054],[127.350861,35.53054],[127.350861,35.530544],[127.350872,35.530544],[127.350872,35.530549],[127.350883,35.530549],[127.350883,35.530553],[127.350894,35.530553],[127.350894,35.530558],[127.350905,35.530558],[127.350905,35.530562],[127.350916,35.530562],[127.350916,35.530566],[127.350949,35.530575],[127.350954,35.530584],[127.350965,35.530584],[127.350971,35.530593],[127.350982,35.530593],[127.350982,35.530598],[127.350993,35.530602],[127.350993,35.530611],[127.350999,35.530611],[127.350993,35.530638],[127.350988,35.530638],[127.350982,35.530647],[127.350938,35.530648]]]}},{"type":"Feature","properties":{"pair":"2506-2508","cls":"veg_gain","area_m2":27.2,"score":0.584},"geometry":{"type":"Polygon","coordinates":[[[127.352845,35.530583],[127.352845,35.530579],[127.352834,35.530574],[127.35284,35.530529],[127.352845,35.530529],[127.352845,35.53052],[127.352851,35.53052],[127.352856,35.530511],[127.352878,35.530511],[127.352878,35.53052],[127.352884,35.53052],[127.352884,35.530556],[127.352878,35.530556],[127.352878,35.530565],[127.352873,35.530565],[127.352856,35.530583],[127.352845,35.530583]]]}},{"type":"Feature","properties":{"pair":"2506-2508","cls":"veg_gain","area_m2":1506.9,"score":0.737},"geometry":{"type":"Polygon","coordinates":[[[127.34938,35.530995],[127.34938,35.53099],[127.349368,35.53099],[127.349368,35.530986],[127.349346,35.530972],[127.349346,35.530963],[127.34933,35.530954],[127.34933,35.530945],[127.349319,35.530941],[127.349319,35.530932],[127.349308,35.530927],[127.349308,35.530918],[127.349269,35.530891],[127.349269,35.530882],[127.349263,35.530882],[127.349258,35.530869],[127.349247,35.530864],[127.349241,35.530846],[127.349236,35.530846],[127.349208,35.530819],[127.349197,35.530819],[127.349197,35.530815],[127.349164,35.530792],[127.349164,35.530783],[127.349153,35.530779],[127.349153,35.53077],[127.349141,35.530765],[127.349141,35.530752],[127.349136,35.530752],[127.349136,35.530743],[127.34913,35.530743],[127.34913,35.530729],[127.349125,35.530729],[127.349125,35.53072],[127.349119,35.53072],[127.349119,35.530711],[127.349114,35.530711],[127.349114,35.530702],[127.349108,35.530702],[127.349108,35.530693],[127.349103,35.530693],[127.349103,35.53068],[127.349097,35.53068],[127.349097,35.530648],[127.349102,35.530648],[127.349108,35.530626],[127.349119,35.530621],[127.349119,35.530612],[127.34913,35.530608],[127.34913,35.530599],[127.349141,35.530594],[127.349141,35.530585],[127.349152,35.530581],[127.349152,35.530572],[127.349157,35.530572],[127.349163,35.530558],[127.349174,35.530554],[127.349174,35.530545],[127.349179,35.530544],[127.349179,35.530535],[127.349185,35.530535],[127.349185,35.530526],[127.34919,35.530526],[127.34919,35.530517],[127.349196,35.530517],[127.349196,35.530508],[127.349201,35.530508],[127.349201,35.530499],[127.349206,35.530499],[127.349206,35.53049],[127.349212,35.53049],[127.349212,35.530481],[127.349217,35.530481],[127.349217,35.530468],[127.349223,35.530468],[127.349223,35.530459],[127.349228,35.530459],[127.349228,35.53045],[127.349234,35.53045],[127.349234,35.530441],[127.349239,35.530441],[127.349239,35.530432],[127.349245,35.530432],[127.349256,35.530405],[127.349261,35.530405],[127.349267,35.530396],[127.349278,35.530395],[127.349278,35.530391],[127.349327,35.530391],[127.349327,35.530386],[127.349349,35.530386],[127.349349,35.530382],[127.34936,35.530382],[127.34936,35.530377],[127.349371,35.530377],[127.349371,35.530373],[127.349404,35.530368],[127.349404,35.530373],[127.349415,35.530373],[127.349415,35.530377],[127.349427,35.530382],[127.349432,35.530404],[127.349438,35.530404],[127.349438,35.530431],[127.349443,35.530431],[127.349438,35.530571],[127.349444,35.530571],[127.349444,35.530656],[127.34945,35.530656],[127.349456,35.530728],[127.349461,35.530728],[127.349456,35.530864],[127.349462,35.530864],[127.349467,35.530918],[127.349462,35.530918],[127.349456,35.530936],[127.349445,35.53094],[127.349446,35.530949],[127.349434,35.530954],[127.349429,35.530972],[127.349424,35.530972],[127.349407,35.53099],[127.34938,35.530995]]]}},{"type":"Feature","properties":{"pair":"2506-2508","cls":"veg_gain","area_m2":1301.1,"score":0.723},"geometry":{"type":"Polygon","coordinates":[[[127.349605,35.53089],[127.349605,35.530886],[127.349594,35.530886],[127.349589,35.530872],[127.349583,35.530872],[127.349583,35.5308],[127.349577,35.5308],[127.349577,35.530782],[127.349572,35.530782],[127.349572,35.530773],[127.349566,35.530773],[127.34956,35.530742],[127.349555,35.530742],[127.349549,35.530656],[127.349543,35.530656],[127.349543,35.530634],[127.349538,35.530634],[127.349538,35.530616],[127.349532,35.530616],[127.349532,35.530598],[127.349527,35.530598],[127.349521,35.530534],[127.349515,35.530535],[127.349515,35.530467],[127.34951,35.530467],[127.349504,35.530386],[127.349509,35.530386],[127.349515,35.530363],[127.34952,35.530363],[127.349526,35.530354],[127.349537,35.530354],[127.349537,35.53035],[127.349707,35.530327],[127.349707,35.530331],[127.349735,35.530336],[127.349735,35.53034],[127.349757,35.530354],[127.349757,35.530363],[127.349763,35.530363],[127.349763,35.530372],[127.349768,35.530372],[127.349768,35.530385],[127.349774,35.530385],[127.349774,35.530408],[127.349779,35.530408],[127.349786,35.530538],[127.349791,35.530538],[127.349791,35.530615],[127.349786,35.530615],[127.349786,35.530682],[127.349781,35.530682],[127.349787,35.530818],[127.349781,35.530818],[127.349781,35.530827],[127.349776,35.530827],[127.349759,35.530845],[127.349748,35.530845],[127.349748,35.530849],[127.349732,35.530854],[127.349732,35.530858],[127.349715,35.530858],[127.349715,35.530863],[127.349704,35.530863],[127.349704,35.530867],[127.349693,35.530867],[127.349693,35.530872],[127.349677,35.530872],[127.349677,35.530877],[127.349649,35.530881],[127.349649,35.530886],[127.349633,35.530886],[127.349633,35.53089],[127.349605,35.53089]]]}},{"type":"Feature","properties":{"pair":"2506-2508","cls":"veg_gain","area_m2":2539.2,"score":0.731},"geometry":{"type":"Polygon","coordinates":[[[127.349957,35.530781],[127.349957,35.530777],[127.349935,35.530772],[127.349935,35.530768],[127.349919,35.530759],[127.349919,35.53075],[127.349913,35.53075],[127.349913,35.530741],[127.349908,35.530741],[127.349908,35.530732],[127.349902,35.530732],[127.349902,35.530723],[127.349897,35.530723],[127.349891,35.530682],[127.349885,35.530682],[127.349885,35.53066],[127.34988,35.53066],[127.34988,35.530642],[127.349874,35.530642],[127.349874,35.530628],[127.349869,35.530628],[127.349863,35.530588],[127.349857,35.530588],[127.349857,35.530565],[127.349852,35.530565],[127.349852,35.530543],[127.349846,35.530543],[127.34984,35.53043],[127.349835,35.53043],[127.349835,35.530398],[127.349829,35.530398],[127.349829,35.530331],[127.349834,35.530331],[127.349834,35.530322],[127.34984,35.530322],[127.349851,35.530308],[127.349862,35.530308],[127.349862,35.530304],[127.349873,35.530304],[127.349873,35.530299],[127.35006,35.530299],[127.35006,35.530303],[127.350077,35.530303],[127.350082,35.530312],[127.350093,35.530312],[127.350121,35.530343],[127.350138,35.530343],[127.350137,35.530339],[127.350143,35.530339],[127.350165,35.530316],[127.350176,35.530316],[127.350176,35.530312],[127.350253,35.530312],[127.350253,35.530316],[127.350292,35.530316],[127.350292,35.53032],[127.350419,35.53032],[127.350419,35.530325],[127.3506,35.53032],[127.350601,35.530324],[127.350617,35.530324],[127.350617,35.530329],[127.350634,35.530333],[127.350634,35.530342],[127.350639,35.530342],[127.350639,35.530374],[127.350634,35.530374],[127.350634,35.530392],[127.350628,35.530392],[127.350623,35.530432],[127.350618,35.530432],[127.350612,35.530459],[127.350607,35.530459],[127.350607,35.530468],[127.350601,35.530468],[127.350601,35.530482],[127.350596,35.530482],[127.350596,35.530491],[127.35059,35.530491],[127.35059,35.530504],[127.350585,35.530504],[127.350585,35.530513],[127.350579,35.530513],[127.350579,35.530527],[127.350574,35.530527],[127.350574,35.530536],[127.350568,35.530536],[127.350568,35.530545],[127.350563,35.530545],[127.350563,35.530559],[127.350557,35.530559],[127.350557,35.530568],[127.350552,35.530568],[127.350552,35.530581],[127.350546,35.530581],[127.350536,35.530622],[127.35053,35.530622],[127.350519,35.530649],[127.350503,35.530653],[127.350503,35.530658],[127.35047,35.530658],[127.35047,35.530653],[127.350459,35.530653],[127.350453,35.530644],[127.350425,35.53064],[127.350425,35.530636],[127.350359,35.530636],[127.350359,35.53064],[127.350326,35.530645],[127.350326,35.530649],[127.350315,35.530649],[127.350315,35.530654],[127.350304,35.530654],[127.350304,35.530658],[127.35026,35.530659],[127.35026,35.530654],[127.350249,35.53065],[127.350249,35.530641],[127.350244,35.530641],[127.350243,35.530627],[127.350238,35.530627],[127.350221,35.530537],[127.350216,35.530537],[127.350215,35.530528],[127.35021,35.530528],[127.35021,35.530519],[127.350204,35.530519],[127.350204,35.53051],[127.350199,35.53051],[127.350199,35.530501],[127.350193,35.530501],[127.350193,35.530487],[127.350188,35.530487],[127.350188,35.530478],[127.350182,35.530478],[127.350182,35.530465],[127.350177,35.530465],[127.350177,35.530451],[127.350171,35.530451],[127.350171,35.530438],[127.350165,35.530438],[127.350165,35.53042],[127.35016,35.53042],[127.35016,35.530397],[127.350154,35.530397],[127.350149,35.530388],[127.350132,35.530389],[127.350132,35.530393],[127.350121,35.530398],[127.350122,35.530542],[127.350116,35.530542],[127.350116,35.530564],[127.350111,35.530564],[127.350106,35.530605],[127.3501,35.530605],[127.350106,35.530654],[127.350111,35.530654],[127.350111,35.530668],[127.350117,35.530668],[127.350117,35.530681],[127.350122,35.530681],[127.350123,35.530718],[127.350117,35.530718],[127.350112,35.530736],[127.350106,35.530736],[127.350095,35.530749],[127.350084,35.530749],[127.350079,35.530758],[127.350068,35.530758],[127.350062,35.530767],[127.350051,35.530767],[127.350051,35.530772],[127.35004,35.530772],[127.35004,35.530776],[127.350024,35.530776],[127.350024,35.530781],[127.349957,35.530781]]]}},{"type":"Feature","properties":{"pair":"2506-2508","cls":"veg_gain","area_m2":2035.2,"score":0.774},"geometry":{"type":"Polygon","coordinates":[[[127.351539,35.530709],[127.351539,35.530704],[127.351523,35.530704],[127.351523,35.5307],[127.351512,35.5307],[127.351512,35.530695],[127.351495,35.530695],[127.351495,35.530691],[127.351484,35.530691],[127.351484,35.530687],[127.351468,35.530687],[127.351468,35.530682],[127.351457,35.530682],[127.351457,35.530678],[127.351446,35.530678],[127.351446,35.530673],[127.351429,35.530673],[127.351429,35.530669],[127.351418,35.530669],[127.351418,35.530664],[127.351401,35.530664],[127.351401,35.53066],[127.351368,35.530651],[127.351363,35.530642],[127.351352,35.530642],[127.351352,35.530637],[127.351335,35.530633],[127.35133,35.530624],[127.351318,35.530624],[127.351318,35.530619],[127.351296,35.530615],[127.351291,35.530606],[127.35128,35.530606],[127.35128,35.530601],[127.351247,35.530593],[127.351241,35.530584],[127.351219,35.530579],[127.351219,35.530575],[127.351197,35.530561],[127.351197,35.530552],[127.351191,35.530552],[127.351191,35.53053],[127.351197,35.53053],[127.351197,35.530521],[127.351202,35.530521],[127.35123,35.530493],[127.351241,35.530493],[127.351241,35.530489],[127.351252,35.530489],[127.351252,35.530484],[127.351312,35.53048],[127.351312,35.530475],[127.351323,35.530471],[127.351329,35.530453],[127.351323,35.530453],[127.351318,35.53043],[127.351312,35.53043],[127.351312,35.530421],[127.351307,35.530421],[127.351301,35.53039],[127.351295,35.53039],[127.351295,35.530381],[127.35129,35.530381],[127.351284,35.530372],[127.351273,35.530372],[127.351273,35.530367],[127.35124,35.530358],[127.351229,35.530345],[127.351218,35.530345],[127.351207,35.530331],[127.351196,35.530331],[127.35119,35.530322],[127.351179,35.530322],[127.351168,35.530309],[127.351157,35.530309],[127.351157,35.530304],[127.351152,35.530304],[127.351141,35.530291],[127.35113,35.530291],[127.351124,35.530282],[127.351113,35.530282],[127.351113,35.530277],[127.351102,35.530278],[127.351102,35.530273],[127.351091,35.530273],[127.351091,35.530269],[127.35108,35.530269],[127.35108,35.530264],[127.351063,35.530264],[127.351063,35.53026],[127.351052,35.53026],[127.351052,35.530255],[127.351019,35.530251],[127.351019,35.530246],[127.351008,35.530246],[127.351008,35.530242],[127.350992,35.530233],[127.350991,35.53021],[127.350997,35.53021],[127.350997,35.530201],[127.351002,35.530201],[127.351002,35.530197],[127.351013,35.530192],[127.351013,35.530183],[127.351019,35.530183],[127.351024,35.530174],[127.351035,35.530174],[127.351079,35.530133],[127.351101,35.530129],[127.351101,35.530133],[127.351112,35.530133],[127.351118,35.530147],[127.351123,35.530147],[127.351118,35.530169],[127.351107,35.530174],[127.351107,35.530183],[127.351102,35.530183],[127.351096,35.530196],[127.351091,35.530196],[127.351091,35.530214],[127.351096,35.530214],[127.351107,35.530228],[127.351162,35.530237],[127.351162,35.530232],[127.351179,35.530232],[127.351179,35.530228],[127.351195,35.530219],[127.351195,35.530192],[127.351201,35.530192],[127.351201,35.530183],[127.351234,35.530178],[127.351234,35.530183],[127.351267,35.530187],[127.351267,35.530191],[127.351278,35.530191],[127.351278,35.530196],[127.351295,35.530196],[127.351295,35.5302],[127.351328,35.530209],[127.351333,35.530218],[127.351344,35.530218],[127.351344,35.530223],[127.351355,35.530223],[127.351355,35.530227],[127.351366,35.530227],[127.351366,35.530232],[127.351377,35.530232],[127.351377,35.530236],[127.351422,35.530236],[127.351422,35.530241],[127.351444,35.53024],[127.351444,35.530245],[127.351455,35.530245],[127.351455,35.530249],[127.351488,35.530258],[127.351493,35.530267],[127.351504,35.530267],[127.35151,35.530276],[127.351521,35.530276],[127.351521,35.530281],[127.351538,35.530285],[127.351543,35.530294],[127.351565,35.530299],[127.351565,35.530303],[127.351582,35.530308],[127.351587,35.530317],[127.351609,35.530321],[127.351615,35.53033],[127.351637,35.530335],[127.351643,35.530344],[127.351665,35.530348],[127.35167,35.530357],[127.351681,35.530357],[127.351687,35.530366],[127.351698,35.530366],[127.351703,35.530375],[127.351714,35.530375],[127.351714,35.530379],[127.351731,35.530388],[127.351731,35.530397],[127.351742,35.530402],[127.351748,35.530424],[127.351753,35.530424],[127.351753,35.530442],[127.351759,35.530442],[127.351759,35.530474],[127.351753,35.530474],[127.351753,35.530487],[127.351748,35.530487],[127.351748,35.530501],[127.351742,35.530501],[127.351737,35.530519],[127.351726,35.530524],[127.351726,35.530533],[127.351715,35.530537],[127.351715,35.530546],[127.351704,35.530551],[127.351704,35.53056],[127.351699,35.53056],[127.351677,35.530582],[127.351666,35.530582],[127.351666,35.530587],[127.351605,35.530587],[127.351605,35.530592],[127.3516,35.530592],[127.3516,35.53061],[127.351605,35.53061],[127.351605,35.530614],[127.351622,35.530623],[127.351622,35.530632],[127.351627,35.530632],[127.351627,35.530664],[127.351622,35.530664],[127.351616,35.530682],[127.351611,35.530682],[127.351589,35.530704],[127.351578,35.530704],[127.351578,35.530709],[127.351539,35.530709]]]}},{"type":"Feature","properties":{"pair":"2506-2508","cls":"veg_gain","area_m2":146.0,"score":0.653},"geometry":{"type":"Polygon","coordinates":[[[127.351637,35.530267],[127.351637,35.530262],[127.351626,35.530262],[127.351626,35.530258],[127.351615,35.530258],[127.351615,35.530254],[127.351598,35.530254],[127.351598,35.530249],[127.351587,35.530249],[127.351587,35.530245],[127.35157,35.530245],[127.35157,35.53024],[127.351559,35.53024],[127.351559,35.530236],[127.351526,35.530227],[127.351521,35.530218],[127.351499,35.530213],[127.351493,35.530204],[127.351482,35.530204],[127.351482,35.5302],[127.351443,35.530173],[127.351443,35.530164],[127.351438,35.530164],[127.351438,35.530155],[127.351432,35.530155],[127.351432,35.530132],[127.351438,35.530132],[127.351438,35.530123],[127.351454,35.530119],[127.351454,35.530114],[127.351476,35.530114],[127.351476,35.530119],[127.351509,35.530128],[127.35152,35.530141],[127.351531,35.530141],[127.351598,35.530199],[127.351609,35.530199],[127.351609,35.530204],[127.351664,35.530244],[127.351664,35.530262],[127.351659,35.530262],[127.351659,35.530267],[127.351637,35.530267]]]}},{"type":"Feature","properties":{"pair":"2506-2508","cls":"veg_gain","area_m2":1715.0,"score":0.687},"geometry":{"type":"Polygon","coordinates":[[[127.354152,35.530575],[127.354152,35.530571],[127.354141,35.530571],[127.354141,35.530566],[127.354119,35.530553],[127.354113,35.530535],[127.354102,35.53053],[127.354102,35.530521],[127.354097,35.530521],[127.354085,35.530508],[127.354058,35.530503],[127.354058,35.530499],[127.354047,35.530499],[127.354047,35.530494],[127.354036,35.530494],[127.354036,35.53049],[127.354025,35.53049],[127.354025,35.530485],[127.354014,35.530485],[127.354014,35.530481],[127.353959,35.530472],[127.353959,35.530467],[127.353931,35.530463],[127.353931,35.530459],[127.353854,35.530454],[127.353854,35.53045],[127.353843,35.53045],[127.353843,35.530445],[127.35381,35.530436],[127.353804,35.530427],[127.353793,35.530427],[127.353793,35.530423],[127.353776,35.530414],[127.353776,35.530405],[127.353771,35.530405],[127.353771,35.530378],[127.353776,35.530378],[127.353776,35.530369],[127.353793,35.53036],[127.353793,35.530351],[127.353815,35.530337],[127.353815,35.530328],[127.35382,35.530328],[127.35382,35.530319],[127.353826,35.530319],[127.353825,35.530306],[127.353831,35.530306],[127.353831,35.530292],[127.353836,35.530292],[127.353847,35.530265],[127.353858,35.53026],[127.353858,35.530251],[127.353864,35.530251],[127.353864,35.530242],[127.353869,35.530242],[127.353869,35.530229],[127.353875,35.530229],[127.353875,35.530215],[127.35388,35.530215],[127.35388,35.530202],[127.353886,35.530202],[127.353886,35.530188],[127.353891,35.530188],[127.353891,35.530166],[127.353897,35.530166],[127.353902,35.530125],[127.353907,35.530125],[127.353913,35.530107],[127.353918,35.530107],[127.353929,35.530094],[127.35394,35.530093],[127.35394,35.530089],[127.353973,35.530089],[127.353973,35.530093],[127.35404,35.530102],[127.35404,35.530107],[127.354056,35.530107],[127.354056,35.530111],[127.354067,35.530111],[127.354067,35.530116],[127.354078,35.530116],[127.354078,35.53012],[127.354089,35.53012],[127.354089,35.530125],[127.354122,35.530134],[127.354128,35.530143],[127.354161,35.530151],[127.354167,35.53016],[127.354178,35.53016],[127.354183,35.530169],[127.354205,35.530174],[127.354205,35.530178],[127.354222,35.530183],[127.354233,35.530196],[127.354244,35.530196],[127.354255,35.53021],[127.354266,35.53021],[127.354272,35.530219],[127.354283,35.530219],[127.354283,35.530223],[127.354288,35.530223],[127.354294,35.530232],[127.354305,35.530232],[127.354305,35.530237],[127.354338,35.530259],[127.354338,35.530268],[127.354344,35.530268],[127.354344,35.530313],[127.354338,35.530313],[127.354327,35.53034],[127.354316,35.530345],[127.354316,35.530354],[127.354311,35.530354],[127.354305,35.530367],[127.3543,35.530367],[127.354295,35.530408],[127.354289,35.530408],[127.354289,35.530435],[127.354284,35.530435],[127.354284,35.530453],[127.354278,35.530453],[127.354278,35.530467],[127.354273,35.530467],[127.354262,35.530494],[127.354251,35.530498],[127.354251,35.530507],[127.35424,35.530512],[127.35424,35.530521],[127.354229,35.530525],[127.354229,35.530534],[127.354218,35.530539],[127.354218,35.530548],[127.354207,35.530552],[127.354207,35.530561],[127.354201,35.530561],[127.354196,35.53057],[127.354185,35.53057],[127.354185,35.530575],[127.354152,35.530575]]]}},{"type":"Feature","properties":{"pair":"2506-2508","cls":"veg_gain","area_m2":188.1,"score":0.57},"geometry":{"type":"Polygon","coordinates":[[[127.356162,35.530191],[127.356162,35.530186],[127.356151,35.530186],[127.356151,35.530182],[127.356091,35.530137],[127.356091,35.530128],[127.356074,35.530119],[127.356068,35.530096],[127.356063,35.530096],[127.356063,35.530065],[127.356068,35.530065],[127.356068,35.530056],[127.356079,35.530056],[127.356079,35.530051],[127.356112,35.530051],[127.356112,35.530056],[127.356123,35.530056],[127.356123,35.53006],[127.35614,35.530069],[127.356157,35.530109],[127.356162,35.530109],[127.35619,35.530136],[127.356201,35.530136],[127.356206,35.530145],[127.356217,35.530145],[127.356217,35.53015],[127.356228,35.53015],[127.356228,35.530154],[127.356245,35.530154],[127.35625,35.530145],[127.356278,35.530141],[127.356278,35.530136],[127.3563,35.530136],[127.3563,35.530132],[127.356311,35.530132],[127.356311,35.530127],[127.356322,35.530127],[127.356322,35.530123],[127.356333,35.530122],[127.356333,35.530118],[127.35635,35.530118],[127.35635,35.530113],[127.356377,35.530113],[127.356377,35.530118],[127.356388,35.530118],[127.356388,35.530122],[127.356399,35.530127],[127.356399,35.530136],[127.356405,35.530136],[127.356405,35.530158],[127.356399,35.530158],[127.356399,35.530167],[127.356383,35.530172],[127.356383,35.530176],[127.356317,35.530177],[127.356317,35.530172],[127.356273,35.530168],[127.356273,35.530163],[127.356256,35.530163],[127.356256,35.530159],[127.356234,35.530159],[127.356207,35.530186],[127.356196,35.530186],[127.356196,35.53019],[127.356162,35.530191]]]}},{"type":"Feature","properties":{"pair":"2506-2508","cls":"veg_gain","area_m2":55.8,"score":0.571},"geometry":{"type":"Polygon","coordinates":[[[127.351305,35.53007],[127.351305,35.530065],[127.351288,35.530065],[127.351288,35.530061],[127.351272,35.530061],[127.351272,35.530056],[127.351239,35.530047],[127.351233,35.530038],[127.351222,35.530038],[127.351222,35.530034],[127.351206,35.530025],[127.3512,35.530002],[127.351206,35.530002],[127.351205,35.529993],[127.351211,35.529993],[127.351216,35.529984],[127.351244,35.52998],[127.351244,35.529984],[127.351255,35.529984],[127.351255,35.529989],[127.351277,35.530002],[127.351288,35.530029],[127.351294,35.530029],[127.35131,35.530047],[127.351321,35.530047],[127.351322,35.530056],[127.351327,35.530056],[127.351316,35.53007],[127.351305,35.53007]]]}},{"type":"Feature","properties":{"pair":"2506-2508","cls":"veg_gain","area_m2":291.8,"score":0.586},"geometry":{"type":"Polygon","coordinates":[[[127.356504,35.530027],[127.356504,35.530023],[127.356493,35.530023],[127.356487,35.530009],[127.356481,35.530009],[127.356481,35.53],[127.356487,35.53],[127.356487,35.529973],[127.356481,35.529973],[127.356481,35.529964],[127.356476,35.529964],[127.35647,35.529955],[127.356459,35.529955],[127.356459,35.529951],[127.356409,35.529951],[127.35641,35.529956],[127.356371,35.52996],[127.356371,35.529965],[127.356354,35.529965],[127.356354,35.529969],[127.356277,35.529969],[127.356277,35.529965],[127.356244,35.529961],[127.356239,35.529943],[127.356244,35.529942],[127.356255,35.529929],[127.356266,35.529929],[127.356266,35.529924],[127.356321,35.529915],[127.356321,35.529911],[127.356349,35.529906],[127.356349,35.529902],[127.35636,35.529902],[127.35636,35.529897],[127.356371,35.529897],[127.356371,35.529893],[127.356382,35.529893],[127.356382,35.529888],[127.356393,35.529888],[127.356393,35.529883],[127.356409,35.529883],[127.356409,35.529879],[127.35642,35.529879],[127.35642,35.529874],[127.356464,35.52987],[127.356464,35.529865],[127.356492,35.529865],[127.356492,35.529861],[127.356508,35.529861],[127.356508,35.529856],[127.356525,35.529856],[127.356525,35.529852],[127.356558,35.529851],[127.356558,35.529856],[127.356569,35.529856],[127.356569,35.52986],[127.356586,35.529869],[127.356586,35.529878],[127.356591,35.529878],[127.356591,35.529919],[127.356586,35.529919],[127.356586,35.529932],[127.35658,35.529932],[127.35658,35.529941],[127.356569,35.529946],[127.356569,35.529955],[127.356536,35.529978],[127.356526,35.530023],[127.356504,35.530027]]]}},{"type":"Feature","properties":{"pair":"2506-2508","cls":"veg_gain","area_m2":1772.8,"score":0.751},"geometry":{"type":"Polygon","coordinates":[[[127.354349,35.530155],[127.354349,35.530151],[127.354332,35.530151],[127.354332,35.530146],[127.354321,35.530146],[127.354321,35.530142],[127.354271,35.530133],[127.354271,35.530129],[127.354249,35.530124],[127.354244,35.530115],[127.354233,35.530115],[127.354227,35.530106],[127.354216,35.530106],[127.35421,35.530097],[127.354183,35.530093],[127.354183,35.530088],[127.354172,35.530088],[127.354172,35.530084],[127.354161,35.530084],[127.354161,35.530079],[127.354128,35.53007],[127.354122,35.530061],[127.354111,35.530061],[127.354106,35.530052],[127.354095,35.530052],[127.354089,35.530043],[127.354078,35.530044],[127.354078,35.530039],[127.354061,35.530035],[127.354056,35.530026],[127.354034,35.530021],[127.354034,35.530017],[127.354006,35.529999],[127.354,35.529976],[127.353995,35.529976],[127.353995,35.529958],[127.354,35.529958],[127.354,35.529945],[127.354006,35.529945],[127.354011,35.529927],[127.354017,35.529927],[127.354022,35.529913],[127.354088,35.529863],[127.354088,35.529854],[127.354094,35.529854],[127.35411,35.529836],[127.354121,35.529836],[127.354198,35.529768],[127.354209,35.529768],[127.354209,35.529764],[127.354226,35.529759],[127.354237,35.529746],[127.354248,35.529746],[127.354253,35.529737],[127.354264,35.529737],[127.354269,35.529727],[127.354286,35.529727],[127.354286,35.529723],[127.35433,35.529723],[127.35433,35.529727],[127.354363,35.529736],[127.354369,35.529745],[127.35438,35.529745],[127.354385,35.529754],[127.354396,35.529754],[127.354402,35.529763],[127.354413,35.529763],[127.354413,35.529768],[127.35443,35.529772],[127.354435,35.529781],[127.354446,35.529781],[127.354446,35.529786],[127.354457,35.529786],[127.354457,35.52979],[127.354468,35.52979],[127.354468,35.529795],[127.354501,35.529803],[127.354507,35.529812],[127.354529,35.529817],[127.354535,35.529826],[127.354546,35.529826],[127.354551,35.529835],[127.354562,35.529835],[127.354568,35.529844],[127.354579,35.529844],[127.354584,35.529853],[127.354595,35.529853],[127.354601,35.529862],[127.354612,35.529862],[127.354612,35.529866],[127.35464,35.529884],[127.35464,35.529893],[127.354645,35.529893],[127.354645,35.52992],[127.35464,35.52992],[127.354634,35.529938],[127.354623,35.529943],[127.354618,35.529961],[127.354612,35.529961],[127.354607,35.529974],[127.35459,35.529983],[127.35459,35.529992],[127.354585,35.529992],[127.354579,35.530006],[127.354563,35.530015],[127.354563,35.530024],[127.354486,35.530083],[127.354486,35.530092],[127.35447,35.530101],[127.354464,35.530119],[127.354459,35.530119],[127.354431,35.530146],[127.35442,35.530146],[127.35442,35.530151],[127.354409,35.530151],[127.354409,35.530155],[127.354349,35.530155]]]}},{"type":"Feature","properties":{"pair":"2506-2508","cls":"veg_gain","area_m2":1265.9,"score":0.817},"geometry":{"type":"Polygon","coordinates":[[[127.351835,35.530271],[127.351835,35.530266],[127.351824,35.530266],[127.351819,35.530257],[127.351808,35.530257],[127.351802,35.530248],[127.351791,35.530248],[127.351785,35.530239],[127.351774,35.53024],[127.351763,35.530226],[127.351752,35.530226],[127.351747,35.530217],[127.351736,35.530217],[127.351725,35.530204],[127.351714,35.530204],[127.351703,35.53019],[127.351691,35.53019],[127.35168,35.530177],[127.351669,35.530177],[127.351669,35.530172],[127.351664,35.530172],[127.351658,35.530163],[127.351647,35.530163],[127.351636,35.53015],[127.351625,35.53015],[127.351625,35.530145],[127.351609,35.530141],[127.351603,35.530132],[127.351581,35.530127],[127.351575,35.530118],[127.351553,35.530114],[127.351548,35.530105],[127.351537,35.530105],[127.351531,35.530096],[127.35152,35.530096],[127.351509,35.530083],[127.351498,35.530083],[127.351498,35.530078],[127.351481,35.530069],[127.351481,35.53006],[127.351465,35.530051],[127.351465,35.530042],[127.351459,35.530042],[127.351421,35.530006],[127.35141,35.530006],[127.35141,35.530002],[127.351404,35.530002],[127.351393,35.529988],[127.351382,35.529988],[127.351371,35.529975],[127.35136,35.529975],[127.351354,35.529966],[127.351343,35.529966],[127.351338,35.529957],[127.351327,35.529957],[127.351327,35.529952],[127.351282,35.529921],[127.351277,35.529898],[127.351271,35.529898],[127.351271,35.52988],[127.351277,35.52988],[127.351277,35.529867],[127.351282,35.529867],[127.351288,35.529849],[127.351304,35.52984],[127.351304,35.529831],[127.351321,35.529822],[127.35132,35.529813],[127.351331,35.529808],[127.351331,35.529799],[127.351348,35.52979],[127.351348,35.529781],[127.351364,35.529772],[127.351364,35.529763],[127.35137,35.529763],[127.351397,35.529736],[127.351408,35.529736],[127.351408,35.529731],[127.351452,35.529731],[127.351452,35.529736],[127.351475,35.52974],[127.351475,35.529745],[127.351513,35.529772],[127.351513,35.529781],[127.35153,35.52979],[127.35153,35.529799],[127.351541,35.529803],[127.351541,35.529812],[127.351558,35.529821],[127.351558,35.52983],[127.351569,35.529835],[127.351569,35.529844],[127.35158,35.529848],[127.35158,35.529857],[127.351596,35.529866],[127.351596,35.529875],[127.351607,35.529879],[127.351607,35.529889],[127.351624,35.529897],[127.351624,35.529906],[127.351641,35.529915],[127.351641,35.529924],[127.351646,35.529924],[127.351646,35.529929],[127.351657,35.529933],[127.351657,35.529942],[127.351674,35.529951],[127.351674,35.52996],[127.351685,35.529965],[127.351685,35.529974],[127.351696,35.529978],[127.351696,35.529987],[127.351707,35.529992],[127.351707,35.530001],[127.351718,35.530005],[127.351718,35.530014],[127.351729,35.530019],[127.351729,35.530028],[127.351735,35.530028],[127.351735,35.530032],[127.351746,35.530037],[127.351746,35.530046],[127.351757,35.53005],[127.351763,35.530068],[127.351774,35.530073],[127.351774,35.530082],[127.351785,35.530086],[127.351785,35.530095],[127.35179,35.530095],[127.351796,35.530109],[127.351807,35.530113],[127.351813,35.530131],[127.351824,35.530136],[127.351824,35.530145],[127.351829,35.530145],[127.351829,35.530154],[127.351835,35.530154],[127.351835,35.530163],[127.35184,35.530163],[127.35184,35.530172],[127.351846,35.530172],[127.351846,35.530181],[127.351851,35.530181],[127.351851,35.530194],[127.351857,35.530194],[127.351857,35.530212],[127.351862,35.530212],[127.351863,35.530257],[127.351857,35.530257],[127.351857,35.530266],[127.351835,35.530271]]]}},{"type":"Feature","properties":{"pair":"2506-2508","cls":"veg_gain","area_m2":85.5,"score":0.576},"geometry":{"type":"Polygon","coordinates":[[[127.35481,35.529793],[127.35481,35.529789],[127.354793,35.529785],[127.354777,35.529744],[127.354744,35.529722],[127.354744,35.529713],[127.354738,35.529713],[127.354738,35.529704],[127.354732,35.529704],[127.354727,35.529668],[127.354732,35.529668],[127.354732,35.529659],[127.354749,35.529654],[127.354749,35.529649],[127.354771,35.529654],[127.354771,35.529658],[127.354787,35.529667],[127.354787,35.529676],[127.354793,35.529676],[127.354793,35.529685],[127.354799,35.529685],[127.354799,35.529694],[127.354804,35.529694],[127.354815,35.529721],[127.354826,35.529726],[127.354826,35.529735],[127.354837,35.529739],[127.354837,35.529748],[127.354843,35.529748],[127.354843,35.529757],[127.354848,35.529757],[127.354843,35.529784],[127.354827,35.529789],[127.354827,35.529793],[127.35481,35.529793]]]}},{"type":"Feature","properties":{"pair":"2506-2508","cls":"veg_gain","area_m2":557.2,"score":0.612},"geometry":{"type":"Polygon","coordinates":[[[127.351978,35.53014],[127.351978,35.530135],[127.351945,35.530126],[127.351945,35.530122],[127.351906,35.530095],[127.351906,35.530086],[127.351901,35.530086],[127.351895,35.530072],[127.351878,35.530063],[127.351878,35.530054],[127.351867,35.53005],[127.351867,35.530041],[127.351856,35.530036],[127.351856,35.530027],[127.35184,35.530019],[127.35184,35.530009],[127.351834,35.53001],[127.351834,35.530005],[127.351823,35.530001],[127.351823,35.529992],[127.351806,35.529983],[127.351806,35.529974],[127.351801,35.529974],[127.351801,35.529965],[127.35179,35.52996],[127.351784,35.529942],[127.351779,35.529942],[127.351773,35.529929],[127.351762,35.529924],[127.351762,35.529915],[127.351756,35.529915],[127.351756,35.529906],[127.351751,35.529906],[127.351751,35.529897],[127.351745,35.529897],[127.351745,35.529888],[127.35174,35.529888],[127.35174,35.529879],[127.351734,35.529879],[127.351734,35.529866],[127.351729,35.529866],[127.351718,35.529839],[127.351706,35.529834],[127.351695,35.529807],[127.35169,35.529807],[127.35169,35.529803],[127.351679,35.529798],[127.351679,35.529789],[127.351651,35.529771],[127.351651,35.529762],[127.351646,35.529762],[127.351645,35.529753],[127.35164,35.529753],[127.35164,35.52974],[127.351634,35.52974],[127.351629,35.529713],[127.351623,35.529713],[127.351607,35.529695],[127.351596,35.529695],[127.351596,35.52969],[127.351585,35.52969],[127.351585,35.529686],[127.351574,35.529686],[127.351573,35.529681],[127.351562,35.529677],[127.351557,35.52965],[127.351562,35.52965],[127.351562,35.529641],[127.351568,35.529641],[127.351595,35.529614],[127.351623,35.529614],[127.351623,35.529618],[127.351639,35.529627],[127.351662,35.529681],[127.351678,35.529686],[127.351678,35.52969],[127.3517,35.529703],[127.3517,35.529712],[127.351706,35.529712],[127.351706,35.529721],[127.351711,35.529721],[127.351717,35.529757],[127.351723,35.529757],[127.351728,35.529775],[127.351745,35.52978],[127.35175,35.529789],[127.351761,35.529789],[127.351767,35.529798],[127.351778,35.529798],[127.351778,35.529802],[127.351789,35.529807],[127.351789,35.529816],[127.351894,35.529897],[127.351894,35.529906],[127.3519,35.529906],[127.3519,35.529915],[127.351905,35.529915],[127.351905,35.529924],[127.351911,35.529924],[127.351911,35.529937],[127.351916,35.529937],[127.351916,35.529951],[127.351922,35.529951],[127.351928,35.529973],[127.351933,35.529973],[127.351939,35.529987],[127.351944,35.529987],[127.35195,35.529996],[127.351961,35.529996],[127.351961,35.53],[127.351983,35.530014],[127.351983,35.530023],[127.351994,35.530027],[127.352,35.53005],[127.352005,35.53005],[127.352011,35.530072],[127.352016,35.530072],[127.352022,35.530117],[127.352016,35.530117],[127.352016,35.530126],[127.352011,35.530126],[127.352005,35.530135],[127.351978,35.53014]]]}},{"type":"Feature","properties":{"pair":"2506-2508","cls":"veg_gain","area_m2":203.8,"score":0.597},"geometry":{"type":"Polygon","coordinates":[[[127.355874,35.529745],[127.355874,35.529741],[127.355852,35.529736],[127.355841,35.529723],[127.35583,35.529723],[127.355824,35.529714],[127.355813,35.529714],[127.355813,35.529709],[127.355785,35.529691],[127.355785,35.529682],[127.35578,35.529682],[127.35578,35.529673],[127.355774,35.529673],[127.355774,35.529664],[127.355769,35.529664],[127.355769,35.529655],[127.355763,35.529655],[127.355763,35.52961],[127.355768,35.52961],[127.355768,35.529601],[127.355774,35.529601],[127.355779,35.529592],[127.35579,35.529592],[127.35579,35.529588],[127.355824,35.529592],[127.355824,35.529597],[127.355835,35.529597],[127.355835,35.529601],[127.355862,35.529601],[127.355862,35.529597],[127.355873,35.529597],[127.355895,35.529574],[127.355906,35.529574],[127.355912,35.529565],[127.355939,35.52956],[127.355939,35.529565],[127.35595,35.529565],[127.35595,35.529574],[127.355956,35.529574],[127.355956,35.529592],[127.35595,35.529592],[127.355945,35.52961],[127.355934,35.529614],[127.355934,35.529623],[127.355928,35.529623],[127.355928,35.529628],[127.355901,35.529646],[127.355901,35.529655],[127.355895,35.529655],[127.355896,35.529678],[127.355901,35.529678],[127.355901,35.529691],[127.355907,35.529691],[127.355907,35.5297],[127.355912,35.5297],[127.355912,35.529727],[127.355907,35.529727],[127.355901,35.529741],[127.355874,35.529745]]]}},{"type":"Feature","properties":{"pair":"2506-2508","cls":"veg_gain","area_m2":1641.5,"score":0.737},"geometry":{"type":"Polygon","coordinates":[[[127.352137,35.530049],[127.352137,35.530045],[127.352126,35.530045],[127.352126,35.53004],[127.352104,35.530027],[127.352104,35.530018],[127.352099,35.530018],[127.352099,35.530009],[127.352088,35.530004],[127.352088,35.529995],[127.351999,35.529928],[127.351999,35.529919],[127.351977,35.529905],[127.351977,35.529896],[127.351971,35.529896],[127.351971,35.529892],[127.351955,35.529883],[127.351955,35.529874],[127.351933,35.529861],[127.351933,35.529852],[127.351922,35.529847],[127.351921,35.529838],[127.35191,35.529834],[127.35191,35.529825],[127.351899,35.52982],[127.351899,35.529811],[127.351894,35.529811],[127.351888,35.529798],[127.351877,35.529793],[127.351872,35.529775],[127.351861,35.529771],[127.351861,35.529762],[127.351849,35.529757],[127.351849,35.529748],[127.351838,35.529744],[127.351838,35.529735],[127.351833,35.529735],[127.351833,35.52973],[127.351822,35.529726],[127.351822,35.529717],[127.351811,35.529712],[127.351811,35.529703],[127.351805,35.529703],[127.351805,35.529694],[127.351794,35.52969],[127.351788,35.529672],[127.351783,35.529672],[127.351783,35.529667],[127.351772,35.529663],[127.351772,35.529654],[127.35175,35.52964],[127.35175,35.529631],[127.351728,35.529618],[127.351728,35.529609],[127.351722,35.529609],[127.351722,35.5296],[127.351716,35.5296],[127.351716,35.529591],[127.351711,35.529591],[127.351711,35.529568],[127.351716,35.529568],[127.351716,35.529559],[127.351722,35.529559],[127.351727,35.52955],[127.351738,35.52955],[127.351744,35.529541],[127.351755,35.529541],[127.351755,35.529537],[127.351766,35.529537],[127.351766,35.529532],[127.351777,35.529532],[127.351777,35.529527],[127.351788,35.529527],[127.351788,35.529523],[127.351799,35.529523],[127.351799,35.529518],[127.35181,35.529518],[127.35181,35.529514],[127.351821,35.529514],[127.351821,35.529509],[127.351832,35.529509],[127.351832,35.529505],[127.351848,35.529505],[127.351848,35.5295],[127.351859,35.5295],[127.351859,35.529496],[127.351876,35.529496],[127.351876,35.529491],[127.351887,35.529491],[127.351887,35.529487],[127.351898,35.529487],[127.351898,35.529482],[127.351909,35.529482],[127.351909,35.529478],[127.351925,35.529477],[127.351925,35.529473],[127.351964,35.529473],[127.351964,35.529477],[127.351975,35.529477],[127.351975,35.529482],[127.351986,35.529486],[127.351986,35.529495],[127.351997,35.5295],[127.351997,35.529509],[127.352003,35.529509],[127.352003,35.529518],[127.352008,35.529518],[127.352008,35.529527],[127.352014,35.529527],[127.352014,35.529536],[127.352019,35.529536],[127.352019,35.529545],[127.352025,35.529545],[127.352025,35.529558],[127.352031,35.529558],[127.352036,35.529576],[127.352047,35.529581],[127.352047,35.52959],[127.35213,35.529653],[127.35213,35.529662],[127.352136,35.529662],[127.352136,35.529666],[127.352147,35.529671],[127.352147,35.52968],[127.352158,35.529684],[127.352158,35.529693],[127.352163,35.529693],[127.352163,35.529702],[127.352169,35.529702],[127.352169,35.529716],[127.352175,35.529716],[127.352186,35.529743],[127.352197,35.529747],[127.352197,35.529756],[127.352202,35.529756],[127.352208,35.52977],[127.352213,35.52977],[127.352219,35.529806],[127.352225,35.529806],[127.35223,35.529828],[127.352236,35.529828],[127.352241,35.529837],[127.352263,35.529842],[127.352263,35.529846],[127.352291,35.529864],[127.352291,35.529873],[127.352297,35.529873],[127.352297,35.529882],[127.352302,35.529882],[127.352302,35.5299],[127.352308,35.5299],[127.352308,35.52995],[127.352302,35.52995],[127.352302,35.529959],[127.352297,35.529959],[127.35228,35.529977],[127.352214,35.529995],[127.352214,35.529999],[127.352187,35.530017],[127.352187,35.530027],[127.352181,35.530027],[127.352165,35.530045],[127.352137,35.530049]]]}},{"type":"Feature","properties":{"pair":"2506-2508","cls":"veg_gain","area_m2":55.5,"score":0.609},"geometry":{"type":"Polygon","coordinates":[[[127.349141,35.529477],[127.349141,35.529472],[127.34913,35.529472],[127.34913,35.529468],[127.349119,35.529463],[127.349119,35.529454],[127.349114,35.529454],[127.349114,35.529436],[127.349119,35.529436],[127.349119,35.529427],[127.349125,35.529427],[127.34913,35.529418],[127.349141,35.529418],[127.349141,35.529413],[127.349207,35.529413],[127.349207,35.529418],[127.349224,35.529422],[127.349229,35.529436],[127.349224,35.529436],[127.349224,35.529445],[127.349218,35.529445],[127.349197,35.529467],[127.349185,35.529467],[127.349186,35.529472],[127.349174,35.529472],[127.349174,35.529476],[127.349141,35.529477]]]}},{"type":"Feature","properties":{"pair":"2506-2508","cls":"veg_gain","area_m2":463.6,"score":0.629},"geometry":{"type":"Polygon","coordinates":[[[127.35444,35.529668],[127.35444,35.529664],[127.354429,35.529664],[127.354429,35.529659],[127.354418,35.529659],[127.354418,35.529655],[127.354407,35.52965],[127.354407,35.529641],[127.354401,35.529641],[127.354401,35.52961],[127.354407,35.52961],[127.354418,35.529569],[127.354423,35.529569],[127.354423,35.52956],[127.354429,35.52956],[127.354429,35.529547],[127.354434,35.529547],[127.354434,35.529538],[127.35444,35.529538],[127.35444,35.529524],[127.354445,35.529524],[127.354445,35.529511],[127.35445,35.529511],[127.35445,35.529497],[127.354456,35.529497],[127.354456,35.529479],[127.354461,35.529479],[127.354461,35.529461],[127.354467,35.529461],[127.354467,35.529443],[127.354472,35.529443],[127.354483,35.529402],[127.354489,35.529402],[127.354489,35.529393],[127.354494,35.529393],[127.354494,35.529384],[127.3545,35.529384],[127.354505,35.529375],[127.354533,35.529375],[127.354533,35.52938],[127.354549,35.529389],[127.354549,35.529398],[127.354566,35.529407],[127.354566,35.529416],[127.354577,35.52942],[127.354577,35.529429],[127.354582,35.529429],[127.354594,35.529456],[127.354605,35.529461],[127.354605,35.52947],[127.35461,35.52947],[127.35461,35.529474],[127.354671,35.529519],[127.354671,35.529528],[127.354682,35.529532],[127.354682,35.529542],[127.354688,35.529541],[127.354688,35.529551],[127.354693,35.52955],[127.354693,35.529564],[127.354699,35.529564],[127.354699,35.529578],[127.354704,35.529577],[127.354704,35.5296],[127.354699,35.5296],[127.354699,35.529609],[127.354666,35.529614],[127.354666,35.529618],[127.354611,35.529614],[127.354611,35.529609],[127.354583,35.529605],[127.354583,35.5296],[127.354567,35.529591],[127.354567,35.529582],[127.354561,35.529582],[127.35455,35.529569],[127.354533,35.529564],[127.354533,35.529569],[127.354522,35.529569],[127.354522,35.529574],[127.354511,35.529578],[127.354512,35.52961],[127.354517,35.52961],[127.354517,35.529637],[127.354512,35.529637],[127.354512,35.529646],[127.354506,35.529646],[127.354495,35.529659],[127.354473,35.529664],[127.354473,35.529668],[127.35444,35.529668]]]}},{"type":"Feature","properties":{"pair":"2506-2508","cls":"veg_gain","area_m2":2141.9,"score":0.653},"geometry":{"type":"Polygon","coordinates":[[[127.35244,35.529855],[127.35244,35.52985],[127.352429,35.52985],[127.352429,35.529846],[127.35239,35.529819],[127.35239,35.52981],[127.352324,35.52976],[127.352324,35.529751],[127.352318,35.529751],[127.352318,35.529742],[127.352312,35.529742],[127.352312,35.529733],[127.352307,35.529733],[127.352307,35.529724],[127.352301,35.529724],[127.352301,35.529702],[127.352296,35.529702],[127.352296,35.529675],[127.35229,35.529675],[127.35229,35.529666],[127.352274,35.529661],[127.352268,35.529652],[127.352257,35.529652],[127.352257,35.529648],[127.352229,35.52963],[127.352229,35.529621],[127.352207,35.529607],[127.352207,35.529598],[127.352196,35.529594],[127.352196,35.529585],[127.352191,35.529585],[127.35219,35.529576],[127.352185,35.529576],[127.352185,35.529562],[127.352179,35.529562],[127.352174,35.52954],[127.352168,35.52954],[127.352152,35.529522],[127.352141,35.529522],[127.352135,35.529513],[127.352113,35.529508],[127.352102,35.529495],[127.352091,35.529495],[127.352091,35.529491],[127.35208,35.529486],[127.35208,35.529477],[127.352069,35.529473],[127.352069,35.529464],[127.352063,35.529464],[127.352058,35.52945],[127.352052,35.52945],[127.352052,35.529423],[127.352057,35.529423],[127.352057,35.529414],[127.352063,35.529414],[127.352068,35.529405],[127.352079,35.529405],[127.352079,35.5294],[127.352146,35.5294],[127.352146,35.529396],[127.352162,35.529396],[127.352162,35.529391],[127.352179,35.529391],[127.352179,35.529387],[127.352223,35.529382],[127.352223,35.529377],[127.352234,35.529377],[127.352278,35.529337],[127.352289,35.529337],[127.352294,35.529328],[127.352305,35.529328],[127.352311,35.529319],[127.352322,35.529319],[127.352322,35.529314],[127.352333,35.529314],[127.352333,35.52931],[127.352377,35.529305],[127.352377,35.5293],[127.352404,35.5293],[127.352404,35.529296],[127.352426,35.529296],[127.352426,35.529291],[127.352459,35.529291],[127.352459,35.529296],[127.35247,35.529296],[127.35247,35.5293],[127.352487,35.529309],[127.352487,35.529318],[127.352493,35.529318],[127.352493,35.529327],[127.352504,35.529332],[127.352504,35.529341],[127.352515,35.529345],[127.352515,35.529354],[127.352531,35.529359],[127.352531,35.529363],[127.35257,35.52939],[127.35257,35.529399],[127.352587,35.529408],[127.352587,35.529417],[127.352592,35.529417],[127.352592,35.529426],[127.352598,35.529426],[127.352598,35.529435],[127.352603,35.529435],[127.352603,35.529444],[127.352609,35.529444],[127.352609,35.529453],[127.352614,35.529453],[127.35262,35.529502],[127.352626,35.529502],[127.352626,35.529511],[127.352631,35.529511],[127.352631,35.529525],[127.352637,35.529525],[127.352637,35.529538],[127.352642,35.529538],[127.352648,35.529556],[127.352653,35.529556],[127.352665,35.52957],[127.352692,35.529574],[127.352692,35.529579],[127.352709,35.529579],[127.352709,35.529583],[127.352731,35.529588],[127.352736,35.529597],[127.352747,35.529597],[127.352747,35.529601],[127.352769,35.529615],[127.35277,35.529624],[127.352781,35.529628],[127.352792,35.529669],[127.352786,35.529669],[127.352781,35.5297],[127.352775,35.5297],[127.352759,35.529718],[127.352748,35.529718],[127.352748,35.529723],[127.352737,35.529723],[127.352737,35.529727],[127.35272,35.529728],[127.35272,35.529732],[127.352709,35.529732],[127.352709,35.529737],[127.352693,35.529737],[127.352693,35.529741],[127.352682,35.529741],[127.352682,35.529746],[127.352665,35.529746],[127.352665,35.52975],[127.352654,35.52975],[127.352654,35.529755],[127.352627,35.529759],[127.352572,35.529814],[127.352561,35.529814],[127.352561,35.529818],[127.352544,35.529823],[127.352539,35.529832],[127.352517,35.529836],[127.352511,35.529845],[127.3525,35.529845],[127.3525,35.52985],[127.352489,35.52985],[127.352489,35.529854],[127.35244,35.529855]],[[127.352516,35.529692],[127.352549,35.529692],[127.352549,35.529687],[127.35256,35.529687],[127.35256,35.529683],[127.352577,35.529674],[127.352582,35.529656],[127.352588,35.529656],[127.352588,35.529633],[127.352582,35.529633],[127.352571,35.52962],[127.35256,35.52962],[127.35256,35.529615],[127.352527,35.529606],[127.352527,35.529602],[127.352521,35.529602],[127.35251,35.529588],[127.352499,35.529588],[127.352472,35.529562],[127.352438,35.529557],[127.352433,35.529571],[127.352428,35.529571],[127.352428,35.52958],[127.352433,35.52958],[127.352433,35.529589],[127.352444,35.529593],[127.352444,35.529602],[127.352461,35.529611],[127.352461,35.52962],[127.352466,35.52962],[127.352466,35.529629],[127.352472,35.529629],[127.352472,35.529638],[127.352477,35.529638],[127.352477,35.529647],[127.352483,35.529647],[127.352483,35.529656],[127.352489,35.529656],[127.3525,35.529683],[127.352516,35.529688],[127.352516,35.529692]]]}},{"type":"Feature","properties":{"pair":"2506-2508","cls":"veg_gain","area_m2":58.1,"score":0.568},"geometry":{"type":"Polygon","coordinates":[[[127.355552,35.529363],[127.355552,35.529359],[127.355541,35.529359],[127.355541,35.529354],[127.355525,35.529345],[127.355525,35.529336],[127.355519,35.529336],[127.355519,35.529327],[127.355514,35.529327],[127.355514,35.529318],[127.355508,35.529318],[127.355513,35.529291],[127.355519,35.529291],[127.35553,35.529278],[127.355541,35.529278],[127.355541,35.529273],[127.355574,35.529278],[127.35558,35.529291],[127.355585,35.529291],[127.355585,35.529305],[127.355591,35.529304],[127.355591,35.529314],[127.355596,35.529313],[127.355596,35.529345],[127.355591,35.529345],[127.35558,35.529359],[127.355552,35.529363]]]}},{"type":"Feature","properties":{"pair":"2506-2508","cls":"veg_gain","area_m2":325.4,"score":0.625},"geometry":{"type":"Polygon","coordinates":[[[127.349097,35.529369],[127.349097,35.529364],[127.34908,35.529364],[127.34908,35.52936],[127.349031,35.529351],[127.349031,35.529346],[127.34902,35.529342],[127.34902,35.529333],[127.349014,35.529333],[127.349014,35.529297],[127.349019,35.529297],[127.349019,35.529283],[127.349025,35.529283],[127.349025,35.529274],[127.34903,35.529274],[127.349041,35.529247],[127.349052,35.529242],[127.349052,35.529233],[127.349058,35.529233],[127.349107,35.529188],[127.349118,35.529188],[127.349118,35.529184],[127.349129,35.529184],[127.349129,35.529179],[127.349157,35.529179],[127.349157,35.529184],[127.349168,35.529184],[127.349168,35.529188],[127.349184,35.529197],[127.349184,35.529206],[127.349195,35.529211],[127.349195,35.52922],[127.349201,35.52922],[127.349201,35.529229],[127.349212,35.529233],[127.349218,35.529251],[127.349223,35.529251],[127.349229,35.529265],[127.34924,35.529269],[127.34924,35.529278],[127.349245,35.529278],[127.349245,35.529287],[127.349251,35.529287],[127.349251,35.529296],[127.349256,35.529296],[127.349257,35.529323],[127.349251,35.529323],[127.349251,35.529332],[127.349246,35.529332],[127.349229,35.52935],[127.349218,35.52935],[127.349218,35.529355],[127.34918,35.529359],[127.34918,35.529364],[127.349146,35.529364],[127.349146,35.529368],[127.349097,35.529369]]]}},{"type":"Feature","properties":{"pair":"2506-2508","cls":"veg_gain","area_m2":1635.5,"score":0.773},"geometry":{"type":"Polygon","coordinates":[[[127.35568,35.529494],[127.35568,35.529489],[127.355663,35.529489],[127.355663,35.529485],[127.355624,35.529458],[127.355624,35.529449],[127.355619,35.529449],[127.355619,35.52944],[127.355613,35.52944],[127.355613,35.529426],[127.355619,35.529426],[127.355619,35.529417],[127.355624,35.529417],[127.35563,35.529408],[127.355641,35.529408],[127.355641,35.529403],[127.355657,35.529394],[127.355663,35.529372],[127.355668,35.529372],[127.355668,35.529358],[127.355674,35.529358],[127.355679,35.529345],[127.355685,35.529345],[127.355685,35.529318],[127.355679,35.529318],[127.355635,35.529277],[127.355624,35.529277],[127.355624,35.529273],[127.355607,35.529264],[127.355607,35.529255],[127.355602,35.529255],[127.355601,35.529232],[127.355607,35.529232],[127.355607,35.529223],[127.355612,35.529223],[127.35564,35.529196],[127.355651,35.529196],[127.355656,35.529187],[127.355667,35.529187],[127.355667,35.529183],[127.355678,35.529183],[127.355684,35.529174],[127.355706,35.529169],[127.355711,35.52916],[127.355722,35.52916],[127.355722,35.529155],[127.355733,35.529155],[127.355733,35.529151],[127.355744,35.529151],[127.355744,35.529146],[127.355755,35.529146],[127.355755,35.529142],[127.355766,35.529142],[127.355766,35.529137],[127.355777,35.529137],[127.355777,35.529133],[127.355788,35.529133],[127.355788,35.529128],[127.355799,35.529128],[127.355799,35.529124],[127.355832,35.529115],[127.355838,35.529105],[127.35586,35.529101],[127.355865,35.529092],[127.355876,35.529092],[127.355876,35.529087],[127.355887,35.529087],[127.355887,35.529083],[127.355898,35.529083],[127.355898,35.529078],[127.355909,35.529078],[127.355909,35.529074],[127.35592,35.529074],[127.35592,35.529069],[127.35597,35.52906],[127.35597,35.529056],[127.355998,35.529051],[127.355998,35.529046],[127.356014,35.529046],[127.356014,35.529042],[127.356042,35.529042],[127.356042,35.529046],[127.356053,35.529046],[127.356053,35.529051],[127.356108,35.529091],[127.356108,35.5291],[127.356152,35.529132],[127.356152,35.529141],[127.356169,35.52915],[127.356174,35.529168],[127.356186,35.529172],[127.356186,35.529181],[127.356191,35.529181],[127.356191,35.52919],[127.356197,35.52919],[127.356197,35.529199],[127.356202,35.529199],[127.356202,35.529213],[127.356208,35.529213],[127.356208,35.529244],[127.356202,35.529244],[127.356202,35.529253],[127.356197,35.529253],[127.356164,35.529285],[127.356153,35.529285],[127.356153,35.529289],[127.356136,35.529294],[127.356131,35.529303],[127.356109,35.529307],[127.356109,35.529312],[127.356092,35.529317],[127.356087,35.529326],[127.356065,35.52933],[127.356059,35.529339],[127.356037,35.529344],[127.356037,35.529348],[127.356021,35.529353],[127.356015,35.529362],[127.356004,35.529362],[127.356004,35.529366],[127.355982,35.529371],[127.355977,35.52938],[127.355955,35.529385],[127.355955,35.529389],[127.355938,35.529394],[127.355933,35.529403],[127.355911,35.529407],[127.355905,35.529416],[127.355894,35.529416],[127.355883,35.52943],[127.355872,35.52943],[127.355872,35.529434],[127.355856,35.529439],[127.35585,35.529448],[127.355839,35.529448],[127.355839,35.529452],[127.355828,35.529453],[127.355828,35.529457],[127.355817,35.529457],[127.355817,35.529462],[127.355806,35.529462],[127.355806,35.529466],[127.355795,35.529466],[127.355795,35.529471],[127.355784,35.529471],[127.355784,35.529475],[127.355773,35.529475],[127.355773,35.52948],[127.355762,35.52948],[127.355762,35.529484],[127.355751,35.529484],[127.355751,35.529489],[127.355735,35.529489],[127.355735,35.529493],[127.35568,35.529494]]]}},{"type":"Feature","properties":{"pair":"2506-2508","cls":"veg_gain","area_m2":2531.6,"score":0.621},"geometry":{"type":"Polygon","coordinates":[[[127.355571,35.529881],[127.355571,35.529877],[127.35556,35.529877],[127.355527,35.529845],[127.355516,35.529845],[127.355516,35.529841],[127.355505,35.529841],[127.355505,35.529837],[127.355395,35.529823],[127.355395,35.529819],[127.355361,35.529814],[127.355361,35.52981],[127.35535,35.52981],[127.35535,35.529805],[127.355334,35.529805],[127.355334,35.529801],[127.355323,35.529801],[127.355323,35.529796],[127.35529,35.529788],[127.35529,35.529783],[127.355273,35.529779],[127.355273,35.529774],[127.355262,35.52977],[127.355262,35.529761],[127.355256,35.529761],[127.355256,35.529725],[127.355251,35.529725],[127.355251,35.529716],[127.355245,35.529716],[127.35524,35.529707],[127.355218,35.529702],[127.355218,35.529698],[127.355151,35.529689],[127.355151,35.529693],[127.355135,35.529698],[127.355135,35.529707],[127.355129,35.529707],[127.35513,35.529729],[127.355124,35.529729],[127.355124,35.529738],[127.355119,35.529739],[127.355113,35.529748],[127.355097,35.529748],[127.355097,35.529752],[127.35508,35.529752],[127.35508,35.529757],[127.355025,35.529757],[127.355025,35.529752],[127.355014,35.529752],[127.355014,35.529748],[127.354986,35.52973],[127.354986,35.529721],[127.354975,35.529716],[127.354975,35.529707],[127.35497,35.529707],[127.35497,35.529698],[127.354964,35.529698],[127.354953,35.529671],[127.354947,35.529671],[127.354947,35.529667],[127.354903,35.529635],[127.354903,35.529626],[127.354864,35.5296],[127.354864,35.529591],[127.354837,35.529573],[127.354837,35.529564],[127.35482,35.529555],[127.35482,35.529546],[127.354814,35.529546],[127.354814,35.529541],[127.354792,35.529528],[127.354792,35.529519],[127.354759,35.529496],[127.354759,35.529487],[127.354743,35.529478],[127.354742,35.529469],[127.354737,35.529469],[127.354731,35.529456],[127.354715,35.529447],[127.354715,35.529438],[127.354654,35.529393],[127.354654,35.529384],[127.354648,35.529384],[127.354648,35.529379],[127.354626,35.529366],[127.354626,35.529357],[127.35461,35.529348],[127.35461,35.529339],[127.354599,35.529334],[127.354599,35.529325],[127.354587,35.529321],[127.354587,35.529312],[127.354582,35.529312],[127.354582,35.529303],[127.354576,35.529303],[127.354576,35.529294],[127.354571,35.529294],[127.354571,35.529258],[127.354576,35.529258],[127.354576,35.529249],[127.354582,35.529249],[127.354604,35.529226],[127.354615,35.529226],[127.354615,35.529222],[127.354626,35.529222],[127.354626,35.529217],[127.354659,35.529208],[127.354659,35.529204],[127.354681,35.52919],[127.354686,35.529172],[127.354697,35.529167],[127.354697,35.529158],[127.354703,35.529158],[127.354702,35.529149],[127.354708,35.529149],[127.354708,35.52914],[127.354713,35.52914],[127.354713,35.529127],[127.354719,35.529127],[127.354719,35.529113],[127.354724,35.529113],[127.354724,35.5291],[127.35473,35.5291],[127.354735,35.529082],[127.354746,35.529077],[127.354746,35.529068],[127.354763,35.529059],[127.354763,35.52905],[127.35479,35.529032],[127.35479,35.529023],[127.354796,35.529023],[127.354807,35.529009],[127.354818,35.529009],[127.354823,35.529],[127.35484,35.529],[127.35484,35.528996],[127.354873,35.529],[127.354873,35.529005],[127.3549,35.529023],[127.3549,35.529032],[127.354911,35.529036],[127.354912,35.529045],[127.354923,35.52905],[127.354923,35.529059],[127.354928,35.529059],[127.354928,35.529068],[127.354934,35.529068],[127.354934,35.529077],[127.354939,35.529077],[127.354939,35.529086],[127.354945,35.529086],[127.354945,35.529095],[127.35495,35.529095],[127.35495,35.529104],[127.354956,35.529104],[127.354956,35.529117],[127.354961,35.529117],[127.354961,35.529126],[127.354967,35.529126],[127.354967,35.52914],[127.354973,35.52914],[127.354973,35.529149],[127.354978,35.529149],[127.354978,35.529176],[127.354973,35.529176],[127.354973,35.529185],[127.35494,35.529207],[127.354934,35.529243],[127.354929,35.529243],[127.354935,35.529275],[127.35494,35.529275],[127.35494,35.529284],[127.354946,35.529284],[127.354946,35.529293],[127.354951,35.529293],[127.354951,35.529329],[127.354946,35.529329],[127.354946,35.529356],[127.35494,35.529356],[127.354941,35.529415],[127.354946,35.529415],[127.354946,35.529433],[127.354952,35.529433],[127.354957,35.529451],[127.354963,35.529451],[127.354985,35.529473],[127.354996,35.529473],[127.355007,35.529486],[127.355029,35.529491],[127.355029,35.529495],[127.355051,35.529509],[127.355051,35.529518],[127.355057,35.529518],[127.355063,35.52954],[127.355068,35.52954],[127.355074,35.529554],[127.355085,35.529554],[127.355085,35.529558],[127.355156,35.529554],[127.355156,35.529558],[127.355178,35.529563],[127.355178,35.529567],[127.355184,35.529567],[127.355201,35.529585],[127.355212,35.529585],[127.355212,35.52959],[127.355234,35.529589],[127.355234,35.529585],[127.35525,35.529576],[127.35525,35.529553],[127.355245,35.529553],[127.355244,35.529544],[127.355233,35.52954],[127.355233,35.529531],[127.355222,35.529526],[127.355222,35.529517],[127.355217,35.529517],[127.355217,35.529513],[127.3552,35.529504],[127.3552,35.529495],[127.355189,35.52949],[127.355189,35.529468],[127.355195,35.529468],[127.355195,35.529463],[127.355217,35.529463],[127.355222,35.529472],[127.355233,35.529472],[127.355233,35.529477],[127.355244,35.529481],[127.355244,35.52949],[127.355261,35.529499],[127.355261,35.529508],[127.355266,35.529508],[127.355266,35.529517],[127.355277,35.529522],[127.355283,35.52954],[127.355289,35.52954],[127.355289,35.529544],[127.355305,35.529553],[127.355305,35.529562],[127.355322,35.529571],[127.355322,35.52958],[127.355327,35.52958],[127.355338,35.529594],[127.355349,35.529594],[127.355349,35.529598],[127.355388,35.529625],[127.355388,35.529634],[127.355394,35.529634],[127.355394,35.529666],[127.355388,35.529666],[127.355388,35.529675],[127.355361,35.529675],[127.355361,35.52967],[127.355344,35.529666],[127.355344,35.529661],[127.355322,35.529661],[127.355322,35.529666],[127.355311,35.52967],[127.355317,35.529697],[127.355322,35.529697],[127.355328,35.529706],[127.355339,35.529706],[127.355339,35.529711],[127.355411,35.529711],[127.355411,35.529715],[127.355422,35.529715],[127.355455,35.529747],[127.355466,35.529747],[127.355466,35.529751],[127.355482,35.529755],[127.355494,35.529769],[127.355505,35.529769],[127.355505,35.529773],[127.355516,35.529778],[127.355516,35.529787],[127.355521,35.529787],[127.355543,35.529809],[127.355554,35.529809],[127.35556,35.529818],[127.355582,35.529823],[127.355582,35.529827],[127.355599,35.529836],[127.355599,35.529845],[127.35561,35.52985],[127.35561,35.529877],[127.355604,35.529877],[127.355604,35.529881],[127.355571,35.529881]]]}},{"type":"Feature","properties":{"pair":"2506-2508","cls":"veg_gain","area_m2":640.1,"score":0.613},"geometry":{"type":"Polygon","coordinates":[[[127.34941,35.529223],[127.34941,35.529219],[127.349394,35.529219],[127.349388,35.52921],[127.349377,35.52921],[127.349372,35.529201],[127.349361,35.529201],[127.349355,35.529192],[127.349344,35.529192],[127.349333,35.529179],[127.349322,35.529179],[127.349317,35.52917],[127.349305,35.52917],[127.349294,35.529156],[127.349283,35.529156],[127.349283,35.529152],[127.349267,35.529143],[127.349267,35.529134],[127.349256,35.529129],[127.349256,35.52912],[127.34925,35.52912],[127.34925,35.529111],[127.349239,35.529107],[127.349239,35.529093],[127.349233,35.529093],[127.349233,35.529066],[127.349239,35.529066],[127.349244,35.529048],[127.34925,35.529048],[127.349277,35.529021],[127.349288,35.529021],[127.349349,35.528967],[127.34936,35.528967],[127.34936,35.528962],[127.349371,35.528962],[127.349371,35.528958],[127.349398,35.528958],[127.349398,35.528962],[127.34942,35.528967],[127.34942,35.528971],[127.349437,35.52898],[127.349437,35.528989],[127.349448,35.528993],[127.349448,35.529002],[127.349459,35.529007],[127.349459,35.529016],[127.349465,35.529016],[127.34947,35.529025],[127.349492,35.529029],[127.349498,35.529038],[127.349509,35.529038],[127.34952,35.529052],[127.349531,35.529052],[127.349592,35.529106],[127.349603,35.529106],[127.349603,35.52911],[127.349647,35.529142],[127.349647,35.529151],[127.349653,35.529151],[127.349653,35.52916],[127.349658,35.52916],[127.349653,35.529182],[127.349647,35.529182],[127.349631,35.5292],[127.34962,35.5292],[127.349614,35.529209],[127.349603,35.529209],[127.349603,35.529214],[127.349587,35.529218],[127.349587,35.529223],[127.349554,35.529223],[127.349554,35.529218],[127.349543,35.529214],[127.349543,35.529205],[127.349537,35.529205],[127.349537,35.529178],[127.349532,35.529178],[127.349532,35.529169],[127.349526,35.529169],[127.349515,35.529156],[127.349493,35.529151],[127.349493,35.529147],[127.349471,35.529147],[127.349471,35.529151],[127.349454,35.52916],[127.349454,35.529187],[127.349449,35.529187],[127.349443,35.529214],[127.349427,35.529219],[127.349427,35.529223],[127.34941,35.529223]]]}},{"type":"Feature","properties":{"pair":"2506-2508","cls":"veg_gain","area_m2":564.6,"score":0.63},"geometry":{"type":"Polygon","coordinates":[[[127.349763,35.52906],[127.349763,35.529056],[127.349752,35.529056],[127.349752,35.529051],[127.349718,35.529029],[127.349718,35.52902],[127.349707,35.529015],[127.349702,35.528993],[127.349691,35.528988],[127.349691,35.528979],[127.349674,35.52897],[127.349674,35.528961],[127.349668,35.528961],[127.349668,35.528952],[127.349663,35.528952],[127.349668,35.528939],[127.349674,35.528939],[127.349674,35.52893],[127.349679,35.52893],[127.349679,35.528921],[127.349685,35.528921],[127.349718,35.528889],[127.349734,35.528889],[127.349734,35.528884],[127.349778,35.528884],[127.349778,35.52888],[127.349867,35.528884],[127.349867,35.52888],[127.349878,35.52888],[127.349894,35.528861],[127.349905,35.528861],[127.349911,35.528852],[127.34996,35.528848],[127.34996,35.528843],[127.349999,35.528843],[127.349999,35.528839],[127.350021,35.528839],[127.350021,35.528834],[127.350043,35.528834],[127.350043,35.52883],[127.350109,35.528829],[127.350109,35.528834],[127.35012,35.528834],[127.35012,35.528838],[127.350137,35.528847],[127.350142,35.528874],[127.350137,35.528874],[127.350131,35.528892],[127.350126,35.528892],[127.350104,35.528915],[127.350093,35.528915],[127.350071,35.528938],[127.35006,35.528938],[127.350049,35.528951],[127.350038,35.528951],[127.350038,35.528956],[127.350005,35.528965],[127.349999,35.528974],[127.349988,35.528974],[127.349988,35.528978],[127.349977,35.528978],[127.349977,35.528983],[127.349966,35.528983],[127.349966,35.528987],[127.349928,35.528988],[127.349928,35.528983],[127.349917,35.528983],[127.349917,35.528979],[127.349906,35.528974],[127.349905,35.528965],[127.3499,35.528965],[127.349894,35.528956],[127.349867,35.528956],[127.349867,35.528961],[127.349856,35.528965],[127.349856,35.528997],[127.349851,35.528997],[127.349845,35.529015],[127.34984,35.529015],[127.349796,35.529056],[127.349763,35.52906]]]}},{"type":"Feature","properties":{"pair":"2506-2508","cls":"veg_gain","area_m2":2230.5,"score":0.724},"geometry":{"type":"Polygon","coordinates":[[[127.353381,35.529428],[127.353381,35.529424],[127.353359,35.529419],[127.353359,35.529415],[127.353342,35.529406],[127.353342,35.529397],[127.353336,35.529397],[127.353336,35.529392],[127.353325,35.529388],[127.353325,35.529379],[127.353303,35.529365],[127.353303,35.529356],[127.353275,35.529338],[127.353275,35.529329],[127.353253,35.529316],[127.353253,35.529307],[127.353187,35.529257],[127.353187,35.529248],[127.35317,35.52924],[127.35317,35.52923],[127.353159,35.529226],[127.353159,35.529217],[127.353148,35.529213],[127.353148,35.529204],[127.353137,35.529199],[127.353137,35.52919],[127.35312,35.529181],[127.35312,35.529172],[127.353109,35.529168],[127.353109,35.529159],[127.353093,35.52915],[127.353093,35.529141],[127.353076,35.529132],[127.353076,35.529123],[127.353065,35.529118],[127.353065,35.529109],[127.353054,35.529105],[127.353054,35.529096],[127.353048,35.529096],[127.353043,35.529082],[127.353032,35.529078],[127.353032,35.529069],[127.353026,35.529069],[127.353026,35.52906],[127.353021,35.52906],[127.353021,35.529051],[127.353015,35.529051],[127.353009,35.529024],[127.353004,35.529024],[127.353004,35.528997],[127.353009,35.528997],[127.353009,35.528988],[127.353015,35.528988],[127.353031,35.52897],[127.353042,35.528969],[127.353042,35.528965],[127.353075,35.528956],[127.353081,35.528947],[127.353092,35.528947],[127.353097,35.528933],[127.353103,35.528933],[127.35318,35.528865],[127.353196,35.528861],[127.353196,35.528852],[127.353207,35.528847],[127.353207,35.528838],[127.353218,35.528834],[127.353218,35.528825],[127.353224,35.528825],[127.353251,35.528798],[127.353262,35.528798],[127.353262,35.528793],[127.353273,35.528793],[127.353273,35.528789],[127.353284,35.528789],[127.353284,35.528784],[127.353306,35.528784],[127.353306,35.528779],[127.353361,35.528779],[127.353361,35.528784],[127.353372,35.528784],[127.353372,35.528788],[127.353394,35.528802],[127.353394,35.528811],[127.3534,35.528811],[127.353406,35.528842],[127.353411,35.528842],[127.353411,35.528901],[127.353417,35.528901],[127.353417,35.528928],[127.353423,35.528928],[127.353428,35.528955],[127.353434,35.528955],[127.353439,35.528973],[127.35345,35.528977],[127.35345,35.528986],[127.353472,35.529],[127.353472,35.529009],[127.353478,35.529009],[127.353478,35.529013],[127.3535,35.529027],[127.3535,35.529036],[127.353511,35.52904],[127.353511,35.529049],[127.353517,35.529049],[127.353517,35.529058],[127.353522,35.529058],[127.353522,35.529067],[127.353528,35.529067],[127.353534,35.529094],[127.353539,35.529094],[127.35355,35.529121],[127.353556,35.529121],[127.353561,35.529135],[127.353567,35.529135],[127.353567,35.529148],[127.353572,35.529148],[127.353572,35.529162],[127.353578,35.529162],[127.353573,35.529238],[127.353578,35.529238],[127.353578,35.529247],[127.353584,35.529247],[127.353584,35.529256],[127.353589,35.529256],[127.353589,35.529265],[127.353595,35.529265],[127.353595,35.529274],[127.3536,35.529274],[127.353601,35.529306],[127.353595,35.529306],[127.35359,35.529324],[127.353584,35.529324],[127.353568,35.529342],[127.353557,35.529342],[127.353557,35.529347],[127.35354,35.529351],[127.353529,35.529365],[127.353518,35.529365],[127.353513,35.529374],[127.353502,35.529374],[127.353502,35.529378],[127.353491,35.529378],[127.353485,35.529387],[127.353474,35.529387],[127.353474,35.529392],[127.353469,35.529392],[127.353463,35.529401],[127.353452,35.529401],[127.353447,35.52941],[127.353436,35.52941],[127.353436,35.529414],[127.353425,35.529415],[127.353425,35.529419],[127.353414,35.529419],[127.353414,35.529424],[127.353381,35.529428]]]}},{"type":"Feature","properties":{"pair":"2506-2508","cls":"veg_gain","area_m2":162.8,"score":0.583},"geometry":{"type":"Polygon","coordinates":[[[127.354227,35.528813],[127.354227,35.528808],[127.354205,35.528804],[127.354205,35.528799],[127.354183,35.528786],[127.354183,35.528777],[127.354166,35.528768],[127.354166,35.528759],[127.354133,35.528736],[127.354133,35.528727],[127.354127,35.528727],[127.354127,35.528718],[127.354122,35.528718],[127.354122,35.528709],[127.354116,35.528709],[127.354111,35.528678],[127.354105,35.528678],[127.354105,35.528646],[127.35411,35.528646],[127.35411,35.528642],[127.354127,35.528642],[127.354132,35.528651],[127.354143,35.528651],[127.354144,35.528655],[127.354155,35.528655],[127.354155,35.52866],[127.354166,35.52866],[127.354166,35.528664],[127.35421,35.528669],[127.35421,35.528673],[127.354226,35.528673],[127.354226,35.528678],[127.354243,35.528682],[127.354243,35.528691],[127.354248,35.528691],[127.354248,35.5287],[127.354254,35.5287],[127.354265,35.528781],[127.35426,35.528781],[127.354254,35.528804],[127.354238,35.528808],[127.354238,35.528813],[127.354227,35.528813]]]}},{"type":"Feature","properties":{"pair":"2506-2508","cls":"veg_gain","area_m2":3717.4,"score":0.894},"geometry":{"type":"Polygon","coordinates":[[[127.355408,35.529228],[127.355408,35.529224],[127.355397,35.529224],[127.355397,35.529219],[127.35537,35.529202],[127.35537,35.529192],[127.355364,35.529193],[127.355359,35.529179],[127.355348,35.529175],[127.355342,35.529157],[127.355331,35.529152],[127.355331,35.529139],[127.355325,35.529139],[127.355325,35.52913],[127.35532,35.52913],[127.355309,35.529103],[127.355298,35.529098],[127.355298,35.529089],[127.355292,35.529089],[127.355292,35.529085],[127.355275,35.529076],[127.355275,35.529067],[127.355253,35.529053],[127.355253,35.529044],[127.355242,35.52904],[127.355242,35.529031],[127.355231,35.529026],[127.355231,35.529017],[127.355215,35.529008],[127.355215,35.528999],[127.355203,35.528995],[127.355203,35.528986],[127.355187,35.528977],[127.355187,35.528968],[127.355176,35.528963],[127.355176,35.528954],[127.355165,35.52895],[127.355165,35.528941],[127.355159,35.528941],[127.355159,35.528936],[127.355148,35.528932],[127.355148,35.528923],[127.355126,35.528909],[127.355126,35.5289],[127.355104,35.528887],[127.355104,35.528878],[127.355093,35.528873],[127.355093,35.528864],[127.355087,35.528864],[127.355082,35.528851],[127.355076,35.528851],[127.35507,35.528819],[127.355076,35.528819],[127.355076,35.528806],[127.355081,35.528806],[127.35512,35.52877],[127.355131,35.52877],[127.355136,35.528761],[127.355158,35.528756],[127.355164,35.528747],[127.355175,35.528747],[127.355175,35.528742],[127.355186,35.528742],[127.355186,35.528738],[127.355197,35.528738],[127.355197,35.528733],[127.355208,35.528733],[127.355208,35.528729],[127.355224,35.528729],[127.355224,35.528724],[127.355235,35.528724],[127.355235,35.52872],[127.355252,35.52872],[127.355252,35.528715],[127.355263,35.528715],[127.355263,35.528711],[127.355274,35.528711],[127.355274,35.528706],[127.355307,35.528697],[127.355312,35.528688],[127.355345,35.528679],[127.355351,35.52867],[127.355362,35.52867],[127.355367,35.528661],[127.355389,35.528656],[127.355395,35.528647],[127.355406,35.528647],[127.355406,35.528643],[127.355417,35.528643],[127.355417,35.528638],[127.355428,35.528638],[127.355428,35.528634],[127.355439,35.528633],[127.355439,35.528629],[127.355455,35.528629],[127.355455,35.528624],[127.355466,35.528624],[127.355466,35.52862],[127.355499,35.528611],[127.355505,35.528602],[127.355516,35.528602],[127.355521,35.528593],[127.355532,35.528593],[127.355532,35.528588],[127.355543,35.528588],[127.355543,35.528584],[127.355554,35.528584],[127.355554,35.528579],[127.355565,35.528579],[127.355565,35.528575],[127.355582,35.528574],[127.355582,35.52857],[127.355615,35.528565],[127.355615,35.528561],[127.355654,35.528561],[127.355654,35.528565],[127.355676,35.52857],[127.355687,35.528583],[127.355698,35.528583],[127.355703,35.528592],[127.355714,35.528592],[127.355714,35.528597],[127.355764,35.528633],[127.355764,35.528642],[127.35577,35.528642],[127.355775,35.528655],[127.355786,35.528659],[127.355797,35.528686],[127.355809,35.528691],[127.355814,35.528709],[127.355825,35.528713],[127.355825,35.528722],[127.355836,35.528727],[127.355836,35.528736],[127.355853,35.528745],[127.355853,35.528754],[127.355875,35.528767],[127.355875,35.528776],[127.355886,35.528781],[127.355886,35.52879],[127.355897,35.528794],[127.355897,35.528803],[127.355903,35.528803],[127.355908,35.528817],[127.355919,35.528821],[127.355925,35.528839],[127.35593,35.528839],[127.355936,35.528853],[127.355947,35.528857],[127.355953,35.528875],[127.355964,35.52888],[127.355964,35.528889],[127.355969,35.528889],[127.355969,35.528898],[127.355975,35.528898],[127.355975,35.528907],[127.35598,35.528907],[127.35598,35.528916],[127.355986,35.528916],[127.355986,35.528925],[127.355991,35.528925],[127.355992,35.528956],[127.355986,35.528956],[127.355986,35.528965],[127.355981,35.528965],[127.355942,35.529002],[127.355931,35.529002],[127.355915,35.52902],[127.355904,35.52902],[127.355898,35.529029],[127.355876,35.529033],[127.355871,35.529042],[127.355838,35.529051],[127.355832,35.52906],[127.355799,35.52907],[127.355794,35.529079],[127.355772,35.529083],[127.355772,35.529088],[127.355755,35.529092],[127.35575,35.529101],[127.355728,35.529106],[127.355717,35.529119],[127.355706,35.529119],[127.3557,35.529128],[127.355689,35.529128],[127.355678,35.529142],[127.355667,35.529142],[127.355662,35.529151],[127.355651,35.529151],[127.355645,35.52916],[127.355634,35.52916],[127.355629,35.529169],[127.355618,35.529169],[127.355618,35.529174],[127.355601,35.529178],[127.355596,35.529187],[127.355579,35.529187],[127.355579,35.529192],[127.355563,35.529192],[127.355563,35.529196],[127.355497,35.529201],[127.355497,35.529206],[127.355486,35.529206],[127.355486,35.52921],[127.355475,35.52921],[127.355475,35.529215],[127.355464,35.529215],[127.355464,35.529219],[127.355453,35.529219],[127.355453,35.529224],[127.355408,35.529228]]]}},{"type":"Feature","properties":{"pair":"2506-2508","cls":"veg_gain","area_m2":589.6,"score":0.612},"geometry":{"type":"Polygon","coordinates":[[[127.354602,35.528861],[127.354602,35.528857],[127.354591,35.528857],[127.354525,35.528798],[127.354513,35.528798],[127.354513,35.528794],[127.354469,35.528763],[127.354469,35.528754],[127.354464,35.528754],[127.354458,35.52874],[127.354447,35.528736],[127.354447,35.528727],[127.354442,35.528727],[127.354441,35.528718],[127.354436,35.528718],[127.354425,35.528691],[127.354403,35.528677],[127.354403,35.528668],[127.354386,35.528659],[127.354386,35.52865],[127.354381,35.52865],[127.35438,35.528641],[127.354375,35.528641],[127.35438,35.528569],[127.354386,35.528569],[127.354386,35.52856],[127.354391,35.52856],[127.354402,35.528546],[127.354413,35.528546],[127.354413,35.528542],[127.354441,35.528542],[127.354441,35.528546],[127.354474,35.528546],[127.354474,35.528551],[127.354501,35.528551],[127.354501,35.528555],[127.354512,35.528555],[127.354512,35.52856],[127.354529,35.528569],[127.354529,35.528578],[127.354535,35.528578],[127.354535,35.528587],[127.354546,35.528591],[127.354546,35.5286],[127.354568,35.528614],[127.354568,35.528623],[127.354601,35.528645],[127.354601,35.528654],[127.354607,35.528654],[127.354607,35.528658],[127.354634,35.528676],[127.354634,35.528685],[127.354651,35.528694],[127.354651,35.528703],[127.354656,35.528703],[127.354662,35.528717],[127.354673,35.528721],[127.354673,35.52873],[127.354679,35.52873],[127.354679,35.528739],[127.354684,35.528739],[127.354684,35.528748],[127.35469,35.528748],[127.35469,35.528757],[127.354695,35.528757],[127.354695,35.528766],[127.354701,35.528766],[127.354706,35.528798],[127.354712,35.528798],[127.354707,35.528825],[127.354701,35.528825],[127.354674,35.528852],[127.354663,35.528852],[127.354663,35.528857],[127.354646,35.528857],[127.354646,35.528861],[127.354602,35.528861]]]}},{"type":"Feature","properties":{"pair":"2506-2508","cls":"veg_gain","area_m2":39.1,"score":0.564},"geometry":{"type":"Polygon","coordinates":[[[127.350091,35.528613],[127.350091,35.528609],[127.350069,35.528595],[127.350069,35.528586],[127.350064,35.528586],[127.350069,35.528564],[127.350075,35.528564],[127.350091,35.528545],[127.350108,35.528545],[127.350108,35.528541],[127.350135,35.528541],[127.350135,35.528545],[127.350146,35.528545],[127.350146,35.528554],[127.350152,35.528554],[127.350146,35.528568],[127.350141,35.528568],[127.350135,35.528581],[127.350119,35.52859],[127.350113,35.528608],[127.350091,35.528613]]]}},{"type":"Feature","properties":{"pair":"2506-2508","cls":"veg_gain","area_m2":2726.9,"score":0.679},"geometry":{"type":"Polygon","coordinates":[[[127.353931,35.529246],[127.353931,35.529242],[127.35392,35.529242],[127.353914,35.529219],[127.353909,35.529219],[127.353898,35.529206],[127.353848,35.529192],[127.353848,35.529188],[127.353815,35.529166],[127.353815,35.529156],[127.353809,35.529157],[127.353809,35.529148],[127.353804,35.529148],[127.353804,35.529139],[127.353798,35.529139],[127.353798,35.52913],[127.353793,35.52913],[127.353793,35.529121],[127.353787,35.529121],[127.353782,35.529098],[127.353771,35.529094],[127.353771,35.529085],[127.353759,35.52908],[127.353754,35.529062],[127.353743,35.529058],[127.353743,35.529049],[127.353737,35.529049],[127.353737,35.52904],[127.353732,35.52904],[127.353732,35.529031],[127.353726,35.529031],[127.353726,35.529017],[127.353721,35.529017],[127.35372,35.528958],[127.353715,35.528959],[127.353715,35.528949],[127.353698,35.528941],[127.353698,35.528932],[127.353693,35.528932],[127.353693,35.528923],[127.353682,35.528918],[127.353676,35.5289],[127.353665,35.528896],[127.353659,35.528878],[127.353648,35.528873],[127.353648,35.528864],[127.353643,35.528864],[127.353643,35.528855],[127.353637,35.528855],[127.353626,35.528828],[127.353621,35.528828],[127.353615,35.528819],[127.353593,35.528815],[127.353593,35.52881],[127.353565,35.52881],[127.353565,35.528806],[127.353549,35.528806],[127.353549,35.528801],[127.353538,35.528801],[127.353538,35.528797],[127.353505,35.528788],[127.353499,35.528779],[127.353488,35.528779],[127.353488,35.528774],[127.353466,35.528761],[127.353466,35.528752],[127.35346,35.528752],[127.35346,35.528747],[127.353449,35.528743],[127.353449,35.528734],[127.353444,35.528734],[127.353444,35.528711],[127.353449,35.528711],[127.353449,35.528702],[127.353455,35.528702],[127.35346,35.528693],[127.353471,35.528693],[127.353477,35.528684],[127.353504,35.52868],[127.353504,35.528675],[127.353515,35.528675],[127.353515,35.528671],[127.353532,35.528671],[127.353532,35.528666],[127.353565,35.528657],[127.35357,35.528648],[127.353581,35.528648],[127.353581,35.528643],[127.353592,35.528643],[127.353592,35.528639],[127.353603,35.528639],[127.353603,35.528634],[127.353614,35.528634],[127.353614,35.52863],[127.353625,35.52863],[127.353625,35.528625],[127.353658,35.528616],[127.353658,35.528612],[127.353686,35.528594],[127.353686,35.528585],[127.353724,35.528557],[127.353724,35.528548],[127.35373,35.528548],[127.353735,35.528539],[127.353746,35.528539],[127.353757,35.528526],[127.353768,35.528526],[127.353768,35.528521],[127.353779,35.528521],[127.353779,35.528517],[127.35379,35.528517],[127.35379,35.528512],[127.353823,35.528512],[127.353823,35.528517],[127.353834,35.528517],[127.353834,35.528521],[127.353845,35.528526],[127.353845,35.528535],[127.353856,35.528539],[127.353856,35.528548],[127.353867,35.528552],[127.353873,35.528575],[127.353879,35.528575],[127.353879,35.528584],[127.353884,35.528584],[127.353884,35.528597],[127.35389,35.528597],[127.35389,35.528611],[127.353895,35.528611],[127.353895,35.528624],[127.353901,35.528624],[127.353901,35.528643],[127.353906,35.528642],[127.353906,35.528656],[127.353912,35.528656],[127.353907,35.528688],[127.353901,35.528688],[127.353901,35.528692],[127.35389,35.528697],[127.35389,35.528706],[127.353885,35.528706],[127.353885,35.528733],[127.35389,35.528733],[127.35389,35.528742],[127.353896,35.528742],[127.353901,35.528755],[127.353907,35.528755],[127.353946,35.528791],[127.353957,35.528791],[127.353957,35.528796],[127.354039,35.528791],[127.354039,35.528795],[127.35405,35.528795],[127.35405,35.5288],[127.354067,35.528809],[127.354067,35.528818],[127.354078,35.528822],[127.354084,35.52884],[127.354089,35.52884],[127.354095,35.528854],[127.354106,35.528858],[127.354111,35.528876],[127.354128,35.528885],[127.354128,35.528894],[127.354139,35.528899],[127.354139,35.528908],[127.354145,35.528908],[127.35415,35.528921],[127.354161,35.528926],[127.354167,35.528948],[127.354172,35.528948],[127.354172,35.528966],[127.354178,35.528966],[127.354178,35.528984],[127.354184,35.528984],[127.354189,35.529002],[127.3542,35.529007],[127.3542,35.529016],[127.354211,35.52902],[127.354217,35.529043],[127.354222,35.529043],[127.354222,35.529052],[127.354228,35.529052],[127.354228,35.529061],[127.354233,35.529061],[127.354234,35.52907],[127.354239,35.52907],[127.354239,35.529079],[127.354245,35.529079],[127.354239,35.529106],[127.354234,35.529106],[127.354228,35.529115],[127.354217,35.529115],[127.354217,35.529119],[127.354212,35.529119],[127.354173,35.529155],[127.354162,35.529155],[127.354151,35.529169],[127.35414,35.529169],[127.35414,35.529174],[127.354129,35.529174],[127.354129,35.529178],[127.354096,35.529187],[127.354091,35.529196],[127.35408,35.529196],[127.354074,35.529205],[127.354063,35.529205],[127.354063,35.52921],[127.354047,35.529214],[127.354047,35.529219],[127.35403,35.529219],[127.35403,35.529223],[127.354014,35.529224],[127.354014,35.529228],[127.353964,35.529233],[127.353964,35.529237],[127.353931,35.529246]]]}},{"type":"Feature","properties":{"pair":"2506-2508","cls":"veg_gain","area_m2":88.1,"score":0.583},"geometry":{"type":"Polygon","coordinates":[[[127.350373,35.52863],[127.350373,35.528626],[127.350356,35.528626],[127.350356,35.528621],[127.350345,35.528621],[127.350345,35.528617],[127.350334,35.528612],[127.350334,35.52859],[127.350339,35.52859],[127.350339,35.528576],[127.350345,35.528576],[127.35035,35.528554],[127.350356,35.528554],[127.350361,35.528518],[127.350367,35.528518],[127.350372,35.528509],[127.350383,35.528509],[127.350383,35.528513],[127.350394,35.528513],[127.350394,35.528518],[127.350405,35.528522],[127.350405,35.528531],[127.350416,35.528536],[127.350416,35.528545],[127.350422,35.528545],[127.350422,35.528554],[127.350427,35.528554],[127.350427,35.528567],[127.350433,35.528567],[127.350433,35.528581],[127.350439,35.528581],[127.350439,35.528599],[127.350433,35.528599],[127.350433,35.528612],[127.350428,35.528612],[127.350417,35.528626],[127.350406,35.528626],[127.350406,35.52863],[127.350373,35.52863]]]}},{"type":"Feature","properties":{"pair":"2506-2508","cls":"veg_gain","area_m2":1722.1,"score":0.915},"geometry":{"type":"Polygon","coordinates":[[[127.354971,35.528707],[127.354971,35.528702],[127.354949,35.528698],[127.354949,35.528694],[127.354921,35.528676],[127.354921,35.528667],[127.354904,35.528658],[127.354904,35.528649],[127.354893,35.528644],[127.354893,35.528635],[127.354888,35.528635],[127.354888,35.528626],[127.354882,35.528626],[127.354882,35.528617],[127.354877,35.528617],[127.354877,35.528608],[127.354871,35.528608],[127.354871,35.528586],[127.354865,35.528586],[127.35486,35.528559],[127.354821,35.528532],[127.354821,35.528523],[127.354815,35.528523],[127.354815,35.528514],[127.35481,35.528514],[127.35481,35.528482],[127.354815,35.528482],[127.354815,35.528473],[127.354821,35.528473],[127.354848,35.528446],[127.354859,35.528446],[127.354859,35.528441],[127.35487,35.528441],[127.35487,35.528437],[127.354881,35.528437],[127.354881,35.528432],[127.354892,35.528432],[127.354892,35.528428],[127.354903,35.528428],[127.354903,35.528423],[127.354914,35.528423],[127.354914,35.528419],[127.354925,35.528419],[127.354925,35.528414],[127.354958,35.528405],[127.354964,35.528396],[127.354975,35.528396],[127.35498,35.528387],[127.355002,35.528382],[127.355008,35.528373],[127.355019,35.528373],[127.355019,35.528369],[127.35503,35.528369],[127.35503,35.528364],[127.355041,35.528364],[127.355041,35.52836],[127.355052,35.52836],[127.355052,35.528355],[127.355063,35.528355],[127.355063,35.528351],[127.355074,35.528351],[127.355074,35.528346],[127.355085,35.528346],[127.355085,35.528342],[127.355096,35.528342],[127.355096,35.528337],[127.355107,35.528337],[127.355107,35.528333],[127.355134,35.528328],[127.35514,35.528319],[127.355151,35.528319],[127.355156,35.52831],[127.355167,35.52831],[127.355178,35.528296],[127.355189,35.528296],[127.355189,35.528292],[127.355206,35.528287],[127.355211,35.528278],[127.355244,35.528269],[127.35525,35.52826],[127.355261,35.52826],[127.355261,35.528255],[127.355272,35.528255],[127.355272,35.528251],[127.355283,35.528251],[127.355283,35.528246],[127.355321,35.528246],[127.355321,35.528251],[127.355332,35.528251],[127.355333,35.528255],[127.355344,35.52826],[127.355344,35.528269],[127.355355,35.528273],[127.355355,35.528282],[127.35536,35.528282],[127.35536,35.528291],[127.355366,35.528291],[127.355366,35.5283],[127.355371,35.5283],[127.355371,35.528309],[127.355377,35.528309],[127.355377,35.528318],[127.355382,35.528318],[127.355382,35.528327],[127.355388,35.528327],[127.355388,35.528336],[127.355394,35.528336],[127.355394,35.52835],[127.355399,35.52835],[127.355399,35.528359],[127.355405,35.528359],[127.355405,35.528368],[127.35541,35.528368],[127.35541,35.528377],[127.355416,35.528377],[127.355416,35.528386],[127.355421,35.528386],[127.355421,35.528395],[127.355427,35.528395],[127.355427,35.528404],[127.355432,35.528404],[127.355432,35.528413],[127.355438,35.528413],[127.355438,35.528422],[127.355443,35.528422],[127.355444,35.528431],[127.355449,35.528431],[127.355449,35.528444],[127.355455,35.528444],[127.355455,35.528458],[127.35546,35.528458],[127.35546,35.528476],[127.355455,35.528476],[127.355449,35.528494],[127.355444,35.528494],[127.355438,35.528503],[127.355427,35.528503],[127.355422,35.528512],[127.3554,35.528516],[127.355394,35.528525],[127.355372,35.52853],[127.355372,35.528535],[127.355367,35.528535],[127.355361,35.528544],[127.35535,35.528544],[127.355345,35.528553],[127.355334,35.528553],[127.355334,35.528557],[127.355323,35.528557],[127.355317,35.528566],[127.355295,35.528571],[127.35529,35.52858],[127.355268,35.528584],[127.355262,35.528593],[127.355251,35.528593],[127.355251,35.528598],[127.35524,35.528598],[127.35524,35.528603],[127.355207,35.528612],[127.355202,35.528621],[127.355169,35.52863],[127.355163,35.528639],[127.355152,35.528639],[127.355147,35.528648],[127.355125,35.528652],[127.355119,35.528661],[127.355108,35.528661],[127.355108,35.528666],[127.355092,35.528671],[127.355086,35.52868],[127.355064,35.528684],[127.355059,35.528693],[127.355048,35.528693],[127.355048,35.528698],[127.355037,35.528698],[127.355037,35.528702],[127.35502,35.528702],[127.35502,35.528707],[127.354971,35.528707]]]}},{"type":"Feature","properties":{"pair":"2506-2508","cls":"veg_gain","area_m2":348.0,"score":0.611},"geometry":{"type":"Polygon","coordinates":[[[127.354236,35.528452],[127.354236,35.528448],[127.354214,35.528443],[127.354214,35.528439],[127.354153,35.528394],[127.354153,35.528385],[127.354148,35.528385],[127.354148,35.528376],[127.354142,35.528376],[127.354142,35.528367],[127.354137,35.528367],[127.354137,35.528353],[127.354131,35.528353],[127.354131,35.528344],[127.354126,35.528344],[127.354126,35.528331],[127.35412,35.528331],[127.35412,35.528322],[127.354114,35.528322],[127.354109,35.528281],[127.354103,35.528281],[127.354103,35.528241],[127.354109,35.528241],[127.354109,35.528227],[127.354114,35.528227],[127.354125,35.528214],[127.354136,35.528214],[127.354136,35.528209],[127.354169,35.5282],[127.354191,35.528177],[127.354224,35.528177],[127.354224,35.528182],[127.354241,35.528191],[127.354246,35.528231],[127.354252,35.528231],[127.354252,35.528254],[127.354258,35.528254],[127.354258,35.528272],[127.354263,35.528272],[127.354263,35.528285],[127.354269,35.528285],[127.354269,35.528299],[127.354274,35.528299],[127.354275,35.52838],[127.35428,35.52838],[127.35428,35.528389],[127.354286,35.528389],[127.354291,35.528403],[127.354297,35.528403],[127.354297,35.528425],[127.354291,35.528425],[127.354291,35.528434],[127.354286,35.528434],[127.354275,35.528448],[127.354264,35.528448],[127.354264,35.528452],[127.354236,35.528452]]]}},{"type":"Feature","properties":{"pair":"2506-2508","cls":"veg_gain","area_m2":1165.2,"score":0.735},"geometry":{"type":"Polygon","coordinates":[[[127.350576,35.528526],[127.350576,35.528522],[127.350554,35.528517],[127.350554,35.528513],[127.350521,35.52849],[127.350521,35.528481],[127.35051,35.528477],[127.35051,35.528468],[127.350499,35.528463],[127.350476,35.528409],[127.350465,35.528405],[127.350465,35.528396],[127.35046,35.528396],[127.350454,35.528382],[127.350443,35.528378],[127.350443,35.528369],[127.350438,35.528369],[127.350427,35.528342],[127.350415,35.528337],[127.35041,35.52831],[127.350415,35.52831],[127.350415,35.528301],[127.350443,35.528283],[127.350443,35.528274],[127.350448,35.528274],[127.350492,35.528233],[127.350503,35.528233],[127.350503,35.528229],[127.350514,35.528229],[127.350514,35.528224],[127.350542,35.528229],[127.350547,35.528242],[127.350553,35.528242],[127.350569,35.52826],[127.350581,35.52826],[127.350581,35.528265],[127.350603,35.52826],[127.350603,35.528256],[127.350608,35.528256],[127.350608,35.528233],[127.350602,35.528233],[127.350602,35.528224],[127.350597,35.528224],[127.350591,35.528211],[127.350586,35.528211],[127.350586,35.528175],[127.350591,35.528174],[127.350591,35.528165],[127.350608,35.528156],[127.350608,35.528147],[127.350613,35.528147],[127.350619,35.528138],[127.350652,35.528134],[127.350652,35.528138],[127.350663,35.528138],[127.350696,35.52817],[127.350707,35.52817],[127.350712,35.528179],[127.350723,35.528179],[127.350724,35.528183],[127.350735,35.528183],[127.350735,35.528188],[127.350768,35.528197],[127.350779,35.52821],[127.35079,35.52821],[127.350795,35.528219],[127.350806,35.528219],[127.350812,35.528228],[127.350823,35.528228],[127.350828,35.528237],[127.35084,35.528237],[127.350845,35.528246],[127.350856,35.528246],[127.350856,35.52825],[127.350895,35.528277],[127.350895,35.528286],[127.3509,35.528286],[127.350901,35.528345],[127.350895,35.528345],[127.35089,35.528363],[127.350884,35.528363],[127.35078,35.528453],[127.350769,35.528453],[127.350769,35.528458],[127.350752,35.528462],[127.350747,35.528471],[127.350736,35.528471],[127.350736,35.528476],[127.350725,35.528476],[127.350725,35.528481],[127.350692,35.52849],[127.350686,35.528499],[127.350675,35.528499],[127.35067,35.528508],[127.350659,35.528508],[127.350659,35.528512],[127.350648,35.528512],[127.350648,35.528517],[127.350637,35.528517],[127.350637,35.528521],[127.35062,35.528521],[127.35062,35.528526],[127.350576,35.528526]]]}},{"type":"Feature","properties":{"pair":"2506-2508","cls":"veg_gain","area_m2":121.5,"score":0.596},"geometry":{"type":"Polygon","coordinates":[[[127.350101,35.528271],[127.350101,35.528266],[127.35009,35.528266],[127.35009,35.528239],[127.350095,35.528239],[127.350095,35.52823],[127.350112,35.528221],[127.350112,35.528212],[127.350128,35.528203],[127.350128,35.528194],[127.350139,35.528189],[127.350139,35.52818],[127.350161,35.528167],[127.350161,35.528158],[127.350167,35.528158],[127.350178,35.528144],[127.350189,35.528144],[127.350205,35.528126],[127.350216,35.528126],[127.350222,35.528117],[127.350233,35.528117],[127.350233,35.528112],[127.350244,35.528112],[127.350244,35.528108],[127.350271,35.528108],[127.350271,35.528117],[127.350277,35.528117],[127.350271,35.528144],[127.350266,35.528144],[127.350255,35.528171],[127.350238,35.52818],[127.350238,35.528189],[127.350233,35.528189],[127.350227,35.528198],[127.350216,35.528198],[127.3502,35.528216],[127.350189,35.528216],[127.350183,35.528225],[127.350172,35.528225],[127.350134,35.528261],[127.350101,35.528271]]]}},{"type":"Feature","properties":{"pair":"2506-2508","cls":"veg_gain","area_m2":73.8,"score":0.572},"geometry":{"type":"Polygon","coordinates":[[[127.351765,35.528194],[127.351765,35.528189],[127.351754,35.528189],[127.351749,35.528176],[127.351743,35.528176],[127.351738,35.528131],[127.351743,35.528131],[127.351743,35.528122],[127.351749,35.528122],[127.35176,35.528108],[127.351771,35.528108],[127.351771,35.528103],[127.351804,35.528103],[127.351804,35.528108],[127.351815,35.528108],[127.351815,35.528112],[127.351831,35.528121],[127.351831,35.52813],[127.351837,35.52813],[127.351837,35.528171],[127.351832,35.528171],[127.351815,35.528189],[127.351804,35.528189],[127.351804,35.528193],[127.351765,35.528194]]]}},{"type":"Feature","properties":{"pair":"2506-2508","cls":"built_new","area_m2":35.9,"score":0.579},"geometry":{"type":"Polygon","coordinates":[[[127.349494,35.52807],[127.349494,35.528065],[127.349483,35.528065],[127.349477,35.528043],[127.349471,35.528043],[127.349477,35.528006],[127.349482,35.528006],[127.349482,35.527997],[127.349488,35.527997],[127.349499,35.527984],[127.349521,35.527984],[127.349521,35.527993],[127.349526,35.527993],[127.349527,35.528038],[127.349521,35.528038],[127.349521,35.528056],[127.349516,35.528056],[127.349516,35.528065],[127.349494,35.52807]]]}},{"type":"Feature","properties":{"pair":"2506-2508","cls":"veg_gain","area_m2":340.1,"score":0.715},"geometry":{"type":"Polygon","coordinates":[[[127.348143,35.528114],[127.348143,35.528109],[127.348132,35.52811],[127.348132,35.528105],[127.348116,35.528096],[127.34811,35.528074],[127.348104,35.528074],[127.3481,35.528001],[127.348104,35.528001],[127.34811,35.527965],[127.348115,35.527965],[127.34812,35.527947],[127.348126,35.527947],[127.348148,35.527925],[127.348159,35.527925],[127.348164,35.527916],[127.348192,35.527911],[127.348192,35.527907],[127.34822,35.527906],[127.348219,35.527902],[127.348253,35.527902],[127.348253,35.527906],[127.348264,35.527906],[127.348264,35.527911],[127.34828,35.527915],[127.34828,35.527924],[127.348286,35.527924],[127.348286,35.527933],[127.348291,35.527933],[127.348291,35.52796],[127.348297,35.52796],[127.348292,35.528028],[127.348286,35.528028],[127.348281,35.528064],[127.348275,35.528064],[127.348275,35.528073],[127.348264,35.528078],[127.348264,35.528087],[127.348259,35.528087],[127.348253,35.528096],[127.348242,35.528096],[127.348237,35.528105],[127.348226,35.528105],[127.348226,35.528109],[127.348209,35.528109],[127.348209,35.528114],[127.348143,35.528114]]]}},{"type":"Feature","properties":{"pair":"2506-2508","cls":"veg_gain","area_m2":1203.5,"score":0.628},"geometry":{"type":"Polygon","coordinates":[[[127.350972,35.528264],[127.350972,35.528259],[127.350961,35.528259],[127.350961,35.528255],[127.350933,35.528237],[127.350933,35.528228],[127.350928,35.528228],[127.350928,35.528205],[127.350922,35.528205],[127.350916,35.528187],[127.3509,35.528183],[127.3509,35.528178],[127.350889,35.528178],[127.350889,35.528174],[127.350878,35.528174],[127.350872,35.528165],[127.350861,35.528165],[127.350861,35.52816],[127.350839,35.528147],[127.350839,35.528138],[127.350828,35.528133],[127.350828,35.528124],[127.350822,35.528124],[127.350822,35.528115],[127.350817,35.528115],[127.350817,35.528102],[127.350811,35.528102],[127.350806,35.528079],[127.350778,35.528061],[127.350772,35.528039],[127.350778,35.528039],[127.350778,35.52803],[127.350789,35.528025],[127.350789,35.528016],[127.3508,35.528012],[127.3508,35.528003],[127.350805,35.528003],[127.350822,35.527985],[127.350833,35.527985],[127.350833,35.52798],[127.350844,35.52798],[127.350844,35.527975],[127.350855,35.527975],[127.350855,35.527971],[127.350871,35.527971],[127.350871,35.527966],[127.350882,35.527966],[127.350882,35.527962],[127.350893,35.527962],[127.350893,35.527957],[127.350904,35.527957],[127.350904,35.527953],[127.350915,35.527953],[127.350915,35.527948],[127.350937,35.527948],[127.350937,35.527953],[127.350949,35.527953],[127.350949,35.527957],[127.350954,35.527957],[127.35096,35.527966],[127.350971,35.527966],[127.350971,35.527971],[127.351004,35.52797],[127.351004,35.527966],[127.351026,35.527961],[127.351026,35.527957],[127.351037,35.527952],[127.351037,35.52793],[127.351009,35.527916],[127.351003,35.527898],[127.351009,35.527898],[127.351009,35.527889],[127.351014,35.527889],[127.351031,35.527871],[127.351042,35.527871],[127.351042,35.527867],[127.351053,35.527867],[127.351053,35.527862],[127.35108,35.527862],[127.35108,35.527867],[127.351097,35.527867],[127.351097,35.527871],[127.351125,35.527876],[127.351125,35.52788],[127.35118,35.52788],[127.35118,35.527875],[127.351191,35.527875],[127.351191,35.527871],[127.351207,35.527866],[127.351207,35.527862],[127.35124,35.527862],[127.35124,35.527866],[127.351257,35.527871],[127.351257,35.527893],[127.351246,35.527893],[127.351246,35.527889],[127.351202,35.527889],[127.351202,35.527893],[127.351191,35.527898],[127.351191,35.527911],[127.351196,35.527911],[127.351202,35.52792],[127.351213,35.52792],[127.351213,35.527925],[127.351241,35.527925],[127.351241,35.52792],[127.351252,35.52792],[127.351252,35.527911],[127.351257,35.527911],[127.351263,35.527898],[127.351312,35.527897],[127.351312,35.527902],[127.351323,35.527902],[127.351329,35.527915],[127.351334,35.527915],[127.351329,35.527938],[127.351323,35.527938],[127.351296,35.527965],[127.351285,35.527965],[127.351279,35.527974],[127.351268,35.527974],[127.351268,35.527979],[127.351257,35.527979],[127.351257,35.527983],[127.351246,35.527983],[127.351246,35.527988],[127.35123,35.527992],[127.35123,35.528001],[127.351224,35.528001],[127.351225,35.528064],[127.351219,35.528065],[127.351219,35.528074],[127.351208,35.528078],[127.351208,35.528087],[127.351164,35.528119],[127.351164,35.528128],[127.351153,35.528132],[127.351153,35.528141],[127.351148,35.528141],[127.351148,35.52815],[127.351142,35.52815],[127.351142,35.528159],[127.351137,35.528159],[127.351126,35.528186],[127.35112,35.528186],[127.35106,35.528241],[127.351049,35.528241],[127.351038,35.528254],[127.351027,35.528254],[127.351027,35.528259],[127.351016,35.528259],[127.351016,35.528263],[127.350972,35.528264]]]}},{"type":"Feature","properties":{"pair":"2506-2508","cls":"veg_gain","area_m2":3209.0,"score":0.767},"geometry":{"type":"Polygon","coordinates":[[[127.35476,35.52841],[127.35476,35.528406],[127.354749,35.528406],[127.354749,35.528401],[127.354738,35.528397],[127.354738,35.528388],[127.354732,35.528388],[127.354732,35.528379],[127.354727,35.528379],[127.354721,35.528343],[127.354715,35.528343],[127.354715,35.528329],[127.35471,35.528329],[127.354699,35.528302],[127.354693,35.528302],[127.354682,35.528289],[127.354671,35.528289],[127.354666,35.52828],[127.354655,35.52828],[127.354649,35.528271],[127.354638,35.528271],[127.354638,35.528266],[127.354588,35.52823],[127.354588,35.528221],[127.35456,35.528203],[127.35456,35.528194],[127.354555,35.528194],[127.354549,35.528181],[127.354538,35.528176],[127.354533,35.528158],[127.354522,35.528154],[127.354522,35.528145],[127.354511,35.52814],[127.354511,35.528131],[127.3545,35.528127],[127.354499,35.528118],[127.354494,35.528118],[127.354488,35.528105],[127.354477,35.5281],[127.354477,35.528091],[127.354472,35.528091],[127.354472,35.528082],[127.354466,35.528082],[127.354466,35.528073],[127.354461,35.528073],[127.354461,35.528064],[127.354455,35.528064],[127.354449,35.528033],[127.354455,35.528033],[127.354455,35.528023],[127.35446,35.528023],[127.354471,35.52801],[127.354482,35.52801],[127.354493,35.527996],[127.354504,35.527996],[127.354504,35.527992],[127.354521,35.527987],[127.354526,35.527978],[127.354537,35.527978],[127.354537,35.527974],[127.354548,35.527974],[127.354548,35.527969],[127.354559,35.527969],[127.354559,35.527965],[127.354576,35.527965],[127.354576,35.52796],[127.354587,35.52796],[127.354587,35.527956],[127.354598,35.527955],[127.354598,35.527951],[127.354615,35.527951],[127.354614,35.527946],[127.354626,35.527946],[127.354631,35.527937],[127.354642,35.527937],[127.354642,35.527933],[127.354653,35.527933],[127.354653,35.527928],[127.354664,35.527928],[127.354664,35.527924],[127.354675,35.527924],[127.354675,35.527919],[127.354703,35.527919],[127.354703,35.527915],[127.35473,35.52791],[127.35473,35.527906],[127.354774,35.527874],[127.354774,35.527865],[127.35478,35.527865],[127.354801,35.527842],[127.354812,35.527842],[127.354818,35.527833],[127.354829,35.527833],[127.354834,35.527824],[127.354845,35.527824],[127.354856,35.527811],[127.354867,35.52781],[127.354867,35.527806],[127.354884,35.527801],[127.354889,35.527792],[127.3549,35.527792],[127.3549,35.527788],[127.354911,35.527788],[127.354911,35.527783],[127.354922,35.527783],[127.354922,35.527779],[127.354933,35.527779],[127.354933,35.527774],[127.354967,35.52777],[127.354967,35.527765],[127.355055,35.52776],[127.355055,35.527765],[127.355066,35.527765],[127.355066,35.527769],[127.355082,35.527778],[127.355082,35.527787],[127.355138,35.527828],[127.355138,35.527837],[127.355149,35.527841],[127.355149,35.52785],[127.355154,35.52785],[127.355154,35.527859],[127.35516,35.527859],[127.35516,35.527868],[127.355165,35.527868],[127.355165,35.527877],[127.355171,35.527877],[127.355171,35.527891],[127.355177,35.527891],[127.355177,35.527904],[127.355182,35.527904],[127.355182,35.527922],[127.355188,35.527922],[127.355193,35.527981],[127.355199,35.527981],[127.355199,35.527994],[127.355205,35.527994],[127.35521,35.528017],[127.355216,35.528017],[127.355221,35.528071],[127.355227,35.528071],[127.355227,35.52808],[127.355233,35.52808],[127.355233,35.528089],[127.355238,35.528089],[127.355244,35.52812],[127.355249,35.52812],[127.355249,35.528138],[127.355255,35.528138],[127.355255,35.528174],[127.355249,35.528174],[127.35525,35.528183],[127.355244,35.528183],[127.355228,35.528201],[127.355217,35.528202],[127.355217,35.528206],[127.355205,35.528206],[127.3552,35.528215],[127.355189,35.528215],[127.355189,35.52822],[127.355156,35.528229],[127.355151,35.528238],[127.355139,35.528238],[127.355134,35.528247],[127.355123,35.528247],[127.355118,35.528256],[127.355106,35.528256],[127.355096,35.528269],[127.355084,35.528269],[127.355085,35.528274],[127.355073,35.528274],[127.355068,35.528283],[127.355035,35.528292],[127.35503,35.528301],[127.355018,35.528301],[127.355019,35.528306],[127.355007,35.528306],[127.355007,35.52831],[127.354974,35.528319],[127.354969,35.528328],[127.354958,35.528328],[127.354952,35.528337],[127.354941,35.528338],[127.35493,35.528351],[127.354919,35.528351],[127.354909,35.528365],[127.354897,35.528365],[127.354887,35.528378],[127.354875,35.528378],[127.354865,35.528392],[127.354853,35.528392],[127.354854,35.528396],[127.354842,35.528396],[127.354843,35.528401],[127.354831,35.528401],[127.354832,35.528405],[127.354815,35.528405],[127.354815,35.52841],[127.35476,35.52841]]]}},{"type":"Feature","properties":{"pair":"2506-2508","cls":"built_new","area_m2":159.0,"score":0.591},"geometry":{"type":"Polygon","coordinates":[[[127.349543,35.527939],[127.349537,35.527925],[127.349532,35.527925],[127.349532,35.527907],[127.349537,35.527907],[127.349537,35.527889],[127.349542,35.527889],[127.349542,35.52788],[127.349548,35.52788],[127.349548,35.527871],[127.349553,35.527871],[127.349553,35.52784],[127.349548,35.52784],[127.349548,35.527831],[127.349542,35.527831],[127.349537,35.527822],[127.349526,35.527822],[127.349526,35.527817],[127.349493,35.527808],[127.349493,35.527804],[127.349481,35.527799],[127.349481,35.52779],[127.349498,35.527786],[127.349498,35.527781],[127.349509,35.527781],[127.349509,35.527777],[127.349586,35.527776],[127.349586,35.527772],[127.349636,35.527772],[127.349636,35.527776],[127.349647,35.527776],[127.349647,35.527781],[127.34968,35.52779],[127.34968,35.527794],[127.349685,35.527794],[127.349686,35.527817],[127.34968,35.527817],[127.34968,35.527826],[127.349664,35.52783],[127.349664,35.527835],[127.349619,35.527839],[127.349619,35.527844],[127.349603,35.527853],[127.349603,35.52788],[127.349598,35.52788],[127.349598,35.527911],[127.349592,35.527912],[127.349592,35.527921],[127.349587,35.527921],[127.349576,35.527934],[127.349565,35.527934],[127.349565,35.527939],[127.349543,35.527939]]]}},{"type":"Feature","properties":{"pair":"2506-2508","cls":"veg_gain","area_m2":35.5,"score":0.567},"geometry":{"type":"Polygon","coordinates":[[[127.348258,35.527834],[127.348258,35.52783],[127.348247,35.52783],[127.348247,35.527825],[127.348197,35.527789],[127.348197,35.52778],[127.348202,35.52778],[127.348208,35.527771],[127.348246,35.527771],[127.348247,35.527776],[127.348263,35.527776],[127.348263,35.52778],[127.34828,35.527789],[127.34828,35.527798],[127.348285,35.527798],[127.348285,35.527821],[127.34828,35.527821],[127.34828,35.52783],[127.348258,35.527834]]]}},{"type":"Feature","properties":{"pair":"2506-2508","cls":"veg_gain","area_m2":101.4,"score":0.562},"geometry":{"type":"Polygon","coordinates":[[[127.354377,35.527834],[127.354377,35.52783],[127.354366,35.52783],[127.354366,35.527825],[127.354349,35.527817],[127.354349,35.527807],[127.354344,35.527808],[127.354344,35.527794],[127.354338,35.527794],[127.354344,35.527776],[127.354355,35.527776],[127.354355,35.527771],[127.354366,35.527771],[127.354366,35.527767],[127.354421,35.527762],[127.354421,35.527758],[127.354432,35.527758],[127.354432,35.527753],[127.354443,35.527753],[127.354443,35.527749],[127.354454,35.527749],[127.354454,35.527744],[127.354465,35.527744],[127.354465,35.52774],[127.354492,35.527739],[127.354492,35.527744],[127.354503,35.527744],[127.354503,35.527753],[127.354509,35.527753],[127.354509,35.527775],[127.354503,35.527775],[127.354504,35.527785],[127.354498,35.527785],[127.354482,35.527803],[127.354471,35.527803],[127.354465,35.527812],[127.354454,35.527812],[127.354449,35.527821],[127.354438,35.527821],[127.354438,35.527825],[127.354427,35.527825],[127.354427,35.52783],[127.354377,35.527834]]]}},{"type":"Feature","properties":{"pair":"2506-2508","cls":"veg_gain","area_m2":172.8,"score":0.581},"geometry":{"type":"Polygon","coordinates":[[[127.356577,35.52786],[127.356577,35.527855],[127.356555,35.527851],[127.356555,35.527846],[127.356532,35.527833],[127.356532,35.527824],[127.356521,35.527819],[127.356521,35.52781],[127.35651,35.527806],[127.35651,35.527797],[127.356505,35.527797],[127.356505,35.527788],[127.356499,35.527788],[127.356499,35.52777],[127.356505,35.52777],[127.356505,35.527761],[127.356527,35.527747],[127.356526,35.527738],[127.356532,35.527738],[127.356532,35.527729],[127.356537,35.527729],[127.356537,35.52772],[127.356543,35.52772],[127.356548,35.527693],[127.356554,35.527693],[127.356565,35.527679],[127.356576,35.527679],[127.356576,35.527675],[127.356603,35.527675],[127.356603,35.527679],[127.356614,35.527679],[127.356614,35.527684],[127.356626,35.527688],[127.356626,35.527697],[127.356631,35.527697],[127.356631,35.527711],[127.356626,35.527711],[127.356626,35.527832],[127.356621,35.527832],[127.356621,35.527846],[127.356615,35.527846],[127.35661,35.527859],[127.356577,35.52786]]]}},{"type":"Feature","properties":{"pair":"2506-2508","cls":"veg_gain","area_m2":25.9,"score":0.559},"geometry":{"type":"Polygon","coordinates":[[[127.354453,35.527672],[127.354453,35.527667],[127.354442,35.527668],[127.354437,35.527654],[127.354431,35.527654],[127.354442,35.527636],[127.354453,35.527636],[127.354453,35.527631],[127.354503,35.527631],[127.354503,35.527636],[127.354514,35.527636],[127.354514,35.527645],[127.354519,35.527645],[127.354514,35.527658],[127.354486,35.527663],[127.354486,35.527667],[127.354475,35.527667],[127.354475,35.527672],[127.354453,35.527672]]]}},{"type":"Feature","properties":{"pair":"2506-2508","cls":"veg_gain","area_m2":551.2,"score":0.646},"geometry":{"type":"Polygon","coordinates":[[[127.350023,35.528045],[127.350023,35.528036],[127.350017,35.528036],[127.350017,35.528014],[127.350023,35.528014],[127.350028,35.527996],[127.350034,35.527996],[127.350056,35.527973],[127.350067,35.527973],[127.350072,35.527964],[127.350083,35.527964],[127.350083,35.52796],[127.350094,35.52796],[127.350094,35.527955],[127.350138,35.527955],[127.350138,35.52795],[127.350149,35.52795],[127.350155,35.527937],[127.35016,35.527937],[127.35016,35.527928],[127.350166,35.527928],[127.350166,35.527919],[127.350171,35.527919],[127.350171,35.52791],[127.350177,35.52791],[127.350176,35.527896],[127.350182,35.527896],[127.350182,35.527887],[127.350187,35.527887],[127.350198,35.52786],[127.350215,35.527851],[127.350215,35.527842],[127.35022,35.527842],[127.350231,35.527829],[127.350242,35.527828],[127.350242,35.527824],[127.350248,35.527824],[127.350264,35.527806],[127.350275,35.527806],[127.350292,35.527788],[127.350303,35.527788],[127.350314,35.527774],[127.350325,35.527774],[127.35033,35.527765],[127.350341,35.527765],[127.350363,35.527743],[127.350374,35.527742],[127.350385,35.527729],[127.350396,35.527729],[127.350402,35.52772],[127.350413,35.52772],[127.350418,35.527711],[127.350429,35.527711],[127.35044,35.527697],[127.350517,35.527674],[127.350517,35.52767],[127.350528,35.527665],[127.350528,35.527656],[127.350539,35.527652],[127.350539,35.527643],[127.350545,35.527643],[127.350561,35.527625],[127.350572,35.527625],[127.350572,35.52762],[127.350638,35.52762],[127.350638,35.527625],[127.350655,35.527625],[127.350655,35.527629],[127.350671,35.527633],[127.350672,35.527642],[127.350677,35.527642],[127.350672,35.527656],[127.350666,35.527656],[127.350639,35.527683],[127.350628,35.527683],[127.350622,35.527692],[127.350611,35.527692],[127.350611,35.527697],[127.350595,35.527701],[127.350589,35.52771],[127.350573,35.52771],[127.350573,35.527715],[127.350562,35.527715],[127.350562,35.527719],[127.35054,35.527719],[127.35054,35.527724],[127.350507,35.527733],[127.350501,35.527742],[127.35049,35.527742],[127.35049,35.527747],[127.350452,35.527774],[127.350452,35.527783],[127.350402,35.527819],[127.350402,35.527828],[127.350375,35.527846],[127.350375,35.527855],[127.350331,35.527887],[127.350331,35.527896],[127.350325,35.527896],[127.350309,35.527914],[127.350298,35.527914],[127.350292,35.527923],[127.350281,35.527923],[127.350276,35.527932],[127.350265,35.527932],[127.350259,35.527941],[127.350248,35.527941],[127.350248,35.527946],[127.350243,35.527946],[127.350237,35.527955],[127.350226,35.527955],[127.350221,35.527964],[127.350155,35.527977],[127.350116,35.528014],[127.350083,35.528023],[127.350083,35.528027],[127.350067,35.528032],[127.350061,35.528041],[127.35005,35.528041],[127.35005,35.528045],[127.350023,35.528045]]]}},{"type":"Feature","properties":{"pair":"2506-2508","cls":"veg_gain","area_m2":453.2,"score":0.703},"geometry":{"type":"Polygon","coordinates":[[[127.35151,35.527784],[127.35151,35.52778],[127.351488,35.52778],[127.351488,35.527775],[127.351471,35.527775],[127.351471,35.527771],[127.35146,35.527771],[127.35146,35.527766],[127.351427,35.527757],[127.351422,35.527748],[127.3514,35.527744],[127.351394,35.527735],[127.351383,35.527735],[127.351383,35.527731],[127.351372,35.527731],[127.351372,35.527726],[127.351361,35.527726],[127.351361,35.527722],[127.351311,35.527717],[127.351311,35.527713],[127.351295,35.527713],[127.351295,35.527708],[127.351267,35.527704],[127.351262,35.527695],[127.351251,35.527695],[127.351245,35.527686],[127.351234,35.527686],[127.351234,35.527681],[127.351223,35.527677],[127.351223,35.527668],[127.351217,35.527668],[127.351217,35.527645],[127.351223,35.527645],[127.351223,35.527636],[127.351228,35.527636],[127.351234,35.527627],[127.351245,35.527627],[127.351245,35.527623],[127.351261,35.527623],[127.351261,35.527618],[127.351327,35.527623],[127.351327,35.527627],[127.351339,35.527627],[127.351339,35.527632],[127.35135,35.527631],[127.35135,35.527636],[127.351361,35.527636],[127.351361,35.52764],[127.351372,35.52764],[127.351372,35.527645],[127.351383,35.527645],[127.351383,35.527649],[127.35141,35.527649],[127.35141,35.527645],[127.351427,35.527645],[127.351427,35.52764],[127.351438,35.52764],[127.351438,35.527636],[127.351454,35.527636],[127.351454,35.527631],[127.351487,35.527627],[127.351487,35.527622],[127.351614,35.527622],[127.351614,35.527626],[127.351642,35.527631],[127.351647,35.527644],[127.351653,35.527644],[127.351653,35.527653],[127.351647,35.527653],[127.351642,35.527671],[127.351631,35.527676],[127.351631,35.527685],[127.35162,35.527689],[127.35162,35.527698],[127.351614,35.527698],[127.351609,35.527716],[127.351598,35.527721],[127.351593,35.527739],[127.351576,35.527748],[127.351576,35.527757],[127.351571,35.527757],[127.351554,35.527775],[127.351527,35.52778],[127.351527,35.527784],[127.35151,35.527784]]]}},{"type":"Feature","properties":{"pair":"2508-2510","cls":"veg_loss","area_m2":197.5,"score":0.696},"geometry":{"type":"Polygon","coordinates":[[[127.356226,35.53467],[127.356226,35.534665],[127.356144,35.534666],[127.356144,35.534661],[127.356133,35.534661],[127.356127,35.534648],[127.356122,35.534648],[127.356127,35.534634],[127.356132,35.534634],[127.356132,35.534625],[127.356138,35.534625],[127.356138,35.534621],[127.356154,35.534611],[127.356154,35.534602],[127.356165,35.534598],[127.356176,35.534557],[127.356193,35.534553],[127.356193,35.534548],[127.356209,35.534553],[127.356209,35.534557],[127.35622,35.534562],[127.356226,35.53458],[127.356231,35.53458],[127.356243,35.534593],[127.356265,35.534598],[127.356265,35.534602],[127.356364,35.534597],[127.356364,35.534602],[127.356375,35.534602],[127.356375,35.534606],[127.356392,35.534615],[127.356392,35.534624],[127.356397,35.534624],[127.356397,35.534647],[127.356392,35.534647],[127.356392,35.534656],[127.356381,35.534656],[127.356381,35.53466],[127.35637,35.53466],[127.35637,35.534665],[127.356226,35.53467]]]}},{"type":"Feature","properties":{"pair":"2508-2510","cls":"veg_gain","area_m2":175.4,"score":0.696},"geometry":{"type":"Polygon","coordinates":[[[127.351446,35.534652],[127.351446,35.534648],[127.351424,35.534643],[127.351424,35.534634],[127.351419,35.534634],[127.351424,35.534616],[127.35143,35.534616],[127.351446,35.534598],[127.351457,35.534598],[127.351468,35.534585],[127.351479,35.534585],[127.351518,35.534548],[127.351529,35.534548],[127.351529,35.534544],[127.35154,35.534544],[127.35154,35.534539],[127.351551,35.534539],[127.351551,35.534535],[127.351562,35.534535],[127.351562,35.53453],[127.351573,35.53453],[127.351573,35.534526],[127.351584,35.534526],[127.351584,35.534521],[127.351595,35.534521],[127.351595,35.534517],[127.351606,35.534517],[127.351606,35.534521],[127.351617,35.534521],[127.351617,35.534526],[127.351628,35.53453],[127.351633,35.534553],[127.351639,35.534553],[127.351633,35.534584],[127.351628,35.534584],[127.351628,35.534593],[127.351617,35.534598],[127.351617,35.534607],[127.351612,35.534607],[127.351584,35.534634],[127.351573,35.534634],[127.351568,35.534643],[127.351551,35.534643],[127.351551,35.534648],[127.351446,35.534652]]]}},{"type":"Feature","properties":{"pair":"2508-2510","cls":"veg_gain","area_m2":146.5,"score":0.665},"geometry":{"type":"Polygon","coordinates":[[[127.35122,35.534504],[127.35122,35.5345],[127.351209,35.5345],[127.351209,35.534495],[127.351198,35.534491],[127.351197,35.534482],[127.351192,35.534482],[127.351197,35.534468],[127.351203,35.534468],[127.351208,35.534455],[127.351214,35.534455],[127.351214,35.534401],[127.351219,35.534401],[127.35123,35.534387],[127.351247,35.534387],[127.351247,35.534383],[127.351269,35.534382],[127.351269,35.534378],[127.351296,35.534373],[127.351296,35.534369],[127.351302,35.534369],[127.351324,35.534346],[127.351335,35.534346],[127.351335,35.534342],[127.351368,35.534342],[127.351368,35.534346],[127.351379,35.534346],[127.351384,35.53436],[127.35139,35.53436],[127.351384,35.534378],[127.351379,35.534378],[127.351363,35.534396],[127.351351,35.534396],[127.351346,35.534405],[127.351335,35.534405],[127.351335,35.534409],[127.351297,35.534436],[127.35128,35.534486],[127.351275,35.534486],[127.351269,35.534495],[127.351247,35.5345],[127.351247,35.534504],[127.35122,35.534504]]]}},{"type":"Feature","properties":{"pair":"2508-2510","cls":"veg_gain","area_m2":153.9,"score":0.661},"geometry":{"type":"Polygon","coordinates":[[[127.351793,35.534507],[127.351793,35.534503],[127.351782,35.534498],[127.351776,35.53448],[127.351782,35.53448],[127.351787,35.534453],[127.351798,35.534449],[127.351798,35.53444],[127.351804,35.534439],[127.351804,35.534435],[127.35182,35.534426],[127.35182,35.534417],[127.351826,35.534417],[127.351826,35.53439],[127.351809,35.534385],[127.351809,35.534381],[127.351798,35.534381],[127.351798,35.534376],[127.351787,35.534376],[127.351787,35.534358],[127.351792,35.534358],[127.351803,35.534345],[127.351814,35.534345],[127.351814,35.53434],[127.351847,35.53434],[127.351847,35.534345],[127.351858,35.534345],[127.351864,35.534367],[127.35187,35.534367],[127.351875,35.534381],[127.351886,35.534381],[127.351886,35.534385],[127.351897,35.534385],[127.351897,35.53439],[127.351908,35.53439],[127.351908,35.534394],[127.351925,35.534399],[127.35193,35.534426],[127.351925,35.534426],[127.35192,35.534444],[127.351909,35.534448],[127.351909,35.534457],[127.351898,35.534462],[127.351898,35.534471],[127.351892,35.534471],[127.351881,35.534484],[127.35187,35.534484],[127.351865,35.534493],[127.351854,35.534493],[127.351854,35.534498],[127.351843,35.534498],[127.351843,35.534502],[127.351832,35.534502],[127.351832,35.534507],[127.351793,35.534507]]]}},{"type":"Feature","properties":{"pair":"2508-2510","cls":"veg_loss","area_m2":418.6,"score":0.678},"geometry":{"type":"Polygon","coordinates":[[[127.356044,35.53454],[127.356044,35.534535],[127.356027,35.534526],[127.356027,35.534517],[127.356022,35.534517],[127.356016,35.534486],[127.356011,35.534486],[127.356005,35.534463],[127.355999,35.534463],[127.355999,35.534414],[127.356005,35.534414],[127.356005,35.5344],[127.35601,35.5344],[127.356016,35.534369],[127.356021,35.534369],[127.356021,35.53436],[127.356027,35.534359],[127.356059,35.534328],[127.35607,35.534328],[127.356076,35.534319],[127.356087,35.534319],[127.356087,35.534314],[127.356098,35.534314],[127.356098,35.53431],[127.356109,35.53431],[127.356109,35.534305],[127.35612,35.534305],[127.35612,35.534301],[127.356159,35.534296],[127.356159,35.534301],[127.35617,35.5343],[127.356186,35.534318],[127.356197,35.534318],[127.356203,35.534327],[127.356236,35.534336],[127.356236,35.534341],[127.356264,35.534359],[127.356264,35.534368],[127.356269,35.534368],[127.356269,35.534417],[127.356264,35.534417],[127.356264,35.534426],[127.356258,35.534426],[127.356242,35.534444],[127.356231,35.534445],[127.356231,35.534449],[127.356214,35.534449],[127.356214,35.534454],[127.356181,35.534449],[127.356181,35.534454],[127.356159,35.534458],[127.356159,35.534463],[127.356148,35.534467],[127.356137,35.534494],[127.356132,35.534494],[127.356115,35.534512],[127.356088,35.534517],[127.356066,35.53454],[127.356044,35.53454]]]}},{"type":"Feature","properties":{"pair":"2508-2510","cls":"built_new","area_m2":227.8,"score":0.7},"geometry":{"type":"Polygon","coordinates":[[[127.353452,35.534358],[127.353452,35.534354],[127.353424,35.534349],[127.353424,35.534345],[127.353419,35.534345],[127.353413,35.534336],[127.353402,35.534336],[127.353397,35.534327],[127.353363,35.534318],[127.353358,35.534304],[127.353352,35.534304],[127.353352,35.534286],[127.353358,35.534286],[127.353358,35.534277],[127.353363,35.534277],[127.353363,35.534268],[127.353369,35.534268],[127.353369,35.534259],[127.353374,35.534259],[127.353374,35.53425],[127.35338,35.53425],[127.35338,35.534241],[127.353385,35.534241],[127.353385,35.534232],[127.353391,35.534232],[127.353402,35.534205],[127.353413,35.5342],[127.353413,35.534191],[127.353424,35.534187],[127.353423,35.534178],[127.353434,35.534173],[127.353434,35.534164],[127.353445,35.53416],[127.353445,35.534151],[127.353451,35.534151],[127.353473,35.534128],[127.353495,35.534124],[127.353495,35.534128],[127.353512,35.534133],[127.353517,35.53416],[127.353512,35.53416],[127.353512,35.534169],[127.35349,35.534182],[127.35349,35.534191],[127.353484,35.534191],[127.353484,35.5342],[127.353479,35.5342],[127.353479,35.534209],[127.353473,35.534209],[127.353473,35.53425],[127.353479,35.53425],[127.353485,35.534272],[127.35349,35.534272],[127.353507,35.53429],[127.353518,35.53429],[127.353518,35.534295],[127.353534,35.534299],[127.35354,35.534317],[127.353534,35.534317],[127.353534,35.534326],[127.353529,35.534326],[127.353523,35.534335],[127.353512,35.534335],[127.353507,35.534344],[127.353496,35.534344],[127.353496,35.534349],[127.353485,35.534349],[127.353485,35.534353],[127.353468,35.534354],[127.353468,35.534358],[127.353452,35.534358]]]}},{"type":"Feature","properties":{"pair":"2508-2510","cls":"built_new","area_m2":75.4,"score":0.779},"geometry":{"type":"Polygon","coordinates":[[[127.353853,35.534086],[127.353853,35.534082],[127.353826,35.534082],[127.353826,35.534078],[127.353814,35.534078],[127.353814,35.534073],[127.353803,35.534069],[127.353803,35.53406],[127.353798,35.53406],[127.353798,35.534037],[127.353803,35.534037],[127.353803,35.534028],[127.353809,35.534028],[127.35382,35.534014],[127.353847,35.53401],[127.353847,35.534005],[127.353864,35.534005],[127.353864,35.53401],[127.35388,35.53401],[127.353886,35.534019],[127.353897,35.534019],[127.353897,35.534023],[127.353914,35.534032],[127.353914,35.534041],[127.353919,35.534041],[127.353919,35.534068],[127.353914,35.534068],[127.353903,35.534082],[127.353853,35.534086]]]}},{"type":"Feature","properties":{"pair":"2508-2510","cls":"veg_gain","area_m2":238.1,"score":0.647},"geometry":{"type":"Polygon","coordinates":[[[127.352629,35.53409],[127.352629,35.534086],[127.352618,35.534086],[127.352568,35.534041],[127.352546,35.534036],[127.352546,35.534032],[127.352524,35.534018],[127.352524,35.534009],[127.352519,35.534009],[127.352513,35.533996],[127.352502,35.533996],[127.352502,35.533991],[127.352491,35.533991],[127.352491,35.533987],[127.35248,35.533987],[127.35248,35.533982],[127.352447,35.533973],[127.352447,35.533969],[127.352419,35.533951],[127.352419,35.533942],[127.352414,35.533942],[127.352414,35.533933],[127.352408,35.533933],[127.352408,35.533924],[127.352402,35.533924],[127.352402,35.53391],[127.352397,35.53391],[127.352397,35.533892],[127.352391,35.533892],[127.352391,35.533861],[127.352397,35.533861],[127.352397,35.533852],[127.352402,35.533852],[127.352408,35.533843],[127.352419,35.533843],[127.352419,35.533838],[127.352435,35.533843],[127.352463,35.533874],[127.352474,35.533874],[127.352474,35.533879],[127.352507,35.533888],[127.352507,35.533892],[127.352557,35.533928],[127.352557,35.533937],[127.352562,35.533937],[127.352562,35.533946],[127.352568,35.533946],[127.352568,35.53396],[127.352574,35.53396],[127.352574,35.533969],[127.352585,35.533973],[127.352601,35.534014],[127.352607,35.534014],[127.352618,35.534027],[127.352629,35.534027],[127.352634,35.534036],[127.352646,35.534036],[127.352651,35.534049],[127.352657,35.534049],[127.352657,35.534058],[127.352662,35.534058],[127.352657,35.534081],[127.35264,35.534086],[127.35264,35.53409],[127.352629,35.53409]]]}},{"type":"Feature","properties":{"pair":"2508-2510","cls":"veg_loss","area_m2":1612.4,"score":0.723},"geometry":{"type":"Polygon","coordinates":[[[127.356585,35.534673],[127.356585,35.534669],[127.356552,35.534669],[127.356552,35.534664],[127.356535,35.534664],[127.356535,35.53466],[127.356513,35.534655],[127.356513,35.534651],[127.356496,35.534642],[127.356491,35.534624],[127.356485,35.534624],[127.356485,35.534597],[127.356491,35.534597],[127.356491,35.534588],[127.356496,35.534588],[127.356524,35.534561],[127.356606,35.534538],[127.356606,35.534534],[127.356612,35.534534],[127.356612,35.534506],[127.356606,35.534506],[127.356606,35.534497],[127.356601,35.534498],[127.3566,35.534488],[127.356595,35.534489],[127.356595,35.534479],[127.356589,35.53448],[127.356584,35.534471],[127.356562,35.534471],[127.356562,35.534475],[127.356551,35.53448],[127.356545,35.534498],[127.35654,35.534498],[127.356523,35.534516],[127.356512,35.534516],[127.356512,35.53452],[127.356485,35.534516],[127.356485,35.534511],[127.356463,35.534498],[127.356463,35.534489],[127.356457,35.534489],[127.356457,35.53448],[127.356452,35.53448],[127.356451,35.53443],[127.356446,35.53443],[127.356446,35.534421],[127.35644,35.534421],[127.356429,35.534408],[127.356418,35.534408],[127.356418,35.534403],[127.356396,35.53439],[127.356396,35.534381],[127.35639,35.534381],[127.35639,35.534372],[127.356385,35.534372],[127.356379,35.534331],[127.356385,35.534331],[127.356385,35.534318],[127.35639,35.534318],[127.356396,35.5343],[127.356401,35.5343],[127.356423,35.534277],[127.356434,35.534277],[127.356445,35.534264],[127.356456,35.534264],[127.356456,35.534259],[127.356467,35.534255],[127.356467,35.534246],[127.356473,35.534246],[127.356478,35.534205],[127.356483,35.534205],[127.356483,35.534191],[127.356489,35.534191],[127.356489,35.534182],[127.356494,35.534182],[127.356494,35.534173],[127.3565,35.534173],[127.3565,35.534146],[127.356494,35.534146],[127.356494,35.534137],[127.356489,35.534137],[127.356489,35.534128],[127.356483,35.534128],[127.356483,35.534083],[127.356488,35.534083],[127.356488,35.534074],[127.356494,35.534074],[127.356505,35.534047],[127.356532,35.534029],[127.356532,35.53402],[127.356549,35.534011],[127.356554,35.533988],[127.35656,35.533988],[127.356554,35.53393],[127.356559,35.53393],[127.356565,35.533894],[127.35657,35.533894],[127.35657,35.533849],[127.356576,35.533849],[127.356581,35.533808],[127.356586,35.533808],[127.356586,35.533799],[127.356592,35.533799],[127.356597,35.53379],[127.356625,35.533785],[127.356625,35.53379],[127.356636,35.53379],[127.356636,35.533794],[127.356647,35.533799],[127.356647,35.533808],[127.356653,35.533808],[127.356653,35.533817],[127.356658,35.533817],[127.356658,35.53383],[127.356664,35.53383],[127.356669,35.533853],[127.356675,35.533853],[127.356675,35.533866],[127.35668,35.533866],[127.356681,35.533893],[127.356686,35.533893],[127.356686,35.533916],[127.356681,35.533916],[127.356681,35.533938],[127.356675,35.533938],[127.356675,35.533993],[127.356681,35.533993],[127.356681,35.534024],[127.356687,35.534024],[127.356687,35.534105],[127.356692,35.534105],[127.356693,35.534164],[127.356687,35.534164],[127.356688,35.534303],[127.356682,35.534303],[127.356677,35.534371],[127.356672,35.534371],[127.356672,35.53438],[127.356666,35.53438],[127.356666,35.534389],[127.356661,35.534389],[127.356661,35.534434],[127.356666,35.534434],[127.356666,35.534448],[127.356672,35.534448],[127.356672,35.534461],[127.356678,35.534461],[127.356678,35.534515],[127.356683,35.534515],[127.356683,35.534524],[127.356689,35.534524],[127.356689,35.534533],[127.356694,35.534533],[127.356694,35.534547],[127.3567,35.534547],[127.3567,35.534605],[127.356695,35.534605],[127.356695,35.534646],[127.356689,35.534646],[127.356689,35.534655],[127.356684,35.534655],[127.356673,35.534669],[127.356662,35.534669],[127.356662,35.534673],[127.356585,35.534673]]]}},{"type":"Feature","properties":{"pair":"2508-2510","cls":"veg_gain","area_m2":96.0,"score":0.64},"geometry":{"type":"Polygon","coordinates":[[[127.356063,35.533832],[127.356063,35.533828],[127.356052,35.533828],[127.356046,35.533814],[127.356041,35.533814],[127.356041,35.533783],[127.356046,35.533783],[127.356046,35.533769],[127.356051,35.533769],[127.356051,35.53376],[127.356057,35.53376],[127.356057,35.533742],[127.356062,35.533742],[127.356068,35.533715],[127.356101,35.53371],[127.356101,35.533706],[127.356117,35.533706],[127.356117,35.533701],[127.35615,35.533701],[127.35615,35.533706],[127.356161,35.533706],[127.356167,35.533719],[127.356173,35.533719],[127.356173,35.533751],[127.356167,35.533751],[127.356167,35.53376],[127.356162,35.53376],[127.356156,35.533769],[127.356145,35.533769],[127.356145,35.533773],[127.356101,35.533773],[127.356101,35.533778],[127.356085,35.533787],[127.356085,35.533819],[127.356079,35.533819],[127.356079,35.533828],[127.356063,35.533832]]]}},{"type":"Feature","properties":{"pair":"2508-2510","cls":"veg_gain","area_m2":49.9,"score":0.651},"geometry":{"type":"Polygon","coordinates":[[[127.352374,35.533784],[127.352374,35.53378],[127.352358,35.53378],[127.352358,35.533775],[127.352341,35.533766],[127.352336,35.533748],[127.35233,35.533748],[127.35233,35.533717],[127.352335,35.533717],[127.352335,35.533708],[127.352352,35.533703],[127.352352,35.533699],[127.352379,35.533703],[127.352379,35.533708],[127.352402,35.533721],[127.352402,35.533735],[127.352407,35.533735],[127.352407,35.533766],[127.352402,35.533766],[127.352402,35.533775],[127.352385,35.53378],[127.352385,35.533784],[127.352374,35.533784]]]}},{"type":"Feature","properties":{"pair":"2508-2510","cls":"veg_gain","area_m2":32.6,"score":0.645},"geometry":{"type":"Polygon","coordinates":[[[127.35582,35.533743],[127.35582,35.533738],[127.355809,35.533738],[127.355809,35.533734],[127.355792,35.533725],[127.355792,35.533716],[127.355787,35.533716],[127.355787,35.533702],[127.355781,35.533702],[127.355781,35.533689],[127.355775,35.533689],[127.355781,35.533662],[127.355803,35.533662],[127.355803,35.533666],[127.35582,35.533675],[127.355825,35.533693],[127.355831,35.533693],[127.355831,35.533707],[127.355836,35.533707],[127.355842,35.533729],[127.355836,35.533729],[127.355836,35.533738],[127.35582,35.533743]]]}},{"type":"Feature","properties":{"pair":"2508-2510","cls":"veg_gain","area_m2":382.9,"score":0.723},"geometry":{"type":"Polygon","coordinates":[[[127.355775,35.533545],[127.355775,35.53354],[127.355753,35.533527],[127.355753,35.533518],[127.355742,35.533513],[127.355736,35.533477],[127.35573,35.533477],[127.35573,35.533423],[127.355736,35.533423],[127.355736,35.533405],[127.355741,35.533405],[127.355735,35.533301],[127.355741,35.533301],[127.355746,35.533265],[127.355752,35.533265],[127.355751,35.533252],[127.355757,35.533252],[127.355768,35.533225],[127.355773,35.533225],[127.355779,35.533216],[127.35579,35.533216],[127.35579,35.533211],[127.355828,35.533211],[127.355829,35.533215],[127.35584,35.533215],[127.35584,35.53322],[127.355873,35.533242],[127.355873,35.533251],[127.355878,35.533251],[127.355878,35.53326],[127.355884,35.53326],[127.355884,35.533269],[127.355889,35.533269],[127.355889,35.533292],[127.355884,35.533292],[127.355884,35.533301],[127.355868,35.53331],[127.355868,35.533332],[127.355906,35.533355],[127.355912,35.533395],[127.355906,35.533395],[127.355907,35.533404],[127.355884,35.533405],[127.355879,35.533391],[127.355873,35.533391],[127.355873,35.533382],[127.355862,35.533382],[127.355862,35.533378],[127.355846,35.533378],[127.355846,35.533382],[127.355835,35.533387],[127.355835,35.533396],[127.355829,35.533396],[127.355829,35.533423],[127.355835,35.533423],[127.355835,35.533441],[127.355841,35.533441],[127.355841,35.533481],[127.355835,35.533481],[127.355835,35.533495],[127.35583,35.533495],[127.35583,35.533508],[127.355824,35.533508],[127.355813,35.533535],[127.355808,35.533535],[127.355802,35.533544],[127.355775,35.533545]]]}},{"type":"Feature","properties":{"pair":"2508-2510","cls":"veg_gain","area_m2":41.4,"score":0.648},"geometry":{"type":"Polygon","coordinates":[[[127.351787,35.533205],[127.351787,35.5332],[127.351771,35.5332],[127.351771,35.533196],[127.351743,35.533178],[127.351743,35.533169],[127.351738,35.533169],[127.351737,35.533151],[127.351743,35.533151],[127.351743,35.533142],[127.351754,35.533142],[127.351754,35.533137],[127.351771,35.533137],[127.351771,35.533142],[127.351798,35.533146],[127.351798,35.533151],[127.35182,35.533164],[127.35182,35.533173],[127.351826,35.533173],[127.35182,35.5332],[127.351787,35.533205]]]}},{"type":"Feature","properties":{"pair":"2508-2510","cls":"veg_loss","area_m2":36.1,"score":0.675},"geometry":{"type":"Polygon","coordinates":[[[127.35665,35.533132],[127.35665,35.533127],[127.356639,35.533127],[127.356639,35.533123],[127.356627,35.533118],[127.356627,35.533109],[127.356622,35.533109],[127.356622,35.5331],[127.356616,35.5331],[127.356616,35.533082],[127.356622,35.533082],[127.356622,35.533073],[127.356627,35.533073],[127.356633,35.533064],[127.35666,35.53306],[127.35666,35.533064],[127.356671,35.533064],[127.356677,35.533078],[127.356682,35.533078],[127.356683,35.533114],[127.356677,35.533114],[127.356672,35.533127],[127.35665,35.533132]]]}},{"type":"Feature","properties":{"pair":"2508-2510","cls":"built_new","area_m2":84.4,"score":0.701},"geometry":{"type":"Polygon","coordinates":[[[127.352541,35.532892],[127.352541,35.532887],[127.35253,35.532887],[127.35253,35.532883],[127.352508,35.532869],[127.352508,35.53286],[127.352503,35.53286],[127.352502,35.532851],[127.352497,35.532851],[127.352497,35.532842],[127.352491,35.532842],[127.352491,35.532806],[127.352497,35.532806],[127.352497,35.532797],[127.352502,35.532797],[127.352508,35.532788],[127.352519,35.532788],[127.352519,35.532784],[127.352546,35.532788],[127.352552,35.532797],[127.352563,35.532797],[127.352574,35.53281],[127.352585,35.53281],[127.352585,35.532815],[127.352607,35.532828],[127.352607,35.532851],[127.352602,35.532851],[127.352563,35.532887],[127.352541,35.532892]]]}},{"type":"Feature","properties":{"pair":"2508-2510","cls":"veg_loss","area_m2":413.1,"score":0.848},"geometry":{"type":"Polygon","coordinates":[[[127.356621,35.533001],[127.356621,35.532997],[127.356588,35.532988],[127.356588,35.532983],[127.356572,35.532974],[127.356566,35.532956],[127.356561,35.532956],[127.356555,35.532925],[127.356549,35.532925],[127.356549,35.532907],[127.356544,35.532907],[127.356544,35.532889],[127.356538,35.532889],[127.356538,35.532866],[127.356533,35.532866],[127.356521,35.532772],[127.356527,35.532772],[127.356532,35.532745],[127.356538,35.532745],[127.356543,35.532736],[127.356554,35.532736],[127.356554,35.532731],[127.356604,35.532726],[127.356604,35.532722],[127.356659,35.532722],[127.356659,35.532726],[127.35667,35.532726],[127.35667,35.532731],[127.356686,35.53274],[127.356686,35.532749],[127.356692,35.532749],[127.356692,35.532785],[127.356698,35.532785],[127.356698,35.532965],[127.356693,35.532965],[127.356693,35.532979],[127.356688,35.532979],[127.356688,35.532988],[127.356682,35.532988],[127.356677,35.532997],[127.356666,35.532997],[127.356666,35.533001],[127.356621,35.533001]]]}},{"type":"Feature","properties":{"pair":"2508-2510","cls":"built_new","area_m2":921.6,"score":0.815},"geometry":{"type":"Polygon","coordinates":[[[127.349454,35.532986],[127.349454,35.532982],[127.349438,35.532982],[127.349438,35.532977],[127.349416,35.532973],[127.34941,35.532964],[127.349399,35.532964],[127.349394,35.532955],[127.349383,35.532955],[127.349377,35.532946],[127.349366,35.532946],[127.349366,35.532941],[127.349349,35.532937],[127.349344,35.532928],[127.349322,35.532924],[127.349316,35.532915],[127.349294,35.53291],[127.349289,35.532901],[127.349278,35.532901],[127.349278,35.532897],[127.349255,35.532892],[127.34925,35.532883],[127.349217,35.532874],[127.349211,35.532865],[127.349189,35.532861],[127.349184,35.532852],[127.349173,35.532852],[127.349173,35.532847],[127.349156,35.532843],[127.34915,35.532834],[127.349139,35.532834],[127.349139,35.532829],[127.349106,35.53282],[127.349106,35.532816],[127.349073,35.532794],[127.349073,35.532785],[127.349068,35.532785],[127.349073,35.532744],[127.349078,35.532744],[127.349106,35.532717],[127.349117,35.532717],[127.349117,35.532712],[127.349128,35.532712],[127.349133,35.532703],[127.349144,35.532703],[127.349172,35.532676],[127.349183,35.532676],[127.349199,35.532658],[127.34921,35.532658],[127.34921,35.532653],[127.349221,35.532653],[127.349221,35.532649],[127.34926,35.532649],[127.34926,35.532653],[127.349282,35.532658],[127.349288,35.532667],[127.349299,35.532667],[127.349371,35.53273],[127.349382,35.53273],[127.349398,35.532748],[127.349409,35.532747],[127.349426,35.532765],[127.349437,35.532765],[127.349437,35.53277],[127.349442,35.53277],[127.349459,35.532788],[127.34947,35.532788],[127.349487,35.532806],[127.349498,35.532806],[127.349498,35.53281],[127.349514,35.532815],[127.34952,35.532824],[127.349531,35.532824],[127.349531,35.532828],[127.349564,35.532837],[127.34957,35.532846],[127.349581,35.532846],[127.349581,35.532851],[127.349592,35.532855],[127.349592,35.532864],[127.349597,35.532864],[127.349597,35.532887],[127.349592,35.532887],[127.349592,35.532896],[127.349586,35.532896],[127.349575,35.532909],[127.349564,35.532909],[127.349564,35.532914],[127.349537,35.532932],[127.349531,35.532954],[127.34952,35.532959],[127.34952,35.532968],[127.349515,35.532968],[127.349504,35.532982],[127.349493,35.532982],[127.349493,35.532986],[127.349454,35.532986]]]}},{"type":"Feature","properties":{"pair":"2508-2510","cls":"veg_loss","area_m2":35.1,"score":0.645},"geometry":{"type":"Polygon","coordinates":[[[127.356598,35.532659],[127.356598,35.532654],[127.35657,35.53265],[127.35657,35.532632],[127.356576,35.532632],[127.356576,35.532627],[127.356609,35.532623],[127.356609,35.532618],[127.356664,35.532618],[127.356664,35.532623],[127.356669,35.532623],[127.356675,35.532641],[127.356669,35.532641],[127.356664,35.532654],[127.356653,35.532654],[127.356653,35.532659],[127.356598,35.532659]]]}},{"type":"Feature","properties":{"pair":"2508-2510","cls":"veg_gain","area_m2":60.8,"score":0.661},"geometry":{"type":"Polygon","coordinates":[[[127.35178,35.532718],[127.35178,35.532714],[127.351769,35.532714],[127.351769,35.532709],[127.351758,35.532705],[127.351758,35.532696],[127.351752,35.532696],[127.351752,35.532687],[127.351746,35.532687],[127.351746,35.532673],[127.351741,35.532673],[127.351741,35.532642],[127.351746,35.532642],[127.351746,35.532633],[127.351752,35.532633],[127.351757,35.532619],[127.35179,35.532619],[127.35179,35.532623],[127.351801,35.532623],[127.351801,35.532632],[127.351807,35.532632],[127.351807,35.532641],[127.351812,35.532641],[127.351818,35.532704],[127.351813,35.532704],[127.351813,35.532713],[127.351802,35.532714],[127.351802,35.532718],[127.35178,35.532718]]]}},{"type":"Feature","properties":{"pair":"2508-2510","cls":"veg_loss","area_m2":1237.4,"score":0.753},"geometry":{"type":"Polygon","coordinates":[[[127.350628,35.532888],[127.350628,35.532884],[127.350601,35.532879],[127.350601,35.532875],[127.350578,35.532861],[127.350578,35.532852],[127.350573,35.532852],[127.350573,35.532839],[127.350567,35.532839],[127.350567,35.532789],[127.350562,35.532789],[127.350562,35.532771],[127.350556,35.532771],[127.35055,35.532749],[127.350545,35.532749],[127.350545,35.532735],[127.350539,35.532735],[127.350539,35.532695],[127.350545,35.532695],[127.350545,35.532686],[127.35055,35.532686],[127.350556,35.532677],[127.350567,35.532677],[127.350567,35.532672],[127.350605,35.532645],[127.350605,35.532618],[127.350599,35.532618],[127.350599,35.532609],[127.350594,35.532609],[127.350561,35.532577],[127.35055,35.532577],[127.35055,35.532573],[127.350522,35.532573],[127.350522,35.532578],[127.350511,35.532582],[127.350517,35.532627],[127.350511,35.532627],[127.350511,35.532636],[127.350489,35.532636],[127.350456,35.532605],[127.350445,35.532605],[127.350439,35.532596],[127.350428,35.532596],[127.350428,35.532591],[127.350406,35.532578],[127.350406,35.532569],[127.350395,35.532564],[127.350395,35.532555],[127.35039,35.532555],[127.35039,35.532546],[127.350379,35.532542],[127.350379,35.532533],[127.350362,35.532528],[127.350362,35.532524],[127.350345,35.532515],[127.350345,35.532506],[127.35034,35.532506],[127.35034,35.532479],[127.350345,35.532479],[127.350345,35.532465],[127.350351,35.532465],[127.350351,35.532456],[127.350356,35.532456],[127.350356,35.532447],[127.350362,35.532447],[127.350367,35.53242],[127.350373,35.53242],[127.350378,35.532402],[127.350384,35.532402],[127.350394,35.532389],[127.350406,35.532389],[127.350405,35.532384],[127.35045,35.532384],[127.35045,35.532388],[127.350472,35.532393],[127.350472,35.532397],[127.350477,35.532397],[127.350499,35.53242],[127.35051,35.53242],[127.350516,35.532429],[127.350544,35.532433],[127.350544,35.532438],[127.35056,35.532438],[127.35056,35.532442],[127.350577,35.532442],[127.350577,35.532447],[127.350593,35.532447],[127.350593,35.532451],[127.350626,35.532474],[127.350626,35.532483],[127.350632,35.532483],[127.350643,35.53251],[127.350649,35.53251],[127.350654,35.532523],[127.35066,35.532523],[127.350654,35.532582],[127.35066,35.532582],[127.350666,35.532591],[127.350715,35.532586],[127.350715,35.532581],[127.350726,35.532581],[127.350726,35.532577],[127.350737,35.532577],[127.350737,35.532572],[127.350776,35.532572],[127.350776,35.532577],[127.350787,35.532577],[127.350792,35.532586],[127.350803,35.532586],[127.350814,35.532599],[127.350825,35.532599],[127.350825,35.532604],[127.350848,35.532617],[127.350853,35.532649],[127.350848,35.532649],[127.350848,35.532667],[127.350842,35.532667],[127.350842,35.532703],[127.350837,35.532703],[127.350837,35.532716],[127.350831,35.532716],[127.350831,35.532725],[127.350826,35.532725],[127.350826,35.532734],[127.35082,35.532734],[127.350821,35.532743],[127.350815,35.532743],[127.350815,35.532757],[127.35081,35.532757],[127.35081,35.532802],[127.350804,35.532802],[127.350804,35.532816],[127.350799,35.532816],[127.350799,35.532825],[127.350788,35.532829],[127.350782,35.532847],[127.350771,35.532852],[127.350771,35.532861],[127.350766,35.532861],[127.350755,35.532874],[127.350744,35.532874],[127.350744,35.532879],[127.350733,35.532879],[127.350733,35.532883],[127.350716,35.532883],[127.350716,35.532888],[127.350628,35.532888]]]}},{"type":"Feature","properties":{"pair":"2508-2510","cls":"built_new","area_m2":76.0,"score":0.778},"geometry":{"type":"Polygon","coordinates":[[[127.354749,35.532308],[127.354749,35.532304],[127.354738,35.532304],[127.354738,35.532299],[127.354727,35.532295],[127.354727,35.532286],[127.354722,35.532286],[127.354722,35.532263],[127.354727,35.532263],[127.354727,35.53225],[127.354733,35.53225],[127.354733,35.532241],[127.354738,35.532241],[127.354738,35.532232],[127.354744,35.532232],[127.354749,35.532223],[127.354782,35.532218],[127.354782,35.532223],[127.354793,35.532223],[127.354793,35.532227],[127.354826,35.532249],[127.354826,35.532259],[127.354832,35.532258],[127.354832,35.532281],[127.354827,35.532281],[127.354827,35.53229],[127.354821,35.53229],[127.35481,35.532304],[127.354799,35.532304],[127.354799,35.532308],[127.354749,35.532308]]]}},{"type":"Feature","properties":{"pair":"2508-2510","cls":"built_new","area_m2":55.8,"score":0.73},"geometry":{"type":"Polygon","coordinates":[[[127.355543,35.532243],[127.355543,35.532238],[127.355526,35.532238],[127.355526,35.532234],[127.355493,35.532225],[127.355493,35.53222],[127.355477,35.532212],[127.355471,35.532198],[127.355477,35.532198],[127.355477,35.532189],[127.355482,35.532189],[127.355488,35.53218],[127.355499,35.53218],[127.355499,35.532175],[127.355554,35.532175],[127.355554,35.53218],[127.355565,35.53218],[127.355565,35.532184],[127.355576,35.532189],[127.355576,35.532198],[127.355581,35.532198],[127.355582,35.532229],[127.355576,35.532229],[127.355576,35.532238],[127.355565,35.532238],[127.355565,35.532243],[127.355543,35.532243]]]}},{"type":"Feature","properties":{"pair":"2508-2510","cls":"built_new","area_m2":54.2,"score":0.652},"geometry":{"type":"Polygon","coordinates":[[[127.35266,35.532292],[127.35266,35.532287],[127.352643,35.532283],[127.352643,35.53226],[127.352649,35.53226],[127.352649,35.532251],[127.35266,35.532247],[127.35266,35.532238],[127.352665,35.532238],[127.352665,35.532229],[127.352671,35.532229],[127.352671,35.532215],[127.352676,35.532215],[127.352676,35.532206],[127.352682,35.532206],[127.352693,35.532179],[127.352698,35.532179],[127.352704,35.53217],[127.352726,35.53217],[127.352726,35.532179],[127.352731,35.532179],[127.352731,35.53222],[127.352726,35.53222],[127.352726,35.532229],[127.352715,35.532233],[127.352715,35.532242],[127.352693,35.532256],[127.352682,35.532283],[127.35266,35.532292]]]}},{"type":"Feature","properties":{"pair":"2508-2510","cls":"veg_loss","area_m2":995.9,"score":0.875},"geometry":{"type":"Polygon","coordinates":[[[127.356515,35.532555],[127.356515,35.532551],[127.356493,35.532547],[127.356493,35.532542],[127.356482,35.532538],[127.356482,35.532529],[127.356476,35.532529],[127.35647,35.532492],[127.356465,35.532493],[127.356465,35.532474],[127.356459,35.532475],[127.356459,35.532456],[127.356454,35.532456],[127.356454,35.532438],[127.356448,35.532438],[127.356442,35.532389],[127.356437,35.532389],[127.356437,35.532353],[127.356431,35.532353],[127.356431,35.532326],[127.356426,35.532326],[127.356425,35.532299],[127.35642,35.532299],[127.35642,35.532272],[127.356414,35.532272],[127.356419,35.532186],[127.356425,35.532186],[127.356425,35.532173],[127.35643,35.532173],[127.356441,35.532159],[127.356452,35.532159],[127.356452,35.532155],[127.35648,35.532154],[127.35648,35.53215],[127.356651,35.532154],[127.356651,35.532158],[127.356662,35.532158],[127.356662,35.532163],[127.356673,35.532167],[127.356673,35.532176],[127.356678,35.532176],[127.356684,35.532217],[127.35669,35.532217],[127.35669,35.532258],[127.356695,35.532257],[127.356696,35.532316],[127.35669,35.532316],[127.356691,35.532523],[127.356685,35.532523],[127.356686,35.532532],[127.35668,35.532532],[127.356669,35.532546],[127.356653,35.532546],[127.356653,35.532551],[127.356515,35.532555]]]}},{"type":"Feature","properties":{"pair":"2508-2510","cls":"veg_gain","area_m2":558.4,"score":0.694},"geometry":{"type":"Polygon","coordinates":[[[127.351746,35.532574],[127.351746,35.532569],[127.351724,35.532565],[127.351724,35.532561],[127.351707,35.532552],[127.351707,35.532543],[127.351696,35.532538],[127.351696,35.532529],[127.35168,35.53252],[127.35168,35.532511],[127.351674,35.532511],[127.351641,35.53248],[127.35163,35.53248],[127.35163,35.532475],[127.351619,35.532475],[127.351619,35.532471],[127.351586,35.532466],[127.351558,35.53243],[127.351525,35.532426],[127.351525,35.532421],[127.351503,35.532421],[127.351503,35.532417],[127.351475,35.532417],[127.351475,35.532413],[127.351464,35.532413],[127.351464,35.532408],[127.351448,35.532399],[127.351442,35.532377],[127.351436,35.532377],[127.351436,35.532345],[127.351442,35.532345],[127.351436,35.532309],[127.351431,35.532309],[127.351431,35.5323],[127.351408,35.532287],[127.351408,35.532278],[127.351386,35.532264],[127.351386,35.532255],[127.351375,35.532251],[127.351375,35.532242],[127.35137,35.532242],[127.35137,35.532233],[127.351364,35.532233],[127.351364,35.532215],[127.351359,35.532215],[127.351358,35.532197],[127.351353,35.532197],[127.351353,35.532152],[127.351358,35.532151],[127.351364,35.532133],[127.351386,35.532133],[127.351386,35.532138],[127.351413,35.532156],[127.351413,35.532165],[127.35143,35.532174],[127.35143,35.532183],[127.351436,35.532183],[127.351441,35.532192],[127.351452,35.532192],[127.351452,35.532196],[127.351474,35.53221],[127.351474,35.532219],[127.35148,35.532219],[127.35148,35.532228],[127.351485,35.532228],[127.351485,35.532237],[127.351491,35.532237],[127.351497,35.532264],[127.351502,35.532264],[127.351513,35.532291],[127.351524,35.532295],[127.351524,35.532304],[127.35153,35.532304],[127.351541,35.532318],[127.351552,35.532318],[127.351557,35.532327],[127.351568,35.532327],[127.351574,35.532336],[127.351585,35.532336],[127.351596,35.532349],[127.351607,35.532349],[127.35164,35.53238],[127.351651,35.53238],[127.351657,35.532389],[127.351668,35.532389],[127.351701,35.532421],[127.351712,35.532421],[127.351712,35.532425],[127.35179,35.532484],[127.351795,35.532506],[127.351801,35.532506],[127.351795,35.532542],[127.35179,35.532542],[127.35179,35.532551],[127.351779,35.532556],[127.351774,35.532569],[127.351746,35.532574]]]}},{"type":"Feature","properties":{"pair":"2508-2510","cls":"built_new","area_m2":1570.5,"score":0.779},"geometry":{"type":"Polygon","coordinates":[[[127.353273,35.532551],[127.353273,35.532547],[127.353251,35.532543],[127.353251,35.532538],[127.353229,35.532525],[127.353229,35.532516],[127.353218,35.532511],[127.353218,35.532502],[127.353207,35.532498],[127.353207,35.532489],[127.353201,35.532489],[127.353196,35.532475],[127.353184,35.532471],[127.353179,35.532453],[127.353168,35.532448],[127.353168,35.532439],[127.353162,35.532439],[127.353162,35.53243],[127.353157,35.53243],[127.353157,35.532421],[127.353151,35.532421],[127.353151,35.532408],[127.353146,35.532408],[127.35314,35.532385],[127.353134,35.532385],[127.353134,35.532372],[127.353129,35.532372],[127.353129,35.532354],[127.353123,35.532354],[127.353123,35.532309],[127.353118,35.532309],[127.353117,35.532273],[127.353123,35.532273],[127.353123,35.532241],[127.353128,35.532241],[127.353128,35.532196],[127.353123,35.532196],[127.353123,35.532187],[127.353112,35.532182],[127.353111,35.532173],[127.353106,35.532173],[127.353106,35.532164],[127.3531,35.532164],[127.3531,35.532151],[127.353095,35.532151],[127.353095,35.532137],[127.353089,35.532137],[127.353089,35.532119],[127.353084,35.532119],[127.353084,35.532088],[127.353089,35.532088],[127.353089,35.532079],[127.353106,35.532074],[127.353106,35.53207],[127.353128,35.53207],[127.353128,35.532074],[127.35315,35.532079],[127.353155,35.532088],[127.353166,35.532088],[127.353172,35.532097],[127.353183,35.532097],[127.353183,35.532101],[127.353194,35.532101],[127.353194,35.532106],[127.353232,35.53211],[127.353233,35.532114],[127.353315,35.532114],[127.353315,35.532119],[127.353348,35.532119],[127.353348,35.532123],[127.353365,35.532123],[127.353365,35.532128],[127.353381,35.532128],[127.353381,35.532132],[127.353475,35.532132],[127.353475,35.532136],[127.353591,35.53214],[127.353591,35.532145],[127.353619,35.532145],[127.353619,35.532149],[127.35363,35.532149],[127.35363,35.532154],[127.353646,35.532163],[127.353646,35.532172],[127.353652,35.532172],[127.353652,35.53219],[127.353646,35.53219],[127.353646,35.532199],[127.353641,35.532199],[127.35363,35.532226],[127.353624,35.532226],[127.353597,35.532253],[127.353586,35.532253],[127.353575,35.532267],[127.353564,35.532267],[127.353558,35.532276],[127.353547,35.532276],[127.353547,35.53228],[127.353536,35.53228],[127.353531,35.532289],[127.353509,35.532294],[127.353503,35.532303],[127.353481,35.532308],[127.353476,35.532317],[127.353465,35.532317],[127.353465,35.532321],[127.353448,35.53233],[127.353443,35.532353],[127.353438,35.532353],[127.353438,35.532371],[127.353432,35.532371],[127.353438,35.532411],[127.353443,35.532411],[127.353449,35.532447],[127.353454,35.532447],[127.353449,35.532483],[127.353444,35.532483],[127.353427,35.532501],[127.353416,35.532501],[127.353411,35.532511],[127.3534,35.532511],[127.3534,35.532515],[127.353389,35.532515],[127.353389,35.53252],[127.353378,35.53252],[127.353378,35.532524],[127.353367,35.532524],[127.353367,35.532529],[127.353356,35.532529],[127.353356,35.532533],[127.353345,35.532533],[127.353345,35.532538],[127.353334,35.532538],[127.353334,35.532542],[127.353323,35.532542],[127.353323,35.532547],[127.353273,35.532551]]]}},{"type":"Feature","properties":{"pair":"2508-2510","cls":"veg_loss","area_m2":1338.2,"score":0.739},"geometry":{"type":"Polygon","coordinates":[[[127.350725,35.532424],[127.350725,35.532419],[127.350692,35.53241],[127.350681,35.532397],[127.35067,35.532397],[127.35067,35.532392],[127.350654,35.532388],[127.350648,35.532379],[127.350637,35.532379],[127.350631,35.53237],[127.35062,35.53237],[127.350615,35.532361],[127.350604,35.532361],[127.350598,35.532352],[127.350587,35.532352],[127.350587,35.532348],[127.350576,35.532348],[127.350576,35.532343],[127.350565,35.532343],[127.350565,35.532339],[127.350532,35.53233],[127.350532,35.532325],[127.350515,35.532321],[127.35051,35.532312],[127.350499,35.532312],[127.350482,35.532294],[127.350471,35.532294],[127.350471,35.532289],[127.350466,35.532289],[127.35046,35.53228],[127.350449,35.53228],[127.350433,35.532262],[127.350421,35.532262],[127.350421,35.532258],[127.350377,35.532226],[127.350377,35.532217],[127.350361,35.532208],[127.350349,35.532181],[127.350355,35.532181],[127.350355,35.532172],[127.35036,35.532172],[127.35036,35.532163],[127.350366,35.532163],[127.350366,35.532154],[127.350371,35.532154],[127.350377,35.532118],[127.350382,35.532118],[127.350382,35.532109],[127.350388,35.532109],[127.350399,35.532096],[127.350415,35.532091],[127.350415,35.532082],[127.350421,35.532082],[127.350421,35.532073],[127.350426,35.532073],[127.350426,35.53206],[127.350432,35.53206],[127.350432,35.532046],[127.350437,35.532046],[127.350443,35.532032],[127.350454,35.532032],[127.350454,35.532028],[127.350509,35.532032],[127.350509,35.532037],[127.350525,35.532037],[127.350525,35.532041],[127.350575,35.53205],[127.350575,35.532055],[127.350586,35.532055],[127.350586,35.532059],[127.350603,35.532059],[127.350608,35.532068],[127.350619,35.532068],[127.350619,35.532073],[127.35063,35.532072],[127.35063,35.532077],[127.350641,35.532077],[127.350641,35.532081],[127.350652,35.532081],[127.350652,35.532086],[127.350674,35.532086],[127.350674,35.53209],[127.350691,35.53209],[127.350691,35.532095],[127.350718,35.532099],[127.350719,35.532104],[127.35073,35.532108],[127.35073,35.532117],[127.350741,35.532122],[127.350741,35.532135],[127.350746,35.532135],[127.350746,35.532144],[127.350757,35.532149],[127.350757,35.532158],[127.350763,35.532158],[127.350768,35.532167],[127.350802,35.532176],[127.350802,35.53218],[127.350829,35.53218],[127.350829,35.532176],[127.35084,35.532176],[127.35084,35.532171],[127.350851,35.532171],[127.350851,35.532166],[127.35089,35.532166],[127.35089,35.532171],[127.350906,35.53218],[127.350912,35.532211],[127.350917,35.532211],[127.350918,35.532265],[127.350912,35.532265],[127.350912,35.532283],[127.350907,35.532283],[127.350907,35.532297],[127.350901,35.532297],[127.350896,35.532315],[127.35089,35.532315],[127.350879,35.532329],[127.350868,35.532329],[127.350857,35.532342],[127.350846,35.532342],[127.350846,35.532347],[127.350824,35.53236],[127.350824,35.532369],[127.350813,35.532374],[127.350808,35.532392],[127.350797,35.532396],[127.350797,35.532405],[127.350791,35.532406],[127.350775,35.532424],[127.350725,35.532424]]]}},{"type":"Feature","properties":{"pair":"2508-2510","cls":"built_new","area_m2":79.6,"score":0.643},"geometry":{"type":"Polygon","coordinates":[[[127.351733,35.532128],[127.351733,35.532123],[127.351722,35.532123],[127.351716,35.53211],[127.351711,35.53211],[127.351716,35.532096],[127.351782,35.532078],[127.351782,35.532074],[127.351804,35.53206],[127.351815,35.532028],[127.351821,35.532028],[127.351821,35.532024],[127.351843,35.532024],[127.351848,35.532037],[127.351854,35.532037],[127.351854,35.532082],[127.35186,35.532082],[127.351854,35.5321],[127.351849,35.5321],[127.351843,35.53211],[127.351832,35.53211],[127.351832,35.532114],[127.351816,35.532114],[127.351816,35.532119],[127.351799,35.532119],[127.351799,35.532123],[127.351783,35.532123],[127.351783,35.532128],[127.351733,35.532128]]]}},{"type":"Feature","properties":{"pair":"2508-2510","cls":"built_new","area_m2":25.9,"score":0.641},"geometry":{"type":"Polygon","coordinates":[[[127.352102,35.532068],[127.352102,35.532064],[127.352091,35.532064],[127.352091,35.532037],[127.352096,35.532037],[127.352102,35.532019],[127.352107,35.532019],[127.352118,35.532005],[127.352135,35.532005],[127.352141,35.532019],[127.352146,35.532019],[127.352146,35.532046],[127.352141,35.532046],[127.352141,35.532055],[127.352135,35.532055],[127.35213,35.532064],[127.352102,35.532068]]]}},{"type":"Feature","properties":{"pair":"2508-2510","cls":"veg_gain","area_m2":106.0,"score":0.676},"geometry":{"type":"Polygon","coordinates":[[[127.351308,35.532102],[127.351308,35.532098],[127.351286,35.532093],[127.351286,35.532089],[127.351264,35.532075],[127.351264,35.532066],[127.351259,35.532066],[127.351259,35.532057],[127.351253,35.532057],[127.351253,35.532012],[127.351258,35.532012],[127.351258,35.531999],[127.351264,35.531999],[127.351269,35.53198],[127.351275,35.53198],[127.35128,35.531971],[127.351291,35.531971],[127.351291,35.531967],[127.351313,35.531971],[127.351313,35.531976],[127.351347,35.531998],[127.351347,35.532007],[127.351358,35.532012],[127.351358,35.532025],[127.351363,35.532025],[127.351363,35.532043],[127.351358,35.532043],[127.351358,35.532057],[127.351352,35.532057],[127.351352,35.532066],[127.351347,35.532066],[127.351347,35.532075],[127.351341,35.532075],[127.351341,35.532088],[127.351336,35.532088],[127.35133,35.532097],[127.351308,35.532102]]]}},{"type":"Feature","properties":{"pair":"2508-2510","cls":"built_new","area_m2":154.5,"score":0.729},"geometry":{"type":"Polygon","coordinates":[[[127.354566,35.532016],[127.354566,35.532011],[127.354533,35.532002],[127.354533,35.531998],[127.354517,35.531989],[127.354516,35.53198],[127.354511,35.53198],[127.354516,35.531957],[127.354522,35.531957],[127.354533,35.531944],[127.354555,35.531939],[127.354555,35.531935],[127.354571,35.531935],[127.354571,35.53193],[127.354588,35.53193],[127.354588,35.531926],[127.354615,35.531921],[127.354632,35.531903],[127.354643,35.531903],[127.354643,35.531899],[127.354659,35.531894],[127.354659,35.531889],[127.354692,35.531894],[127.354693,35.531898],[127.354704,35.531903],[127.354704,35.531912],[127.354709,35.531912],[127.354709,35.531934],[127.354704,35.531934],[127.354704,35.531948],[127.354698,35.531948],[127.354698,35.531957],[127.354687,35.531961],[127.354687,35.53197],[127.354682,35.531971],[127.354654,35.531998],[127.354643,35.531998],[127.354643,35.532002],[127.354638,35.532002],[127.354632,35.532011],[127.354621,35.532011],[127.354621,35.532016],[127.354566,35.532016]]]}},{"type":"Feature","properties":{"pair":"2508-2510","cls":"veg_loss","area_m2":658.2,"score":0.724},"geometry":{"type":"Polygon","coordinates":[[[127.350134,35.532114],[127.350134,35.53211],[127.350112,35.53211],[127.350112,35.532106],[127.35009,35.532106],[127.35009,35.532101],[127.350073,35.532101],[127.350073,35.532097],[127.350057,35.532097],[127.350057,35.532092],[127.350018,35.532088],[127.350018,35.532083],[127.350007,35.532083],[127.350007,35.532079],[127.349996,35.532079],[127.349996,35.532074],[127.34998,35.532074],[127.34998,35.53207],[127.349969,35.53207],[127.349969,35.532065],[127.349958,35.532065],[127.349958,35.532061],[127.349941,35.532061],[127.349941,35.532056],[127.34993,35.532056],[127.34993,35.532052],[127.349897,35.532043],[127.349891,35.532034],[127.34988,35.532034],[127.34988,35.53203],[127.349864,35.532021],[127.349864,35.532012],[127.349858,35.532012],[127.349858,35.531985],[127.349863,35.531985],[127.349863,35.531976],[127.349874,35.531971],[127.349874,35.531962],[127.349896,35.531948],[127.349896,35.531939],[127.349902,35.531939],[127.34994,35.531903],[127.349951,35.531903],[127.349957,35.531894],[127.349968,35.531894],[127.349968,35.53189],[127.349979,35.53189],[127.349979,35.531885],[127.350017,35.531885],[127.350017,35.53189],[127.350034,35.531889],[127.350034,35.531894],[127.350078,35.531894],[127.350078,35.531889],[127.350095,35.531889],[127.350095,35.531885],[127.350106,35.531885],[127.350106,35.53188],[127.350117,35.53188],[127.350117,35.531876],[127.350155,35.531871],[127.350155,35.531876],[127.350166,35.531876],[127.350166,35.53188],[127.350205,35.531907],[127.350205,35.531916],[127.350216,35.53192],[127.350216,35.531934],[127.350222,35.531934],[127.350222,35.531966],[127.350216,35.531966],[127.350216,35.531975],[127.350211,35.531975],[127.350211,35.531984],[127.350205,35.531984],[127.350205,35.532006],[127.350211,35.532006],[127.350211,35.532015],[127.350216,35.532015],[127.350216,35.532024],[127.350222,35.532024],[127.350222,35.532038],[127.350228,35.532038],[127.350228,35.532083],[127.350222,35.532083],[127.350222,35.532096],[127.350217,35.532096],[127.350206,35.53211],[127.350195,35.53211],[127.350195,35.532114],[127.350134,35.532114]]]}},{"type":"Feature","properties":{"pair":"2508-2510","cls":"veg_loss","area_m2":537.0,"score":0.716},"geometry":{"type":"Polygon","coordinates":[[[127.356446,35.532073],[127.356446,35.532069],[127.356435,35.532069],[127.356435,35.532064],[127.356413,35.532051],[127.356413,35.532042],[127.356408,35.532042],[127.356402,35.531997],[127.356396,35.531997],[127.356391,35.531965],[127.356385,35.531965],[127.356396,35.531835],[127.356401,35.531835],[127.356401,35.531821],[127.356407,35.531821],[127.356434,35.531794],[127.356445,35.531794],[127.356456,35.531781],[127.356467,35.53178],[127.356473,35.531771],[127.356484,35.531771],[127.356484,35.531767],[127.356495,35.531767],[127.356495,35.531762],[127.356539,35.531762],[127.356539,35.531767],[127.356555,35.531767],[127.356555,35.531771],[127.356583,35.531776],[127.356583,35.53178],[127.3566,35.531789],[127.356605,35.531834],[127.356611,35.531834],[127.356616,35.531848],[127.356638,35.531852],[127.356638,35.531857],[127.356655,35.531866],[127.356661,35.531902],[127.356655,35.531902],[127.356655,35.531915],[127.35665,35.531915],[127.356644,35.531929],[127.356589,35.531938],[127.356589,35.531942],[127.356556,35.531951],[127.356556,35.531956],[127.356523,35.531979],[127.356523,35.531988],[127.356518,35.531988],[127.356518,35.531997],[127.356512,35.531997],[127.356512,35.53201],[127.356507,35.53201],[127.356507,35.532055],[127.356501,35.532055],[127.356496,35.532069],[127.356485,35.532069],[127.356485,35.532073],[127.356446,35.532073]]]}},{"type":"Feature","properties":{"pair":"2508-2510","cls":"built_new","area_m2":1620.6,"score":0.802},"geometry":{"type":"Polygon","coordinates":[[[127.353651,35.532068],[127.353651,35.532064],[127.353629,35.532064],[127.353629,35.532059],[127.353607,35.532059],[127.353607,35.532055],[127.353563,35.532055],[127.353563,35.53205],[127.353491,35.532046],[127.353491,35.532042],[127.35337,35.532042],[127.35337,35.532037],[127.353337,35.532038],[127.353337,35.532033],[127.353309,35.532033],[127.353309,35.532029],[127.353287,35.532029],[127.353287,35.532024],[127.353232,35.53202],[127.353232,35.532015],[127.353216,35.532015],[127.353216,35.532011],[127.353199,35.532011],[127.353199,35.532006],[127.353182,35.532006],[127.353182,35.532002],[127.353166,35.532002],[127.353166,35.531997],[127.353149,35.531998],[127.353149,35.531993],[127.353133,35.531993],[127.353133,35.531989],[127.353111,35.531984],[127.353111,35.53198],[127.3531,35.531975],[127.3531,35.531966],[127.353094,35.531966],[127.353094,35.531953],[127.353088,35.531953],[127.353088,35.531845],[127.353094,35.531844],[127.353093,35.531822],[127.353099,35.531822],[127.353099,35.531804],[127.353104,35.531804],[127.35311,35.531777],[127.353115,35.531777],[127.353121,35.531759],[127.353132,35.531754],[127.353132,35.531745],[127.353137,35.531745],[127.353154,35.531727],[127.353165,35.531727],[127.353165,35.531723],[127.353225,35.531722],[127.353225,35.531727],[127.353242,35.531727],[127.353242,35.531731],[127.353258,35.531731],[127.353258,35.531736],[127.353275,35.531736],[127.353275,35.53174],[127.353336,35.53174],[127.353336,35.531745],[127.353391,35.531744],[127.353391,35.531749],[127.353451,35.531753],[127.353451,35.531758],[127.353468,35.531758],[127.353468,35.531762],[127.35349,35.531762],[127.35349,35.531767],[127.353512,35.531767],[127.353512,35.531771],[127.353562,35.53178],[127.353562,35.531785],[127.353573,35.531784],[127.353573,35.531789],[127.353639,35.531798],[127.353639,35.531802],[127.353656,35.531811],[127.353656,35.53182],[127.353661,35.53182],[127.353667,35.531919],[127.353673,35.531919],[127.353673,35.531942],[127.353678,35.531942],[127.353678,35.531955],[127.353684,35.531955],[127.353684,35.531969],[127.353689,35.531969],[127.35369,35.531982],[127.353695,35.531982],[127.353695,35.531996],[127.353701,35.531996],[127.353701,35.532041],[127.353695,35.532041],[127.353695,35.53205],[127.35369,35.53205],[127.353679,35.532064],[127.353651,35.532068]]]}},{"type":"Feature","properties":{"pair":"2508-2510","cls":"veg_gain","area_m2":41.0,"score":0.64},"geometry":{"type":"Polygon","coordinates":[[[127.352271,35.531667],[127.352271,35.531662],[127.35226,35.531662],[127.352255,35.531649],[127.352249,35.531649],[127.352255,35.531622],[127.35226,35.531622],[127.352271,35.531608],[127.352282,35.531608],[127.352282,35.531604],[127.35231,35.531603],[127.35231,35.531608],[127.352321,35.531608],[127.352326,35.531621],[127.352332,35.531621],[127.352332,35.531644],[127.352326,35.531644],[127.352326,35.531653],[127.352321,35.531653],[127.352315,35.531662],[127.352304,35.531662],[127.352304,35.531667],[127.352271,35.531667]]]}},{"type":"Feature","properties":{"pair":"2508-2510","cls":"veg_loss","area_m2":95.2,"score":0.682},"geometry":{"type":"Polygon","coordinates":[[[127.349653,35.531688],[127.349653,35.531683],[127.349642,35.531683],[127.349642,35.531679],[127.349631,35.531679],[127.349631,35.531674],[127.34962,35.53167],[127.349619,35.531661],[127.349608,35.531656],[127.349608,35.531647],[127.349603,35.531647],[127.349603,35.531638],[127.349597,35.531638],[127.349597,35.531616],[127.349603,35.531616],[127.349603,35.531607],[127.349619,35.531602],[127.349619,35.531598],[127.34968,35.531598],[127.34968,35.531602],[127.349691,35.531602],[127.349691,35.531607],[127.349735,35.531638],[127.349735,35.531647],[127.349741,35.531647],[127.349741,35.531656],[127.349735,35.531656],[127.349735,35.531665],[127.34973,35.531665],[127.349724,35.531674],[127.349713,35.531674],[127.349713,35.531679],[127.349702,35.531679],[127.349702,35.531683],[127.349691,35.531683],[127.349691,35.531688],[127.349653,35.531688]]]}},{"type":"Feature","properties":{"pair":"2508-2510","cls":"built_new","area_m2":121.0,"score":0.823},"geometry":{"type":"Polygon","coordinates":[[[127.355921,35.531606],[127.355921,35.531602],[127.355904,35.531602],[127.355904,35.531597],[127.355882,35.531593],[127.355882,35.531588],[127.355865,35.531579],[127.35586,35.531539],[127.355865,35.531539],[127.355865,35.53153],[127.355871,35.53153],[127.355887,35.531512],[127.355904,35.531512],[127.355904,35.531507],[127.35592,35.531507],[127.35592,35.531503],[127.355942,35.531503],[127.355942,35.531498],[127.355975,35.531498],[127.355975,35.531503],[127.355986,35.531503],[127.355992,35.531516],[127.355997,35.531516],[127.355998,35.531543],[127.356003,35.531543],[127.355998,35.531579],[127.355992,35.531579],[127.355976,35.531597],[127.355965,35.531597],[127.355965,35.531602],[127.355921,35.531606]]]}},{"type":"Feature","properties":{"pair":"2508-2510","cls":"built_new","area_m2":44.9,"score":0.694},"geometry":{"type":"Polygon","coordinates":[[[127.349917,35.531516],[127.349917,35.531511],[127.349906,35.531507],[127.349905,35.531498],[127.3499,35.531498],[127.349905,35.531471],[127.349911,35.531471],[127.349927,35.531453],[127.349944,35.531453],[127.349944,35.531448],[127.349971,35.531453],[127.349971,35.531457],[127.349982,35.531461],[127.349983,35.53147],[127.349988,35.53147],[127.349983,35.531498],[127.349977,35.531498],[127.349966,35.531511],[127.349955,35.531511],[127.349955,35.531516],[127.349917,35.531516]]]}},{"type":"Feature","properties":{"pair":"2508-2510","cls":"veg_loss","area_m2":2359.0,"score":0.815},"geometry":{"type":"Polygon","coordinates":[[[127.35085,35.532027],[127.35085,35.532022],[127.350817,35.532013],[127.350806,35.532],[127.350795,35.532],[127.350795,35.531995],[127.35079,35.531995],[127.350784,35.531986],[127.350773,35.531986],[127.350768,35.531977],[127.350757,35.531977],[127.350757,35.531973],[127.350723,35.531964],[127.350718,35.531955],[127.350707,35.531955],[127.350707,35.531951],[127.350696,35.531951],[127.35069,35.531942],[127.350679,35.531942],[127.350674,35.531933],[127.350663,35.531933],[127.350663,35.531928],[127.350657,35.531928],[127.350652,35.531919],[127.350641,35.531919],[127.350602,35.531883],[127.350591,35.531883],[127.350591,35.531879],[127.350574,35.531874],[127.350569,35.531865],[127.350558,35.531865],[127.350558,35.531861],[127.350547,35.531861],[127.350541,35.531852],[127.35053,35.531852],[127.35053,35.531847],[127.350497,35.531839],[127.350497,35.531834],[127.350491,35.531834],[127.350486,35.531825],[127.350475,35.531825],[127.350453,35.531803],[127.350442,35.531803],[127.350436,35.531794],[127.350425,35.531794],[127.350419,35.531785],[127.350408,35.531785],[127.350397,35.531771],[127.350386,35.531771],[127.350375,35.531758],[127.350364,35.531758],[127.350364,35.531753],[127.350325,35.531726],[127.350325,35.531717],[127.350309,35.531708],[127.350309,35.531699],[127.350298,35.531695],[127.350298,35.531686],[127.350292,35.531686],[127.350292,35.531663],[127.350298,35.531663],[127.350298,35.531654],[127.350309,35.53165],[127.350309,35.531641],[127.350314,35.531641],[127.350314,35.531636],[127.350325,35.531632],[127.350325,35.531623],[127.350331,35.531623],[127.35033,35.531591],[127.350336,35.531591],[127.350341,35.531551],[127.350347,35.531551],[127.350347,35.531542],[127.350352,35.531542],[127.350363,35.531514],[127.350374,35.53151],[127.350374,35.531501],[127.35038,35.531501],[127.350407,35.531474],[127.350418,35.531474],[127.350424,35.531465],[127.35044,35.531465],[127.35044,35.53146],[127.350462,35.531456],[127.350468,35.531447],[127.350479,35.531447],[127.350479,35.531442],[127.35049,35.531442],[127.35049,35.531437],[127.350501,35.531437],[127.350501,35.531433],[127.350539,35.531433],[127.350539,35.531437],[127.350561,35.531442],[127.350572,35.531455],[127.350583,35.531455],[127.350589,35.531464],[127.3506,35.531464],[127.350606,35.531473],[127.350617,35.531473],[127.350622,35.531482],[127.350633,35.531482],[127.350633,35.531487],[127.350639,35.531487],[127.350644,35.531496],[127.350655,35.531496],[127.350661,35.531505],[127.350672,35.531505],[127.350672,35.531509],[127.350683,35.531509],[127.350683,35.531514],[127.350694,35.531513],[127.350694,35.531518],[127.350705,35.531518],[127.350705,35.531522],[127.350716,35.531522],[127.350716,35.531527],[127.350727,35.531527],[127.350727,35.531531],[127.350738,35.531531],[127.350738,35.531536],[127.350749,35.531536],[127.350749,35.53154],[127.35076,35.53154],[127.35076,35.531545],[127.350793,35.531554],[127.350793,35.531558],[127.35081,35.531563],[127.350821,35.531576],[127.350832,35.531576],[127.350832,35.531581],[127.350849,35.531585],[127.350854,35.531594],[127.350865,35.531594],[127.350865,35.531599],[127.350876,35.531599],[127.350882,35.531608],[127.350893,35.531608],[127.350893,35.531612],[127.350954,35.531657],[127.350954,35.531666],[127.350959,35.531666],[127.350959,35.531697],[127.350954,35.531698],[127.350954,35.531711],[127.350948,35.531711],[127.350948,35.53172],[127.350943,35.53172],[127.350943,35.531729],[127.350937,35.531729],[127.350937,35.531743],[127.350932,35.531743],[127.350932,35.53181],[127.350927,35.53181],[127.350927,35.531833],[127.350921,35.531833],[127.350921,35.531855],[127.350916,35.531855],[127.350916,35.531882],[127.350911,35.531882],[127.350911,35.531991],[127.350905,35.531991],[127.350906,35.532004],[127.3509,35.532004],[127.3509,35.532013],[127.350895,35.532013],[127.350889,35.532022],[127.350878,35.532022],[127.350878,35.532027],[127.35085,35.532027]]]}},{"type":"Feature","properties":{"pair":"2508-2510","cls":"veg_loss","area_m2":297.0,"score":0.678},"geometry":{"type":"Polygon","coordinates":[[[127.356494,35.531591],[127.356494,35.531587],[127.356477,35.531587],[127.356477,35.531582],[127.356466,35.531578],[127.356466,35.531569],[127.356461,35.531569],[127.356461,35.531533],[127.356466,35.531533],[127.356466,35.531515],[127.356472,35.531515],[127.356477,35.531488],[127.356482,35.531488],[127.356482,35.531429],[127.356488,35.531429],[127.356488,35.53142],[127.356504,35.531415],[127.356504,35.531411],[127.356576,35.531411],[127.356576,35.531415],[127.356614,35.53142],[127.356614,35.531424],[127.356642,35.531442],[127.356642,35.531451],[127.356648,35.531451],[127.356648,35.53146],[127.356653,35.53146],[127.356653,35.531469],[127.356659,35.531469],[127.356665,35.531519],[127.356659,35.531519],[127.356654,35.531546],[127.356648,35.531546],[127.356621,35.531573],[127.35661,35.531573],[127.35661,35.531577],[127.356599,35.531577],[127.356599,35.531582],[127.356588,35.531582],[127.356588,35.531586],[127.35656,35.531586],[127.35656,35.531591],[127.356494,35.531591]]]}},{"type":"Feature","properties":{"pair":"2508-2510","cls":"veg_loss","area_m2":1427.9,"score":0.883},"geometry":{"type":"Polygon","coordinates":[[[127.353572,35.531699],[127.353572,35.531694],[127.353545,35.531694],[127.353545,35.53169],[127.353523,35.53169],[127.353523,35.531685],[127.353435,35.531681],[127.353435,35.531677],[127.353401,35.531677],[127.353401,35.531672],[127.353346,35.531668],[127.353346,35.531663],[127.35333,35.531664],[127.35333,35.531659],[127.35328,35.53165],[127.35328,35.531646],[127.353258,35.531641],[127.353258,35.531637],[127.353236,35.531623],[127.35323,35.531587],[127.353225,35.531587],[127.353225,35.531569],[127.353219,35.531569],[127.353219,35.531515],[127.353224,35.531515],[127.35323,35.531484],[127.353235,35.531484],[127.353235,35.531475],[127.353241,35.531475],[127.353241,35.531461],[127.353246,35.531461],[127.353246,35.531452],[127.353252,35.531452],[127.353263,35.531425],[127.353274,35.53142],[127.353274,35.531411],[127.353279,35.531411],[127.353296,35.531393],[127.353307,35.531393],[127.353307,35.531389],[127.353318,35.531389],[127.353318,35.531384],[127.353329,35.531384],[127.353329,35.53138],[127.35334,35.53138],[127.35334,35.531375],[127.353356,35.531375],[127.353356,35.531371],[127.353428,35.53137],[127.353428,35.531375],[127.35345,35.531375],[127.35345,35.531379],[127.353472,35.531379],[127.353472,35.531384],[127.353505,35.531384],[127.353505,35.531388],[127.353555,35.531392],[127.353555,35.531397],[127.353593,35.531401],[127.353593,35.531406],[127.35361,35.531406],[127.35361,35.53141],[127.353698,35.531419],[127.353698,35.531424],[127.353731,35.531428],[127.353731,35.531433],[127.353742,35.531432],[127.353742,35.531437],[127.353753,35.531437],[127.353753,35.531441],[127.353764,35.531446],[127.35377,35.531468],[127.353775,35.531468],[127.35377,35.531518],[127.353765,35.531518],[127.353765,35.531532],[127.353754,35.531536],[127.353754,35.531545],[127.353743,35.53155],[127.353743,35.531559],[127.353737,35.531559],[127.353737,35.531568],[127.353732,35.531568],[127.353732,35.531581],[127.353726,35.531581],[127.353727,35.531617],[127.353721,35.531617],[127.35371,35.531644],[127.353705,35.531644],[127.353705,35.531649],[127.353688,35.531658],[127.353688,35.531667],[127.353683,35.531667],[127.353655,35.531694],[127.353644,35.531694],[127.353644,35.531699],[127.353572,35.531699]]]}},{"type":"Feature","properties":{"pair":"2508-2510","cls":"built_new","area_m2":31.1,"score":0.689},"geometry":{"type":"Polygon","coordinates":[[[127.349232,35.531392],[127.349232,35.531387],[127.349221,35.531387],[127.349216,35.531374],[127.34921,35.531374],[127.34921,35.531347],[127.349216,35.531347],[127.349221,35.531333],[127.349249,35.531328],[127.349249,35.531333],[127.34926,35.531333],[127.349265,35.531346],[127.349271,35.531346],[127.349271,35.531378],[127.349265,35.531378],[127.349265,35.531387],[127.349254,35.531387],[127.349254,35.531391],[127.349232,35.531392]]]}},{"type":"Feature","properties":{"pair":"2508-2510","cls":"veg_gain","area_m2":37.8,"score":0.625},"geometry":{"type":"Polygon","coordinates":[[[127.354166,35.531373],[127.354166,35.531368],[127.354155,35.531368],[127.354155,35.531364],[127.354144,35.531359],[127.354144,35.531337],[127.35415,35.531337],[127.354161,35.531323],[127.354183,35.531319],[127.354183,35.531314],[127.354199,35.531314],[127.354199,35.531309],[127.354221,35.531314],[127.354227,35.531327],[127.354232,35.531327],[127.354227,35.531345],[127.354221,35.531345],[127.3542,35.531368],[127.354166,35.531373]]]}},{"type":"Feature","properties":{"pair":"2508-2510","cls":"veg_loss","area_m2":178.1,"score":0.682},"geometry":{"type":"Polygon","coordinates":[[[127.356592,35.531298],[127.356592,35.531293],[127.356581,35.531293],[127.356564,35.531275],[127.356515,35.531276],[127.356515,35.53128],[127.356487,35.53128],[127.356487,35.531276],[127.356476,35.531276],[127.356476,35.531267],[127.35647,35.531267],[127.35647,35.531258],[127.356465,35.531258],[127.356465,35.531231],[127.35647,35.531231],[127.35647,35.531213],[127.356476,35.531213],[127.356476,35.531204],[127.356481,35.531204],[127.356487,35.531195],[127.356514,35.53119],[127.356514,35.531185],[127.356547,35.531185],[127.356547,35.53119],[127.356646,35.531185],[127.356647,35.53119],[127.356663,35.531194],[127.356663,35.531203],[127.356669,35.531203],[127.356669,35.531235],[127.356663,35.531235],[127.356663,35.531248],[127.356658,35.531248],[127.356652,35.531266],[127.356647,35.531266],[127.35663,35.531284],[127.356619,35.531284],[127.356614,35.531293],[127.356592,35.531298]]]}},{"type":"Feature","properties":{"pair":"2508-2510","cls":"built_new","area_m2":79.8,"score":0.695},"geometry":{"type":"Polygon","coordinates":[[[127.352622,35.531183],[127.352622,35.531179],[127.352605,35.531179],[127.3526,35.53117],[127.352589,35.53117],[127.352583,35.531161],[127.352572,35.531161],[127.352572,35.531157],[127.352561,35.531157],[127.352561,35.531152],[127.35255,35.531148],[127.352545,35.53113],[127.35255,35.53113],[127.35255,35.531121],[127.352556,35.531121],[127.352561,35.531111],[127.352572,35.531111],[127.352572,35.531107],[127.352622,35.531107],[127.352622,35.531111],[127.35266,35.531116],[127.35266,35.53112],[127.352671,35.53112],[127.352671,35.531125],[127.352688,35.531134],[127.352694,35.531152],[127.352688,35.531152],[127.352688,35.531161],[127.352683,35.531161],[127.352672,35.531174],[127.352644,35.531179],[127.352644,35.531183],[127.352622,35.531183]]]}},{"type":"Feature","properties":{"pair":"2508-2510","cls":"veg_loss","area_m2":1620.6,"score":0.728},"geometry":{"type":"Polygon","coordinates":[[[127.350942,35.531549],[127.350942,35.531544],[127.350931,35.531544],[127.350931,35.53154],[127.350915,35.53154],[127.350915,35.531535],[127.350903,35.531535],[127.350903,35.531531],[127.350892,35.531531],[127.350892,35.531526],[127.350881,35.531526],[127.350881,35.531522],[127.350848,35.531518],[127.350848,35.531513],[127.350837,35.531513],[127.350832,35.531504],[127.350821,35.531504],[127.350821,35.5315],[127.350771,35.531464],[127.350771,35.531455],[127.350765,35.531455],[127.350738,35.531428],[127.350727,35.531428],[127.35071,35.53141],[127.350699,35.53141],[127.350677,35.531387],[127.350666,35.531387],[127.350666,35.531383],[127.350655,35.531383],[127.350655,35.531378],[127.350638,35.531378],[127.350638,35.531374],[127.3506,35.53137],[127.3506,35.531365],[127.350572,35.531347],[127.350572,35.531338],[127.350566,35.531338],[127.350561,35.531307],[127.350555,35.531307],[127.350555,35.53128],[127.350561,35.53128],[127.35056,35.531262],[127.350566,35.531262],[127.350566,35.531252],[127.350571,35.531252],[127.350571,35.531243],[127.350577,35.531243],[127.350577,35.531234],[127.350582,35.531234],[127.350588,35.531207],[127.350593,35.531207],[127.350593,35.531045],[127.350598,35.531045],[127.350604,35.531018],[127.350609,35.531018],[127.350626,35.531],[127.350637,35.531],[127.350637,35.530995],[127.350686,35.530995],[127.350686,35.531],[127.350703,35.531],[127.350708,35.531009],[127.350719,35.531009],[127.350725,35.531018],[127.350736,35.531018],[127.350736,35.531022],[127.35083,35.531094],[127.35083,35.531103],[127.35088,35.531139],[127.35088,35.531148],[127.350907,35.531166],[127.350907,35.531175],[127.350913,35.531175],[127.350913,35.531184],[127.350918,35.531184],[127.350919,35.531193],[127.350924,35.531193],[127.350935,35.53122],[127.350968,35.531242],[127.350968,35.531251],[127.350974,35.531251],[127.350974,35.531256],[127.350985,35.53126],[127.350985,35.531269],[127.350991,35.531269],[127.350991,35.531283],[127.350996,35.531283],[127.350996,35.531323],[127.351002,35.531323],[127.351002,35.531332],[127.351007,35.531332],[127.351007,35.531341],[127.351013,35.531341],[127.351019,35.531373],[127.351024,35.531373],[127.35103,35.531395],[127.351035,35.531395],[127.351041,35.531445],[127.351035,35.531445],[127.351035,35.531463],[127.35103,35.531463],[127.35103,35.531472],[127.351024,35.531472],[127.351025,35.531481],[127.351019,35.531481],[127.351019,35.531495],[127.351014,35.531495],[127.351008,35.531526],[127.351003,35.531526],[127.350997,35.531544],[127.350986,35.531544],[127.350986,35.531549],[127.350942,35.531549]]]}},{"type":"Feature","properties":{"pair":"2508-2510","cls":"veg_loss","area_m2":1892.6,"score":0.87},"geometry":{"type":"Polygon","coordinates":[[[127.353654,35.531365],[127.353654,35.531361],[127.353632,35.531361],[127.353632,35.531356],[127.35361,35.531356],[127.35361,35.531352],[127.353582,35.531352],[127.353582,35.531347],[127.35356,35.531347],[127.35356,35.531343],[127.353538,35.531343],[127.353538,35.531338],[127.353516,35.531339],[127.353516,35.531334],[127.353483,35.53133],[127.353483,35.531325],[127.353472,35.531325],[127.353472,35.531321],[127.353461,35.531321],[127.353461,35.531316],[127.353444,35.531316],[127.353444,35.531312],[127.353433,35.531312],[127.353433,35.531307],[127.353422,35.531307],[127.353422,35.531303],[127.353405,35.531303],[127.3534,35.531294],[127.353389,35.531294],[127.353389,35.531289],[127.353361,35.531271],[127.353355,35.531235],[127.353361,35.531235],[127.353366,35.531186],[127.353361,35.531186],[127.353361,35.531159],[127.353355,35.531159],[127.353354,35.53096],[127.35336,35.53096],[127.35336,35.530947],[127.353365,35.530947],[127.353371,35.530929],[127.353376,35.530929],[127.353382,35.53092],[127.353393,35.53092],[127.353393,35.530915],[127.353459,35.53092],[127.353459,35.530924],[127.353475,35.530924],[127.353475,35.530929],[127.353503,35.530933],[127.353503,35.530937],[127.353514,35.530937],[127.353514,35.530942],[127.353525,35.530942],[127.353525,35.530946],[127.353542,35.530946],[127.353542,35.530951],[127.353608,35.530955],[127.353608,35.53096],[127.353657,35.530964],[127.353658,35.530969],[127.35374,35.530968],[127.35374,35.530973],[127.353768,35.530973],[127.353768,35.530977],[127.353784,35.530977],[127.353784,35.530982],[127.353795,35.530982],[127.353795,35.530986],[127.353812,35.530986],[127.353812,35.530991],[127.353834,35.530995],[127.353834,35.531],[127.353856,35.531013],[127.353856,35.531022],[127.353862,35.531022],[127.353862,35.531036],[127.353867,35.531036],[127.353868,35.531153],[127.353862,35.531153],[127.353857,35.531207],[127.353852,35.531207],[127.353841,35.531247],[127.353835,35.531247],[127.353835,35.531256],[127.35383,35.531256],[127.35383,35.53127],[127.353824,35.53127],[127.353819,35.531288],[127.353808,35.531293],[127.353802,35.531311],[127.353791,35.531315],[127.353791,35.531324],[127.35378,35.531329],[127.35378,35.531338],[127.353775,35.531338],[127.353753,35.53136],[127.353736,35.53136],[127.353736,35.531365],[127.353654,35.531365]]]}},{"type":"Feature","properties":{"pair":"2508-2510","cls":"built_new","area_m2":38.6,"score":0.694},"geometry":{"type":"Polygon","coordinates":[[[127.352477,35.530868],[127.352477,35.530864],[127.352466,35.530864],[127.352466,35.530859],[127.35245,35.53085],[127.352444,35.530828],[127.35245,35.530828],[127.35245,35.530819],[127.352466,35.530814],[127.352466,35.53081],[127.352499,35.53081],[127.352499,35.530814],[127.35251,35.530814],[127.35251,35.530819],[127.352527,35.530828],[127.352527,35.530859],[127.35251,35.530864],[127.35251,35.530868],[127.352477,35.530868]]]}},{"type":"Feature","properties":{"pair":"2508-2510","cls":"veg_loss","area_m2":621.6,"score":0.733},"geometry":{"type":"Polygon","coordinates":[[[127.349126,35.53109],[127.349126,35.531085],[127.349093,35.531077],[127.349049,35.531036],[127.349038,35.531036],[127.349038,35.531032],[127.348955,35.530969],[127.348955,35.53096],[127.348938,35.530951],[127.348938,35.530942],[127.348933,35.530942],[127.348927,35.530928],[127.348916,35.530924],[127.348916,35.530915],[127.348911,35.530915],[127.348911,35.530906],[127.348905,35.530906],[127.348905,35.530897],[127.348899,35.530897],[127.348899,35.530888],[127.348894,35.530888],[127.348888,35.530861],[127.348883,35.530861],[127.348883,35.530834],[127.348888,35.530834],[127.348894,35.530798],[127.348899,35.530798],[127.348899,35.530784],[127.348905,35.530784],[127.34891,35.530775],[127.348938,35.530771],[127.348938,35.530775],[127.348949,35.530775],[127.348949,35.530779],[127.349026,35.530779],[127.349026,35.530784],[127.349048,35.530788],[127.349053,35.530797],[127.349064,35.530797],[127.349064,35.530802],[127.349125,35.530847],[127.349125,35.530856],[127.349131,35.530856],[127.349131,35.530865],[127.349136,35.530865],[127.349136,35.530878],[127.349142,35.530878],[127.349142,35.530905],[127.349148,35.530905],[127.349159,35.530932],[127.34917,35.530937],[127.34917,35.530946],[127.349175,35.530946],[127.349186,35.530973],[127.349198,35.530977],[127.349198,35.530986],[127.349203,35.530986],[127.349203,35.530995],[127.349209,35.530995],[127.349209,35.531004],[127.349214,35.531004],[127.349214,35.531013],[127.34922,35.531013],[127.34922,35.531036],[127.349214,35.531036],[127.349214,35.531045],[127.349209,35.531045],[127.34917,35.531081],[127.349159,35.531081],[127.349159,35.531085],[127.349148,35.531085],[127.349148,35.53109],[127.349126,35.53109]]]}},{"type":"Feature","properties":{"pair":"2508-2510","cls":"veg_loss","area_m2":846.8,"score":0.706},"geometry":{"type":"Polygon","coordinates":[[[127.356525,35.531122],[127.356525,35.531118],[127.356503,35.531118],[127.356503,35.531113],[127.356481,35.531109],[127.356481,35.531104],[127.356459,35.531091],[127.356459,35.531082],[127.356453,35.531082],[127.356453,35.531073],[127.356448,35.531073],[127.356447,35.53106],[127.356442,35.53106],[127.356442,35.53101],[127.356447,35.53101],[127.356453,35.530978],[127.356447,35.530978],[127.356447,35.53096],[127.356442,35.53096],[127.356441,35.530951],[127.356436,35.530951],[127.356436,35.530942],[127.35643,35.530942],[127.35643,35.530933],[127.356425,35.530933],[127.356425,35.530924],[127.356419,35.530924],[127.356419,35.530915],[127.356414,35.530915],[127.356414,35.530906],[127.356408,35.530906],[127.356403,35.530866],[127.356408,35.530866],[127.356408,35.530852],[127.356413,35.530852],[127.356413,35.530843],[127.356419,35.530843],[127.356424,35.530812],[127.35643,35.530812],[127.35643,35.530771],[127.356435,35.530771],[127.356435,35.530762],[127.356441,35.530762],[127.356446,35.530753],[127.356457,35.530753],[127.356457,35.530749],[127.356485,35.530748],[127.356485,35.530744],[127.356545,35.530739],[127.356545,35.530735],[127.356578,35.530735],[127.356578,35.53073],[127.356633,35.53073],[127.356633,35.530734],[127.356661,35.530739],[127.356667,35.530752],[127.356672,35.530752],[127.356667,35.530802],[127.356661,35.530802],[127.356662,35.530888],[127.356656,35.530888],[127.356662,35.531018],[127.356657,35.531018],[127.356657,35.531041],[127.356651,35.531041],[127.356651,35.531068],[127.356646,35.531068],[127.356646,35.531086],[127.356641,35.531086],[127.356641,35.531095],[127.356635,35.531095],[127.35663,35.531104],[127.356613,35.531104],[127.356613,35.531109],[127.356602,35.531109],[127.356602,35.531113],[127.356591,35.531113],[127.356591,35.531118],[127.356569,35.531118],[127.356569,35.531122],[127.356525,35.531122]]]}},{"type":"Feature","properties":{"pair":"2508-2510","cls":"veg_loss","area_m2":158.6,"score":0.629},"geometry":{"type":"Polygon","coordinates":[[[127.353579,35.530775],[127.353579,35.530771],[127.353563,35.530771],[127.353563,35.530766],[127.353546,35.530766],[127.353546,35.530762],[127.35353,35.530762],[127.35353,35.530757],[127.353502,35.530757],[127.353502,35.530753],[127.353491,35.530753],[127.353491,35.530748],[127.353486,35.530748],[127.353491,35.53073],[127.353502,35.53073],[127.353502,35.530726],[127.35353,35.530726],[127.35353,35.530721],[127.353552,35.530717],[127.353579,35.530689],[127.353596,35.530689],[127.353596,35.530685],[127.353612,35.530685],[127.353612,35.53068],[127.353634,35.530676],[127.35364,35.530662],[127.353645,35.530662],[127.353656,35.530622],[127.353661,35.530622],[127.353667,35.530613],[127.3537,35.530612],[127.3537,35.530617],[127.353711,35.530621],[127.353722,35.530648],[127.353717,35.530648],[127.353717,35.530657],[127.353689,35.530676],[127.353662,35.530743],[127.353657,35.530743],[127.353635,35.530766],[127.353624,35.530766],[127.353624,35.53077],[127.353613,35.53077],[127.353613,35.530775],[127.353579,35.530775]]]}},{"type":"Feature","properties":{"pair":"2508-2510","cls":"built_new","area_m2":483.1,"score":0.707},"geometry":{"type":"Polygon","coordinates":[[[127.356545,35.530663],[127.356545,35.530658],[127.356473,35.530658],[127.356473,35.530654],[127.356451,35.530649],[127.356451,35.53064],[127.356446,35.53064],[127.356445,35.5306],[127.35644,35.5306],[127.356434,35.530591],[127.356412,35.530591],[127.356412,35.530595],[127.356401,35.530595],[127.356401,35.5306],[127.356368,35.530591],[127.356368,35.530587],[127.356352,35.530578],[127.356352,35.530569],[127.356335,35.53056],[127.356329,35.530542],[127.356324,35.530542],[127.356324,35.530528],[127.356318,35.530528],[127.356324,35.530501],[127.356335,35.530501],[127.356335,35.530497],[127.356439,35.530496],[127.356439,35.530492],[127.356467,35.530492],[127.356467,35.530487],[127.356555,35.530487],[127.356555,35.530491],[127.356643,35.530491],[127.356643,35.530496],[127.356654,35.530496],[127.35666,35.530509],[127.356666,35.530509],[127.356666,35.530554],[127.356671,35.530554],[127.356672,35.530626],[127.356666,35.530626],[127.356661,35.530649],[127.356644,35.530653],[127.356644,35.530658],[127.356628,35.530658],[127.356628,35.530662],[127.356545,35.530663]]]}},{"type":"Feature","properties":{"pair":"2508-2510","cls":"veg_loss","area_m2":26.4,"score":0.62},"geometry":{"type":"Polygon","coordinates":[[[127.350497,35.53055],[127.350497,35.530545],[127.35048,35.530541],[127.350475,35.530518],[127.35048,35.530518],[127.35048,35.530505],[127.350486,35.530505],[127.350496,35.530491],[127.350519,35.530487],[127.350519,35.530491],[127.35053,35.530491],[127.35053,35.5305],[127.350535,35.5305],[127.350535,35.530523],[127.35053,35.530523],[127.35053,35.530532],[127.350524,35.530532],[127.350513,35.530545],[127.350497,35.53055]]]}},{"type":"Feature","properties":{"pair":"2508-2510","cls":"veg_loss","area_m2":1642.4,"score":0.904},"geometry":{"type":"Polygon","coordinates":[[[127.349363,35.53099],[127.349363,35.530986],[127.349352,35.530986],[127.349352,35.530981],[127.349313,35.530954],[127.349313,35.530945],[127.349291,35.530932],[127.349291,35.530923],[127.349274,35.530914],[127.349274,35.530905],[127.349263,35.5309],[127.349263,35.530891],[127.349258,35.530891],[127.349252,35.530878],[127.349241,35.530873],[127.349241,35.530864],[127.349236,35.530864],[127.349224,35.530837],[127.349208,35.530828],[127.349208,35.530819],[127.349202,35.530819],[127.349202,35.530815],[127.349169,35.530792],[127.349169,35.530783],[127.349153,35.530774],[127.349153,35.530765],[127.349147,35.530765],[127.349147,35.530756],[127.349141,35.530756],[127.349141,35.530747],[127.349136,35.530747],[127.349125,35.53072],[127.349114,35.530716],[127.349114,35.530707],[127.349108,35.530707],[127.349108,35.530698],[127.349103,35.530698],[127.349103,35.530689],[127.349097,35.530689],[127.349097,35.53068],[127.349092,35.53068],[127.349091,35.530657],[127.349097,35.530657],[127.349102,35.53063],[127.349113,35.530626],[127.349113,35.530617],[127.349119,35.530617],[127.349119,35.530608],[127.34913,35.530603],[127.349135,35.530585],[127.349152,35.530576],[127.349152,35.530567],[127.349163,35.530563],[127.349163,35.530554],[127.349174,35.530549],[127.349179,35.530531],[127.34919,35.530526],[127.34919,35.530517],[127.349196,35.530517],[127.349196,35.530508],[127.349201,35.530508],[127.349201,35.530499],[127.349206,35.530499],[127.349206,35.530486],[127.349212,35.530486],[127.349212,35.530472],[127.349217,35.530472],[127.349217,35.530454],[127.349223,35.530454],[127.349223,35.530441],[127.349228,35.530441],[127.349228,35.530427],[127.349234,35.530427],[127.349234,35.530414],[127.349239,35.530414],[127.34925,35.530387],[127.349256,35.530387],[127.349261,35.530378],[127.349283,35.530373],[127.349283,35.530368],[127.349404,35.530355],[127.349404,35.530359],[127.349432,35.530363],[127.349432,35.530368],[127.349443,35.530372],[127.349443,35.530381],[127.349449,35.530381],[127.349444,35.530575],[127.349449,35.530575],[127.349455,35.530638],[127.349461,35.530638],[127.349461,35.530656],[127.349466,35.530656],[127.349472,35.530688],[127.349477,35.530688],[127.349483,35.53076],[127.349478,35.53076],[127.349478,35.530787],[127.349472,35.530787],[127.349473,35.530909],[127.349467,35.530909],[127.349467,35.530918],[127.349456,35.530922],[127.349456,35.530931],[127.34944,35.53094],[127.34944,35.530949],[127.349434,35.530949],[127.349435,35.530958],[127.349429,35.530958],[127.349429,35.530967],[127.349424,35.530967],[127.349424,35.530976],[127.349418,35.530976],[127.349413,35.530985],[127.349402,35.530985],[127.349402,35.53099],[127.349363,35.53099]]]}},{"type":"Feature","properties":{"pair":"2508-2510","cls":"veg_loss","area_m2":569.8,"score":0.676},"geometry":{"type":"Polygon","coordinates":[[[127.350255,35.530677],[127.350255,35.530672],[127.350244,35.530668],[127.350244,35.530659],[127.350238,35.530659],[127.350243,35.530623],[127.350249,35.530623],[127.35026,35.530595],[127.350293,35.530577],[127.350293,35.530568],[127.350298,35.530568],[127.350298,35.530546],[127.350293,35.530546],[127.350293,35.530528],[127.350287,35.530528],[127.350282,35.53051],[127.350276,35.53051],[127.350271,35.530501],[127.350259,35.530501],[127.350254,35.530492],[127.350243,35.530492],[127.350243,35.530487],[127.350226,35.530478],[127.350226,35.530469],[127.350221,35.530469],[127.350226,35.530451],[127.350259,35.530429],[127.350259,35.530424],[127.350254,35.530424],[127.350254,35.530411],[127.350248,35.530411],[127.350248,35.530402],[127.350243,35.530402],[127.350242,35.530393],[127.350237,35.530393],[127.350237,35.530384],[127.350231,35.530384],[127.350231,35.530361],[127.350237,35.530361],[127.350237,35.530352],[127.350242,35.530352],[127.350248,35.530343],[127.350259,35.530343],[127.350259,35.530339],[127.350314,35.530338],[127.350314,35.530334],[127.350363,35.530334],[127.350364,35.530338],[127.350397,35.530338],[127.350397,35.530343],[127.350474,35.530342],[127.350474,35.530338],[127.350485,35.530338],[127.350485,35.530333],[127.350496,35.530333],[127.350496,35.530329],[127.350512,35.530329],[127.350512,35.530324],[127.350601,35.530324],[127.350601,35.530329],[127.350617,35.530329],[127.350617,35.530333],[127.350634,35.530342],[127.350634,35.530351],[127.350639,35.530351],[127.350639,35.530369],[127.350634,35.530369],[127.350634,35.530378],[127.350628,35.530378],[127.350606,35.530401],[127.350595,35.530401],[127.35059,35.53041],[127.350579,35.53041],[127.350579,35.530414],[127.350568,35.530414],[127.350568,35.530419],[127.350546,35.530419],[127.350546,35.530414],[127.350529,35.530414],[127.350529,35.53041],[127.350513,35.53041],[127.350513,35.530405],[127.350452,35.530401],[127.350452,35.530406],[127.350441,35.530406],[127.350441,35.53041],[127.35043,35.530415],[127.35043,35.530424],[127.350425,35.530424],[127.350425,35.530455],[127.350419,35.530455],[127.350419,35.530464],[127.350414,35.530464],[127.350408,35.530473],[127.350397,35.530473],[127.350397,35.530478],[127.350381,35.530487],[127.350381,35.530496],[127.350375,35.530496],[127.350375,35.530505],[127.35037,35.530505],[127.350364,35.530541],[127.350359,35.530541],[127.350359,35.53055],[127.350353,35.53055],[127.350348,35.530564],[127.350342,35.530564],[127.350343,35.530586],[127.350348,35.530586],[127.350348,35.5306],[127.350354,35.5306],[127.350354,35.530609],[127.350359,35.530609],[127.350359,35.53064],[127.350354,35.53064],[127.350354,35.530649],[127.350348,35.530649],[127.350343,35.530658],[127.350332,35.530658],[127.350326,35.530667],[127.350315,35.530667],[127.350315,35.530672],[127.350299,35.530672],[127.350299,35.530676],[127.350255,35.530677]],[[127.350303,35.530456],[127.350336,35.530456],[127.350336,35.530451],[127.350347,35.530451],[127.350353,35.530428],[127.350347,35.530428],[127.350342,35.530419],[127.350325,35.530419],[127.350325,35.530415],[127.350281,35.53042],[127.350281,35.530424],[127.35027,35.530429],[127.35027,35.530442],[127.350276,35.530442],[127.350281,35.530451],[127.350303,35.530451],[127.350303,35.530456]]]}},{"type":"Feature","properties":{"pair":"2508-2510","cls":"veg_loss","area_m2":2342.4,"score":0.797},"geometry":{"type":"Polygon","coordinates":[[[127.349594,35.530872],[127.349594,35.530868],[127.349583,35.530868],[127.349583,35.530859],[127.349577,35.530859],[127.349583,35.530805],[127.349577,35.530805],[127.349572,35.530787],[127.349561,35.530782],[127.349561,35.530773],[127.349555,35.530773],[127.349555,35.530764],[127.349549,35.530764],[127.349549,35.530746],[127.349544,35.530746],[127.349544,35.530701],[127.349538,35.530701],[127.349538,35.530661],[127.349532,35.530661],[127.349532,35.530589],[127.349527,35.530589],[127.349527,35.530566],[127.349521,35.530566],[127.349521,35.530553],[127.349515,35.530553],[127.349515,35.530535],[127.34951,35.530535],[127.34951,35.530516],[127.349504,35.530517],[127.349504,35.530489],[127.349499,35.530489],[127.349498,35.530453],[127.349504,35.530453],[127.349504,35.530431],[127.349509,35.530431],[127.349509,35.530395],[127.349504,35.530395],[127.349509,35.530368],[127.349515,35.530368],[127.349526,35.530354],[127.349537,35.530354],[127.349542,35.530345],[127.349564,35.530341],[127.349564,35.530336],[127.349603,35.530331],[127.349603,35.530327],[127.349658,35.530327],[127.349658,35.530322],[127.349713,35.530322],[127.349713,35.530327],[127.349746,35.530331],[127.349746,35.530336],[127.349757,35.530336],[127.349763,35.530345],[127.349774,35.530344],[127.349785,35.530358],[127.349807,35.530358],[127.349823,35.53034],[127.349834,35.53034],[127.349834,35.530335],[127.349845,35.530335],[127.349845,35.530331],[127.349873,35.530331],[127.349873,35.530335],[127.349895,35.530335],[127.349895,35.53034],[127.349978,35.530339],[127.349978,35.530344],[127.350016,35.530344],[127.350016,35.530348],[127.350066,35.530348],[127.350066,35.530353],[127.350093,35.530357],[127.350099,35.530371],[127.350105,35.530371],[127.350105,35.530384],[127.350099,35.530384],[127.350099,35.530393],[127.350094,35.530393],[127.350094,35.530402],[127.350088,35.530402],[127.350088,35.530438],[127.350094,35.530438],[127.3501,35.530479],[127.350105,35.530479],[127.350106,35.530636],[127.350111,35.530636],[127.350111,35.530663],[127.350117,35.530663],[127.350117,35.530713],[127.350112,35.530713],[127.350106,35.530731],[127.350101,35.530731],[127.350095,35.53074],[127.350084,35.53074],[127.350068,35.530758],[127.350057,35.530758],[127.350051,35.530767],[127.35004,35.530767],[127.350035,35.530776],[127.350002,35.530781],[127.350002,35.530785],[127.349963,35.530786],[127.349963,35.530781],[127.349941,35.530781],[127.349941,35.530777],[127.349908,35.530772],[127.349908,35.530768],[127.349897,35.530768],[127.349897,35.530763],[127.349875,35.53075],[127.349875,35.530736],[127.349869,35.530736],[127.349869,35.530696],[127.349863,35.530696],[127.349863,35.530655],[127.349858,35.530655],[127.349858,35.530615],[127.349852,35.530615],[127.349852,35.530565],[127.349846,35.530565],[127.34984,35.530502],[127.349835,35.530502],[127.349851,35.530421],[127.349846,35.530421],[127.34984,35.530403],[127.349835,35.530403],[127.349823,35.530389],[127.349801,35.530389],[127.349801,35.530394],[127.34979,35.530399],[127.349791,35.530417],[127.349785,35.530417],[127.349785,35.530444],[127.349791,35.530444],[127.349791,35.530547],[127.349797,35.530547],[127.349797,35.530642],[127.349791,35.530642],[127.349792,35.530746],[127.349786,35.530746],[127.349786,35.530759],[127.349781,35.530759],[127.349775,35.530768],[127.349764,35.530768],[127.349764,35.530773],[127.349687,35.530773],[127.349687,35.530777],[127.34966,35.530777],[127.34966,35.530782],[127.349632,35.530787],[127.349632,35.530791],[127.349621,35.530796],[127.349621,35.530805],[127.349616,35.530805],[127.349616,35.530823],[127.349621,35.530823],[127.349627,35.53085],[127.349621,35.53085],[127.349622,35.530859],[127.349616,35.530859],[127.349611,35.530868],[127.349594,35.530872]]]}},{"type":"Feature","properties":{"pair":"2508-2510","cls":"veg_loss","area_m2":195.2,"score":0.644},"geometry":{"type":"Polygon","coordinates":[[[127.356533,35.530401],[127.356533,35.530397],[127.356522,35.530397],[127.356522,35.530392],[127.356483,35.530388],[127.356483,35.530383],[127.356461,35.530379],[127.356461,35.530374],[127.356444,35.53037],[127.356444,35.530366],[127.356417,35.530366],[127.356417,35.53037],[127.356406,35.53037],[127.356406,35.530375],[127.3564,35.530375],[127.356389,35.530388],[127.356378,35.530388],[127.356378,35.530393],[127.356323,35.530393],[127.356323,35.530388],[127.356301,35.530388],[127.356301,35.530384],[127.356274,35.53038],[127.356274,35.530375],[127.35624,35.530353],[127.356229,35.530326],[127.356235,35.530326],[127.35624,35.530312],[127.356251,35.530312],[127.356251,35.530307],[127.356262,35.530307],[127.356262,35.530303],[127.35629,35.530303],[127.35629,35.530298],[127.356356,35.530303],[127.356356,35.530307],[127.356372,35.530307],[127.356372,35.530312],[127.356384,35.530312],[127.356384,35.530316],[127.356422,35.530321],[127.356422,35.530325],[127.356455,35.530329],[127.356455,35.530334],[127.356466,35.530334],[127.356466,35.530338],[127.356494,35.530338],[127.356494,35.530343],[127.356521,35.530347],[127.356527,35.530361],[127.356533,35.530361],[127.356544,35.530374],[127.356566,35.530379],[127.356566,35.530397],[127.356533,35.530401]]]}},{"type":"Feature","properties":{"pair":"2508-2510","cls":"veg_loss","area_m2":1156.0,"score":0.837},"geometry":{"type":"Polygon","coordinates":[[[127.35155,35.5307],[127.35155,35.530695],[127.351506,35.530691],[127.351506,35.530686],[127.351473,35.530678],[127.351473,35.530673],[127.351429,35.530642],[127.351429,35.530628],[127.351423,35.530628],[127.351423,35.530592],[127.351418,35.530592],[127.351418,35.530579],[127.351412,35.530579],[127.351406,35.530561],[127.351412,35.530561],[127.351412,35.530552],[127.351423,35.530551],[127.351423,35.530547],[127.351478,35.530551],[127.351478,35.530547],[127.351484,35.530547],[127.351483,35.530533],[127.351478,35.530533],[127.351456,35.530511],[127.351445,35.530511],[127.351434,35.530497],[127.351412,35.530493],[127.351406,35.530484],[127.351395,35.530484],[127.35139,35.530475],[127.351378,35.530475],[127.351373,35.530466],[127.351362,35.530466],[127.351362,35.530462],[127.35134,35.530448],[127.35134,35.530439],[127.351334,35.530439],[127.351334,35.53043],[127.351329,35.53043],[127.351329,35.530417],[127.351323,35.530417],[127.351323,35.530367],[127.351328,35.530367],[127.351328,35.53034],[127.351334,35.53034],[127.351339,35.530313],[127.351345,35.530313],[127.35135,35.530295],[127.351361,35.53029],[127.351361,35.530281],[127.351372,35.530277],[127.351372,35.530268],[127.351378,35.530268],[127.351394,35.53025],[127.351405,35.53025],[127.351405,35.530245],[127.351455,35.530249],[127.35146,35.530258],[127.351482,35.530263],[127.351482,35.530267],[127.351499,35.530272],[127.351504,35.530281],[127.351515,35.530281],[127.351515,35.530285],[127.351549,35.530294],[127.351554,35.530303],[127.351576,35.530308],[127.351576,35.530312],[127.351593,35.530317],[127.351598,35.530326],[127.351609,35.530326],[127.351609,35.53033],[127.35162,35.53033],[127.351626,35.530339],[127.351648,35.530344],[127.351654,35.530353],[127.351665,35.530353],[127.35167,35.530361],[127.351681,35.530361],[127.351681,35.530366],[127.35172,35.530393],[127.35172,35.530402],[127.351725,35.530402],[127.351726,35.530411],[127.351731,35.530411],[127.351731,35.530424],[127.351737,35.530424],[127.351737,35.530442],[127.351742,35.530442],[127.351742,35.530487],[127.351737,35.530487],[127.351737,35.530497],[127.351731,35.530497],[127.351731,35.530506],[127.351726,35.530506],[127.351726,35.530515],[127.35172,35.530515],[127.351721,35.530524],[127.351715,35.530524],[127.351715,35.530533],[127.35171,35.530533],[127.351699,35.53056],[127.351693,35.53056],[127.351677,35.530578],[127.351666,35.530578],[127.351666,35.530582],[127.351622,35.530582],[127.351622,35.530578],[127.351605,35.530578],[127.351605,35.530573],[127.351572,35.530574],[127.351572,35.530578],[127.351566,35.530578],[127.351566,35.530592],[127.351616,35.530628],[127.351616,35.530664],[127.351611,35.530664],[127.351611,35.530673],[127.351605,35.530673],[127.351583,35.530695],[127.35155,35.5307]]]}},{"type":"Feature","properties":{"pair":"2508-2510","cls":"veg_loss","area_m2":148.2,"score":0.719},"geometry":{"type":"Polygon","coordinates":[[[127.351653,35.53028],[127.351653,35.530276],[127.351642,35.530276],[127.351642,35.530271],[127.351631,35.530271],[127.351631,35.530267],[127.35162,35.530267],[127.35162,35.530263],[127.351609,35.530263],[127.351609,35.530258],[127.351598,35.530258],[127.351598,35.530254],[127.351582,35.530254],[127.351581,35.530249],[127.351559,35.530245],[127.351554,35.530236],[127.351532,35.530231],[127.351526,35.530222],[127.351504,35.530218],[127.351499,35.530209],[127.351477,35.530204],[127.351477,35.5302],[127.351443,35.530177],[127.351443,35.530164],[127.351438,35.530164],[127.351443,35.530137],[127.351449,35.530137],[127.351454,35.530128],[127.351465,35.530128],[127.351465,35.530123],[127.351487,35.530123],[127.351487,35.530128],[127.351509,35.530132],[127.35152,35.530146],[127.351531,35.530146],[127.351554,35.530168],[127.351565,35.530168],[127.351565,35.530173],[127.35157,35.530173],[127.351625,35.530222],[127.351636,35.530222],[127.351637,35.530226],[127.35167,35.530249],[127.35167,35.530258],[127.351681,35.530262],[127.351681,35.530271],[127.351675,35.530271],[127.35167,35.53028],[127.351653,35.53028]]]}},{"type":"Feature","properties":{"pair":"2508-2510","cls":"veg_loss","area_m2":141.5,"score":0.636},"geometry":{"type":"Polygon","coordinates":[[[127.351141,35.530268],[127.351141,35.530264],[127.351129,35.530264],[127.351129,35.530259],[127.351113,35.53025],[127.351102,35.530205],[127.351096,35.530205],[127.351091,35.530196],[127.35108,35.530196],[127.35108,35.530192],[127.351052,35.530188],[127.351052,35.530179],[127.351046,35.530179],[127.351063,35.530138],[127.351068,35.530138],[127.351079,35.530124],[127.35109,35.530124],[127.35109,35.53012],[127.351112,35.53012],[127.351112,35.530124],[127.351134,35.530129],[127.35114,35.530138],[127.351151,35.530138],[127.351162,35.530151],[127.351173,35.530151],[127.351173,35.530156],[127.351184,35.53016],[127.351184,35.530169],[127.35119,35.530169],[127.35119,35.530178],[127.351195,35.530178],[127.351195,35.530223],[127.351201,35.530223],[127.351201,35.530241],[127.351196,35.530241],[127.351196,35.53025],[127.35119,35.53025],[127.351179,35.530264],[127.351168,35.530264],[127.351168,35.530268],[127.351141,35.530268]]]}},{"type":"Feature","properties":{"pair":"2508-2510","cls":"veg_loss","area_m2":428.6,"score":0.681},"geometry":{"type":"Polygon","coordinates":[[[127.353947,35.530377],[127.353947,35.530373],[127.353936,35.530373],[127.353936,35.530368],[127.353925,35.530364],[127.353919,35.530346],[127.353914,35.530346],[127.353903,35.530332],[127.353886,35.530332],[127.353886,35.530328],[127.353875,35.530328],[127.353875,35.530324],[127.353859,35.530315],[127.353853,35.530283],[127.353858,35.530283],[127.353858,35.530265],[127.353864,35.530265],[127.353864,35.530251],[127.353869,35.530251],[127.353869,35.530233],[127.353875,35.530233],[127.353875,35.530215],[127.35388,35.530215],[127.353891,35.530175],[127.353897,35.530175],[127.353897,35.530166],[127.353902,35.530166],[127.353902,35.530157],[127.353908,35.530157],[127.353907,35.530148],[127.353913,35.530148],[127.353918,35.530112],[127.353924,35.530112],[127.353924,35.530103],[127.353929,35.530103],[127.353935,35.530093],[127.353962,35.530089],[127.353962,35.530093],[127.353973,35.530093],[127.353973,35.530098],[127.353984,35.530098],[127.353984,35.530102],[127.353996,35.530107],[127.353996,35.530125],[127.353985,35.530125],[127.353985,35.530129],[127.353974,35.530129],[127.353974,35.530134],[127.353963,35.530134],[127.353963,35.530138],[127.353952,35.530143],[127.353952,35.530166],[127.353957,35.530166],[127.353968,35.530179],[127.353996,35.530183],[127.353996,35.530188],[127.354034,35.530188],[127.354034,35.530183],[127.354062,35.530188],[127.354062,35.530192],[127.354073,35.530197],[127.354073,35.530206],[127.354079,35.530206],[127.35409,35.530233],[127.354095,35.530233],[127.354101,35.530269],[127.354095,35.530269],[127.354096,35.530287],[127.35409,35.530287],[127.354085,35.530314],[127.354079,35.530314],[127.354079,35.530323],[127.354074,35.530323],[127.354074,35.530332],[127.354068,35.530332],[127.354068,35.530341],[127.354063,35.530341],[127.354057,35.53035],[127.354046,35.53035],[127.354046,35.530355],[127.35403,35.530359],[127.35403,35.530364],[127.353997,35.530368],[127.353997,35.530373],[127.353947,35.530377]]]}},{"type":"Feature","properties":{"pair":"2508-2510","cls":"veg_loss","area_m2":107.1,"score":0.698},"geometry":{"type":"Polygon","coordinates":[[[127.351277,35.530065],[127.351277,35.530061],[127.351261,35.530061],[127.351255,35.530052],[127.351244,35.530052],[127.351239,35.530043],[127.351206,35.530034],[127.3512,35.530025],[127.351189,35.530025],[127.351189,35.53002],[127.351178,35.530016],[127.351178,35.530007],[127.351172,35.530007],[127.351172,35.529984],[127.351178,35.529984],[127.351178,35.529975],[127.351183,35.529975],[127.351205,35.529953],[127.351216,35.529953],[127.351216,35.529948],[127.351255,35.529953],[127.351255,35.529957],[127.351288,35.52998],[127.351288,35.529989],[127.351294,35.529989],[127.351294,35.529998],[127.351299,35.529998],[127.351299,35.530007],[127.351305,35.530007],[127.351305,35.530025],[127.35131,35.530025],[127.351316,35.530052],[127.35131,35.530052],[127.351311,35.530061],[127.3513,35.530061],[127.3513,35.530065],[127.351277,35.530065]]]}},{"type":"Feature","properties":{"pair":"2508-2510","cls":"veg_loss","area_m2":242.4,"score":0.644},"geometry":{"type":"Polygon","coordinates":[[[127.354177,35.530061],[127.354177,35.530057],[127.354155,35.530052],[127.354127,35.530025],[127.354116,35.530025],[127.354116,35.530021],[127.354105,35.530021],[127.354105,35.530016],[127.354089,35.530016],[127.354089,35.530012],[127.354072,35.530012],[127.354072,35.530007],[127.35405,35.529994],[127.35405,35.529985],[127.354045,35.529985],[127.354045,35.529962],[127.35405,35.529962],[127.35405,35.529953],[127.354055,35.529953],[127.354066,35.52994],[127.354094,35.529935],[127.354094,35.529931],[127.354105,35.529931],[127.354105,35.529926],[127.354122,35.529926],[127.354122,35.529922],[127.354133,35.529922],[127.354133,35.529917],[127.354144,35.529917],[127.354144,35.529913],[127.354232,35.529908],[127.354232,35.529912],[127.354243,35.529912],[127.354248,35.529926],[127.354254,35.529926],[127.354254,35.529966],[127.35426,35.529966],[127.354254,35.530038],[127.354249,35.530038],[127.354249,35.530048],[127.354243,35.530048],[127.354238,35.530057],[127.354227,35.530057],[127.354227,35.530061],[127.354177,35.530061]]]}},{"type":"Feature","properties":{"pair":"2508-2510","cls":"veg_loss","area_m2":45.1,"score":0.614},"geometry":{"type":"Polygon","coordinates":[[[127.354359,35.529975],[127.354359,35.529971],[127.354348,35.529971],[127.354348,35.529962],[127.354342,35.529962],[127.354348,35.529935],[127.354342,35.529935],[127.354342,35.529926],[127.354337,35.529926],[127.354331,35.529912],[127.354325,35.529912],[127.354331,35.52989],[127.354347,35.529885],[127.354347,35.52988],[127.354358,35.52988],[127.354358,35.529885],[127.354375,35.529889],[127.354375,35.529898],[127.354381,35.529898],[127.354381,35.529921],[127.354386,35.529921],[127.354392,35.529939],[127.354397,35.529939],[127.354403,35.529952],[127.354408,35.529952],[127.354403,35.529966],[127.354392,35.529966],[127.354392,35.52997],[127.354381,35.529971],[127.354381,35.529975],[127.354359,35.529975]]]}},{"type":"Feature","properties":{"pair":"2508-2510","cls":"veg_loss","area_m2":112.6,"score":0.64},"geometry":{"type":"Polygon","coordinates":[[[127.354524,35.529984],[127.354524,35.529979],[127.354497,35.529975],[127.354497,35.52997],[127.354486,35.52997],[127.354486,35.529966],[127.354469,35.529961],[127.354469,35.529948],[127.354474,35.529948],[127.354474,35.529943],[127.354485,35.529939],[127.354485,35.52993],[127.354491,35.52993],[127.354485,35.52988],[127.354491,35.52988],[127.354491,35.529871],[127.354496,35.529871],[127.354502,35.529862],[127.354529,35.529862],[127.354529,35.529866],[127.354562,35.529875],[127.354562,35.52988],[127.354596,35.529902],[127.354596,35.529916],[127.354601,35.529916],[127.354601,35.529934],[127.354596,35.529934],[127.35459,35.529956],[127.354585,35.529956],[127.354563,35.529979],[127.354552,35.529979],[127.354552,35.529984],[127.354524,35.529984]]]}},{"type":"Feature","properties":{"pair":"2508-2510","cls":"veg_loss","area_m2":1180.6,"score":0.682},"geometry":{"type":"Polygon","coordinates":[[[127.356444,35.530203],[127.356444,35.530199],[127.356433,35.530199],[127.356427,35.53019],[127.356416,35.53019],[127.356416,35.530185],[127.356405,35.530185],[127.356405,35.530181],[127.356366,35.530181],[127.356366,35.530185],[127.356355,35.530186],[127.356355,35.53019],[127.356344,35.53019],[127.356344,35.530195],[127.356333,35.530195],[127.356333,35.530199],[127.356289,35.530199],[127.356289,35.530195],[127.356207,35.530195],[127.356207,35.530199],[127.356179,35.5302],[127.356179,35.530195],[127.356168,35.530195],[127.356168,35.530191],[127.356146,35.530177],[127.356146,35.530168],[127.35614,35.530168],[127.35614,35.53015],[127.356135,35.53015],[127.356135,35.530101],[127.35614,35.530101],[127.35614,35.530092],[127.356178,35.530064],[127.356178,35.530055],[127.356184,35.530055],[127.356184,35.530024],[127.356189,35.530024],[127.356189,35.530015],[127.356195,35.530015],[127.356222,35.529988],[127.356255,35.529979],[127.356255,35.529974],[127.356272,35.529969],[127.356283,35.529956],[127.356294,35.529956],[127.356294,35.529951],[127.356305,35.529951],[127.356305,35.529947],[127.356316,35.529947],[127.356316,35.529942],[127.356327,35.529942],[127.356327,35.529938],[127.356338,35.529938],[127.356338,35.529933],[127.356349,35.529933],[127.356349,35.529929],[127.35636,35.529929],[127.35636,35.529924],[127.356371,35.529924],[127.356371,35.52992],[127.356382,35.52992],[127.356382,35.529915],[127.35642,35.52991],[127.35642,35.529906],[127.356431,35.529906],[127.356431,35.529901],[127.356464,35.529892],[127.356475,35.529879],[127.356497,35.529874],[127.356503,35.529865],[127.356514,35.529865],[127.356514,35.529861],[127.356525,35.529861],[127.356525,35.529856],[127.356536,35.529856],[127.356536,35.529852],[127.356547,35.529851],[127.356547,35.529847],[127.35658,35.529847],[127.35658,35.529851],[127.356591,35.529851],[127.356597,35.529865],[127.356602,35.529865],[127.356602,35.529905],[127.356597,35.529905],[127.356591,35.529932],[127.356586,35.529932],[127.356586,35.529941],[127.35658,35.529941],[127.356575,35.529978],[127.356569,35.529978],[127.35657,35.530041],[127.356575,35.530041],[127.356575,35.530059],[127.356581,35.530059],[127.356587,35.530099],[127.356592,35.530099],[127.356592,35.530108],[127.356598,35.530108],[127.356598,35.530117],[127.356609,35.530122],[127.356614,35.530144],[127.35662,35.530144],[127.35662,35.53018],[127.356614,35.53018],[127.356615,35.530189],[127.356603,35.530189],[127.356604,35.530194],[127.356526,35.530194],[127.356526,35.530199],[127.356504,35.530199],[127.356504,35.530203],[127.356444,35.530203]]]}},{"type":"Feature","properties":{"pair":"2508-2510","cls":"veg_loss","area_m2":805.4,"score":0.737},"geometry":{"type":"Polygon","coordinates":[[[127.35178,35.530199],[127.35178,35.530194],[127.351769,35.530194],[127.351769,35.53019],[127.351758,35.53019],[127.351758,35.530185],[127.351741,35.530186],[127.351741,35.530181],[127.351719,35.530177],[127.351708,35.530163],[127.351697,35.530163],[127.351697,35.530159],[127.35168,35.530154],[127.351675,35.530145],[127.351664,35.530145],[127.351664,35.530141],[127.351653,35.530141],[127.351647,35.530132],[127.351636,35.530132],[127.351636,35.530127],[127.351592,35.530096],[127.351592,35.530087],[127.351581,35.530082],[127.351575,35.530064],[127.35157,35.530064],[127.351548,35.530042],[127.351525,35.530037],[127.351481,35.529997],[127.35147,35.529997],[127.35147,35.529993],[127.351459,35.529993],[127.351459,35.529988],[127.351443,35.529988],[127.351443,35.529984],[127.35142,35.529984],[127.35142,35.529979],[127.351398,35.529979],[127.351398,35.529975],[127.351365,35.52997],[127.351365,35.529966],[127.351343,35.529961],[127.351338,35.529952],[127.351327,35.529952],[127.351327,35.529948],[127.351293,35.529925],[127.351293,35.529916],[127.351288,35.529916],[127.351288,35.529907],[127.351282,35.529907],[127.351282,35.529871],[127.351288,35.529871],[127.351288,35.529862],[127.351293,35.529862],[127.351304,35.529835],[127.35131,35.529835],[127.35131,35.529831],[127.351321,35.529826],[127.35132,35.529817],[127.351326,35.529817],[127.351348,35.529795],[127.351359,35.529795],[127.351403,35.529754],[127.351414,35.529754],[127.351414,35.529749],[127.351447,35.529749],[127.351447,35.529754],[127.351469,35.529758],[127.351469,35.529763],[127.351497,35.529781],[127.351497,35.52979],[127.351508,35.529794],[127.351508,35.529803],[127.351519,35.529808],[127.351519,35.529817],[127.351536,35.529826],[127.351536,35.529835],[127.351541,35.529835],[127.351547,35.529848],[127.351558,35.529853],[127.351558,35.529862],[127.351563,35.529862],[127.351574,35.529889],[127.351585,35.529893],[127.351591,35.529911],[127.351602,35.529916],[127.351602,35.529925],[127.351635,35.529947],[127.351635,35.529956],[127.351641,35.529956],[127.351641,35.529961],[127.351652,35.529965],[127.351652,35.529974],[127.351657,35.529974],[127.351658,35.530001],[127.351652,35.530001],[127.351652,35.53001],[127.35163,35.530024],[127.35163,35.530046],[127.351636,35.530046],[127.351636,35.530055],[127.351641,35.530055],[127.351647,35.530064],[127.351658,35.530064],[127.351658,35.530069],[127.351713,35.530073],[127.351713,35.530077],[127.351735,35.530091],[127.351735,35.5301],[127.351763,35.530118],[127.351763,35.530127],[127.351779,35.530136],[127.351779,35.530145],[127.351785,35.530145],[127.351785,35.530154],[127.351796,35.530158],[127.351802,35.530181],[127.351807,35.530181],[127.351802,35.530199],[127.35178,35.530199]]]}},{"type":"Feature","properties":{"pair":"2508-2510","cls":"veg_loss","area_m2":597.5,"score":0.697},"geometry":{"type":"Polygon","coordinates":[[[127.351922,35.530063],[127.351922,35.530059],[127.351911,35.530059],[127.351911,35.530054],[127.3519,35.530054],[127.3519,35.53005],[127.351889,35.530045],[127.351889,35.530036],[127.351878,35.530032],[127.351878,35.530023],[127.351873,35.530023],[127.351851,35.53],[127.35184,35.53],[127.351834,35.529991],[127.351812,35.529987],[127.351812,35.529983],[127.351779,35.52996],[127.351779,35.529951],[127.351768,35.529947],[127.351768,35.529938],[127.351762,35.529938],[127.351756,35.529924],[127.351745,35.52992],[127.351745,35.529911],[127.35174,35.529911],[127.35174,35.529902],[127.351734,35.529902],[127.351734,35.529893],[127.351729,35.529893],[127.351729,35.529884],[127.351723,35.529884],[127.351723,35.529875],[127.351718,35.529875],[127.351707,35.529848],[127.351695,35.529843],[127.351695,35.529834],[127.351684,35.52983],[127.351684,35.529821],[127.351673,35.529816],[127.351673,35.529807],[127.351629,35.529776],[127.351629,35.529767],[127.351612,35.529758],[127.351612,35.529749],[127.351607,35.529749],[127.351607,35.52974],[127.351596,35.529735],[127.351596,35.529726],[127.351585,35.529722],[127.351585,35.529713],[127.35154,35.529681],[127.35154,35.529672],[127.351535,35.529672],[127.351535,35.529663],[127.351529,35.529663],[127.351529,35.529636],[127.351535,35.529636],[127.35154,35.529614],[127.351546,35.529614],[127.351562,35.529596],[127.351573,35.529596],[127.351573,35.529591],[127.351584,35.529591],[127.351584,35.529587],[127.351601,35.529587],[127.351601,35.529582],[127.351617,35.529582],[127.351617,35.529587],[127.351628,35.529587],[127.351628,35.529591],[127.35165,35.529604],[127.351656,35.529631],[127.351661,35.529631],[127.351667,35.529649],[127.351673,35.529649],[127.351678,35.529663],[127.351695,35.529672],[127.351695,35.529681],[127.3517,35.529681],[127.3517,35.52969],[127.351706,35.52969],[127.351706,35.529699],[127.351711,35.529699],[127.351711,35.529708],[127.351717,35.529708],[127.351723,35.529753],[127.351728,35.529753],[127.351734,35.529771],[127.351739,35.529771],[127.35175,35.529784],[127.351761,35.529784],[127.351761,35.529789],[127.351778,35.529798],[127.351778,35.529807],[127.351784,35.529807],[127.351811,35.529834],[127.351822,35.529834],[127.351839,35.529852],[127.35185,35.529852],[127.35185,35.529856],[127.3519,35.529892],[127.3519,35.529901],[127.351911,35.529906],[127.351911,35.529915],[127.351916,35.529915],[127.351916,35.529924],[127.351922,35.529924],[127.351922,35.529937],[127.351927,35.529937],[127.351927,35.529951],[127.351933,35.529951],[127.351933,35.529969],[127.351939,35.529969],[127.351939,35.529987],[127.351944,35.529987],[127.351944,35.530009],[127.35195,35.530009],[127.35195,35.530023],[127.351955,35.530023],[127.351955,35.53005],[127.35195,35.53005],[127.35195,35.530059],[127.351922,35.530063]]]}},{"type":"Feature","properties":{"pair":"2508-2510","cls":"built_new","area_m2":296.1,"score":0.713},"geometry":{"type":"Polygon","coordinates":[[[127.351794,35.529618],[127.351794,35.529613],[127.351777,35.529613],[127.351777,35.529609],[127.351744,35.5296],[127.351744,35.529595],[127.351727,35.529586],[127.351727,35.529577],[127.351722,35.529577],[127.351727,35.529564],[127.351733,35.529564],[127.351738,35.529555],[127.351749,35.529555],[127.351749,35.52955],[127.35176,35.52955],[127.35176,35.529546],[127.351771,35.529546],[127.351771,35.529541],[127.351782,35.529541],[127.351782,35.529536],[127.351815,35.529527],[127.351815,35.529523],[127.351832,35.529523],[127.351832,35.529518],[127.351843,35.529518],[127.351843,35.529514],[127.351854,35.529514],[127.351854,35.529509],[127.351876,35.529509],[127.351876,35.529505],[127.351892,35.529505],[127.351892,35.529509],[127.351986,35.529504],[127.351986,35.529509],[127.352008,35.529513],[127.352008,35.529518],[127.35203,35.529531],[127.35203,35.52954],[127.352036,35.52954],[127.352036,35.529549],[127.352042,35.529549],[127.352042,35.529558],[127.352047,35.529558],[127.352047,35.529567],[127.352053,35.529567],[127.352053,35.529594],[127.352047,35.529594],[127.352047,35.529603],[127.352042,35.529603],[127.352036,35.529612],[127.35202,35.529612],[127.35202,35.529617],[127.351794,35.529618]]]}},{"type":"Feature","properties":{"pair":"2508-2510","cls":"built_new","area_m2":29.6,"score":0.686},"geometry":{"type":"Polygon","coordinates":[[[127.350509,35.529558],[127.350509,35.529554],[127.350498,35.529554],[127.350498,35.529549],[127.350487,35.529545],[127.350481,35.529522],[127.350487,35.529522],[127.350492,35.529504],[127.350525,35.5295],[127.350525,35.529504],[127.350536,35.529504],[127.350542,35.529518],[127.350547,35.529518],[127.350548,35.529545],[127.350542,35.529545],[127.350537,35.529554],[127.350525,35.529554],[127.350526,35.529558],[127.350509,35.529558]]]}},{"type":"Feature","properties":{"pair":"2508-2510","cls":"built_new","area_m2":74.1,"score":0.66},"geometry":{"type":"Polygon","coordinates":[[[127.349141,35.529481],[127.349141,35.529477],[127.349125,35.529477],[127.349125,35.529472],[127.349103,35.529459],[127.349103,35.52945],[127.349097,35.52945],[127.349103,35.529432],[127.349136,35.529427],[127.349136,35.529422],[127.349163,35.529422],[127.349163,35.529418],[127.349196,35.529418],[127.349196,35.529413],[127.349246,35.529413],[127.349246,35.529418],[127.349257,35.529418],[127.349257,35.529436],[127.349252,35.529436],[127.349241,35.529449],[127.34923,35.529449],[127.349219,35.529463],[127.349208,35.529463],[127.349202,35.529472],[127.349174,35.529476],[127.349175,35.529481],[127.349141,35.529481]]]}},{"type":"Feature","properties":{"pair":"2508-2510","cls":"veg_loss","area_m2":72.9,"score":0.656},"geometry":{"type":"Polygon","coordinates":[[[127.355641,35.529467],[127.355641,35.529462],[127.35563,35.529462],[127.35563,35.529458],[127.355597,35.529435],[127.355597,35.529426],[127.355591,35.529426],[127.355591,35.529417],[127.355586,35.529417],[127.355586,35.529399],[127.355591,35.529399],[127.355591,35.52939],[127.355608,35.529386],[127.355608,35.529381],[127.355663,35.529376],[127.355663,35.529381],[127.355674,35.529381],[127.355674,35.529385],[127.35569,35.529394],[127.355696,35.52943],[127.355691,35.52943],[127.355691,35.529444],[127.355685,35.529444],[127.355669,35.529462],[127.355641,35.529467]]]}},{"type":"Feature","properties":{"pair":"2508-2510","cls":"veg_loss","area_m2":1561.2,"score":0.693},"geometry":{"type":"Polygon","coordinates":[[[127.355874,35.529759],[127.355874,35.529754],[127.355863,35.529754],[127.355863,35.52975],[127.355813,35.529714],[127.355813,35.529705],[127.355802,35.5297],[127.355802,35.529691],[127.355796,35.529691],[127.355796,35.529682],[127.355791,35.529682],[127.355791,35.529673],[127.355785,35.529673],[127.35578,35.529646],[127.355774,35.529646],[127.355763,35.529619],[127.355758,35.529619],[127.355757,35.529615],[127.355746,35.52961],[127.355746,35.529601],[127.355741,35.529601],[127.355746,35.529574],[127.355752,35.529574],[127.355768,35.529556],[127.355779,35.529556],[127.355779,35.529552],[127.35579,35.529552],[127.35579,35.529547],[127.355801,35.529547],[127.355801,35.529543],[127.355818,35.529543],[127.355818,35.529538],[127.355829,35.529538],[127.355829,35.529534],[127.355862,35.529525],[127.355867,35.529515],[127.355878,35.529515],[127.355922,35.529475],[127.35595,35.52947],[127.35595,35.529466],[127.356005,35.529461],[127.356005,35.529456],[127.356038,35.529447],[127.356065,35.52942],[127.356076,35.52942],[127.356087,35.529407],[127.356098,35.529407],[127.356104,35.529398],[127.356115,35.529398],[127.356115,35.529393],[127.356126,35.529393],[127.356126,35.529389],[127.356137,35.529389],[127.356137,35.529384],[127.356175,35.529379],[127.356175,35.529375],[127.356214,35.529375],[127.356214,35.52937],[127.356247,35.529375],[127.356253,35.529388],[127.356258,35.529388],[127.356258,35.529406],[127.356253,35.529406],[127.356253,35.52942],[127.356247,35.52942],[127.356247,35.52946],[127.356253,35.52946],[127.356253,35.529469],[127.356264,35.529474],[127.356264,35.529483],[127.356275,35.529487],[127.356275,35.529496],[127.356292,35.529501],[127.356292,35.529505],[127.356308,35.529505],[127.356308,35.529501],[127.356319,35.529501],[127.356319,35.529496],[127.35633,35.529496],[127.35633,35.529492],[127.356341,35.529492],[127.356341,35.529487],[127.356369,35.529487],[127.356369,35.529491],[127.356391,35.529496],[127.356391,35.5295],[127.356402,35.529505],[127.356402,35.529514],[127.356408,35.529514],[127.356408,35.529541],[127.356413,35.529541],[127.356424,35.529554],[127.356452,35.529559],[127.356452,35.529563],[127.356463,35.529568],[127.356463,35.529577],[127.356468,35.529577],[127.356463,35.529599],[127.356458,35.529599],[127.356452,35.529608],[127.356436,35.529608],[127.356436,35.529613],[127.356397,35.529613],[127.356397,35.529609],[127.356386,35.529609],[127.356386,35.529604],[127.356369,35.529595],[127.356369,35.529586],[127.356364,35.529586],[127.356353,35.529573],[127.356342,35.529573],[127.356342,35.529568],[127.356314,35.529568],[127.356314,35.529573],[127.356292,35.529577],[127.356292,35.529582],[127.356281,35.529586],[127.356281,35.529595],[127.356276,35.529595],[127.356276,35.529618],[127.356281,35.529618],[127.356287,35.529627],[127.356331,35.529631],[127.356331,35.529636],[127.356342,35.529636],[127.356342,35.529645],[127.356347,35.529645],[127.356342,35.529658],[127.356337,35.529658],[127.356315,35.529681],[127.356304,35.529681],[127.356304,35.529685],[127.356293,35.529685],[127.356293,35.52969],[127.356243,35.529695],[127.356243,35.529699],[127.356215,35.529699],[127.356215,35.529695],[127.356171,35.52969],[127.356171,35.529695],[127.35616,35.529695],[127.35616,35.529704],[127.356155,35.529704],[127.356122,35.529736],[127.356111,35.529736],[127.356111,35.52974],[127.3561,35.52974],[127.3561,35.529745],[127.356083,35.529745],[127.356083,35.529749],[127.35605,35.529749],[127.35605,35.529745],[127.356039,35.529745],[127.356039,35.52974],[127.356017,35.529727],[127.356017,35.529718],[127.356012,35.529718],[127.356006,35.529709],[127.355984,35.529704],[127.355984,35.529709],[127.355973,35.529709],[127.355973,35.529713],[127.355962,35.529718],[127.355962,35.529727],[127.355956,35.529727],[127.35594,35.529745],[127.355929,35.529745],[127.355929,35.52975],[127.355918,35.52975],[127.355918,35.529754],[127.355907,35.529754],[127.355907,35.529759],[127.355874,35.529759]]]}},{"type":"Feature","properties":{"pair":"2508-2510","cls":"veg_loss","area_m2":1180.0,"score":0.841},"geometry":{"type":"Polygon","coordinates":[[[127.354728,35.529848],[127.354728,35.529843],[127.354711,35.529843],[127.354711,35.529839],[127.354689,35.529834],[127.354683,35.529825],[127.354672,35.529825],[127.354667,35.529816],[127.354645,35.529812],[127.354639,35.529803],[127.354606,35.529794],[127.354601,35.529785],[127.354567,35.529776],[127.354562,35.529767],[127.354551,35.529767],[127.354551,35.529763],[127.35454,35.529763],[127.35454,35.529758],[127.354507,35.529749],[127.354501,35.52974],[127.35449,35.52974],[127.35449,35.529736],[127.354429,35.529691],[127.354429,35.529682],[127.354424,35.529682],[127.354424,35.529673],[127.354418,35.529673],[127.354418,35.529659],[127.354413,35.529659],[127.354412,35.529601],[127.354418,35.529601],[127.354418,35.529587],[127.354423,35.529587],[127.354423,35.529578],[127.354429,35.529578],[127.354429,35.529569],[127.354434,35.529569],[127.354434,35.52956],[127.35444,35.52956],[127.35444,35.529551],[127.354445,35.529551],[127.354445,35.529542],[127.354451,35.529542],[127.354451,35.529533],[127.354456,35.529533],[127.354483,35.529425],[127.354489,35.529425],[127.354489,35.529416],[127.354494,35.529416],[127.354494,35.529407],[127.3545,35.529407],[127.354511,35.52938],[127.354527,35.529375],[127.354527,35.529371],[127.354544,35.529375],[127.354544,35.52938],[127.354577,35.529402],[127.354577,35.529411],[127.354588,35.529416],[127.354588,35.529425],[127.354599,35.529429],[127.354599,35.529438],[127.354616,35.529447],[127.354616,35.529456],[127.354632,35.529465],[127.354632,35.529474],[127.354649,35.529483],[127.354649,35.529492],[127.354654,35.529492],[127.354654,35.529497],[127.354671,35.529505],[127.354671,35.529515],[127.354688,35.529523],[127.354688,35.529532],[127.354699,35.529537],[127.354699,35.529546],[127.354704,35.529546],[127.35471,35.529559],[127.354721,35.529564],[127.354726,35.529582],[127.354737,35.529586],[127.354738,35.529595],[127.354743,35.529595],[127.354749,35.529609],[127.35476,35.529613],[127.354765,35.529631],[127.354771,35.529631],[127.354776,35.529645],[127.354787,35.529649],[127.354793,35.529667],[127.354804,35.529672],[127.35481,35.52969],[127.354815,35.52969],[127.354821,35.529703],[127.354832,35.529708],[127.354837,35.529726],[127.354848,35.52973],[127.354848,35.529739],[127.354859,35.529744],[127.354859,35.529753],[127.354865,35.529753],[127.354871,35.529766],[127.354876,35.529766],[127.354876,35.529789],[127.354871,35.529789],[127.354865,35.529802],[127.354805,35.529821],[127.354799,35.52983],[127.354788,35.52983],[127.354783,35.529839],[127.354772,35.529839],[127.354772,35.529843],[127.354761,35.529843],[127.354761,35.529848],[127.354728,35.529848]]]}},{"type":"Feature","properties":{"pair":"2508-2510","cls":"veg_loss","area_m2":2545.5,"score":0.881},"geometry":{"type":"Polygon","coordinates":[[[127.352429,35.529873],[127.352429,35.529868],[127.352401,35.529864],[127.352401,35.529859],[127.352351,35.529823],[127.352351,35.529814],[127.352335,35.529805],[127.352335,35.529796],[127.352324,35.529792],[127.352324,35.529783],[127.352318,35.529783],[127.352313,35.529769],[127.352302,35.529765],[127.352296,35.529747],[127.352285,35.529742],[127.352285,35.529733],[127.352274,35.529729],[127.352274,35.52972],[127.352263,35.529715],[127.352263,35.529706],[127.352252,35.529702],[127.352252,35.529693],[127.352246,35.529693],[127.352241,35.529679],[127.352229,35.529675],[127.352229,35.529666],[127.352224,35.529666],[127.352218,35.529648],[127.352207,35.529643],[127.352207,35.529634],[127.352202,35.529634],[127.352196,35.529625],[127.352185,35.529625],[127.352185,35.529621],[127.352135,35.529585],[127.352135,35.529576],[127.352124,35.529572],[127.352119,35.529554],[127.352108,35.529549],[127.352108,35.52954],[127.352091,35.529531],[127.352091,35.529522],[127.352085,35.529522],[127.35208,35.529509],[127.352069,35.529504],[127.352063,35.529482],[127.352058,35.529482],[127.352058,35.529459],[127.352063,35.529459],[127.352063,35.52945],[127.352069,35.52945],[127.35208,35.529436],[127.352091,35.529436],[127.352096,35.529427],[127.352107,35.529427],[127.352107,35.529423],[127.352118,35.529423],[127.352124,35.529414],[127.352146,35.529409],[127.352151,35.5294],[127.352173,35.529396],[127.352179,35.529387],[127.352228,35.529377],[127.352228,35.529373],[127.352256,35.529368],[127.352256,35.529364],[127.352267,35.529364],[127.352272,35.529355],[127.352294,35.52935],[127.352305,35.529337],[127.352316,35.529337],[127.352322,35.529328],[127.352333,35.529328],[127.352338,35.529319],[127.352349,35.529319],[127.352349,35.529314],[127.352355,35.529314],[127.35236,35.529305],[127.352371,35.529305],[127.352377,35.529296],[127.352393,35.529296],[127.352393,35.529291],[127.352404,35.529291],[127.352404,35.529287],[127.352459,35.529282],[127.352459,35.529287],[127.35247,35.529287],[127.35247,35.529291],[127.352498,35.529309],[127.352498,35.529318],[127.352504,35.529318],[127.352504,35.529327],[127.352515,35.529332],[127.352515,35.529341],[127.352598,35.529403],[127.352598,35.529412],[127.352609,35.529417],[127.352609,35.529426],[127.35262,35.52943],[127.35262,35.529439],[127.352625,35.529439],[127.352631,35.529453],[127.352642,35.529457],[127.352648,35.529475],[127.352664,35.529484],[127.352664,35.529493],[127.352675,35.529498],[127.352675,35.529507],[127.352692,35.529516],[127.352692,35.529525],[127.352709,35.529534],[127.352709,35.529543],[127.352714,35.529543],[127.352714,35.529547],[127.352725,35.529552],[127.352725,35.529561],[127.352742,35.52957],[127.352742,35.529579],[127.352753,35.529583],[127.352753,35.529592],[127.352769,35.529601],[127.352769,35.52961],[127.352775,35.52961],[127.352781,35.529624],[127.352792,35.529628],[127.352792,35.529642],[127.352797,35.529642],[127.352797,35.529655],[127.352803,35.529655],[127.352803,35.529682],[127.352797,35.529682],[127.352792,35.529705],[127.352786,35.529705],[127.35277,35.529723],[127.352759,35.529723],[127.352759,35.529727],[127.352748,35.529727],[127.352748,35.529732],[127.352737,35.529732],[127.352737,35.529736],[127.35272,35.529737],[127.35272,35.529741],[127.352698,35.529746],[127.352693,35.529755],[127.352671,35.529759],[127.352665,35.529768],[127.352654,35.529768],[127.352649,35.529777],[127.352638,35.529777],[127.35261,35.529804],[127.352599,35.529804],[127.352599,35.529809],[127.352583,35.529814],[127.352577,35.529823],[127.352544,35.529832],[127.352539,35.529841],[127.352528,35.529841],[127.352528,35.529845],[127.352517,35.529845],[127.352517,35.52985],[127.352506,35.52985],[127.352506,35.529854],[127.352495,35.529854],[127.352495,35.529859],[127.352484,35.529859],[127.352484,35.529863],[127.352467,35.529863],[127.352467,35.529868],[127.352451,35.529868],[127.352451,35.529873],[127.352429,35.529873]]]}},{"type":"Feature","properties":{"pair":"2508-2510","cls":"veg_gain","area_m2":855.4,"score":0.709},"geometry":{"type":"Polygon","coordinates":[[[127.349032,35.529558],[127.349015,35.52954],[127.349004,35.52954],[127.349004,35.529536],[127.348993,35.529536],[127.348993,35.529531],[127.348954,35.529527],[127.348954,35.529522],[127.348938,35.529522],[127.348938,35.529518],[127.348888,35.529509],[127.348888,35.529504],[127.348855,35.529495],[127.348855,35.529491],[127.348838,35.529486],[127.348838,35.529482],[127.3488,35.529482],[127.3488,35.529487],[127.348789,35.529487],[127.348789,35.529491],[127.348778,35.529491],[127.348778,35.529496],[127.348761,35.529496],[127.348761,35.5295],[127.348712,35.529505],[127.348712,35.529509],[127.348701,35.529509],[127.348701,35.529514],[127.348695,35.529514],[127.348684,35.529527],[127.348673,35.529527],[127.348673,35.529532],[127.348634,35.529528],[127.348634,35.529523],[127.348618,35.529523],[127.348618,35.529519],[127.34859,35.529519],[127.34859,35.529523],[127.348579,35.529523],[127.348579,35.529528],[127.348535,35.529528],[127.348535,35.529523],[127.348524,35.529523],[127.348524,35.529519],[127.348513,35.529514],[127.348502,35.529469],[127.348496,35.529469],[127.348496,35.529465],[127.348463,35.529442],[127.348463,35.529433],[127.348458,35.529433],[127.348458,35.529411],[127.348463,35.529411],[127.348463,35.529406],[127.348485,35.529393],[127.348485,35.529384],[127.348491,35.529384],[127.34849,35.529361],[127.348485,35.529361],[127.348485,35.529339],[127.34849,35.529339],[127.34849,35.52933],[127.348507,35.529325],[127.348507,35.529321],[127.348523,35.529321],[127.348523,35.529316],[127.348545,35.529316],[127.348545,35.529321],[127.348589,35.529325],[127.348612,35.529347],[127.348639,35.529352],[127.348639,35.529347],[127.348656,35.529343],[127.348667,35.529316],[127.348678,35.529311],[127.348678,35.529302],[127.348683,35.529302],[127.348694,35.529289],[127.348705,35.529289],[127.348705,35.529284],[127.348716,35.529284],[127.348716,35.52928],[127.348755,35.529284],[127.34876,35.529293],[127.348771,35.529293],[127.348771,35.529297],[127.348838,35.529347],[127.348838,35.529356],[127.348843,35.529356],[127.348849,35.529365],[127.34886,35.529365],[127.34886,35.529369],[127.348882,35.529383],[127.348899,35.529423],[127.348904,35.529423],[127.348926,35.529446],[127.348937,35.529446],[127.348943,35.529455],[127.348954,35.529455],[127.349015,35.529508],[127.349037,35.529513],[127.349037,35.529517],[127.349059,35.529531],[127.349059,35.52954],[127.349065,35.52954],[127.349059,35.529558],[127.349032,35.529558]]]}},{"type":"Feature","properties":{"pair":"2508-2510","cls":"veg_loss","area_m2":306.5,"score":0.662},"geometry":{"type":"Polygon","coordinates":[[[127.355828,35.529412],[127.355828,35.529407],[127.355817,35.529407],[127.355817,35.529398],[127.355812,35.529398],[127.355811,35.529362],[127.355806,35.529362],[127.355806,35.529353],[127.355784,35.52934],[127.355784,35.529331],[127.355767,35.529322],[127.355767,35.529313],[127.355762,35.529313],[127.355762,35.529304],[127.355756,35.529304],[127.355756,35.529295],[127.355751,35.529295],[127.35575,35.529281],[127.355745,35.529282],[127.355739,35.529264],[127.355734,35.529264],[127.355728,35.529255],[127.355717,35.529255],[127.355717,35.52925],[127.355679,35.529246],[127.355679,35.529241],[127.355668,35.529241],[127.355668,35.529237],[127.355657,35.529232],[127.355656,35.529214],[127.355662,35.529214],[127.355678,35.529196],[127.355689,35.529196],[127.355695,35.529187],[127.355706,35.529187],[127.355706,35.529182],[127.355717,35.529182],[127.355717,35.529178],[127.355772,35.529178],[127.355772,35.529182],[127.355783,35.529182],[127.355783,35.529187],[127.355794,35.529187],[127.355794,35.529191],[127.355811,35.529191],[127.355811,35.529196],[127.355833,35.529196],[127.355833,35.529191],[127.355844,35.529191],[127.355844,35.529187],[127.355849,35.529187],[127.355855,35.529178],[127.355866,35.529178],[127.355866,35.529173],[127.355882,35.529173],[127.355882,35.529177],[127.355893,35.529177],[127.355893,35.529186],[127.355899,35.529186],[127.355899,35.529213],[127.355894,35.529213],[127.355894,35.529222],[127.355888,35.529223],[127.355888,35.529232],[127.355883,35.529232],[127.355883,35.529241],[127.355877,35.529241],[127.355877,35.529272],[127.355872,35.529272],[127.355872,35.529331],[127.355878,35.529331],[127.355878,35.529344],[127.355883,35.529344],[127.355883,35.529353],[127.355889,35.529353],[127.355889,35.529385],[127.355883,35.529385],[127.355883,35.529394],[127.355878,35.529394],[127.355872,35.529403],[127.355845,35.529407],[127.355845,35.529412],[127.355828,35.529412]]]}},{"type":"Feature","properties":{"pair":"2508-2510","cls":"built_new","area_m2":27.6,"score":0.662},"geometry":{"type":"Polygon","coordinates":[[[127.34865,35.529244],[127.34865,35.529239],[127.348639,35.529239],[127.348639,35.52923],[127.348633,35.52923],[127.348633,35.529208],[127.348639,35.529208],[127.348639,35.529199],[127.348644,35.529199],[127.348655,35.529185],[127.348683,35.529185],[127.348688,35.529198],[127.348694,35.529198],[127.348694,35.529221],[127.348688,35.529221],[127.348688,35.52923],[127.348683,35.52923],[127.348677,35.529239],[127.34865,35.529244]]]}},{"type":"Feature","properties":{"pair":"2508-2510","cls":"built_new","area_m2":151.5,"score":0.682},"geometry":{"type":"Polygon","coordinates":[[[127.353628,35.529337],[127.353628,35.529333],[127.353617,35.529333],[127.353617,35.529324],[127.353612,35.529324],[127.353612,35.529315],[127.353606,35.529315],[127.353606,35.529301],[127.353601,35.529301],[127.353589,35.529274],[127.353578,35.52927],[127.353578,35.529261],[127.353573,35.529261],[127.353573,35.529252],[127.353567,35.529252],[127.353567,35.529243],[127.353562,35.529243],[127.353562,35.529234],[127.353556,35.529234],[127.353556,35.529225],[127.353551,35.529225],[127.353551,35.529216],[127.353545,35.529216],[127.353545,35.529207],[127.35354,35.529207],[127.353539,35.529198],[127.353534,35.529198],[127.353534,35.529162],[127.353545,35.529162],[127.353545,35.529157],[127.353561,35.529162],[127.353561,35.529166],[127.353572,35.529166],[127.3536,35.529193],[127.353611,35.529193],[127.353617,35.529202],[127.353639,35.529207],[127.353639,35.529211],[127.353661,35.529225],[127.353667,35.529252],[127.353672,35.529252],[127.353683,35.529279],[127.353689,35.529279],[127.353694,35.529292],[127.3537,35.529292],[127.3537,35.529319],[127.353694,35.529319],[127.353689,35.529333],[127.353678,35.529333],[127.353678,35.529337],[127.353628,35.529337]]]}},{"type":"Feature","properties":{"pair":"2508-2510","cls":"built_new","area_m2":77.9,"score":0.655},"geometry":{"type":"Polygon","coordinates":[[[127.349278,35.529143],[127.349278,35.529138],[127.349228,35.529102],[127.349228,35.529093],[127.349222,35.529093],[127.349222,35.529084],[127.349217,35.529084],[127.349222,35.529053],[127.349228,35.529053],[127.34925,35.52903],[127.349266,35.52903],[127.349266,35.529026],[127.349288,35.52903],[127.349294,35.529043],[127.349299,35.529043],[127.349299,35.529057],[127.349305,35.529057],[127.349305,35.529093],[127.349311,35.529093],[127.349311,35.529111],[127.349316,35.529111],[127.349316,35.529125],[127.349311,35.529125],[127.349305,35.529143],[127.349278,35.529143]]]}},{"type":"Feature","properties":{"pair":"2508-2510","cls":"veg_loss","area_m2":280.1,"score":0.666},"geometry":{"type":"Polygon","coordinates":[[[127.355485,35.529138],[127.355485,35.529134],[127.355469,35.529134],[127.355469,35.529129],[127.355447,35.529125],[127.355441,35.529116],[127.35543,35.529116],[127.35543,35.529111],[127.355397,35.529102],[127.355391,35.529093],[127.35538,35.529093],[127.35538,35.529089],[127.355369,35.529084],[127.355358,35.529057],[127.355353,35.529057],[127.355353,35.529039],[127.355347,35.529039],[127.355347,35.529021],[127.355341,35.529021],[127.355341,35.528972],[127.355347,35.528972],[127.355347,35.528945],[127.355352,35.528945],[127.355352,35.528936],[127.355358,35.528936],[127.355363,35.528927],[127.355374,35.528927],[127.355374,35.528922],[127.355391,35.528922],[127.355391,35.528927],[127.355418,35.528931],[127.355418,35.528935],[127.355451,35.528958],[127.355457,35.528976],[127.355485,35.528994],[127.355485,35.529003],[127.355501,35.529012],[127.355501,35.529021],[127.35554,35.529048],[127.355546,35.529075],[127.35554,35.529075],[127.355535,35.52912],[127.355529,35.52912],[127.355518,35.529133],[127.355507,35.529133],[127.355507,35.529138],[127.355485,35.529138]]]}},{"type":"Feature","properties":{"pair":"2508-2510","cls":"veg_loss","area_m2":63.4,"score":0.625},"geometry":{"type":"Polygon","coordinates":[[[127.355611,35.529007],[127.355611,35.529003],[127.3556,35.529003],[127.3556,35.528994],[127.355595,35.528994],[127.355595,35.528976],[127.3556,35.528975],[127.355606,35.528953],[127.355611,35.528953],[127.355611,35.528939],[127.355617,35.528939],[127.355617,35.528917],[127.355622,35.528917],[127.355628,35.528903],[127.355655,35.528899],[127.355655,35.528903],[127.355666,35.528903],[127.355666,35.528908],[127.355677,35.528912],[127.355677,35.528921],[127.355683,35.528921],[127.355683,35.528953],[127.355677,35.528953],[127.355666,35.52898],[127.355661,35.52898],[127.355639,35.529002],[127.355611,35.529007]]]}},{"type":"Feature","properties":{"pair":"2508-2510","cls":"built_new","area_m2":420.1,"score":0.652},"geometry":{"type":"Polygon","coordinates":[[[127.349763,35.529083],[127.349763,35.529078],[127.349752,35.529078],[127.349746,35.529069],[127.349735,35.529069],[127.349735,35.529065],[127.349718,35.529056],[127.349718,35.529047],[127.349707,35.529042],[127.349707,35.529033],[127.349702,35.529033],[127.349702,35.52902],[127.349696,35.52902],[127.349696,35.52897],[127.349702,35.52897],[127.349707,35.528957],[127.349718,35.528957],[127.349718,35.528952],[127.349746,35.528952],[127.349746,35.528957],[127.349757,35.528957],[127.349773,35.528975],[127.349801,35.528979],[127.349801,35.528974],[127.349812,35.528974],[127.349861,35.528929],[127.349872,35.528929],[127.349878,35.528916],[127.349883,35.528916],[127.349916,35.528884],[127.349944,35.528879],[127.349944,35.528875],[127.349966,35.528861],[127.349966,35.528852],[127.349971,35.528852],[127.349977,35.528843],[127.349988,35.528843],[127.349988,35.528839],[127.349999,35.528839],[127.349999,35.528834],[127.350043,35.528834],[127.350043,35.52883],[127.350081,35.528829],[127.350081,35.528834],[127.350098,35.528834],[127.350098,35.528838],[127.350109,35.528843],[127.350109,35.528852],[127.350114,35.528852],[127.350109,35.52887],[127.350093,35.528874],[127.350093,35.528879],[127.350065,35.528884],[127.350065,35.528888],[127.350049,35.528897],[127.350049,35.528933],[127.350043,35.528933],[127.350043,35.528942],[127.350038,35.528942],[127.349983,35.528992],[127.349972,35.528992],[127.349972,35.528996],[127.349961,35.528996],[127.349961,35.529001],[127.34995,35.529001],[127.34995,35.529006],[127.349878,35.529006],[127.349862,35.529024],[127.349851,35.529024],[127.349845,35.529033],[127.349834,35.529033],[127.349834,35.529037],[127.349823,35.529042],[127.349823,35.529051],[127.349818,35.529051],[127.349818,35.52906],[127.349812,35.52906],[127.349812,35.529069],[127.349807,35.529069],[127.349801,35.529078],[127.34979,35.529078],[127.34979,35.529083],[127.349763,35.529083]]]}},{"type":"Feature","properties":{"pair":"2508-2510","cls":"veg_loss","area_m2":1370.1,"score":0.743},"geometry":{"type":"Polygon","coordinates":[[[127.353331,35.529352],[127.353331,35.529347],[127.35332,35.529347],[127.35332,35.529343],[127.353303,35.529334],[127.353303,35.529325],[127.353297,35.529325],[127.353259,35.529289],[127.353248,35.529289],[127.353242,35.52928],[127.353231,35.52928],[127.353214,35.529262],[127.353203,35.529262],[127.353203,35.529257],[127.353159,35.529226],[127.353159,35.529217],[127.353148,35.529213],[127.353143,35.529195],[127.353137,35.529195],[127.353131,35.529181],[127.353115,35.529172],[127.353115,35.529163],[127.353104,35.529159],[127.353104,35.52915],[127.353098,35.52915],[127.353098,35.529145],[127.353087,35.529141],[127.353087,35.529132],[127.353043,35.5291],[127.353043,35.529091],[127.353037,35.529091],[127.353032,35.529078],[127.353021,35.529073],[127.353021,35.52906],[127.353015,35.52906],[127.35301,35.529037],[127.353004,35.529037],[127.353004,35.529015],[127.353009,35.529015],[127.353009,35.529001],[127.353015,35.529001],[127.353037,35.528979],[127.353048,35.528978],[127.353048,35.528974],[127.353081,35.528965],[127.353081,35.52896],[127.353103,35.528947],[127.353103,35.528938],[127.353114,35.528933],[127.353114,35.528924],[127.353119,35.528924],[127.353141,35.528902],[127.353152,35.528902],[127.353158,35.528893],[127.353174,35.528892],[127.353174,35.528888],[127.353185,35.528888],[127.353185,35.528883],[127.353196,35.528883],[127.353196,35.528879],[127.353207,35.528879],[127.353213,35.52887],[127.353229,35.528865],[127.353251,35.528802],[127.353257,35.528802],[127.35329,35.52877],[127.353312,35.528766],[127.353312,35.528761],[127.353328,35.528757],[127.353328,35.528752],[127.353372,35.528748],[127.353372,35.528752],[127.353383,35.528752],[127.353383,35.528757],[127.3534,35.528766],[127.3534,35.528775],[127.353405,35.528775],[127.353405,35.528784],[127.353411,35.528784],[127.353411,35.52882],[127.353406,35.52882],[127.353406,35.528829],[127.353367,35.528856],[127.353367,35.528865],[127.353362,35.528865],[127.353362,35.528896],[127.353367,35.528896],[127.353373,35.528914],[127.353389,35.528923],[127.353389,35.528932],[127.353401,35.528937],[127.353406,35.528959],[127.353401,35.528959],[127.353401,35.528968],[127.353395,35.528968],[127.35339,35.528977],[127.353379,35.528978],[127.353379,35.528982],[127.353362,35.528991],[127.353362,35.529],[127.353357,35.529],[127.353357,35.529009],[127.353351,35.529009],[127.353351,35.529027],[127.353346,35.529027],[127.353346,35.529086],[127.353352,35.529086],[127.353352,35.529099],[127.353357,35.529099],[127.353357,35.529108],[127.353363,35.529108],[127.353363,35.529117],[127.353374,35.529122],[127.353374,35.529135],[127.353379,35.529135],[127.35338,35.529189],[127.353385,35.529189],[127.353385,35.529198],[127.353413,35.529216],[127.353418,35.529239],[127.353413,35.529239],[127.353413,35.529248],[127.353407,35.529248],[127.353407,35.529252],[127.353391,35.529261],[127.353391,35.52927],[127.353385,35.52927],[127.353375,35.529334],[127.353369,35.529334],[127.353358,35.529347],[127.353331,35.529352]]]}},{"type":"Feature","properties":{"pair":"2508-2510","cls":"veg_loss","area_m2":118.9,"score":0.673},"geometry":{"type":"Polygon","coordinates":[[[127.353543,35.528819],[127.353543,35.528815],[127.353532,35.528815],[127.353532,35.52881],[127.35351,35.528797],[127.35351,35.528788],[127.353505,35.528788],[127.353505,35.528779],[127.353499,35.528779],[127.353504,35.528752],[127.353515,35.528747],[127.353515,35.528738],[127.353521,35.528738],[127.353532,35.528725],[127.353543,35.528725],[127.353548,35.528716],[127.353559,35.528716],[127.353559,35.528711],[127.35357,35.528711],[127.35357,35.528707],[127.353587,35.528707],[127.353587,35.528702],[127.35362,35.528706],[127.35362,35.528711],[127.353631,35.528715],[127.353631,35.528724],[127.353637,35.528724],[127.353637,35.528756],[127.353631,35.528756],[127.353631,35.528774],[127.353626,35.528774],[127.35362,35.528797],[127.353615,35.528797],[127.353598,35.528815],[127.353587,35.528815],[127.353587,35.528819],[127.353543,35.528819]]]}},{"type":"Feature","properties":{"pair":"2508-2510","cls":"veg_loss","area_m2":309.8,"score":0.659},"geometry":{"type":"Polygon","coordinates":[[[127.354596,35.528843],[127.354596,35.528839],[127.354585,35.528839],[127.354585,35.528834],[127.354569,35.528825],[127.354569,35.528816],[127.354558,35.528812],[127.354558,35.528803],[127.354552,35.528803],[127.354552,35.528794],[127.354547,35.528794],[127.354535,35.528767],[127.35453,35.528767],[127.354519,35.528753],[127.354508,35.528753],[127.354497,35.52874],[127.354486,35.52874],[127.354486,35.528735],[127.354441,35.528704],[127.354441,35.528695],[127.354436,35.528695],[127.354436,35.528686],[127.35443,35.528686],[127.35443,35.528677],[127.354425,35.528677],[127.354425,35.528664],[127.35443,35.528663],[127.35443,35.528654],[127.354436,35.528654],[127.354441,35.528645],[127.354474,35.528641],[127.354474,35.528636],[127.354557,35.528632],[127.354557,35.528636],[127.35459,35.528645],[127.35459,35.528649],[127.354612,35.528663],[127.354612,35.528672],[127.354623,35.528676],[127.354623,35.528685],[127.354629,35.528685],[127.354629,35.528694],[127.354634,35.528694],[127.354634,35.528703],[127.35464,35.528703],[127.35464,35.528712],[127.354645,35.528712],[127.354645,35.528721],[127.354651,35.528721],[127.354651,35.52873],[127.354657,35.52873],[127.354657,35.528739],[127.354662,35.528739],[127.354662,35.528748],[127.354668,35.528748],[127.354668,35.528757],[127.354673,35.528757],[127.354679,35.528802],[127.354673,35.528802],[127.354673,35.528811],[127.354668,35.528812],[127.354646,35.528834],[127.354618,35.528839],[127.354618,35.528843],[127.354596,35.528843]]]}},{"type":"Feature","properties":{"pair":"2508-2510","cls":"veg_loss","area_m2":1178.4,"score":0.7},"geometry":{"type":"Polygon","coordinates":[[[127.355164,35.528869],[127.355164,35.528864],[127.355142,35.52886],[127.355137,35.528851],[127.355126,35.528851],[127.355126,35.528846],[127.355109,35.528837],[127.355109,35.528828],[127.355103,35.528828],[127.355109,35.528801],[127.355114,35.528801],[127.355136,35.528779],[127.355147,35.528779],[127.355147,35.528774],[127.355164,35.528769],[127.355164,35.528765],[127.355197,35.52876],[127.355197,35.528756],[127.35528,35.528751],[127.35528,35.528747],[127.355313,35.528737],[127.355335,35.528715],[127.355346,35.528715],[127.355351,35.528706],[127.355362,35.528706],[127.355362,35.528701],[127.355373,35.528701],[127.355379,35.528692],[127.355401,35.528688],[127.355417,35.52867],[127.355428,35.52867],[127.355428,35.528665],[127.355445,35.528661],[127.35545,35.528651],[127.355472,35.528647],[127.355472,35.528642],[127.355489,35.528638],[127.3555,35.528624],[127.355522,35.52862],[127.355527,35.528611],[127.35556,35.528606],[127.35556,35.528602],[127.355582,35.528602],[127.355582,35.528606],[127.355681,35.528601],[127.355681,35.528606],[127.355709,35.52861],[127.355709,35.528615],[127.355731,35.528628],[127.355731,35.528637],[127.355742,35.528642],[127.355742,35.528651],[127.355753,35.528655],[127.355753,35.528664],[127.355764,35.528669],[127.355764,35.528678],[127.355775,35.528682],[127.355781,35.5287],[127.355792,35.528705],[127.355792,35.528714],[127.355798,35.528714],[127.355798,35.528723],[127.355803,35.528723],[127.355803,35.528736],[127.355809,35.528736],[127.35582,35.528763],[127.355831,35.528768],[127.355831,35.528777],[127.355848,35.528785],[127.355848,35.528795],[127.355853,35.528794],[127.355853,35.528804],[127.355859,35.528803],[127.355853,35.528826],[127.355842,35.528826],[127.355842,35.528831],[127.355831,35.528831],[127.355831,35.528835],[127.355787,35.52884],[127.355787,35.528844],[127.355771,35.528844],[127.355771,35.528849],[127.355754,35.528849],[127.355754,35.528853],[127.355638,35.528854],[127.355638,35.528849],[127.355622,35.528849],[127.355622,35.528845],[127.355572,35.528836],[127.355572,35.528831],[127.355561,35.528831],[127.355561,35.528827],[127.355545,35.528827],[127.355544,35.528822],[127.355533,35.528822],[127.355533,35.528818],[127.355467,35.528814],[127.355467,35.528818],[127.355429,35.528823],[127.355429,35.528827],[127.355418,35.528827],[127.355412,35.528836],[127.355401,35.528836],[127.355401,35.528841],[127.35539,35.528841],[127.35539,35.528845],[127.355379,35.528845],[127.355379,35.52885],[127.355241,35.528846],[127.355241,35.52885],[127.355225,35.52885],[127.355225,35.528855],[127.355214,35.528855],[127.355214,35.528859],[127.355203,35.528859],[127.355203,35.528864],[127.355192,35.528864],[127.355192,35.528869],[127.355164,35.528869]]]}},{"type":"Feature","properties":{"pair":"2508-2510","cls":"veg_loss","area_m2":101.6,"score":0.627},"geometry":{"type":"Polygon","coordinates":[[[127.353786,35.528737],[127.353786,35.528733],[127.353774,35.528729],[127.353774,35.528719],[127.353763,35.528715],[127.353763,35.528706],[127.353747,35.528697],[127.353747,35.52867],[127.353752,35.52867],[127.353752,35.528665],[127.353774,35.528652],[127.353774,35.528643],[127.353791,35.528634],[127.353807,35.528593],[127.353834,35.52858],[127.353834,35.528584],[127.353845,35.528584],[127.353846,35.528589],[127.353857,35.528593],[127.353862,35.528629],[127.353857,35.528629],[127.353857,35.528643],[127.353851,35.528643],[127.353851,35.528652],[127.353846,35.528652],[127.353846,35.528665],[127.35384,35.528665],[127.35384,35.528679],[127.353835,35.528679],[127.353835,35.528692],[127.353829,35.528692],[127.353829,35.528701],[127.353824,35.528701],[127.353824,35.528715],[127.353819,35.528715],[127.353813,35.528733],[127.353808,35.528733],[127.353808,35.528737],[127.353786,35.528737]]]}},{"type":"Feature","properties":{"pair":"2508-2510","cls":"built_new","area_m2":47.8,"score":0.632},"geometry":{"type":"Polygon","coordinates":[[[127.350091,35.528595],[127.350091,35.528591],[127.35008,35.528591],[127.35008,35.528586],[127.350064,35.528577],[127.350064,35.528568],[127.350058,35.528568],[127.350064,35.52855],[127.350069,35.52855],[127.350086,35.528532],[127.350097,35.528532],[127.350097,35.528527],[127.35013,35.528527],[127.35013,35.528532],[127.350141,35.528532],[127.350146,35.528545],[127.350152,35.528545],[127.350152,35.528568],[127.350146,35.528568],[127.350146,35.528577],[127.350141,35.528577],[127.350124,35.528595],[127.350091,35.528595]]]}},{"type":"Feature","properties":{"pair":"2508-2510","cls":"built_new","area_m2":221.8,"score":0.655},"geometry":{"type":"Polygon","coordinates":[[[127.351101,35.528678],[127.351101,35.528673],[127.351078,35.528673],[127.351078,35.528669],[127.351062,35.528669],[127.351062,35.528664],[127.35104,35.52866],[127.35104,35.528655],[127.351012,35.528637],[127.351012,35.528628],[127.351001,35.528624],[127.35099,35.528597],[127.350984,35.528597],[127.350984,35.528592],[127.350973,35.528588],[127.350973,35.528579],[127.350968,35.528579],[127.350968,35.528543],[127.350973,35.528543],[127.350973,35.528534],[127.350984,35.528529],[127.350984,35.52852],[127.35099,35.52852],[127.351006,35.528502],[127.351017,35.528502],[127.351017,35.528498],[127.351067,35.528498],[127.351067,35.528502],[127.351078,35.528502],[127.351078,35.528507],[127.351089,35.528511],[127.3511,35.528556],[127.351106,35.528556],[127.351106,35.528565],[127.351117,35.52857],[127.351117,35.528579],[127.351133,35.528588],[127.351133,35.528597],[127.351139,35.528597],[127.351139,35.528606],[127.351144,35.528605],[127.351156,35.528655],[127.35115,35.528655],[127.35115,35.528664],[127.351145,35.528664],[127.351139,35.528673],[127.351128,35.528673],[127.351128,35.528678],[127.351101,35.528678]]]}},{"type":"Feature","properties":{"pair":"2508-2510","cls":"built_new","area_m2":355.2,"score":0.688},"geometry":{"type":"Polygon","coordinates":[[[127.350334,35.52868],[127.350334,35.528675],[127.350323,35.528675],[127.350323,35.528671],[127.350285,35.528667],[127.350285,35.528662],[127.350268,35.528653],[127.350262,35.528635],[127.350257,35.528635],[127.350257,35.528549],[127.350262,35.528549],[127.350267,35.528531],[127.350273,35.528531],[127.350278,35.528522],[127.3503,35.528518],[127.3503,35.528513],[127.350317,35.528504],[127.350317,35.528495],[127.350322,35.528495],[127.350339,35.528477],[127.350372,35.528473],[127.350372,35.528477],[127.350394,35.528481],[127.350394,35.528486],[127.350411,35.528495],[127.350411,35.528504],[127.350422,35.528508],[127.350422,35.528517],[127.350433,35.528522],[127.350433,35.528531],[127.350466,35.528553],[127.350466,35.528562],[127.350477,35.528567],[127.350477,35.528576],[127.350483,35.528576],[127.350483,35.528585],[127.350488,35.528585],[127.350494,35.528616],[127.350488,35.528616],[127.350488,35.52863],[127.350483,35.52863],[127.350461,35.528653],[127.35045,35.528653],[127.35045,35.528657],[127.350433,35.528662],[127.350433,35.528666],[127.350417,35.528666],[127.350417,35.528671],[127.350384,35.528675],[127.350384,35.52868],[127.350334,35.52868]]]}},{"type":"Feature","properties":{"pair":"2508-2510","cls":"veg_loss","area_m2":1001.0,"score":0.707},"geometry":{"type":"Polygon","coordinates":[[[127.354976,35.528666],[127.354976,35.528662],[127.354965,35.528662],[127.354965,35.528657],[127.354943,35.528644],[127.354943,35.528635],[127.354937,35.528635],[127.354937,35.528626],[127.354932,35.528626],[127.354932,35.528599],[127.354937,35.528599],[127.354943,35.528581],[127.354954,35.528576],[127.354954,35.528567],[127.354959,35.528567],[127.354975,35.528549],[127.355009,35.52854],[127.355014,35.528527],[127.355019,35.528527],[127.355019,35.528518],[127.355025,35.528518],[127.35503,35.528427],[127.355036,35.528427],[127.355036,35.528414],[127.355052,35.528405],[127.355052,35.528396],[127.355057,35.528396],[127.355063,35.528387],[127.355074,35.528387],[127.355074,35.528382],[127.355079,35.528382],[127.355101,35.52836],[127.355112,35.52836],[127.355123,35.528346],[127.355134,35.528346],[127.35514,35.528337],[127.355162,35.528332],[127.355167,35.528323],[127.355178,35.528323],[127.355178,35.528319],[127.355189,35.528319],[127.355189,35.528314],[127.3552,35.528314],[127.3552,35.52831],[127.355217,35.52831],[127.355217,35.528305],[127.355233,35.528305],[127.355233,35.528301],[127.35525,35.528301],[127.35525,35.528296],[127.355272,35.528296],[127.355272,35.528291],[127.355322,35.528291],[127.355322,35.528296],[127.355333,35.528296],[127.355333,35.5283],[127.355344,35.528305],[127.355344,35.528314],[127.355355,35.528318],[127.355366,35.528345],[127.355377,35.52835],[127.355383,35.528372],[127.355388,35.528372],[127.355394,35.528395],[127.355399,35.528395],[127.355405,35.528417],[127.35541,35.528417],[127.355411,35.528467],[127.355405,35.528467],[127.355405,35.528476],[127.355394,35.52848],[127.355394,35.528489],[127.355389,35.528489],[127.355378,35.528503],[127.355367,35.528503],[127.355361,35.528512],[127.35535,35.528512],[127.35535,35.528517],[127.355339,35.528517],[127.355339,35.528521],[127.355328,35.528521],[127.355328,35.528526],[127.355312,35.528526],[127.355312,35.52853],[127.35529,35.52853],[127.35529,35.528535],[127.355262,35.528539],[127.355262,35.528544],[127.355251,35.528548],[127.355251,35.528557],[127.355246,35.528557],[127.355218,35.528585],[127.355207,35.528585],[127.355207,35.528589],[127.355196,35.528589],[127.355196,35.528594],[127.355185,35.528594],[127.355185,35.528598],[127.355169,35.528598],[127.355169,35.528603],[127.355147,35.528607],[127.355141,35.528616],[127.35513,35.528616],[127.35513,35.528621],[127.355119,35.528621],[127.355119,35.528625],[127.355108,35.528625],[127.355108,35.52863],[127.355053,35.52863],[127.355053,35.528635],[127.355042,35.528635],[127.355015,35.528662],[127.355004,35.528662],[127.355004,35.528666],[127.354976,35.528666]]]}},{"type":"Feature","properties":{"pair":"2508-2510","cls":"built_new","area_m2":268.1,"score":0.702},"geometry":{"type":"Polygon","coordinates":[[[127.350747,35.528458],[127.350747,35.528449],[127.350741,35.528449],[127.350741,35.52844],[127.350736,35.52844],[127.350736,35.528417],[127.35073,35.528417],[127.35073,35.528354],[127.350735,35.528354],[127.35073,35.528296],[127.350735,35.528296],[127.350735,35.528287],[127.35074,35.528287],[127.350779,35.528251],[127.350806,35.528246],[127.350806,35.528241],[127.350834,35.528241],[127.350834,35.528246],[127.350856,35.528246],[127.350856,35.52825],[127.350873,35.52825],[127.350873,35.528255],[127.350895,35.528259],[127.350895,35.528264],[127.350906,35.528268],[127.350906,35.528318],[127.3509,35.528318],[127.350895,35.52834],[127.350884,35.528345],[127.350884,35.528354],[127.350873,35.528358],[127.350873,35.528367],[127.350868,35.528367],[127.350868,35.528372],[127.350851,35.528381],[127.350851,35.52839],[127.350818,35.528413],[127.350818,35.528422],[127.350807,35.528426],[127.350807,35.528435],[127.350802,35.528435],[127.350785,35.528453],[127.350774,35.528453],[127.350774,35.528458],[127.350747,35.528458]]]}},{"type":"Feature","properties":{"pair":"2508-2510","cls":"veg_loss","area_m2":55.5,"score":0.632},"geometry":{"type":"Polygon","coordinates":[[[127.354247,35.52829],[127.354247,35.528285],[127.35423,35.528286],[127.354225,35.528277],[127.354214,35.528277],[127.354213,35.528272],[127.354197,35.528263],[127.354197,35.528254],[127.354191,35.528254],[127.354191,35.528232],[127.354197,35.528232],[127.354197,35.528218],[127.354202,35.528218],[127.354208,35.528209],[127.354235,35.528209],[127.354235,35.528213],[127.354246,35.528213],[127.354246,35.528218],[127.35428,35.52824],[127.35428,35.528249],[127.354285,35.528249],[127.354285,35.528281],[127.354269,35.528285],[127.354269,35.52829],[127.354247,35.52829]]]}},{"type":"Feature","properties":{"pair":"2508-2510","cls":"veg_loss","area_m2":41.4,"score":0.629},"geometry":{"type":"Polygon","coordinates":[[[127.350509,35.528287],[127.350509,35.528283],[127.350498,35.528278],[127.350498,35.528269],[127.350492,35.528269],[127.350492,35.528242],[127.350498,35.528242],[127.350503,35.528224],[127.350509,35.528224],[127.350525,35.528206],[127.350547,35.528206],[127.350547,35.528211],[127.350558,35.528215],[127.350558,35.528224],[127.350564,35.528224],[127.350558,35.528247],[127.350553,35.528247],[127.350553,35.52826],[127.350547,35.52826],[127.350547,35.528274],[127.350542,35.528274],[127.350537,35.528287],[127.350509,35.528287]]]}},{"type":"Feature","properties":{"pair":"2508-2510","cls":"built_new","area_m2":107.2,"score":0.741},"geometry":{"type":"Polygon","coordinates":[[[127.348882,35.528179],[127.348882,35.528175],[127.348871,35.528175],[127.348871,35.52817],[127.348849,35.528157],[127.348843,35.528112],[127.348838,35.528112],[127.348843,35.528071],[127.348849,35.528071],[127.34886,35.528058],[127.348871,35.528058],[127.348871,35.528053],[127.348887,35.528053],[127.348887,35.528058],[127.348915,35.528062],[127.348915,35.528067],[127.348937,35.52808],[127.348943,35.528112],[127.348948,35.528112],[127.348943,35.528157],[127.348937,35.528157],[127.348926,35.52817],[127.348904,35.528175],[127.348904,35.528179],[127.348882,35.528179]]]}},{"type":"Feature","properties":{"pair":"2508-2510","cls":"other","area_m2":77.5,"score":0.642},"geometry":{"type":"Polygon","coordinates":[[[127.349213,35.528102],[127.349213,35.528097],[127.349196,35.528097],[127.349191,35.528088],[127.34918,35.528088],[127.349174,35.528079],[127.349163,35.528079],[127.349163,35.528075],[127.349157,35.528075],[127.349152,35.528066],[127.349141,35.528066],[127.349124,35.528048],[127.349113,35.528048],[127.349113,35.528044],[127.349086,35.528026],[127.349085,35.528017],[127.349091,35.528017],[127.349096,35.528008],[127.34913,35.528007],[127.34913,35.528012],[127.349163,35.528012],[127.349163,35.528016],[127.349196,35.528021],[127.349196,35.528025],[127.349218,35.528039],[127.349218,35.528048],[127.349229,35.528052],[127.349229,35.528061],[127.349235,35.528061],[127.349235,35.52807],[127.34924,35.52807],[127.349235,35.528097],[127.349213,35.528102]]]}},{"type":"Feature","properties":{"pair":"2508-2510","cls":"built_new","area_m2":1427.4,"score":0.71},"geometry":{"type":"Polygon","coordinates":[[[127.350961,35.528273],[127.350961,35.528268],[127.35095,35.528268],[127.35095,35.528264],[127.350939,35.528264],[127.350939,35.528259],[127.350928,35.528259],[127.350928,35.528255],[127.350911,35.52825],[127.350911,35.528232],[127.350906,35.528232],[127.3509,35.528201],[127.350894,35.528201],[127.350889,35.528183],[127.350872,35.528174],[127.350872,35.528165],[127.350861,35.52816],[127.350861,35.528151],[127.350856,35.528151],[127.350856,35.528142],[127.35085,35.528142],[127.35085,35.528133],[127.350845,35.528133],[127.350844,35.528066],[127.350839,35.528066],[127.350833,35.528052],[127.350811,35.528048],[127.350811,35.528043],[127.3508,35.528039],[127.3508,35.52803],[127.350795,35.52803],[127.350794,35.528016],[127.3508,35.528016],[127.350805,35.527998],[127.350811,35.527998],[127.350838,35.527971],[127.350849,35.527971],[127.350855,35.527962],[127.350866,35.527962],[127.350866,35.527957],[127.350882,35.527953],[127.350888,35.527944],[127.350926,35.527939],[127.350926,35.527944],[127.350943,35.527944],[127.350943,35.527948],[127.350954,35.527948],[127.350954,35.527953],[127.350982,35.527948],[127.350982,35.527944],[127.350993,35.527939],[127.350993,35.52793],[127.350998,35.52793],[127.350998,35.527916],[127.351003,35.527916],[127.351014,35.527889],[127.35102,35.527889],[127.351047,35.527862],[127.351075,35.527858],[127.351075,35.527853],[127.351113,35.527853],[127.351113,35.527848],[127.35113,35.527848],[127.35113,35.527844],[127.351141,35.527844],[127.351141,35.527839],[127.35118,35.527839],[127.35118,35.527844],[127.351202,35.527844],[127.351202,35.527848],[127.351235,35.527853],[127.351235,35.527857],[127.351246,35.527857],[127.351251,35.527866],[127.351262,35.527866],[127.351262,35.527871],[127.351273,35.527871],[127.351273,35.527875],[127.351284,35.527875],[127.351284,35.52788],[127.351351,35.527879],[127.351351,35.527884],[127.351378,35.527888],[127.351378,35.527893],[127.351395,35.527902],[127.351395,35.527911],[127.3514,35.527911],[127.351395,35.527938],[127.351389,35.527938],[127.351384,35.527951],[127.351324,35.527997],[127.351324,35.528006],[127.351318,35.528006],[127.351307,35.528019],[127.351296,35.528019],[127.351291,35.528028],[127.35128,35.528028],[127.351274,35.528037],[127.351263,35.528037],[127.351263,35.528042],[127.351241,35.528055],[127.351241,35.528064],[127.351219,35.528078],[127.351219,35.528087],[127.351208,35.528092],[127.351203,35.52811],[127.351192,35.528114],[127.351192,35.528123],[127.351186,35.528123],[127.351181,35.528137],[127.35117,35.528141],[127.35117,35.52815],[127.351164,35.52815],[127.351159,35.528168],[127.351148,35.528173],[127.351148,35.528182],[127.351142,35.528182],[127.35111,35.528214],[127.351099,35.528214],[127.351082,35.528232],[127.351071,35.528232],[127.351055,35.52825],[127.351044,35.52825],[127.351044,35.528254],[127.351027,35.528259],[127.351022,35.528268],[127.351011,35.528268],[127.351011,35.528272],[127.350961,35.528273]],[[127.350982,35.528115],[127.351015,35.528115],[127.351015,35.52811],[127.351032,35.528106],[127.351032,35.528097],[127.351037,35.528097],[127.351037,35.528074],[127.351032,35.528074],[127.351032,35.528065],[127.351026,35.528065],[127.351021,35.528056],[127.350993,35.528056],[127.350993,35.528061],[127.350977,35.52807],[127.350966,35.528097],[127.350971,35.528097],[127.350971,35.528106],[127.350977,35.528106],[127.350982,35.528115]]]}},{"type":"Feature","properties":{"pair":"2508-2510","cls":"built_new","area_m2":306.5,"score":0.661},"geometry":{"type":"Polygon","coordinates":[[[127.356048,35.528086],[127.356048,35.528082],[127.356037,35.528082],[127.356037,35.528077],[127.355982,35.528069],[127.355982,35.528064],[127.355966,35.52806],[127.355966,35.528055],[127.355955,35.528051],[127.355955,35.528042],[127.355949,35.528042],[127.355949,35.528019],[127.355954,35.528019],[127.355949,35.527983],[127.355954,35.527983],[127.355954,35.527974],[127.356004,35.527978],[127.356004,35.527974],[127.35602,35.527965],[127.35602,35.52792],[127.356015,35.52792],[127.356009,35.527902],[127.356004,35.527902],[127.356003,35.527897],[127.355976,35.527879],[127.355976,35.52787],[127.35597,35.52787],[127.355976,35.52783],[127.355981,35.52783],[127.355992,35.527816],[127.356003,35.527816],[127.356003,35.527812],[127.356036,35.527812],[127.356036,35.527816],[127.356064,35.52782],[127.356064,35.527825],[127.356097,35.527847],[127.356097,35.527856],[127.356103,35.527856],[127.356103,35.527888],[127.356097,35.527888],[127.356097,35.527897],[127.356092,35.527897],[127.356092,35.527906],[127.356086,35.527906],[127.356086,35.52796],[127.356081,35.52796],[127.356081,35.527974],[127.356075,35.527974],[127.356081,35.528001],[127.356098,35.528005],[127.356098,35.52801],[127.356114,35.52801],[127.356114,35.528014],[127.356142,35.528014],[127.356142,35.52801],[127.356153,35.528009],[127.356153,35.528014],[127.356164,35.528018],[127.356158,35.528032],[127.356125,35.528041],[127.356125,35.528046],[127.356098,35.528064],[127.356098,35.528073],[127.356092,35.528073],[127.356082,35.528086],[127.356048,35.528086]]]}},{"type":"Feature","properties":{"pair":"2508-2510","cls":"built_new","area_m2":1810.8,"score":0.888},"geometry":{"type":"Polygon","coordinates":[[[127.354627,35.52823],[127.354627,35.528226],[127.35461,35.528226],[127.35461,35.528221],[127.354588,35.528217],[127.354588,35.528212],[127.354555,35.52819],[127.354555,35.528181],[127.354549,35.528181],[127.354549,35.528172],[127.354544,35.528172],[127.354544,35.528163],[127.354538,35.528163],[127.354538,35.528154],[127.354533,35.528154],[127.354533,35.528145],[127.354527,35.528145],[127.354521,35.5281],[127.354516,35.5281],[127.354516,35.528082],[127.35451,35.528082],[127.35451,35.528041],[127.354516,35.528041],[127.354516,35.528028],[127.354521,35.528028],[127.354527,35.52801],[127.354532,35.52801],[127.354538,35.528001],[127.354549,35.528001],[127.354554,35.527992],[127.354565,35.527992],[127.354565,35.527987],[127.354576,35.527987],[127.354576,35.527983],[127.354587,35.527983],[127.354587,35.527978],[127.354598,35.527978],[127.354598,35.527973],[127.354631,35.527964],[127.354637,35.527955],[127.354648,35.527955],[127.354648,35.527951],[127.354659,35.527951],[127.354659,35.527946],[127.35467,35.527946],[127.35467,35.527942],[127.354703,35.527933],[127.354703,35.527928],[127.354719,35.527924],[127.35473,35.52791],[127.354741,35.52791],[127.354747,35.527901],[127.354758,35.527901],[127.354763,35.527892],[127.354774,35.527892],[127.35478,35.527883],[127.354791,35.527883],[127.354818,35.527856],[127.354829,35.527856],[127.354829,35.527851],[127.35484,35.527851],[127.354846,35.527842],[127.354857,35.527842],[127.354857,35.527838],[127.354868,35.527838],[127.354868,35.527833],[127.354901,35.527824],[127.354939,35.527788],[127.35495,35.527788],[127.35495,35.527783],[127.354961,35.527783],[127.354961,35.527779],[127.355005,35.527779],[127.355005,35.527774],[127.355033,35.527778],[127.355033,35.527783],[127.355038,35.527783],[127.355038,35.527805],[127.355033,35.527805],[127.355033,35.527814],[127.355027,35.527815],[127.355027,35.527833],[127.355033,35.527833],[127.355033,35.527842],[127.35505,35.527846],[127.35505,35.52785],[127.355083,35.52785],[127.355083,35.527855],[127.355105,35.527859],[127.35511,35.527873],[127.355121,35.527877],[127.355121,35.527886],[127.355127,35.527886],[127.355127,35.527895],[127.355132,35.527895],[127.355133,35.527904],[127.355138,35.527904],[127.355138,35.527913],[127.355144,35.527913],[127.355144,35.527927],[127.355149,35.527927],[127.355155,35.527976],[127.35516,35.527976],[127.355166,35.527994],[127.355171,35.527994],[127.355177,35.528008],[127.355183,35.528008],[127.355177,35.52803],[127.355172,35.52803],[127.355166,35.528039],[127.355133,35.528049],[127.355133,35.528053],[127.355117,35.528053],[127.355117,35.528058],[127.355106,35.528058],[127.355106,35.528062],[127.355089,35.528062],[127.355089,35.528067],[127.355078,35.528067],[127.355078,35.528071],[127.355045,35.52808],[127.355007,35.528117],[127.354996,35.528117],[127.354996,35.528121],[127.354985,35.528121],[127.354985,35.528126],[127.354968,35.528126],[127.354968,35.52813],[127.354957,35.52813],[127.354957,35.528135],[127.354924,35.528144],[127.354924,35.528148],[127.354908,35.528153],[127.354902,35.528162],[127.354891,35.528162],[127.354891,35.528166],[127.35488,35.528166],[127.35488,35.528171],[127.354847,35.52818],[127.354847,35.528185],[127.354836,35.528189],[127.354836,35.528198],[127.354831,35.528198],[127.354814,35.528216],[127.35477,35.528221],[127.35477,35.528225],[127.354743,35.528225],[127.354743,35.52823],[127.354627,35.52823]]]}},{"type":"Feature","properties":{"pair":"2508-2510","cls":"veg_loss","area_m2":134.0,"score":0.67},"geometry":{"type":"Polygon","coordinates":[[[127.350227,35.527991],[127.350226,35.527986],[127.350215,35.527986],[127.350215,35.527977],[127.35021,35.527977],[127.35021,35.527946],[127.350215,35.527946],[127.350215,35.527932],[127.350221,35.527932],[127.350221,35.527923],[127.350232,35.527919],[127.350232,35.52791],[127.350237,35.52791],[127.350243,35.527901],[127.350276,35.527891],[127.350276,35.527887],[127.350292,35.527887],[127.350292,35.527882],[127.350309,35.527882],[127.350309,35.527878],[127.350331,35.527873],[127.350331,35.527869],[127.350342,35.527864],[127.350347,35.527846],[127.350353,35.527846],[127.350391,35.52781],[127.350402,35.52781],[127.350413,35.527796],[127.350424,35.527796],[127.350424,35.527792],[127.350435,35.527792],[127.350435,35.527787],[127.350463,35.527792],[127.350457,35.527819],[127.350452,35.527819],[127.35043,35.527841],[127.350419,35.527842],[127.350419,35.527846],[127.350408,35.527846],[127.350402,35.527855],[127.350369,35.527864],[127.350369,35.527869],[127.350347,35.527882],[127.350347,35.527891],[127.350342,35.527891],[127.350331,35.527918],[127.350281,35.527955],[127.350282,35.527964],[127.350276,35.527964],[127.350254,35.527986],[127.350227,35.527991]]]}},{"type":"Feature","properties":{"pair":"2508-2510","cls":"veg_gain","area_m2":330.8,"score":0.745},"geometry":{"type":"Polygon","coordinates":[[[127.352531,35.527953],[127.352531,35.527948],[127.352509,35.527948],[127.352509,35.527944],[127.352487,35.527939],[127.352481,35.52793],[127.35247,35.52793],[127.35247,35.527926],[127.352459,35.527921],[127.352459,35.527912],[127.352448,35.527908],[127.352442,35.527885],[127.352448,35.527885],[127.352453,35.527863],[127.352459,35.527863],[127.352464,35.527849],[127.352475,35.527845],[127.352475,35.527836],[127.352497,35.527822],[127.352497,35.527813],[127.352503,35.527813],[127.352502,35.527804],[127.352508,35.527804],[127.352508,35.527795],[127.352513,35.527795],[127.352519,35.527759],[127.352524,35.527759],[127.352535,35.527732],[127.352552,35.527723],[127.352552,35.527714],[127.352557,35.527714],[127.352574,35.527696],[127.352601,35.527695],[127.352601,35.5277],[127.352618,35.527709],[127.352618,35.527718],[127.352623,35.527718],[127.352618,35.527799],[127.352624,35.527799],[127.352629,35.527817],[127.352635,35.527817],[127.35264,35.527831],[127.352646,35.527831],[127.352646,35.527871],[127.352641,35.527871],[127.352641,35.527885],[127.352635,35.527885],[127.352635,35.527898],[127.35263,35.527898],[127.352619,35.527925],[127.352613,35.527925],[127.352591,35.527948],[127.352575,35.527948],[127.352575,35.527952],[127.352531,35.527953]]]}},{"type":"Feature","properties":{"pair":"2508-2510","cls":"veg_loss","area_m2":343.1,"score":0.678},"geometry":{"type":"Polygon","coordinates":[[[127.350354,35.528053],[127.350348,35.52804],[127.350342,35.52804],[127.350342,35.528031],[127.350348,35.528031],[127.350348,35.528022],[127.350353,35.528022],[127.350397,35.527981],[127.350408,35.527981],[127.350425,35.527963],[127.350436,35.527963],[127.350436,35.527959],[127.350452,35.527954],[127.350463,35.527941],[127.350474,35.52794],[127.350485,35.527927],[127.350496,35.527927],[127.350551,35.527877],[127.350562,35.527877],[127.350562,35.527873],[127.350568,35.527873],[127.35059,35.52785],[127.350601,35.52785],[127.350612,35.527836],[127.350623,35.527836],[127.350628,35.527827],[127.350661,35.527818],[127.350667,35.527809],[127.350678,35.527809],[127.350678,35.527805],[127.3507,35.5278],[127.350705,35.527791],[127.350716,35.527791],[127.350722,35.527782],[127.350733,35.527782],[127.350815,35.52771],[127.350826,35.52771],[127.350826,35.527705],[127.350843,35.527696],[127.350843,35.527687],[127.350848,35.527687],[127.350859,35.52766],[127.350865,35.52766],[127.350876,35.527646],[127.350887,35.527646],[127.350887,35.527642],[127.350925,35.527642],[127.350925,35.527646],[127.350942,35.527651],[127.350947,35.527673],[127.350942,35.527673],[127.350942,35.527682],[127.350936,35.527682],[127.35092,35.5277],[127.350909,35.5277],[127.350909,35.527705],[127.350898,35.527705],[127.350898,35.527709],[127.350865,35.527719],[127.350865,35.527723],[127.350843,35.527737],[127.350843,35.527746],[127.350837,35.527746],[127.350815,35.527768],[127.350804,35.527768],[127.350799,35.527777],[127.350788,35.527777],[127.350788,35.527782],[127.350777,35.527782],[127.350777,35.527786],[127.35076,35.527786],[127.35076,35.527791],[127.350749,35.527791],[127.350744,35.5278],[127.350733,35.5278],[127.350733,35.527805],[127.350711,35.527818],[127.350711,35.527827],[127.350683,35.527845],[127.350683,35.527854],[127.350645,35.527881],[127.350645,35.52789],[127.35064,35.52789],[127.350618,35.527913],[127.350607,35.527913],[127.350585,35.527936],[127.350574,35.527936],[127.350568,35.527945],[127.350546,35.527949],[127.350546,35.527954],[127.35053,35.527958],[127.350519,35.527972],[127.350508,35.527972],[127.350508,35.527976],[127.350491,35.527986],[127.350491,35.527995],[127.350469,35.528008],[127.350469,35.528017],[127.350464,35.528017],[127.350442,35.52804],[127.350431,35.52804],[127.350431,35.528044],[127.35042,35.528044],[127.35042,35.528049],[127.350403,35.528049],[127.350403,35.528053],[127.350354,35.528053]]]}},{"type":"Feature","properties":{"pair":"2508-2510","cls":"built_new","area_m2":678.6,"score":0.681},"geometry":{"type":"Polygon","coordinates":[[[127.356599,35.527909],[127.356577,35.527887],[127.356566,35.527887],[127.35656,35.527878],[127.356549,35.527878],[127.356549,35.527873],[127.356538,35.527873],[127.356538,35.527869],[127.356516,35.527869],[127.356516,35.527864],[127.356483,35.527869],[127.356456,35.527905],[127.356422,35.527905],[127.356422,35.527901],[127.356411,35.527901],[127.356411,35.527896],[127.3564,35.527896],[127.3564,35.527892],[127.356389,35.527892],[127.356389,35.527887],[127.356378,35.527887],[127.356378,35.527883],[127.356367,35.527883],[127.356367,35.527878],[127.356334,35.527874],[127.356334,35.527869],[127.356312,35.527856],[127.356312,35.527847],[127.356306,35.527847],[127.356306,35.527824],[127.356312,35.527824],[127.356312,35.527815],[127.356328,35.527806],[127.356328,35.527797],[127.356345,35.527788],[127.356345,35.527779],[127.35635,35.527779],[127.356356,35.527766],[127.356361,35.527766],[127.356355,35.527698],[127.356361,35.527698],[127.356366,35.527684],[127.356377,35.527684],[127.356377,35.52768],[127.356416,35.52768],[127.356416,35.527675],[127.356526,35.527675],[127.356526,35.52767],[127.356537,35.52767],[127.356537,35.527666],[127.356554,35.527657],[127.356554,35.527648],[127.356559,35.527648],[127.35657,35.527634],[127.356581,35.527634],[127.356581,35.52763],[127.356636,35.527625],[127.356636,35.52763],[127.356653,35.527634],[127.356653,35.527643],[127.356658,35.527643],[127.356659,35.527697],[127.356653,35.527697],[127.356653,35.52772],[127.356648,35.52772],[127.356648,35.527751],[127.356642,35.527751],[127.356637,35.527787],[127.356631,35.527787],[127.356626,35.52781],[127.356621,35.52781],[127.356621,35.527819],[127.356615,35.527819],[127.356615,35.527837],[127.356621,35.527837],[127.356621,35.527846],[127.356626,35.527846],[127.356626,35.527855],[127.356632,35.527855],[127.356632,35.5279],[127.356626,35.5279],[127.356626,35.527909],[127.356599,35.527909]]]}},{"type":"Feature","properties":{"pair":"2508-2510","cls":"built_new","area_m2":41.8,"score":0.657},"geometry":{"type":"Polygon","coordinates":[[[127.3506,35.527701],[127.3506,35.527697],[127.350589,35.527697],[127.350589,35.52767],[127.350594,35.52767],[127.350611,35.527652],[127.350622,35.527652],[127.350622,35.527647],[127.350633,35.527647],[127.350633,35.527643],[127.350649,35.527643],[127.350649,35.527638],[127.350688,35.527638],[127.350688,35.527642],[127.350699,35.527647],[127.350699,35.527656],[127.350694,35.527656],[127.350672,35.527679],[127.350661,35.527679],[127.350661,35.527683],[127.35065,35.527683],[127.35065,35.527688],[127.350633,35.527688],[127.350633,35.527692],[127.3506,35.527701]]]}},{"type":"Feature","properties":{"pair":"2508-2510","cls":"built_new","area_m2":45.4,"score":0.627},"geometry":{"type":"Polygon","coordinates":[[[127.355887,35.527704],[127.355881,35.527695],[127.35587,35.527695],[127.35587,35.52769],[127.355854,35.527681],[127.355848,35.527659],[127.355854,35.527659],[127.355854,35.52765],[127.35587,35.527645],[127.355881,35.527632],[127.355892,35.527632],[127.355892,35.527627],[127.355903,35.527627],[127.355903,35.527623],[127.355925,35.527623],[127.355925,35.527627],[127.355936,35.527627],[127.355936,35.52765],[127.355931,35.52765],[127.355931,35.527654],[127.35592,35.527659],[127.35592,35.527668],[127.355914,35.527668],[127.355914,35.527695],[127.355909,35.527695],[127.355909,35.527704],[127.355887,35.527704]]]}},{"type":"Feature","properties":{"pair":"2508-2510","cls":"built_new","area_m2":73.4,"score":0.651},"geometry":{"type":"Polygon","coordinates":[[[127.351432,35.527667],[127.351432,35.527663],[127.351421,35.527663],[127.351421,35.527645],[127.351427,35.527645],[127.351432,35.527636],[127.351443,35.527636],[127.351443,35.527631],[127.351471,35.527631],[127.351471,35.527627],[127.351603,35.527626],[127.351603,35.527631],[127.351631,35.527635],[127.351631,35.527653],[127.351614,35.527658],[127.351614,35.527662],[127.351598,35.527662],[127.351598,35.527667],[127.351537,35.527667],[127.351537,35.527662],[127.351432,35.527667]]]}},{"type":"Feature","properties":{"pair":"2508-2510","cls":"built_new","area_m2":1557.2,"score":0.763},"geometry":{"type":"Polygon","coordinates":[[[127.354433,35.527938],[127.354433,35.527933],[127.354421,35.527933],[127.354421,35.527929],[127.354344,35.527871],[127.354344,35.527862],[127.354338,35.527862],[127.354338,35.527853],[127.354333,35.527853],[127.354327,35.527826],[127.354322,35.527826],[127.354322,35.527817],[127.354316,35.527817],[127.354316,35.527808],[127.354311,35.527808],[127.354311,35.527799],[127.354305,35.527799],[127.354305,35.52779],[127.3543,35.52779],[127.3543,35.527781],[127.354294,35.527781],[127.354294,35.527767],[127.354288,35.527767],[127.354288,35.527758],[127.354283,35.527758],[127.354283,35.527745],[127.354277,35.527745],[127.354277,35.527736],[127.354272,35.527736],[127.354272,35.527722],[127.354266,35.527722],[127.354261,35.527704],[127.35425,35.5277],[127.35425,35.527691],[127.354244,35.527691],[127.354244,35.527682],[127.354238,35.527682],[127.354238,35.527673],[127.354233,35.527673],[127.354233,35.527664],[127.354227,35.527664],[127.354227,35.527632],[127.354233,35.527632],[127.354238,35.527619],[127.354266,35.527614],[127.354266,35.527609],[127.354404,35.527609],[127.354403,35.527605],[127.35458,35.527609],[127.35458,35.527613],[127.354652,35.527613],[127.354652,35.527617],[127.354834,35.527617],[127.354834,35.527612],[127.35485,35.527612],[127.35485,35.527608],[127.354905,35.527608],[127.354905,35.527612],[127.354922,35.527612],[127.354922,35.527617],[127.354938,35.527616],[127.354938,35.527621],[127.354993,35.527621],[127.354993,35.527625],[127.355004,35.527625],[127.355004,35.52763],[127.355016,35.527634],[127.355016,35.527643],[127.355021,35.527643],[127.355021,35.527652],[127.355027,35.527652],[127.355027,35.527679],[127.355021,35.527679],[127.355021,35.527688],[127.355016,35.527688],[127.355005,35.527702],[127.354955,35.527711],[127.354955,35.527716],[127.354933,35.52772],[127.354928,35.527729],[127.354917,35.527729],[127.354911,35.527738],[127.3549,35.527738],[127.3549,35.527743],[127.354889,35.527743],[127.354889,35.527747],[127.35484,35.527747],[127.35484,35.527743],[127.354829,35.527743],[127.354806,35.527721],[127.354784,35.527721],[127.354784,35.527725],[127.354773,35.52773],[127.354773,35.527739],[127.354768,35.527739],[127.354763,35.52777],[127.354752,35.527775],[127.354752,35.527784],[127.354746,35.527784],[127.354735,35.527797],[127.354724,35.527797],[127.354724,35.527802],[127.354708,35.527806],[127.354702,35.527815],[127.354691,35.527815],[127.354691,35.52782],[127.35468,35.52782],[127.35468,35.527825],[127.354647,35.527834],[127.354636,35.527847],[127.354625,35.527847],[127.354614,35.527861],[127.354603,35.527861],[127.354603,35.527865],[127.354587,35.52787],[127.354581,35.527879],[127.35457,35.527879],[127.35457,35.527883],[127.354559,35.527883],[127.354559,35.527888],[127.354548,35.527888],[127.354548,35.527893],[127.354537,35.527893],[127.354537,35.527897],[127.354526,35.527897],[127.354526,35.527902],[127.354493,35.527911],[127.354488,35.52792],[127.354466,35.527924],[127.354466,35.527929],[127.354449,35.527933],[127.354449,35.527938],[127.354433,35.527938]]]}},{"type":"Feature","properties":{"pair":"2504-2510","cls":"built_new","area_m2":79.4,"score":0.655},"geometry":{"type":"Polygon","coordinates":[[[127.351733,35.534651],[127.351733,35.534647],[127.351705,35.534643],[127.351705,35.534638],[127.351694,35.534634],[127.351694,35.534625],[127.351689,35.534625],[127.351689,35.534589],[127.351694,35.534589],[127.3517,35.53457],[127.351705,35.53457],[127.351711,35.534561],[127.351722,35.534561],[127.351722,35.534557],[127.351744,35.534557],[127.351744,35.534561],[127.351766,35.534566],[127.351766,35.53457],[127.351777,35.534575],[127.351777,35.534584],[127.351788,35.534588],[127.351788,35.534597],[127.351793,35.534597],[127.351794,35.534638],[127.351788,35.534638],[127.351783,35.534647],[127.351772,35.534647],[127.351772,35.534651],[127.351733,35.534651]]]}},{"type":"Feature","properties":{"pair":"2504-2510","cls":"built_new","area_m2":94.0,"score":0.669},"geometry":{"type":"Polygon","coordinates":[[[127.348464,35.534684],[127.348464,35.534679],[127.348453,35.534679],[127.348453,35.534675],[127.348436,35.534666],[127.348436,35.534657],[127.348431,35.534657],[127.348431,35.534648],[127.348425,35.534648],[127.348425,35.534612],[127.34843,35.534612],[127.34843,35.534598],[127.348436,35.534598],[127.348441,35.53458],[127.348447,35.53458],[127.348458,35.534566],[127.348502,35.534562],[127.348502,35.534566],[127.348513,35.534566],[127.348518,35.53458],[127.348524,35.53458],[127.348513,35.534661],[127.348508,35.534661],[127.348508,35.53467],[127.348502,35.53467],[127.348497,35.534679],[127.348464,35.534684]]]}},{"type":"Feature","properties":{"pair":"2504-2510","cls":"veg_gain","area_m2":134.2,"score":0.632},"geometry":{"type":"Polygon","coordinates":[[[127.35573,35.534644],[127.35573,35.53464],[127.355719,35.53464],[127.355719,35.534635],[127.355702,35.534631],[127.355702,35.534626],[127.355675,35.534626],[127.355675,35.534631],[127.355653,35.534631],[127.355653,35.534635],[127.355636,35.534636],[127.355636,35.53464],[127.355614,35.534636],[127.355614,35.534604],[127.35562,35.534604],[127.35562,35.534595],[127.355625,35.534595],[127.355625,35.534586],[127.355631,35.534586],[127.355641,35.534559],[127.355647,35.534559],[127.355663,35.534541],[127.355674,35.534541],[127.355674,35.534536],[127.355685,35.534536],[127.355685,35.534532],[127.355702,35.534532],[127.355702,35.534527],[127.355724,35.534527],[127.355724,35.534532],[127.355741,35.534536],[127.355741,35.534545],[127.355746,35.534545],[127.355746,35.534572],[127.355752,35.534572],[127.355757,35.53459],[127.355763,35.53459],[127.355763,35.534595],[127.355785,35.534608],[127.355785,35.534617],[127.355791,35.534617],[127.355785,35.534631],[127.35578,35.534631],[127.355769,35.534644],[127.35573,35.534644]]]}},{"type":"Feature","properties":{"pair":"2504-2510","cls":"veg_gain","area_m2":33.8,"score":0.608},"geometry":{"type":"Polygon","coordinates":[[[127.356276,35.534593],[127.356276,35.534589],[127.356259,35.534584],[127.356259,35.534575],[127.356254,35.534575],[127.356253,35.534566],[127.356248,35.534566],[127.356248,35.534544],[127.356253,35.534544],[127.356253,35.534535],[127.35627,35.53453],[127.35627,35.534526],[127.356292,35.53453],[127.356292,35.534534],[127.356314,35.534548],[127.356314,35.534579],[127.356309,35.534579],[127.356303,35.534589],[127.356292,35.534589],[127.356292,35.534593],[127.356276,35.534593]]]}},{"type":"Feature","properties":{"pair":"2504-2510","cls":"veg_gain","area_m2":1413.1,"score":0.774},"geometry":{"type":"Polygon","coordinates":[[[127.354611,35.534666],[127.354611,35.534661],[127.354578,35.534657],[127.354578,35.534652],[127.35455,35.534648],[127.35455,35.534643],[127.354523,35.534643],[127.354523,35.534648],[127.354501,35.534648],[127.354501,35.534652],[127.35444,35.534653],[127.35444,35.534657],[127.354379,35.534653],[127.354379,35.534648],[127.354368,35.534648],[127.354368,35.534644],[127.354335,35.534621],[127.35433,35.534608],[127.354319,35.534608],[127.354319,35.534603],[127.354307,35.534603],[127.354307,35.534599],[127.35428,35.534599],[127.35428,35.534603],[127.354269,35.534604],[127.354247,35.534626],[127.354236,35.534626],[127.354236,35.534631],[127.354225,35.534631],[127.354225,35.534635],[127.354214,35.534635],[127.354214,35.53464],[127.354197,35.53464],[127.354197,35.534644],[127.35417,35.534644],[127.35417,35.534649],[127.354131,35.534644],[127.354131,35.53464],[127.35412,35.53464],[127.35412,35.534635],[127.354109,35.534636],[127.354109,35.534631],[127.354098,35.534631],[127.354098,35.534627],[127.354065,35.534627],[127.354065,35.534631],[127.354026,35.534636],[127.354026,35.53464],[127.353966,35.534636],[127.353966,35.534631],[127.353922,35.534632],[127.353922,35.534627],[127.353889,35.534627],[127.353889,35.534623],[127.353855,35.534618],[127.353855,35.534614],[127.353844,35.534609],[127.353844,35.5346],[127.353839,35.5346],[127.353839,35.534573],[127.353844,35.534573],[127.35385,35.534546],[127.353855,35.534546],[127.353855,35.534537],[127.353861,35.534537],[127.353861,35.534524],[127.353866,35.534524],[127.353866,35.53451],[127.353872,35.53451],[127.353871,35.534497],[127.353877,35.534497],[127.353877,35.534478],[127.353882,35.534478],[127.353882,35.534465],[127.353888,35.534465],[127.353893,35.534424],[127.353899,35.534424],[127.353899,35.534415],[127.35391,35.534415],[127.35391,35.534411],[127.353932,35.534415],[127.353932,35.53442],[127.353937,35.53442],[127.353959,35.534442],[127.35397,35.534442],[127.35397,35.534447],[127.353987,35.534447],[127.353987,35.534442],[127.354004,35.534442],[127.354004,35.534438],[127.354031,35.534437],[127.354031,35.534433],[127.35413,35.534433],[127.35413,35.534437],[127.354141,35.534437],[127.354141,35.534442],[127.354152,35.534442],[127.354152,35.534446],[127.354163,35.534446],[127.354163,35.534451],[127.354197,35.53446],[127.354224,35.534486],[127.354252,35.534486],[127.354263,35.534473],[127.354274,35.534473],[127.354274,35.534468],[127.354279,35.534468],[127.354285,35.534459],[127.354296,35.534459],[127.354301,35.53445],[127.354312,35.53445],[127.354312,35.534446],[127.354323,35.534446],[127.354323,35.534441],[127.354351,35.534441],[127.354351,35.534446],[127.354367,35.534445],[127.354367,35.53445],[127.354384,35.534454],[127.354384,35.534459],[127.354401,35.534459],[127.354401,35.534463],[127.354417,35.534463],[127.354417,35.534468],[127.354439,35.534468],[127.354439,35.534472],[127.354456,35.534472],[127.354456,35.534477],[127.354478,35.534477],[127.354478,35.534481],[127.3545,35.534481],[127.3545,35.534486],[127.354577,35.53449],[127.354577,35.534494],[127.354588,35.534494],[127.354588,35.534499],[127.354605,35.534508],[127.354605,35.534521],[127.35461,35.534521],[127.35461,35.534535],[127.354616,35.534535],[127.354627,35.534562],[127.354633,35.534562],[127.354633,35.534566],[127.354666,35.534589],[127.354666,35.534598],[127.354671,35.534598],[127.354672,35.534638],[127.354666,35.534638],[127.354666,35.534647],[127.354661,35.534647],[127.35465,35.534661],[127.354639,35.534661],[127.354639,35.534666],[127.354611,35.534666]]]}},{"type":"Feature","properties":{"pair":"2504-2510","cls":"built_new","area_m2":25.0,"score":0.623},"geometry":{"type":"Polygon","coordinates":[[[127.34849,35.534377],[127.34849,35.534372],[127.348479,35.534373],[127.348479,35.534368],[127.348468,35.534364],[127.348468,35.534355],[127.348462,35.534355],[127.348462,35.534332],[127.348468,35.534332],[127.348468,35.534323],[127.348484,35.534318],[127.348484,35.534314],[127.348501,35.534318],[127.348501,35.534323],[127.348512,35.534327],[127.348512,35.534336],[127.348517,35.534336],[127.348518,35.534359],[127.348512,35.534359],[127.348512,35.534368],[127.34849,35.534377]]]}},{"type":"Feature","properties":{"pair":"2504-2510","cls":"veg_gain","area_m2":71.2,"score":0.639},"geometry":{"type":"Polygon","coordinates":[[[127.354626,35.534368],[127.354626,35.534364],[127.35461,35.534359],[127.354604,35.534332],[127.35461,35.534332],[127.354615,35.534314],[127.35462,35.534314],[127.354631,35.534301],[127.354642,35.5343],[127.354642,35.534296],[127.354653,35.534296],[127.354653,35.534291],[127.354698,35.534291],[127.354698,35.534296],[127.35472,35.534296],[127.35472,35.5343],[127.354742,35.534305],[127.354742,35.534323],[127.354736,35.534323],[127.354731,35.534332],[127.35472,35.534332],[127.354714,35.534341],[127.354703,35.534341],[127.354703,35.534345],[127.354692,35.534345],[127.354692,35.53435],[127.354681,35.53435],[127.354681,35.534354],[127.35467,35.534354],[127.35467,35.534359],[127.354659,35.534359],[127.354659,35.534364],[127.354648,35.534364],[127.354648,35.534368],[127.354626,35.534368]]]}},{"type":"Feature","properties":{"pair":"2504-2510","cls":"veg_gain","area_m2":52.1,"score":0.649},"geometry":{"type":"Polygon","coordinates":[[[127.35247,35.534334],[127.35247,35.534329],[127.352465,35.534329],[127.352465,35.534275],[127.35247,35.534275],[127.35247,35.534262],[127.352476,35.534262],[127.352476,35.534253],[127.352481,35.534253],[127.352487,35.534244],[127.352514,35.534239],[127.352514,35.534244],[127.352525,35.534244],[127.352525,35.534248],[127.352536,35.534253],[127.352536,35.534262],[127.352542,35.534262],[127.352542,35.534289],[127.352536,35.534289],[127.352536,35.534298],[127.352531,35.534298],[127.352525,35.534307],[127.352514,35.534307],[127.352487,35.534334],[127.35247,35.534334]]]}},{"type":"Feature","properties":{"pair":"2504-2510","cls":"built_new","area_m2":353.8,"score":0.738},"geometry":{"type":"Polygon","coordinates":[[[127.350217,35.534611],[127.350211,35.534597],[127.350206,35.534597],[127.350206,35.534575],[127.3502,35.534575],[127.3502,35.534557],[127.350205,35.534557],[127.350205,35.534489],[127.3502,35.534489],[127.350205,35.534431],[127.350199,35.534431],[127.350199,35.534408],[127.350194,35.534408],[127.350194,35.534386],[127.350188,35.534386],[127.350188,35.534359],[127.350194,35.534359],[127.350199,35.534331],[127.35021,35.534327],[127.35021,35.534318],[127.350215,35.534318],[127.350215,35.534309],[127.350221,35.534309],[127.350221,35.534291],[127.350226,35.534291],[127.350221,35.534264],[127.350226,35.534264],[127.350226,35.53425],[127.350232,35.53425],[127.350232,35.534241],[127.350237,35.534241],[127.350243,35.534232],[127.350298,35.534228],[127.350298,35.534223],[127.350331,35.534223],[127.350331,35.534218],[127.350364,35.534218],[127.350364,35.534223],[127.350375,35.534223],[127.35038,35.534241],[127.350375,35.534241],[127.35037,35.534259],[127.350342,35.534277],[127.350342,35.534286],[127.350337,35.534286],[127.350337,35.534295],[127.350331,35.534295],[127.350331,35.534327],[127.350326,35.534327],[127.35032,35.534358],[127.350315,35.534358],[127.350309,35.534376],[127.350298,35.534381],[127.350298,35.53439],[127.350293,35.53439],[127.350293,35.534394],[127.350282,35.534399],[127.350282,35.534408],[127.350271,35.534412],[127.350266,35.534439],[127.35026,35.534439],[127.350266,35.534494],[127.350271,35.534494],[127.350271,35.534507],[127.350277,35.534507],[127.350277,35.534561],[127.350272,35.534561],[127.350272,35.53457],[127.350266,35.53457],[127.350255,35.534597],[127.35025,35.534597],[127.350239,35.534611],[127.350217,35.534611]]]}},{"type":"Feature","properties":{"pair":"2504-2510","cls":"built_new","area_m2":77.5,"score":0.636},"geometry":{"type":"Polygon","coordinates":[[[127.355342,35.534217],[127.355342,35.534213],[127.35532,35.534213],[127.35532,35.534208],[127.355293,35.534208],[127.355293,35.534204],[127.355259,35.5342],[127.355259,35.534195],[127.355254,35.534195],[127.355259,35.534168],[127.355265,35.534168],[127.355276,35.534154],[127.355292,35.534154],[127.355292,35.53415],[127.355342,35.53415],[127.355342,35.534154],[127.355359,35.534154],[127.355359,35.534159],[127.355375,35.534159],[127.355381,35.534168],[127.355392,35.534168],[127.355392,35.534172],[127.355403,35.534177],[127.355403,35.534204],[127.355397,35.534204],[127.355392,35.534213],[127.355381,35.534213],[127.355381,35.534217],[127.355342,35.534217]]]}},{"type":"Feature","properties":{"pair":"2504-2510","cls":"built_new","area_m2":456.5,"score":0.806},"geometry":{"type":"Polygon","coordinates":[[[127.351544,35.534364],[127.351544,35.534359],[127.351533,35.534359],[127.351528,35.53435],[127.351517,35.53435],[127.351517,35.534346],[127.351506,35.534346],[127.351506,35.534341],[127.351495,35.534341],[127.351495,35.534337],[127.351484,35.534337],[127.351484,35.534332],[127.35145,35.534323],[127.351406,35.534283],[127.351395,35.534283],[127.351395,35.534278],[127.351384,35.534278],[127.351384,35.534274],[127.351351,35.534265],[127.351345,35.534256],[127.351334,35.534256],[127.351334,35.534252],[127.351301,35.534229],[127.351301,35.53422],[127.35129,35.534216],[127.35129,35.534202],[127.351284,35.534202],[127.351284,35.534189],[127.35129,35.534189],[127.35129,35.53418],[127.351295,35.53418],[127.351301,35.534171],[127.3514,35.534143],[127.3514,35.534139],[127.351411,35.534134],[127.351416,35.534116],[127.351422,35.534116],[127.351427,35.534094],[127.351433,35.534094],[127.351444,35.53408],[127.351455,35.53408],[127.351455,35.534075],[127.351493,35.534075],[127.351493,35.53408],[127.351504,35.53408],[127.35151,35.534102],[127.351516,35.534102],[127.351516,35.534161],[127.351521,35.534161],[127.351521,35.534174],[127.351527,35.534174],[127.351527,35.534183],[127.351532,35.534183],[127.351533,35.534192],[127.351538,35.534192],[127.351538,35.534201],[127.351549,35.534206],[127.351555,35.534228],[127.35156,35.534228],[127.35156,35.534251],[127.351566,35.534251],[127.351566,35.534273],[127.351571,35.534273],[127.351572,35.534337],[127.351577,35.534336],[127.351577,35.534346],[127.351572,35.534346],[127.351566,35.534359],[127.351544,35.534364]]]}},{"type":"Feature","properties":{"pair":"2504-2510","cls":"veg_loss","area_m2":94.9,"score":0.643},"geometry":{"type":"Polygon","coordinates":[[[127.354543,35.534188],[127.354543,35.534184],[127.354532,35.534184],[127.354526,35.53417],[127.354521,35.53417],[127.354521,35.534152],[127.354526,35.534152],[127.354531,35.534125],[127.354537,35.534125],[127.354537,35.534116],[127.354542,35.534116],[127.354542,35.534107],[127.354548,35.534107],[127.354548,35.534093],[127.354553,35.534093],[127.354553,35.534084],[127.354559,35.534084],[127.35457,35.534057],[127.354581,35.534053],[127.354586,35.534035],[127.354592,35.534035],[127.354603,35.534021],[127.354619,35.534021],[127.354619,35.534026],[127.354625,35.534026],[127.354625,35.534044],[127.354619,35.534044],[127.354619,35.534053],[127.354614,35.534053],[127.354608,35.534084],[127.354603,35.534084],[127.354603,35.534111],[127.354609,35.534111],[127.354609,35.534152],[127.354603,35.534152],[127.354603,35.534165],[127.354598,35.534165],[127.354581,35.534183],[127.35457,35.534184],[127.35457,35.534188],[127.354543,35.534188]]]}},{"type":"Feature","properties":{"pair":"2504-2510","cls":"veg_gain","area_m2":654.0,"score":0.662},"geometry":{"type":"Polygon","coordinates":[[[127.355933,35.534333],[127.355927,35.534319],[127.355922,35.534319],[127.355922,35.534306],[127.355927,35.534306],[127.355927,35.534297],[127.355938,35.534292],[127.355938,35.534283],[127.355954,35.534274],[127.355954,35.534265],[127.355965,35.534261],[127.355976,35.534233],[127.355987,35.534229],[127.355987,35.534215],[127.355993,35.534215],[127.355998,35.534206],[127.35602,35.534202],[127.356026,35.534193],[127.356037,35.534193],[127.356037,35.534188],[127.35607,35.534166],[127.35607,35.534157],[127.356081,35.534152],[127.356081,35.534143],[127.356086,35.534143],[127.356092,35.534134],[127.356103,35.534134],[127.356103,35.534129],[127.356114,35.534129],[127.356114,35.534125],[127.35613,35.534125],[127.35613,35.53412],[127.356147,35.53412],[127.356147,35.534116],[127.356158,35.534111],[127.356158,35.534093],[127.356152,35.534093],[127.356152,35.534089],[127.356136,35.53408],[127.356136,35.534071],[127.35613,35.534071],[127.356135,35.534048],[127.356141,35.534048],[127.356157,35.53403],[127.356185,35.534026],[127.356185,35.534021],[127.356218,35.534012],[127.356218,35.534007],[127.356234,35.533998],[127.35624,35.533985],[127.356273,35.53398],[127.356273,35.533985],[127.356284,35.533989],[127.356284,35.534003],[127.35629,35.534003],[127.356295,35.534025],[127.356301,35.534025],[127.356306,35.534061],[127.356312,35.534061],[127.356317,35.534075],[127.356328,35.534075],[127.356329,35.534079],[127.356345,35.534084],[127.356345,35.534088],[127.356395,35.534088],[127.356395,35.534084],[127.356417,35.534088],[127.356422,35.53411],[127.356417,35.53411],[127.356411,35.534129],[127.356356,35.534169],[127.356357,35.534178],[127.356351,35.534178],[127.35634,35.534205],[127.356335,35.534205],[127.356318,35.534223],[127.356307,35.534223],[127.356302,35.534233],[127.356291,35.534233],[127.356291,35.534237],[127.35628,35.534237],[127.35628,35.534242],[127.356258,35.534242],[127.356258,35.534246],[127.35618,35.534246],[127.35618,35.534242],[127.356153,35.534242],[127.356153,35.534237],[127.356087,35.534229],[127.356087,35.534233],[127.356065,35.534238],[127.356059,35.534247],[127.356048,35.534247],[127.356026,35.534269],[127.356015,35.534269],[127.356015,35.534274],[127.355999,35.534283],[127.355999,35.534292],[127.355982,35.534301],[127.355982,35.53431],[127.355971,35.534315],[127.355971,35.534324],[127.355966,35.534324],[127.35596,35.534333],[127.355933,35.534333]]]}},{"type":"Feature","properties":{"pair":"2504-2510","cls":"built_new","area_m2":1640.1,"score":0.688},"geometry":{"type":"Polygon","coordinates":[[[127.354791,35.534305],[127.354791,35.5343],[127.35478,35.534296],[127.35478,35.534287],[127.354786,35.534287],[127.354802,35.534268],[127.354813,35.534268],[127.354813,35.534264],[127.354824,35.534259],[127.354824,35.534232],[127.354819,35.534232],[127.354813,35.534219],[127.35478,35.534196],[127.354774,35.534174],[127.354769,35.534174],[127.354769,35.53416],[127.354763,35.53416],[127.354757,35.534129],[127.354763,35.534129],[127.354763,35.534111],[127.354768,35.534111],[127.354768,35.534102],[127.354774,35.534102],[127.354774,35.534093],[127.354779,35.534093],[127.354779,35.534066],[127.354774,35.534066],[127.354774,35.534057],[127.354752,35.534043],[127.354746,35.534025],[127.35474,35.534025],[127.354735,35.534012],[127.354729,35.534012],[127.354729,35.533989],[127.354746,35.533985],[127.354746,35.53398],[127.354983,35.533984],[127.354983,35.533989],[127.355055,35.533993],[127.355055,35.533997],[127.355143,35.533997],[127.355143,35.534002],[127.355165,35.534002],[127.355165,35.534006],[127.355187,35.534006],[127.355187,35.53401],[127.355242,35.53401],[127.355242,35.534015],[127.355286,35.534019],[127.355286,35.534024],[127.355303,35.534024],[127.355303,35.534028],[127.355397,35.534041],[127.355397,35.534046],[127.355424,35.53405],[127.355424,35.534055],[127.355435,35.534055],[127.355435,35.534059],[127.355446,35.534059],[127.355446,35.534064],[127.355507,35.534064],[127.355507,35.534059],[127.355535,35.534059],[127.355535,35.534055],[127.355601,35.534054],[127.355601,35.534059],[127.355628,35.534059],[127.355628,35.534063],[127.355705,35.534063],[127.355705,35.534068],[127.355739,35.534067],[127.355739,35.534063],[127.355821,35.534063],[127.355821,35.534067],[127.355838,35.534067],[127.355838,35.534072],[127.355865,35.534076],[127.355865,35.534081],[127.355887,35.534081],[127.355887,35.534076],[127.355943,35.534076],[127.355943,35.53408],[127.355954,35.53408],[127.355959,35.534089],[127.35597,35.534089],[127.35597,35.534094],[127.355981,35.534098],[127.355981,35.534107],[127.355992,35.534112],[127.355992,35.534121],[127.355998,35.534121],[127.355998,35.534166],[127.355993,35.534166],[127.355993,35.534175],[127.355987,35.534175],[127.355987,35.534184],[127.355982,35.534184],[127.355982,35.534197],[127.355976,35.534197],[127.355971,35.534206],[127.35596,35.534206],[127.35596,35.534211],[127.355949,35.534211],[127.355949,35.534216],[127.355938,35.534216],[127.355938,35.53422],[127.355927,35.53422],[127.355927,35.534225],[127.355905,35.534225],[127.355905,35.534229],[127.355883,35.534234],[127.355877,35.534243],[127.355866,35.534243],[127.355866,35.534247],[127.355855,35.534247],[127.355855,35.534252],[127.355844,35.534252],[127.355844,35.534256],[127.355806,35.534261],[127.355806,35.534266],[127.355795,35.534266],[127.355795,35.53427],[127.355784,35.53427],[127.355784,35.534275],[127.355773,35.534275],[127.355773,35.534279],[127.355762,35.534279],[127.355762,35.534284],[127.355751,35.534284],[127.355751,35.534288],[127.355728,35.534288],[127.355728,35.534284],[127.355717,35.534284],[127.355717,35.534275],[127.355712,35.534275],[127.355712,35.534252],[127.355717,35.534252],[127.355717,35.534243],[127.355723,35.534243],[127.355723,35.534216],[127.355717,35.534216],[127.355717,35.534207],[127.355712,35.534207],[127.355706,35.534198],[127.355695,35.534198],[127.355695,35.534194],[127.355656,35.534189],[127.355656,35.534185],[127.355645,35.534185],[127.355645,35.53418],[127.355618,35.534176],[127.355612,35.534167],[127.355601,35.534167],[127.355596,35.534158],[127.355585,35.534158],[127.355579,35.534149],[127.355568,35.534149],[127.355568,35.534145],[127.355557,35.534145],[127.355557,35.53414],[127.355546,35.53414],[127.355546,35.534136],[127.355491,35.534131],[127.355491,35.534127],[127.355474,35.534127],[127.355474,35.534122],[127.355375,35.534127],[127.355375,35.534123],[127.355336,35.534118],[127.355336,35.534114],[127.355254,35.534109],[127.355254,35.534105],[127.355237,35.534105],[127.355237,35.5341],[127.35522,35.5341],[127.35522,35.534096],[127.355171,35.534096],[127.355171,35.534092],[127.355127,35.534092],[127.355127,35.534087],[127.355066,35.534087],[127.355066,35.534092],[127.354912,35.534088],[127.354912,35.534092],[127.354901,35.534092],[127.354901,35.534097],[127.354884,35.534106],[127.354884,35.534115],[127.354879,35.534115],[127.354879,35.534142],[127.354884,35.534142],[127.354884,35.534151],[127.35489,35.534151],[127.35489,35.53416],[127.354895,35.53416],[127.354901,35.534169],[127.354934,35.534178],[127.354934,35.534182],[127.354951,35.534191],[127.354951,35.534209],[127.354934,35.534214],[127.354934,35.534219],[127.354896,35.534219],[127.354896,35.534223],[127.354885,35.534223],[127.354885,35.534228],[127.354868,35.534232],[127.354868,35.534259],[127.354874,35.534259],[127.354879,35.534273],[127.354885,35.534273],[127.354885,35.534286],[127.354879,35.534286],[127.354874,35.5343],[127.354863,35.5343],[127.354863,35.534304],[127.354791,35.534305]]]}},{"type":"Feature","properties":{"pair":"2504-2510","cls":"veg_gain","area_m2":160.9,"score":0.66},"geometry":{"type":"Polygon","coordinates":[[[127.349906,35.53408],[127.349906,35.534075],[127.349889,35.534076],[127.349889,35.534071],[127.349878,35.534067],[127.349872,35.534049],[127.349878,35.534049],[127.349878,35.53404],[127.349883,35.534039],[127.349905,35.534017],[127.349916,35.534017],[127.349916,35.534012],[127.349922,35.534012],[127.349927,35.534003],[127.349938,35.534003],[127.349944,35.533994],[127.349982,35.53399],[127.349982,35.533985],[127.350015,35.533985],[127.350016,35.53399],[127.350076,35.533989],[127.350076,35.533985],[127.350098,35.533985],[127.350098,35.533989],[127.350104,35.533989],[127.350104,35.534003],[127.350082,35.534016],[127.350082,35.534025],[127.350076,35.534025],[127.350076,35.534034],[127.350071,35.534034],[127.350071,35.534048],[127.350065,35.534048],[127.350065,35.534057],[127.35006,35.534057],[127.35006,35.534066],[127.350054,35.534066],[127.350049,35.534075],[127.350038,35.534075],[127.350038,35.53408],[127.349906,35.53408]]]}},{"type":"Feature","properties":{"pair":"2504-2510","cls":"built_new","area_m2":127.6,"score":0.659},"geometry":{"type":"Polygon","coordinates":[[[127.355711,35.533968],[127.355711,35.533964],[127.355694,35.533964],[127.355694,35.533959],[127.355677,35.533959],[127.355677,35.533955],[127.3556,35.533946],[127.3556,35.533942],[127.355589,35.533942],[127.355589,35.533937],[127.355578,35.533933],[127.355578,35.533915],[127.355584,35.533915],[127.355594,35.533901],[127.355605,35.533901],[127.355605,35.533897],[127.355661,35.533896],[127.355661,35.533901],[127.355677,35.533901],[127.355677,35.533905],[127.35576,35.53391],[127.35576,35.533914],[127.35581,35.533923],[127.35581,35.533928],[127.355821,35.533927],[127.355821,35.533932],[127.355832,35.533932],[127.355832,35.533936],[127.355848,35.533941],[127.355848,35.53395],[127.355843,35.53395],[127.355837,35.533959],[127.355793,35.533959],[127.355793,35.533964],[127.355771,35.533964],[127.355771,35.533968],[127.355711,35.533968]]]}},{"type":"Feature","properties":{"pair":"2504-2510","cls":"built_new","area_m2":104.5,"score":0.64},"geometry":{"type":"Polygon","coordinates":[[[127.351851,35.533998],[127.351851,35.533993],[127.35184,35.533993],[127.351835,35.53398],[127.351829,35.53398],[127.351829,35.533948],[127.351835,35.533948],[127.351835,35.533935],[127.35184,35.533935],[127.351851,35.533908],[127.351857,35.533908],[127.351873,35.533889],[127.351884,35.533889],[127.351884,35.533885],[127.351917,35.533885],[127.351917,35.533889],[127.351934,35.533889],[127.351934,35.533894],[127.35195,35.533894],[127.35195,35.533898],[127.351967,35.533898],[127.351967,35.533903],[127.351983,35.533907],[127.351983,35.533925],[127.351978,35.533925],[127.351978,35.53393],[127.351967,35.53393],[127.351967,35.533934],[127.351945,35.533939],[127.351939,35.533948],[127.351928,35.533948],[127.351928,35.533952],[127.351906,35.533966],[127.351906,35.533975],[127.351901,35.533975],[127.35189,35.533989],[127.351879,35.533989],[127.351879,35.533993],[127.351868,35.533993],[127.351868,35.533998],[127.351851,35.533998]]]}},{"type":"Feature","properties":{"pair":"2504-2510","cls":"veg_gain","area_m2":72.6,"score":0.64},"geometry":{"type":"Polygon","coordinates":[[[127.351035,35.533905],[127.351035,35.533901],[127.351024,35.533901],[127.351024,35.533896],[127.351013,35.533892],[127.351013,35.533883],[127.351007,35.533883],[127.351007,35.533856],[127.351013,35.533856],[127.351018,35.533838],[127.351024,35.533838],[127.35104,35.53382],[127.351068,35.533815],[127.351068,35.53382],[127.351079,35.53382],[127.351079,35.533824],[127.351095,35.533833],[127.351095,35.533842],[127.351107,35.533847],[127.351118,35.533878],[127.351112,35.533878],[127.351112,35.533887],[127.351107,35.533887],[127.351101,35.533896],[127.35109,35.533896],[127.35109,35.533901],[127.351035,35.533905]]]}},{"type":"Feature","properties":{"pair":"2504-2510","cls":"veg_gain","area_m2":105.5,"score":0.631},"geometry":{"type":"Polygon","coordinates":[[[127.351234,35.533945],[127.351234,35.533941],[127.351223,35.533936],[127.351223,35.533927],[127.351217,35.533927],[127.351217,35.533896],[127.351222,35.533896],[127.351222,35.533887],[127.351228,35.533887],[127.351228,35.533878],[127.351233,35.533878],[127.351233,35.533864],[127.351239,35.533864],[127.351233,35.533828],[127.351239,35.533828],[127.351239,35.533819],[127.351261,35.533815],[127.351261,35.533819],[127.351272,35.533819],[127.351294,35.533842],[127.351305,35.533842],[127.351311,35.533851],[127.351322,35.533851],[127.351322,35.533855],[127.351344,35.533869],[127.351349,35.533887],[127.351344,35.533887],[127.351344,35.533896],[127.351338,35.533896],[127.351327,35.533909],[127.351294,35.533918],[127.351294,35.533923],[127.351289,35.533923],[127.351283,35.533932],[127.351272,35.533932],[127.351261,35.533945],[127.351234,35.533945]]]}},{"type":"Feature","properties":{"pair":"2504-2510","cls":"veg_gain","area_m2":98.4,"score":0.655},"geometry":{"type":"Polygon","coordinates":[[[127.35216,35.533916],[127.35216,35.533911],[127.352149,35.533911],[127.352149,35.533907],[127.352116,35.533884],[127.352116,35.533875],[127.35211,35.533875],[127.352104,35.533848],[127.352099,35.533848],[127.352093,35.533826],[127.352088,35.533826],[127.352088,35.533817],[127.352082,35.533817],[127.352082,35.533803],[127.352088,35.533803],[127.352088,35.533794],[127.352099,35.533794],[127.352099,35.53379],[127.352132,35.53379],[127.352132,35.533794],[127.352154,35.533799],[127.352154,35.533803],[127.35217,35.533812],[127.35217,35.533821],[127.352181,35.533826],[127.352182,35.533835],[127.352187,35.533834],[127.352187,35.533844],[127.352193,35.533843],[127.352193,35.533853],[127.352198,35.533852],[127.352204,35.533898],[127.352198,35.533898],[127.352198,35.533907],[127.352193,35.533907],[127.352187,35.533916],[127.35216,35.533916]]]}},{"type":"Feature","properties":{"pair":"2504-2510","cls":"built_new","area_m2":51.4,"score":0.634},"geometry":{"type":"Polygon","coordinates":[[[127.354381,35.533815],[127.354381,35.53381],[127.354348,35.533806],[127.354348,35.533801],[127.354331,35.533792],[127.354331,35.533783],[127.354337,35.533783],[127.354342,35.533774],[127.354353,35.533774],[127.354353,35.53377],[127.354436,35.533769],[127.354436,35.533765],[127.354469,35.533765],[127.354475,35.533783],[127.354469,35.533783],[127.354469,35.533792],[127.354464,35.533792],[127.354458,35.533801],[127.354431,35.533805],[127.354431,35.53381],[127.354409,35.53381],[127.354409,35.533814],[127.354381,35.533815]]]}},{"type":"Feature","properties":{"pair":"2504-2510","cls":"built_new","area_m2":87.5,"score":0.629},"geometry":{"type":"Polygon","coordinates":[[[127.348929,35.533794],[127.348929,35.53379],[127.348918,35.53379],[127.348912,35.533772],[127.348917,35.533772],[127.348928,35.533758],[127.348939,35.533758],[127.348939,35.533754],[127.348961,35.533754],[127.348961,35.533749],[127.349017,35.533749],[127.349017,35.533745],[127.349033,35.533745],[127.349033,35.53374],[127.34905,35.53374],[127.34905,35.533735],[127.349099,35.533735],[127.349099,35.53374],[127.34911,35.533744],[127.34911,35.533753],[127.349116,35.533753],[127.34911,35.533771],[127.349105,35.533771],[127.349094,35.533785],[127.349083,35.533785],[127.349083,35.533789],[127.348929,35.533794]]]}},{"type":"Feature","properties":{"pair":"2504-2510","cls":"veg_gain","area_m2":33.2,"score":0.614},"geometry":{"type":"Polygon","coordinates":[[[127.35115,35.533738],[127.35115,35.533734],[127.351139,35.533734],[127.351139,35.533729],[127.351128,35.533725],[127.351128,35.533711],[127.351122,35.533711],[127.351122,35.533702],[127.351117,35.533702],[127.351117,35.533684],[127.351122,35.533684],[127.351128,35.533671],[127.351155,35.533671],[127.351155,35.533675],[127.351166,35.533675],[127.351172,35.533689],[127.351177,35.533689],[127.351178,35.533698],[127.351183,35.533698],[127.351183,35.53372],[127.351178,35.53372],[127.351178,35.533729],[127.351161,35.533734],[127.351161,35.533738],[127.35115,35.533738]]]}},{"type":"Feature","properties":{"pair":"2504-2510","cls":"veg_gain","area_m2":1052.8,"score":0.65},"geometry":{"type":"Polygon","coordinates":[[[127.350413,35.534101],[127.350413,35.534097],[127.350391,35.534097],[127.350391,35.534092],[127.350363,35.534088],[127.350363,35.53407],[127.350369,35.53407],[127.350369,35.534061],[127.35038,35.534056],[127.350385,35.534034],[127.350391,35.534034],[127.350391,35.534015],[127.350385,35.534015],[127.350379,35.533997],[127.350374,35.533998],[127.350363,35.533984],[127.350341,35.53398],[127.350341,35.533975],[127.350319,35.533975],[127.350319,35.533971],[127.350308,35.533971],[127.350308,35.533966],[127.350291,35.533966],[127.350291,35.533962],[127.350275,35.533962],[127.350274,35.533957],[127.350252,35.533953],[127.350252,35.533948],[127.350247,35.533948],[127.350247,35.533926],[127.350252,35.533926],[127.350263,35.533912],[127.35028,35.533912],[127.35028,35.533908],[127.350296,35.533908],[127.350296,35.533903],[127.350329,35.533903],[127.350329,35.533908],[127.350351,35.533912],[127.350352,35.533916],[127.350357,35.533916],[127.350374,35.533934],[127.350385,35.533934],[127.350385,35.533939],[127.350423,35.533939],[127.350423,35.533934],[127.35044,35.533934],[127.35044,35.53393],[127.350451,35.53393],[127.350451,35.533925],[127.350506,35.533916],[127.350511,35.533902],[127.350517,35.533902],[127.350517,35.533889],[127.350522,35.533889],[127.350522,35.533862],[127.350517,35.533862],[127.350517,35.533853],[127.350511,35.533853],[127.350506,35.533839],[127.350517,35.533835],[127.350517,35.533839],[127.350528,35.533839],[127.350539,35.533853],[127.350561,35.533853],[127.350561,35.533848],[127.350594,35.533839],[127.350594,35.533835],[127.35061,35.533826],[127.350616,35.533803],[127.350621,35.533803],[127.350621,35.533762],[127.350615,35.533762],[127.350615,35.533753],[127.35061,35.533753],[127.350599,35.53374],[127.350588,35.53374],[127.350588,35.533736],[127.350577,35.533736],[127.350577,35.533731],[127.350538,35.533727],[127.350538,35.533722],[127.3505,35.533722],[127.350499,35.533718],[127.350466,35.533713],[127.350466,35.533709],[127.350444,35.533695],[127.350439,35.533668],[127.350444,35.533668],[127.35045,35.533655],[127.350466,35.53365],[127.350466,35.533655],[127.350483,35.533659],[127.350483,35.533668],[127.350488,35.533668],[127.350494,35.533677],[127.350505,35.533677],[127.350505,35.533682],[127.350516,35.533682],[127.350516,35.533686],[127.350582,35.533686],[127.350582,35.533681],[127.350604,35.533681],[127.350604,35.533677],[127.350643,35.533677],[127.350643,35.533681],[127.350659,35.533686],[127.350659,35.533695],[127.350665,35.533695],[127.350687,35.533717],[127.350698,35.533717],[127.350698,35.533722],[127.350709,35.533722],[127.350709,35.533726],[127.350726,35.533731],[127.350726,35.53374],[127.350731,35.53374],[127.350731,35.533749],[127.350737,35.533749],[127.350737,35.533771],[127.350742,35.533771],[127.350742,35.53378],[127.350748,35.53378],[127.350803,35.53383],[127.350814,35.533829],[127.35082,35.533838],[127.350853,35.533847],[127.350853,35.533852],[127.350875,35.533865],[127.350875,35.533874],[127.350881,35.533874],[127.350886,35.533883],[127.350897,35.533883],[127.350897,35.533888],[127.350914,35.533892],[127.350914,35.533901],[127.350919,35.533901],[127.35092,35.533951],[127.350914,35.533951],[127.350914,35.53396],[127.350903,35.53396],[127.350903,35.533964],[127.350853,35.533969],[127.350853,35.533974],[127.350837,35.533974],[127.350837,35.533978],[127.350826,35.533978],[127.350826,35.533983],[127.350787,35.533987],[127.350787,35.533992],[127.350749,35.533987],[127.350749,35.533983],[127.350738,35.533983],[127.350727,35.533969],[127.350716,35.533969],[127.350716,35.533965],[127.350705,35.533965],[127.350705,35.53396],[127.350688,35.533961],[127.350688,35.533956],[127.350671,35.533956],[127.350666,35.533947],[127.350644,35.533947],[127.350644,35.533952],[127.350638,35.533952],[127.350638,35.533983],[127.350622,35.533988],[127.350622,35.533992],[127.3506,35.533992],[127.3506,35.533997],[127.350578,35.533997],[127.350578,35.533992],[127.350567,35.533992],[127.350561,35.533983],[127.35055,35.533983],[127.35055,35.533979],[127.350539,35.533979],[127.350539,35.533974],[127.350512,35.533975],[127.350512,35.533979],[127.350479,35.533988],[127.350479,35.533993],[127.350468,35.533997],[127.350468,35.534006],[127.350462,35.534006],[127.350462,35.534038],[127.350468,35.534038],[127.350468,35.534047],[127.350473,35.534047],[127.350473,35.534074],[127.350468,35.534074],[127.350468,35.534083],[127.350462,35.534083],[127.350452,35.534096],[127.350413,35.534101]]]}},{"type":"Feature","properties":{"pair":"2504-2510","cls":"veg_gain","area_m2":104.1,"score":0.65},"geometry":{"type":"Polygon","coordinates":[[[127.350852,35.533735],[127.350852,35.53373],[127.350836,35.53373],[127.350836,35.533726],[127.350825,35.533726],[127.350825,35.533721],[127.350803,35.533721],[127.350803,35.533717],[127.35077,35.533712],[127.35077,35.533703],[127.350764,35.533703],[127.35077,35.533685],[127.350775,35.533685],[127.35078,35.533676],[127.350808,35.533672],[127.350808,35.533667],[127.350825,35.533667],[127.350825,35.533663],[127.350836,35.533663],[127.350836,35.533658],[127.350847,35.533658],[127.350847,35.533654],[127.350858,35.533654],[127.350858,35.533649],[127.350869,35.533649],[127.350869,35.533645],[127.350885,35.533645],[127.350885,35.53364],[127.350918,35.533644],[127.350924,35.533658],[127.350929,35.533658],[127.350929,35.533685],[127.350924,35.533685],[127.350924,35.533698],[127.350918,35.533698],[127.350913,35.533717],[127.350907,35.533717],[127.350896,35.53373],[127.350885,35.53373],[127.350885,35.533735],[127.350852,35.533735]]]}},{"type":"Feature","properties":{"pair":"2504-2510","cls":"veg_gain","area_m2":79.2,"score":0.68},"geometry":{"type":"Polygon","coordinates":[[[127.356558,35.533691],[127.356558,35.533686],[127.356531,35.533682],[127.356531,35.533678],[127.356514,35.533669],[127.356508,35.533628],[127.356514,35.533628],[127.356514,35.533619],[127.35653,35.533614],[127.35653,35.53361],[127.356547,35.53361],[127.356547,35.533605],[127.356591,35.533605],[127.356591,35.53361],[127.356602,35.53361],[127.356602,35.533614],[127.356619,35.533623],[127.356619,35.533632],[127.356624,35.533632],[127.356624,35.533659],[127.356619,35.533659],[127.356619,35.533668],[127.356613,35.533668],[127.356608,35.533682],[127.35658,35.533686],[127.35658,35.533691],[127.356558,35.533691]]]}},{"type":"Feature","properties":{"pair":"2504-2510","cls":"veg_gain","area_m2":311.8,"score":0.668},"geometry":{"type":"Polygon","coordinates":[[[127.354756,35.533904],[127.354756,35.533899],[127.354734,35.533895],[127.354734,35.533886],[127.354729,35.533886],[127.354729,35.533872],[127.354734,35.533872],[127.354734,35.533863],[127.35474,35.533863],[127.354751,35.53385],[127.354762,35.533849],[127.354767,35.53384],[127.354789,35.533836],[127.354795,35.533827],[127.354806,35.533827],[127.354811,35.533818],[127.354822,35.533818],[127.354822,35.533813],[127.354839,35.533809],[127.354839,35.533804],[127.354883,35.5338],[127.354883,35.533795],[127.35491,35.533795],[127.35491,35.53379],[127.354927,35.53379],[127.354927,35.533786],[127.354943,35.533786],[127.354943,35.533781],[127.354965,35.533777],[127.354987,35.533754],[127.354998,35.533754],[127.354998,35.53375],[127.355031,35.533727],[127.355037,35.533704],[127.355042,35.533704],[127.355042,35.533695],[127.355048,35.533695],[127.355048,35.533682],[127.355053,35.533682],[127.355081,35.533655],[127.355092,35.533655],[127.355092,35.53365],[127.355108,35.533641],[127.355114,35.533614],[127.355119,35.533614],[127.355125,35.533605],[127.355141,35.533614],[127.355147,35.533646],[127.355141,35.533646],[127.355141,35.533673],[127.355136,35.533673],[127.355136,35.533691],[127.35513,35.533691],[127.355125,35.533709],[127.355119,35.533709],[127.355076,35.533749],[127.355065,35.533749],[127.355059,35.533758],[127.355048,35.533759],[127.355048,35.533763],[127.355032,35.533772],[127.355032,35.533781],[127.355026,35.533781],[127.354977,35.533826],[127.354966,35.533826],[127.354966,35.533831],[127.354933,35.533853],[127.354922,35.533881],[127.354916,35.533881],[127.354905,35.533894],[127.354894,35.533894],[127.354894,35.533899],[127.354883,35.533899],[127.354883,35.533903],[127.354756,35.533904]]]}},{"type":"Feature","properties":{"pair":"2504-2510","cls":"veg_gain","area_m2":57.8,"score":0.642},"geometry":{"type":"Polygon","coordinates":[[[127.353013,35.53367],[127.353013,35.533665],[127.353002,35.533665],[127.353002,35.533661],[127.352991,35.533656],[127.352986,35.533638],[127.352991,35.533638],[127.352997,35.533625],[127.353008,35.533625],[127.353008,35.53362],[127.353019,35.53362],[127.353019,35.533616],[127.353052,35.533611],[127.353052,35.533616],[127.353085,35.53362],[127.353085,35.533625],[127.353096,35.533625],[127.353096,35.533629],[127.353107,35.533629],[127.353107,35.533634],[127.353118,35.533638],[127.353118,35.533656],[127.353101,35.533661],[127.353101,35.533665],[127.353013,35.53367]]]}},{"type":"Feature","properties":{"pair":"2504-2510","cls":"veg_gain","area_m2":306.6,"score":0.617},"geometry":{"type":"Polygon","coordinates":[[[127.350158,35.533903],[127.350158,35.533899],[127.350147,35.533899],[127.350147,35.533895],[127.350125,35.533881],[127.350125,35.533872],[127.350103,35.533859],[127.350103,35.53385],[127.350098,35.53385],[127.350098,35.533841],[127.350092,35.533841],[127.350097,35.533805],[127.350103,35.533805],[127.350108,35.533773],[127.350114,35.533773],[127.350114,35.533732],[127.350108,35.533732],[127.350102,35.533692],[127.350108,35.533692],[127.350108,35.533669],[127.350113,35.533669],[127.350113,35.53366],[127.350119,35.53366],[127.350119,35.533656],[127.350146,35.533638],[127.350146,35.533629],[127.350157,35.533624],[127.350157,35.533615],[127.350163,35.533615],[127.350163,35.533606],[127.350168,35.533606],[127.350168,35.533597],[127.350174,35.533597],[127.350185,35.53357],[127.350212,35.533556],[127.350212,35.533561],[127.350223,35.533561],[127.350229,35.533574],[127.350234,35.533574],[127.350234,35.533588],[127.350229,35.533588],[127.350229,35.533597],[127.350223,35.533597],[127.350223,35.533624],[127.350229,35.533624],[127.350234,35.533633],[127.350268,35.533642],[127.350268,35.533646],[127.350273,35.533646],[127.350284,35.53366],[127.350295,35.53366],[127.350295,35.533664],[127.350367,35.53366],[127.350367,35.533664],[127.350384,35.533669],[127.350389,35.533687],[127.350384,35.533687],[127.350384,35.533696],[127.350367,35.5337],[127.350367,35.533705],[127.350334,35.5337],[127.350334,35.533696],[127.350323,35.533696],[127.350323,35.533691],[127.350312,35.533691],[127.350312,35.533687],[127.350301,35.533687],[127.350301,35.533682],[127.35029,35.533682],[127.35029,35.533678],[127.350207,35.533678],[127.350207,35.533683],[127.350191,35.533692],[127.350191,35.533701],[127.350185,35.533701],[127.350174,35.533728],[127.350169,35.533728],[127.350163,35.533741],[127.350158,35.533741],[127.350158,35.533782],[127.350163,35.533782],[127.350164,35.533795],[127.350169,35.533795],[127.350169,35.533809],[127.350175,35.533809],[127.35018,35.533831],[127.350186,35.533831],[127.350186,35.533836],[127.350202,35.533845],[127.350202,35.533854],[127.350208,35.533854],[127.350214,35.533885],[127.350208,35.533885],[127.350208,35.533894],[127.350197,35.533894],[127.350197,35.533899],[127.350186,35.533899],[127.350186,35.533903],[127.350158,35.533903]]]}},{"type":"Feature","properties":{"pair":"2504-2510","cls":"veg_gain","area_m2":151.9,"score":0.653},"geometry":{"type":"Polygon","coordinates":[[[127.352776,35.533662],[127.352776,35.533657],[127.352765,35.533657],[127.352765,35.533653],[127.352749,35.533644],[127.352743,35.533626],[127.352732,35.533621],[127.352732,35.533608],[127.352726,35.533608],[127.352726,35.533599],[127.352721,35.533599],[127.352715,35.533576],[127.35271,35.533576],[127.352699,35.533563],[127.352649,35.533549],[127.352649,35.533545],[127.352627,35.533531],[127.352627,35.533522],[127.352621,35.533522],[127.352621,35.533491],[127.352627,35.533491],[127.352632,35.533477],[127.352643,35.533477],[127.352643,35.533473],[127.352671,35.533473],[127.352671,35.533477],[127.352682,35.533477],[127.352682,35.533482],[127.352709,35.533499],[127.352709,35.533509],[127.35272,35.533513],[127.352732,35.53354],[127.352737,35.53354],[127.352759,35.533562],[127.35277,35.533562],[127.352781,35.533576],[127.352792,35.533576],[127.352798,35.533585],[127.352809,35.533585],[127.352809,35.533589],[127.352826,35.533598],[127.352826,35.533607],[127.352831,35.533607],[127.352826,35.533634],[127.35282,35.533634],[127.352798,35.533657],[127.352776,35.533662]]]}},{"type":"Feature","properties":{"pair":"2504-2510","cls":"veg_gain","area_m2":29.2,"score":0.608},"geometry":{"type":"Polygon","coordinates":[[[127.351155,35.533481],[127.351155,35.533477],[127.351127,35.533473],[127.351127,35.533468],[127.351116,35.533464],[127.351116,35.533455],[127.35111,35.533455],[127.35111,35.533437],[127.351116,35.533437],[127.351116,35.533428],[127.351127,35.533427],[127.351127,35.533423],[127.351154,35.533427],[127.351154,35.533432],[127.351176,35.533445],[127.351182,35.533472],[127.351177,35.533472],[127.351177,35.533481],[127.351155,35.533481]]]}},{"type":"Feature","properties":{"pair":"2504-2510","cls":"veg_gain","area_m2":236.0,"score":0.668},"geometry":{"type":"Polygon","coordinates":[[[127.354865,35.533574],[127.354865,35.53357],[127.354854,35.53357],[127.354838,35.533529],[127.354832,35.533529],[127.354815,35.533511],[127.354804,35.533511],[127.354804,35.533507],[127.354793,35.533507],[127.354793,35.533502],[127.354782,35.533498],[127.354777,35.533471],[127.354782,35.533471],[127.354782,35.533457],[127.354793,35.533453],[127.354793,35.533444],[127.354804,35.533439],[127.354804,35.53343],[127.354815,35.533426],[127.354815,35.533417],[127.35482,35.533417],[127.354826,35.533408],[127.354837,35.533408],[127.354842,35.533399],[127.354876,35.533389],[127.354897,35.533367],[127.35492,35.533367],[127.354925,35.53338],[127.354931,35.53338],[127.354931,35.533394],[127.354936,35.533394],[127.354936,35.533403],[127.354942,35.533403],[127.354947,35.533412],[127.354958,35.533412],[127.354958,35.533416],[127.354997,35.533416],[127.354997,35.533412],[127.355019,35.533407],[127.355019,35.533412],[127.35503,35.533412],[127.35503,35.533416],[127.355041,35.533421],[127.355041,35.533434],[127.355036,35.533434],[127.355036,35.533439],[127.35498,35.533434],[127.35498,35.533439],[127.354969,35.533443],[127.35497,35.533452],[127.354964,35.533452],[127.354953,35.533466],[127.354942,35.533466],[127.354942,35.53347],[127.35492,35.533484],[127.354915,35.533511],[127.354909,35.533511],[127.354909,35.533534],[127.354904,35.533534],[127.354893,35.533561],[127.354865,35.533574]]]}},{"type":"Feature","properties":{"pair":"2504-2510","cls":"veg_gain","area_m2":58.5,"score":0.635},"geometry":{"type":"Polygon","coordinates":[[[127.354176,35.533428],[127.354175,35.533423],[127.354164,35.533423],[127.354164,35.533419],[127.354148,35.533414],[127.354148,35.533392],[127.354153,35.533392],[127.354159,35.533378],[127.35417,35.533378],[127.35417,35.533374],[127.354197,35.533373],[127.354197,35.533369],[127.35423,35.533364],[127.35423,35.53336],[127.354241,35.53336],[127.354241,35.533355],[127.354263,35.53336],[127.354269,35.533387],[127.354264,35.533387],[127.354264,35.533396],[127.354258,35.533396],[127.354236,35.533418],[127.354225,35.533418],[127.354225,35.533423],[127.354198,35.533423],[127.354198,35.533428],[127.354176,35.533428]]]}},{"type":"Feature","properties":{"pair":"2504-2510","cls":"veg_gain","area_m2":408.6,"score":0.657},"geometry":{"type":"Polygon","coordinates":[[[127.356299,35.533638],[127.356299,35.533633],[127.356288,35.533629],[127.356288,35.533602],[127.356282,35.533602],[127.356282,35.533588],[127.356277,35.533588],[127.356271,35.53357],[127.356266,35.53357],[127.35626,35.533561],[127.356238,35.533557],[127.356232,35.533543],[127.356238,35.533543],[127.356238,35.533534],[127.356249,35.533534],[127.356249,35.53353],[127.356287,35.53353],[127.356287,35.533525],[127.356309,35.53352],[127.356315,35.533507],[127.35632,35.533507],[127.35632,35.533493],[127.356326,35.533493],[127.356326,35.533457],[127.356331,35.533457],[127.356331,35.533381],[127.356325,35.533381],[127.35632,35.533363],[127.356303,35.533358],[127.356303,35.533354],[127.356292,35.533354],[127.356292,35.533349],[127.356276,35.533349],[127.356276,35.533345],[127.356259,35.533345],[127.356259,35.53334],[127.356243,35.53334],[127.356243,35.533336],[127.356226,35.533336],[127.356226,35.533331],[127.356209,35.533331],[127.356209,35.533327],[127.35616,35.533323],[127.35616,35.533318],[127.356132,35.533318],[127.356132,35.533314],[127.356083,35.533309],[127.356083,35.533305],[127.356022,35.5333],[127.356022,35.533296],[127.356005,35.533292],[127.356005,35.533273],[127.356011,35.533273],[127.356016,35.533264],[127.356055,35.53326],[127.356055,35.533255],[127.356082,35.533255],[127.356082,35.533251],[127.356104,35.533251],[127.356104,35.533246],[127.356137,35.533246],[127.356137,35.533251],[127.356159,35.533255],[127.356171,35.533269],[127.356198,35.533273],[127.356198,35.533277],[127.356237,35.533277],[127.356237,35.533273],[127.356264,35.533273],[127.356264,35.533268],[127.356297,35.533268],[127.356297,35.533273],[127.356308,35.533273],[127.356308,35.533277],[127.356325,35.533286],[127.356331,35.533309],[127.356336,35.533309],[127.356336,35.533318],[127.356342,35.533318],[127.356347,35.533331],[127.356375,35.533335],[127.356375,35.53334],[127.356386,35.53334],[127.356386,35.533344],[127.356397,35.533344],[127.356397,35.533349],[127.356408,35.533353],[127.356414,35.533376],[127.356419,35.533376],[127.356419,35.533444],[127.356414,35.533444],[127.356414,35.533457],[127.356403,35.533462],[127.356403,35.533471],[127.356343,35.533516],[127.356343,35.533561],[127.356337,35.533561],[127.356337,35.533579],[127.356332,35.533579],[127.356332,35.533602],[127.356326,35.533602],[127.356326,35.533615],[127.356321,35.533615],[127.356316,35.533633],[127.356299,35.533638]]]}},{"type":"Feature","properties":{"pair":"2504-2510","cls":"veg_gain","area_m2":29.1,"score":0.613},"geometry":{"type":"Polygon","coordinates":[[[127.352449,35.533324],[127.352449,35.53332],[127.352438,35.533316],[127.352433,35.533298],[127.352427,35.533298],[127.352427,35.533284],[127.352422,35.533284],[127.352422,35.533252],[127.352449,35.533252],[127.352449,35.533257],[127.352466,35.533266],[127.352471,35.533288],[127.352477,35.533288],[127.352477,35.533315],[127.352471,35.533315],[127.352471,35.533324],[127.352449,35.533324]]]}},{"type":"Feature","properties":{"pair":"2504-2510","cls":"veg_loss","area_m2":48.2,"score":0.617},"geometry":{"type":"Polygon","coordinates":[[[127.351242,35.533229],[127.351242,35.533224],[127.351231,35.533224],[127.351231,35.53322],[127.35122,35.533215],[127.351219,35.533206],[127.351214,35.533206],[127.351214,35.533179],[127.351219,35.533179],[127.351225,35.53317],[127.351236,35.53317],[127.351236,35.533166],[127.351296,35.533166],[127.351297,35.53317],[127.351308,35.53317],[127.351308,35.533175],[127.351313,35.533175],[127.351313,35.533197],[127.351308,35.533197],[127.351291,35.533215],[127.351242,35.533229]]]}},{"type":"Feature","properties":{"pair":"2504-2510","cls":"veg_gain","area_m2":255.4,"score":0.661},"geometry":{"type":"Polygon","coordinates":[[[127.356629,35.533362],[127.356629,35.533357],[127.356618,35.533357],[127.356617,35.533348],[127.356612,35.533348],[127.356612,35.533339],[127.356606,35.533339],[127.356606,35.533326],[127.356601,35.533326],[127.356601,35.533317],[127.356595,35.533317],[127.3566,35.533245],[127.356595,35.533245],[127.356589,35.533227],[127.356584,35.533227],[127.356545,35.533191],[127.356534,35.533191],[127.356534,35.533186],[127.356518,35.533186],[127.356518,35.533191],[127.356507,35.533191],[127.356507,35.533195],[127.356484,35.533195],[127.356479,35.533182],[127.356473,35.533182],[127.356479,35.533155],[127.35649,35.533155],[127.35649,35.53315],[127.356506,35.53315],[127.356506,35.533155],[127.356534,35.53315],[127.356534,35.533146],[127.356545,35.533141],[127.356545,35.533132],[127.35655,35.533132],[127.356556,35.53311],[127.356567,35.533105],[127.356567,35.533096],[127.356572,35.533096],[127.356589,35.533078],[127.3566,35.533078],[127.3566,35.533073],[127.356616,35.533073],[127.356616,35.533078],[127.356627,35.533078],[127.356627,35.533082],[127.356638,35.533087],[127.35665,35.533127],[127.356655,35.533127],[127.356661,35.53315],[127.356666,35.53315],[127.356666,35.533163],[127.356672,35.533163],[127.356672,35.533213],[127.356666,35.533213],[127.356667,35.533231],[127.356661,35.533231],[127.356661,35.533245],[127.356656,35.533245],[127.356661,35.533312],[127.356656,35.533312],[127.356656,35.533335],[127.35665,35.533335],[127.356645,35.533357],[127.356629,35.533362]]]}},{"type":"Feature","properties":{"pair":"2504-2510","cls":"veg_gain","area_m2":59.5,"score":0.648},"geometry":{"type":"Polygon","coordinates":[[[127.354792,35.533182],[127.354792,35.533178],[127.354781,35.533178],[127.354781,35.533173],[127.354764,35.533164],[127.354759,35.533142],[127.354753,35.533142],[127.354753,35.533124],[127.354748,35.533124],[127.354747,35.533101],[127.354753,35.533101],[127.354753,35.533088],[127.354758,35.533088],[127.354764,35.533074],[127.35478,35.533074],[127.35478,35.533079],[127.354814,35.533101],[127.354819,35.533124],[127.354825,35.533124],[127.354825,35.533164],[127.354819,35.533164],[127.354814,35.533178],[127.354792,35.533182]]]}},{"type":"Feature","properties":{"pair":"2504-2510","cls":"veg_gain","area_m2":59.0,"score":0.635},"geometry":{"type":"Polygon","coordinates":[[[127.354952,35.533123],[127.354951,35.533119],[127.35494,35.533119],[127.354935,35.533105],[127.354929,35.533105],[127.354935,35.533087],[127.35494,35.533087],[127.354951,35.533074],[127.354962,35.533074],[127.354962,35.533069],[127.354973,35.533069],[127.354973,35.533065],[127.354984,35.533065],[127.354984,35.53306],[127.355023,35.53306],[127.355023,35.533065],[127.355039,35.533065],[127.355039,35.533069],[127.355062,35.533073],[127.355062,35.533092],[127.355056,35.533092],[127.355045,35.533105],[127.355034,35.533105],[127.355034,35.53311],[127.355023,35.53311],[127.355023,35.533114],[127.354979,35.533119],[127.354979,35.533123],[127.354952,35.533123]]]}},{"type":"Feature","properties":{"pair":"2504-2510","cls":"built_new","area_m2":29.4,"score":0.624},"geometry":{"type":"Polygon","coordinates":[[[127.351213,35.533089],[127.351213,35.533085],[127.351202,35.533085],[127.351202,35.533076],[127.351197,35.533076],[127.351197,35.533053],[127.351202,35.533053],[127.351208,35.533031],[127.351224,35.533026],[127.351224,35.533031],[127.351235,35.533031],[127.351235,35.533035],[127.351246,35.53304],[127.351246,35.533049],[127.351257,35.533053],[127.351263,35.533071],[127.351257,35.533071],[127.351258,35.53308],[127.351241,35.533085],[127.351241,35.533089],[127.351213,35.533089]]]}},{"type":"Feature","properties":{"pair":"2504-2510","cls":"veg_gain","area_m2":65.6,"score":0.609},"geometry":{"type":"Polygon","coordinates":[[[127.354786,35.533025],[127.354786,35.53302],[127.354775,35.533016],[127.354775,35.532989],[127.35478,35.532989],[127.35478,35.53298],[127.354818,35.532953],[127.354818,35.532925],[127.354824,35.532925],[127.354824,35.532916],[127.354829,35.532916],[127.35484,35.532903],[127.354851,35.532903],[127.354857,35.532894],[127.35489,35.532889],[127.35489,35.532898],[127.354895,35.532898],[127.35489,35.532943],[127.354885,35.532943],[127.354874,35.532957],[127.354863,35.532957],[127.354863,35.532961],[127.354841,35.532961],[127.354841,35.532966],[127.354824,35.532975],[127.354824,35.532984],[127.354819,35.532984],[127.354813,35.533007],[127.354802,35.533011],[127.354802,35.53302],[127.354786,35.533025]]]}},{"type":"Feature","properties":{"pair":"2504-2510","cls":"veg_gain","area_m2":50.2,"score":0.597},"geometry":{"type":"Polygon","coordinates":[[[127.355965,35.532994],[127.355965,35.53299],[127.355954,35.53299],[127.355954,35.532985],[127.355943,35.532981],[127.355943,35.532949],[127.355915,35.532936],[127.355915,35.532918],[127.355921,35.532918],[127.355937,35.5329],[127.355948,35.5329],[127.355965,35.532882],[127.355987,35.532877],[127.355987,35.532881],[127.355998,35.532881],[127.355998,35.532904],[127.355965,35.532927],[127.355965,35.532949],[127.355987,35.532963],[127.355993,35.532981],[127.355987,35.532981],[127.355987,35.53299],[127.355965,35.532994]]]}},{"type":"Feature","properties":{"pair":"2504-2510","cls":"veg_gain","area_m2":27.8,"score":0.607},"geometry":{"type":"Polygon","coordinates":[[[127.350314,35.532921],[127.350314,35.532916],[127.350303,35.532912],[127.350303,35.532903],[127.350297,35.532903],[127.350297,35.53288],[127.350303,35.53288],[127.350308,35.532867],[127.35033,35.532862],[127.35033,35.532867],[127.350341,35.532866],[127.350341,35.532871],[127.350352,35.532875],[127.350353,35.532884],[127.350358,35.532884],[127.350358,35.532907],[127.350353,35.532907],[127.350353,35.532916],[127.350342,35.532916],[127.350342,35.532921],[127.350314,35.532921]]]}},{"type":"Feature","properties":{"pair":"2504-2510","cls":"veg_gain","area_m2":146.8,"score":0.664},"geometry":{"type":"Polygon","coordinates":[[[127.350154,35.532912],[127.350154,35.532908],[127.350143,35.532908],[127.350143,35.532903],[127.350127,35.532894],[127.350121,35.532872],[127.350115,35.532872],[127.350115,35.532863],[127.35011,35.532863],[127.350104,35.532849],[127.350005,35.532822],[127.349999,35.532804],[127.350005,35.532804],[127.350038,35.532773],[127.350054,35.532773],[127.350054,35.532768],[127.350109,35.532773],[127.350109,35.532777],[127.350137,35.532781],[127.350137,35.532786],[127.350159,35.532799],[127.350159,35.532808],[127.35017,35.532813],[127.35017,35.532822],[127.350181,35.532826],[127.350181,35.532835],[127.350187,35.532835],[127.350187,35.532844],[127.350192,35.532844],[127.350193,35.532853],[127.350198,35.532853],[127.350198,35.532889],[127.350193,35.532889],[127.350193,35.532898],[127.350187,35.532898],[127.350182,35.532907],[127.350154,35.532912]]]}},{"type":"Feature","properties":{"pair":"2504-2510","cls":"built_new","area_m2":747.4,"score":0.716},"geometry":{"type":"Polygon","coordinates":[[[127.351511,35.533048],[127.351511,35.533043],[127.3515,35.533043],[127.3515,35.533039],[127.351483,35.533039],[127.351483,35.533034],[127.351461,35.53303],[127.351456,35.533021],[127.351445,35.533021],[127.351445,35.533016],[127.351434,35.533017],[127.351434,35.533012],[127.351395,35.533012],[127.351395,35.533008],[127.351367,35.533003],[127.351367,35.532999],[127.351345,35.532985],[127.35134,35.532967],[127.351307,35.532945],[127.351307,35.532936],[127.351301,35.532936],[127.351301,35.532931],[127.35129,35.532927],[127.35129,35.532918],[127.351284,35.532918],[127.351284,35.532904],[127.351279,35.532904],[127.351284,35.53285],[127.351279,35.53285],[127.351273,35.532841],[127.351245,35.532841],[127.351245,35.532837],[127.351234,35.532837],[127.351234,35.532814],[127.35124,35.532814],[127.351245,35.532805],[127.351278,35.532805],[127.351278,35.53281],[127.351289,35.53281],[127.351289,35.532814],[127.351306,35.532819],[127.351306,35.532823],[127.351361,35.532823],[127.351361,35.532818],[127.351378,35.532814],[127.351383,35.532791],[127.351389,35.532791],[127.351389,35.532778],[127.351383,35.532778],[127.351377,35.532764],[127.351366,35.532764],[127.351366,35.53276],[127.351344,35.532746],[127.351344,35.532737],[127.351339,35.532737],[127.351333,35.532724],[127.351322,35.532719],[127.351322,35.53271],[127.351317,35.53271],[127.351317,35.532701],[127.351311,35.532701],[127.351311,35.532674],[127.351316,35.532674],[127.351322,35.532652],[127.351327,35.532652],[127.351338,35.532638],[127.351388,35.532643],[127.351388,35.532638],[127.351399,35.532638],[127.351399,35.532634],[127.351404,35.532634],[127.351415,35.53262],[127.351426,35.53262],[127.351426,35.532615],[127.351443,35.532615],[127.351443,35.53262],[127.351454,35.53262],[127.351454,35.532629],[127.35146,35.532629],[127.351454,35.532651],[127.351416,35.532674],[127.351416,35.532692],[127.351421,35.532692],[127.351421,35.532701],[127.351427,35.532701],[127.351427,35.532742],[127.351432,35.532742],[127.351432,35.532746],[127.35146,35.532746],[127.35146,35.532742],[127.351471,35.532742],[127.351477,35.532728],[127.351482,35.532728],[127.351482,35.532719],[127.351488,35.532719],[127.351487,35.532705],[127.351493,35.532705],[127.351504,35.532692],[127.351515,35.532692],[127.351515,35.532687],[127.351559,35.532687],[127.351559,35.532692],[127.351587,35.532696],[127.351587,35.532701],[127.351598,35.532701],[127.351603,35.53271],[127.351614,35.53271],[127.351614,35.532714],[127.351636,35.532728],[127.351636,35.532737],[127.351647,35.532741],[127.351648,35.53275],[127.351653,35.53275],[127.351659,35.532763],[127.351664,35.532763],[127.351664,35.532782],[127.351659,35.532782],[127.351659,35.532791],[127.351642,35.532795],[127.351642,35.5328],[127.351598,35.5328],[127.351598,35.532795],[127.351587,35.532795],[127.351587,35.532791],[127.351576,35.532791],[127.351576,35.532786],[127.351565,35.532786],[127.351565,35.532782],[127.351554,35.532782],[127.351554,35.532777],[127.351521,35.532777],[127.351521,35.532782],[127.35151,35.532782],[127.35151,35.532786],[127.351499,35.532791],[127.351499,35.5328],[127.351493,35.5328],[127.351493,35.532805],[127.351455,35.532832],[127.351455,35.532841],[127.351449,35.532841],[127.35145,35.532886],[127.351455,35.532886],[127.351461,35.532931],[127.351466,35.532931],[127.351472,35.532949],[127.351477,35.532949],[127.351489,35.532962],[127.351511,35.532967],[127.351511,35.532971],[127.351555,35.532971],[127.351555,35.532976],[127.351566,35.532976],[127.351566,35.532985],[127.351571,35.532985],[127.351571,35.533003],[127.351566,35.533003],[127.351566,35.533012],[127.35156,35.533012],[127.35155,35.533039],[127.351533,35.533043],[127.351533,35.533048],[127.351511,35.533048]]]}},{"type":"Feature","properties":{"pair":"2504-2510","cls":"veg_gain","area_m2":110.6,"score":0.653},"geometry":{"type":"Polygon","coordinates":[[[127.354967,35.532772],[127.354961,35.532754],[127.354966,35.532754],[127.354966,35.53274],[127.354972,35.53274],[127.354983,35.532713],[127.355032,35.532677],[127.355032,35.532668],[127.355038,35.532668],[127.355038,35.532659],[127.355043,35.532659],[127.355043,35.532641],[127.355049,35.532641],[127.355054,35.532618],[127.355071,35.532609],[127.35507,35.5326],[127.355076,35.5326],[127.355087,35.532587],[127.355098,35.532587],[127.355098,35.532591],[127.355109,35.532596],[127.355109,35.532609],[127.355104,35.532609],[127.355098,35.532632],[127.355093,35.532632],[127.355087,35.532672],[127.355082,35.532672],[127.355082,35.532704],[127.355076,35.532704],[127.355071,35.532735],[127.355066,35.532735],[127.355055,35.532749],[127.355033,35.532754],[127.355033,35.532758],[127.355016,35.532758],[127.355016,35.532763],[127.354989,35.532767],[127.354989,35.532772],[127.354967,35.532772]]]}},{"type":"Feature","properties":{"pair":"2504-2510","cls":"veg_gain","area_m2":1456.2,"score":0.647},"geometry":{"type":"Polygon","coordinates":[[[127.350509,35.533285],[127.350509,35.533281],[127.35047,35.533276],[127.35047,35.533272],[127.350448,35.533258],[127.350448,35.533249],[127.350442,35.533249],[127.350442,35.533209],[127.350437,35.533209],[127.350437,35.533182],[127.350431,35.533182],[127.350431,35.53315],[127.350436,35.53315],[127.350436,35.533128],[127.350442,35.533128],[127.350442,35.533114],[127.350447,35.533114],[127.350447,35.533069],[127.350442,35.533069],[127.350436,35.533051],[127.350414,35.533038],[127.350414,35.533028],[127.350408,35.533029],[127.350408,35.533019],[127.350403,35.53302],[127.350403,35.532997],[127.350408,35.532997],[127.350414,35.532983],[127.350425,35.532983],[127.350425,35.532979],[127.350436,35.532979],[127.350436,35.532974],[127.350447,35.532974],[127.350447,35.53297],[127.350458,35.53297],[127.350458,35.532965],[127.350469,35.532961],[127.350469,35.532938],[127.350435,35.532916],[127.35043,35.532893],[127.350424,35.532893],[127.350424,35.532884],[127.350419,35.532884],[127.350419,35.532862],[127.350413,35.532862],[127.350418,35.532745],[127.350413,35.532745],[127.350413,35.532731],[127.350407,35.532731],[127.350396,35.532704],[127.350385,35.5327],[127.350374,35.532673],[127.350363,35.532668],[127.350363,35.532659],[127.350352,35.532655],[127.350351,35.532646],[127.350346,35.532646],[127.350346,35.532637],[127.35034,35.532637],[127.35034,35.53261],[127.350346,35.53261],[127.350346,35.532601],[127.350357,35.532601],[127.350357,35.532596],[127.350373,35.532596],[127.350373,35.5326],[127.350401,35.532605],[127.350401,35.532609],[127.350418,35.532618],[127.350434,35.532659],[127.35044,35.532659],[127.350451,35.532672],[127.350462,35.532672],[127.350473,35.532686],[127.350484,35.532686],[127.35049,35.532695],[127.350501,35.532695],[127.350501,35.532699],[127.350512,35.532699],[127.350512,35.532704],[127.350545,35.532713],[127.350545,35.532717],[127.350578,35.53274],[127.350578,35.532749],[127.350583,35.532749],[127.350589,35.532762],[127.350595,35.532762],[127.3506,35.532789],[127.350595,35.532789],[127.350589,35.532812],[127.350584,35.532812],[127.350578,35.532825],[127.350573,35.532825],[127.350573,35.532839],[127.350567,35.532839],[127.350567,35.532852],[127.350562,35.532852],[127.350562,35.532861],[127.350556,35.532861],[127.350556,35.532875],[127.350551,35.532875],[127.350551,35.532884],[127.35054,35.532888],[127.35054,35.532897],[127.350524,35.532906],[127.350524,35.532916],[127.350496,35.532934],[127.350496,35.532961],[127.350524,35.532979],[127.350524,35.532988],[127.350529,35.532988],[127.350529,35.532997],[127.350535,35.532997],[127.350535,35.533006],[127.350541,35.533006],[127.350546,35.533019],[127.350557,35.533019],[127.350557,35.533024],[127.350585,35.533019],[127.35064,35.532969],[127.350651,35.532969],[127.350651,35.532965],[127.350662,35.532965],[127.350662,35.53296],[127.350706,35.53296],[127.350706,35.532965],[127.350722,35.532965],[127.350728,35.532974],[127.350739,35.532973],[127.350739,35.532978],[127.350744,35.532978],[127.35075,35.532987],[127.350761,35.532987],[127.350761,35.532991],[127.350822,35.532991],[127.350822,35.532987],[127.350838,35.532987],[127.350838,35.532982],[127.350866,35.532982],[127.350866,35.532987],[127.350877,35.532987],[127.350877,35.532991],[127.350893,35.533],[127.350893,35.533014],[127.350899,35.533014],[127.350894,35.533059],[127.350888,35.533059],[127.350888,35.533068],[127.350883,35.533068],[127.350872,35.533095],[127.350855,35.533104],[127.350855,35.533113],[127.35085,35.533113],[127.35085,35.533122],[127.350844,35.533122],[127.350844,35.533135],[127.350839,35.533135],[127.350839,35.533167],[127.350844,35.533167],[127.350844,35.53318],[127.35085,35.53318],[127.350856,35.533216],[127.35085,35.533216],[127.35085,35.533248],[127.350845,35.533248],[127.350845,35.533257],[127.350839,35.533257],[127.350834,35.533266],[127.350823,35.533266],[127.350823,35.533271],[127.35079,35.533271],[127.35079,35.533266],[127.350773,35.533266],[127.350773,35.533262],[127.350762,35.533262],[127.350757,35.533253],[127.350746,35.533253],[127.350746,35.533248],[127.350735,35.533244],[127.350729,35.533221],[127.350734,35.533221],[127.350734,35.533212],[127.35074,35.533212],[127.35074,35.533203],[127.350745,35.533203],[127.350745,35.533194],[127.350751,35.533194],[127.350751,35.533181],[127.350745,35.533181],[127.350745,35.533172],[127.350729,35.533163],[127.350729,35.533154],[127.350723,35.533154],[127.350718,35.53314],[127.350712,35.53314],[127.350712,35.533113],[127.350717,35.533113],[127.350717,35.533104],[127.350745,35.533086],[127.35075,35.533064],[127.350745,35.533064],[127.350745,35.533055],[127.350728,35.53305],[127.350728,35.533046],[127.350712,35.533046],[127.350712,35.533041],[127.350667,35.533041],[127.350667,35.533046],[127.350651,35.533055],[127.350651,35.533073],[127.350657,35.533073],[127.350657,35.533095],[127.350651,35.533095],[127.350651,35.533104],[127.350646,35.533104],[127.350635,35.533118],[127.350602,35.533127],[127.350602,35.533132],[127.350591,35.533136],[127.350585,35.533154],[127.350591,35.533154],[127.350596,35.533172],[127.350607,35.533177],[127.350619,35.533204],[127.350624,35.533204],[127.350641,35.533222],[127.350652,35.533222],[127.350657,35.533231],[127.350668,35.533231],[127.350668,35.533235],[127.350679,35.53324],[127.350679,35.533258],[127.350668,35.533258],[127.350668,35.533262],[127.350657,35.533262],[127.350657,35.533267],[127.350602,35.533271],[127.350602,35.533276],[127.350575,35.53328],[127.350575,35.533285],[127.350509,35.533285]]]}},{"type":"Feature","properties":{"pair":"2504-2510","cls":"veg_gain","area_m2":33.8,"score":0.625},"geometry":{"type":"Polygon","coordinates":[[[127.35083,35.5325],[127.35083,35.532496],[127.350819,35.532496],[127.350819,35.532491],[127.350808,35.532487],[127.350803,35.53246],[127.350808,35.53246],[127.350808,35.532446],[127.350814,35.532446],[127.350825,35.532432],[127.350847,35.532432],[127.350847,35.532437],[127.350858,35.532441],[127.350858,35.532455],[127.350863,35.532455],[127.350863,35.532468],[127.350869,35.532468],[127.350869,35.532486],[127.350864,35.532486],[127.350864,35.532495],[127.350853,35.532495],[127.350853,35.5325],[127.35083,35.5325]]]}},{"type":"Feature","properties":{"pair":"2504-2510","cls":"veg_gain","area_m2":456.9,"score":0.677},"geometry":{"type":"Polygon","coordinates":[[[127.35533,35.532676],[127.355324,35.532649],[127.35533,35.532649],[127.35533,35.53264],[127.355335,35.53264],[127.355335,35.532631],[127.355341,35.532631],[127.355341,35.532604],[127.355319,35.532591],[127.355319,35.532582],[127.355313,35.532582],[127.355307,35.532568],[127.355302,35.532568],[127.355307,35.532546],[127.355313,35.532545],[127.355335,35.532523],[127.355346,35.532523],[127.355346,35.532518],[127.355357,35.532518],[127.355357,35.532514],[127.355368,35.532514],[127.355368,35.532509],[127.355395,35.532505],[127.355395,35.5325],[127.355434,35.532473],[127.355434,35.532464],[127.355445,35.532459],[127.355445,35.53245],[127.35545,35.53245],[127.35545,35.532441],[127.355456,35.532441],[127.355456,35.532432],[127.355461,35.532432],[127.355466,35.532378],[127.355472,35.532378],[127.355472,35.532369],[127.355477,35.532369],[127.35551,35.532338],[127.355521,35.532338],[127.355521,35.532333],[127.355532,35.532333],[127.355532,35.532329],[127.355543,35.532328],[127.355543,35.532324],[127.355565,35.532328],[127.355571,35.532342],[127.355577,35.532342],[127.355577,35.532355],[127.355582,35.532355],[127.355588,35.532432],[127.355582,35.532432],[127.355577,35.53245],[127.355561,35.532459],[127.355561,35.532468],[127.355555,35.532468],[127.355555,35.532477],[127.35555,35.532477],[127.35555,35.532509],[127.355555,35.532509],[127.355555,35.532513],[127.355577,35.532513],[127.355577,35.532509],[127.355583,35.532509],[127.355588,35.5325],[127.355599,35.5325],[127.355599,35.532495],[127.355621,35.5325],[127.355633,35.53254],[127.355638,35.53254],[127.355638,35.532549],[127.355644,35.532549],[127.355649,35.532563],[127.355655,35.532563],[127.355649,35.532585],[127.355644,35.532585],[127.355633,35.532599],[127.355594,35.532599],[127.355594,35.532594],[127.355578,35.532585],[127.355578,35.532576],[127.355572,35.532576],[127.355572,35.532545],[127.355566,35.532545],[127.355566,35.532536],[127.355561,35.532536],[127.355555,35.532527],[127.355533,35.532527],[127.355506,35.532558],[127.355456,35.532563],[127.355456,35.532568],[127.355434,35.532572],[127.355434,35.532577],[127.355412,35.53259],[127.355412,35.532599],[127.355407,35.532599],[127.355401,35.532608],[127.35539,35.532608],[127.35539,35.532613],[127.355368,35.532626],[127.355368,35.532644],[127.355363,35.532644],[127.355363,35.532658],[127.355357,35.532658],[127.355352,35.532676],[127.35533,35.532676]]]}},{"type":"Feature","properties":{"pair":"2504-2510","cls":"other","area_m2":419.5,"score":0.675},"geometry":{"type":"Polygon","coordinates":[[[127.353278,35.532542],[127.353278,35.532538],[127.353262,35.532538],[127.353262,35.532533],[127.353234,35.532516],[127.353234,35.532507],[127.353223,35.532502],[127.353223,35.532493],[127.353218,35.532493],[127.353218,35.532484],[127.353212,35.532484],[127.353212,35.532475],[127.353207,35.532475],[127.353195,35.532448],[127.353184,35.532444],[127.353184,35.532435],[127.353173,35.53243],[127.353173,35.532421],[127.353168,35.532421],[127.353168,35.532412],[127.353162,35.532412],[127.353162,35.532403],[127.353157,35.532403],[127.353157,35.53239],[127.353151,35.53239],[127.353151,35.532381],[127.353145,35.532381],[127.353145,35.532354],[127.353151,35.532354],[127.353151,35.532345],[127.353162,35.532345],[127.353162,35.53234],[127.353184,35.53234],[127.353184,35.532344],[127.3532,35.532344],[127.3532,35.532349],[127.353217,35.532349],[127.353217,35.532353],[127.353239,35.532353],[127.353239,35.532349],[127.353261,35.532344],[127.353289,35.532317],[127.3533,35.532317],[127.3533,35.532313],[127.353327,35.532312],[127.353327,35.532317],[127.353355,35.532321],[127.353355,35.532326],[127.353382,35.532344],[127.353382,35.532353],[127.353388,35.532353],[127.353388,35.532362],[127.353393,35.532362],[127.353394,35.532371],[127.353399,35.532371],[127.353399,35.532384],[127.353405,35.532384],[127.353405,35.532398],[127.35341,35.532398],[127.35341,35.532416],[127.353416,35.532416],[127.353416,35.532461],[127.35341,35.532461],[127.353411,35.532474],[127.353405,35.532474],[127.353367,35.532511],[127.353356,35.532511],[127.353345,35.532524],[127.353334,35.532524],[127.353334,35.532529],[127.353317,35.532533],[127.353317,35.532538],[127.353278,35.532542]]]}},{"type":"Feature","properties":{"pair":"2504-2510","cls":"veg_gain","area_m2":998.9,"score":0.692},"geometry":{"type":"Polygon","coordinates":[[[127.356368,35.53307],[127.356368,35.533065],[127.356357,35.533065],[127.356352,35.533052],[127.356346,35.533052],[127.356324,35.532966],[127.356318,35.532966],[127.356307,35.532953],[127.356274,35.532948],[127.356268,35.532935],[127.356263,35.532935],[127.356268,35.532881],[127.356263,35.532881],[127.356263,35.532872],[127.356235,35.532854],[127.356235,35.532845],[127.356229,35.532845],[127.356224,35.532831],[127.356218,35.532831],[127.356218,35.532809],[127.356213,35.532809],[127.356213,35.532795],[127.356207,35.532795],[127.356207,35.532786],[127.356202,35.532786],[127.356201,35.532777],[127.356196,35.532777],[127.356196,35.532768],[127.35619,35.532768],[127.35619,35.532755],[127.356185,35.532755],[127.356185,35.532741],[127.356179,35.532741],[127.356179,35.532723],[127.356174,35.532723],[127.356174,35.53271],[127.356168,35.53271],[127.356168,35.532692],[127.356162,35.532692],[127.356162,35.532683],[127.356157,35.532683],[127.356151,35.532548],[127.356145,35.532548],[127.356145,35.532534],[127.35614,35.532534],[127.35614,35.532525],[127.356134,35.532525],[127.356134,35.532516],[127.356129,35.532516],[127.356129,35.532507],[127.356123,35.532507],[127.356123,35.532498],[127.356118,35.532498],[127.356117,35.532485],[127.356112,35.532485],[127.356112,35.532476],[127.356106,35.532476],[127.356106,35.532462],[127.356101,35.532462],[127.356101,35.532399],[127.356106,35.532399],[127.356106,35.532381],[127.356112,35.532381],[127.356111,35.532367],[127.356117,35.532367],[127.356117,35.532354],[127.356122,35.532354],[127.356128,35.532336],[127.35615,35.532322],[127.35615,35.532313],[127.356155,35.532313],[127.356166,35.5323],[127.356177,35.5323],[127.356177,35.532309],[127.356183,35.532309],[127.356183,35.532318],[127.356188,35.532318],[127.3562,35.532345],[127.356211,35.532349],[127.356211,35.532358],[127.356216,35.532358],[127.356216,35.532367],[127.356222,35.532367],[127.356233,35.532394],[127.356238,35.532394],[127.356238,35.532399],[127.356249,35.532403],[127.356249,35.532412],[127.356261,35.532417],[127.356261,35.532426],[127.356266,35.532426],[127.356266,35.532435],[127.356272,35.532435],[127.356272,35.532444],[127.356277,35.532443],[127.356283,35.532471],[127.356288,35.532471],[127.356288,35.532493],[127.356283,35.532493],[127.356283,35.532511],[127.356277,35.532511],[127.356278,35.532538],[127.356283,35.532538],[127.356283,35.532547],[127.356289,35.532547],[127.356289,35.532556],[127.356294,35.532556],[127.3563,35.53261],[127.356305,35.53261],[127.356306,35.532624],[127.356311,35.532624],[127.356311,35.532637],[127.356317,35.532637],[127.356317,35.532651],[127.356322,35.532651],[127.356322,35.532664],[127.356328,35.532664],[127.356328,35.532691],[127.356333,35.532691],[127.356333,35.532705],[127.356339,35.532705],[127.356339,35.532714],[127.356345,35.532714],[127.356345,35.532723],[127.35635,35.532723],[127.35635,35.532732],[127.356356,35.532732],[127.356361,35.532808],[127.356367,35.532808],[127.356367,35.532826],[127.356373,35.532826],[127.356379,35.532939],[127.356384,35.532939],[127.356384,35.532957],[127.35639,35.532957],[127.356401,35.532997],[127.356406,35.532997],[127.356406,35.533006],[127.356412,35.533006],[127.356412,35.533015],[127.356418,35.533015],[127.356418,35.533024],[127.356423,35.533024],[127.356418,35.533051],[127.356412,35.533051],[127.356407,35.533061],[127.356385,35.533065],[127.356385,35.53307],[127.356368,35.53307]]]}},{"type":"Feature","properties":{"pair":"2504-2510","cls":"veg_gain","area_m2":654.9,"score":0.767},"geometry":{"type":"Polygon","coordinates":[[[127.351058,35.53286],[127.351058,35.532855],[127.351042,35.532851],[127.351041,35.532842],[127.351036,35.532842],[127.351036,35.532833],[127.35103,35.532833],[127.35103,35.532819],[127.351025,35.532819],[127.351025,35.532801],[127.351019,35.532801],[127.351019,35.532792],[127.351014,35.532792],[127.351014,35.532783],[127.351008,35.532783],[127.351008,35.532774],[127.351003,35.532774],[127.351003,35.532761],[127.350997,35.532761],[127.350997,35.532738],[127.350991,35.532738],[127.350991,35.53263],[127.350996,35.53263],[127.350996,35.532608],[127.351002,35.532608],[127.351002,35.532599],[127.351007,35.532599],[127.351007,35.532585],[127.351013,35.532585],[127.351013,35.532576],[127.351018,35.532576],[127.351018,35.532567],[127.351024,35.532567],[127.351018,35.532499],[127.351023,35.532499],[127.351023,35.53249],[127.351029,35.53249],[127.351029,35.532481],[127.351034,35.532481],[127.351034,35.532468],[127.35104,35.532468],[127.35104,35.532441],[127.351045,35.532441],[127.351045,35.532427],[127.351051,35.532427],[127.351051,35.532418],[127.351056,35.532418],[127.351056,35.532409],[127.351062,35.532409],[127.351062,35.532396],[127.351067,35.532396],[127.351067,35.532382],[127.351073,35.532382],[127.351083,35.532328],[127.351089,35.532328],[127.3511,35.532314],[127.351111,35.532314],[127.351111,35.53231],[127.351133,35.53231],[127.351133,35.532314],[127.351144,35.532314],[127.351144,35.532319],[127.351155,35.532323],[127.351155,35.532332],[127.351166,35.532337],[127.351172,35.532355],[127.351183,35.532359],[127.351183,35.532368],[127.351188,35.532368],[127.351188,35.532377],[127.351194,35.532377],[127.351194,35.532436],[127.351189,35.532436],[127.351189,35.532454],[127.351183,35.532454],[127.351183,35.532476],[127.351178,35.532476],[127.351172,35.532513],[127.351167,35.532513],[127.351167,35.532526],[127.351161,35.532526],[127.351161,35.53254],[127.351156,35.53254],[127.351151,35.532558],[127.35114,35.532562],[127.35114,35.532571],[127.351118,35.532585],[127.351118,35.532594],[127.351112,35.532594],[127.351112,35.532603],[127.351107,35.532603],[127.351107,35.532675],[127.351112,35.532675],[127.351113,35.532697],[127.351118,35.532697],[127.351124,35.53272],[127.351129,35.53272],[127.351135,35.532733],[127.351146,35.532738],[127.351151,35.53276],[127.351146,35.53276],[127.351146,35.532769],[127.351124,35.532783],[127.351124,35.532792],[127.351118,35.532792],[127.351118,35.532801],[127.351113,35.532801],[127.351113,35.532828],[127.351108,35.532828],[127.351102,35.532846],[127.351086,35.532851],[127.351086,35.532855],[127.351075,35.532855],[127.351075,35.53286],[127.351058,35.53286]]]}},{"type":"Feature","properties":{"pair":"2504-2510","cls":"veg_gain","area_m2":216.9,"score":0.651},"geometry":{"type":"Polygon","coordinates":[[[127.348559,35.532362],[127.348558,35.532358],[127.348553,35.532358],[127.348553,35.53234],[127.348602,35.532322],[127.348602,35.532313],[127.348608,35.532313],[127.348608,35.532304],[127.348613,35.532304],[127.348613,35.532295],[127.348619,35.532295],[127.34863,35.532241],[127.348635,35.532241],[127.348641,35.532231],[127.348652,35.532231],[127.348652,35.532227],[127.348729,35.532227],[127.348729,35.532231],[127.348745,35.532231],[127.348745,35.532236],[127.348756,35.53224],[127.348756,35.532249],[127.348762,35.532249],[127.348762,35.532263],[127.348768,35.532263],[127.348762,35.532303],[127.348768,35.532303],[127.348779,35.532317],[127.348806,35.532321],[127.348806,35.532326],[127.348817,35.532326],[127.348817,35.53233],[127.348829,35.532335],[127.348829,35.532353],[127.348823,35.532353],[127.348823,35.532357],[127.348751,35.532357],[127.348751,35.532353],[127.348663,35.532358],[127.348663,35.532353],[127.348647,35.532353],[127.348647,35.532349],[127.348636,35.532349],[127.348636,35.532344],[127.348603,35.53234],[127.348603,35.532344],[127.348592,35.532344],[127.348575,35.532362],[127.348559,35.532362]]]}},{"type":"Feature","properties":{"pair":"2504-2510","cls":"veg_gain","area_m2":102.6,"score":0.62},"geometry":{"type":"Polygon","coordinates":[[[127.348906,35.532307],[127.348906,35.532303],[127.348889,35.532298],[127.348889,35.53228],[127.348894,35.53228],[127.348905,35.532267],[127.348916,35.532267],[127.348916,35.532262],[127.348927,35.532262],[127.348927,35.532258],[127.348944,35.532253],[127.348944,35.532244],[127.348949,35.532244],[127.348949,35.532222],[127.348955,35.532222],[127.34896,35.532208],[127.348971,35.532208],[127.348971,35.532203],[127.349004,35.532203],[127.349004,35.532208],[127.349021,35.532208],[127.349021,35.532212],[127.349032,35.532212],[127.349032,35.532217],[127.349043,35.532221],[127.349043,35.53223],[127.349049,35.53223],[127.349043,35.532266],[127.349038,35.532266],[127.349038,35.532275],[127.349032,35.532275],[127.349021,35.532289],[127.348994,35.532294],[127.348994,35.532298],[127.34895,35.532298],[127.34895,35.532303],[127.348906,35.532307]]]}},{"type":"Feature","properties":{"pair":"2504-2510","cls":"other","area_m2":1103.1,"score":0.754},"geometry":{"type":"Polygon","coordinates":[[[127.350048,35.532471],[127.350047,35.532466],[127.350003,35.532466],[127.350003,35.532462],[127.349987,35.532462],[127.349987,35.532457],[127.349959,35.532453],[127.349954,35.532444],[127.349932,35.53244],[127.349921,35.532426],[127.349909,35.532426],[127.349893,35.532408],[127.349882,35.532408],[127.349882,35.532404],[127.349865,35.532399],[127.34986,35.53239],[127.349849,35.53239],[127.349849,35.532386],[127.349816,35.532377],[127.34981,35.532368],[127.349788,35.532363],[127.349788,35.532359],[127.349782,35.532359],[127.349755,35.532332],[127.349744,35.532332],[127.349738,35.532323],[127.349727,35.532323],[127.349727,35.532318],[127.349716,35.532318],[127.349716,35.532314],[127.349705,35.532314],[127.349705,35.53231],[127.349694,35.53231],[127.349694,35.532305],[127.349677,35.532305],[127.349677,35.532301],[127.349666,35.532301],[127.349666,35.532296],[127.349655,35.532296],[127.349655,35.532292],[127.349644,35.532292],[127.349644,35.532287],[127.349633,35.532287],[127.349633,35.532283],[127.349622,35.532283],[127.349622,35.532278],[127.349611,35.532278],[127.349611,35.532274],[127.3496,35.532274],[127.3496,35.532269],[127.349572,35.532265],[127.349567,35.532256],[127.349556,35.532256],[127.349556,35.532251],[127.349539,35.532242],[127.349539,35.532233],[127.349534,35.532233],[127.349534,35.532211],[127.349539,35.532211],[127.349539,35.532202],[127.349572,35.532179],[127.349572,35.53217],[127.349578,35.53217],[127.349589,35.532143],[127.349594,35.532143],[127.34961,35.532125],[127.34966,35.532125],[127.34966,35.532129],[127.349677,35.532129],[127.349677,35.532134],[127.349688,35.532134],[127.349688,35.532138],[127.349721,35.532147],[127.349726,35.532156],[127.349737,35.532156],[127.349743,35.532165],[127.349754,35.532165],[127.34976,35.532174],[127.349771,35.532174],[127.349771,35.532179],[127.349787,35.532183],[127.349798,35.532197],[127.349809,35.532197],[127.349809,35.532201],[127.34982,35.532201],[127.34982,35.532206],[127.349831,35.532205],[127.349831,35.53221],[127.349864,35.53221],[127.349864,35.532205],[127.349886,35.532201],[127.349886,35.532196],[127.349892,35.532196],[127.349897,35.532187],[127.349908,35.532187],[127.349908,35.532183],[127.349936,35.532183],[127.349936,35.532187],[127.349958,35.532192],[127.349964,35.532201],[127.349975,35.532201],[127.349986,35.532214],[127.349997,35.532214],[127.350008,35.532228],[127.350019,35.532227],[127.350019,35.532232],[127.350024,35.532232],[127.350036,35.532245],[127.350047,35.532245],[127.350063,35.532263],[127.350074,35.532263],[127.350074,35.532268],[127.350096,35.532281],[127.350096,35.53229],[127.350102,35.53229],[127.350102,35.532299],[127.350107,35.532299],[127.350107,35.532317],[127.350113,35.532317],[127.350119,35.53234],[127.350124,35.53234],[127.35013,35.532353],[127.350157,35.532371],[127.350157,35.53238],[127.350163,35.53238],[127.350163,35.532407],[127.350157,35.532407],[127.350147,35.532434],[127.350141,35.532434],[127.350114,35.532462],[127.350081,35.532466],[127.350081,35.532471],[127.350048,35.532471]]]}},{"type":"Feature","properties":{"pair":"2504-2510","cls":"veg_gain","area_m2":77.6,"score":0.641},"geometry":{"type":"Polygon","coordinates":[[[127.355614,35.532175],[127.355614,35.532171],[127.355603,35.532171],[127.355603,35.532166],[127.355565,35.532139],[127.355565,35.53213],[127.355559,35.53213],[127.355559,35.532108],[127.355565,35.532108],[127.355575,35.532067],[127.355581,35.532067],[127.355581,35.532058],[127.355586,35.532058],[127.355592,35.532044],[127.355614,35.532044],[127.355614,35.532053],[127.355619,35.532053],[127.355619,35.532062],[127.355625,35.532062],[127.355625,35.532076],[127.355631,35.532076],[127.355631,35.532089],[127.355636,35.532089],[127.355642,35.53213],[127.355647,35.53213],[127.355647,35.532157],[127.355642,35.532157],[127.355642,35.532166],[127.355625,35.532171],[127.355625,35.532175],[127.355614,35.532175]]]}},{"type":"Feature","properties":{"pair":"2504-2510","cls":"veg_gain","area_m2":191.5,"score":0.628},"geometry":{"type":"Polygon","coordinates":[[[127.356,35.532165],[127.356,35.53216],[127.355989,35.53216],[127.355978,35.532147],[127.355956,35.532143],[127.355951,35.532129],[127.355945,35.532129],[127.35595,35.532084],[127.355956,35.532084],[127.355956,35.532066],[127.355961,35.532066],[127.355961,35.532052],[127.355967,35.532052],[127.355972,35.532034],[127.355978,35.532034],[127.355983,35.532025],[127.355994,35.532025],[127.356011,35.532007],[127.356022,35.532007],[127.356038,35.531989],[127.356126,35.531984],[127.356132,35.531998],[127.356137,35.531998],[127.356137,35.53202],[127.356143,35.53202],[127.356138,35.532047],[127.356132,35.532047],[127.356127,35.532056],[127.35611,35.532056],[127.35611,35.532061],[127.356071,35.532061],[127.356072,35.532066],[127.35606,35.532066],[127.356061,35.53207],[127.356049,35.53207],[127.35605,35.532075],[127.356033,35.532079],[127.356033,35.532106],[127.356044,35.532111],[127.35605,35.532138],[127.356044,35.532138],[127.356044,35.532151],[127.356039,35.532151],[127.356033,35.53216],[127.356,35.532165]]]}},{"type":"Feature","properties":{"pair":"2504-2510","cls":"other","area_m2":197.9,"score":0.66},"geometry":{"type":"Polygon","coordinates":[[[127.352963,35.532368],[127.352963,35.532363],[127.352952,35.532359],[127.352947,35.532327],[127.352941,35.532327],[127.352935,35.532246],[127.35293,35.532246],[127.35293,35.532228],[127.352924,35.532228],[127.352924,35.53221],[127.352919,35.53221],[127.352907,35.532138],[127.352902,35.532138],[127.352902,35.53212],[127.352896,35.53212],[127.352896,35.532102],[127.352891,35.532102],[127.352891,35.532079],[127.352885,35.532079],[127.352879,35.532003],[127.352885,35.532003],[127.352885,35.531994],[127.352901,35.531989],[127.352901,35.531985],[127.352923,35.531994],[127.352929,35.532016],[127.352934,35.532016],[127.352934,35.532039],[127.35294,35.532039],[127.35294,35.532061],[127.352946,35.532061],[127.352946,35.532093],[127.352951,35.532093],[127.352951,35.53212],[127.352957,35.53212],[127.352957,35.532142],[127.352962,35.532142],[127.352963,35.532165],[127.352968,35.532165],[127.352968,35.532192],[127.352974,35.532192],[127.352974,35.532246],[127.352979,35.532246],[127.35298,35.532264],[127.352985,35.532264],[127.352985,35.532277],[127.352991,35.532277],[127.352991,35.532291],[127.352996,35.532291],[127.352996,35.532309],[127.353002,35.532309],[127.353002,35.53234],[127.352996,35.53234],[127.352991,35.532363],[127.352986,35.532363],[127.352986,35.532368],[127.352963,35.532368]]]}},{"type":"Feature","properties":{"pair":"2504-2510","cls":"veg_gain","area_m2":41.5,"score":0.646},"geometry":{"type":"Polygon","coordinates":[[[127.351622,35.532043],[127.351622,35.532038],[127.351611,35.532038],[127.351611,35.532034],[127.351589,35.53202],[127.351584,35.531998],[127.351589,35.531998],[127.351595,35.531984],[127.351606,35.531984],[127.351606,35.53198],[127.351617,35.531979],[127.351617,35.531975],[127.351644,35.531975],[127.351644,35.531979],[127.351655,35.531979],[127.351661,35.531993],[127.351666,35.531993],[127.351666,35.532015],[127.351661,35.532015],[127.351661,35.532029],[127.351655,35.532029],[127.35165,35.532038],[127.351622,35.532043]]]}},{"type":"Feature","properties":{"pair":"2504-2510","cls":"veg_gain","area_m2":112.8,"score":0.651},"geometry":{"type":"Polygon","coordinates":[[[127.351198,35.532066],[127.351198,35.532062],[127.351187,35.532062],[127.351187,35.532057],[127.351165,35.532044],[127.351165,35.532035],[127.351159,35.532035],[127.351153,35.531963],[127.351159,35.531963],[127.351159,35.531954],[127.351164,35.531954],[127.351181,35.531936],[127.351192,35.531936],[127.351192,35.531931],[127.351208,35.531931],[127.351208,35.531927],[127.351219,35.531927],[127.351219,35.531922],[127.351258,35.531922],[127.351258,35.531926],[127.351275,35.531935],[127.351275,35.531944],[127.35128,35.531944],[127.35128,35.531967],[127.351275,35.531967],[127.351275,35.531976],[127.351269,35.531976],[127.351264,35.531985],[127.351253,35.531985],[127.351253,35.53199],[127.351242,35.53199],[127.351242,35.531994],[127.351225,35.531999],[127.351225,35.532008],[127.35122,35.532008],[127.351225,35.532053],[127.35122,35.532053],[127.35122,35.532062],[127.351198,35.532066]]]}},{"type":"Feature","properties":{"pair":"2504-2510","cls":"veg_gain","area_m2":51.2,"score":0.637},"geometry":{"type":"Polygon","coordinates":[[[127.349295,35.531937],[127.349295,35.531932],[127.349284,35.531932],[127.349284,35.53191],[127.34929,35.53191],[127.34929,35.531901],[127.349295,35.531901],[127.349317,35.531878],[127.349328,35.531878],[127.349328,35.531873],[127.349339,35.531873],[127.349339,35.531869],[127.349361,35.531869],[127.349361,35.531864],[127.349378,35.531864],[127.349378,35.531869],[127.349394,35.531873],[127.349394,35.531896],[127.349389,35.531896],[127.349362,35.531923],[127.349334,35.531928],[127.349334,35.531932],[127.349295,35.531937]]]}},{"type":"Feature","properties":{"pair":"2504-2510","cls":"veg_gain","area_m2":82.6,"score":0.639},"geometry":{"type":"Polygon","coordinates":[[[127.356617,35.53192],[127.356617,35.531915],[127.356606,35.531915],[127.356606,35.531911],[127.356583,35.531897],[127.356583,35.531888],[127.356572,35.531884],[127.356572,35.531875],[127.356567,35.531875],[127.356567,35.531866],[127.356561,35.531866],[127.356561,35.531843],[127.356567,35.531843],[127.356567,35.531834],[127.356572,35.531834],[127.356583,35.531821],[127.356594,35.531821],[127.356594,35.531816],[127.356633,35.531816],[127.356633,35.531821],[127.356655,35.531825],[127.35666,35.531838],[127.356666,35.531838],[127.356666,35.531884],[127.356661,35.531884],[127.356661,35.531893],[127.356655,35.531893],[127.356655,35.531902],[127.35665,35.531902],[127.356644,35.531915],[127.356617,35.53192]]]}},{"type":"Feature","properties":{"pair":"2504-2510","cls":"veg_gain","area_m2":212.9,"score":0.706},"geometry":{"type":"Polygon","coordinates":[[[127.34816,35.532026],[127.34816,35.532021],[127.348149,35.532021],[127.348144,35.532008],[127.348138,35.532008],[127.348138,35.53194],[127.348132,35.53194],[127.348126,35.531868],[127.348132,35.531868],[127.348132,35.531859],[127.348137,35.531859],[127.348159,35.531836],[127.348181,35.531832],[127.348181,35.531827],[127.348198,35.531823],[127.348198,35.531818],[127.348236,35.531814],[127.348236,35.531818],[127.348247,35.531818],[127.348247,35.531823],[127.348258,35.531827],[127.348259,35.531836],[127.348264,35.531836],[127.348264,35.531868],[127.34827,35.531868],[127.348264,35.531913],[127.348259,35.531913],[127.348259,35.531922],[127.348253,35.531922],[127.348253,35.531935],[127.348248,35.531935],[127.348237,35.531962],[127.348232,35.531962],[127.348226,35.531976],[127.34821,35.531985],[127.348204,35.532003],[127.348199,35.532003],[127.348182,35.532021],[127.34816,35.532026]]]}},{"type":"Feature","properties":{"pair":"2504-2510","cls":"veg_gain","area_m2":327.9,"score":0.709},"geometry":{"type":"Polygon","coordinates":[[[127.353993,35.532076],[127.353993,35.532072],[127.353982,35.532072],[127.353982,35.532067],[127.35396,35.532054],[127.35396,35.532045],[127.353949,35.53204],[127.353949,35.532031],[127.353938,35.532027],[127.353938,35.532018],[127.353905,35.531995],[127.353905,35.531986],[127.353888,35.531977],[127.353888,35.531968],[127.353882,35.531968],[127.353882,35.531959],[127.353871,35.531955],[127.353866,35.531941],[127.353816,35.531942],[127.353816,35.531937],[127.353805,35.531937],[127.353805,35.531933],[127.353794,35.531928],[127.353788,35.531906],[127.353783,35.531906],[127.353788,35.531847],[127.353783,35.531847],[127.353783,35.531838],[127.353777,35.531838],[127.353777,35.531829],[127.353772,35.531829],[127.353771,35.531806],[127.353777,35.531806],[127.353777,35.531797],[127.353788,35.531797],[127.353788,35.531793],[127.35381,35.531797],[127.35381,35.531802],[127.353832,35.531815],[127.353838,35.531838],[127.353843,35.531838],[127.353843,35.531847],[127.353849,35.531847],[127.353854,35.531856],[127.353865,35.531856],[127.353865,35.53186],[127.353876,35.53186],[127.353876,35.531865],[127.353887,35.531865],[127.353887,35.531869],[127.353899,35.531869],[127.353899,35.531874],[127.353915,35.531874],[127.353915,35.531878],[127.353926,35.531878],[127.353932,35.531887],[127.353943,35.531887],[127.353943,35.531892],[127.353954,35.531892],[127.353954,35.531896],[127.353965,35.531896],[127.353965,35.531901],[127.353987,35.5319],[127.353987,35.531905],[127.353998,35.531905],[127.353998,35.531909],[127.354009,35.531909],[127.354009,35.531914],[127.35402,35.531918],[127.35402,35.531927],[127.354026,35.531927],[127.354026,35.53195],[127.354031,35.53195],[127.354037,35.532026],[127.354032,35.532027],[127.354032,35.532058],[127.354026,35.532058],[127.354026,35.532067],[127.35401,35.532072],[127.35401,35.532076],[127.353993,35.532076]]]}},{"type":"Feature","properties":{"pair":"2504-2510","cls":"veg_gain","area_m2":105.1,"score":0.615},"geometry":{"type":"Polygon","coordinates":[[[127.356154,35.531926],[127.356154,35.531921],[127.356143,35.531917],[127.356148,35.531867],[127.356142,35.531867],[127.356137,35.531849],[127.356131,35.531849],[127.356115,35.531831],[127.356104,35.531831],[127.356098,35.531818],[127.356092,35.531818],[127.356098,35.531782],[127.356103,35.531782],[127.356109,35.531764],[127.35612,35.531763],[127.35612,35.531759],[127.356164,35.531759],[127.356164,35.531763],[127.356175,35.531763],[127.356181,35.531777],[127.356186,35.531777],[127.356186,35.53179],[127.356192,35.53179],[127.356192,35.531813],[127.356186,35.531813],[127.356192,35.531898],[127.356187,35.531898],[127.356187,35.531907],[127.356181,35.531908],[127.356165,35.531926],[127.356154,35.531926]]]}},{"type":"Feature","properties":{"pair":"2504-2510","cls":"veg_gain","area_m2":49.0,"score":0.622},"geometry":{"type":"Polygon","coordinates":[[[127.350072,35.531849],[127.350072,35.531844],[127.350067,35.531844],[127.350067,35.53179],[127.350072,35.53179],[127.350072,35.531781],[127.350078,35.531781],[127.350083,35.531772],[127.350116,35.531763],[127.350116,35.531759],[127.350144,35.531758],[127.350144,35.531763],[127.350155,35.531763],[127.350155,35.531767],[127.35016,35.531767],[127.35016,35.531785],[127.350155,35.531785],[127.350138,35.531804],[127.350127,35.531804],[127.350127,35.531808],[127.3501,35.531826],[127.3501,35.531835],[127.350094,35.531835],[127.350083,35.531849],[127.350072,35.531849]]]}},{"type":"Feature","properties":{"pair":"2504-2510","cls":"veg_gain","area_m2":63.8,"score":0.626},"geometry":{"type":"Polygon","coordinates":[[[127.354664,35.531574],[127.354664,35.531569],[127.354652,35.53157],[127.354652,35.531561],[127.354647,35.531561],[127.354647,35.531552],[127.354641,35.531552],[127.354636,35.531506],[127.354641,35.531506],[127.354647,35.531497],[127.354658,35.531497],[127.354658,35.531493],[127.354696,35.531493],[127.354696,35.531497],[127.354707,35.531497],[127.354707,35.531502],[127.354718,35.531502],[127.354718,35.531506],[127.354729,35.531511],[127.354729,35.53152],[127.354735,35.53152],[127.354735,35.531542],[127.35473,35.531542],[127.35473,35.531551],[127.354724,35.531551],[127.354713,35.531565],[127.354702,35.531565],[127.354702,35.531569],[127.354691,35.531569],[127.354691,35.531574],[127.354664,35.531574]]]}},{"type":"Feature","properties":{"pair":"2504-2510","cls":"veg_gain","area_m2":228.1,"score":0.62},"geometry":{"type":"Polygon","coordinates":[[[127.356175,35.531678],[127.356175,35.531673],[127.356164,35.531673],[127.356163,35.531669],[127.356152,35.531664],[127.356152,35.531655],[127.356147,35.531655],[127.356136,35.531628],[127.356119,35.531619],[127.356119,35.531601],[127.356125,35.531601],[127.356163,35.531565],[127.356169,35.531565],[127.356169,35.53157],[127.356207,35.531569],[127.356213,35.531547],[127.356207,35.531547],[127.356207,35.531538],[127.356196,35.531538],[127.356196,35.531533],[127.356168,35.531538],[127.356157,35.531552],[127.35613,35.531547],[127.35613,35.531543],[127.356119,35.531543],[127.356119,35.531538],[127.356108,35.531534],[127.356102,35.531516],[127.356108,35.531516],[127.356113,35.531502],[127.356141,35.531502],[127.356141,35.531507],[127.356157,35.531511],[127.356157,35.531516],[127.35619,35.531515],[127.35619,35.531511],[127.356201,35.531511],[127.356207,35.531502],[127.356218,35.531502],[127.356218,35.531497],[127.356234,35.531493],[127.356234,35.531488],[127.356267,35.531488],[127.356273,35.531502],[127.356279,35.531502],[127.356279,35.53152],[127.356273,35.53152],[127.356273,35.531538],[127.356268,35.531538],[127.356268,35.531574],[127.356273,35.531574],[127.356273,35.531592],[127.356279,35.531592],[127.356279,35.53165],[127.356274,35.53165],[127.356274,35.531659],[127.356268,35.531659],[127.356257,35.531673],[127.356246,35.531673],[127.356246,35.531677],[127.356175,35.531678]]]}},{"type":"Feature","properties":{"pair":"2504-2510","cls":"built_new","area_m2":94.9,"score":0.737},"geometry":{"type":"Polygon","coordinates":[[[127.355915,35.531593],[127.355915,35.531588],[127.355904,35.531588],[127.355904,35.531584],[127.355893,35.531584],[127.355893,35.531579],[127.355882,35.531575],[127.355882,35.531566],[127.355876,35.531566],[127.355876,35.531557],[127.355871,35.531557],[127.355871,35.531534],[127.355876,35.531534],[127.355882,35.531516],[127.355887,35.531516],[127.355898,35.531503],[127.355909,35.531503],[127.355909,35.531498],[127.355915,35.531498],[127.35592,35.531489],[127.355931,35.531489],[127.355931,35.531485],[127.355948,35.531485],[127.355948,35.531489],[127.355959,35.531489],[127.355959,35.531494],[127.35597,35.531494],[127.35597,35.531498],[127.355981,35.531503],[127.355981,35.531512],[127.355986,35.531512],[127.355986,35.531521],[127.355992,35.531521],[127.355992,35.531543],[127.355987,35.531543],[127.355981,35.531566],[127.355976,35.531566],[127.355954,35.531588],[127.355943,35.531588],[127.355943,35.531593],[127.355915,35.531593]]]}},{"type":"Feature","properties":{"pair":"2504-2510","cls":"veg_gain","area_m2":99.1,"score":0.615},"geometry":{"type":"Polygon","coordinates":[[[127.349338,35.531639],[127.349338,35.531635],[127.349327,35.531635],[127.349322,35.531621],[127.349316,35.531621],[127.349321,35.53159],[127.349316,35.53159],[127.34931,35.531572],[127.349299,35.531567],[127.349299,35.531558],[127.349294,35.531558],[127.349294,35.531549],[127.349288,35.531549],[127.349288,35.531522],[127.349294,35.531522],[127.349294,35.531513],[127.34931,35.531509],[127.34931,35.531504],[127.349338,35.531508],[127.349387,35.531553],[127.349415,35.531558],[127.349415,35.531562],[127.349426,35.531567],[127.349426,35.531585],[127.349415,35.531585],[127.349415,35.531589],[127.349382,35.531598],[127.349382,35.531603],[127.349371,35.531607],[127.349366,35.531626],[127.349338,35.531639]]]}},{"type":"Feature","properties":{"pair":"2504-2510","cls":"veg_gain","area_m2":158.4,"score":0.668},"geometry":{"type":"Polygon","coordinates":[[[127.350061,35.531655],[127.35006,35.531651],[127.350049,35.531651],[127.350044,35.531637],[127.350038,35.531637],[127.350038,35.531624],[127.350044,35.531624],[127.350044,35.531615],[127.350049,35.531615],[127.350049,35.531587],[127.350033,35.531583],[127.350033,35.531579],[127.350011,35.531579],[127.350011,35.531574],[127.349972,35.53157],[127.349972,35.531565],[127.349961,35.531565],[127.349961,35.531561],[127.34995,35.531556],[127.34995,35.531547],[127.349944,35.531547],[127.34995,35.531534],[127.349955,35.531534],[127.349977,35.531511],[127.349988,35.531511],[127.349994,35.531502],[127.350005,35.531502],[127.350005,35.531497],[127.350016,35.531497],[127.350016,35.531493],[127.350049,35.531493],[127.350049,35.531497],[127.35006,35.531497],[127.35006,35.531502],[127.350071,35.531506],[127.350071,35.531515],[127.350076,35.531515],[127.350076,35.531524],[127.350082,35.531524],[127.350093,35.531551],[127.350099,35.531551],[127.350104,35.53156],[127.350115,35.53156],[127.350115,35.531565],[127.350126,35.531569],[127.350126,35.531578],[127.350132,35.531578],[127.350132,35.53161],[127.350126,35.53161],[127.350127,35.531623],[127.350116,35.531628],[127.350116,35.531637],[127.35011,35.531637],[127.350105,35.531646],[127.350083,35.53165],[127.350083,35.531655],[127.350061,35.531655]]]}},{"type":"Feature","properties":{"pair":"2504-2510","cls":"veg_gain","area_m2":74.8,"score":0.672},"geometry":{"type":"Polygon","coordinates":[[[127.351267,35.53153],[127.351267,35.531521],[127.351262,35.531521],[127.351262,35.531467],[127.351267,35.531467],[127.351272,35.53144],[127.351278,35.53144],[127.351283,35.531422],[127.351289,35.531422],[127.3513,35.531408],[127.351322,35.531404],[127.351322,35.531408],[127.351333,35.531408],[127.351333,35.531412],[127.351344,35.531417],[127.351344,35.53143],[127.351355,35.531435],[127.351355,35.531453],[127.351344,35.531458],[127.351339,35.531476],[127.351328,35.53148],[127.351328,35.531489],[127.351317,35.531494],[127.351317,35.531503],[127.3513,35.531512],[127.3513,35.531521],[127.351295,35.531521],[127.351289,35.53153],[127.351267,35.53153]]]}},{"type":"Feature","properties":{"pair":"2504-2510","cls":"veg_gain","area_m2":31.8,"score":0.629},"geometry":{"type":"Polygon","coordinates":[[[127.348907,35.531424],[127.348907,35.53142],[127.348896,35.53142],[127.348891,35.531406],[127.348885,35.531406],[127.348896,35.531388],[127.348924,35.531383],[127.348924,35.531379],[127.348957,35.531379],[127.348957,35.531383],[127.348973,35.531388],[127.348973,35.531397],[127.348979,35.531397],[127.348973,35.531415],[127.348946,35.531419],[127.348946,35.531424],[127.348907,35.531424]]]}},{"type":"Feature","properties":{"pair":"2504-2510","cls":"veg_gain","area_m2":1297.4,"score":0.79},"geometry":{"type":"Polygon","coordinates":[[[127.351633,35.531867],[127.351633,35.531862],[127.351622,35.531862],[127.351622,35.531853],[127.351616,35.531853],[127.351621,35.531835],[127.351627,35.531835],[127.351632,35.531822],[127.351638,35.531822],[127.351632,35.531795],[127.351605,35.53179],[127.351605,35.531786],[127.351588,35.531786],[127.351588,35.531781],[127.351566,35.531777],[127.351561,35.531768],[127.35155,35.531768],[127.351549,35.531763],[127.351538,35.531763],[127.351538,35.531759],[127.351511,35.531759],[127.351511,35.531754],[127.351395,35.531755],[127.351395,35.53175],[127.351345,35.531746],[127.351345,35.531741],[127.351334,35.531741],[127.351334,35.531737],[127.351318,35.531728],[127.351318,35.531705],[127.351356,35.531683],[127.351356,35.531674],[127.351362,35.531674],[127.351362,35.531665],[127.351367,35.531665],[127.351367,35.531642],[127.351373,35.531642],[127.351378,35.531624],[127.351405,35.531606],[127.351405,35.531597],[127.351411,35.531597],[127.351411,35.531588],[127.351416,35.531588],[127.351416,35.531511],[127.351411,35.531511],[127.351405,35.531493],[127.351394,35.531489],[127.351394,35.53148],[127.351388,35.53148],[127.351388,35.531471],[127.351383,35.531471],[127.351383,35.531457],[127.351372,35.531453],[127.351372,35.531435],[127.351377,35.531435],[127.351383,35.531421],[127.351388,35.531421],[127.351388,35.531403],[127.351394,35.531403],[127.351399,35.531381],[127.351404,35.531381],[127.35141,35.531372],[127.351421,35.531372],[127.351421,35.531367],[127.351443,35.531372],[127.351443,35.531376],[127.35146,35.531385],[127.351465,35.531408],[127.351471,35.531408],[127.351482,35.531435],[127.351487,35.531435],[127.351526,35.531471],[127.351537,35.53147],[127.351543,35.531479],[127.351554,35.531479],[127.351554,35.531484],[127.351565,35.531484],[127.351565,35.531488],[127.351576,35.531488],[127.351576,35.531493],[127.351592,35.531493],[127.351592,35.531497],[127.351626,35.531506],[127.351631,35.531515],[127.351653,35.53152],[127.351769,35.531619],[127.35178,35.531618],[127.35178,35.531623],[127.351825,35.531654],[127.351825,35.531663],[127.35183,35.531663],[127.35183,35.531672],[127.351836,35.531672],[127.351836,35.531681],[127.351841,35.531681],[127.351841,35.53169],[127.351847,35.53169],[127.351847,35.531699],[127.351852,35.531699],[127.351853,35.531722],[127.351847,35.531722],[127.351847,35.531731],[127.351798,35.531767],[127.351798,35.531776],[127.351792,35.531776],[127.351792,35.531785],[127.351787,35.531785],[127.351787,35.531794],[127.351781,35.531794],[127.351781,35.531803],[127.351776,35.531803],[127.35177,35.531812],[127.35171,35.531826],[127.35171,35.531831],[127.351699,35.531835],[127.351699,35.531844],[127.351693,35.531844],[127.351677,35.531862],[127.351666,35.531862],[127.351666,35.531867],[127.351633,35.531867]]]}},{"type":"Feature","properties":{"pair":"2504-2510","cls":"veg_gain","area_m2":81.8,"score":0.627},"geometry":{"type":"Polygon","coordinates":[[[127.349811,35.531399],[127.349811,35.531394],[127.349795,35.531394],[127.349795,35.53139],[127.349778,35.53139],[127.349778,35.531385],[127.349762,35.531386],[127.349762,35.531381],[127.349729,35.531372],[127.349728,35.531368],[127.349712,35.531359],[127.349712,35.53135],[127.349706,35.53135],[127.349712,35.531327],[127.349717,35.531327],[127.349723,35.531318],[127.349734,35.531318],[127.349734,35.531313],[127.349767,35.531309],[127.349767,35.531313],[127.349783,35.531313],[127.349783,35.531318],[127.349789,35.531318],[127.3498,35.531331],[127.349811,35.531331],[127.349817,35.53134],[127.349828,35.53134],[127.349828,35.531345],[127.349844,35.531354],[127.349844,35.531363],[127.34985,35.531363],[127.34985,35.531381],[127.349844,35.531381],[127.349839,35.531394],[127.349811,35.531399]]]}},{"type":"Feature","properties":{"pair":"2504-2510","cls":"veg_gain","area_m2":106.2,"score":0.655},"geometry":{"type":"Polygon","coordinates":[[[127.355517,35.53136],[127.355512,35.531351],[127.355501,35.531351],[127.355501,35.531346],[127.355489,35.531346],[127.355489,35.531342],[127.355478,35.531342],[127.355478,35.531337],[127.355467,35.531337],[127.355467,35.531333],[127.355434,35.531324],[127.355429,35.531315],[127.355418,35.531315],[127.355418,35.53131],[127.355407,35.531306],[127.355412,35.531288],[127.355423,35.531288],[127.355423,35.531283],[127.355434,35.531283],[127.355434,35.531279],[127.355445,35.531279],[127.355445,35.531274],[127.355462,35.531274],[127.355462,35.53127],[127.355484,35.53127],[127.355484,35.531265],[127.355539,35.531265],[127.355539,35.531269],[127.35555,35.531269],[127.35555,35.531274],[127.355561,35.531278],[127.355561,35.531292],[127.355566,35.531292],[127.355567,35.531342],[127.355561,35.531342],[127.355561,35.531351],[127.355556,35.531351],[127.35555,35.53136],[127.355517,35.53136]]]}},{"type":"Feature","properties":{"pair":"2504-2510","cls":"veg_gain","area_m2":29.0,"score":0.602},"geometry":{"type":"Polygon","coordinates":[[[127.348714,35.53133],[127.348714,35.531325],[127.348703,35.531325],[127.348703,35.531321],[127.348681,35.531308],[127.348681,35.531299],[127.348675,35.531299],[127.348675,35.53129],[127.34867,35.53129],[127.34867,35.531272],[127.348675,35.531271],[127.348675,35.531267],[127.348692,35.531267],[127.348697,35.531276],[127.348708,35.531276],[127.348719,35.531289],[127.34873,35.531289],[127.34873,35.531294],[127.348747,35.531303],[127.348747,35.531321],[127.34873,35.531325],[127.34873,35.53133],[127.348714,35.53133]]]}},{"type":"Feature","properties":{"pair":"2504-2510","cls":"veg_gain","area_m2":30.8,"score":0.62},"geometry":{"type":"Polygon","coordinates":[[[127.356316,35.531299],[127.356316,35.531294],[127.356305,35.531294],[127.356305,35.53129],[127.356294,35.531285],[127.356288,35.531258],[127.356294,35.531258],[127.356294,35.531249],[127.356299,35.531249],[127.356305,35.53124],[127.356327,35.531236],[127.356327,35.53124],[127.356338,35.53124],[127.356338,35.531245],[127.356355,35.531254],[127.35636,35.531272],[127.356355,35.531272],[127.356355,35.531281],[127.356349,35.531281],[127.356338,35.531294],[127.356316,35.531299]]]}},{"type":"Feature","properties":{"pair":"2504-2510","cls":"veg_gain","area_m2":47.6,"score":0.644},"geometry":{"type":"Polygon","coordinates":[[[127.353179,35.531317],[127.353179,35.531312],[127.353168,35.531312],[127.353168,35.531308],[127.353157,35.531304],[127.353157,35.53129],[127.353152,35.53129],[127.353152,35.531245],[127.353157,35.531245],[127.353162,35.531231],[127.35319,35.531227],[127.35319,35.531231],[127.353201,35.531231],[127.353201,35.531236],[127.353218,35.531245],[127.353218,35.53129],[127.353212,35.53129],[127.353212,35.531299],[127.353207,35.531299],[127.353196,35.531312],[127.353179,35.531317]]]}},{"type":"Feature","properties":{"pair":"2504-2510","cls":"veg_gain","area_m2":804.9,"score":0.638},"geometry":{"type":"Polygon","coordinates":[[[127.356533,35.531632],[127.356533,35.531627],[127.356516,35.531627],[127.356516,35.531623],[127.356505,35.531623],[127.356505,35.531618],[127.356406,35.531623],[127.356406,35.531618],[127.356389,35.531618],[127.356389,35.531614],[127.356378,35.531609],[127.356378,35.5316],[127.356373,35.531601],[127.356373,35.531578],[127.356378,35.531578],[127.356378,35.531564],[127.356384,35.531564],[127.356383,35.531551],[127.356389,35.531551],[127.356389,35.531528],[127.356383,35.531528],[127.356383,35.531519],[127.356378,35.531519],[127.356378,35.531515],[127.356361,35.531506],[127.356361,35.531497],[127.356356,35.531497],[127.35635,35.531456],[127.356366,35.531447],[127.356367,35.531452],[127.356378,35.531452],[127.356383,35.531461],[127.356411,35.531461],[127.356416,35.531447],[127.356422,35.531447],[127.356422,35.531438],[127.356427,35.531438],[127.356432,35.531407],[127.356438,35.531407],[127.356443,35.531393],[127.35646,35.531384],[127.35646,35.531357],[127.356427,35.531334],[127.356427,35.531325],[127.356421,35.531325],[127.356421,35.531289],[127.356415,35.531289],[127.356415,35.531235],[127.356421,35.531235],[127.356426,35.531217],[127.356437,35.531217],[127.356437,35.531213],[127.356459,35.531222],[127.356465,35.531244],[127.35647,35.531244],[127.35647,35.531262],[127.356476,35.531262],[127.356487,35.531276],[127.356509,35.531276],[127.356509,35.531271],[127.35652,35.531271],[127.35652,35.531267],[127.356531,35.531267],[127.356531,35.531262],[127.356564,35.531262],[127.356564,35.531266],[127.356575,35.531266],[127.356575,35.531271],[127.356586,35.531275],[127.356586,35.531284],[127.356592,35.531284],[127.356586,35.531302],[127.356581,35.531302],[127.35657,35.531316],[127.356537,35.531325],[127.356531,35.531334],[127.35652,35.531334],[127.35652,35.531339],[127.356509,35.531343],[127.356509,35.53137],[127.356515,35.53137],[127.356521,35.531379],[127.356548,35.531384],[127.356548,35.531388],[127.356565,35.531388],[127.356565,35.531393],[127.356603,35.531393],[127.356603,35.531388],[127.35662,35.531388],[127.35662,35.531383],[127.356631,35.531383],[127.356631,35.531379],[127.356647,35.531379],[127.356647,35.531383],[127.356658,35.531383],[127.356658,35.531388],[127.356669,35.531392],[127.35667,35.531406],[127.356675,35.531406],[127.356675,35.531451],[127.35667,35.531451],[127.35667,35.531469],[127.356664,35.531469],[127.356665,35.531577],[127.356659,35.531577],[127.356659,35.531591],[127.356654,35.531591],[127.356643,35.531604],[127.35661,35.531609],[127.35661,35.531613],[127.356599,35.531613],[127.356599,35.531618],[127.356588,35.531618],[127.356588,35.531622],[127.356571,35.531622],[127.356571,35.531627],[127.356555,35.531627],[127.356555,35.531632],[127.356533,35.531632]]]}},{"type":"Feature","properties":{"pair":"2504-2510","cls":"veg_gain","area_m2":35.1,"score":0.614},"geometry":{"type":"Polygon","coordinates":[[[127.349574,35.531291],[127.349574,35.531287],[127.349552,35.531282],[127.349552,35.531278],[127.349535,35.531269],[127.349535,35.53126],[127.34953,35.53126],[127.34953,35.531251],[127.349524,35.531251],[127.349529,35.531233],[127.349551,35.531228],[127.349551,35.531233],[127.349568,35.531233],[127.349568,35.531237],[127.349585,35.531237],[127.349585,35.531242],[127.349601,35.531246],[127.349601,35.531255],[127.349607,35.531255],[127.349607,35.531278],[127.349601,35.531278],[127.349601,35.531287],[127.349574,35.531291]]]}},{"type":"Feature","properties":{"pair":"2504-2510","cls":"veg_loss","area_m2":98.0,"score":0.624},"geometry":{"type":"Polygon","coordinates":[[[127.351641,35.531312],[127.351641,35.531308],[127.351619,35.531304],[127.351619,35.531299],[127.351603,35.53129],[127.351597,35.531272],[127.351591,35.531272],[127.351586,35.531231],[127.351591,35.531231],[127.351591,35.531222],[127.351602,35.531222],[127.351602,35.531218],[127.35163,35.531218],[127.35163,35.531222],[127.351641,35.531222],[127.351641,35.531227],[127.351652,35.531227],[127.351652,35.531231],[127.351663,35.531231],[127.351663,35.531236],[127.35168,35.531236],[127.35168,35.53124],[127.351713,35.53124],[127.351713,35.531245],[127.351724,35.531245],[127.351724,35.531254],[127.351729,35.531254],[127.351718,35.531294],[127.351713,35.531294],[127.351702,35.531308],[127.351691,35.531308],[127.351691,35.531312],[127.351641,35.531312]]]}},{"type":"Feature","properties":{"pair":"2504-2510","cls":"veg_gain","area_m2":113.4,"score":0.619},"geometry":{"type":"Polygon","coordinates":[[[127.350109,35.53129],[127.350109,35.531285],[127.350097,35.531285],[127.350097,35.531276],[127.350092,35.531276],[127.350092,35.531263],[127.350097,35.531263],[127.350097,35.531254],[127.350103,35.531254],[127.350103,35.531227],[127.350092,35.531222],[127.350086,35.531204],[127.350092,35.531204],[127.350097,35.531191],[127.350119,35.531186],[127.350119,35.531191],[127.35013,35.531191],[127.35013,35.531195],[127.350141,35.531195],[127.350141,35.5312],[127.350174,35.5312],[127.350174,35.531195],[127.350191,35.531195],[127.350191,35.53119],[127.350235,35.531186],[127.350235,35.53119],[127.350246,35.53119],[127.350246,35.531195],[127.350263,35.531204],[127.350263,35.531213],[127.350268,35.531213],[127.350263,35.531235],[127.350252,35.531235],[127.350252,35.53124],[127.350241,35.53124],[127.350241,35.531244],[127.350202,35.531249],[127.350202,35.531254],[127.350164,35.531258],[127.350164,35.531263],[127.350153,35.531263],[127.350136,35.531281],[127.350125,35.531281],[127.350125,35.531285],[127.350109,35.53129]]]}},{"type":"Feature","properties":{"pair":"2504-2510","cls":"veg_gain","area_m2":84.2,"score":0.635},"geometry":{"type":"Polygon","coordinates":[[[127.353956,35.531198],[127.353956,35.531193],[127.35394,35.531189],[127.353934,35.531166],[127.353929,35.531166],[127.353928,35.531098],[127.353934,35.531098],[127.353934,35.531089],[127.35395,35.531085],[127.35395,35.53108],[127.353967,35.531085],[127.353967,35.531089],[127.353989,35.531103],[127.353989,35.531112],[127.353994,35.531112],[127.353994,35.531121],[127.354,35.531121],[127.354,35.53113],[127.354006,35.53113],[127.354006,35.531139],[127.354011,35.531139],[127.354011,35.531148],[127.354017,35.531148],[127.354017,35.531157],[127.354022,35.531157],[127.354022,35.531166],[127.354028,35.531166],[127.354028,35.531175],[127.354033,35.531175],[127.354033,35.531193],[127.354028,35.531193],[127.354028,35.531197],[127.354006,35.531197],[127.354006,35.531193],[127.353956,35.531198]]]}},{"type":"Feature","properties":{"pair":"2504-2510","cls":"veg_gain","area_m2":44.4,"score":0.619},"geometry":{"type":"Polygon","coordinates":[[[127.348564,35.531146],[127.348564,35.531141],[127.348531,35.531119],[127.348531,35.53111],[127.348526,35.53111],[127.348525,35.531101],[127.34852,35.531101],[127.34852,35.531069],[127.348525,35.531069],[127.348525,35.53106],[127.348536,35.53106],[127.348536,35.531056],[127.348564,35.53106],[127.348564,35.531065],[127.348581,35.531073],[127.348581,35.531082],[127.348586,35.531082],[127.348586,35.531141],[127.348581,35.531141],[127.348581,35.531146],[127.348564,35.531146]]]}},{"type":"Feature","properties":{"pair":"2504-2510","cls":"veg_gain","area_m2":121.4,"score":0.624},"geometry":{"type":"Polygon","coordinates":[[[127.356029,35.531282],[127.356024,35.531268],[127.356018,35.531268],[127.356018,35.53125],[127.356013,35.53125],[127.356012,35.531173],[127.356007,35.531173],[127.356012,35.531115],[127.356018,35.531115],[127.356018,35.531101],[127.356023,35.531101],[127.356034,35.531061],[127.35604,35.531061],[127.356039,35.531052],[127.35605,35.531047],[127.35605,35.531038],[127.356056,35.531038],[127.356072,35.53102],[127.356094,35.53102],[127.3561,35.531043],[127.356095,35.531043],[127.356089,35.531065],[127.356084,35.531065],[127.356084,35.531074],[127.356078,35.531074],[127.356067,35.531155],[127.356062,35.531155],[127.356062,35.531178],[127.356057,35.531178],[127.356057,35.5312],[127.356051,35.5312],[127.356057,35.531259],[127.356051,35.531259],[127.356051,35.531272],[127.356046,35.531272],[127.35604,35.531282],[127.356029,35.531282]]]}},{"type":"Feature","properties":{"pair":"2504-2510","cls":"veg_gain","area_m2":593.6,"score":0.686},"geometry":{"type":"Polygon","coordinates":[[[127.348455,35.531376],[127.348455,35.531371],[127.348422,35.531362],[127.348322,35.531277],[127.348311,35.531277],[127.348306,35.531268],[127.348295,35.531268],[127.348289,35.531259],[127.348278,35.531259],[127.348278,35.531255],[127.348256,35.531241],[127.348256,35.531232],[127.34825,35.531232],[127.34825,35.531187],[127.348245,35.531187],[127.348239,35.531147],[127.348245,35.531147],[127.348244,35.53112],[127.34825,35.53112],[127.34825,35.531106],[127.348255,35.531106],[127.348255,35.531088],[127.348261,35.531088],[127.348266,35.531056],[127.348272,35.531056],[127.348277,35.531038],[127.348283,35.531038],[127.348299,35.53102],[127.348316,35.53102],[127.348316,35.531016],[127.348338,35.531011],[127.348338,35.531007],[127.348343,35.531007],[127.348349,35.530998],[127.34836,35.530998],[127.34836,35.530993],[127.348371,35.530993],[127.348371,35.530997],[127.348387,35.531002],[127.348387,35.531011],[127.348393,35.531011],[127.348393,35.53102],[127.348398,35.53102],[127.348398,35.531033],[127.348404,35.531033],[127.348404,35.531047],[127.348409,35.531047],[127.348415,35.531069],[127.348421,35.531069],[127.348426,35.531137],[127.348432,35.531137],[127.348432,35.531151],[127.348437,35.531151],[127.348438,35.531164],[127.348443,35.531164],[127.348443,35.531187],[127.348449,35.531187],[127.348455,35.531263],[127.34846,35.531263],[127.34846,35.531272],[127.348466,35.531272],[127.348477,35.531286],[127.348488,35.531286],[127.348488,35.53129],[127.348521,35.531312],[127.348527,35.53134],[127.348532,35.53134],[127.348532,35.531358],[127.348527,35.531358],[127.348521,35.531371],[127.34851,35.531371],[127.34851,35.531376],[127.348455,35.531376]]]}},{"type":"Feature","properties":{"pair":"2504-2510","cls":"veg_loss","area_m2":395.6,"score":0.71},"geometry":{"type":"Polygon","coordinates":[[[127.351718,35.531204],[127.351718,35.5312],[127.351701,35.531191],[127.351701,35.531182],[127.351685,35.531173],[127.351685,35.531164],[127.351679,35.531164],[127.351657,35.531141],[127.351646,35.531141],[127.351646,35.531137],[127.351635,35.531137],[127.351635,35.531132],[127.351596,35.531132],[127.351596,35.531137],[127.351585,35.531137],[127.351569,35.531155],[127.351558,35.531155],[127.351558,35.531159],[127.351547,35.53116],[127.351547,35.531164],[127.351503,35.531169],[127.351503,35.531173],[127.351481,35.531178],[127.351481,35.531182],[127.351464,35.531187],[127.351464,35.531191],[127.351442,35.531191],[127.351442,35.531187],[127.351431,35.531182],[127.351431,35.531173],[127.351426,35.531173],[127.351425,35.531133],[127.351431,35.531133],[127.351442,35.531106],[127.351453,35.531101],[127.351453,35.531092],[127.351491,35.531065],[127.351491,35.531056],[127.351497,35.531056],[127.351502,35.531047],[127.351513,35.531047],[127.351535,35.531024],[127.351546,35.531024],[127.351546,35.53102],[127.351552,35.53102],[127.351574,35.530997],[127.351585,35.530997],[127.35159,35.530988],[127.351601,35.530988],[127.351601,35.530984],[127.351612,35.530984],[127.351612,35.530979],[127.35164,35.530979],[127.35164,35.530983],[127.351651,35.530983],[127.351651,35.530988],[127.351667,35.530997],[127.351667,35.531006],[127.351673,35.531006],[127.351673,35.531024],[127.351679,35.531024],[127.351684,35.531055],[127.35169,35.531055],[127.351695,35.531073],[127.351706,35.531078],[127.351706,35.531087],[127.351712,35.531087],[127.351712,35.531096],[127.351717,35.531096],[127.351718,35.531105],[127.351723,35.531105],[127.351723,35.531114],[127.351729,35.531114],[127.35174,35.531154],[127.351745,35.531154],[127.351751,35.53119],[127.351745,35.53119],[127.35174,35.531204],[127.351718,35.531204]]]}},{"type":"Feature","properties":{"pair":"2504-2510","cls":"veg_gain","area_m2":377.6,"score":0.867},"geometry":{"type":"Polygon","coordinates":[[[127.3511,35.531134],[127.3511,35.531129],[127.351084,35.531129],[127.351084,35.531125],[127.351073,35.531125],[127.351067,35.531116],[127.351045,35.531111],[127.351034,35.531098],[127.351023,35.531098],[127.351001,35.531075],[127.35099,35.531076],[127.350923,35.531017],[127.350912,35.531017],[127.350912,35.531013],[127.350868,35.530981],[127.350868,35.530972],[127.350857,35.530968],[127.350857,35.530954],[127.350851,35.530954],[127.350851,35.530941],[127.350857,35.530941],[127.350857,35.530932],[127.350862,35.530932],[127.350868,35.530918],[127.350879,35.530918],[127.350879,35.530914],[127.350906,35.530914],[127.350906,35.530918],[127.350923,35.530918],[127.350923,35.530922],[127.350934,35.530922],[127.350934,35.530927],[127.350945,35.530927],[127.350945,35.530931],[127.350956,35.530931],[127.350956,35.530936],[127.350967,35.530936],[127.350967,35.53094],[127.350978,35.53094],[127.350978,35.530945],[127.350989,35.530945],[127.350989,35.530949],[127.351022,35.530958],[127.351028,35.530967],[127.35105,35.530972],[127.351055,35.530981],[127.351066,35.530981],[127.351066,35.530985],[127.351089,35.53099],[127.351094,35.530999],[127.351116,35.531003],[127.351122,35.531012],[127.351133,35.531012],[127.351144,35.531025],[127.351155,35.531025],[127.351155,35.53103],[127.351199,35.531061],[127.351205,35.531093],[127.351199,35.531093],[127.351199,35.531106],[127.351194,35.531106],[127.351172,35.531129],[127.351161,35.531129],[127.351161,35.531134],[127.3511,35.531134]]]}},{"type":"Feature","properties":{"pair":"2504-2510","cls":"veg_gain","area_m2":72.2,"score":0.637},"geometry":{"type":"Polygon","coordinates":[[[127.35626,35.53101],[127.35626,35.531006],[127.356243,35.531006],[127.356243,35.531002],[127.356227,35.530993],[127.356221,35.530966],[127.356227,35.530966],[127.356232,35.530947],[127.356237,35.530947],[127.356243,35.530934],[127.356248,35.530934],[127.356254,35.530893],[127.356259,35.530893],[127.356265,35.530884],[127.356276,35.530884],[127.356281,35.530898],[127.356287,35.530898],[127.356287,35.530929],[127.356293,35.530929],[127.356293,35.530938],[127.356298,35.530938],[127.356298,35.530947],[127.356304,35.530947],[127.356304,35.530956],[127.356309,35.530956],[127.356309,35.530965],[127.356315,35.530965],[127.356315,35.530988],[127.356309,35.530988],[127.356309,35.530997],[127.356304,35.530997],[127.356298,35.531006],[127.356287,35.531006],[127.356287,35.53101],[127.35626,35.53101]]]}},{"type":"Feature","properties":{"pair":"2504-2510","cls":"veg_gain","area_m2":41.5,"score":0.619},"geometry":{"type":"Polygon","coordinates":[[[127.350316,35.53092],[127.350316,35.530915],[127.350305,35.530915],[127.3503,35.530902],[127.350294,35.530902],[127.350294,35.530879],[127.350289,35.530879],[127.350289,35.53087],[127.350294,35.53087],[127.3503,35.530857],[127.350333,35.530857],[127.350333,35.530861],[127.350344,35.530861],[127.350344,35.530866],[127.350377,35.530888],[127.350377,35.530906],[127.350371,35.530906],[127.350366,35.530915],[127.350316,35.53092]]]}},{"type":"Feature","properties":{"pair":"2504-2510","cls":"veg_gain","area_m2":85.0,"score":0.624},"geometry":{"type":"Polygon","coordinates":[[[127.354165,35.530936],[127.354159,35.530922],[127.354153,35.530922],[127.354153,35.530913],[127.354148,35.530913],[127.354148,35.530904],[127.354142,35.530904],[127.354142,35.530895],[127.354137,35.530895],[127.354137,35.530886],[127.354131,35.530886],[127.354131,35.530877],[127.354126,35.530877],[127.354126,35.530846],[127.354131,35.530846],[127.354137,35.530827],[127.35417,35.530827],[127.35417,35.530832],[127.354181,35.530832],[127.354181,35.530836],[127.354197,35.530836],[127.354197,35.530841],[127.354219,35.530845],[127.354219,35.53085],[127.354236,35.530859],[127.354236,35.530881],[127.35423,35.530881],[127.354231,35.530895],[127.35422,35.530899],[127.354214,35.530917],[127.354209,35.530917],[127.354192,35.530935],[127.354165,35.530936]]]}},{"type":"Feature","properties":{"pair":"2504-2510","cls":"veg_gain","area_m2":598.6,"score":0.637},"geometry":{"type":"Polygon","coordinates":[[[127.353878,35.530927],[127.353878,35.530923],[127.353867,35.530923],[127.353867,35.530918],[127.353845,35.530905],[127.353839,35.530873],[127.353833,35.530873],[127.353828,35.53086],[127.353795,35.53086],[127.353795,35.530865],[127.353789,35.530865],[127.353784,35.530874],[127.353773,35.530874],[127.353773,35.530878],[127.353723,35.530883],[127.353723,35.530878],[127.353701,35.530874],[127.353701,35.530869],[127.35369,35.530865],[127.35369,35.530856],[127.353685,35.530856],[127.353684,35.530806],[127.35369,35.530806],[127.35369,35.530793],[127.353695,35.530793],[127.353695,35.530784],[127.353701,35.530784],[127.353701,35.530739],[127.353695,35.530739],[127.353695,35.530725],[127.353701,35.530725],[127.353706,35.530703],[127.353711,35.530703],[127.353717,35.530694],[127.353728,35.530693],[127.353733,35.530684],[127.353744,35.530684],[127.353744,35.53068],[127.353789,35.530675],[127.353789,35.530671],[127.353811,35.530671],[127.353811,35.530666],[127.353838,35.530666],[127.353838,35.530671],[127.35386,35.530675],[127.35386,35.53068],[127.353882,35.530693],[127.353882,35.530702],[127.353893,35.530707],[127.353905,35.530734],[127.35391,35.530733],[127.353916,35.530742],[127.353927,35.530742],[127.353927,35.530747],[127.353954,35.530747],[127.353954,35.530742],[127.353965,35.530742],[127.353965,35.530738],[127.353993,35.530733],[127.353993,35.530729],[127.354009,35.530724],[127.354009,35.53072],[127.354037,35.53072],[127.354042,35.530733],[127.354048,35.530733],[127.354043,35.530769],[127.354037,35.530769],[127.354037,35.530778],[127.354032,35.530778],[127.354021,35.530805],[127.35401,35.53081],[127.354004,35.530828],[127.353993,35.530832],[127.353993,35.530841],[127.353988,35.530841],[127.353988,35.530846],[127.353977,35.53085],[127.353977,35.530859],[127.353938,35.530887],[127.353938,35.530896],[127.353927,35.5309],[127.353927,35.530909],[127.353922,35.530909],[127.353916,35.530923],[127.353905,35.530923],[127.353905,35.530927],[127.353878,35.530927]]]}},{"type":"Feature","properties":{"pair":"2504-2510","cls":"veg_gain","area_m2":237.4,"score":0.615},"geometry":{"type":"Polygon","coordinates":[[[127.348199,35.530723],[127.348199,35.530719],[127.348188,35.530719],[127.348182,35.530705],[127.348176,35.530705],[127.348176,35.53066],[127.348171,35.53066],[127.348171,35.530642],[127.348176,35.530642],[127.348182,35.530628],[127.348209,35.530624],[127.348209,35.530619],[127.348237,35.530619],[127.348237,35.530615],[127.348248,35.530615],[127.348248,35.53061],[127.348259,35.53061],[127.348259,35.530606],[127.348275,35.530606],[127.348275,35.530601],[127.348292,35.530601],[127.348292,35.530597],[127.348308,35.530597],[127.348308,35.530592],[127.34833,35.530592],[127.34833,35.530588],[127.348347,35.530587],[127.348347,35.530583],[127.348396,35.530578],[127.348396,35.530574],[127.348413,35.530574],[127.348413,35.530569],[127.348424,35.530569],[127.348424,35.530565],[127.34844,35.530565],[127.34844,35.530569],[127.348446,35.530569],[127.348446,35.530583],[127.348386,35.530628],[127.34838,35.53065],[127.348375,35.53065],[127.348375,35.530673],[127.348369,35.530673],[127.348369,35.530682],[127.348364,35.530682],[127.348364,35.530696],[127.348358,35.530696],[127.348347,35.530709],[127.348336,35.530709],[127.348336,35.530714],[127.348309,35.530714],[127.348309,35.530709],[127.348298,35.530709],[127.348298,35.530705],[127.348287,35.530705],[127.348287,35.5307],[127.348259,35.5307],[127.348259,35.530705],[127.348248,35.530705],[127.348248,35.530709],[127.348243,35.530709],[127.348237,35.530718],[127.348226,35.530718],[127.348226,35.530723],[127.348199,35.530723]]]}},{"type":"Feature","properties":{"pair":"2504-2510","cls":"veg_gain","area_m2":610.2,"score":0.65},"geometry":{"type":"Polygon","coordinates":[[[127.349605,35.530922],[127.349605,35.530917],[127.349594,35.530917],[127.349589,35.530904],[127.349583,35.530904],[127.349589,35.530877],[127.3496,35.530872],[127.349605,35.53085],[127.34961,35.53085],[127.34961,35.530832],[127.349605,35.530832],[127.349605,35.530773],[127.349599,35.530773],[127.349599,35.530764],[127.349594,35.530764],[127.349594,35.530755],[127.349588,35.530755],[127.349588,35.530679],[127.349593,35.530678],[127.349593,35.530665],[127.349599,35.530665],[127.349604,35.530656],[127.349637,35.530651],[127.349637,35.530647],[127.349654,35.530638],[127.349654,35.530629],[127.349659,35.530629],[127.349659,35.530606],[127.349665,35.530606],[127.34967,35.530575],[127.349675,35.530575],[127.349681,35.530511],[127.349686,35.530511],[127.349686,35.530502],[127.349708,35.530502],[127.349714,35.530516],[127.349719,35.530516],[127.349719,35.530525],[127.349725,35.530525],[127.349725,35.530534],[127.34973,35.530534],[127.34973,35.530543],[127.349736,35.530543],[127.349736,35.530552],[127.349741,35.530552],[127.349742,35.530565],[127.349747,35.530565],[127.349747,35.530574],[127.349753,35.530574],[127.349753,35.530588],[127.349758,35.530588],[127.349758,35.530597],[127.349764,35.530597],[127.349764,35.530606],[127.349769,35.530606],[127.349769,35.530615],[127.349775,35.530615],[127.34978,35.530646],[127.349786,35.530646],[127.349786,35.530673],[127.349792,35.530673],[127.349792,35.53075],[127.349786,35.53075],[127.349787,35.530777],[127.349792,35.530777],[127.349792,35.530786],[127.349798,35.530786],[127.349798,35.530795],[127.349803,35.530795],[127.349803,35.530836],[127.349798,35.530836],[127.349798,35.530845],[127.349792,35.530845],[127.34977,35.530867],[127.349759,35.530867],[127.349748,35.530881],[127.349737,35.530881],[127.349732,35.53089],[127.34971,35.530894],[127.349704,35.530903],[127.349677,35.530908],[127.349677,35.530913],[127.34966,35.530913],[127.34966,35.530917],[127.349638,35.530917],[127.349638,35.530922],[127.349605,35.530922]]]}},{"type":"Feature","properties":{"pair":"2504-2510","cls":"other","area_m2":2205.0,"score":0.924},"geometry":{"type":"Polygon","coordinates":[[[127.351232,35.531016],[127.351232,35.531012],[127.351215,35.531012],[127.351215,35.531007],[127.351204,35.531007],[127.351204,35.531003],[127.351193,35.531003],[127.351193,35.530998],[127.351182,35.530998],[127.351182,35.530994],[127.351171,35.530994],[127.351171,35.530989],[127.351138,35.53098],[127.351133,35.530971],[127.351122,35.530971],[127.351116,35.530962],[127.351105,35.530963],[127.351105,35.530958],[127.351094,35.530958],[127.351088,35.530949],[127.351066,35.530945],[127.351061,35.530936],[127.35105,35.530936],[127.351044,35.530927],[127.351022,35.530922],[127.351022,35.530918],[127.351006,35.530913],[127.351,35.530904],[127.350989,35.530904],[127.350989,35.5309],[127.350978,35.5309],[127.350972,35.530891],[127.35095,35.530886],[127.350945,35.530877],[127.350934,35.530877],[127.350928,35.530868],[127.350917,35.530868],[127.350912,35.530859],[127.350901,35.530859],[127.350901,35.530855],[127.350884,35.53085],[127.350878,35.530841],[127.350856,35.530837],[127.350851,35.530828],[127.35084,35.530828],[127.35084,35.530824],[127.350823,35.530819],[127.350818,35.53081],[127.350807,35.53081],[127.350807,35.530806],[127.350796,35.530806],[127.35079,35.530797],[127.350779,35.530797],[127.350779,35.530792],[127.350768,35.530792],[127.350768,35.530788],[127.350757,35.530788],[127.350757,35.530783],[127.350746,35.530783],[127.350746,35.530779],[127.350713,35.53077],[127.350707,35.530761],[127.350696,35.530761],[127.350691,35.530752],[127.35068,35.530752],[127.35068,35.530747],[127.350668,35.530743],[127.350668,35.530734],[127.350663,35.530734],[127.350663,35.530725],[127.350657,35.530725],[127.350663,35.530693],[127.350668,35.530693],[127.350674,35.530675],[127.350696,35.530662],[127.350696,35.530653],[127.350701,35.530653],[127.350701,35.530644],[127.350707,35.530644],[127.350712,35.530603],[127.350717,35.530603],[127.350717,35.53059],[127.350723,35.53059],[127.350723,35.530576],[127.350728,35.530576],[127.350739,35.530549],[127.35075,35.530544],[127.35075,35.530535],[127.350767,35.530526],[127.350767,35.530517],[127.350772,35.530517],[127.350794,35.530495],[127.350805,35.530495],[127.350805,35.53049],[127.350855,35.53049],[127.350855,35.530495],[127.350877,35.530499],[127.350882,35.530508],[127.350893,35.530508],[127.350894,35.530512],[127.350905,35.530512],[127.35091,35.530521],[127.350932,35.530526],[127.350938,35.530535],[127.350949,35.530535],[127.350949,35.530539],[127.350982,35.530548],[127.350987,35.530557],[127.350998,35.530557],[127.350998,35.530562],[127.351015,35.530566],[127.351021,35.530575],[127.351043,35.53058],[127.351048,35.530589],[127.35107,35.530593],[127.351076,35.530602],[127.351098,35.530607],[127.351103,35.530616],[127.351126,35.53062],[127.351131,35.530629],[127.351142,35.530629],[127.351142,35.530633],[127.351153,35.530633],[127.351153,35.530638],[127.351186,35.530647],[127.351192,35.530656],[127.351225,35.530665],[127.351231,35.530674],[127.351242,35.530674],[127.351242,35.530678],[127.351253,35.530678],[127.351258,35.530687],[127.35128,35.530692],[127.351286,35.530701],[127.351308,35.530705],[127.351313,35.530714],[127.351324,35.530714],[127.351324,35.530719],[127.351341,35.530723],[127.351347,35.530732],[127.351369,35.530736],[127.351374,35.530745],[127.351396,35.53075],[127.351407,35.530763],[127.351418,35.530763],[127.351418,35.530768],[127.351435,35.530777],[127.351435,35.530786],[127.35144,35.530786],[127.351441,35.530822],[127.351435,35.530822],[127.35143,35.53084],[127.351419,35.530844],[127.351419,35.530853],[127.351413,35.530853],[127.351413,35.530858],[127.351402,35.530863],[127.351402,35.530872],[127.351391,35.530876],[127.351391,35.530885],[127.351369,35.530899],[127.351369,35.530908],[127.351364,35.530908],[127.351342,35.53093],[127.351331,35.53093],[127.351331,35.530935],[127.35132,35.530939],[127.351304,35.530998],[127.351298,35.530998],[127.351287,35.531012],[127.351276,35.531012],[127.351276,35.531016],[127.351232,35.531016]]]}},{"type":"Feature","properties":{"pair":"2504-2510","cls":"veg_gain","area_m2":356.2,"score":0.649},"geometry":{"type":"Polygon","coordinates":[[[127.353496,35.530672],[127.353496,35.530667],[127.353485,35.530667],[127.353485,35.530658],[127.35348,35.530658],[127.35348,35.53064],[127.353485,35.53064],[127.353485,35.530627],[127.353491,35.530627],[127.353491,35.530618],[127.353496,35.530618],[127.353496,35.530604],[127.353502,35.530604],[127.353501,35.53059],[127.353512,35.530586],[127.353512,35.530577],[127.353518,35.530577],[127.353545,35.53055],[127.353556,35.53055],[127.353556,35.530545],[127.353573,35.530541],[127.353589,35.530523],[127.3536,35.530523],[127.353628,35.530495],[127.353639,35.530495],[127.353644,35.530486],[127.353655,35.530486],[127.353655,35.530482],[127.353666,35.530482],[127.353672,35.530473],[127.353688,35.530473],[127.353688,35.530468],[127.353699,35.530468],[127.353699,35.530473],[127.35371,35.530473],[127.35371,35.530477],[127.353722,35.530482],[127.353727,35.530509],[127.353733,35.530509],[127.353744,35.530522],[127.353799,35.530522],[127.353799,35.530527],[127.353832,35.530531],[127.353843,35.530544],[127.353854,35.530544],[127.353854,35.530549],[127.353893,35.530576],[127.353893,35.530585],[127.353898,35.530585],[127.353904,35.530598],[127.353915,35.530603],[127.353915,35.53063],[127.353888,35.53063],[127.353888,35.530625],[127.353871,35.530625],[127.353871,35.530621],[127.353805,35.530626],[127.353805,35.530621],[127.353772,35.530617],[127.353772,35.530612],[127.353739,35.53059],[127.353738,35.530576],[127.353733,35.530576],[127.353727,35.530558],[127.353722,35.530558],[127.353711,35.530545],[127.353689,35.530545],[127.353689,35.530549],[127.353667,35.530554],[127.353667,35.530558],[127.353639,35.530577],[127.353639,35.530586],[127.353634,35.530586],[127.353634,35.530595],[127.353623,35.530599],[127.353623,35.530608],[127.353617,35.530608],[127.35359,35.530635],[127.353579,35.530635],[127.353579,35.53064],[127.353568,35.53064],[127.353568,35.530644],[127.353535,35.530653],[127.353529,35.530663],[127.353496,35.530672]]]}},{"type":"Feature","properties":{"pair":"2504-2510","cls":"veg_gain","area_m2":36.0,"score":0.604},"geometry":{"type":"Polygon","coordinates":[[[127.355889,35.530574],[127.355888,35.53057],[127.355877,35.530565],[127.355872,35.530538],[127.355866,35.530538],[127.355866,35.530511],[127.355861,35.530511],[127.355861,35.530493],[127.355855,35.530493],[127.355855,35.530475],[127.355849,35.530475],[127.355849,35.530453],[127.355855,35.530453],[127.355855,35.530448],[127.355871,35.530453],[127.355871,35.530462],[127.355877,35.530462],[127.355877,35.530471],[127.355883,35.530471],[127.355883,35.53048],[127.355888,35.53048],[127.355888,35.530489],[127.355894,35.530489],[127.355894,35.530498],[127.355899,35.530498],[127.3559,35.53057],[127.355889,35.530574]]]}},{"type":"Feature","properties":{"pair":"2504-2510","cls":"veg_gain","area_m2":28.1,"score":0.616},"geometry":{"type":"Polygon","coordinates":[[[127.351709,35.530488],[127.351709,35.530483],[127.351698,35.530483],[127.351693,35.53047],[127.351687,35.53047],[127.351687,35.530438],[127.351693,35.530438],[127.351698,35.530429],[127.351726,35.530429],[127.351726,35.530433],[127.351742,35.530442],[127.351742,35.530451],[127.351748,35.530451],[127.351748,35.530469],[127.351742,35.530469],[127.351737,35.530483],[127.351709,35.530488]]]}},{"type":"Feature","properties":{"pair":"2504-2510","cls":"veg_gain","area_m2":603.4,"score":0.648},"geometry":{"type":"Polygon","coordinates":[[[127.351357,35.530637],[127.351357,35.530633],[127.351346,35.530633],[127.351346,35.530628],[127.351335,35.530628],[127.351335,35.530624],[127.351324,35.530624],[127.351324,35.530619],[127.351313,35.530619],[127.351313,35.530615],[127.351296,35.530615],[127.351296,35.53061],[127.351274,35.530606],[127.351269,35.530597],[127.351258,35.530597],[127.351258,35.530593],[127.351247,35.530593],[127.351247,35.530588],[127.351236,35.530588],[127.351236,35.530584],[127.351225,35.530584],[127.351225,35.530579],[127.35118,35.530575],[127.35118,35.53057],[127.351147,35.530561],[127.351147,35.530557],[127.351142,35.530557],[127.351136,35.530548],[127.351125,35.530548],[127.351114,35.530534],[127.351103,35.530534],[127.351103,35.53053],[127.351092,35.53053],[127.351087,35.530521],[127.351075,35.530521],[127.351075,35.530516],[127.351064,35.530516],[127.351064,35.530512],[127.351053,35.530512],[127.351053,35.530508],[127.35102,35.530499],[127.351015,35.53049],[127.351004,35.53049],[127.351004,35.530485],[127.350998,35.530485],[127.350982,35.530467],[127.35097,35.530467],[127.350943,35.53044],[127.35091,35.530431],[127.35091,35.530427],[127.350899,35.530422],[127.350899,35.530413],[127.350904,35.530413],[127.35091,35.530404],[127.350921,35.530404],[127.350921,35.530409],[127.350937,35.530409],[127.350937,35.530413],[127.350948,35.530413],[127.350948,35.530418],[127.350959,35.530418],[127.350959,35.530422],[127.35097,35.530422],[127.35097,35.530427],[127.351009,35.530427],[127.351009,35.530422],[127.351031,35.530422],[127.351031,35.530417],[127.351047,35.530417],[127.351047,35.530413],[127.351064,35.530413],[127.351064,35.530408],[127.351081,35.530408],[127.35108,35.530404],[127.351103,35.530404],[127.351103,35.530399],[127.35118,35.530399],[127.35118,35.530403],[127.351224,35.530408],[127.351224,35.530412],[127.351251,35.530417],[127.351251,35.530421],[127.351262,35.530421],[127.351263,35.530426],[127.35129,35.530426],[127.35129,35.53043],[127.351318,35.530435],[127.351318,35.530439],[127.351356,35.530466],[127.351356,35.530475],[127.351362,35.530475],[127.351362,35.530493],[127.351368,35.530493],[127.351362,35.530525],[127.351368,35.530525],[127.351368,35.530534],[127.351384,35.530543],[127.351384,35.530552],[127.35139,35.530552],[127.35139,35.530579],[127.351395,35.530579],[127.351396,35.530624],[127.35139,35.530624],[127.35139,35.530633],[127.351385,35.530633],[127.351385,35.530637],[127.351357,35.530637]]]}},{"type":"Feature","properties":{"pair":"2504-2510","cls":"veg_gain","area_m2":39.1,"score":0.605},"geometry":{"type":"Polygon","coordinates":[[[127.353876,35.530441],[127.353876,35.530436],[127.353848,35.530432],[127.353848,35.530427],[127.353832,35.530418],[127.353831,35.530409],[127.353826,35.530409],[127.353837,35.530391],[127.353848,35.530391],[127.353848,35.530387],[127.353859,35.530387],[127.353859,35.530382],[127.35387,35.530382],[127.35387,35.530378],[127.353892,35.530382],[127.353892,35.530387],[127.353903,35.530391],[127.353914,35.530418],[127.35392,35.530418],[127.353914,35.530436],[127.353903,35.530436],[127.353903,35.530441],[127.353876,35.530441]]]}},{"type":"Feature","properties":{"pair":"2504-2510","cls":"veg_gain","area_m2":348.6,"score":0.632},"geometry":{"type":"Polygon","coordinates":[[[127.3487,35.530672],[127.348694,35.530659],[127.348689,35.530659],[127.348689,35.530623],[127.348694,35.530623],[127.348694,35.530609],[127.3487,35.530609],[127.348711,35.530582],[127.348722,35.530577],[127.348722,35.530568],[127.348727,35.530568],[127.348727,35.530559],[127.348733,35.530559],[127.348733,35.53055],[127.348738,35.53055],[127.348744,35.530528],[127.348755,35.530523],[127.348754,35.530514],[127.34876,35.530514],[127.348765,35.530505],[127.348777,35.530505],[127.348776,35.530501],[127.348821,35.5305],[127.348821,35.530505],[127.348843,35.530509],[127.348848,35.530518],[127.34887,35.530518],[127.34887,35.530514],[127.348881,35.530509],[127.348881,35.5305],[127.348887,35.5305],[127.348909,35.530478],[127.34892,35.530478],[127.34892,35.530473],[127.348953,35.530464],[127.348958,35.530455],[127.348969,35.530455],[127.348969,35.53045],[127.34898,35.530446],[127.348986,35.530423],[127.348991,35.530423],[127.348991,35.53041],[127.348997,35.53041],[127.348997,35.530396],[127.349002,35.530396],[127.349002,35.530387],[127.349008,35.530387],[127.349008,35.530378],[127.349013,35.530378],[127.349013,35.530369],[127.349018,35.530369],[127.349024,35.53036],[127.349057,35.530356],[127.349057,35.53036],[127.349074,35.53036],[127.349079,35.530369],[127.349096,35.530373],[127.349096,35.530382],[127.349101,35.530382],[127.349096,35.530401],[127.34909,35.530401],[127.349079,35.530414],[127.349068,35.530414],[127.349057,35.530428],[127.349046,35.530428],[127.349046,35.530432],[127.34903,35.530441],[127.34903,35.53045],[127.349024,35.53045],[127.349019,35.530495],[127.349014,35.530495],[127.349008,35.530531],[127.349003,35.530531],[127.349003,35.53055],[127.349008,35.530549],[127.349008,35.530577],[127.349003,35.530577],[127.349003,35.530586],[127.34892,35.530581],[127.34892,35.530577],[127.348909,35.530577],[127.348909,35.530572],[127.348893,35.530563],[127.348892,35.530554],[127.348887,35.530554],[127.348887,35.530545],[127.348881,35.530545],[127.348876,35.530532],[127.348848,35.530532],[127.348843,35.530541],[127.348832,35.530541],[127.348826,35.53055],[127.348815,35.53055],[127.34881,35.530559],[127.348799,35.530559],[127.348799,35.530564],[127.348782,35.530573],[127.348782,35.530582],[127.348777,35.530582],[127.348777,35.530604],[127.348771,35.530604],[127.348772,35.530622],[127.348766,35.530622],[127.348761,35.530645],[127.348755,35.530645],[127.348733,35.530667],[127.3487,35.530672]]]}},{"type":"Feature","properties":{"pair":"2504-2510","cls":"veg_gain","area_m2":25.5,"score":0.594},"geometry":{"type":"Polygon","coordinates":[[[127.356632,35.530397],[127.356632,35.530392],[127.356615,35.530383],[127.356615,35.530374],[127.356604,35.53037],[127.356604,35.530361],[127.356599,35.530361],[127.356599,35.530343],[127.356604,35.530343],[127.356604,35.530333],[127.356615,35.530333],[127.356615,35.530329],[127.356637,35.530333],[127.356643,35.530347],[127.356648,35.530347],[127.356648,35.53036],[127.356654,35.53036],[127.356654,35.530387],[127.356648,35.530387],[127.356643,35.530396],[127.356632,35.530397]]]}},{"type":"Feature","properties":{"pair":"2504-2510","cls":"veg_gain","area_m2":271.0,"score":0.631},"geometry":{"type":"Polygon","coordinates":[[[127.356274,35.530434],[127.356274,35.530429],[127.356263,35.530429],[127.356263,35.530425],[127.356246,35.530416],[127.356241,35.530393],[127.356235,35.530393],[127.356235,35.53038],[127.356229,35.53038],[127.356229,35.530371],[127.356224,35.530371],[127.356224,35.530362],[127.356218,35.530362],[127.356218,35.530348],[127.356213,35.530348],[127.356213,35.530326],[127.356218,35.530326],[127.356218,35.530317],[127.356229,35.530317],[127.356229,35.530312],[127.356284,35.530316],[127.356284,35.530321],[127.356295,35.530321],[127.356301,35.53033],[127.356312,35.53033],[127.356312,35.530334],[127.356323,35.530334],[127.356323,35.530339],[127.356362,35.530339],[127.356362,35.530334],[127.356389,35.53033],[127.356389,35.530325],[127.356439,35.530329],[127.356439,35.530334],[127.356455,35.530334],[127.356455,35.530338],[127.356516,35.530338],[127.356516,35.530343],[127.356527,35.530343],[127.356527,35.530347],[127.356538,35.530352],[127.356538,35.530361],[127.356544,35.530361],[127.356538,35.530374],[127.356533,35.530374],[127.356522,35.530388],[127.356511,35.530388],[127.356511,35.530392],[127.356494,35.530397],[127.356494,35.530401],[127.356445,35.530411],[127.356445,35.530415],[127.356423,35.530415],[127.356423,35.53042],[127.356406,35.53042],[127.356406,35.530424],[127.356334,35.530429],[127.356334,35.530433],[127.356274,35.530434]]]}},{"type":"Feature","properties":{"pair":"2504-2510","cls":"veg_gain","area_m2":115.6,"score":0.67},"geometry":{"type":"Polygon","coordinates":[[[127.350011,35.53033],[127.350011,35.530326],[127.349906,35.530326],[127.349906,35.530322],[127.349895,35.530322],[127.349895,35.530317],[127.349878,35.530308],[127.349873,35.53029],[127.349878,35.53029],[127.349878,35.530281],[127.349889,35.530281],[127.349889,35.530277],[127.3499,35.530277],[127.3499,35.530272],[127.349933,35.530272],[127.349933,35.530267],[127.350071,35.530272],[127.350071,35.530276],[127.350093,35.53028],[127.350099,35.530303],[127.350093,35.530303],[127.350093,35.530312],[127.350088,35.530312],[127.350082,35.530321],[127.350055,35.530326],[127.350055,35.53033],[127.350011,35.53033]]]}},{"type":"Feature","properties":{"pair":"2504-2510","cls":"veg_gain","area_m2":1089.8,"score":0.672},"geometry":{"type":"Polygon","coordinates":[[[127.354313,35.530813],[127.354313,35.530809],[127.354302,35.530809],[127.354302,35.5308],[127.354296,35.5308],[127.354296,35.530764],[127.354302,35.530764],[127.354302,35.53075],[127.354307,35.53075],[127.354307,35.530737],[127.354313,35.530737],[127.354312,35.530642],[127.354307,35.530642],[127.354301,35.53062],[127.354295,35.53062],[127.354284,35.530606],[127.354273,35.530606],[127.354273,35.530602],[127.354229,35.530602],[127.354229,35.530597],[127.354202,35.530593],[127.354202,35.530588],[127.354157,35.530557],[127.354152,35.530539],[127.354146,35.530539],[127.35413,35.530521],[127.354102,35.530521],[127.354102,35.530517],[127.354091,35.530517],[127.354091,35.530512],[127.354074,35.530503],[127.354074,35.530494],[127.354069,35.530494],[127.354074,35.530476],[127.354102,35.530458],[127.354102,35.530445],[127.354107,35.530444],[127.354124,35.530426],[127.354135,35.530426],[127.354135,35.530422],[127.354162,35.530422],[127.354162,35.530417],[127.35419,35.530413],[127.354195,35.530399],[127.354201,35.530399],[127.354201,35.53039],[127.354206,35.53039],[127.354206,35.530359],[127.354201,35.530359],[127.354195,35.530332],[127.354189,35.530332],[127.354184,35.530309],[127.354178,35.530309],[127.354184,35.53025],[127.354178,35.530251],[127.354178,35.530241],[127.354173,35.530242],[127.354156,35.530224],[127.354134,35.530219],[127.354128,35.53021],[127.354117,35.53021],[127.354117,35.530206],[127.354106,35.530201],[127.354106,35.530192],[127.354101,35.530192],[127.354101,35.530183],[127.354095,35.530183],[127.354095,35.530161],[127.354112,35.530156],[127.354111,35.530152],[127.354134,35.530152],[127.354134,35.530156],[127.354167,35.530165],[127.354172,35.530174],[127.354183,35.530174],[127.354189,35.530183],[127.3542,35.530183],[127.354216,35.530201],[127.354227,35.530201],[127.354239,35.530214],[127.35425,35.530214],[127.354261,35.530228],[127.354272,35.530228],[127.354288,35.530246],[127.354299,35.530246],[127.354305,35.530255],[127.354316,35.530255],[127.354316,35.530259],[127.354327,35.530259],[127.354327,35.530264],[127.354355,35.530268],[127.35436,35.530277],[127.354371,35.530277],[127.354371,35.530281],[127.354388,35.53029],[127.354388,35.530299],[127.354393,35.530299],[127.354393,35.530322],[127.354388,35.530322],[127.354382,35.530349],[127.354377,35.530349],[127.354377,35.530358],[127.354372,35.530358],[127.354372,35.530372],[127.354366,35.530372],[127.354366,35.530381],[127.354361,35.530381],[127.354355,35.530417],[127.35435,35.530417],[127.354344,35.530448],[127.354339,35.530448],[127.354339,35.53052],[127.354334,35.53052],[127.354328,35.530547],[127.354323,35.530548],[127.354323,35.530557],[127.354317,35.530557],[127.354317,35.53057],[127.354312,35.53057],[127.354312,35.530579],[127.354306,35.530579],[127.354306,35.530602],[127.354312,35.530602],[127.354323,35.530615],[127.354373,35.530615],[127.354373,35.53061],[127.354395,35.530606],[127.3544,35.530597],[127.354411,35.530597],[127.354417,35.530588],[127.354428,35.530588],[127.354428,35.530583],[127.354444,35.530579],[127.354444,35.530574],[127.354472,35.530574],[127.354477,35.530588],[127.354483,35.530588],[127.354477,35.53061],[127.354472,35.53061],[127.354472,35.530646],[127.354478,35.530646],[127.354478,35.53066],[127.354483,35.53066],[127.354483,35.530705],[127.354478,35.530705],[127.354472,35.530727],[127.354461,35.530732],[127.354461,35.530741],[127.354456,35.530741],[127.354428,35.530768],[127.354417,35.530768],[127.354412,35.530777],[127.354401,35.530777],[127.354395,35.530786],[127.354384,35.530786],[127.354384,35.530791],[127.354368,35.530795],[127.354362,35.530804],[127.354351,35.530804],[127.354351,35.530809],[127.35434,35.530809],[127.35434,35.530813],[127.354313,35.530813]]]}},{"type":"Feature","properties":{"pair":"2504-2510","cls":"veg_gain","area_m2":26.1,"score":0.596},"geometry":{"type":"Polygon","coordinates":[[[127.356118,35.530182],[127.356118,35.530177],[127.356107,35.530177],[127.356107,35.530173],[127.356096,35.530168],[127.356096,35.530159],[127.356091,35.530159],[127.356091,35.530132],[127.356096,35.530132],[127.356096,35.530123],[127.356124,35.530123],[127.356124,35.530128],[127.356146,35.530141],[127.356146,35.53015],[127.356151,35.53015],[127.356146,35.530173],[127.356129,35.530177],[127.356129,35.530182],[127.356118,35.530182]]]}},{"type":"Feature","properties":{"pair":"2504-2510","cls":"veg_gain","area_m2":57.9,"score":0.595},"geometry":{"type":"Polygon","coordinates":[[[127.35141,35.530078],[127.35141,35.530074],[127.351399,35.530074],[127.351399,35.530056],[127.351432,35.530051],[127.351432,35.530047],[127.351454,35.530047],[127.351454,35.530042],[127.351465,35.530042],[127.351465,35.530038],[127.351476,35.530038],[127.351476,35.530033],[127.351492,35.530033],[127.351492,35.530029],[127.351503,35.530029],[127.351503,35.530024],[127.351553,35.530019],[127.351553,35.530024],[127.351564,35.530024],[127.35157,35.530037],[127.351575,35.530037],[127.35157,35.530051],[127.351553,35.530055],[127.351553,35.53006],[127.351526,35.53006],[127.351526,35.530064],[127.351509,35.530065],[127.351509,35.530069],[127.351492,35.530069],[127.351493,35.530074],[127.351426,35.530074],[127.351426,35.530078],[127.35141,35.530078]]]}},{"type":"Feature","properties":{"pair":"2504-2510","cls":"veg_gain","area_m2":104.2,"score":0.659},"geometry":{"type":"Polygon","coordinates":[[[127.355644,35.530116],[127.355644,35.530111],[127.355622,35.530107],[127.355616,35.530098],[127.355605,35.530098],[127.355589,35.53008],[127.355578,35.53008],[127.355561,35.530062],[127.35555,35.530062],[127.35555,35.530057],[127.355533,35.530048],[127.355528,35.530026],[127.355533,35.530026],[127.355533,35.530017],[127.355539,35.530017],[127.355544,35.530008],[127.355572,35.530003],[127.355572,35.530008],[127.355583,35.530008],[127.355583,35.530012],[127.355594,35.530012],[127.355594,35.530017],[127.355605,35.530016],[127.355605,35.530021],[127.355638,35.530025],[127.355638,35.53003],[127.355649,35.53003],[127.355649,35.530034],[127.35566,35.530034],[127.35566,35.530039],[127.355671,35.530039],[127.355671,35.530043],[127.355682,35.530048],[127.355682,35.530057],[127.355688,35.530057],[127.355688,35.530084],[127.355682,35.530084],[127.355682,35.530093],[127.355677,35.530093],[127.355677,35.530102],[127.355671,35.530102],[127.355666,35.530111],[127.355644,35.530116]]]}},{"type":"Feature","properties":{"pair":"2504-2510","cls":"built_new","area_m2":405.0,"score":0.689},"geometry":{"type":"Polygon","coordinates":[[[127.352293,35.530274],[127.352293,35.53027],[127.352282,35.53027],[127.352282,35.530265],[127.352254,35.530247],[127.352254,35.530216],[127.352259,35.530216],[127.352259,35.530207],[127.35227,35.530202],[127.35227,35.530193],[127.352281,35.530188],[127.352281,35.530179],[127.352287,35.530179],[127.352309,35.530157],[127.35232,35.530157],[127.35232,35.530152],[127.352331,35.530152],[127.352331,35.530148],[127.352375,35.530148],[127.352375,35.530143],[127.352391,35.530134],[127.352391,35.530116],[127.352397,35.530116],[127.352402,35.530098],[127.352468,35.530048],[127.352468,35.530039],[127.352474,35.530039],[127.352479,35.53003],[127.35249,35.53003],[127.352501,35.530017],[127.352512,35.530017],[127.352545,35.529985],[127.352556,35.529985],[127.352556,35.52998],[127.352611,35.52998],[127.352611,35.529985],[127.352622,35.529985],[127.352628,35.530012],[127.352622,35.530012],[127.352622,35.530021],[127.352617,35.530021],[127.352617,35.530034],[127.352611,35.530034],[127.352601,35.530061],[127.352595,35.530061],[127.35259,35.53007],[127.352568,35.530075],[127.352568,35.530079],[127.35254,35.530098],[127.35254,35.530107],[127.352535,35.530107],[127.352529,35.530125],[127.352513,35.530134],[127.352513,35.530143],[127.352507,35.530143],[127.352463,35.530183],[127.352452,35.530183],[127.352452,35.530188],[127.352441,35.530193],[127.352441,35.530202],[127.352425,35.530211],[127.352425,35.53022],[127.352419,35.53022],[127.352397,35.530242],[127.352386,35.530242],[127.352381,35.530251],[127.35237,35.530251],[127.352353,35.530269],[127.352342,35.530269],[127.352342,35.530274],[127.352293,35.530274]]]}},{"type":"Feature","properties":{"pair":"2504-2510","cls":"veg_gain","area_m2":866.1,"score":0.691},"geometry":{"type":"Polygon","coordinates":[[[127.354505,35.530529],[127.354505,35.530524],[127.354494,35.530524],[127.354494,35.53052],[127.354482,35.530516],[127.354477,35.530488],[127.354471,35.530488],[127.354471,35.530421],[127.354477,35.530421],[127.354482,35.530398],[127.354509,35.530385],[127.354509,35.530389],[127.354526,35.530394],[127.354532,35.530416],[127.354537,35.530416],[127.354543,35.530425],[127.35457,35.530425],[127.354603,35.530393],[127.354614,35.530393],[127.354614,35.530389],[127.354625,35.530389],[127.354631,35.53038],[127.354647,35.530375],[127.354647,35.530366],[127.354653,35.530366],[127.354653,35.530321],[127.354647,35.530321],[127.354647,35.530312],[127.35463,35.530308],[127.35463,35.530303],[127.354614,35.530294],[127.354614,35.530285],[127.354608,35.530285],[127.354608,35.530258],[127.354614,35.530258],[127.354614,35.530245],[127.354619,35.530245],[127.354619,35.530236],[127.354625,35.530236],[127.354625,35.530227],[127.35463,35.530227],[127.35463,35.530213],[127.354635,35.530213],[127.354635,35.530204],[127.354641,35.530204],[127.354641,35.530195],[127.354646,35.530195],[127.354646,35.530186],[127.354652,35.530186],[127.354657,35.530177],[127.354668,35.530177],[127.354668,35.530172],[127.354718,35.530177],[127.354718,35.530172],[127.354735,35.530168],[127.354756,35.530114],[127.354806,35.530077],[127.354806,35.530068],[127.354811,35.530068],[127.354811,35.530059],[127.354817,35.530059],[127.354817,35.530046],[127.354822,35.530046],[127.354822,35.530037],[127.354828,35.530037],[127.354839,35.530023],[127.354855,35.530023],[127.354855,35.530019],[127.354872,35.530019],[127.354872,35.530014],[127.354894,35.530014],[127.354894,35.53001],[127.354916,35.530005],[127.354949,35.529973],[127.35496,35.529973],[127.35496,35.529969],[127.354971,35.529969],[127.354971,35.529964],[127.354987,35.529964],[127.354987,35.52996],[127.355004,35.52996],[127.355004,35.529955],[127.355037,35.529955],[127.355037,35.52996],[127.355053,35.52996],[127.355053,35.529964],[127.355064,35.529964],[127.355064,35.529969],[127.355219,35.529968],[127.355219,35.529973],[127.35523,35.529973],[127.355235,35.529991],[127.35523,35.529991],[127.35523,35.53],[127.355224,35.53],[127.355219,35.530009],[127.355208,35.530009],[127.355202,35.530018],[127.355175,35.530022],[127.355175,35.530027],[127.355147,35.530031],[127.355147,35.530036],[127.355109,35.530036],[127.355109,35.53004],[127.355059,35.530041],[127.355059,35.530045],[127.355043,35.530045],[127.355043,35.53005],[127.355032,35.53005],[127.355026,35.530059],[127.355015,35.530059],[127.355015,35.530063],[127.355004,35.530063],[127.355004,35.530068],[127.354988,35.530068],[127.354988,35.530072],[127.354977,35.530072],[127.354977,35.530077],[127.354944,35.530086],[127.354938,35.530095],[127.354927,35.530095],[127.354922,35.530104],[127.354911,35.530104],[127.354905,35.530113],[127.354894,35.530113],[127.354894,35.530118],[127.354883,35.530118],[127.354872,35.530131],[127.354861,35.530131],[127.354856,35.530145],[127.354845,35.530149],[127.354839,35.530167],[127.354834,35.530167],[127.354828,35.530199],[127.354823,35.530199],[127.354823,35.530213],[127.354817,35.530213],[127.354812,35.530231],[127.354806,35.530231],[127.354801,35.53024],[127.35479,35.53024],[127.354784,35.530249],[127.354773,35.530249],[127.354773,35.530253],[127.354746,35.530271],[127.354746,35.53028],[127.354741,35.53028],[127.35473,35.530307],[127.354719,35.530312],[127.354719,35.530321],[127.354713,35.530321],[127.354713,35.53033],[127.354708,35.53033],[127.354708,35.530339],[127.354702,35.530339],[127.354702,35.530348],[127.354697,35.530348],[127.354697,35.530357],[127.354691,35.530357],[127.354691,35.530371],[127.354686,35.530371],[127.354686,35.530416],[127.35468,35.530416],[127.354681,35.530429],[127.354675,35.530429],[127.354659,35.530447],[127.354648,35.530447],[127.354648,35.530452],[127.354631,35.530452],[127.354631,35.530456],[127.354615,35.530457],[127.354615,35.530461],[127.354587,35.530466],[127.354587,35.53047],[127.354576,35.530475],[127.354576,35.530484],[127.354571,35.530484],[127.354571,35.530493],[127.354565,35.530493],[127.354565,35.530502],[127.35456,35.530502],[127.35456,35.530511],[127.354554,35.530511],[127.354549,35.53052],[127.354521,35.530524],[127.354521,35.530529],[127.354505,35.530529]]]}},{"type":"Feature","properties":{"pair":"2504-2510","cls":"veg_gain","area_m2":41.8,"score":0.607},"geometry":{"type":"Polygon","coordinates":[[[127.35367,35.530018],[127.35367,35.530013],[127.353653,35.530009],[127.353653,35.53],[127.353648,35.53],[127.353648,35.529991],[127.353642,35.529991],[127.353642,35.529977],[127.353648,35.529977],[127.353648,35.529968],[127.353653,35.529968],[127.35367,35.52995],[127.353681,35.52995],[127.353686,35.529941],[127.353703,35.529936],[127.353703,35.529941],[127.353714,35.529941],[127.353714,35.52995],[127.353719,35.52995],[127.353719,35.529981],[127.353714,35.529981],[127.353708,35.53],[127.353703,35.53],[127.353692,35.530013],[127.35367,35.530018]]]}},{"type":"Feature","properties":{"pair":"2504-2510","cls":"veg_gain","area_m2":100.8,"score":0.631},"geometry":{"type":"Polygon","coordinates":[[[127.355929,35.529835],[127.355929,35.529831],[127.355918,35.529831],[127.355918,35.529826],[127.355896,35.529813],[127.355896,35.529804],[127.355885,35.529799],[127.355885,35.529786],[127.35588,35.529786],[127.355879,35.529777],[127.355874,35.529777],[127.355874,35.529754],[127.355879,35.529754],[127.355879,35.529745],[127.35589,35.529745],[127.35589,35.529741],[127.355918,35.529741],[127.355918,35.529745],[127.35594,35.529745],[127.35594,35.52975],[127.35599,35.529754],[127.35599,35.529758],[127.356001,35.529758],[127.356001,35.529763],[127.356028,35.529781],[127.356028,35.529799],[127.356023,35.529799],[127.356017,35.529808],[127.356006,35.529808],[127.356006,35.529813],[127.355995,35.529813],[127.355995,35.529817],[127.355984,35.529817],[127.355984,35.529822],[127.355973,35.529822],[127.355973,35.529826],[127.355962,35.529826],[127.355962,35.529831],[127.355951,35.529831],[127.355951,35.529835],[127.355929,35.529835]]]}},{"type":"Feature","properties":{"pair":"2504-2510","cls":"veg_gain","area_m2":1646.5,"score":0.73},"geometry":{"type":"Polygon","coordinates":[[[127.354432,35.530232],[127.354432,35.530227],[127.354421,35.530227],[127.354421,35.530223],[127.354409,35.530223],[127.354409,35.530218],[127.354398,35.530214],[127.354398,35.530205],[127.354382,35.530196],[127.354382,35.530187],[127.354371,35.530182],[127.354371,35.530173],[127.354365,35.530173],[127.354349,35.530155],[127.354338,35.530155],[127.354326,35.530142],[127.354315,35.530142],[127.354315,35.530137],[127.354304,35.530137],[127.354304,35.530133],[127.354293,35.530133],[127.354293,35.530128],[127.354282,35.530129],[127.354282,35.530124],[127.354249,35.530115],[127.354238,35.530102],[127.354227,35.530102],[127.354177,35.530048],[127.354144,35.530039],[127.354139,35.53003],[127.354127,35.53003],[127.354127,35.530025],[127.354116,35.530025],[127.354111,35.530016],[127.3541,35.530016],[127.3541,35.530012],[127.354089,35.530012],[127.354089,35.530007],[127.354072,35.530007],[127.354072,35.530003],[127.354006,35.530003],[127.354006,35.529999],[127.353995,35.529999],[127.353995,35.529994],[127.353978,35.529985],[127.353978,35.529976],[127.353973,35.529976],[127.353978,35.529949],[127.353984,35.529949],[127.353984,35.52994],[127.353995,35.529936],[127.353995,35.529927],[127.354006,35.529922],[127.354006,35.529913],[127.354017,35.529908],[127.354017,35.529899],[127.354022,35.529899],[127.354022,35.52989],[127.354028,35.52989],[127.354028,35.529881],[127.354033,35.529881],[127.354044,35.529854],[127.35411,35.529814],[127.35411,35.529805],[127.354121,35.5298],[127.354121,35.529791],[127.354132,35.529786],[127.354132,35.529777],[127.354137,35.529777],[127.354154,35.529759],[127.354165,35.529759],[127.354165,35.529755],[127.354176,35.529755],[127.354176,35.52975],[127.354187,35.52975],[127.354187,35.529746],[127.354203,35.529746],[127.354203,35.529741],[127.354214,35.529741],[127.354214,35.529737],[127.354247,35.529728],[127.354253,35.529719],[127.354269,35.529718],[127.354269,35.529714],[127.354286,35.529714],[127.354286,35.529709],[127.354325,35.529714],[127.354347,35.529736],[127.354358,35.529736],[127.354358,35.529741],[127.354369,35.529745],[127.354369,35.529754],[127.354391,35.529768],[127.354391,35.529777],[127.354397,35.529777],[127.354397,35.529786],[127.354402,35.529786],[127.354402,35.529808],[127.354386,35.529813],[127.354353,35.529844],[127.354342,35.529844],[127.354342,35.529849],[127.354331,35.529853],[127.354331,35.529863],[127.35432,35.529867],[127.35432,35.529876],[127.354314,35.529876],[127.354314,35.529885],[127.354309,35.529885],[127.354309,35.529894],[127.354303,35.529894],[127.354303,35.529903],[127.354298,35.529903],[127.354298,35.529912],[127.354292,35.529912],[127.354287,35.529939],[127.354281,35.529939],[127.354276,35.529948],[127.354265,35.529948],[127.354265,35.529953],[127.354243,35.529953],[127.354243,35.529957],[127.354226,35.529962],[127.354221,35.529985],[127.354227,35.529984],[127.354227,35.529993],[127.354232,35.529993],[127.354238,35.530002],[127.354265,35.530007],[127.354265,35.530011],[127.354276,35.530011],[127.354276,35.530016],[127.354293,35.530016],[127.354293,35.53002],[127.354304,35.53002],[127.354304,35.530025],[127.354348,35.530025],[127.354348,35.53002],[127.35437,35.53002],[127.35437,35.530016],[127.354409,35.530011],[127.354409,35.530006],[127.354513,35.529997],[127.354513,35.529993],[127.354535,35.529988],[127.354535,35.529984],[127.354563,35.529965],[127.354563,35.529956],[127.354568,35.529956],[127.354568,35.529947],[127.354579,35.529943],[127.354579,35.529934],[127.354585,35.529934],[127.354596,35.529907],[127.354601,35.529907],[127.354612,35.529893],[127.354623,35.529893],[127.354623,35.529889],[127.354662,35.529889],[127.354662,35.529893],[127.354689,35.529898],[127.354689,35.529902],[127.354706,35.529906],[127.354706,35.529911],[127.354733,35.529929],[127.354734,35.529938],[127.354739,35.529938],[127.354739,35.52996],[127.354734,35.52996],[127.354734,35.529969],[127.354706,35.529988],[127.354706,35.529997],[127.354695,35.530001],[127.354695,35.53001],[127.35469,35.53001],[127.35469,35.530015],[127.354668,35.530028],[127.354668,35.530037],[127.354657,35.530042],[127.354657,35.530051],[127.354651,35.530051],[127.354651,35.53006],[127.35464,35.530064],[127.35464,35.530073],[127.354629,35.530078],[127.354629,35.530087],[127.354624,35.530087],[127.354624,35.530091],[127.354602,35.530105],[127.354602,35.530114],[127.354585,35.530123],[127.354586,35.530132],[127.35458,35.530132],[127.35458,35.530141],[127.354575,35.530141],[127.354575,35.53015],[127.354569,35.53015],[127.354564,35.530182],[127.354553,35.530186],[127.354553,35.530195],[127.354547,35.530195],[127.354536,35.530209],[127.354525,35.530209],[127.35452,35.530218],[127.354498,35.530223],[127.354498,35.530227],[127.354481,35.530227],[127.354481,35.530232],[127.354432,35.530232]]]}},{"type":"Feature","properties":{"pair":"2504-2510","cls":"built_new","area_m2":48.4,"score":0.635},"geometry":{"type":"Polygon","coordinates":[[[127.35111,35.529624],[127.35111,35.529615],[127.351105,35.529615],[127.351105,35.529606],[127.351099,35.529606],[127.351099,35.529566],[127.351104,35.529565],[127.35111,35.529547],[127.351121,35.529547],[127.351121,35.529543],[127.351148,35.529543],[127.351148,35.529547],[127.351159,35.529547],[127.351159,35.529552],[127.351171,35.529556],[127.351171,35.529565],[127.351176,35.529565],[127.351171,35.529597],[127.351165,35.529597],[127.351138,35.529624],[127.35111,35.529624]]]}},{"type":"Feature","properties":{"pair":"2504-2510","cls":"other","area_m2":563.6,"score":0.675},"geometry":{"type":"Polygon","coordinates":[[[127.354622,35.529767],[127.354622,35.529763],[127.354606,35.529763],[127.354606,35.529758],[127.354584,35.529754],[127.354578,35.529745],[127.354567,35.529745],[127.354562,35.529736],[127.354551,35.529736],[127.354551,35.529731],[127.354534,35.529727],[127.354529,35.529718],[127.354518,35.529718],[127.354506,35.529704],[127.354495,35.529704],[127.354495,35.5297],[127.354462,35.529677],[127.354462,35.529668],[127.354457,35.529668],[127.354457,35.529659],[127.354451,35.529659],[127.354451,35.529646],[127.354446,35.529646],[127.354445,35.529632],[127.35444,35.529632],[127.35444,35.529623],[127.354434,35.529623],[127.354434,35.529614],[127.354429,35.529614],[127.354429,35.529601],[127.354423,35.529601],[127.354423,35.529583],[127.354429,35.529583],[127.354434,35.529551],[127.35444,35.529551],[127.354445,35.529533],[127.354456,35.529529],[127.354456,35.52952],[127.354462,35.52952],[127.354461,35.529511],[127.354467,35.529511],[127.354467,35.529497],[127.354472,35.529497],[127.354483,35.529456],[127.3545,35.529452],[127.3545,35.529447],[127.354527,35.529461],[127.354527,35.52947],[127.354533,35.52947],[127.354533,35.529479],[127.354539,35.529479],[127.354544,35.529492],[127.354555,35.529492],[127.354555,35.529497],[127.354566,35.529497],[127.354566,35.529501],[127.354577,35.529501],[127.354577,35.529506],[127.354588,35.529506],[127.354588,35.52951],[127.354599,35.529515],[127.354599,35.529524],[127.35461,35.529528],[127.35461,35.529537],[127.354622,35.529542],[127.354622,35.529551],[127.354633,35.529555],[127.354633,35.529564],[127.354649,35.529573],[127.354649,35.529582],[127.354655,35.529582],[127.354655,35.529591],[127.35466,35.529591],[127.354671,35.529618],[127.354677,35.529618],[127.354683,35.529632],[127.354705,35.529645],[127.354705,35.529654],[127.354727,35.529668],[127.354727,35.529677],[127.354738,35.529681],[127.354738,35.52969],[127.354743,35.52969],[127.354743,35.529699],[127.354749,35.529699],[127.354749,35.529708],[127.354755,35.529708],[127.354749,35.529726],[127.354694,35.529722],[127.354694,35.529726],[127.354683,35.529726],[127.354683,35.529731],[127.354672,35.529735],[127.354661,35.529762],[127.35465,35.529762],[127.35465,35.529767],[127.354622,35.529767]]]}},{"type":"Feature","properties":{"pair":"2504-2510","cls":"veg_gain","area_m2":48.5,"score":0.642},"geometry":{"type":"Polygon","coordinates":[[[127.35208,35.529414],[127.352079,35.529409],[127.352063,35.529405],[127.352063,35.529378],[127.352068,35.529378],[127.352068,35.529369],[127.352074,35.529369],[127.352079,35.529346],[127.352096,35.529342],[127.352096,35.529337],[127.352123,35.529337],[127.352123,35.529342],[127.352134,35.529342],[127.35214,35.529355],[127.352145,35.529355],[127.352146,35.529382],[127.35214,35.529382],[127.35214,35.529391],[127.352135,35.529391],[127.352118,35.529409],[127.35208,35.529414]]]}},{"type":"Feature","properties":{"pair":"2504-2510","cls":"veg_gain","area_m2":49.4,"score":0.618},"geometry":{"type":"Polygon","coordinates":[[[127.355547,35.529363],[127.355547,35.529359],[127.355536,35.529359],[127.355536,35.529354],[127.355497,35.529327],[127.355497,35.529318],[127.355492,35.529318],[127.355492,35.529309],[127.355486,35.529309],[127.355491,35.529287],[127.355508,35.529282],[127.355508,35.529278],[127.355535,35.529278],[127.355535,35.529282],[127.355547,35.529282],[127.355547,35.529287],[127.355558,35.529291],[127.355558,35.5293],[127.355563,35.5293],[127.355574,35.52935],[127.355569,35.52935],[127.355569,35.529359],[127.355547,35.529363]]]}},{"type":"Feature","properties":{"pair":"2504-2510","cls":"veg_gain","area_m2":63.9,"score":0.605},"geometry":{"type":"Polygon","coordinates":[[[127.353656,35.529328],[127.353656,35.529324],[127.353645,35.529324],[127.353639,35.52931],[127.353634,35.52931],[127.353634,35.529292],[127.353628,35.529292],[127.353622,35.52927],[127.353617,35.52927],[127.353617,35.529265],[127.353606,35.529261],[127.353606,35.529252],[127.353589,35.529243],[127.353589,35.529234],[127.353584,35.529234],[127.353584,35.529211],[127.353617,35.529211],[127.353617,35.529216],[127.353644,35.52922],[127.35365,35.529234],[127.353655,35.529234],[127.353656,35.529265],[127.353661,35.529265],[127.353661,35.529274],[127.353678,35.529279],[127.353678,35.529283],[127.353694,35.529292],[127.353694,35.529301],[127.3537,35.529301],[127.353694,35.529324],[127.353689,35.529324],[127.353689,35.529328],[127.353656,35.529328]]]}},{"type":"Feature","properties":{"pair":"2504-2510","cls":"veg_gain","area_m2":139.9,"score":0.656},"geometry":{"type":"Polygon","coordinates":[[[127.348435,35.529343],[127.348435,35.529339],[127.348424,35.529339],[127.348424,35.529334],[127.348413,35.52933],[127.348407,35.529303],[127.348413,35.529303],[127.348413,35.529294],[127.348424,35.529289],[127.348424,35.52928],[127.348435,35.529276],[127.348435,35.529267],[127.34844,35.529267],[127.34844,35.529258],[127.348446,35.529258],[127.348457,35.529231],[127.348468,35.529226],[127.348468,35.529217],[127.348484,35.529213],[127.348484,35.529208],[127.348523,35.529208],[127.348523,35.529212],[127.348545,35.529217],[127.348545,35.529221],[127.348556,35.529226],[127.348556,35.529235],[127.348562,35.529235],[127.348562,35.529266],[127.348556,35.529266],[127.348556,35.529284],[127.348551,35.529284],[127.348545,35.529307],[127.34854,35.529307],[127.348529,35.529321],[127.348518,35.529321],[127.348518,35.529325],[127.348474,35.52933],[127.348474,35.529334],[127.348457,35.529334],[127.348457,35.529339],[127.348435,35.529343]]]}},{"type":"Feature","properties":{"pair":"2504-2510","cls":"veg_gain","area_m2":78.8,"score":0.649},"geometry":{"type":"Polygon","coordinates":[[[127.3486,35.529149],[127.3486,35.529145],[127.348583,35.529136],[127.348583,35.529127],[127.348578,35.529127],[127.348583,35.529109],[127.348589,35.529109],[127.348594,35.5291],[127.348627,35.52909],[127.348627,35.529086],[127.348649,35.529072],[127.348649,35.529063],[127.348655,35.529063],[127.34866,35.529054],[127.348693,35.529054],[127.348693,35.529059],[127.348704,35.529063],[127.348704,35.529072],[127.34871,35.529072],[127.348704,35.529113],[127.348699,35.529113],[127.348682,35.529131],[127.348671,35.529131],[127.348666,35.52914],[127.348655,35.52914],[127.348655,35.529144],[127.3486,35.529149]]]}},{"type":"Feature","properties":{"pair":"2504-2510","cls":"veg_gain","area_m2":1099.2,"score":0.64},"geometry":{"type":"Polygon","coordinates":[[[127.355795,35.529444],[127.355795,35.529439],[127.355784,35.529439],[127.355773,35.529426],[127.355762,35.529426],[127.355762,35.529421],[127.355751,35.529421],[127.355751,35.529417],[127.35574,35.529417],[127.35574,35.529412],[127.355729,35.529408],[127.355723,35.529381],[127.355729,35.529381],[127.355729,35.529367],[127.355734,35.529367],[127.355734,35.529331],[127.355729,35.529331],[127.355723,35.529318],[127.355712,35.529313],[127.355712,35.529304],[127.355706,35.529304],[127.355695,35.529277],[127.355684,35.529273],[127.355684,35.529264],[127.355668,35.529255],[127.355662,35.529228],[127.355668,35.529228],[127.355673,35.529219],[127.355684,35.529219],[127.355684,35.529214],[127.355706,35.529214],[127.355706,35.529219],[127.355717,35.529219],[127.355717,35.529223],[127.355728,35.529223],[127.355728,35.529227],[127.35575,35.529227],[127.35575,35.529223],[127.355767,35.529214],[127.355761,35.529173],[127.355767,35.529173],[127.355772,35.529155],[127.355778,35.529155],[127.355799,35.529133],[127.35581,35.529133],[127.355904,35.529051],[127.355915,35.529051],[127.355915,35.529047],[127.355926,35.529047],[127.355926,35.529042],[127.355937,35.529042],[127.355937,35.529038],[127.355948,35.529038],[127.355948,35.529033],[127.355981,35.529028],[127.355981,35.529024],[127.356031,35.529028],[127.356031,35.529033],[127.356053,35.529046],[127.356064,35.529078],[127.356069,35.529078],[127.356091,35.5291],[127.356103,35.5291],[127.356103,35.529105],[127.356125,35.529118],[127.356125,35.529127],[127.35613,35.529127],[127.35613,35.529136],[127.356136,35.529136],[127.356141,35.529168],[127.356147,35.529168],[127.356147,35.529186],[127.356141,35.529186],[127.356142,35.529195],[127.356136,35.529195],[127.356131,35.529204],[127.35612,35.529204],[127.356109,35.529217],[127.356098,35.529217],[127.356098,35.529222],[127.356076,35.529235],[127.356059,35.529281],[127.356054,35.529281],[127.356048,35.52929],[127.356037,35.52929],[127.356037,35.529294],[127.35601,35.529299],[127.35601,35.529303],[127.355993,35.529312],[127.355988,35.529348],[127.355982,35.529348],[127.355977,35.529362],[127.355971,35.529362],[127.355966,35.529371],[127.355955,35.529371],[127.355949,35.52938],[127.355916,35.529385],[127.355916,35.52938],[127.355905,35.52938],[127.355905,35.529376],[127.355894,35.529371],[127.355894,35.529362],[127.355889,35.529362],[127.355889,35.529353],[127.355883,35.529353],[127.355878,35.529344],[127.355844,35.52934],[127.355844,35.529344],[127.355833,35.529349],[127.355828,35.529367],[127.355834,35.529367],[127.355839,35.52938],[127.35585,35.52938],[127.35585,35.529385],[127.355861,35.529389],[127.355867,35.529416],[127.355861,35.529416],[127.355861,35.529425],[127.355856,35.529425],[127.355845,35.529439],[127.355834,35.529439],[127.355834,35.529443],[127.355795,35.529444]]]}},{"type":"Feature","properties":{"pair":"2504-2510","cls":"veg_gain","area_m2":4495.8,"score":0.741},"geometry":{"type":"Polygon","coordinates":[[[127.355566,35.529944],[127.355566,35.52994],[127.355533,35.529936],[127.355533,35.529931],[127.355522,35.529931],[127.355522,35.529927],[127.355511,35.529927],[127.355511,35.529922],[127.355478,35.529913],[127.355467,35.5299],[127.355456,35.5299],[127.355456,35.529895],[127.355439,35.529891],[127.355439,35.529886],[127.355367,35.529877],[127.355367,35.529873],[127.355345,35.529869],[127.35534,35.52986],[127.355329,35.52986],[127.355329,35.529855],[127.355318,35.529855],[127.355317,35.529851],[127.355306,35.529851],[127.355306,35.529846],[127.355295,35.529846],[127.355295,35.529842],[127.355284,35.529842],[127.355284,35.529837],[127.355273,35.529837],[127.355273,35.529833],[127.35524,35.529828],[127.35524,35.529824],[127.355229,35.529824],[127.355229,35.529819],[127.355213,35.529819],[127.355213,35.529815],[127.355196,35.529815],[127.355196,35.52981],[127.355179,35.52981],[127.355179,35.529806],[127.355163,35.529806],[127.355163,35.529801],[127.35513,35.529802],[127.35513,35.529797],[127.355091,35.529797],[127.355091,35.529793],[127.355058,35.529793],[127.355058,35.529788],[127.354997,35.529784],[127.354997,35.529779],[127.354986,35.529779],[127.354986,35.529775],[127.354959,35.529757],[127.354959,35.529748],[127.354948,35.529744],[127.354948,35.529735],[127.354942,35.529735],[127.354942,35.52973],[127.354926,35.529721],[127.354925,35.529712],[127.354892,35.52969],[127.354892,35.529681],[127.354876,35.529672],[127.354876,35.529663],[127.354859,35.529654],[127.354859,35.529645],[127.354842,35.529636],[127.354842,35.529627],[127.354837,35.529627],[127.354837,35.529622],[127.354815,35.529609],[127.354815,35.5296],[127.354798,35.529591],[127.354798,35.529582],[127.354787,35.529577],[127.354781,35.529559],[127.35477,35.529555],[127.35477,35.529546],[127.354765,35.529546],[127.354765,35.529537],[127.354748,35.529528],[127.354748,35.529519],[127.354726,35.529505],[127.354726,35.529496],[127.354709,35.529487],[127.354709,35.529478],[127.354704,35.529478],[127.354704,35.529474],[127.354687,35.529465],[127.354687,35.529456],[127.354671,35.529447],[127.354671,35.529438],[127.354665,35.529438],[127.35466,35.529424],[127.354649,35.52942],[127.354648,35.529411],[127.354643,35.529411],[127.354632,35.529384],[127.354621,35.529379],[127.354621,35.52937],[127.35461,35.529366],[127.35461,35.529357],[127.354588,35.529344],[127.354588,35.529334],[127.354582,35.529335],[127.354582,35.52933],[127.354571,35.529326],[127.354571,35.529317],[127.35456,35.529312],[127.354549,35.529285],[127.354543,35.529285],[127.354532,35.529272],[127.354521,35.529272],[127.354521,35.529267],[127.354482,35.529267],[127.354482,35.529263],[127.354471,35.529258],[127.354477,35.529245],[127.35451,35.529236],[127.354515,35.529227],[127.354526,35.529227],[127.354537,35.529213],[127.354548,35.529213],[127.354554,35.529204],[127.354565,35.529204],[127.354565,35.529199],[127.354587,35.529186],[127.354587,35.52915],[127.354592,35.52915],[127.354592,35.529136],[127.354598,35.529136],[127.354598,35.529127],[127.354603,35.529127],[127.354609,35.529118],[127.354675,35.529109],[127.354763,35.529028],[127.354785,35.529023],[127.35479,35.529014],[127.354801,35.529014],[127.354801,35.529009],[127.354812,35.529009],[127.354812,35.529005],[127.354823,35.529005],[127.354823,35.529],[127.354834,35.529],[127.354834,35.528996],[127.354867,35.528996],[127.354867,35.529],[127.354878,35.529],[127.354878,35.529005],[127.354889,35.529009],[127.354889,35.529018],[127.354895,35.529018],[127.354906,35.529045],[127.354972,35.529095],[127.354972,35.529104],[127.354983,35.529108],[127.354983,35.529117],[127.354989,35.529117],[127.354995,35.529131],[127.355006,35.529135],[127.355011,35.529153],[127.355017,35.529153],[127.355022,35.529166],[127.355028,35.529166],[127.355028,35.52918],[127.355033,35.52918],[127.355045,35.529207],[127.355116,35.529261],[127.355116,35.52927],[127.355133,35.529279],[127.355133,35.529288],[127.355139,35.529288],[127.355139,35.529297],[127.35515,35.529301],[127.35515,35.52931],[127.355155,35.52931],[127.355155,35.529319],[127.355161,35.529319],[127.355172,35.529346],[127.355183,35.529351],[127.355183,35.52936],[127.3552,35.529369],[127.3552,35.529378],[127.355205,35.529378],[127.355205,35.529382],[127.355238,35.529405],[127.355238,35.529414],[127.355255,35.529423],[127.355255,35.529432],[127.355261,35.529432],[127.355266,35.529445],[127.355277,35.52945],[127.355277,35.529459],[127.355283,35.529459],[127.355283,35.529468],[127.355288,35.529468],[127.355288,35.529477],[127.355294,35.529477],[127.355294,35.529486],[127.355299,35.529486],[127.355299,35.529495],[127.355305,35.529495],[127.355305,35.529504],[127.35531,35.529504],[127.355311,35.529517],[127.355316,35.529517],[127.355322,35.529535],[127.355333,35.52954],[127.355333,35.529549],[127.355338,35.529549],[127.355371,35.52958],[127.355382,35.52958],[127.355394,35.529593],[127.355405,35.529593],[127.355405,35.529598],[127.355443,35.529625],[127.355443,35.529634],[127.355454,35.529638],[127.355466,35.529665],[127.355477,35.52967],[127.355477,35.529679],[127.355488,35.529683],[127.355488,35.529692],[127.355499,35.529697],[127.355499,35.529706],[127.355515,35.529715],[127.355515,35.529724],[127.355532,35.529733],[127.355538,35.529751],[127.355549,35.529755],[127.355549,35.529764],[127.35556,35.529769],[127.35556,35.529778],[127.355571,35.529782],[127.355571,35.529791],[127.355576,35.529791],[127.355582,35.529805],[127.355593,35.529809],[127.355599,35.529827],[127.355659,35.529872],[127.355659,35.529881],[127.355665,35.529881],[127.355665,35.529913],[127.35566,35.529913],[127.35566,35.529922],[127.355654,35.529922],[127.355643,35.529935],[127.355627,35.529935],[127.355627,35.52994],[127.35561,35.52994],[127.35561,35.529944],[127.355566,35.529944]]]}},{"type":"Feature","properties":{"pair":"2504-2510","cls":"veg_gain","area_m2":480.4,"score":0.61},"geometry":{"type":"Polygon","coordinates":[[[127.354003,35.529215],[127.354003,35.52921],[127.353992,35.52921],[127.353992,35.529206],[127.353981,35.529201],[127.35398,35.529192],[127.353975,35.529192],[127.353964,35.529179],[127.353953,35.529179],[127.353953,35.529174],[127.353903,35.529174],[127.353903,35.52917],[127.353892,35.52917],[127.353892,35.529161],[127.353887,35.529161],[127.353892,35.529129],[127.353898,35.529129],[127.353897,35.529107],[127.353903,35.529107],[127.353903,35.529098],[127.353908,35.529098],[127.353908,35.529089],[127.353914,35.529089],[127.353919,35.529057],[127.353914,35.529057],[127.353914,35.529048],[127.353881,35.529026],[127.35388,35.529012],[127.353886,35.529012],[127.353891,35.528999],[127.353897,35.528999],[127.353908,35.528985],[127.353919,35.528985],[127.353919,35.52898],[127.353946,35.528985],[127.353952,35.528994],[127.353963,35.528994],[127.353963,35.528998],[127.35398,35.529003],[127.35398,35.529007],[127.354013,35.529007],[127.354013,35.529003],[127.354029,35.529003],[127.354029,35.528998],[127.354079,35.528998],[127.354079,35.529003],[127.354117,35.529007],[127.354118,35.529011],[127.354129,35.529016],[127.354129,35.529025],[127.354134,35.529025],[127.354134,35.529038],[127.354129,35.529038],[127.354123,35.529061],[127.354118,35.529061],[127.354118,35.52907],[127.354112,35.52907],[127.354118,35.529088],[127.354123,35.529088],[127.354129,35.529097],[127.354212,35.529097],[127.354212,35.529101],[127.354223,35.529101],[127.354223,35.52911],[127.354228,35.52911],[127.354223,35.529124],[127.354217,35.529124],[127.354201,35.529142],[127.35419,35.529142],[127.354184,35.529151],[127.354168,35.529151],[127.354168,35.529155],[127.354135,35.52916],[127.354135,35.529165],[127.354124,35.529165],[127.354124,35.529169],[127.354107,35.529169],[127.354107,35.529174],[127.354074,35.529183],[127.354069,35.529192],[127.354058,35.529192],[127.354058,35.529196],[127.354047,35.529196],[127.354047,35.529201],[127.354036,35.529201],[127.354036,35.529205],[127.354003,35.529215]]]}},{"type":"Feature","properties":{"pair":"2504-2510","cls":"veg_gain","area_m2":83.9,"score":0.596},"geometry":{"type":"Polygon","coordinates":[[[127.355717,35.529088],[127.355717,35.529083],[127.355706,35.529083],[127.355705,35.529074],[127.3557,35.529074],[127.355705,35.529052],[127.355711,35.529052],[127.355711,35.529034],[127.355705,35.529034],[127.355705,35.529025],[127.3557,35.529025],[127.3557,35.529016],[127.355694,35.529016],[127.355694,35.528989],[127.3557,35.528989],[127.355711,35.528975],[127.355733,35.528971],[127.355733,35.528966],[127.355766,35.528966],[127.355771,35.528979],[127.355777,35.528979],[127.355783,35.529052],[127.355777,35.529052],[127.355777,35.529061],[127.355772,35.529061],[127.35575,35.529083],[127.355717,35.529088]]]}},{"type":"Feature","properties":{"pair":"2504-2510","cls":"veg_gain","area_m2":104.6,"score":0.605},"geometry":{"type":"Polygon","coordinates":[[[127.353704,35.528999],[127.353704,35.528995],[127.353687,35.52899],[127.353687,35.528981],[127.353676,35.528977],[127.353676,35.528968],[127.353665,35.528963],[127.353665,35.528954],[127.353649,35.528945],[127.353649,35.528936],[127.353632,35.528927],[127.353632,35.528918],[127.353626,35.528918],[127.353626,35.528909],[127.353621,35.528909],[127.353615,35.528887],[127.353621,35.528887],[127.353621,35.528878],[127.353626,35.528878],[127.353632,35.528869],[127.353643,35.528869],[127.353643,35.528864],[127.353659,35.528864],[127.353659,35.528869],[127.353714,35.528868],[127.353714,35.528864],[127.353736,35.528864],[127.353736,35.528868],[127.353748,35.528868],[127.353748,35.528873],[127.353759,35.528877],[127.353753,35.528891],[127.353731,35.528895],[127.353731,35.5289],[127.353715,35.528909],[127.353715,35.52894],[127.35372,35.52894],[127.35372,35.528958],[127.353726,35.528958],[127.353726,35.528986],[127.35372,35.528986],[127.353721,35.528995],[127.353704,35.528999]]]}},{"type":"Feature","properties":{"pair":"2504-2510","cls":"veg_gain","area_m2":1602.4,"score":0.625},"geometry":{"type":"Polygon","coordinates":[[[127.355447,35.529224],[127.355447,35.529219],[127.355436,35.529219],[127.355436,35.529215],[127.355392,35.529183],[127.355392,35.529174],[127.355386,35.529174],[127.355386,35.529165],[127.355381,35.529165],[127.355381,35.529143],[127.355386,35.529143],[127.355386,35.529134],[127.355392,35.529134],[127.355391,35.529129],[127.35543,35.529102],[127.35543,35.529093],[127.355435,35.529093],[127.355435,35.529071],[127.35543,35.529071],[127.355424,35.529048],[127.355419,35.529048],[127.355413,35.529039],[127.355402,35.529039],[127.355402,35.529035],[127.355386,35.529035],[127.355386,35.52903],[127.355336,35.529035],[127.355336,35.529039],[127.355303,35.529039],[127.355303,35.529035],[127.355292,35.529035],[127.355292,35.52903],[127.355275,35.529022],[127.355275,35.529013],[127.35527,35.529013],[127.35527,35.528976],[127.355264,35.528976],[127.355258,35.528958],[127.355242,35.528954],[127.355236,35.528945],[127.355203,35.528936],[127.355192,35.528923],[127.355181,35.528923],[127.355181,35.528918],[127.355148,35.528896],[127.355148,35.528887],[127.355142,35.528887],[127.355142,35.528878],[127.355137,35.528878],[127.355126,35.528851],[127.35512,35.528851],[127.355115,35.528837],[127.355109,35.528837],[127.355109,35.528824],[127.355115,35.528824],[127.355114,35.528815],[127.355125,35.528815],[127.355125,35.52881],[127.355153,35.52881],[127.355153,35.528806],[127.355164,35.528806],[127.355169,35.528792],[127.355175,35.528792],[127.355175,35.528783],[127.35518,35.528783],[127.355202,35.52876],[127.35523,35.528756],[127.35523,35.528751],[127.355263,35.528742],[127.355263,35.528738],[127.355268,35.528738],[127.355279,35.528724],[127.35529,35.528724],[127.355307,35.528706],[127.355318,35.528706],[127.355323,35.528697],[127.355345,35.528692],[127.355351,35.528683],[127.355362,35.528683],[127.355362,35.528679],[127.355373,35.528679],[127.355373,35.528674],[127.355384,35.528674],[127.355384,35.52867],[127.355417,35.528661],[127.355422,35.528652],[127.355433,35.528652],[127.355433,35.528647],[127.355444,35.528647],[127.355444,35.528642],[127.355555,35.528647],[127.35556,35.528633],[127.355566,35.528633],[127.355577,35.52862],[127.355604,35.528615],[127.355604,35.528619],[127.355615,35.528619],[127.355615,35.528624],[127.355626,35.528628],[127.355626,35.528637],[127.355637,35.528642],[127.355643,35.528664],[127.355649,35.528664],[127.355649,35.528673],[127.355654,35.528673],[127.355654,35.528682],[127.35566,35.528682],[127.355671,35.528709],[127.355676,35.528709],[127.355693,35.528727],[127.355704,35.528727],[127.355715,35.528741],[127.355726,35.528741],[127.355726,35.528745],[127.355737,35.528745],[127.355737,35.52875],[127.355748,35.52875],[127.355748,35.528754],[127.355765,35.528754],[127.355765,35.528759],[127.355776,35.528759],[127.355776,35.528763],[127.355787,35.528763],[127.355787,35.528768],[127.355809,35.528768],[127.355809,35.528772],[127.355836,35.528777],[127.355836,35.528781],[127.355848,35.528785],[127.355853,35.528804],[127.355848,35.528804],[127.355848,35.528813],[127.355842,35.528813],[127.355793,35.528858],[127.355771,35.528858],[127.355771,35.528853],[127.35576,35.528849],[127.35576,35.52884],[127.355754,35.52884],[127.355754,35.528826],[127.355748,35.528826],[127.355737,35.528813],[127.355677,35.528813],[127.355677,35.528809],[127.355644,35.528809],[127.355644,35.528804],[127.355605,35.528804],[127.355605,35.5288],[127.355594,35.5288],[127.355594,35.528795],[127.355583,35.528795],[127.355583,35.528791],[127.355572,35.528791],[127.355572,35.528786],[127.355561,35.528786],[127.355561,35.528782],[127.35555,35.528782],[127.35555,35.528777],[127.355539,35.528777],[127.355539,35.528773],[127.3555,35.528773],[127.3555,35.528778],[127.355478,35.528782],[127.355445,35.528814],[127.355434,35.528814],[127.355434,35.528818],[127.355423,35.528818],[127.355423,35.528823],[127.355368,35.528823],[127.355368,35.528827],[127.355335,35.528828],[127.355335,35.528832],[127.355296,35.528832],[127.355296,35.528837],[127.355285,35.528837],[127.355285,35.528841],[127.355274,35.528846],[127.35528,35.528868],[127.355291,35.528868],[127.355291,35.528873],[127.355346,35.528873],[127.355346,35.528877],[127.355357,35.528877],[127.355357,35.528882],[127.355374,35.528886],[127.355374,35.528895],[127.355379,35.528895],[127.355379,35.528904],[127.355385,35.528904],[127.355385,35.528918],[127.35538,35.528918],[127.355374,35.528931],[127.355363,35.528931],[127.355363,35.528936],[127.355347,35.52894],[127.355347,35.528967],[127.355352,35.528967],[127.355374,35.52899],[127.355396,35.528994],[127.355396,35.528999],[127.355413,35.529008],[127.355419,35.529026],[127.355435,35.52903],[127.355435,35.529035],[127.355474,35.52903],[127.355474,35.529025],[127.355485,35.529025],[127.35549,35.529012],[127.355496,35.529012],[127.355496,35.528994],[127.35549,35.528994],[127.355479,35.52898],[127.355468,35.52898],[127.355468,35.528976],[127.355451,35.528971],[127.355451,35.528953],[127.355501,35.528931],[127.355501,35.528922],[127.355506,35.528922],[127.355506,35.528868],[127.355523,35.528863],[127.355523,35.528859],[127.355539,35.528859],[127.355539,35.528863],[127.35555,35.528863],[127.35555,35.528872],[127.355556,35.528872],[127.355556,35.528895],[127.35555,35.528895],[127.35555,35.528931],[127.355556,35.528931],[127.355551,35.528967],[127.355556,35.528967],[127.355556,35.528976],[127.3556,35.529007],[127.3556,35.529016],[127.355612,35.529021],[127.355612,35.52903],[127.355617,35.52903],[127.355617,35.529052],[127.355623,35.529052],[127.355623,35.52907],[127.355628,35.52907],[127.355628,35.529093],[127.355623,35.529093],[127.355617,35.529111],[127.355606,35.529115],[127.355601,35.529138],[127.355596,35.529138],[127.355596,35.529156],[127.35559,35.529156],[127.35559,35.529165],[127.355585,35.529165],[127.355585,35.529174],[127.355579,35.529174],[127.355574,35.529183],[127.355563,35.529183],[127.355557,35.529192],[127.355541,35.529192],[127.355541,35.529196],[127.35553,35.529197],[127.35553,35.529201],[127.355497,35.52921],[127.355497,35.529215],[127.35548,35.529219],[127.35548,35.529224],[127.355447,35.529224]]]}},{"type":"Feature","properties":{"pair":"2504-2510","cls":"veg_gain","area_m2":178.8,"score":0.658},"geometry":{"type":"Polygon","coordinates":[[[127.356244,35.528649],[127.356244,35.528645],[127.356233,35.528645],[127.356233,35.52864],[127.356222,35.528636],[127.356222,35.528613],[127.356227,35.528613],[127.356238,35.5286],[127.356271,35.528595],[127.356271,35.52859],[127.356403,35.528595],[127.356403,35.52859],[127.35642,35.528581],[127.356425,35.52854],[127.356431,35.52854],[127.356431,35.528531],[127.356436,35.528531],[127.356447,35.528518],[127.356458,35.528518],[127.356458,35.528513],[127.356464,35.528513],[127.356469,35.528504],[127.35648,35.528504],[127.35648,35.5285],[127.356497,35.5285],[127.356497,35.528504],[127.356508,35.528504],[127.356508,35.528509],[127.356519,35.528513],[127.356519,35.528522],[127.356524,35.528522],[127.356525,35.528563],[127.356519,35.528563],[127.356514,35.52859],[127.356508,35.52859],[127.356492,35.528608],[127.356481,35.528608],[127.356481,35.528612],[127.35647,35.528612],[127.35647,35.528617],[127.356387,35.528617],[127.356387,35.528622],[127.356354,35.528626],[127.356354,35.528631],[127.356343,35.528631],[127.356343,35.528635],[127.356332,35.528635],[127.356332,35.52864],[127.356315,35.52864],[127.356316,35.528644],[127.356244,35.528649]]]}},{"type":"Feature","properties":{"pair":"2504-2510","cls":"veg_gain","area_m2":906.5,"score":0.707},"geometry":{"type":"Polygon","coordinates":[[[127.348896,35.528819],[127.348896,35.528815],[127.348885,35.528815],[127.348885,35.52881],[127.348868,35.528801],[127.348852,35.528761],[127.348841,35.528756],[127.348841,35.528747],[127.348835,35.528747],[127.348824,35.528734],[127.348813,35.528734],[127.348813,35.528729],[127.34878,35.528721],[127.34878,35.528716],[127.348774,35.528716],[127.348758,35.528698],[127.348747,35.528698],[127.348747,35.528694],[127.348675,35.528694],[127.348675,35.528689],[127.348664,35.528689],[127.348658,35.528676],[127.348642,35.528667],[127.348642,35.528658],[127.348636,35.528658],[127.348636,35.528653],[127.34862,35.528644],[127.34862,35.528635],[127.348614,35.528635],[127.348614,35.528613],[127.348619,35.528613],[127.348619,35.528604],[127.348625,35.528604],[127.348641,35.528586],[127.348652,35.528586],[127.348652,35.528581],[127.348702,35.528581],[127.348702,35.528577],[127.348713,35.528577],[127.348724,35.528563],[127.348735,35.528563],[127.348741,35.528554],[127.348779,35.528549],[127.348779,35.528545],[127.348829,35.528545],[127.348829,35.52854],[127.34884,35.52854],[127.34884,35.528536],[127.348851,35.528536],[127.348851,35.528531],[127.348862,35.528531],[127.348862,35.528526],[127.348873,35.528526],[127.348873,35.528522],[127.348895,35.528522],[127.348895,35.528517],[127.348939,35.528522],[127.348944,35.528531],[127.348955,35.528531],[127.348961,35.52854],[127.348989,35.528544],[127.348989,35.528549],[127.349049,35.528548],[127.349049,35.528553],[127.349066,35.528553],[127.349066,35.528557],[127.349088,35.528562],[127.349093,35.528571],[127.349104,35.528571],[127.349104,35.528575],[127.349115,35.528575],[127.349115,35.52858],[127.349138,35.52858],[127.349138,35.528584],[127.349165,35.528589],[127.349171,35.528602],[127.349176,35.528602],[127.349176,35.528629],[127.349171,35.528629],[127.349171,35.528643],[127.349165,35.528643],[127.349165,35.528652],[127.349154,35.528656],[127.349154,35.528665],[127.349149,35.528665],[127.349127,35.528688],[127.349116,35.528688],[127.349116,35.528693],[127.349094,35.528688],[127.349094,35.528684],[127.349088,35.528684],[127.349072,35.528666],[127.349061,35.528666],[127.349061,35.528661],[127.349028,35.528661],[127.349028,35.528666],[127.349017,35.528666],[127.349017,35.52867],[127.349,35.528679],[127.349,35.528688],[127.348995,35.528688],[127.348995,35.52872],[127.349,35.52872],[127.349,35.528742],[127.349006,35.528742],[127.349001,35.528774],[127.348995,35.528774],[127.348962,35.528806],[127.348951,35.528806],[127.348951,35.52881],[127.34894,35.52881],[127.34894,35.528815],[127.348924,35.528815],[127.348924,35.528819],[127.348896,35.528819]],[[127.348818,35.52863],[127.348835,35.52863],[127.348835,35.528626],[127.348846,35.528621],[127.348845,35.528599],[127.34884,35.528599],[127.34884,35.528594],[127.348823,35.528594],[127.348823,35.528599],[127.348812,35.528603],[127.348812,35.528626],[127.348818,35.528626],[127.348818,35.52863]]]}},{"type":"Feature","properties":{"pair":"2504-2510","cls":"other","area_m2":97.9,"score":0.63},"geometry":{"type":"Polygon","coordinates":[[[127.351012,35.528615],[127.351012,35.52861],[127.35099,35.528606],[127.35099,35.528601],[127.350973,35.528592],[127.350973,35.528583],[127.350968,35.528583],[127.350968,35.528574],[127.350962,35.528574],[127.350962,35.528556],[127.350968,35.528556],[127.350973,35.528534],[127.350979,35.528534],[127.350995,35.528516],[127.351006,35.528516],[127.351006,35.528511],[127.35105,35.528511],[127.35105,35.528516],[127.351061,35.528516],[127.351061,35.52852],[127.351078,35.528529],[127.351089,35.528574],[127.351084,35.528574],[127.351084,35.528583],[127.351078,35.528583],[127.351062,35.528601],[127.351051,35.528601],[127.351045,35.52861],[127.351012,35.528615]]]}},{"type":"Feature","properties":{"pair":"2504-2510","cls":"veg_gain","area_m2":595.5,"score":0.667},"geometry":{"type":"Polygon","coordinates":[[[127.353918,35.528787],[127.353918,35.528782],[127.353907,35.528782],[127.353907,35.528778],[127.353874,35.528755],[127.353874,35.528746],[127.353868,35.528746],[127.353868,35.528737],[127.353863,35.528737],[127.353862,35.528665],[127.353857,35.528665],[127.353851,35.528643],[127.353846,35.528643],[127.353829,35.528625],[127.353796,35.528629],[127.35373,35.528688],[127.353719,35.528688],[127.353719,35.528693],[127.353708,35.528693],[127.353708,35.528697],[127.353648,35.528693],[127.353647,35.528688],[127.353636,35.528688],[127.353636,35.528684],[127.353625,35.528684],[127.353625,35.528679],[127.353614,35.528679],[127.353614,35.528675],[127.353559,35.528675],[127.353559,35.52868],[127.353499,35.528684],[127.353499,35.528689],[127.353488,35.528689],[127.353477,35.528702],[127.353455,35.528707],[127.353455,35.528702],[127.353444,35.528702],[127.353443,35.52868],[127.353449,35.52868],[127.35346,35.528666],[127.353471,35.528666],[127.353471,35.528662],[127.353493,35.528657],[127.353498,35.528648],[127.353509,35.528648],[127.353515,35.528639],[127.353526,35.528639],[127.353531,35.52863],[127.353542,35.52863],[127.353548,35.528621],[127.353559,35.528621],[127.353564,35.528612],[127.353575,35.528612],[127.353586,35.528598],[127.353597,35.528598],[127.353597,35.528594],[127.353608,35.528594],[127.353614,35.528585],[127.353625,35.528585],[127.353636,35.528571],[127.353647,35.528571],[127.353647,35.528567],[127.353663,35.528558],[127.353663,35.528549],[127.353685,35.528535],[127.353685,35.528526],[127.353691,35.528526],[127.353696,35.528517],[127.353707,35.528517],[127.353707,35.528512],[127.353718,35.528512],[127.353718,35.528508],[127.353746,35.528508],[127.353746,35.528503],[127.353757,35.528503],[127.353757,35.528499],[127.353768,35.528499],[127.353768,35.528494],[127.353779,35.528494],[127.353779,35.52849],[127.35379,35.52849],[127.35379,35.528485],[127.353806,35.528485],[127.353806,35.52849],[127.353818,35.52849],[127.353818,35.528494],[127.353829,35.528499],[127.353834,35.528526],[127.35384,35.528526],[127.35384,35.528535],[127.353845,35.528535],[127.353845,35.528544],[127.353851,35.528544],[127.353862,35.528571],[127.353873,35.528575],[127.353873,35.528584],[127.353879,35.528584],[127.35389,35.528611],[127.353895,35.528611],[127.353901,35.528624],[127.353917,35.528633],[127.353917,35.528642],[127.353934,35.528651],[127.35394,35.528669],[127.353951,35.528674],[127.353962,35.528701],[127.353967,35.528701],[127.353973,35.528714],[127.353978,35.528714],[127.353979,35.52875],[127.353973,35.52875],[127.353973,35.528759],[127.353957,35.528769],[127.353951,35.528782],[127.353918,35.528787]]]}},{"type":"Feature","properties":{"pair":"2504-2510","cls":"veg_gain","area_m2":253.0,"score":0.639},"geometry":{"type":"Polygon","coordinates":[[[127.354397,35.528682],[127.354397,35.528677],[127.354386,35.528677],[127.354386,35.528673],[127.35437,35.528664],[127.35437,35.528655],[127.354364,35.528655],[127.354364,35.528646],[127.354358,35.528646],[127.354347,35.528619],[127.354336,35.528614],[127.354336,35.528605],[127.354292,35.528574],[127.354292,35.528565],[127.354286,35.528565],[127.354286,35.528556],[127.354281,35.528556],[127.354281,35.528547],[127.354275,35.528547],[127.35427,35.52852],[127.354264,35.52852],[127.35427,35.528497],[127.354275,35.528497],[127.354286,35.528484],[127.354297,35.528484],[127.354297,35.528479],[127.354303,35.528479],[127.354314,35.528466],[127.354325,35.528466],[127.354325,35.528461],[127.354358,35.528461],[127.354358,35.528465],[127.354385,35.52847],[127.354396,35.528483],[127.354407,35.528483],[127.354407,35.528488],[127.354418,35.528492],[127.354418,35.528501],[127.354424,35.528501],[127.35443,35.528515],[127.354435,35.528515],[127.354441,35.52856],[127.354446,35.52856],[127.354441,35.528605],[127.354435,35.528605],[127.354436,35.528654],[127.35443,35.528654],[127.35443,35.528668],[127.354425,35.528668],[127.354419,35.528677],[127.354397,35.528682]]]}},{"type":"Feature","properties":{"pair":"2504-2510","cls":"built_new","area_m2":26.4,"score":0.62},"geometry":{"type":"Polygon","coordinates":[[[127.353327,35.528459],[127.353327,35.528455],[127.353316,35.52845],[127.353316,35.528441],[127.353321,35.528441],[127.353343,35.528419],[127.353354,35.528419],[127.353354,35.528414],[127.353371,35.52841],[127.353371,35.528405],[127.353398,35.52841],[127.353398,35.528428],[127.353393,35.528428],[127.353393,35.528437],[127.353387,35.528437],[127.353382,35.528446],[127.353371,35.528446],[127.353371,35.52845],[127.35336,35.52845],[127.35336,35.528455],[127.353343,35.528455],[127.353343,35.528459],[127.353327,35.528459]]]}},{"type":"Feature","properties":{"pair":"2504-2510","cls":"veg_gain","area_m2":28.0,"score":0.609},"geometry":{"type":"Polygon","coordinates":[[[127.348134,35.528466],[127.348128,35.528452],[127.348123,35.528452],[127.348123,35.528443],[127.348117,35.528443],[127.348117,35.528407],[127.348122,35.528407],[127.348128,35.528393],[127.348144,35.528393],[127.348144,35.528398],[127.348155,35.528402],[127.348161,35.52842],[127.348167,35.52842],[127.348167,35.528447],[127.348161,35.528447],[127.348156,35.528465],[127.348134,35.528466]]]}},{"type":"Feature","properties":{"pair":"2504-2510","cls":"veg_gain","area_m2":53.2,"score":0.621},"geometry":{"type":"Polygon","coordinates":[[[127.354704,35.528343],[127.354704,35.528338],[127.354693,35.528338],[127.354693,35.528334],[127.354682,35.528329],[127.354682,35.52832],[127.354677,35.52832],[127.354682,35.528302],[127.354688,35.528302],[127.354699,35.528289],[127.35471,35.528289],[127.354715,35.52828],[127.354726,35.52828],[127.354726,35.528275],[127.35477,35.528275],[127.35477,35.528279],[127.354781,35.528279],[127.354781,35.528306],[127.354776,35.528306],[127.354771,35.528324],[127.354765,35.528325],[127.354754,35.528338],[127.354743,35.528338],[127.354743,35.528343],[127.354704,35.528343]]]}},{"type":"Feature","properties":{"pair":"2504-2510","cls":"veg_gain","area_m2":1562.5,"score":0.737},"geometry":{"type":"Polygon","coordinates":[[[127.354982,35.528689],[127.354982,35.528684],[127.354965,35.528684],[127.354965,35.52868],[127.354899,35.528631],[127.354899,35.528622],[127.354882,35.528613],[127.354882,35.528604],[127.354876,35.528604],[127.354876,35.528595],[127.354871,35.528595],[127.354871,35.528586],[127.354865,35.528586],[127.354865,35.528572],[127.35486,35.528572],[127.35486,35.528541],[127.354854,35.528541],[127.354854,35.528532],[127.354849,35.528532],[127.354849,35.528523],[127.354843,35.528523],[127.354843,35.528514],[127.354837,35.528514],[127.354837,35.528505],[127.354832,35.528505],[127.354837,35.528482],[127.354843,35.528482],[127.354848,35.528473],[127.354859,35.528473],[127.35487,35.528459],[127.354881,35.528459],[127.354903,35.528437],[127.354914,35.528437],[127.354914,35.528432],[127.354925,35.528432],[127.354925,35.528428],[127.354936,35.528428],[127.354936,35.528423],[127.354953,35.528423],[127.354953,35.528419],[127.354975,35.528414],[127.354975,35.52841],[127.354991,35.528405],[127.355019,35.528378],[127.35503,35.528378],[127.355035,35.528369],[127.355057,35.528364],[127.355063,35.528355],[127.355096,35.528346],[127.355101,35.528337],[127.355134,35.528328],[127.35514,35.528319],[127.355151,35.528319],[127.355156,35.52831],[127.355167,35.52831],[127.355173,35.528301],[127.355184,35.528301],[127.355184,35.528296],[127.3552,35.528292],[127.355206,35.528283],[127.355228,35.528278],[127.355228,35.528274],[127.355244,35.528269],[127.35525,35.52826],[127.355261,35.52826],[127.355261,35.528255],[127.355272,35.528255],[127.355272,35.528251],[127.355305,35.528251],[127.355305,35.528255],[127.355316,35.528255],[127.355316,35.52826],[127.355327,35.528264],[127.355327,35.528273],[127.355338,35.528278],[127.355338,35.528287],[127.355349,35.528291],[127.355355,35.528309],[127.355366,35.528314],[127.355371,35.528336],[127.355377,35.528336],[127.355377,35.528345],[127.355383,35.528345],[127.355383,35.528354],[127.355388,35.528354],[127.355388,35.528363],[127.355394,35.528363],[127.355394,35.528377],[127.355399,35.528377],[127.355399,35.528386],[127.35541,35.52839],[127.355416,35.528408],[127.355427,35.528413],[127.355427,35.528422],[127.355432,35.528422],[127.355433,35.528431],[127.355438,35.528431],[127.355438,35.52844],[127.355444,35.52844],[127.355444,35.528453],[127.355449,35.528453],[127.355444,35.52848],[127.355438,35.52848],[127.355394,35.528521],[127.355383,35.528521],[127.355372,35.528535],[127.355361,35.528535],[127.355361,35.528539],[127.355345,35.528544],[127.355339,35.528553],[127.355306,35.528562],[127.355301,35.528571],[127.355268,35.52858],[127.355262,35.528589],[127.35524,35.528594],[127.355235,35.528603],[127.355224,35.528603],[127.355224,35.528607],[127.355213,35.528607],[127.355213,35.528612],[127.355202,35.528612],[127.355202,35.528616],[127.355191,35.528616],[127.355191,35.528621],[127.355158,35.52863],[127.355152,35.528639],[127.355141,35.528639],[127.355141,35.528643],[127.355108,35.528652],[127.355108,35.528657],[127.355092,35.528662],[127.355092,35.528666],[127.355075,35.528666],[127.355075,35.528671],[127.355048,35.528675],[127.355048,35.52868],[127.35502,35.528684],[127.35502,35.528689],[127.354982,35.528689]]]}},{"type":"Feature","properties":{"pair":"2504-2510","cls":"veg_gain","area_m2":33.0,"score":0.606},"geometry":{"type":"Polygon","coordinates":[[[127.354919,35.52827],[127.354919,35.528265],[127.354908,35.528266],[127.354902,35.528252],[127.354897,35.528252],[127.354902,35.528234],[127.354908,35.528234],[127.35493,35.528211],[127.354941,35.528211],[127.354941,35.528207],[127.354963,35.528211],[127.354969,35.528225],[127.354974,35.528225],[127.354969,35.528252],[127.354963,35.528252],[127.354952,35.528265],[127.354941,35.528265],[127.354941,35.52827],[127.354919,35.52827]]]}},{"type":"Feature","properties":{"pair":"2504-2510","cls":"veg_gain","area_m2":26.1,"score":0.628},"geometry":{"type":"Polygon","coordinates":[[[127.34945,35.528236],[127.34945,35.528232],[127.349439,35.528232],[127.349439,35.528205],[127.349445,35.528205],[127.349445,35.528196],[127.34945,35.528196],[127.349456,35.528187],[127.349467,35.528187],[127.349467,35.528182],[127.349494,35.528187],[127.3495,35.5282],[127.349505,35.5282],[127.3495,35.528218],[127.349494,35.528218],[127.349483,35.528232],[127.349472,35.528232],[127.349472,35.528236],[127.34945,35.528236]]]}},{"type":"Feature","properties":{"pair":"2504-2510","cls":"other","area_m2":73.0,"score":0.717},"geometry":{"type":"Polygon","coordinates":[[[127.349302,35.528255],[127.349301,35.52825],[127.34929,35.52825],[127.34929,35.528246],[127.349263,35.528228],[127.349263,35.528219],[127.349257,35.528219],[127.349257,35.52821],[127.349252,35.52821],[127.349252,35.528183],[127.349257,35.528183],[127.349257,35.528174],[127.349263,35.528174],[127.349274,35.52816],[127.349285,35.52816],[127.349285,35.528156],[127.349318,35.52816],[127.349318,35.528165],[127.349334,35.528174],[127.349334,35.528183],[127.34934,35.528183],[127.34934,35.528192],[127.349345,35.528192],[127.349345,35.528201],[127.349351,35.528201],[127.349351,35.528232],[127.349346,35.528232],[127.349346,35.528241],[127.34934,35.528241],[127.349335,35.52825],[127.349324,35.52825],[127.349324,35.528255],[127.349302,35.528255]]]}},{"type":"Feature","properties":{"pair":"2504-2510","cls":"veg_gain","area_m2":39.0,"score":0.638},"geometry":{"type":"Polygon","coordinates":[[[127.353425,35.528189],[127.353425,35.528184],[127.353403,35.528171],[127.353391,35.528139],[127.353397,35.528139],[127.353402,35.528126],[127.353413,35.528126],[127.353413,35.528121],[127.353424,35.528121],[127.353424,35.528117],[127.353447,35.528117],[127.353447,35.528121],[127.353463,35.528126],[127.353463,35.528166],[127.353458,35.528166],[127.353458,35.528175],[127.353452,35.528175],[127.353447,35.528189],[127.353425,35.528189]]]}},{"type":"Feature","properties":{"pair":"2504-2510","cls":"veg_gain","area_m2":337.2,"score":0.66},"geometry":{"type":"Polygon","coordinates":[[[127.354087,35.528313],[127.354087,35.528308],[127.354076,35.528309],[127.35407,35.5283],[127.354059,35.5283],[127.354059,35.528295],[127.354021,35.528268],[127.35402,35.528259],[127.354015,35.528259],[127.354015,35.528237],[127.35402,35.528237],[127.354026,35.528219],[127.354037,35.528214],[127.354042,35.528196],[127.354048,35.528196],[127.354064,35.528178],[127.354075,35.528178],[127.354075,35.528173],[127.354092,35.528164],[127.354114,35.52811],[127.354119,35.52811],[127.354125,35.528101],[127.354136,35.528101],[127.354141,35.528092],[127.354152,35.528092],[127.354152,35.528087],[127.354191,35.528083],[127.354191,35.528087],[127.354202,35.528087],[127.354202,35.528092],[127.354224,35.528105],[127.354224,35.528114],[127.354229,35.528114],[127.354229,35.528128],[127.354235,35.528128],[127.354235,35.528141],[127.35424,35.528141],[127.354241,35.528159],[127.354246,35.528159],[127.354246,35.528177],[127.354252,35.528177],[127.354252,35.5282],[127.354246,35.5282],[127.354241,35.528213],[127.35423,35.528213],[127.354224,35.528222],[127.354213,35.528222],[127.354213,35.528227],[127.354191,35.528241],[127.354186,35.528263],[127.35418,35.528263],[127.35418,35.52829],[127.354175,35.52829],[127.35417,35.528304],[127.354158,35.528304],[127.354159,35.528308],[127.354087,35.528313]]]}},{"type":"Feature","properties":{"pair":"2504-2510","cls":"veg_gain","area_m2":193.4,"score":0.68},"geometry":{"type":"Polygon","coordinates":[[[127.356572,35.528143],[127.356572,35.528139],[127.356561,35.528139],[127.356561,35.528134],[127.356517,35.528135],[127.356517,35.52813],[127.356506,35.52813],[127.356506,35.528126],[127.356495,35.528121],[127.356495,35.528099],[127.356501,35.528099],[127.356501,35.528094],[127.356533,35.528071],[127.356533,35.528062],[127.356539,35.528062],[127.356539,35.528049],[127.356544,35.528049],[127.356544,35.528035],[127.35655,35.528035],[127.35655,35.528008],[127.356555,35.528008],[127.356561,35.527986],[127.356566,35.527986],[127.356577,35.527972],[127.35661,35.527972],[127.35661,35.527977],[127.356621,35.527977],[127.356621,35.527981],[127.356632,35.527986],[127.356632,35.527995],[127.356649,35.528004],[127.356649,35.528013],[127.356655,35.528013],[127.356655,35.528022],[127.35666,35.528021],[127.35666,35.528031],[127.356666,35.52803],[127.356666,35.528049],[127.356671,35.528049],[127.356671,35.528094],[127.356666,35.528094],[127.35666,35.528107],[127.356616,35.528116],[127.356616,35.528121],[127.3566,35.52813],[127.356594,35.528143],[127.356572,35.528143]]]}},{"type":"Feature","properties":{"pair":"2504-2510","cls":"veg_gain","area_m2":77.2,"score":0.65},"geometry":{"type":"Polygon","coordinates":[[[127.349135,35.528071],[127.349135,35.528066],[127.349119,35.528066],[127.349119,35.528062],[127.349097,35.528057],[127.349091,35.528048],[127.34908,35.528048],[127.34908,35.528044],[127.349069,35.528039],[127.349069,35.52803],[127.349052,35.528021],[127.349052,35.527999],[127.349058,35.527999],[127.349058,35.527994],[127.349069,35.527994],[127.349069,35.52799],[127.349113,35.527989],[127.349113,35.527994],[127.349129,35.527994],[127.34913,35.527998],[127.349141,35.527998],[127.349146,35.528007],[127.349168,35.528012],[127.349168,35.528016],[127.349185,35.528025],[127.349185,35.528034],[127.34919,35.528034],[127.349185,35.528061],[127.349168,35.528066],[127.349168,35.52807],[127.349135,35.528071]]]}},{"type":"Feature","properties":{"pair":"2504-2510","cls":"veg_gain","area_m2":3021.4,"score":0.831},"geometry":{"type":"Polygon","coordinates":[[[127.350571,35.528508],[127.350571,35.528504],[127.35056,35.528504],[127.350537,35.528481],[127.350526,35.528481],[127.350521,35.528472],[127.35051,35.528472],[127.350504,35.528463],[127.350493,35.528463],[127.350493,35.528459],[127.350482,35.528459],[127.350482,35.528454],[127.350471,35.528454],[127.350471,35.52845],[127.350443,35.528445],[127.350443,35.528441],[127.350405,35.528414],[127.350405,35.528405],[127.350399,35.528405],[127.350394,35.528396],[127.350383,35.528396],[127.350383,35.528391],[127.350344,35.528364],[127.350344,35.528355],[127.350338,35.528355],[127.350338,35.528315],[127.350344,35.528315],[127.350344,35.528301],[127.350349,35.528301],[127.350355,35.528279],[127.350366,35.528274],[127.350366,35.528265],[127.350371,35.528265],[127.350398,35.528238],[127.35041,35.528238],[127.350409,35.528234],[127.350431,35.52822],[127.350431,35.528211],[127.350442,35.528206],[127.350442,35.528197],[127.350448,35.528197],[127.350448,35.528188],[127.350453,35.528188],[127.350459,35.528152],[127.350453,35.528152],[127.350448,35.528143],[127.350426,35.528143],[127.350398,35.528171],[127.350387,35.528171],[127.350387,35.528175],[127.35036,35.528193],[127.35036,35.528202],[127.350349,35.528207],[127.350349,35.528216],[127.350338,35.52822],[127.350338,35.528229],[127.350332,35.528229],[127.35031,35.528252],[127.350299,35.528252],[127.350294,35.528261],[127.350283,35.528261],[127.350283,35.528266],[127.350255,35.528284],[127.350255,35.528293],[127.35025,35.528293],[127.350244,35.528311],[127.350233,35.528315],[127.350233,35.528324],[127.350228,35.528324],[127.350228,35.528333],[127.350222,35.528333],[127.350223,35.528342],[127.350217,35.528342],[127.350212,35.528356],[127.350201,35.528356],[127.350201,35.52836],[127.35019,35.52836],[127.35019,35.528365],[127.350179,35.528365],[127.350179,35.528369],[127.350146,35.528379],[127.350129,35.528397],[127.350118,35.528397],[127.350118,35.528401],[127.350102,35.528406],[127.350102,35.52841],[127.350079,35.52841],[127.35008,35.528415],[127.350041,35.528415],[127.350041,35.52841],[127.350002,35.528406],[127.350002,35.528402],[127.349969,35.528393],[127.349969,35.528388],[127.349941,35.52837],[127.349941,35.528357],[127.349936,35.528357],[127.349936,35.52833],[127.349941,35.52833],[127.349941,35.528321],[127.350013,35.528266],[127.350013,35.528257],[127.350018,35.528257],[127.350018,35.528253],[127.350057,35.528226],[127.350057,35.528217],[127.350068,35.528212],[127.350068,35.52819],[127.350062,35.52819],[127.350062,35.528185],[127.350034,35.528185],[127.350034,35.52819],[127.350023,35.52819],[127.350018,35.528199],[127.350007,35.528199],[127.350001,35.528208],[127.34999,35.528208],[127.349979,35.528221],[127.349968,35.528221],[127.349963,35.52823],[127.349952,35.52823],[127.349952,35.528235],[127.349941,35.528235],[127.349935,35.528244],[127.349924,35.528244],[127.349924,35.528249],[127.349919,35.528249],[127.34988,35.528285],[127.349869,35.528285],[127.349869,35.528289],[127.349836,35.528289],[127.349836,35.528285],[127.349825,35.528285],[127.349825,35.52828],[127.349809,35.528276],[127.349809,35.528271],[127.349732,35.528276],[127.349732,35.528272],[127.349721,35.528272],[127.349721,35.528267],[127.34971,35.528267],[127.349709,35.528263],[127.349654,35.528254],[127.349649,35.52824],[127.349643,35.52824],[127.349643,35.528231],[127.349649,35.528231],[127.349649,35.528222],[127.349654,35.528222],[127.34966,35.528213],[127.349671,35.528213],[127.349676,35.528204],[127.349687,35.528204],[127.349687,35.5282],[127.34972,35.528177],[127.34972,35.528168],[127.349726,35.528168],[127.349726,35.528159],[127.349731,35.528159],[127.349742,35.528132],[127.349748,35.528132],[127.349764,35.528114],[127.349775,35.528114],[127.349775,35.528109],[127.349786,35.528109],[127.349786,35.528105],[127.349797,35.528105],[127.349797,35.5281],[127.349808,35.5281],[127.349808,35.528096],[127.349819,35.528096],[127.349819,35.528091],[127.34983,35.528091],[127.34983,35.528087],[127.349841,35.528087],[127.349841,35.528082],[127.349907,35.528073],[127.349907,35.528068],[127.349929,35.528055],[127.349929,35.528046],[127.349935,35.528046],[127.349957,35.528023],[127.34999,35.528014],[127.349995,35.528005],[127.350006,35.528005],[127.350006,35.528],[127.350023,35.527996],[127.350028,35.527987],[127.350039,35.527987],[127.350039,35.527982],[127.35005,35.527982],[127.35005,35.527978],[127.350067,35.527978],[127.350067,35.527973],[127.350078,35.527973],[127.350089,35.52796],[127.3501,35.52796],[127.3501,35.527955],[127.350111,35.527955],[127.350111,35.527951],[127.350122,35.527951],[127.350122,35.527946],[127.350138,35.527946],[127.350138,35.527941],[127.350171,35.527941],[127.350171,35.52795],[127.350177,35.52795],[127.350166,35.528],[127.35016,35.528],[127.350149,35.528014],[127.350138,35.528014],[127.350138,35.528018],[127.350116,35.528018],[127.350116,35.528014],[127.3501,35.528014],[127.3501,35.528009],[127.350072,35.528009],[127.350072,35.528014],[127.350056,35.528023],[127.350056,35.528032],[127.35005,35.528032],[127.35005,35.528054],[127.350056,35.528054],[127.350061,35.528063],[127.350144,35.528063],[127.350144,35.528068],[127.350161,35.528068],[127.350161,35.528072],[127.350172,35.528072],[127.350172,35.528077],[127.350216,35.528076],[127.350216,35.528072],[127.350299,35.528067],[127.350298,35.528063],[127.350332,35.528063],[127.350332,35.528058],[127.350398,35.528058],[127.350398,35.528062],[127.35042,35.528062],[127.35042,35.528067],[127.350442,35.528071],[127.350442,35.528076],[127.350464,35.528089],[127.350464,35.528098],[127.350481,35.528103],[127.350481,35.528107],[127.350519,35.528103],[127.350519,35.528098],[127.350541,35.528098],[127.350541,35.528094],[127.350558,35.528093],[127.350558,35.528089],[127.350574,35.528089],[127.350574,35.528084],[127.350591,35.528084],[127.350591,35.52808],[127.350613,35.52808],[127.350613,35.528075],[127.35064,35.528075],[127.35064,35.52808],[127.350651,35.52808],[127.350651,35.528084],[127.350668,35.528089],[127.350674,35.528116],[127.350679,35.528116],[127.350679,35.528125],[127.350696,35.528129],[127.350696,35.528134],[127.350723,35.528129],[127.350729,35.528116],[127.35074,35.528111],[127.35074,35.528102],[127.350745,35.528102],[127.350751,35.528093],[127.350762,35.528093],[127.350762,35.528097],[127.350767,35.528097],[127.350762,35.528151],[127.350767,35.528151],[127.350773,35.528192],[127.350779,35.528192],[127.350774,35.528291],[127.350768,35.528291],[127.350768,35.5283],[127.350763,35.5283],[127.35073,35.528332],[127.350719,35.528332],[127.350719,35.528336],[127.350664,35.528377],[127.350664,35.528386],[127.350658,35.528386],[127.350658,35.528395],[127.350653,35.528395],[127.350653,35.528409],[127.350647,35.528409],[127.350647,35.528431],[127.350642,35.528431],[127.350642,35.528454],[127.350648,35.528454],[127.350648,35.528485],[127.350642,35.528485],[127.350642,35.528494],[127.350637,35.528494],[127.350631,35.528503],[127.35062,35.528503],[127.35062,35.528508],[127.350571,35.528508]]]}},{"type":"Feature","properties":{"pair":"2504-2510","cls":"veg_gain","area_m2":231.4,"score":0.648},"geometry":{"type":"Polygon","coordinates":[[[127.35585,35.528186],[127.355845,35.528177],[127.355834,35.528177],[127.355834,35.528173],[127.355806,35.528155],[127.355806,35.528146],[127.355795,35.528141],[127.355789,35.528123],[127.355773,35.528114],[127.355773,35.528105],[127.355762,35.528101],[127.355762,35.528092],[127.355756,35.528092],[127.355729,35.528065],[127.355718,35.528065],[127.355712,35.528056],[127.355701,35.528056],[127.355701,35.528051],[127.35569,35.528047],[127.35569,35.528038],[127.355684,35.528038],[127.355684,35.528006],[127.355679,35.528006],[127.355679,35.527997],[127.355662,35.527988],[127.355662,35.527979],[127.355657,35.527979],[127.355651,35.527966],[127.355645,35.527966],[127.355645,35.527921],[127.355651,35.527921],[127.355656,35.527907],[127.355684,35.527903],[127.355684,35.527907],[127.355695,35.527907],[127.355695,35.527912],[127.355711,35.527921],[127.355711,35.52793],[127.355717,35.52793],[127.355717,35.527939],[127.355723,35.527939],[127.355734,35.527966],[127.355739,35.527966],[127.355739,35.52797],[127.355772,35.527993],[127.355772,35.528002],[127.355783,35.528006],[127.355784,35.52802],[127.355789,35.52802],[127.355789,35.528033],[127.355795,35.528033],[127.355806,35.52806],[127.355811,35.52806],[127.355833,35.528083],[127.355844,35.528082],[127.355844,35.528087],[127.355861,35.528096],[127.355861,35.528105],[127.355867,35.528105],[127.355867,35.528132],[127.355872,35.528132],[127.355872,35.528177],[127.355867,35.528177],[127.355861,35.528186],[127.35585,35.528186]]]}},{"type":"Feature","properties":{"pair":"2504-2510","cls":"veg_gain","area_m2":313.6,"score":0.635},"geometry":{"type":"Polygon","coordinates":[[[127.35118,35.528038],[127.35118,35.528033],[127.351169,35.528033],[127.351169,35.528029],[127.351158,35.528029],[127.351158,35.528024],[127.351147,35.528024],[127.351147,35.52802],[127.351136,35.52802],[127.351136,35.528015],[127.351098,35.528011],[127.35107,35.527979],[127.351009,35.527966],[127.351004,35.527952],[127.350998,35.527952],[127.351004,35.527925],[127.351009,35.527925],[127.351036,35.527898],[127.351048,35.527898],[127.351047,35.527894],[127.351059,35.527894],[127.351059,35.527889],[127.35107,35.527889],[127.35107,35.527885],[127.351081,35.527885],[127.351081,35.52788],[127.351092,35.52788],[127.351092,35.527876],[127.351103,35.527876],[127.351103,35.527871],[127.351114,35.527871],[127.351114,35.527867],[127.351125,35.527866],[127.351125,35.527862],[127.351169,35.527862],[127.351169,35.527866],[127.351196,35.527871],[127.351196,35.527875],[127.351224,35.527893],[127.351224,35.527902],[127.351229,35.527902],[127.351235,35.527943],[127.351241,35.527943],[127.351246,35.527961],[127.351263,35.52797],[127.351263,35.527979],[127.351268,35.527979],[127.351268,35.527988],[127.351274,35.527988],[127.351274,35.528006],[127.351268,35.528006],[127.351269,35.528015],[127.351263,35.528015],[127.351247,35.528033],[127.351236,35.528033],[127.351236,35.528037],[127.35118,35.528038]]]}},{"type":"Feature","properties":{"pair":"2504-2510","cls":"veg_gain","area_m2":2044.4,"score":0.85},"geometry":{"type":"Polygon","coordinates":[[[127.354632,35.528257],[127.354632,35.528253],[127.354616,35.528253],[127.354605,35.528239],[127.354594,35.528239],[127.354594,35.528235],[127.354555,35.528208],[127.354555,35.528199],[127.354544,35.528194],[127.354544,35.528185],[127.354538,35.528185],[127.354538,35.528176],[127.354533,35.528176],[127.354533,35.528167],[127.354527,35.528167],[127.354527,35.528158],[127.354522,35.528158],[127.354522,35.528149],[127.354516,35.528149],[127.354516,35.52814],[127.354511,35.52814],[127.35451,35.528118],[127.354505,35.528118],[127.354505,35.528095],[127.354499,35.528095],[127.354494,35.528059],[127.354499,35.528059],[127.354499,35.528046],[127.35451,35.528041],[127.35451,35.528032],[127.354516,35.528032],[127.354538,35.52801],[127.354549,35.52801],[127.35456,35.527996],[127.354571,35.527996],[127.354576,35.527987],[127.354587,35.527987],[127.354604,35.527969],[127.354615,35.527969],[127.354626,35.527955],[127.354637,35.527955],[127.354648,35.527942],[127.354659,35.527942],[127.354659,35.527937],[127.354675,35.527933],[127.354681,35.527924],[127.354692,35.527924],[127.354692,35.527919],[127.354703,35.527919],[127.354703,35.527915],[127.354714,35.527915],[127.354714,35.52791],[127.354725,35.52791],[127.354725,35.527906],[127.354736,35.527905],[127.354736,35.527901],[127.354747,35.527901],[127.354747,35.527896],[127.354758,35.527896],[127.354758,35.527892],[127.354774,35.527892],[127.354774,35.527887],[127.354796,35.527883],[127.354802,35.527874],[127.354813,35.527874],[127.354818,35.527865],[127.354829,35.527865],[127.354829,35.52786],[127.35484,35.52786],[127.35484,35.527856],[127.354851,35.527856],[127.354851,35.527851],[127.354868,35.527851],[127.354868,35.527847],[127.354884,35.527846],[127.354884,35.527842],[127.354906,35.527842],[127.354906,35.527837],[127.354917,35.527837],[127.354917,35.527833],[127.35495,35.527824],[127.354956,35.527815],[127.354972,35.527815],[127.354972,35.52781],[127.354989,35.52781],[127.354989,35.527806],[127.355011,35.52781],[127.355011,35.527819],[127.355016,35.527819],[127.355016,35.527842],[127.355022,35.527842],[127.355028,35.527851],[127.355039,35.527851],[127.355039,35.527855],[127.35505,35.527855],[127.35505,35.52785],[127.355061,35.52785],[127.355061,35.527846],[127.355072,35.527846],[127.355072,35.527841],[127.35511,35.527841],[127.35511,35.527846],[127.355121,35.527846],[127.355127,35.527855],[127.355138,35.527855],[127.355138,35.527859],[127.355154,35.527868],[127.355154,35.527877],[127.35516,35.527877],[127.35516,35.527886],[127.355165,35.527886],[127.355166,35.5279],[127.355171,35.5279],[127.355177,35.527958],[127.355182,35.527958],[127.355188,35.527976],[127.35521,35.52799],[127.35521,35.527999],[127.355216,35.527999],[127.355221,35.528012],[127.355227,35.528012],[127.355232,35.528053],[127.355227,35.528053],[127.355227,35.528066],[127.355221,35.528066],[127.35521,35.52808],[127.355199,35.52808],[127.355199,35.528084],[127.355166,35.528084],[127.355166,35.52808],[127.355155,35.52808],[127.355155,35.528076],[127.355144,35.528076],[127.355144,35.528071],[127.355117,35.528071],[127.355117,35.528076],[127.355067,35.528085],[127.355067,35.528089],[127.355045,35.528094],[127.355045,35.528098],[127.355029,35.528107],[127.355029,35.528125],[127.355034,35.528125],[127.35504,35.528134],[127.355051,35.528134],[127.355079,35.528161],[127.35509,35.528161],[127.35509,35.528166],[127.355101,35.528166],[127.355101,35.52817],[127.355117,35.528175],[127.355117,35.528188],[127.355112,35.528188],[127.35509,35.528211],[127.355079,35.528211],[127.355079,35.528215],[127.355051,35.528216],[127.355051,35.528211],[127.355018,35.528202],[127.355018,35.528198],[127.355007,35.528193],[127.355007,35.528184],[127.355001,35.528184],[127.355001,35.528144],[127.354996,35.528144],[127.35499,35.528135],[127.354963,35.528135],[127.354963,35.528139],[127.354935,35.528144],[127.354935,35.528148],[127.354919,35.528153],[127.354913,35.528162],[127.354902,35.528162],[127.354902,35.528166],[127.354891,35.528166],[127.354891,35.528171],[127.35488,35.528171],[127.35488,35.528175],[127.354847,35.528185],[127.354842,35.528198],[127.354836,35.528198],[127.354836,35.528207],[127.354831,35.528207],[127.35482,35.528221],[127.354809,35.528221],[127.354809,35.528225],[127.354759,35.528234],[127.354759,35.528239],[127.354748,35.528239],[127.354748,35.528243],[127.354737,35.528243],[127.354737,35.528248],[127.354699,35.528253],[127.354699,35.528257],[127.354632,35.528257]]]}},{"type":"Feature","properties":{"pair":"2504-2510","cls":"veg_gain","area_m2":135.4,"score":0.697},"geometry":{"type":"Polygon","coordinates":[[[127.348479,35.527973],[127.348479,35.527969],[127.348457,35.527964],[127.348457,35.52796],[127.34844,35.527951],[127.348435,35.527928],[127.348429,35.527928],[127.348429,35.527906],[127.348434,35.527906],[127.348434,35.527892],[127.34844,35.527892],[127.348445,35.527874],[127.348456,35.52787],[127.348456,35.527861],[127.348462,35.527861],[127.348473,35.527834],[127.348478,35.527834],[127.348489,35.52782],[127.348506,35.52782],[127.348506,35.527825],[127.348517,35.527829],[127.348528,35.527856],[127.348539,35.52786],[127.348545,35.527878],[127.34855,35.527878],[127.348556,35.527928],[127.34855,35.527928],[127.348539,35.527955],[127.348534,35.527955],[127.348523,35.527969],[127.348512,35.527969],[127.348512,35.527973],[127.348479,35.527973]]]}},{"type":"Feature","properties":{"pair":"2504-2510","cls":"veg_gain","area_m2":227.5,"score":0.733},"geometry":{"type":"Polygon","coordinates":[[[127.352575,35.52797],[127.352575,35.527966],[127.352553,35.527966],[127.352553,35.527961],[127.352503,35.527962],[127.352503,35.527957],[127.352492,35.527957],[127.352492,35.527953],[127.352481,35.527948],[127.352481,35.527939],[127.352476,35.527939],[127.352475,35.527894],[127.352481,35.527894],[127.352481,35.527881],[127.352486,35.527881],[127.352492,35.527849],[127.352497,35.527849],[127.352497,35.52784],[127.352508,35.527835],[127.352508,35.527826],[127.35253,35.527813],[127.35253,35.527804],[127.352536,35.527804],[127.352541,35.527795],[127.352552,35.527795],[127.352552,35.52779],[127.35258,35.527795],[127.352596,35.527813],[127.352607,35.527813],[127.352618,35.527826],[127.352629,35.527826],[127.352629,35.527831],[127.35264,35.527835],[127.35264,35.527844],[127.352652,35.527849],[127.352657,35.527867],[127.352663,35.527867],[127.352657,35.527885],[127.352641,35.527889],[127.352641,35.527894],[127.35263,35.527894],[127.352624,35.527907],[127.352619,35.527907],[127.352619,35.527921],[127.352613,35.527921],[127.352613,35.527961],[127.352608,35.527961],[127.352608,35.52797],[127.352575,35.52797]]]}},{"type":"Feature","properties":{"pair":"2504-2510","cls":"veg_gain","area_m2":35.8,"score":0.599},"geometry":{"type":"Polygon","coordinates":[[[127.350705,35.5278],[127.350705,35.527796],[127.350694,35.527796],[127.350694,35.527773],[127.350705,35.527769],[127.350705,35.52776],[127.350711,35.52776],[127.350727,35.527741],[127.350782,35.527737],[127.350782,35.527746],[127.350788,35.527746],[127.350782,35.527759],[127.350777,35.527759],[127.350744,35.527791],[127.350733,35.527791],[127.350733,35.527796],[127.350722,35.527796],[127.350722,35.5278],[127.350705,35.5278]]]}},{"type":"Feature","properties":{"pair":"2504-2510","cls":"veg_gain","area_m2":66.9,"score":0.631},"geometry":{"type":"Polygon","coordinates":[[[127.352039,35.527801],[127.352039,35.527796],[127.352028,35.527796],[127.352028,35.527792],[127.352006,35.527778],[127.352006,35.527769],[127.352001,35.527769],[127.352001,35.527742],[127.352006,35.527742],[127.352006,35.527733],[127.352017,35.527733],[127.352017,35.527729],[127.352028,35.527729],[127.352028,35.527724],[127.352067,35.527729],[127.352067,35.527733],[127.352089,35.527737],[127.352089,35.527742],[127.352111,35.527755],[127.352111,35.527764],[127.352116,35.527764],[127.352116,35.527778],[127.352111,35.527778],[127.352111,35.527787],[127.352105,35.527787],[127.3521,35.527796],[127.352089,35.527796],[127.352089,35.527801],[127.352039,35.527801]]]}},{"type":"Feature","properties":{"pair":"2504-2510","cls":"veg_gain","area_m2":192.2,"score":0.649},"geometry":{"type":"Polygon","coordinates":[[[127.351676,35.527951],[127.351676,35.527946],[127.35166,35.527942],[127.35166,35.527919],[127.351665,35.527919],[127.351665,35.52791],[127.351671,35.52791],[127.35167,35.527901],[127.351676,35.527901],[127.351676,35.527892],[127.351681,35.527892],[127.351681,35.527883],[127.351687,35.527883],[127.351698,35.527838],[127.351703,35.527838],[127.351714,35.527824],[127.351725,35.527824],[127.351731,35.527815],[127.351742,35.527815],[127.351747,35.527802],[127.351753,35.527802],[127.351753,35.527793],[127.351758,35.527793],[127.351758,35.527752],[127.351764,35.527752],[127.351763,35.527734],[127.351769,35.527734],[127.351774,35.527716],[127.35178,35.527716],[127.351785,35.527707],[127.351818,35.527698],[127.351818,35.527693],[127.351851,35.527693],[127.351852,35.527698],[127.351863,35.527698],[127.351868,35.527711],[127.351874,35.527711],[127.351874,35.527734],[127.351868,35.527734],[127.351868,35.527743],[127.351863,35.527743],[127.351857,35.527752],[127.351846,35.527752],[127.351846,35.527756],[127.351835,35.527756],[127.35183,35.527765],[127.351819,35.527765],[127.351813,35.527779],[127.351802,35.527783],[127.351802,35.527792],[127.351797,35.527792],[127.351797,35.527842],[127.351791,35.527842],[127.351792,35.527851],[127.351781,35.527856],[127.351781,35.527865],[127.35177,35.527869],[127.351759,35.527896],[127.351748,35.527901],[127.351748,35.52791],[127.351737,35.527914],[127.351737,35.527923],[127.351731,35.527923],[127.351709,35.527946],[127.351676,35.527951]]]}},{"type":"Feature","properties":{"pair":"2504-2510","cls":"veg_gain","area_m2":783.1,"score":0.833},"geometry":{"type":"Polygon","coordinates":[[[127.348209,35.528087],[127.348209,35.528082],[127.348182,35.528078],[127.348182,35.528073],[127.34816,35.528069],[127.348154,35.52806],[127.348143,35.52806],[127.348143,35.528055],[127.348126,35.528046],[127.348121,35.528028],[127.348115,35.528028],[127.348115,35.527916],[127.348109,35.527916],[127.348109,35.527871],[127.348104,35.527871],[127.348103,35.527772],[127.3481,35.527772],[127.3481,35.527749],[127.348103,35.527749],[127.348108,35.527722],[127.348114,35.527722],[127.348125,35.527708],[127.348136,35.527708],[127.348136,35.527704],[127.348186,35.527704],[127.348186,35.527708],[127.348208,35.527708],[127.348208,35.527713],[127.34823,35.527713],[127.34823,35.527717],[127.348257,35.527717],[127.348257,35.527722],[127.348296,35.527726],[127.348296,35.52773],[127.348318,35.527735],[127.348318,35.527739],[127.348346,35.527757],[127.348346,35.527766],[127.348351,35.527766],[127.348351,35.527775],[127.348357,35.527775],[127.348357,35.527811],[127.348351,35.527811],[127.348351,35.527834],[127.348346,35.527834],[127.348346,35.527852],[127.348341,35.527852],[127.348341,35.52787],[127.348335,35.52787],[127.34833,35.527929],[127.348324,35.527929],[127.348324,35.527951],[127.348319,35.527951],[127.348319,35.527974],[127.348314,35.527974],[127.348314,35.527996],[127.348308,35.527996],[127.348308,35.528019],[127.348303,35.528019],[127.348297,35.528046],[127.348292,35.528046],[127.348292,35.528055],[127.348281,35.52806],[127.348281,35.528069],[127.348275,35.528069],[127.348264,35.528082],[127.348253,35.528082],[127.348253,35.528087],[127.348209,35.528087]]]}},{"type":"Feature","properties":{"pair":"2504-2510","cls":"veg_gain","area_m2":143.2,"score":0.67},"geometry":{"type":"Polygon","coordinates":[[[127.351615,35.527779],[127.351615,35.527775],[127.351604,35.527775],[127.351604,35.52777],[127.351593,35.52777],[127.351593,35.527766],[127.351582,35.527766],[127.351582,35.527762],[127.351554,35.527757],[127.351554,35.527753],[127.351537,35.527748],[127.351521,35.52773],[127.35151,35.52773],[127.35151,35.527726],[127.351488,35.527712],[127.351488,35.52769],[127.351493,35.52769],[127.351499,35.527681],[127.35151,35.527681],[127.35151,35.527676],[127.351581,35.527676],[127.351581,35.52768],[127.351642,35.527685],[127.351642,35.527689],[127.351675,35.527694],[127.351675,35.527698],[127.351686,35.527703],[127.351686,35.52773],[127.351681,35.52773],[127.35167,35.527757],[127.351664,35.527757],[127.351648,35.527775],[127.351615,35.527779]]]}},{"type":"Feature","properties":{"pair":"2504-2510","cls":"veg_gain","area_m2":422.2,"score":0.667},"geometry":{"type":"Polygon","coordinates":[[[127.350265,35.527937],[127.350265,35.527932],[127.350254,35.527932],[127.350237,35.527914],[127.350193,35.527905],[127.350198,35.527856],[127.350204,35.527856],[127.350204,35.527842],[127.350259,35.527801],[127.350259,35.527792],[127.350275,35.527783],[127.350275,35.527774],[127.350281,35.527774],[127.35033,35.527729],[127.350363,35.527724],[127.350363,35.52772],[127.350385,35.52772],[127.350385,35.527715],[127.350402,35.527715],[127.350402,35.527711],[127.35044,35.527706],[127.35044,35.527702],[127.350451,35.527702],[127.350457,35.527693],[127.350468,35.527693],[127.350479,35.527679],[127.35049,35.527679],[127.350495,35.52767],[127.350506,35.52767],[127.350506,35.527665],[127.350517,35.527665],[127.350517,35.527661],[127.350556,35.527661],[127.350567,35.527674],[127.350595,35.527679],[127.350595,35.527683],[127.350606,35.527688],[127.350611,35.527706],[127.350606,35.527706],[127.3506,35.527719],[127.350573,35.527724],[127.350573,35.527728],[127.350551,35.527728],[127.350551,35.527733],[127.350529,35.527738],[127.350529,35.527742],[127.350512,35.527747],[127.350512,35.527751],[127.350446,35.527756],[127.350446,35.52776],[127.350424,35.527774],[127.350424,35.527783],[127.350419,35.527783],[127.350419,35.527792],[127.350413,35.527792],[127.350413,35.527805],[127.350408,35.527805],[127.350408,35.527814],[127.350402,35.527815],[127.350402,35.527824],[127.350397,35.527824],[127.350397,35.527833],[127.350391,35.527833],[127.350391,35.527842],[127.350386,35.527842],[127.350375,35.527869],[127.350364,35.527873],[127.350364,35.527882],[127.350358,35.527882],[127.350309,35.527927],[127.350281,35.527932],[127.350281,35.527937],[127.350265,35.527937]]]}},{"type":"Feature","properties":{"pair":"2504-2510","cls":"veg_gain","area_m2":260.8,"score":0.65},"geometry":{"type":"Polygon","coordinates":[[[127.355232,35.527859],[127.355232,35.527854],[127.355209,35.52785],[127.355209,35.527841],[127.355204,35.527841],[127.355204,35.527828],[127.355209,35.527827],[127.355209,35.527818],[127.355215,35.527818],[127.355215,35.527809],[127.35522,35.527809],[127.35522,35.5278],[127.355226,35.5278],[127.355226,35.52776],[127.35522,35.52776],[127.35522,35.527751],[127.355203,35.527746],[127.355198,35.527737],[127.355187,35.527737],[127.355181,35.527728],[127.35517,35.527728],[127.355165,35.527719],[127.355143,35.527715],[127.355143,35.527711],[127.355099,35.527711],[127.355099,35.527706],[127.355088,35.527706],[127.355082,35.527693],[127.355076,35.527693],[127.355076,35.527684],[127.355071,35.527684],[127.355065,35.527643],[127.355071,35.527643],[127.355071,35.527634],[127.355076,35.527634],[127.355082,35.527625],[127.355093,35.527625],[127.355093,35.527621],[127.355126,35.52762],[127.355126,35.527625],[127.355137,35.527625],[127.355137,35.527629],[127.355148,35.527629],[127.355148,35.527634],[127.355159,35.527634],[127.355159,35.527638],[127.35517,35.527638],[127.35517,35.527643],[127.355181,35.527643],[127.355181,35.527647],[127.355214,35.527656],[127.35522,35.527665],[127.355231,35.527665],[127.355231,35.52767],[127.355242,35.527674],[127.355247,35.527692],[127.355253,35.527692],[127.355247,35.527724],[127.355242,35.527724],[127.355242,35.527742],[127.355248,35.527742],[127.355259,35.527755],[127.355308,35.527764],[127.355308,35.527769],[127.355336,35.527773],[127.355336,35.527778],[127.355347,35.527778],[127.355347,35.527782],[127.355358,35.527786],[127.355358,35.5278],[127.355353,35.5278],[127.355298,35.52785],[127.355265,35.527854],[127.355265,35.527859],[127.355232,35.527859]]]}}]}