{"type":"FeatureCollection","note":"20m 격자 변화 요약","features":[{"type":"Feature","properties":{"pair":"2504-2506","count":1,"area_m2":74.5,"dominant":"veg_gain"},"geometry":{"type":"Polygon","coordinates":[[[127.3481,35.534545],[127.34832,35.534544],[127.348319,35.534364],[127.3481,35.534365],[127.3481,35.534545]]]}},{"type":"Feature","properties":{"pair":"2504-2506","count":1,"area_m2":183.9,"dominant":"veg_gain"},"geometry":{"type":"Polygon","coordinates":[[[127.3481,35.532021],[127.348309,35.532021],[127.348308,35.53184],[127.3481,35.531841],[127.3481,35.532021]]]}},{"type":"Feature","properties":{"pair":"2504-2506","count":1,"area_m2":104.9,"dominant":"veg_loss"},"geometry":{"type":"Polygon","coordinates":[[[127.3481,35.53148],[127.348307,35.53148],[127.348306,35.5313],[127.3481,35.5313],[127.3481,35.53148]]]}},{"type":"Feature","properties":{"pair":"2504-2506","count":1,"area_m2":167.2,"dominant":"veg_gain"},"geometry":{"type":"Polygon","coordinates":[[[127.3481,35.530759],[127.348303,35.530759],[127.348303,35.530579],[127.3481,35.530579],[127.3481,35.530759]]]}},{"type":"Feature","properties":{"pair":"2504-2506","count":1,"area_m2":116.8,"dominant":"built_new"},"geometry":{"type":"Polygon","coordinates":[[[127.348321,35.5347],[127.348541,35.5347],[127.34854,35.534544],[127.34832,35.534544],[127.348321,35.5347]]]}},{"type":"Feature","properties":{"pair":"2504-2506","count":1,"area_m2":37.8,"dominant":"veg_gain"},"geometry":{"type":"Polygon","coordinates":[[[127.348307,35.53148],[127.348527,35.531479],[127.348526,35.531299],[127.348306,35.5313],[127.348307,35.53148]]]}},{"type":"Feature","properties":{"pair":"2504-2506","count":1,"area_m2":563.5,"dominant":"veg_loss"},"geometry":{"type":"Polygon","coordinates":[[[127.34854,35.534363],[127.34876,35.534363],[127.348759,35.534182],[127.348539,35.534183],[127.34854,35.534363]]]}},{"type":"Feature","properties":{"pair":"2504-2506","count":1,"area_m2":1064.6,"dominant":"built_new"},"geometry":{"type":"Polygon","coordinates":[[[127.348519,35.529496],[127.348739,35.529496],[127.348738,35.529315],[127.348518,35.529316],[127.348519,35.529496]]]}},{"type":"Feature","properties":{"pair":"2504-2506","count":1,"area_m2":42.9,"dominant":"veg_gain"},"geometry":{"type":"Polygon","coordinates":[[[127.348518,35.529316],[127.348738,35.529315],[127.348738,35.529135],[127.348517,35.529136],[127.348518,35.529316]]]}},{"type":"Feature","properties":{"pair":"2504-2506","count":1,"area_m2":119.2,"dominant":"veg_gain"},"geometry":{"type":"Polygon","coordinates":[[[127.348738,35.529135],[127.348958,35.529135],[127.348957,35.528954],[127.348737,35.528955],[127.348738,35.529135]]]}},{"type":"Feature","properties":{"pair":"2504-2506","count":1,"area_m2":263.2,"dominant":"veg_gain"},"geometry":{"type":"Polygon","coordinates":[[[127.348734,35.528234],[127.348954,35.528233],[127.348953,35.528053],[127.348733,35.528054],[127.348734,35.528234]]]}},{"type":"Feature","properties":{"pair":"2504-2506","count":1,"area_m2":164.9,"dominant":"veg_gain"},"geometry":{"type":"Polygon","coordinates":[[[127.34896,35.529495],[127.34918,35.529494],[127.349179,35.529314],[127.348959,35.529315],[127.34896,35.529495]]]}},{"type":"Feature","properties":{"pair":"2504-2506","count":1,"area_m2":420.8,"dominant":"veg_gain"},"geometry":{"type":"Polygon","coordinates":[[[127.348956,35.528774],[127.349177,35.528773],[127.349176,35.528593],[127.348956,35.528594],[127.348956,35.528774]]]}},{"type":"Feature","properties":{"pair":"2504-2506","count":1,"area_m2":141.0,"dominant":"veg_gain"},"geometry":{"type":"Polygon","coordinates":[[[127.349189,35.531477],[127.349409,35.531477],[127.349408,35.531296],[127.349188,35.531297],[127.349189,35.531477]]]}},{"type":"Feature","properties":{"pair":"2504-2506","count":1,"area_m2":3194.8,"dominant":"veg_loss"},"geometry":{"type":"Polygon","coordinates":[[[127.349419,35.53364],[127.349639,35.533639],[127.349638,35.533459],[127.349418,35.53346],[127.349419,35.53364]]]}},{"type":"Feature","properties":{"pair":"2504-2506","count":1,"area_m2":172.4,"dominant":"veg_gain"},"geometry":{"type":"Polygon","coordinates":[[[127.349415,35.532919],[127.349636,35.532918],[127.349635,35.532738],[127.349415,35.532738],[127.349415,35.532919]]]}},{"type":"Feature","properties":{"pair":"2504-2506","count":1,"area_m2":634.2,"dominant":"veg_gain"},"geometry":{"type":"Polygon","coordinates":[[[127.349641,35.53418],[127.349862,35.534179],[127.349861,35.533999],[127.349641,35.534],[127.349641,35.53418]]]}},{"type":"Feature","properties":{"pair":"2504-2506","count":1,"area_m2":82.2,"dominant":"veg_gain"},"geometry":{"type":"Polygon","coordinates":[[[127.349641,35.534],[127.349861,35.533999],[127.34986,35.533819],[127.34964,35.533819],[127.349641,35.534]]]}},{"type":"Feature","properties":{"pair":"2504-2506","count":1,"area_m2":68.8,"dominant":"veg_gain"},"geometry":{"type":"Polygon","coordinates":[[[127.349629,35.531296],[127.349849,35.531295],[127.349849,35.531115],[127.349628,35.531116],[127.349629,35.531296]]]}},{"type":"Feature","properties":{"pair":"2504-2506","count":1,"area_m2":54.5,"dominant":"veg_gain"},"geometry":{"type":"Polygon","coordinates":[[[127.349628,35.531116],[127.349849,35.531115],[127.349848,35.530935],[127.349627,35.530935],[127.349628,35.531116]]]}},{"type":"Feature","properties":{"pair":"2504-2506","count":1,"area_m2":619.8,"dominant":"veg_loss"},"geometry":{"type":"Polygon","coordinates":[[[127.349624,35.530214],[127.349845,35.530214],[127.349844,35.530033],[127.349623,35.530034],[127.349624,35.530214]]]}},{"type":"Feature","properties":{"pair":"2504-2506","count":1,"area_m2":872.6,"dominant":"built_new"},"geometry":{"type":"Polygon","coordinates":[[[127.349622,35.529673],[127.349842,35.529673],[127.349842,35.529493],[127.349621,35.529493],[127.349622,35.529673]]]}},{"type":"Feature","properties":{"pair":"2504-2506","count":1,"area_m2":764.9,"dominant":"veg_loss"},"geometry":{"type":"Polygon","coordinates":[[[127.349863,35.53436],[127.350083,35.534359],[127.350082,35.534179],[127.349862,35.534179],[127.349863,35.53436]]]}},{"type":"Feature","properties":{"pair":"2504-2506","count":1,"area_m2":3531.1,"dominant":"veg_loss"},"geometry":{"type":"Polygon","coordinates":[[[127.349841,35.529312],[127.350061,35.529312],[127.350061,35.529131],[127.34984,35.529132],[127.349841,35.529312]]]}},{"type":"Feature","properties":{"pair":"2504-2506","count":1,"area_m2":87.9,"dominant":"veg_gain"},"geometry":{"type":"Polygon","coordinates":[[[127.350082,35.533998],[127.350302,35.533998],[127.350301,35.533817],[127.350081,35.533818],[127.350082,35.533998]]]}},{"type":"Feature","properties":{"pair":"2504-2506","count":1,"area_m2":38.0,"dominant":"veg_gain"},"geometry":{"type":"Polygon","coordinates":[[[127.350065,35.530213],[127.350286,35.530212],[127.350285,35.530032],[127.350064,35.530033],[127.350065,35.530213]]]}},{"type":"Feature","properties":{"pair":"2504-2506","count":1,"area_m2":27.1,"dominant":"veg_gain"},"geometry":{"type":"Polygon","coordinates":[[[127.350056,35.52805],[127.350276,35.528049],[127.350276,35.527869],[127.350055,35.52787],[127.350056,35.52805]]]}},{"type":"Feature","properties":{"pair":"2504-2506","count":1,"area_m2":252.9,"dominant":"veg_gain"},"geometry":{"type":"Polygon","coordinates":[[[127.350289,35.530933],[127.350509,35.530933],[127.350509,35.530752],[127.350288,35.530753],[127.350289,35.530933]]]}},{"type":"Feature","properties":{"pair":"2504-2506","count":1,"area_m2":45.8,"dominant":"veg_gain"},"geometry":{"type":"Polygon","coordinates":[[[127.350286,35.530212],[127.350506,35.530212],[127.350506,35.530031],[127.350285,35.530032],[127.350286,35.530212]]]}},{"type":"Feature","properties":{"pair":"2504-2506","count":1,"area_m2":64.2,"dominant":"veg_gain"},"geometry":{"type":"Polygon","coordinates":[[[127.350283,35.529672],[127.350504,35.529671],[127.350503,35.529491],[127.350283,35.529491],[127.350283,35.529672]]]}},{"type":"Feature","properties":{"pair":"2504-2506","count":1,"area_m2":58.6,"dominant":"built_new"},"geometry":{"type":"Polygon","coordinates":[[[127.350506,35.530212],[127.350727,35.530211],[127.350726,35.530031],[127.350506,35.530031],[127.350506,35.530212]]]}},{"type":"Feature","properties":{"pair":"2504-2506","count":1,"area_m2":92.1,"dominant":"veg_gain"},"geometry":{"type":"Polygon","coordinates":[[[127.350497,35.528049],[127.350717,35.528048],[127.350717,35.527868],[127.350496,35.527868],[127.350497,35.528049]]]}},{"type":"Feature","properties":{"pair":"2504-2506","count":1,"area_m2":31.1,"dominant":"veg_loss"},"geometry":{"type":"Polygon","coordinates":[[[127.350745,35.534357],[127.350965,35.534356],[127.350965,35.534176],[127.350744,35.534177],[127.350745,35.534357]]]}},{"type":"Feature","properties":{"pair":"2504-2506","count":1,"area_m2":201.6,"dominant":"veg_gain"},"geometry":{"type":"Polygon","coordinates":[[[127.350717,35.527868],[127.350937,35.527867],[127.350936,35.527687],[127.350716,35.527687],[127.350717,35.527868]]]}},{"type":"Feature","properties":{"pair":"2504-2506","count":1,"area_m2":34.0,"dominant":"veg_gain"},"geometry":{"type":"Polygon","coordinates":[[[127.350967,35.5347],[127.351187,35.5347],[127.351187,35.534536],[127.350966,35.534537],[127.350967,35.5347]]]}},{"type":"Feature","properties":{"pair":"2504-2506","count":1,"area_m2":1642.8,"dominant":"veg_gain"},"geometry":{"type":"Polygon","coordinates":[[[127.350964,35.533996],[127.351184,35.533995],[127.351184,35.533815],[127.350963,35.533816],[127.350964,35.533996]]]}},{"type":"Feature","properties":{"pair":"2504-2506","count":1,"area_m2":42.4,"dominant":"veg_gain"},"geometry":{"type":"Polygon","coordinates":[[[127.350962,35.533635],[127.351183,35.533635],[127.351182,35.533454],[127.350961,35.533455],[127.350962,35.533635]]]}},{"type":"Feature","properties":{"pair":"2504-2506","count":1,"area_m2":176.0,"dominant":"built_new"},"geometry":{"type":"Polygon","coordinates":[[[127.350946,35.52985],[127.351166,35.529849],[127.351165,35.529669],[127.350945,35.52967],[127.350946,35.52985]]]}},{"type":"Feature","properties":{"pair":"2504-2506","count":1,"area_m2":6534.2,"dominant":"veg_loss"},"geometry":{"type":"Polygon","coordinates":[[[127.351187,35.534536],[127.351407,35.534535],[127.351406,35.534355],[127.351186,35.534356],[127.351187,35.534536]]]}},{"type":"Feature","properties":{"pair":"2504-2506","count":1,"area_m2":1223.1,"dominant":"built_new"},"geometry":{"type":"Polygon","coordinates":[[[127.351182,35.533454],[127.351403,35.533454],[127.351402,35.533273],[127.351181,35.533274],[127.351182,35.533454]]]}},{"type":"Feature","properties":{"pair":"2504-2506","count":1,"area_m2":50.2,"dominant":"veg_gain"},"geometry":{"type":"Polygon","coordinates":[[[127.351176,35.532012],[127.351396,35.532012],[127.351395,35.531831],[127.351175,35.531832],[127.351176,35.532012]]]}},{"type":"Feature","properties":{"pair":"2504-2506","count":2,"area_m2":139.8,"dominant":"veg_gain"},"geometry":{"type":"Polygon","coordinates":[[[127.351174,35.531652],[127.351395,35.531651],[127.351394,35.531471],[127.351173,35.531472],[127.351174,35.531652]]]}},{"type":"Feature","properties":{"pair":"2504-2506","count":1,"area_m2":227.6,"dominant":"built_new"},"geometry":{"type":"Polygon","coordinates":[[[127.351161,35.528587],[127.351381,35.528587],[127.35138,35.528407],[127.35116,35.528407],[127.351161,35.528587]]]}},{"type":"Feature","properties":{"pair":"2504-2506","count":1,"area_m2":38.9,"dominant":"veg_loss"},"geometry":{"type":"Polygon","coordinates":[[[127.351405,35.533995],[127.351625,35.533994],[127.351625,35.533814],[127.351404,35.533814],[127.351405,35.533995]]]}},{"type":"Feature","properties":{"pair":"2504-2506","count":1,"area_m2":117.1,"dominant":"built_new"},"geometry":{"type":"Polygon","coordinates":[[[127.351401,35.533093],[127.351621,35.533093],[127.351621,35.532912],[127.3514,35.532913],[127.351401,35.533093]]]}},{"type":"Feature","properties":{"pair":"2504-2506","count":1,"area_m2":216.5,"dominant":"built_new"},"geometry":{"type":"Polygon","coordinates":[[[127.3514,35.532913],[127.351621,35.532912],[127.35162,35.532732],[127.351399,35.532733],[127.3514,35.532913]]]}},{"type":"Feature","properties":{"pair":"2504-2506","count":1,"area_m2":354.1,"dominant":"built_new"},"geometry":{"type":"Polygon","coordinates":[[[127.351383,35.528947],[127.351603,35.528947],[127.351603,35.528766],[127.351382,35.528767],[127.351383,35.528947]]]}},{"type":"Feature","properties":{"pair":"2504-2506","count":1,"area_m2":120.1,"dominant":"built_new"},"geometry":{"type":"Polygon","coordinates":[[[127.351382,35.528767],[127.351603,35.528766],[127.351602,35.528586],[127.351381,35.528587],[127.351382,35.528767]]]}},{"type":"Feature","properties":{"pair":"2504-2506","count":1,"area_m2":75.2,"dominant":"veg_loss"},"geometry":{"type":"Polygon","coordinates":[[[127.351622,35.533273],[127.351843,35.533272],[127.351842,35.533092],[127.351621,35.533093],[127.351622,35.533273]]]}},{"type":"Feature","properties":{"pair":"2504-2506","count":1,"area_m2":1656.2,"dominant":"built_new"},"geometry":{"type":"Polygon","coordinates":[[[127.3516,35.528226],[127.351821,35.528225],[127.35182,35.528045],[127.351599,35.528045],[127.3516,35.528226]]]}},{"type":"Feature","properties":{"pair":"2504-2506","count":1,"area_m2":66.5,"dominant":"built_new"},"geometry":{"type":"Polygon","coordinates":[[[127.351846,35.533993],[127.352066,35.533993],[127.352066,35.533812],[127.351845,35.533813],[127.351846,35.533993]]]}},{"type":"Feature","properties":{"pair":"2504-2506","count":1,"area_m2":91.0,"dominant":"veg_gain"},"geometry":{"type":"Polygon","coordinates":[[[127.351844,35.533633],[127.352065,35.533632],[127.352064,35.533452],[127.351844,35.533452],[127.351844,35.533633]]]}},{"type":"Feature","properties":{"pair":"2504-2506","count":1,"area_m2":4193.2,"dominant":"veg_loss"},"geometry":{"type":"Polygon","coordinates":[[[127.351835,35.53147],[127.352055,35.531469],[127.352055,35.531289],[127.351834,35.531289],[127.351835,35.53147]]]}},{"type":"Feature","properties":{"pair":"2504-2506","count":1,"area_m2":180.6,"dominant":"veg_loss"},"geometry":{"type":"Polygon","coordinates":[[[127.351824,35.528946],[127.352044,35.528945],[127.352044,35.528765],[127.351823,35.528766],[127.351824,35.528946]]]}},{"type":"Feature","properties":{"pair":"2504-2506","count":1,"area_m2":33.4,"dominant":"other"},"geometry":{"type":"Polygon","coordinates":[[[127.352058,35.53201],[127.352278,35.532009],[127.352278,35.531829],[127.352057,35.531829],[127.352058,35.53201]]]}},{"type":"Feature","properties":{"pair":"2504-2506","count":1,"area_m2":183.1,"dominant":"built_new"},"geometry":{"type":"Polygon","coordinates":[[[127.352041,35.528224],[127.352262,35.528224],[127.352261,35.528043],[127.35204,35.528044],[127.352041,35.528224]]]}},{"type":"Feature","properties":{"pair":"2504-2506","count":1,"area_m2":29.1,"dominant":"veg_gain"},"geometry":{"type":"Polygon","coordinates":[[[127.35229,35.5347],[127.352511,35.5347],[127.35251,35.534532],[127.352289,35.534533],[127.35229,35.5347]]]}},{"type":"Feature","properties":{"pair":"2504-2506","count":1,"area_m2":420.0,"dominant":"veg_gain"},"geometry":{"type":"Polygon","coordinates":[[[127.352289,35.534352],[127.352509,35.534352],[127.352508,35.534172],[127.352288,35.534172],[127.352289,35.534352]]]}},{"type":"Feature","properties":{"pair":"2504-2506","count":1,"area_m2":92.4,"dominant":"veg_gain"},"geometry":{"type":"Polygon","coordinates":[[[127.352274,35.531108],[127.352495,35.531107],[127.352494,35.530927],[127.352274,35.530928],[127.352274,35.531108]]]}},{"type":"Feature","properties":{"pair":"2504-2506","count":1,"area_m2":1588.6,"dominant":"built_new"},"geometry":{"type":"Polygon","coordinates":[[[127.352266,35.529125],[127.352486,35.529124],[127.352485,35.528944],[127.352265,35.528945],[127.352266,35.529125]]]}},{"type":"Feature","properties":{"pair":"2504-2506","count":1,"area_m2":33.2,"dominant":"built_new"},"geometry":{"type":"Polygon","coordinates":[[[127.352263,35.528404],[127.352483,35.528403],[127.352482,35.528223],[127.352262,35.528224],[127.352263,35.528404]]]}},{"type":"Feature","properties":{"pair":"2504-2506","count":1,"area_m2":79.5,"dominant":"veg_gain"},"geometry":{"type":"Polygon","coordinates":[[[127.352509,35.534352],[127.35273,35.534351],[127.352729,35.534171],[127.352508,35.534172],[127.352509,35.534352]]]}},{"type":"Feature","properties":{"pair":"2504-2506","count":1,"area_m2":387.9,"dominant":"veg_loss"},"geometry":{"type":"Polygon","coordinates":[[[127.352508,35.534172],[127.352729,35.534171],[127.352728,35.533991],[127.352507,35.533991],[127.352508,35.534172]]]}},{"type":"Feature","properties":{"pair":"2504-2506","count":1,"area_m2":402.6,"dominant":"veg_loss"},"geometry":{"type":"Polygon","coordinates":[[[127.352493,35.530747],[127.352714,35.530746],[127.352713,35.530566],[127.352493,35.530566],[127.352493,35.530747]]]}},{"type":"Feature","properties":{"pair":"2504-2506","count":1,"area_m2":4944.0,"dominant":"veg_loss"},"geometry":{"type":"Polygon","coordinates":[[[127.352492,35.530386],[127.352712,35.530385],[127.352711,35.530205],[127.352491,35.530206],[127.352492,35.530386]]]}},{"type":"Feature","properties":{"pair":"2504-2506","count":1,"area_m2":29.1,"dominant":"veg_gain"},"geometry":{"type":"Polygon","coordinates":[[[127.352722,35.532729],[127.352943,35.532728],[127.352942,35.532548],[127.352722,35.532549],[127.352722,35.532729]]]}},{"type":"Feature","properties":{"pair":"2504-2506","count":1,"area_m2":64.8,"dominant":"built_new"},"geometry":{"type":"Polygon","coordinates":[[[127.353145,35.528582],[127.353366,35.528581],[127.353365,35.528401],[127.353145,35.528401],[127.353145,35.528582]]]}},{"type":"Feature","properties":{"pair":"2504-2506","count":1,"area_m2":29.4,"dominant":"veg_gain"},"geometry":{"type":"Polygon","coordinates":[[[127.353381,35.532006],[127.353601,35.532005],[127.353601,35.531825],[127.35338,35.531826],[127.353381,35.532006]]]}},{"type":"Feature","properties":{"pair":"2504-2506","count":1,"area_m2":70.0,"dominant":"veg_gain"},"geometry":{"type":"Polygon","coordinates":[[[127.353374,35.530384],[127.353594,35.530383],[127.353593,35.530203],[127.353373,35.530203],[127.353374,35.530384]]]}},{"type":"Feature","properties":{"pair":"2504-2506","count":1,"area_m2":99.8,"dominant":"veg_gain"},"geometry":{"type":"Polygon","coordinates":[[[127.353606,35.533087],[127.353827,35.533086],[127.353826,35.532906],[127.353605,35.532907],[127.353606,35.533087]]]}},{"type":"Feature","properties":{"pair":"2504-2506","count":1,"area_m2":369.9,"dominant":"veg_gain"},"geometry":{"type":"Polygon","coordinates":[[[127.353593,35.530203],[127.353814,35.530202],[127.353813,35.530022],[127.353593,35.530022],[127.353593,35.530203]]]}},{"type":"Feature","properties":{"pair":"2504-2506","count":1,"area_m2":599.6,"dominant":"veg_loss"},"geometry":{"type":"Polygon","coordinates":[[[127.353583,35.527859],[127.353804,35.527859],[127.353803,35.527678],[127.353582,35.527679],[127.353583,35.527859]]]}},{"type":"Feature","properties":{"pair":"2504-2506","count":1,"area_m2":137.6,"dominant":"veg_gain"},"geometry":{"type":"Polygon","coordinates":[[[127.353831,35.534168],[127.354052,35.534167],[127.354051,35.533987],[127.353831,35.533987],[127.353831,35.534168]]]}},{"type":"Feature","properties":{"pair":"2504-2506","count":2,"area_m2":122.9,"dominant":"veg_gain"},"geometry":{"type":"Polygon","coordinates":[[[127.35382,35.531464],[127.35404,35.531463],[127.354039,35.531283],[127.353819,35.531284],[127.35382,35.531464]]]}},{"type":"Feature","properties":{"pair":"2504-2506","count":1,"area_m2":109.1,"dominant":"veg_gain"},"geometry":{"type":"Polygon","coordinates":[[[127.353818,35.531103],[127.354038,35.531103],[127.354038,35.530922],[127.353817,35.530923],[127.353818,35.531103]]]}},{"type":"Feature","properties":{"pair":"2504-2506","count":1,"area_m2":188.6,"dominant":"veg_gain"},"geometry":{"type":"Polygon","coordinates":[[[127.353817,35.530923],[127.354038,35.530922],[127.354037,35.530742],[127.353816,35.530743],[127.353817,35.530923]]]}},{"type":"Feature","properties":{"pair":"2504-2506","count":1,"area_m2":73.0,"dominant":"veg_gain"},"geometry":{"type":"Polygon","coordinates":[[[127.353811,35.529481],[127.354031,35.52948],[127.354031,35.5293],[127.35381,35.529301],[127.353811,35.529481]]]}},{"type":"Feature","properties":{"pair":"2504-2506","count":1,"area_m2":46.8,"dominant":"veg_gain"},"geometry":{"type":"Polygon","coordinates":[[[127.354054,35.5347],[127.354275,35.5347],[127.354274,35.534527],[127.354054,35.534528],[127.354054,35.5347]]]}},{"type":"Feature","properties":{"pair":"2504-2506","count":1,"area_m2":81.0,"dominant":"veg_loss"},"geometry":{"type":"Polygon","coordinates":[[[127.354041,35.531643],[127.354261,35.531643],[127.354261,35.531463],[127.35404,35.531463],[127.354041,35.531643]]]}},{"type":"Feature","properties":{"pair":"2504-2506","count":1,"area_m2":725.0,"dominant":"veg_gain"},"geometry":{"type":"Polygon","coordinates":[[[127.354257,35.530741],[127.354478,35.530741],[127.354477,35.530561],[127.354257,35.530561],[127.354257,35.530741]]]}},{"type":"Feature","properties":{"pair":"2504-2506","count":1,"area_m2":35.2,"dominant":"veg_loss"},"geometry":{"type":"Polygon","coordinates":[[[127.354495,35.534526],[127.354715,35.534526],[127.354714,35.534345],[127.354494,35.534346],[127.354495,35.534526]]]}},{"type":"Feature","properties":{"pair":"2504-2506","count":1,"area_m2":380.6,"dominant":"veg_loss"},"geometry":{"type":"Polygon","coordinates":[[[127.354494,35.534346],[127.354714,35.534345],[127.354714,35.534165],[127.354493,35.534166],[127.354494,35.534346]]]}},{"type":"Feature","properties":{"pair":"2504-2506","count":1,"area_m2":45.6,"dominant":"veg_gain"},"geometry":{"type":"Polygon","coordinates":[[[127.354491,35.533805],[127.354712,35.533805],[127.354711,35.533624],[127.354491,35.533625],[127.354491,35.533805]]]}},{"type":"Feature","properties":{"pair":"2504-2506","count":1,"area_m2":65.2,"dominant":"veg_gain"},"geometry":{"type":"Polygon","coordinates":[[[127.354488,35.533084],[127.354709,35.533084],[127.354708,35.532903],[127.354487,35.532904],[127.354488,35.533084]]]}},{"type":"Feature","properties":{"pair":"2504-2506","count":1,"area_m2":421.6,"dominant":"veg_gain"},"geometry":{"type":"Polygon","coordinates":[[[127.354476,35.5302],[127.354696,35.530199],[127.354695,35.530019],[127.354475,35.53002],[127.354476,35.5302]]]}},{"type":"Feature","properties":{"pair":"2504-2506","count":1,"area_m2":161.9,"dominant":"veg_gain"},"geometry":{"type":"Polygon","coordinates":[[[127.354716,35.5347],[127.354936,35.5347],[127.354936,35.534525],[127.354715,35.534526],[127.354716,35.5347]]]}},{"type":"Feature","properties":{"pair":"2504-2506","count":1,"area_m2":56.5,"dominant":"veg_gain"},"geometry":{"type":"Polygon","coordinates":[[[127.354712,35.533805],[127.354932,35.533804],[127.354932,35.533624],[127.354711,35.533624],[127.354712,35.533805]]]}},{"type":"Feature","properties":{"pair":"2504-2506","count":1,"area_m2":158.2,"dominant":"veg_gain"},"geometry":{"type":"Polygon","coordinates":[[[127.354711,35.533624],[127.354932,35.533624],[127.354931,35.533443],[127.35471,35.533444],[127.354711,35.533624]]]}},{"type":"Feature","properties":{"pair":"2504-2506","count":1,"area_m2":38.8,"dominant":"veg_gain"},"geometry":{"type":"Polygon","coordinates":[[[127.35471,35.533444],[127.354931,35.533443],[127.35493,35.533263],[127.35471,35.533264],[127.35471,35.533444]]]}},{"type":"Feature","properties":{"pair":"2504-2506","count":1,"area_m2":34.9,"dominant":"veg_gain"},"geometry":{"type":"Polygon","coordinates":[[[127.354708,35.532903],[127.354928,35.532903],[127.354928,35.532722],[127.354707,35.532723],[127.354708,35.532903]]]}},{"type":"Feature","properties":{"pair":"2504-2506","count":1,"area_m2":67.8,"dominant":"veg_gain"},"geometry":{"type":"Polygon","coordinates":[[[127.354696,35.530199],[127.354917,35.530199],[127.354916,35.530019],[127.354695,35.530019],[127.354696,35.530199]]]}},{"type":"Feature","properties":{"pair":"2504-2506","count":1,"area_m2":29.0,"dominant":"veg_gain"},"geometry":{"type":"Polygon","coordinates":[[[127.354932,35.533804],[127.355153,35.533803],[127.355152,35.533623],[127.354932,35.533624],[127.354932,35.533804]]]}},{"type":"Feature","properties":{"pair":"2504-2506","count":1,"area_m2":937.6,"dominant":"veg_loss"},"geometry":{"type":"Polygon","coordinates":[[[127.354925,35.532182],[127.355146,35.532181],[127.355145,35.532001],[127.354925,35.532001],[127.354925,35.532182]]]}},{"type":"Feature","properties":{"pair":"2504-2506","count":1,"area_m2":322.2,"dominant":"veg_gain"},"geometry":{"type":"Polygon","coordinates":[[[127.354923,35.531641],[127.355143,35.53164],[127.355143,35.53146],[127.354922,35.531461],[127.354923,35.531641]]]}},{"type":"Feature","properties":{"pair":"2504-2506","count":1,"area_m2":2113.5,"dominant":"veg_loss"},"geometry":{"type":"Polygon","coordinates":[[[127.355155,35.534164],[127.355375,35.534163],[127.355374,35.533983],[127.355154,35.533984],[127.355155,35.534164]]]}},{"type":"Feature","properties":{"pair":"2504-2506","count":1,"area_m2":306.0,"dominant":"veg_gain"},"geometry":{"type":"Polygon","coordinates":[[[127.355127,35.527855],[127.355347,35.527854],[127.355346,35.527674],[127.355126,35.527675],[127.355127,35.527855]]]}},{"type":"Feature","properties":{"pair":"2504-2506","count":1,"area_m2":1672.9,"dominant":"veg_gain"},"geometry":{"type":"Polygon","coordinates":[[[127.355377,35.534524],[127.355597,35.534523],[127.355596,35.534343],[127.355376,35.534343],[127.355377,35.534524]]]}},{"type":"Feature","properties":{"pair":"2504-2506","count":1,"area_m2":494.4,"dominant":"built_new"},"geometry":{"type":"Polygon","coordinates":[[[127.355374,35.533983],[127.355595,35.533982],[127.355594,35.533802],[127.355374,35.533803],[127.355374,35.533983]]]}},{"type":"Feature","properties":{"pair":"2504-2506","count":1,"area_m2":991.9,"dominant":"veg_loss"},"geometry":{"type":"Polygon","coordinates":[[[127.355372,35.533442],[127.355592,35.533441],[127.355592,35.533261],[127.355371,35.533262],[127.355372,35.533442]]]}},{"type":"Feature","properties":{"pair":"2504-2506","count":1,"area_m2":91.0,"dominant":"veg_gain"},"geometry":{"type":"Polygon","coordinates":[[[127.355367,35.532361],[127.355588,35.53236],[127.355587,35.53218],[127.355366,35.53218],[127.355367,35.532361]]]}},{"type":"Feature","properties":{"pair":"2504-2506","count":1,"area_m2":31.6,"dominant":"built_new"},"geometry":{"type":"Polygon","coordinates":[[[127.356033,35.53344],[127.356254,35.53344],[127.356253,35.533259],[127.356033,35.53326],[127.356033,35.53344]]]}},{"type":"Feature","properties":{"pair":"2504-2506","count":1,"area_m2":27.2,"dominant":"veg_gain"},"geometry":{"type":"Polygon","coordinates":[[[127.356032,35.53308],[127.356252,35.533079],[127.356252,35.532899],[127.356031,35.532899],[127.356032,35.53308]]]}},{"type":"Feature","properties":{"pair":"2504-2506","count":1,"area_m2":1360.1,"dominant":"veg_gain"},"geometry":{"type":"Polygon","coordinates":[[[127.356026,35.531638],[127.356246,35.531637],[127.356245,35.531457],[127.356025,35.531457],[127.356026,35.531638]]]}},{"type":"Feature","properties":{"pair":"2504-2506","count":1,"area_m2":661.5,"dominant":"veg_gain"},"geometry":{"type":"Polygon","coordinates":[[[127.356021,35.530556],[127.356241,35.530555],[127.35624,35.530375],[127.35602,35.530376],[127.356021,35.530556]]]}},{"type":"Feature","properties":{"pair":"2504-2506","count":1,"area_m2":93.6,"dominant":"veg_gain"},"geometry":{"type":"Polygon","coordinates":[[[127.356255,35.53362],[127.356475,35.533619],[127.356475,35.533439],[127.356254,35.53344],[127.356255,35.53362]]]}},{"type":"Feature","properties":{"pair":"2504-2506","count":1,"area_m2":40.1,"dominant":"veg_gain"},"geometry":{"type":"Polygon","coordinates":[[[127.356253,35.533259],[127.356474,35.533259],[127.356473,35.533078],[127.356252,35.533079],[127.356253,35.533259]]]}},{"type":"Feature","properties":{"pair":"2504-2506","count":1,"area_m2":42.2,"dominant":"veg_gain"},"geometry":{"type":"Polygon","coordinates":[[[127.356244,35.531096],[127.356464,35.531096],[127.356463,35.530915],[127.356243,35.530916],[127.356244,35.531096]]]}},{"type":"Feature","properties":{"pair":"2504-2506","count":1,"area_m2":228.6,"dominant":"veg_gain"},"geometry":{"type":"Polygon","coordinates":[[[127.356241,35.530555],[127.356462,35.530555],[127.356461,35.530374],[127.35624,35.530375],[127.356241,35.530555]]]}},{"type":"Feature","properties":{"pair":"2504-2506","count":1,"area_m2":111.2,"dominant":"veg_gain"},"geometry":{"type":"Polygon","coordinates":[[[127.356466,35.531456],[127.356686,35.531455],[127.356685,35.531275],[127.356465,35.531276],[127.356466,35.531456]]]}},{"type":"Feature","properties":{"pair":"2504-2506","count":1,"area_m2":458.0,"dominant":"veg_gain"},"geometry":{"type":"Polygon","coordinates":[[[127.356463,35.530735],[127.356683,35.530734],[127.356682,35.530554],[127.356462,35.530555],[127.356463,35.530735]]]}},{"type":"Feature","properties":{"pair":"2504-2510","count":1,"area_m2":212.9,"dominant":"veg_gain"},"geometry":{"type":"Polygon","coordinates":[[[127.3481,35.532021],[127.348309,35.532021],[127.348308,35.53184],[127.3481,35.531841],[127.3481,35.532021]]]}},{"type":"Feature","properties":{"pair":"2504-2510","count":1,"area_m2":237.4,"dominant":"veg_gain"},"geometry":{"type":"Polygon","coordinates":[[[127.3481,35.530759],[127.348303,35.530759],[127.348303,35.530579],[127.3481,35.530579],[127.3481,35.530759]]]}},{"type":"Feature","properties":{"pair":"2504-2510","count":1,"area_m2":28.0,"dominant":"veg_gain"},"geometry":{"type":"Polygon","coordinates":[[[127.3481,35.528596],[127.348294,35.528596],[127.348293,35.528415],[127.3481,35.528416],[127.3481,35.528596]]]}},{"type":"Feature","properties":{"pair":"2504-2510","count":1,"area_m2":783.1,"dominant":"veg_gain"},"geometry":{"type":"Polygon","coordinates":[[[127.3481,35.528056],[127.348292,35.528055],[127.348291,35.527875],[127.3481,35.527875],[127.3481,35.528056]]]}},{"type":"Feature","properties":{"pair":"2504-2510","count":1,"area_m2":94.0,"dominant":"built_new"},"geometry":{"type":"Polygon","coordinates":[[[127.348321,35.5347],[127.348541,35.5347],[127.34854,35.534544],[127.34832,35.534544],[127.348321,35.5347]]]}},{"type":"Feature","properties":{"pair":"2504-2510","count":1,"area_m2":25.0,"dominant":"built_new"},"geometry":{"type":"Polygon","coordinates":[[[127.348319,35.534364],[127.34854,35.534363],[127.348539,35.534183],[127.348318,35.534184],[127.348319,35.534364]]]}},{"type":"Feature","properties":{"pair":"2504-2510","count":1,"area_m2":593.6,"dominant":"veg_gain"},"geometry":{"type":"Polygon","coordinates":[[[127.348306,35.5313],[127.348526,35.531299],[127.348526,35.531119],[127.348305,35.531119],[127.348306,35.5313]]]}},{"type":"Feature","properties":{"pair":"2504-2510","count":1,"area_m2":139.9,"dominant":"veg_gain"},"geometry":{"type":"Polygon","coordinates":[[[127.348297,35.529317],[127.348518,35.529316],[127.348517,35.529136],[127.348296,35.529137],[127.348297,35.529317]]]}},{"type":"Feature","properties":{"pair":"2504-2510","count":1,"area_m2":135.4,"dominant":"veg_gain"},"geometry":{"type":"Polygon","coordinates":[[[127.348292,35.528055],[127.348512,35.528054],[127.348512,35.527874],[127.348291,35.527875],[127.348292,35.528055]]]}},{"type":"Feature","properties":{"pair":"2504-2510","count":1,"area_m2":216.9,"dominant":"veg_gain"},"geometry":{"type":"Polygon","coordinates":[[[127.348531,35.532381],[127.348752,35.53238],[127.348751,35.5322],[127.34853,35.5322],[127.348531,35.532381]]]}},{"type":"Feature","properties":{"pair":"2504-2510","count":1,"area_m2":29.0,"dominant":"veg_gain"},"geometry":{"type":"Polygon","coordinates":[[[127.348527,35.531479],[127.348748,35.531479],[127.348747,35.531298],[127.348526,35.531299],[127.348527,35.531479]]]}},{"type":"Feature","properties":{"pair":"2504-2510","count":1,"area_m2":44.4,"dominant":"veg_gain"},"geometry":{"type":"Polygon","coordinates":[[[127.348526,35.531119],[127.348746,35.531118],[127.348745,35.530938],[127.348525,35.530938],[127.348526,35.531119]]]}},{"type":"Feature","properties":{"pair":"2504-2510","count":1,"area_m2":78.8,"dominant":"veg_gain"},"geometry":{"type":"Polygon","coordinates":[[[127.348517,35.529136],[127.348738,35.529135],[127.348737,35.528955],[127.348516,35.528956],[127.348517,35.529136]]]}},{"type":"Feature","properties":{"pair":"2504-2510","count":1,"area_m2":31.8,"dominant":"veg_gain"},"geometry":{"type":"Polygon","coordinates":[[[127.348748,35.531479],[127.348968,35.531478],[127.348967,35.531298],[127.348747,35.531298],[127.348748,35.531479]]]}},{"type":"Feature","properties":{"pair":"2504-2510","count":1,"area_m2":348.6,"dominant":"veg_gain"},"geometry":{"type":"Polygon","coordinates":[[[127.348744,35.530577],[127.348964,35.530577],[127.348963,35.530396],[127.348743,35.530397],[127.348744,35.530577]]]}},{"type":"Feature","properties":{"pair":"2504-2510","count":1,"area_m2":906.5,"dominant":"veg_gain"},"geometry":{"type":"Polygon","coordinates":[[[127.348736,35.528775],[127.348956,35.528774],[127.348956,35.528594],[127.348735,35.528594],[127.348736,35.528775]]]}},{"type":"Feature","properties":{"pair":"2504-2510","count":1,"area_m2":87.5,"dominant":"built_new"},"geometry":{"type":"Polygon","coordinates":[[[127.348978,35.533821],[127.349199,35.533821],[127.349198,35.53364],[127.348978,35.533641],[127.348978,35.533821]]]}},{"type":"Feature","properties":{"pair":"2504-2510","count":1,"area_m2":102.6,"dominant":"veg_gain"},"geometry":{"type":"Polygon","coordinates":[[[127.348972,35.532379],[127.349193,35.532379],[127.349192,35.532198],[127.348971,35.532199],[127.348972,35.532379]]]}},{"type":"Feature","properties":{"pair":"2504-2510","count":1,"area_m2":77.2,"dominant":"veg_gain"},"geometry":{"type":"Polygon","coordinates":[[[127.348953,35.528053],[127.349174,35.528052],[127.349173,35.527872],[127.348953,35.527873],[127.348953,35.528053]]]}},{"type":"Feature","properties":{"pair":"2504-2510","count":1,"area_m2":51.2,"dominant":"veg_gain"},"geometry":{"type":"Polygon","coordinates":[[[127.349191,35.532018],[127.349412,35.532017],[127.349411,35.531837],[127.34919,35.531838],[127.349191,35.532018]]]}},{"type":"Feature","properties":{"pair":"2504-2510","count":1,"area_m2":99.1,"dominant":"veg_gain"},"geometry":{"type":"Polygon","coordinates":[[[127.349189,35.531658],[127.34941,35.531657],[127.349409,35.531477],[127.349189,35.531477],[127.349189,35.531658]]]}},{"type":"Feature","properties":{"pair":"2504-2510","count":1,"area_m2":73.0,"dominant":"other"},"geometry":{"type":"Polygon","coordinates":[[[127.349175,35.528233],[127.349395,35.528232],[127.349394,35.528052],[127.349174,35.528052],[127.349175,35.528233]]]}},{"type":"Feature","properties":{"pair":"2504-2510","count":1,"area_m2":35.1,"dominant":"veg_gain"},"geometry":{"type":"Polygon","coordinates":[[[127.349408,35.531296],[127.349629,35.531296],[127.349628,35.531116],[127.349408,35.531116],[127.349408,35.531296]]]}},{"type":"Feature","properties":{"pair":"2504-2510","count":1,"area_m2":26.1,"dominant":"veg_gain"},"geometry":{"type":"Polygon","coordinates":[[[127.349395,35.528232],[127.349616,35.528231],[127.349615,35.528051],[127.349394,35.528052],[127.349395,35.528232]]]}},{"type":"Feature","properties":{"pair":"2504-2510","count":1,"area_m2":81.8,"dominant":"veg_gain"},"geometry":{"type":"Polygon","coordinates":[[[127.34963,35.531476],[127.34985,35.531475],[127.349849,35.531295],[127.349629,35.531296],[127.34963,35.531476]]]}},{"type":"Feature","properties":{"pair":"2504-2510","count":1,"area_m2":610.2,"dominant":"veg_gain"},"geometry":{"type":"Polygon","coordinates":[[[127.349627,35.530755],[127.349847,35.530754],[127.349846,35.530574],[127.349626,35.530575],[127.349627,35.530755]]]}},{"type":"Feature","properties":{"pair":"2504-2510","count":1,"area_m2":160.9,"dominant":"veg_gain"},"geometry":{"type":"Polygon","coordinates":[[[127.349862,35.534179],[127.350082,35.534179],[127.350082,35.533998],[127.349861,35.533999],[127.349862,35.534179]]]}},{"type":"Feature","properties":{"pair":"2504-2510","count":1,"area_m2":1103.1,"dominant":"other"},"geometry":{"type":"Polygon","coordinates":[[[127.349854,35.532377],[127.350075,35.532376],[127.350074,35.532196],[127.349853,35.532196],[127.349854,35.532377]]]}},{"type":"Feature","properties":{"pair":"2504-2510","count":1,"area_m2":158.4,"dominant":"veg_gain"},"geometry":{"type":"Polygon","coordinates":[[[127.349851,35.531656],[127.350072,35.531655],[127.350071,35.531475],[127.34985,35.531475],[127.349851,35.531656]]]}},{"type":"Feature","properties":{"pair":"2504-2510","count":1,"area_m2":115.6,"dominant":"veg_gain"},"geometry":{"type":"Polygon","coordinates":[[[127.349846,35.530394],[127.350066,35.530393],[127.350065,35.530213],[127.349845,35.530214],[127.349846,35.530394]]]}},{"type":"Feature","properties":{"pair":"2504-2510","count":1,"area_m2":353.8,"dominant":"built_new"},"geometry":{"type":"Polygon","coordinates":[[[127.350084,35.534539],[127.350305,35.534538],[127.350304,35.534358],[127.350083,35.534359],[127.350084,35.534539]]]}},{"type":"Feature","properties":{"pair":"2504-2510","count":1,"area_m2":306.6,"dominant":"veg_gain"},"geometry":{"type":"Polygon","coordinates":[[[127.350081,35.533818],[127.350301,35.533817],[127.350301,35.533637],[127.35008,35.533638],[127.350081,35.533818]]]}},{"type":"Feature","properties":{"pair":"2504-2510","count":1,"area_m2":146.8,"dominant":"veg_gain"},"geometry":{"type":"Polygon","coordinates":[[[127.350077,35.532917],[127.350298,35.532916],[127.350297,35.532736],[127.350076,35.532737],[127.350077,35.532917]]]}},{"type":"Feature","properties":{"pair":"2504-2510","count":1,"area_m2":49.0,"dominant":"veg_gain"},"geometry":{"type":"Polygon","coordinates":[[[127.350072,35.531835],[127.350293,35.531835],[127.350292,35.531654],[127.350072,35.531655],[127.350072,35.531835]]]}},{"type":"Feature","properties":{"pair":"2504-2510","count":1,"area_m2":113.4,"dominant":"veg_gain"},"geometry":{"type":"Polygon","coordinates":[[[127.35007,35.531294],[127.35029,35.531294],[127.35029,35.531114],[127.350069,35.531114],[127.35007,35.531294]]]}},{"type":"Feature","properties":{"pair":"2504-2510","count":1,"area_m2":3021.4,"dominant":"veg_gain"},"geometry":{"type":"Polygon","coordinates":[[[127.350057,35.52823],[127.350277,35.528229],[127.350276,35.528049],[127.350056,35.52805],[127.350057,35.52823]]]}},{"type":"Feature","properties":{"pair":"2504-2510","count":1,"area_m2":27.8,"dominant":"veg_gain"},"geometry":{"type":"Polygon","coordinates":[[[127.350298,35.532916],[127.350518,35.532916],[127.350517,35.532735],[127.350297,35.532736],[127.350298,35.532916]]]}},{"type":"Feature","properties":{"pair":"2504-2510","count":1,"area_m2":41.5,"dominant":"veg_gain"},"geometry":{"type":"Polygon","coordinates":[[[127.350289,35.530933],[127.350509,35.530933],[127.350509,35.530752],[127.350288,35.530753],[127.350289,35.530933]]]}},{"type":"Feature","properties":{"pair":"2504-2510","count":1,"area_m2":422.2,"dominant":"veg_gain"},"geometry":{"type":"Polygon","coordinates":[[[127.350276,35.527869],[127.350496,35.527868],[127.350495,35.527688],[127.350275,35.527689],[127.350276,35.527869]]]}},{"type":"Feature","properties":{"pair":"2504-2510","count":1,"area_m2":1052.8,"dominant":"veg_gain"},"geometry":{"type":"Polygon","coordinates":[[[127.350523,35.533997],[127.350743,35.533996],[127.350743,35.533816],[127.350522,35.533817],[127.350523,35.533997]]]}},{"type":"Feature","properties":{"pair":"2504-2510","count":1,"area_m2":1456.2,"dominant":"veg_gain"},"geometry":{"type":"Polygon","coordinates":[[[127.350519,35.533096],[127.350739,35.533095],[127.350739,35.532915],[127.350518,35.532916],[127.350519,35.533096]]]}},{"type":"Feature","properties":{"pair":"2504-2510","count":1,"area_m2":104.1,"dominant":"veg_gain"},"geometry":{"type":"Polygon","coordinates":[[[127.350743,35.533816],[127.350963,35.533816],[127.350962,35.533635],[127.350742,35.533636],[127.350743,35.533816]]]}},{"type":"Feature","properties":{"pair":"2504-2510","count":1,"area_m2":33.8,"dominant":"veg_gain"},"geometry":{"type":"Polygon","coordinates":[[[127.350737,35.532554],[127.350958,35.532554],[127.350957,35.532373],[127.350736,35.532374],[127.350737,35.532554]]]}},{"type":"Feature","properties":{"pair":"2504-2510","count":1,"area_m2":35.8,"dominant":"veg_gain"},"geometry":{"type":"Polygon","coordinates":[[[127.350717,35.527868],[127.350937,35.527867],[127.350936,35.527687],[127.350716,35.527687],[127.350717,35.527868]]]}},{"type":"Feature","properties":{"pair":"2504-2510","count":1,"area_m2":72.6,"dominant":"veg_gain"},"geometry":{"type":"Polygon","coordinates":[[[127.350964,35.533996],[127.351184,35.533995],[127.351184,35.533815],[127.350963,35.533816],[127.350964,35.533996]]]}},{"type":"Feature","properties":{"pair":"2504-2510","count":1,"area_m2":33.2,"dominant":"veg_gain"},"geometry":{"type":"Polygon","coordinates":[[[127.350963,35.533816],[127.351184,35.533815],[127.351183,35.533635],[127.350962,35.533635],[127.350963,35.533816]]]}},{"type":"Feature","properties":{"pair":"2504-2510","count":1,"area_m2":29.2,"dominant":"veg_gain"},"geometry":{"type":"Polygon","coordinates":[[[127.350961,35.533455],[127.351182,35.533454],[127.351181,35.533274],[127.350961,35.533275],[127.350961,35.533455]]]}},{"type":"Feature","properties":{"pair":"2504-2510","count":1,"area_m2":654.9,"dominant":"veg_gain"},"geometry":{"type":"Polygon","coordinates":[[[127.350958,35.532734],[127.351179,35.532733],[127.351178,35.532553],[127.350958,35.532554],[127.350958,35.532734]]]}},{"type":"Feature","properties":{"pair":"2504-2510","count":1,"area_m2":377.6,"dominant":"veg_gain"},"geometry":{"type":"Polygon","coordinates":[[[127.350951,35.531112],[127.351172,35.531111],[127.351171,35.530931],[127.35095,35.530931],[127.350951,35.531112]]]}},{"type":"Feature","properties":{"pair":"2504-2510","count":1,"area_m2":2205.0,"dominant":"other"},"geometry":{"type":"Polygon","coordinates":[[[127.35095,35.530931],[127.351171,35.530931],[127.35117,35.530751],[127.35095,35.530751],[127.35095,35.530931]]]}},{"type":"Feature","properties":{"pair":"2504-2510","count":1,"area_m2":48.4,"dominant":"built_new"},"geometry":{"type":"Polygon","coordinates":[[[127.350945,35.52967],[127.351165,35.529669],[127.351165,35.529489],[127.350944,35.529489],[127.350945,35.52967]]]}},{"type":"Feature","properties":{"pair":"2504-2510","count":1,"area_m2":97.9,"dominant":"other"},"geometry":{"type":"Polygon","coordinates":[[[127.35094,35.528588],[127.351161,35.528587],[127.35116,35.528407],[127.350939,35.528408],[127.35094,35.528588]]]}},{"type":"Feature","properties":{"pair":"2504-2510","count":1,"area_m2":313.6,"dominant":"veg_gain"},"geometry":{"type":"Polygon","coordinates":[[[127.350938,35.528047],[127.351158,35.528047],[127.351158,35.527866],[127.350937,35.527867],[127.350938,35.528047]]]}},{"type":"Feature","properties":{"pair":"2504-2510","count":1,"area_m2":105.5,"dominant":"veg_gain"},"geometry":{"type":"Polygon","coordinates":[[[127.351184,35.533995],[127.351405,35.533995],[127.351404,35.533814],[127.351184,35.533815],[127.351184,35.533995]]]}},{"type":"Feature","properties":{"pair":"2504-2510","count":1,"area_m2":48.2,"dominant":"veg_loss"},"geometry":{"type":"Polygon","coordinates":[[[127.351181,35.533274],[127.351402,35.533273],[127.351401,35.533093],[127.35118,35.533094],[127.351181,35.533274]]]}},{"type":"Feature","properties":{"pair":"2504-2510","count":1,"area_m2":29.4,"dominant":"built_new"},"geometry":{"type":"Polygon","coordinates":[[[127.35118,35.533094],[127.351401,35.533093],[127.3514,35.532913],[127.35118,35.532914],[127.35118,35.533094]]]}},{"type":"Feature","properties":{"pair":"2504-2510","count":1,"area_m2":112.8,"dominant":"veg_gain"},"geometry":{"type":"Polygon","coordinates":[[[127.351176,35.532012],[127.351396,35.532012],[127.351395,35.531831],[127.351175,35.531832],[127.351176,35.532012]]]}},{"type":"Feature","properties":{"pair":"2504-2510","count":1,"area_m2":74.8,"dominant":"veg_gain"},"geometry":{"type":"Polygon","coordinates":[[[127.351173,35.531472],[127.351394,35.531471],[127.351393,35.531291],[127.351173,35.531291],[127.351173,35.531472]]]}},{"type":"Feature","properties":{"pair":"2504-2510","count":1,"area_m2":603.4,"dominant":"veg_gain"},"geometry":{"type":"Polygon","coordinates":[[[127.351169,35.53057],[127.35139,35.53057],[127.351389,35.530389],[127.351169,35.53039],[127.351169,35.53057]]]}},{"type":"Feature","properties":{"pair":"2504-2510","count":1,"area_m2":456.5,"dominant":"built_new"},"geometry":{"type":"Polygon","coordinates":[[[127.351406,35.534355],[127.351627,35.534354],[127.351626,35.534174],[127.351406,35.534175],[127.351406,35.534355]]]}},{"type":"Feature","properties":{"pair":"2504-2510","count":1,"area_m2":747.4,"dominant":"built_new"},"geometry":{"type":"Polygon","coordinates":[[[127.3514,35.532913],[127.351621,35.532912],[127.35162,35.532732],[127.351399,35.532733],[127.3514,35.532913]]]}},{"type":"Feature","properties":{"pair":"2504-2510","count":1,"area_m2":1297.4,"dominant":"veg_gain"},"geometry":{"type":"Polygon","coordinates":[[[127.351395,35.531651],[127.351615,35.531651],[127.351614,35.53147],[127.351394,35.531471],[127.351395,35.531651]]]}},{"type":"Feature","properties":{"pair":"2504-2510","count":1,"area_m2":395.6,"dominant":"veg_loss"},"geometry":{"type":"Polygon","coordinates":[[[127.351392,35.53111],[127.351613,35.53111],[127.351612,35.530929],[127.351392,35.53093],[127.351392,35.53111]]]}},{"type":"Feature","properties":{"pair":"2504-2510","count":1,"area_m2":57.9,"dominant":"veg_gain"},"geometry":{"type":"Polygon","coordinates":[[[127.351388,35.530209],[127.351609,35.530208],[127.351608,35.530028],[127.351388,35.530029],[127.351388,35.530209]]]}},{"type":"Feature","properties":{"pair":"2504-2510","count":1,"area_m2":143.2,"dominant":"veg_gain"},"geometry":{"type":"Polygon","coordinates":[[[127.351378,35.527866],[127.351599,35.527865],[127.351598,35.527685],[127.351377,35.527685],[127.351378,35.527866]]]}},{"type":"Feature","properties":{"pair":"2504-2510","count":1,"area_m2":79.4,"dominant":"built_new"},"geometry":{"type":"Polygon","coordinates":[[[127.351629,35.5347],[127.351849,35.5347],[127.351848,35.534534],[127.351628,35.534535],[127.351629,35.5347]]]}},{"type":"Feature","properties":{"pair":"2504-2510","count":1,"area_m2":41.5,"dominant":"veg_gain"},"geometry":{"type":"Polygon","coordinates":[[[127.351617,35.532011],[127.351837,35.53201],[127.351836,35.53183],[127.351616,35.531831],[127.351617,35.532011]]]}},{"type":"Feature","properties":{"pair":"2504-2510","count":1,"area_m2":98.0,"dominant":"veg_loss"},"geometry":{"type":"Polygon","coordinates":[[[127.351614,35.53129],[127.351834,35.531289],[127.351833,35.531109],[127.351613,35.53111],[127.351614,35.53129]]]}},{"type":"Feature","properties":{"pair":"2504-2510","count":1,"area_m2":28.1,"dominant":"veg_gain"},"geometry":{"type":"Polygon","coordinates":[[[127.35161,35.530569],[127.351831,35.530568],[127.35183,35.530388],[127.35161,35.530389],[127.35161,35.530569]]]}},{"type":"Feature","properties":{"pair":"2504-2510","count":1,"area_m2":192.2,"dominant":"veg_gain"},"geometry":{"type":"Polygon","coordinates":[[[127.351599,35.527865],[127.351819,35.527864],[127.351818,35.527684],[127.351598,35.527685],[127.351599,35.527865]]]}},{"type":"Feature","properties":{"pair":"2504-2510","count":1,"area_m2":104.5,"dominant":"built_new"},"geometry":{"type":"Polygon","coordinates":[[[127.351846,35.533993],[127.352066,35.533993],[127.352066,35.533812],[127.351845,35.533813],[127.351846,35.533993]]]}},{"type":"Feature","properties":{"pair":"2504-2510","count":1,"area_m2":98.4,"dominant":"veg_gain"},"geometry":{"type":"Polygon","coordinates":[[[127.352066,35.533993],[127.352287,35.533992],[127.352286,35.533812],[127.352066,35.533812],[127.352066,35.533993]]]}},{"type":"Feature","properties":{"pair":"2504-2510","count":1,"area_m2":48.5,"dominant":"veg_gain"},"geometry":{"type":"Polygon","coordinates":[[[127.352047,35.529486],[127.352267,35.529485],[127.352266,35.529305],[127.352046,35.529306],[127.352047,35.529486]]]}},{"type":"Feature","properties":{"pair":"2504-2510","count":1,"area_m2":66.9,"dominant":"veg_gain"},"geometry":{"type":"Polygon","coordinates":[[[127.35204,35.527864],[127.35226,35.527863],[127.352259,35.527683],[127.352039,35.527684],[127.35204,35.527864]]]}},{"type":"Feature","properties":{"pair":"2504-2510","count":1,"area_m2":52.1,"dominant":"veg_gain"},"geometry":{"type":"Polygon","coordinates":[[[127.352289,35.534352],[127.352509,35.534352],[127.352508,35.534172],[127.352288,35.534172],[127.352289,35.534352]]]}},{"type":"Feature","properties":{"pair":"2504-2510","count":1,"area_m2":29.1,"dominant":"veg_gain"},"geometry":{"type":"Polygon","coordinates":[[[127.352285,35.533451],[127.352505,35.533451],[127.352504,35.53327],[127.352284,35.533271],[127.352285,35.533451]]]}},{"type":"Feature","properties":{"pair":"2504-2510","count":1,"area_m2":405.0,"dominant":"built_new"},"geometry":{"type":"Polygon","coordinates":[[[127.35227,35.530207],[127.352491,35.530206],[127.35249,35.530026],[127.35227,35.530026],[127.35227,35.530207]]]}},{"type":"Feature","properties":{"pair":"2504-2510","count":1,"area_m2":151.9,"dominant":"veg_gain"},"geometry":{"type":"Polygon","coordinates":[[[127.352506,35.533631],[127.352726,35.53363],[127.352726,35.53345],[127.352505,35.533451],[127.352506,35.533631]]]}},{"type":"Feature","properties":{"pair":"2504-2510","count":1,"area_m2":227.5,"dominant":"veg_gain"},"geometry":{"type":"Polygon","coordinates":[[[127.352481,35.528043],[127.352702,35.528042],[127.352701,35.527862],[127.352481,35.527863],[127.352481,35.528043]]]}},{"type":"Feature","properties":{"pair":"2504-2510","count":1,"area_m2":197.9,"dominant":"other"},"geometry":{"type":"Polygon","coordinates":[[[127.35272,35.532188],[127.352941,35.532187],[127.35294,35.532007],[127.352719,35.532008],[127.35272,35.532188]]]}},{"type":"Feature","properties":{"pair":"2504-2510","count":1,"area_m2":57.8,"dominant":"veg_gain"},"geometry":{"type":"Polygon","coordinates":[[[127.352948,35.53381],[127.353168,35.533809],[127.353167,35.533629],[127.352947,35.533629],[127.352948,35.53381]]]}},{"type":"Feature","properties":{"pair":"2504-2510","count":1,"area_m2":419.5,"dominant":"other"},"geometry":{"type":"Polygon","coordinates":[[[127.353163,35.532547],[127.353383,35.532547],[127.353382,35.532366],[127.353162,35.532367],[127.353163,35.532547]]]}},{"type":"Feature","properties":{"pair":"2504-2510","count":1,"area_m2":47.6,"dominant":"veg_gain"},"geometry":{"type":"Polygon","coordinates":[[[127.353157,35.531285],[127.353378,35.531285],[127.353377,35.531105],[127.353156,35.531105],[127.353157,35.531285]]]}},{"type":"Feature","properties":{"pair":"2504-2510","count":1,"area_m2":26.4,"dominant":"built_new"},"geometry":{"type":"Polygon","coordinates":[[[127.353145,35.528582],[127.353366,35.528581],[127.353365,35.528401],[127.353145,35.528401],[127.353145,35.528582]]]}},{"type":"Feature","properties":{"pair":"2504-2510","count":1,"area_m2":39.0,"dominant":"veg_gain"},"geometry":{"type":"Polygon","coordinates":[[[127.353364,35.52822],[127.353585,35.52822],[127.353584,35.52804],[127.353363,35.52804],[127.353364,35.52822]]]}},{"type":"Feature","properties":{"pair":"2504-2510","count":1,"area_m2":356.2,"dominant":"veg_gain"},"geometry":{"type":"Polygon","coordinates":[[[127.353596,35.530743],[127.353816,35.530743],[127.353816,35.530563],[127.353595,35.530563],[127.353596,35.530743]]]}},{"type":"Feature","properties":{"pair":"2504-2510","count":1,"area_m2":41.8,"dominant":"veg_gain"},"geometry":{"type":"Polygon","coordinates":[[[127.353593,35.530022],[127.353813,35.530022],[127.353812,35.529841],[127.353592,35.529842],[127.353593,35.530022]]]}},{"type":"Feature","properties":{"pair":"2504-2510","count":1,"area_m2":63.9,"dominant":"veg_gain"},"geometry":{"type":"Polygon","coordinates":[[[127.35359,35.529301],[127.35381,35.529301],[127.353809,35.52912],[127.353589,35.529121],[127.35359,35.529301]]]}},{"type":"Feature","properties":{"pair":"2504-2510","count":1,"area_m2":104.6,"dominant":"veg_gain"},"geometry":{"type":"Polygon","coordinates":[[[127.353588,35.528941],[127.353808,35.52894],[127.353808,35.52876],[127.353587,35.528761],[127.353588,35.528941]]]}},{"type":"Feature","properties":{"pair":"2504-2510","count":1,"area_m2":595.5,"dominant":"veg_gain"},"geometry":{"type":"Polygon","coordinates":[[[127.353587,35.528761],[127.353808,35.52876],[127.353807,35.52858],[127.353586,35.52858],[127.353587,35.528761]]]}},{"type":"Feature","properties":{"pair":"2504-2510","count":1,"area_m2":327.9,"dominant":"veg_gain"},"geometry":{"type":"Polygon","coordinates":[[[127.353822,35.532005],[127.354042,35.532004],[127.354042,35.531824],[127.353821,35.531824],[127.353822,35.532005]]]}},{"type":"Feature","properties":{"pair":"2504-2510","count":1,"area_m2":84.2,"dominant":"veg_gain"},"geometry":{"type":"Polygon","coordinates":[[[127.353819,35.531284],[127.354039,35.531283],[127.354038,35.531103],[127.353818,35.531103],[127.353819,35.531284]]]}},{"type":"Feature","properties":{"pair":"2504-2510","count":1,"area_m2":598.6,"dominant":"veg_gain"},"geometry":{"type":"Polygon","coordinates":[[[127.353817,35.530923],[127.354038,35.530922],[127.354037,35.530742],[127.353816,35.530743],[127.353817,35.530923]]]}},{"type":"Feature","properties":{"pair":"2504-2510","count":1,"area_m2":39.1,"dominant":"veg_gain"},"geometry":{"type":"Polygon","coordinates":[[[127.353816,35.530563],[127.354036,35.530562],[127.354035,35.530382],[127.353815,35.530382],[127.353816,35.530563]]]}},{"type":"Feature","properties":{"pair":"2504-2510","count":1,"area_m2":480.4,"dominant":"veg_gain"},"geometry":{"type":"Polygon","coordinates":[[[127.353809,35.52912],[127.35403,35.52912],[127.354029,35.52894],[127.353808,35.52894],[127.353809,35.52912]]]}},{"type":"Feature","properties":{"pair":"2504-2510","count":1,"area_m2":1413.1,"dominant":"veg_gain"},"geometry":{"type":"Polygon","coordinates":[[[127.354054,35.5347],[127.354275,35.5347],[127.354274,35.534527],[127.354054,35.534528],[127.354054,35.5347]]]}},{"type":"Feature","properties":{"pair":"2504-2510","count":1,"area_m2":58.5,"dominant":"veg_gain"},"geometry":{"type":"Polygon","coordinates":[[[127.354049,35.533446],[127.354269,35.533445],[127.354269,35.533265],[127.354048,35.533266],[127.354049,35.533446]]]}},{"type":"Feature","properties":{"pair":"2504-2510","count":1,"area_m2":85.0,"dominant":"veg_gain"},"geometry":{"type":"Polygon","coordinates":[[[127.354038,35.530922],[127.354258,35.530922],[127.354257,35.530741],[127.354037,35.530742],[127.354038,35.530922]]]}},{"type":"Feature","properties":{"pair":"2504-2510","count":1,"area_m2":337.2,"dominant":"veg_gain"},"geometry":{"type":"Polygon","coordinates":[[[127.354026,35.528219],[127.354246,35.528218],[127.354246,35.528038],[127.354025,35.528038],[127.354026,35.528219]]]}},{"type":"Feature","properties":{"pair":"2504-2510","count":1,"area_m2":51.4,"dominant":"built_new"},"geometry":{"type":"Polygon","coordinates":[[[127.354271,35.533806],[127.354491,35.533805],[127.354491,35.533625],[127.35427,35.533626],[127.354271,35.533806]]]}},{"type":"Feature","properties":{"pair":"2504-2510","count":1,"area_m2":1089.8,"dominant":"veg_gain"},"geometry":{"type":"Polygon","coordinates":[[[127.354257,35.530561],[127.354477,35.530561],[127.354476,35.53038],[127.354256,35.530381],[127.354257,35.530561]]]}},{"type":"Feature","properties":{"pair":"2504-2510","count":1,"area_m2":1646.5,"dominant":"veg_gain"},"geometry":{"type":"Polygon","coordinates":[[[127.354254,35.53002],[127.354475,35.53002],[127.354474,35.52984],[127.354253,35.52984],[127.354254,35.53002]]]}},{"type":"Feature","properties":{"pair":"2504-2510","count":1,"area_m2":253.0,"dominant":"veg_gain"},"geometry":{"type":"Polygon","coordinates":[[[127.354248,35.528578],[127.354468,35.528578],[127.354468,35.528397],[127.354247,35.528398],[127.354248,35.528578]]]}},{"type":"Feature","properties":{"pair":"2504-2510","count":1,"area_m2":71.2,"dominant":"veg_gain"},"geometry":{"type":"Polygon","coordinates":[[[127.354494,35.534346],[127.354714,35.534345],[127.354714,35.534165],[127.354493,35.534166],[127.354494,35.534346]]]}},{"type":"Feature","properties":{"pair":"2504-2510","count":1,"area_m2":94.9,"dominant":"veg_loss"},"geometry":{"type":"Polygon","coordinates":[[[127.354493,35.534166],[127.354714,35.534165],[127.354713,35.533985],[127.354492,35.533985],[127.354493,35.534166]]]}},{"type":"Feature","properties":{"pair":"2504-2510","count":1,"area_m2":63.8,"dominant":"veg_gain"},"geometry":{"type":"Polygon","coordinates":[[[127.354482,35.531642],[127.354702,35.531641],[127.354702,35.531461],[127.354481,35.531462],[127.354482,35.531642]]]}},{"type":"Feature","properties":{"pair":"2504-2510","count":1,"area_m2":563.6,"dominant":"other"},"geometry":{"type":"Polygon","coordinates":[[[127.354473,35.529659],[127.354694,35.529659],[127.354693,35.529478],[127.354472,35.529479],[127.354473,35.529659]]]}},{"type":"Feature","properties":{"pair":"2504-2510","count":1,"area_m2":236.0,"dominant":"veg_gain"},"geometry":{"type":"Polygon","coordinates":[[[127.354711,35.533624],[127.354932,35.533624],[127.354931,35.533443],[127.35471,35.533444],[127.354711,35.533624]]]}},{"type":"Feature","properties":{"pair":"2504-2510","count":1,"area_m2":59.5,"dominant":"veg_gain"},"geometry":{"type":"Polygon","coordinates":[[[127.35471,35.533264],[127.35493,35.533263],[127.354929,35.533083],[127.354709,35.533084],[127.35471,35.533264]]]}},{"type":"Feature","properties":{"pair":"2504-2510","count":1,"area_m2":65.6,"dominant":"veg_gain"},"geometry":{"type":"Polygon","coordinates":[[[127.354709,35.533084],[127.354929,35.533083],[127.354928,35.532903],[127.354708,35.532903],[127.354709,35.533084]]]}},{"type":"Feature","properties":{"pair":"2504-2510","count":1,"area_m2":866.1,"dominant":"veg_gain"},"geometry":{"type":"Polygon","coordinates":[[[127.354696,35.530199],[127.354917,35.530199],[127.354916,35.530019],[127.354695,35.530019],[127.354696,35.530199]]]}},{"type":"Feature","properties":{"pair":"2504-2510","count":1,"area_m2":53.2,"dominant":"veg_gain"},"geometry":{"type":"Polygon","coordinates":[[[127.354688,35.528397],[127.354909,35.528396],[127.354908,35.528216],[127.354687,35.528217],[127.354688,35.528397]]]}},{"type":"Feature","properties":{"pair":"2504-2510","count":1,"area_m2":2044.4,"dominant":"veg_gain"},"geometry":{"type":"Polygon","coordinates":[[[127.354687,35.528217],[127.354908,35.528216],[127.354907,35.528036],[127.354687,35.528036],[127.354687,35.528217]]]}},{"type":"Feature","properties":{"pair":"2504-2510","count":1,"area_m2":311.8,"dominant":"veg_gain"},"geometry":{"type":"Polygon","coordinates":[[[127.354932,35.533804],[127.355153,35.533803],[127.355152,35.533623],[127.354932,35.533624],[127.354932,35.533804]]]}},{"type":"Feature","properties":{"pair":"2504-2510","count":1,"area_m2":59.0,"dominant":"veg_gain"},"geometry":{"type":"Polygon","coordinates":[[[127.35493,35.533263],[127.355151,35.533262],[127.35515,35.533082],[127.354929,35.533083],[127.35493,35.533263]]]}},{"type":"Feature","properties":{"pair":"2504-2510","count":1,"area_m2":110.6,"dominant":"veg_gain"},"geometry":{"type":"Polygon","coordinates":[[[127.354928,35.532722],[127.355148,35.532722],[127.355147,35.532541],[127.354927,35.532542],[127.354928,35.532722]]]}},{"type":"Feature","properties":{"pair":"2504-2510","count":1,"area_m2":4495.8,"dominant":"veg_gain"},"geometry":{"type":"Polygon","coordinates":[[[127.354914,35.529658],[127.355135,35.529657],[127.355134,35.529477],[127.354913,35.529478],[127.354914,35.529658]]]}},{"type":"Feature","properties":{"pair":"2504-2510","count":1,"area_m2":33.0,"dominant":"veg_gain"},"geometry":{"type":"Polygon","coordinates":[[[127.354909,35.528396],[127.355129,35.528396],[127.355128,35.528215],[127.354908,35.528216],[127.354909,35.528396]]]}},{"type":"Feature","properties":{"pair":"2504-2510","count":1,"area_m2":77.5,"dominant":"built_new"},"geometry":{"type":"Polygon","coordinates":[[[127.355155,35.534344],[127.355376,35.534343],[127.355375,35.534163],[127.355155,35.534164],[127.355155,35.534344]]]}},{"type":"Feature","properties":{"pair":"2504-2510","count":1,"area_m2":1640.1,"dominant":"built_new"},"geometry":{"type":"Polygon","coordinates":[[[127.355155,35.534164],[127.355375,35.534163],[127.355374,35.533983],[127.355154,35.533984],[127.355155,35.534164]]]}},{"type":"Feature","properties":{"pair":"2504-2510","count":1,"area_m2":1562.5,"dominant":"veg_gain"},"geometry":{"type":"Polygon","coordinates":[[[127.35513,35.528576],[127.35535,35.528575],[127.35535,35.528395],[127.355129,35.528396],[127.35513,35.528576]]]}},{"type":"Feature","properties":{"pair":"2504-2510","count":1,"area_m2":260.8,"dominant":"veg_gain"},"geometry":{"type":"Polygon","coordinates":[[[127.355127,35.527855],[127.355347,35.527854],[127.355346,35.527674],[127.355126,35.527675],[127.355127,35.527855]]]}},{"type":"Feature","properties":{"pair":"2504-2510","count":1,"area_m2":456.9,"dominant":"veg_gain"},"geometry":{"type":"Polygon","coordinates":[[[127.355368,35.532541],[127.355588,35.53254],[127.355588,35.53236],[127.355367,35.532361],[127.355368,35.532541]]]}},{"type":"Feature","properties":{"pair":"2504-2510","count":1,"area_m2":106.2,"dominant":"veg_gain"},"geometry":{"type":"Polygon","coordinates":[[[127.355363,35.531459],[127.355584,35.531459],[127.355583,35.531278],[127.355362,35.531279],[127.355363,35.531459]]]}},{"type":"Feature","properties":{"pair":"2504-2510","count":1,"area_m2":49.4,"dominant":"veg_gain"},"geometry":{"type":"Polygon","coordinates":[[[127.355354,35.529476],[127.355575,35.529476],[127.355574,35.529296],[127.355354,35.529296],[127.355354,35.529476]]]}},{"type":"Feature","properties":{"pair":"2504-2510","count":1,"area_m2":1602.4,"dominant":"veg_gain"},"geometry":{"type":"Polygon","coordinates":[[[127.355352,35.528936],[127.355573,35.528935],[127.355572,35.528755],[127.355351,35.528755],[127.355352,35.528936]]]}},{"type":"Feature","properties":{"pair":"2504-2510","count":1,"area_m2":134.2,"dominant":"veg_gain"},"geometry":{"type":"Polygon","coordinates":[[[127.355598,35.5347],[127.355819,35.5347],[127.355818,35.534522],[127.355597,35.534523],[127.355598,35.5347]]]}},{"type":"Feature","properties":{"pair":"2504-2510","count":1,"area_m2":127.6,"dominant":"built_new"},"geometry":{"type":"Polygon","coordinates":[[[127.355595,35.533982],[127.355815,35.533982],[127.355815,35.533801],[127.355594,35.533802],[127.355595,35.533982]]]}},{"type":"Feature","properties":{"pair":"2504-2510","count":1,"area_m2":77.6,"dominant":"veg_gain"},"geometry":{"type":"Polygon","coordinates":[[[127.355587,35.53218],[127.355807,35.532179],[127.355807,35.531999],[127.355586,35.531999],[127.355587,35.53218]]]}},{"type":"Feature","properties":{"pair":"2504-2510","count":1,"area_m2":104.2,"dominant":"veg_gain"},"geometry":{"type":"Polygon","coordinates":[[[127.355578,35.530197],[127.355799,35.530196],[127.355798,35.530016],[127.355577,35.530017],[127.355578,35.530197]]]}},{"type":"Feature","properties":{"pair":"2504-2510","count":1,"area_m2":83.9,"dominant":"veg_gain"},"geometry":{"type":"Polygon","coordinates":[[[127.355573,35.529115],[127.355794,35.529115],[127.355793,35.528934],[127.355573,35.528935],[127.355573,35.529115]]]}},{"type":"Feature","properties":{"pair":"2504-2510","count":1,"area_m2":231.4,"dominant":"veg_gain"},"geometry":{"type":"Polygon","coordinates":[[[127.355569,35.528214],[127.35579,35.528213],[127.355789,35.528033],[127.355569,35.528034],[127.355569,35.528214]]]}},{"type":"Feature","properties":{"pair":"2504-2510","count":1,"area_m2":50.2,"dominant":"veg_gain"},"geometry":{"type":"Polygon","coordinates":[[[127.355811,35.53308],[127.356032,35.53308],[127.356031,35.532899],[127.355811,35.5329],[127.355811,35.53308]]]}},{"type":"Feature","properties":{"pair":"2504-2510","count":1,"area_m2":94.9,"dominant":"built_new"},"geometry":{"type":"Polygon","coordinates":[[[127.355805,35.531638],[127.356026,35.531638],[127.356025,35.531457],[127.355804,35.531458],[127.355805,35.531638]]]}},{"type":"Feature","properties":{"pair":"2504-2510","count":1,"area_m2":36.0,"dominant":"veg_gain"},"geometry":{"type":"Polygon","coordinates":[[[127.3558,35.530557],[127.356021,35.530556],[127.35602,35.530376],[127.355799,35.530376],[127.3558,35.530557]]]}},{"type":"Feature","properties":{"pair":"2504-2510","count":1,"area_m2":100.8,"dominant":"veg_gain"},"geometry":{"type":"Polygon","coordinates":[[[127.355797,35.529836],[127.356018,35.529835],[127.356017,35.529655],[127.355796,35.529655],[127.355797,35.529836]]]}},{"type":"Feature","properties":{"pair":"2504-2510","count":1,"area_m2":1099.2,"dominant":"veg_gain"},"geometry":{"type":"Polygon","coordinates":[[[127.355795,35.529295],[127.356015,35.529294],[127.356014,35.529114],[127.355794,35.529115],[127.355795,35.529295]]]}},{"type":"Feature","properties":{"pair":"2504-2510","count":1,"area_m2":654.0,"dominant":"veg_gain"},"geometry":{"type":"Polygon","coordinates":[[[127.356037,35.534161],[127.356257,35.534161],[127.356256,35.53398],[127.356036,35.533981],[127.356037,35.534161]]]}},{"type":"Feature","properties":{"pair":"2504-2510","count":1,"area_m2":191.5,"dominant":"veg_gain"},"geometry":{"type":"Polygon","coordinates":[[[127.356028,35.532178],[127.356248,35.532178],[127.356248,35.531997],[127.356027,35.531998],[127.356028,35.532178]]]}},{"type":"Feature","properties":{"pair":"2504-2510","count":1,"area_m2":105.1,"dominant":"veg_gain"},"geometry":{"type":"Polygon","coordinates":[[[127.356027,35.531998],[127.356248,35.531997],[127.356247,35.531817],[127.356026,35.531818],[127.356027,35.531998]]]}},{"type":"Feature","properties":{"pair":"2504-2510","count":1,"area_m2":228.1,"dominant":"veg_gain"},"geometry":{"type":"Polygon","coordinates":[[[127.356026,35.531638],[127.356246,35.531637],[127.356245,35.531457],[127.356025,35.531457],[127.356026,35.531638]]]}},{"type":"Feature","properties":{"pair":"2504-2510","count":1,"area_m2":121.4,"dominant":"veg_gain"},"geometry":{"type":"Polygon","coordinates":[[[127.356024,35.531277],[127.356244,35.531276],[127.356244,35.531096],[127.356023,35.531097],[127.356024,35.531277]]]}},{"type":"Feature","properties":{"pair":"2504-2510","count":1,"area_m2":26.1,"dominant":"veg_gain"},"geometry":{"type":"Polygon","coordinates":[[[127.356019,35.530196],[127.35624,35.530195],[127.356239,35.530015],[127.356018,35.530015],[127.356019,35.530196]]]}},{"type":"Feature","properties":{"pair":"2504-2510","count":1,"area_m2":33.8,"dominant":"veg_gain"},"geometry":{"type":"Polygon","coordinates":[[[127.35626,35.5347],[127.35648,35.5347],[127.356479,35.53452],[127.356259,35.534521],[127.35626,35.5347]]]}},{"type":"Feature","properties":{"pair":"2504-2510","count":1,"area_m2":408.6,"dominant":"veg_gain"},"geometry":{"type":"Polygon","coordinates":[[[127.356254,35.53344],[127.356475,35.533439],[127.356474,35.533259],[127.356253,35.533259],[127.356254,35.53344]]]}},{"type":"Feature","properties":{"pair":"2504-2510","count":1,"area_m2":998.9,"dominant":"veg_gain"},"geometry":{"type":"Polygon","coordinates":[[[127.356251,35.532718],[127.356471,35.532718],[127.356471,35.532538],[127.35625,35.532538],[127.356251,35.532718]]]}},{"type":"Feature","properties":{"pair":"2504-2510","count":1,"area_m2":30.8,"dominant":"veg_gain"},"geometry":{"type":"Polygon","coordinates":[[[127.356244,35.531276],[127.356465,35.531276],[127.356464,35.531096],[127.356244,35.531096],[127.356244,35.531276]]]}},{"type":"Feature","properties":{"pair":"2504-2510","count":1,"area_m2":72.2,"dominant":"veg_gain"},"geometry":{"type":"Polygon","coordinates":[[[127.356244,35.531096],[127.356464,35.531096],[127.356463,35.530915],[127.356243,35.530916],[127.356244,35.531096]]]}},{"type":"Feature","properties":{"pair":"2504-2510","count":1,"area_m2":271.0,"dominant":"veg_gain"},"geometry":{"type":"Polygon","coordinates":[[[127.35624,35.530375],[127.356461,35.530374],[127.35646,35.530194],[127.35624,35.530195],[127.35624,35.530375]]]}},{"type":"Feature","properties":{"pair":"2504-2510","count":1,"area_m2":178.8,"dominant":"veg_gain"},"geometry":{"type":"Polygon","coordinates":[[[127.356233,35.528753],[127.356454,35.528752],[127.356453,35.528572],[127.356232,35.528573],[127.356233,35.528753]]]}},{"type":"Feature","properties":{"pair":"2504-2510","count":1,"area_m2":79.2,"dominant":"veg_gain"},"geometry":{"type":"Polygon","coordinates":[[[127.356476,35.533799],[127.356697,35.533799],[127.356696,35.533618],[127.356475,35.533619],[127.356476,35.533799]]]}},{"type":"Feature","properties":{"pair":"2504-2510","count":1,"area_m2":255.4,"dominant":"veg_gain"},"geometry":{"type":"Polygon","coordinates":[[[127.356474,35.533259],[127.356694,35.533258],[127.356693,35.533078],[127.356473,35.533078],[127.356474,35.533259]]]}},{"type":"Feature","properties":{"pair":"2504-2510","count":1,"area_m2":82.6,"dominant":"veg_gain"},"geometry":{"type":"Polygon","coordinates":[[[127.356468,35.531997],[127.356689,35.531996],[127.356688,35.531816],[127.356467,35.531817],[127.356468,35.531997]]]}},{"type":"Feature","properties":{"pair":"2504-2510","count":1,"area_m2":804.9,"dominant":"veg_gain"},"geometry":{"type":"Polygon","coordinates":[[[127.356467,35.531636],[127.356687,35.531636],[127.356686,35.531455],[127.356466,35.531456],[127.356467,35.531636]]]}},{"type":"Feature","properties":{"pair":"2504-2510","count":1,"area_m2":25.5,"dominant":"veg_gain"},"geometry":{"type":"Polygon","coordinates":[[[127.356461,35.530374],[127.356681,35.530374],[127.356681,35.530194],[127.35646,35.530194],[127.356461,35.530374]]]}},{"type":"Feature","properties":{"pair":"2504-2510","count":1,"area_m2":193.4,"dominant":"veg_gain"},"geometry":{"type":"Polygon","coordinates":[[[127.356451,35.528211],[127.356672,35.528211],[127.356671,35.52803],[127.356451,35.528031],[127.356451,35.528211]]]}},{"type":"Feature","properties":{"pair":"2506-2508","count":1,"area_m2":25.6,"dominant":"veg_gain"},"geometry":{"type":"Polygon","coordinates":[[[127.3481,35.5313],[127.348306,35.5313],[127.348305,35.531119],[127.3481,35.53112],[127.3481,35.5313]]]}},{"type":"Feature","properties":{"pair":"2506-2508","count":1,"area_m2":136.8,"dominant":"veg_gain"},"geometry":{"type":"Polygon","coordinates":[[[127.3481,35.53112],[127.348305,35.531119],[127.348304,35.530939],[127.3481,35.53094],[127.3481,35.53112]]]}},{"type":"Feature","properties":{"pair":"2506-2508","count":1,"area_m2":340.1,"dominant":"veg_gain"},"geometry":{"type":"Polygon","coordinates":[[[127.3481,35.528056],[127.348292,35.528055],[127.348291,35.527875],[127.3481,35.527875],[127.3481,35.528056]]]}},{"type":"Feature","properties":{"pair":"2506-2508","count":1,"area_m2":35.5,"dominant":"veg_gain"},"geometry":{"type":"Polygon","coordinates":[[[127.3481,35.527875],[127.348291,35.527875],[127.34829,35.527694],[127.3481,35.527695],[127.3481,35.527875]]]}},{"type":"Feature","properties":{"pair":"2506-2508","count":1,"area_m2":620.9,"dominant":"veg_gain"},"geometry":{"type":"Polygon","coordinates":[[[127.348746,35.531118],[127.348967,35.531117],[127.348966,35.530937],[127.348745,35.530938],[127.348746,35.531118]]]}},{"type":"Feature","properties":{"pair":"2506-2508","count":1,"area_m2":222.1,"dominant":"veg_gain"},"geometry":{"type":"Polygon","coordinates":[[[127.348966,35.530937],[127.349186,35.530937],[127.349186,35.530756],[127.348965,35.530757],[127.348966,35.530937]]]}},{"type":"Feature","properties":{"pair":"2506-2508","count":1,"area_m2":55.5,"dominant":"veg_gain"},"geometry":{"type":"Polygon","coordinates":[[[127.34896,35.529495],[127.34918,35.529494],[127.349179,35.529314],[127.348959,35.529315],[127.34896,35.529495]]]}},{"type":"Feature","properties":{"pair":"2506-2508","count":1,"area_m2":325.4,"dominant":"veg_gain"},"geometry":{"type":"Polygon","coordinates":[[[127.348959,35.529315],[127.349179,35.529314],[127.349179,35.529134],[127.348958,35.529135],[127.348959,35.529315]]]}},{"type":"Feature","properties":{"pair":"2506-2508","count":1,"area_m2":238.6,"dominant":"veg_gain"},"geometry":{"type":"Polygon","coordinates":[[[127.349195,35.532919],[127.349415,35.532919],[127.349415,35.532738],[127.349194,35.532739],[127.349195,35.532919]]]}},{"type":"Feature","properties":{"pair":"2506-2508","count":1,"area_m2":1506.9,"dominant":"veg_gain"},"geometry":{"type":"Polygon","coordinates":[[[127.349186,35.530756],[127.349406,35.530756],[127.349405,35.530575],[127.349185,35.530576],[127.349186,35.530756]]]}},{"type":"Feature","properties":{"pair":"2506-2508","count":1,"area_m2":640.1,"dominant":"veg_gain"},"geometry":{"type":"Polygon","coordinates":[[[127.349399,35.529133],[127.34962,35.529133],[127.349619,35.528952],[127.349398,35.528953],[127.349399,35.529133]]]}},{"type":"Feature","properties":{"pair":"2506-2508","count":1,"area_m2":35.9,"dominant":"built_new"},"geometry":{"type":"Polygon","coordinates":[[[127.349394,35.528052],[127.349615,35.528051],[127.349614,35.527871],[127.349394,35.527872],[127.349394,35.528052]]]}},{"type":"Feature","properties":{"pair":"2506-2508","count":1,"area_m2":159.0,"dominant":"built_new"},"geometry":{"type":"Polygon","coordinates":[[[127.349394,35.527872],[127.349614,35.527871],[127.349613,35.527691],[127.349393,35.527691],[127.349394,35.527872]]]}},{"type":"Feature","properties":{"pair":"2506-2508","count":1,"area_m2":1301.1,"dominant":"veg_gain"},"geometry":{"type":"Polygon","coordinates":[[[127.349627,35.530755],[127.349847,35.530754],[127.349846,35.530574],[127.349626,35.530575],[127.349627,35.530755]]]}},{"type":"Feature","properties":{"pair":"2506-2508","count":1,"area_m2":71.0,"dominant":"veg_gain"},"geometry":{"type":"Polygon","coordinates":[[[127.349853,35.532016],[127.350073,35.532016],[127.350072,35.531835],[127.349852,35.531836],[127.349853,35.532016]]]}},{"type":"Feature","properties":{"pair":"2506-2508","count":1,"area_m2":564.6,"dominant":"veg_gain"},"geometry":{"type":"Polygon","coordinates":[[[127.349839,35.528952],[127.35006,35.528951],[127.350059,35.528771],[127.349838,35.528772],[127.349839,35.528952]]]}},{"type":"Feature","properties":{"pair":"2506-2508","count":1,"area_m2":51.0,"dominant":"veg_gain"},"geometry":{"type":"Polygon","coordinates":[[[127.350073,35.532016],[127.350294,35.532015],[127.350293,35.531835],[127.350072,35.531835],[127.350073,35.532016]]]}},{"type":"Feature","properties":{"pair":"2506-2508","count":1,"area_m2":2539.2,"dominant":"veg_gain"},"geometry":{"type":"Polygon","coordinates":[[[127.350067,35.530573],[127.350287,35.530573],[127.350287,35.530393],[127.350066,35.530393],[127.350067,35.530573]]]}},{"type":"Feature","properties":{"pair":"2506-2508","count":1,"area_m2":39.1,"dominant":"veg_gain"},"geometry":{"type":"Polygon","coordinates":[[[127.350058,35.528591],[127.350279,35.52859],[127.350278,35.52841],[127.350057,35.52841],[127.350058,35.528591]]]}},{"type":"Feature","properties":{"pair":"2506-2508","count":1,"area_m2":121.5,"dominant":"veg_gain"},"geometry":{"type":"Polygon","coordinates":[[[127.350057,35.52823],[127.350277,35.528229],[127.350276,35.528049],[127.350056,35.52805],[127.350057,35.52823]]]}},{"type":"Feature","properties":{"pair":"2506-2508","count":1,"area_m2":88.1,"dominant":"veg_gain"},"geometry":{"type":"Polygon","coordinates":[[[127.350279,35.52859],[127.350499,35.528589],[127.350498,35.528409],[127.350278,35.52841],[127.350279,35.52859]]]}},{"type":"Feature","properties":{"pair":"2506-2508","count":1,"area_m2":551.2,"dominant":"veg_gain"},"geometry":{"type":"Polygon","coordinates":[[[127.350276,35.527869],[127.350496,35.527868],[127.350495,35.527688],[127.350275,35.527689],[127.350276,35.527869]]]}},{"type":"Feature","properties":{"pair":"2506-2508","count":1,"area_m2":714.6,"dominant":"veg_gain"},"geometry":{"type":"Polygon","coordinates":[[[127.35052,35.533276],[127.35074,35.533275],[127.350739,35.533095],[127.350519,35.533096],[127.35052,35.533276]]]}},{"type":"Feature","properties":{"pair":"2506-2508","count":1,"area_m2":1756.9,"dominant":"veg_gain"},"geometry":{"type":"Polygon","coordinates":[[[127.350517,35.532735],[127.350738,35.532735],[127.350737,35.532554],[127.350516,35.532555],[127.350517,35.532735]]]}},{"type":"Feature","properties":{"pair":"2506-2508","count":1,"area_m2":2247.2,"dominant":"veg_gain"},"geometry":{"type":"Polygon","coordinates":[[[127.350513,35.531834],[127.350734,35.531833],[127.350733,35.531653],[127.350513,35.531654],[127.350513,35.531834]]]}},{"type":"Feature","properties":{"pair":"2506-2508","count":1,"area_m2":855.6,"dominant":"veg_gain"},"geometry":{"type":"Polygon","coordinates":[[[127.350511,35.531293],[127.350732,35.531293],[127.350731,35.531112],[127.35051,35.531113],[127.350511,35.531293]]]}},{"type":"Feature","properties":{"pair":"2506-2508","count":1,"area_m2":1165.2,"dominant":"veg_gain"},"geometry":{"type":"Polygon","coordinates":[[[127.350498,35.528409],[127.350719,35.528408],[127.350718,35.528228],[127.350498,35.528229],[127.350498,35.528409]]]}},{"type":"Feature","properties":{"pair":"2506-2508","count":2,"area_m2":199.5,"dominant":"other"},"geometry":{"type":"Polygon","coordinates":[[[127.350729,35.530752],[127.35095,35.530751],[127.350949,35.530571],[127.350728,35.530572],[127.350729,35.530752]]]}},{"type":"Feature","properties":{"pair":"2506-2508","count":1,"area_m2":1203.5,"dominant":"veg_gain"},"geometry":{"type":"Polygon","coordinates":[[[127.350939,35.528228],[127.351159,35.528227],[127.351158,35.528047],[127.350938,35.528047],[127.350939,35.528228]]]}},{"type":"Feature","properties":{"pair":"2506-2508","count":1,"area_m2":55.8,"dominant":"veg_gain"},"geometry":{"type":"Polygon","coordinates":[[[127.351167,35.530029],[127.351388,35.530029],[127.351387,35.529849],[127.351166,35.529849],[127.351167,35.530029]]]}},{"type":"Feature","properties":{"pair":"2506-2508","count":1,"area_m2":32.0,"dominant":"other"},"geometry":{"type":"Polygon","coordinates":[[[127.351406,35.534355],[127.351627,35.534354],[127.351626,35.534174],[127.351406,35.534175],[127.351406,35.534355]]]}},{"type":"Feature","properties":{"pair":"2506-2508","count":1,"area_m2":79.0,"dominant":"veg_gain"},"geometry":{"type":"Polygon","coordinates":[[[127.351403,35.533454],[127.351623,35.533453],[127.351622,35.533273],[127.351402,35.533273],[127.351403,35.533454]]]}},{"type":"Feature","properties":{"pair":"2506-2508","count":1,"area_m2":2035.2,"dominant":"veg_gain"},"geometry":{"type":"Polygon","coordinates":[[[127.35139,35.53057],[127.35161,35.530569],[127.35161,35.530389],[127.351389,35.530389],[127.35139,35.53057]]]}},{"type":"Feature","properties":{"pair":"2506-2508","count":1,"area_m2":146.0,"dominant":"veg_gain"},"geometry":{"type":"Polygon","coordinates":[[[127.351388,35.530209],[127.351609,35.530208],[127.351608,35.530028],[127.351388,35.530029],[127.351388,35.530209]]]}},{"type":"Feature","properties":{"pair":"2506-2508","count":1,"area_m2":1265.9,"dominant":"veg_gain"},"geometry":{"type":"Polygon","coordinates":[[[127.351388,35.530029],[127.351608,35.530028],[127.351607,35.529848],[127.351387,35.529849],[127.351388,35.530029]]]}},{"type":"Feature","properties":{"pair":"2506-2508","count":1,"area_m2":453.2,"dominant":"veg_gain"},"geometry":{"type":"Polygon","coordinates":[[[127.351378,35.527866],[127.351599,35.527865],[127.351598,35.527685],[127.351377,35.527685],[127.351378,35.527866]]]}},{"type":"Feature","properties":{"pair":"2506-2508","count":1,"area_m2":557.2,"dominant":"veg_gain"},"geometry":{"type":"Polygon","coordinates":[[[127.351608,35.530028],[127.351829,35.530028],[127.351828,35.529847],[127.351607,35.529848],[127.351608,35.530028]]]}},{"type":"Feature","properties":{"pair":"2506-2508","count":1,"area_m2":73.8,"dominant":"veg_gain"},"geometry":{"type":"Polygon","coordinates":[[[127.3516,35.528226],[127.351821,35.528225],[127.35182,35.528045],[127.351599,35.528045],[127.3516,35.528226]]]}},{"type":"Feature","properties":{"pair":"2506-2508","count":1,"area_m2":1641.5,"dominant":"veg_gain"},"geometry":{"type":"Polygon","coordinates":[[[127.351828,35.529847],[127.352048,35.529847],[127.352048,35.529666],[127.351827,35.529667],[127.351828,35.529847]]]}},{"type":"Feature","properties":{"pair":"2506-2508","count":1,"area_m2":2141.9,"dominant":"veg_gain"},"geometry":{"type":"Polygon","coordinates":[[[127.352268,35.529666],[127.352489,35.529665],[127.352488,35.529485],[127.352267,35.529485],[127.352268,35.529666]]]}},{"type":"Feature","properties":{"pair":"2506-2508","count":1,"area_m2":27.2,"dominant":"veg_gain"},"geometry":{"type":"Polygon","coordinates":[[[127.352713,35.530566],[127.352934,35.530565],[127.352933,35.530385],[127.352712,35.530385],[127.352713,35.530566]]]}},{"type":"Feature","properties":{"pair":"2506-2508","count":1,"area_m2":52.6,"dominant":"veg_gain"},"geometry":{"type":"Polygon","coordinates":[[[127.353157,35.531285],[127.353378,35.531285],[127.353377,35.531105],[127.353156,35.531105],[127.353157,35.531285]]]}},{"type":"Feature","properties":{"pair":"2506-2508","count":1,"area_m2":2230.5,"dominant":"veg_gain"},"geometry":{"type":"Polygon","coordinates":[[[127.353148,35.529122],[127.353368,35.529122],[127.353367,35.528942],[127.353147,35.528942],[127.353148,35.529122]]]}},{"type":"Feature","properties":{"pair":"2506-2508","count":1,"area_m2":964.4,"dominant":"veg_gain"},"geometry":{"type":"Polygon","coordinates":[[[127.353379,35.531645],[127.3536,35.531645],[127.353599,35.531464],[127.353379,35.531465],[127.353379,35.531645]]]}},{"type":"Feature","properties":{"pair":"2506-2508","count":1,"area_m2":751.4,"dominant":"veg_gain"},"geometry":{"type":"Polygon","coordinates":[[[127.353598,35.531284],[127.353819,35.531284],[127.353818,35.531103],[127.353597,35.531104],[127.353598,35.531284]]]}},{"type":"Feature","properties":{"pair":"2506-2508","count":1,"area_m2":65.4,"dominant":"veg_gain"},"geometry":{"type":"Polygon","coordinates":[[[127.353596,35.530743],[127.353816,35.530743],[127.353816,35.530563],[127.353595,35.530563],[127.353596,35.530743]]]}},{"type":"Feature","properties":{"pair":"2506-2508","count":1,"area_m2":2726.9,"dominant":"veg_gain"},"geometry":{"type":"Polygon","coordinates":[[[127.353808,35.52894],[127.354029,35.52894],[127.354028,35.528759],[127.353808,35.52876],[127.353808,35.52894]]]}},{"type":"Feature","properties":{"pair":"2506-2508","count":1,"area_m2":1715.0,"dominant":"veg_gain"},"geometry":{"type":"Polygon","coordinates":[[[127.354035,35.530382],[127.354256,35.530381],[127.354255,35.530201],[127.354035,35.530201],[127.354035,35.530382]]]}},{"type":"Feature","properties":{"pair":"2506-2508","count":1,"area_m2":162.8,"dominant":"veg_gain"},"geometry":{"type":"Polygon","coordinates":[[[127.354028,35.528759],[127.354249,35.528759],[127.354248,35.528578],[127.354027,35.528579],[127.354028,35.528759]]]}},{"type":"Feature","properties":{"pair":"2506-2508","count":1,"area_m2":348.0,"dominant":"veg_gain"},"geometry":{"type":"Polygon","coordinates":[[[127.354027,35.528399],[127.354247,35.528398],[127.354246,35.528218],[127.354026,35.528219],[127.354027,35.528399]]]}},{"type":"Feature","properties":{"pair":"2506-2508","count":1,"area_m2":1772.8,"dominant":"veg_gain"},"geometry":{"type":"Polygon","coordinates":[[[127.354254,35.53002],[127.354475,35.53002],[127.354474,35.52984],[127.354253,35.52984],[127.354254,35.53002]]]}},{"type":"Feature","properties":{"pair":"2506-2508","count":1,"area_m2":101.4,"dominant":"veg_gain"},"geometry":{"type":"Polygon","coordinates":[[[127.354245,35.527857],[127.354465,35.527857],[127.354464,35.527676],[127.354244,35.527677],[127.354245,35.527857]]]}},{"type":"Feature","properties":{"pair":"2506-2508","count":1,"area_m2":463.6,"dominant":"veg_gain"},"geometry":{"type":"Polygon","coordinates":[[[127.354473,35.529659],[127.354694,35.529659],[127.354693,35.529478],[127.354472,35.529479],[127.354473,35.529659]]]}},{"type":"Feature","properties":{"pair":"2506-2508","count":1,"area_m2":589.6,"dominant":"veg_gain"},"geometry":{"type":"Polygon","coordinates":[[[127.354469,35.528758],[127.35469,35.528757],[127.354689,35.528577],[127.354468,35.528578],[127.354469,35.528758]]]}},{"type":"Feature","properties":{"pair":"2506-2508","count":1,"area_m2":25.9,"dominant":"veg_gain"},"geometry":{"type":"Polygon","coordinates":[[[127.354464,35.527676],[127.354685,35.527676],[127.354684,35.5276],[127.354464,35.5276],[127.354464,35.527676]]]}},{"type":"Feature","properties":{"pair":"2506-2508","count":1,"area_m2":85.5,"dominant":"veg_gain"},"geometry":{"type":"Polygon","coordinates":[[[127.354694,35.529839],[127.354915,35.529838],[127.354914,35.529658],[127.354694,35.529659],[127.354694,35.529839]]]}},{"type":"Feature","properties":{"pair":"2506-2508","count":1,"area_m2":3209.0,"dominant":"veg_gain"},"geometry":{"type":"Polygon","coordinates":[[[127.354687,35.528217],[127.354908,35.528216],[127.354907,35.528036],[127.354687,35.528036],[127.354687,35.528217]]]}},{"type":"Feature","properties":{"pair":"2506-2508","count":1,"area_m2":2531.6,"dominant":"veg_gain"},"geometry":{"type":"Polygon","coordinates":[[[127.354913,35.529478],[127.355134,35.529477],[127.355133,35.529297],[127.354913,35.529297],[127.354913,35.529478]]]}},{"type":"Feature","properties":{"pair":"2506-2508","count":1,"area_m2":59.9,"dominant":"veg_gain"},"geometry":{"type":"Polygon","coordinates":[[[127.355151,35.533443],[127.355372,35.533442],[127.355371,35.533262],[127.355151,35.533262],[127.355151,35.533443]]]}},{"type":"Feature","properties":{"pair":"2506-2508","count":1,"area_m2":1722.1,"dominant":"veg_gain"},"geometry":{"type":"Polygon","coordinates":[[[127.35513,35.528576],[127.35535,35.528575],[127.35535,35.528395],[127.355129,35.528396],[127.35513,35.528576]]]}},{"type":"Feature","properties":{"pair":"2506-2508","count":1,"area_m2":58.1,"dominant":"veg_gain"},"geometry":{"type":"Polygon","coordinates":[[[127.355354,35.529476],[127.355575,35.529476],[127.355574,35.529296],[127.355354,35.529296],[127.355354,35.529476]]]}},{"type":"Feature","properties":{"pair":"2506-2508","count":1,"area_m2":3717.4,"dominant":"veg_gain"},"geometry":{"type":"Polygon","coordinates":[[[127.355352,35.528936],[127.355573,35.528935],[127.355572,35.528755],[127.355351,35.528755],[127.355352,35.528936]]]}},{"type":"Feature","properties":{"pair":"2506-2508","count":1,"area_m2":37.5,"dominant":"other"},"geometry":{"type":"Polygon","coordinates":[[[127.355594,35.533802],[127.355815,35.533801],[127.355814,35.533621],[127.355593,35.533622],[127.355594,35.533802]]]}},{"type":"Feature","properties":{"pair":"2506-2508","count":1,"area_m2":203.8,"dominant":"veg_gain"},"geometry":{"type":"Polygon","coordinates":[[[127.355796,35.529655],[127.356017,35.529655],[127.356016,35.529474],[127.355795,35.529475],[127.355796,35.529655]]]}},{"type":"Feature","properties":{"pair":"2506-2508","count":1,"area_m2":1635.5,"dominant":"veg_gain"},"geometry":{"type":"Polygon","coordinates":[[[127.355795,35.529295],[127.356015,35.529294],[127.356014,35.529114],[127.355794,35.529115],[127.355795,35.529295]]]}},{"type":"Feature","properties":{"pair":"2506-2508","count":1,"area_m2":507.0,"dominant":"veg_gain"},"geometry":{"type":"Polygon","coordinates":[[[127.356039,35.5347],[127.35626,35.5347],[127.356259,35.534521],[127.356038,35.534522],[127.356039,35.5347]]]}},{"type":"Feature","properties":{"pair":"2506-2508","count":1,"area_m2":188.1,"dominant":"veg_gain"},"geometry":{"type":"Polygon","coordinates":[[[127.356019,35.530196],[127.35624,35.530195],[127.356239,35.530015],[127.356018,35.530015],[127.356019,35.530196]]]}},{"type":"Feature","properties":{"pair":"2506-2508","count":1,"area_m2":291.8,"dominant":"veg_gain"},"geometry":{"type":"Polygon","coordinates":[[[127.356239,35.530015],[127.356459,35.530014],[127.356459,35.529834],[127.356238,35.529834],[127.356239,35.530015]]]}},{"type":"Feature","properties":{"pair":"2506-2508","count":1,"area_m2":194.1,"dominant":"veg_gain"},"geometry":{"type":"Polygon","coordinates":[[[127.35648,35.5347],[127.3567,35.5347],[127.3567,35.53452],[127.356479,35.53452],[127.35648,35.5347]]]}},{"type":"Feature","properties":{"pair":"2506-2508","count":1,"area_m2":155.1,"dominant":"veg_gain"},"geometry":{"type":"Polygon","coordinates":[[[127.356479,35.53434],[127.356699,35.534339],[127.356698,35.534159],[127.356478,35.53416],[127.356479,35.53434]]]}},{"type":"Feature","properties":{"pair":"2506-2508","count":1,"area_m2":26.1,"dominant":"veg_gain"},"geometry":{"type":"Polygon","coordinates":[[[127.356474,35.533259],[127.356694,35.533258],[127.356693,35.533078],[127.356473,35.533078],[127.356474,35.533259]]]}},{"type":"Feature","properties":{"pair":"2506-2508","count":1,"area_m2":38.8,"dominant":"veg_gain"},"geometry":{"type":"Polygon","coordinates":[[[127.356471,35.532718],[127.356692,35.532717],[127.356691,35.532537],[127.356471,35.532538],[127.356471,35.532718]]]}},{"type":"Feature","properties":{"pair":"2506-2508","count":1,"area_m2":412.6,"dominant":"veg_gain"},"geometry":{"type":"Polygon","coordinates":[[[127.356471,35.532538],[127.356691,35.532537],[127.35669,35.532357],[127.35647,35.532357],[127.356471,35.532538]]]}},{"type":"Feature","properties":{"pair":"2506-2508","count":1,"area_m2":356.0,"dominant":"veg_gain"},"geometry":{"type":"Polygon","coordinates":[[[127.356468,35.531997],[127.356689,35.531996],[127.356688,35.531816],[127.356467,35.531817],[127.356468,35.531997]]]}},{"type":"Feature","properties":{"pair":"2506-2508","count":1,"area_m2":422.0,"dominant":"veg_gain"},"geometry":{"type":"Polygon","coordinates":[[[127.356467,35.531636],[127.356687,35.531636],[127.356686,35.531455],[127.356466,35.531456],[127.356467,35.531636]]]}},{"type":"Feature","properties":{"pair":"2506-2508","count":1,"area_m2":101.5,"dominant":"veg_gain"},"geometry":{"type":"Polygon","coordinates":[[[127.356465,35.531276],[127.356685,35.531275],[127.356685,35.531095],[127.356464,35.531096],[127.356465,35.531276]]]}},{"type":"Feature","properties":{"pair":"2506-2508","count":1,"area_m2":231.5,"dominant":"veg_gain"},"geometry":{"type":"Polygon","coordinates":[[[127.356463,35.530915],[127.356684,35.530915],[127.356683,35.530734],[127.356463,35.530735],[127.356463,35.530915]]]}},{"type":"Feature","properties":{"pair":"2506-2508","count":1,"area_m2":172.8,"dominant":"veg_gain"},"geometry":{"type":"Polygon","coordinates":[[[127.35645,35.527851],[127.35667,35.52785],[127.35667,35.52767],[127.356449,35.527671],[127.35645,35.527851]]]}},{"type":"Feature","properties":{"pair":"2508-2510","count":1,"area_m2":855.4,"dominant":"veg_gain"},"geometry":{"type":"Polygon","coordinates":[[[127.348519,35.529496],[127.348739,35.529496],[127.348738,35.529315],[127.348518,35.529316],[127.348519,35.529496]]]}},{"type":"Feature","properties":{"pair":"2508-2510","count":1,"area_m2":27.6,"dominant":"built_new"},"geometry":{"type":"Polygon","coordinates":[[[127.348518,35.529316],[127.348738,35.529315],[127.348738,35.529135],[127.348517,35.529136],[127.348518,35.529316]]]}},{"type":"Feature","properties":{"pair":"2508-2510","count":1,"area_m2":107.2,"dominant":"built_new"},"geometry":{"type":"Polygon","coordinates":[[[127.348734,35.528234],[127.348954,35.528233],[127.348953,35.528053],[127.348733,35.528054],[127.348734,35.528234]]]}},{"type":"Feature","properties":{"pair":"2508-2510","count":1,"area_m2":621.6,"dominant":"veg_loss"},"geometry":{"type":"Polygon","coordinates":[[[127.348966,35.530937],[127.349186,35.530937],[127.349186,35.530756],[127.348965,35.530757],[127.348966,35.530937]]]}},{"type":"Feature","properties":{"pair":"2508-2510","count":1,"area_m2":74.1,"dominant":"built_new"},"geometry":{"type":"Polygon","coordinates":[[[127.34896,35.529495],[127.34918,35.529494],[127.349179,35.529314],[127.348959,35.529315],[127.34896,35.529495]]]}},{"type":"Feature","properties":{"pair":"2508-2510","count":1,"area_m2":77.5,"dominant":"other"},"geometry":{"type":"Polygon","coordinates":[[[127.348953,35.528053],[127.349174,35.528052],[127.349173,35.527872],[127.348953,35.527873],[127.348953,35.528053]]]}},{"type":"Feature","properties":{"pair":"2508-2510","count":1,"area_m2":921.6,"dominant":"built_new"},"geometry":{"type":"Polygon","coordinates":[[[127.349195,35.532919],[127.349415,35.532919],[127.349415,35.532738],[127.349194,35.532739],[127.349195,35.532919]]]}},{"type":"Feature","properties":{"pair":"2508-2510","count":1,"area_m2":31.1,"dominant":"built_new"},"geometry":{"type":"Polygon","coordinates":[[[127.349189,35.531477],[127.349409,35.531477],[127.349408,35.531296],[127.349188,35.531297],[127.349189,35.531477]]]}},{"type":"Feature","properties":{"pair":"2508-2510","count":1,"area_m2":1642.4,"dominant":"veg_loss"},"geometry":{"type":"Polygon","coordinates":[[[127.349186,35.530756],[127.349406,35.530756],[127.349405,35.530575],[127.349185,35.530576],[127.349186,35.530756]]]}},{"type":"Feature","properties":{"pair":"2508-2510","count":1,"area_m2":77.9,"dominant":"built_new"},"geometry":{"type":"Polygon","coordinates":[[[127.349179,35.529134],[127.349399,35.529133],[127.349398,35.528953],[127.349178,35.528954],[127.349179,35.529134]]]}},{"type":"Feature","properties":{"pair":"2508-2510","count":1,"area_m2":95.2,"dominant":"veg_loss"},"geometry":{"type":"Polygon","coordinates":[[[127.34963,35.531656],[127.349851,35.531656],[127.34985,35.531475],[127.34963,35.531476],[127.34963,35.531656]]]}},{"type":"Feature","properties":{"pair":"2508-2510","count":1,"area_m2":2342.4,"dominant":"veg_loss"},"geometry":{"type":"Polygon","coordinates":[[[127.349626,35.530575],[127.349846,35.530574],[127.349846,35.530394],[127.349625,35.530394],[127.349626,35.530575]]]}},{"type":"Feature","properties":{"pair":"2508-2510","count":1,"area_m2":658.2,"dominant":"veg_loss"},"geometry":{"type":"Polygon","coordinates":[[[127.349853,35.532016],[127.350073,35.532016],[127.350072,35.531835],[127.349852,35.531836],[127.349853,35.532016]]]}},{"type":"Feature","properties":{"pair":"2508-2510","count":1,"area_m2":44.9,"dominant":"built_new"},"geometry":{"type":"Polygon","coordinates":[[[127.349851,35.531656],[127.350072,35.531655],[127.350071,35.531475],[127.34985,35.531475],[127.349851,35.531656]]]}},{"type":"Feature","properties":{"pair":"2508-2510","count":1,"area_m2":420.1,"dominant":"built_new"},"geometry":{"type":"Polygon","coordinates":[[[127.34984,35.529132],[127.350061,35.529131],[127.35006,35.528951],[127.349839,35.528952],[127.34984,35.529132]]]}},{"type":"Feature","properties":{"pair":"2508-2510","count":1,"area_m2":47.8,"dominant":"built_new"},"geometry":{"type":"Polygon","coordinates":[[[127.350058,35.528591],[127.350279,35.52859],[127.350278,35.52841],[127.350057,35.52841],[127.350058,35.528591]]]}},{"type":"Feature","properties":{"pair":"2508-2510","count":2,"area_m2":596.2,"dominant":"veg_loss"},"geometry":{"type":"Polygon","coordinates":[[[127.350287,35.530573],[127.350508,35.530572],[127.350507,35.530392],[127.350287,35.530393],[127.350287,35.530573]]]}},{"type":"Feature","properties":{"pair":"2508-2510","count":1,"area_m2":355.2,"dominant":"built_new"},"geometry":{"type":"Polygon","coordinates":[[[127.350279,35.52859],[127.350499,35.528589],[127.350498,35.528409],[127.350278,35.52841],[127.350279,35.52859]]]}},{"type":"Feature","properties":{"pair":"2508-2510","count":1,"area_m2":134.0,"dominant":"veg_loss"},"geometry":{"type":"Polygon","coordinates":[[[127.350276,35.528049],[127.350497,35.528049],[127.350496,35.527868],[127.350276,35.527869],[127.350276,35.528049]]]}},{"type":"Feature","properties":{"pair":"2508-2510","count":1,"area_m2":1237.4,"dominant":"veg_loss"},"geometry":{"type":"Polygon","coordinates":[[[127.350517,35.532735],[127.350738,35.532735],[127.350737,35.532554],[127.350516,35.532555],[127.350517,35.532735]]]}},{"type":"Feature","properties":{"pair":"2508-2510","count":1,"area_m2":1338.2,"dominant":"veg_loss"},"geometry":{"type":"Polygon","coordinates":[[[127.350516,35.532375],[127.350736,35.532374],[127.350735,35.532194],[127.350515,35.532194],[127.350516,35.532375]]]}},{"type":"Feature","properties":{"pair":"2508-2510","count":1,"area_m2":2359.0,"dominant":"veg_loss"},"geometry":{"type":"Polygon","coordinates":[[[127.350513,35.531834],[127.350734,35.531833],[127.350733,35.531653],[127.350513,35.531654],[127.350513,35.531834]]]}},{"type":"Feature","properties":{"pair":"2508-2510","count":1,"area_m2":29.6,"dominant":"built_new"},"geometry":{"type":"Polygon","coordinates":[[[127.350504,35.529671],[127.350724,35.52967],[127.350724,35.52949],[127.350503,35.529491],[127.350504,35.529671]]]}},{"type":"Feature","properties":{"pair":"2508-2510","count":1,"area_m2":41.4,"dominant":"veg_loss"},"geometry":{"type":"Polygon","coordinates":[[[127.350498,35.528409],[127.350719,35.528408],[127.350718,35.528228],[127.350498,35.528229],[127.350498,35.528409]]]}},{"type":"Feature","properties":{"pair":"2508-2510","count":1,"area_m2":343.1,"dominant":"veg_loss"},"geometry":{"type":"Polygon","coordinates":[[[127.350496,35.527868],[127.350717,35.527868],[127.350716,35.527687],[127.350495,35.527688],[127.350496,35.527868]]]}},{"type":"Feature","properties":{"pair":"2508-2510","count":1,"area_m2":41.8,"dominant":"built_new"},"geometry":{"type":"Polygon","coordinates":[[[127.350495,35.527688],[127.350716,35.527687],[127.350715,35.5276],[127.350495,35.5276],[127.350495,35.527688]]]}},{"type":"Feature","properties":{"pair":"2508-2510","count":1,"area_m2":1620.6,"dominant":"veg_loss"},"geometry":{"type":"Polygon","coordinates":[[[127.350732,35.531293],[127.350952,35.531292],[127.350951,35.531112],[127.350731,35.531112],[127.350732,35.531293]]]}},{"type":"Feature","properties":{"pair":"2508-2510","count":1,"area_m2":268.1,"dominant":"built_new"},"geometry":{"type":"Polygon","coordinates":[[[127.350719,35.528408],[127.350939,35.528408],[127.350939,35.528228],[127.350718,35.528228],[127.350719,35.528408]]]}},{"type":"Feature","properties":{"pair":"2508-2510","count":1,"area_m2":141.5,"dominant":"veg_loss"},"geometry":{"type":"Polygon","coordinates":[[[127.350947,35.53021],[127.351168,35.53021],[127.351167,35.530029],[127.350947,35.53003],[127.350947,35.53021]]]}},{"type":"Feature","properties":{"pair":"2508-2510","count":1,"area_m2":221.8,"dominant":"built_new"},"geometry":{"type":"Polygon","coordinates":[[[127.350941,35.528768],[127.351162,35.528768],[127.351161,35.528587],[127.35094,35.528588],[127.350941,35.528768]]]}},{"type":"Feature","properties":{"pair":"2508-2510","count":1,"area_m2":1427.4,"dominant":"built_new"},"geometry":{"type":"Polygon","coordinates":[[[127.350938,35.528047],[127.351158,35.528047],[127.351158,35.527866],[127.350937,35.527867],[127.350938,35.528047]]]}},{"type":"Feature","properties":{"pair":"2508-2510","count":1,"area_m2":146.5,"dominant":"veg_gain"},"geometry":{"type":"Polygon","coordinates":[[[127.351187,35.534536],[127.351407,35.534535],[127.351406,35.534355],[127.351186,35.534356],[127.351187,35.534536]]]}},{"type":"Feature","properties":{"pair":"2508-2510","count":1,"area_m2":106.0,"dominant":"veg_gain"},"geometry":{"type":"Polygon","coordinates":[[[127.351176,35.532193],[127.351397,35.532192],[127.351396,35.532012],[127.351176,35.532012],[127.351176,35.532193]]]}},{"type":"Feature","properties":{"pair":"2508-2510","count":1,"area_m2":107.1,"dominant":"veg_loss"},"geometry":{"type":"Polygon","coordinates":[[[127.351167,35.530029],[127.351388,35.530029],[127.351387,35.529849],[127.351166,35.529849],[127.351167,35.530029]]]}},{"type":"Feature","properties":{"pair":"2508-2510","count":1,"area_m2":175.4,"dominant":"veg_gain"},"geometry":{"type":"Polygon","coordinates":[[[127.351408,35.5347],[127.351629,35.5347],[127.351628,35.534535],[127.351407,35.534535],[127.351408,35.5347]]]}},{"type":"Feature","properties":{"pair":"2508-2510","count":1,"area_m2":558.4,"dominant":"veg_gain"},"geometry":{"type":"Polygon","coordinates":[[[127.351398,35.532372],[127.351618,35.532372],[127.351618,35.532191],[127.351397,35.532192],[127.351398,35.532372]]]}},{"type":"Feature","properties":{"pair":"2508-2510","count":1,"area_m2":1156.0,"dominant":"veg_loss"},"geometry":{"type":"Polygon","coordinates":[[[127.35139,35.53057],[127.35161,35.530569],[127.35161,35.530389],[127.351389,35.530389],[127.35139,35.53057]]]}},{"type":"Feature","properties":{"pair":"2508-2510","count":1,"area_m2":148.2,"dominant":"veg_loss"},"geometry":{"type":"Polygon","coordinates":[[[127.351388,35.530209],[127.351609,35.530208],[127.351608,35.530028],[127.351388,35.530029],[127.351388,35.530209]]]}},{"type":"Feature","properties":{"pair":"2508-2510","count":1,"area_m2":805.4,"dominant":"veg_loss"},"geometry":{"type":"Polygon","coordinates":[[[127.351388,35.530029],[127.351608,35.530028],[127.351607,35.529848],[127.351387,35.529849],[127.351388,35.530029]]]}},{"type":"Feature","properties":{"pair":"2508-2510","count":1,"area_m2":73.4,"dominant":"built_new"},"geometry":{"type":"Polygon","coordinates":[[[127.351377,35.527685],[127.351598,35.527685],[127.351597,35.5276],[127.351377,35.5276],[127.351377,35.527685]]]}},{"type":"Feature","properties":{"pair":"2508-2510","count":1,"area_m2":41.4,"dominant":"veg_gain"},"geometry":{"type":"Polygon","coordinates":[[[127.351622,35.533273],[127.351843,35.533272],[127.351842,35.533092],[127.351621,35.533093],[127.351622,35.533273]]]}},{"type":"Feature","properties":{"pair":"2508-2510","count":1,"area_m2":60.8,"dominant":"veg_gain"},"geometry":{"type":"Polygon","coordinates":[[[127.35162,35.532732],[127.35184,35.532731],[127.35184,35.532551],[127.351619,35.532552],[127.35162,35.532732]]]}},{"type":"Feature","properties":{"pair":"2508-2510","count":1,"area_m2":79.6,"dominant":"built_new"},"geometry":{"type":"Polygon","coordinates":[[[127.351618,35.532191],[127.351838,35.532191],[127.351837,35.53201],[127.351617,35.532011],[127.351618,35.532191]]]}},{"type":"Feature","properties":{"pair":"2508-2510","count":1,"area_m2":597.5,"dominant":"veg_loss"},"geometry":{"type":"Polygon","coordinates":[[[127.351607,35.529848],[127.351828,35.529847],[127.351827,35.529667],[127.351607,35.529668],[127.351607,35.529848]]]}},{"type":"Feature","properties":{"pair":"2508-2510","count":1,"area_m2":153.9,"dominant":"veg_gain"},"geometry":{"type":"Polygon","coordinates":[[[127.351848,35.534534],[127.352069,35.534533],[127.352068,35.534353],[127.351847,35.534354],[127.351848,35.534534]]]}},{"type":"Feature","properties":{"pair":"2508-2510","count":1,"area_m2":296.1,"dominant":"built_new"},"geometry":{"type":"Polygon","coordinates":[[[127.351827,35.529667],[127.352048,35.529666],[127.352047,35.529486],[127.351826,35.529487],[127.351827,35.529667]]]}},{"type":"Feature","properties":{"pair":"2508-2510","count":1,"area_m2":25.9,"dominant":"built_new"},"geometry":{"type":"Polygon","coordinates":[[[127.352059,35.53219],[127.352279,35.532189],[127.352278,35.532009],[127.352058,35.53201],[127.352059,35.53219]]]}},{"type":"Feature","properties":{"pair":"2508-2510","count":1,"area_m2":49.9,"dominant":"veg_gain"},"geometry":{"type":"Polygon","coordinates":[[[127.352286,35.533812],[127.352507,35.533811],[127.352506,35.533631],[127.352285,35.533631],[127.352286,35.533812]]]}},{"type":"Feature","properties":{"pair":"2508-2510","count":1,"area_m2":41.0,"dominant":"veg_gain"},"geometry":{"type":"Polygon","coordinates":[[[127.352277,35.531649],[127.352497,35.531648],[127.352496,35.531468],[127.352276,35.531468],[127.352277,35.531649]]]}},{"type":"Feature","properties":{"pair":"2508-2510","count":1,"area_m2":38.6,"dominant":"built_new"},"geometry":{"type":"Polygon","coordinates":[[[127.352274,35.530928],[127.352494,35.530927],[127.352493,35.530747],[127.352273,35.530747],[127.352274,35.530928]]]}},{"type":"Feature","properties":{"pair":"2508-2510","count":1,"area_m2":2545.5,"dominant":"veg_loss"},"geometry":{"type":"Polygon","coordinates":[[[127.352268,35.529666],[127.352489,35.529665],[127.352488,35.529485],[127.352267,35.529485],[127.352268,35.529666]]]}},{"type":"Feature","properties":{"pair":"2508-2510","count":1,"area_m2":238.1,"dominant":"veg_gain"},"geometry":{"type":"Polygon","coordinates":[[[127.352507,35.533991],[127.352728,35.533991],[127.352727,35.53381],[127.352507,35.533811],[127.352507,35.533991]]]}},{"type":"Feature","properties":{"pair":"2508-2510","count":1,"area_m2":84.4,"dominant":"built_new"},"geometry":{"type":"Polygon","coordinates":[[[127.352503,35.53291],[127.352723,35.532909],[127.352722,35.532729],[127.352502,35.532729],[127.352503,35.53291]]]}},{"type":"Feature","properties":{"pair":"2508-2510","count":1,"area_m2":54.2,"dominant":"built_new"},"geometry":{"type":"Polygon","coordinates":[[[127.3525,35.532369],[127.352721,35.532368],[127.35272,35.532188],[127.3525,35.532189],[127.3525,35.532369]]]}},{"type":"Feature","properties":{"pair":"2508-2510","count":1,"area_m2":79.8,"dominant":"built_new"},"geometry":{"type":"Polygon","coordinates":[[[127.352496,35.531287],[127.352716,35.531287],[127.352715,35.531107],[127.352495,35.531107],[127.352496,35.531287]]]}},{"type":"Feature","properties":{"pair":"2508-2510","count":1,"area_m2":330.8,"dominant":"veg_gain"},"geometry":{"type":"Polygon","coordinates":[[[127.352481,35.527863],[127.352701,35.527862],[127.3527,35.527682],[127.35248,35.527682],[127.352481,35.527863]]]}},{"type":"Feature","properties":{"pair":"2508-2510","count":1,"area_m2":1570.5,"dominant":"built_new"},"geometry":{"type":"Polygon","coordinates":[[[127.353162,35.532367],[127.353382,35.532366],[127.353382,35.532186],[127.353161,35.532187],[127.353162,35.532367]]]}},{"type":"Feature","properties":{"pair":"2508-2510","count":1,"area_m2":1370.1,"dominant":"veg_loss"},"geometry":{"type":"Polygon","coordinates":[[[127.353148,35.529122],[127.353368,35.529122],[127.353367,35.528942],[127.353147,35.528942],[127.353148,35.529122]]]}},{"type":"Feature","properties":{"pair":"2508-2510","count":1,"area_m2":227.8,"dominant":"built_new"},"geometry":{"type":"Polygon","coordinates":[[[127.353391,35.534349],[127.353612,35.534349],[127.353611,35.534168],[127.35339,35.534169],[127.353391,35.534349]]]}},{"type":"Feature","properties":{"pair":"2508-2510","count":1,"area_m2":1620.6,"dominant":"built_new"},"geometry":{"type":"Polygon","coordinates":[[[127.353381,35.532006],[127.353601,35.532005],[127.353601,35.531825],[127.35338,35.531826],[127.353381,35.532006]]]}},{"type":"Feature","properties":{"pair":"2508-2510","count":1,"area_m2":1427.9,"dominant":"veg_loss"},"geometry":{"type":"Polygon","coordinates":[[[127.353379,35.531645],[127.3536,35.531645],[127.353599,35.531464],[127.353379,35.531465],[127.353379,35.531645]]]}},{"type":"Feature","properties":{"pair":"2508-2510","count":1,"area_m2":118.9,"dominant":"veg_loss"},"geometry":{"type":"Polygon","coordinates":[[[127.353367,35.528942],[127.353588,35.528941],[127.353587,35.528761],[127.353367,35.528761],[127.353367,35.528942]]]}},{"type":"Feature","properties":{"pair":"2508-2510","count":1,"area_m2":1892.6,"dominant":"veg_loss"},"geometry":{"type":"Polygon","coordinates":[[[127.353598,35.531284],[127.353819,35.531284],[127.353818,35.531103],[127.353597,35.531104],[127.353598,35.531284]]]}},{"type":"Feature","properties":{"pair":"2508-2510","count":1,"area_m2":158.6,"dominant":"veg_loss"},"geometry":{"type":"Polygon","coordinates":[[[127.353596,35.530743],[127.353816,35.530743],[127.353816,35.530563],[127.353595,35.530563],[127.353596,35.530743]]]}},{"type":"Feature","properties":{"pair":"2508-2510","count":1,"area_m2":151.5,"dominant":"built_new"},"geometry":{"type":"Polygon","coordinates":[[[127.35359,35.529301],[127.35381,35.529301],[127.353809,35.52912],[127.353589,35.529121],[127.35359,35.529301]]]}},{"type":"Feature","properties":{"pair":"2508-2510","count":1,"area_m2":101.6,"dominant":"veg_loss"},"geometry":{"type":"Polygon","coordinates":[[[127.353587,35.528761],[127.353808,35.52876],[127.353807,35.52858],[127.353586,35.52858],[127.353587,35.528761]]]}},{"type":"Feature","properties":{"pair":"2508-2510","count":1,"area_m2":75.4,"dominant":"built_new"},"geometry":{"type":"Polygon","coordinates":[[[127.353831,35.534168],[127.354052,35.534167],[127.354051,35.533987],[127.353831,35.533987],[127.353831,35.534168]]]}},{"type":"Feature","properties":{"pair":"2508-2510","count":1,"area_m2":428.6,"dominant":"veg_loss"},"geometry":{"type":"Polygon","coordinates":[[[127.353815,35.530382],[127.354035,35.530382],[127.354035,35.530201],[127.353814,35.530202],[127.353815,35.530382]]]}},{"type":"Feature","properties":{"pair":"2508-2510","count":1,"area_m2":37.8,"dominant":"veg_gain"},"geometry":{"type":"Polygon","coordinates":[[[127.35404,35.531463],[127.354261,35.531463],[127.35426,35.531282],[127.354039,35.531283],[127.35404,35.531463]]]}},{"type":"Feature","properties":{"pair":"2508-2510","count":1,"area_m2":242.4,"dominant":"veg_loss"},"geometry":{"type":"Polygon","coordinates":[[[127.354034,35.530021],[127.354254,35.53002],[127.354253,35.52984],[127.354033,35.529841],[127.354034,35.530021]]]}},{"type":"Feature","properties":{"pair":"2508-2510","count":1,"area_m2":55.5,"dominant":"veg_loss"},"geometry":{"type":"Polygon","coordinates":[[[127.354027,35.528399],[127.354247,35.528398],[127.354246,35.528218],[127.354026,35.528219],[127.354027,35.528399]]]}},{"type":"Feature","properties":{"pair":"2508-2510","count":1,"area_m2":45.1,"dominant":"veg_loss"},"geometry":{"type":"Polygon","coordinates":[[[127.354254,35.53002],[127.354475,35.53002],[127.354474,35.52984],[127.354253,35.52984],[127.354254,35.53002]]]}},{"type":"Feature","properties":{"pair":"2508-2510","count":1,"area_m2":154.5,"dominant":"built_new"},"geometry":{"type":"Polygon","coordinates":[[[127.354483,35.532003],[127.354704,35.532002],[127.354703,35.531822],[127.354483,35.531822],[127.354483,35.532003]]]}},{"type":"Feature","properties":{"pair":"2508-2510","count":1,"area_m2":112.6,"dominant":"veg_loss"},"geometry":{"type":"Polygon","coordinates":[[[127.354475,35.53002],[127.354695,35.530019],[127.354694,35.529839],[127.354474,35.52984],[127.354475,35.53002]]]}},{"type":"Feature","properties":{"pair":"2508-2510","count":1,"area_m2":1180.0,"dominant":"veg_loss"},"geometry":{"type":"Polygon","coordinates":[[[127.354473,35.529659],[127.354694,35.529659],[127.354693,35.529478],[127.354472,35.529479],[127.354473,35.529659]]]}},{"type":"Feature","properties":{"pair":"2508-2510","count":1,"area_m2":309.8,"dominant":"veg_loss"},"geometry":{"type":"Polygon","coordinates":[[[127.354469,35.528758],[127.35469,35.528757],[127.354689,35.528577],[127.354468,35.528578],[127.354469,35.528758]]]}},{"type":"Feature","properties":{"pair":"2508-2510","count":1,"area_m2":1557.2,"dominant":"built_new"},"geometry":{"type":"Polygon","coordinates":[[[127.354465,35.527857],[127.354686,35.527856],[127.354685,35.527676],[127.354464,35.527676],[127.354465,35.527857]]]}},{"type":"Feature","properties":{"pair":"2508-2510","count":1,"area_m2":76.0,"dominant":"built_new"},"geometry":{"type":"Polygon","coordinates":[[[127.354706,35.532363],[127.354926,35.532362],[127.354925,35.532182],[127.354705,35.532182],[127.354706,35.532363]]]}},{"type":"Feature","properties":{"pair":"2508-2510","count":1,"area_m2":1810.8,"dominant":"built_new"},"geometry":{"type":"Polygon","coordinates":[[[127.354687,35.528036],[127.354907,35.528036],[127.354906,35.527855],[127.354686,35.527856],[127.354687,35.528036]]]}},{"type":"Feature","properties":{"pair":"2508-2510","count":1,"area_m2":1001.0,"dominant":"veg_loss"},"geometry":{"type":"Polygon","coordinates":[[[127.35513,35.528576],[127.35535,35.528575],[127.35535,35.528395],[127.355129,35.528396],[127.35513,35.528576]]]}},{"type":"Feature","properties":{"pair":"2508-2510","count":1,"area_m2":55.8,"dominant":"built_new"},"geometry":{"type":"Polygon","coordinates":[[[127.355367,35.532361],[127.355588,35.53236],[127.355587,35.53218],[127.355366,35.53218],[127.355367,35.532361]]]}},{"type":"Feature","properties":{"pair":"2508-2510","count":1,"area_m2":280.1,"dominant":"veg_loss"},"geometry":{"type":"Polygon","coordinates":[[[127.355353,35.529116],[127.355573,35.529115],[127.355573,35.528935],[127.355352,35.528936],[127.355353,35.529116]]]}},{"type":"Feature","properties":{"pair":"2508-2510","count":1,"area_m2":1178.4,"dominant":"veg_loss"},"geometry":{"type":"Polygon","coordinates":[[[127.355351,35.528755],[127.355572,35.528755],[127.355571,35.528575],[127.35535,35.528575],[127.355351,35.528755]]]}},{"type":"Feature","properties":{"pair":"2508-2510","count":1,"area_m2":32.6,"dominant":"veg_gain"},"geometry":{"type":"Polygon","coordinates":[[[127.355594,35.533802],[127.355815,35.533801],[127.355814,35.533621],[127.355593,35.533622],[127.355594,35.533802]]]}},{"type":"Feature","properties":{"pair":"2508-2510","count":1,"area_m2":382.9,"dominant":"veg_gain"},"geometry":{"type":"Polygon","coordinates":[[[127.355592,35.533441],[127.355813,35.533441],[127.355812,35.533261],[127.355592,35.533261],[127.355592,35.533441]]]}},{"type":"Feature","properties":{"pair":"2508-2510","count":1,"area_m2":72.9,"dominant":"veg_loss"},"geometry":{"type":"Polygon","coordinates":[[[127.355575,35.529476],[127.355795,35.529475],[127.355795,35.529295],[127.355574,35.529296],[127.355575,35.529476]]]}},{"type":"Feature","properties":{"pair":"2508-2510","count":1,"area_m2":63.4,"dominant":"veg_loss"},"geometry":{"type":"Polygon","coordinates":[[[127.355573,35.529115],[127.355794,35.529115],[127.355793,35.528934],[127.355573,35.528935],[127.355573,35.529115]]]}},{"type":"Feature","properties":{"pair":"2508-2510","count":1,"area_m2":121.0,"dominant":"built_new"},"geometry":{"type":"Polygon","coordinates":[[[127.355805,35.531638],[127.356026,35.531638],[127.356025,35.531457],[127.355804,35.531458],[127.355805,35.531638]]]}},{"type":"Feature","properties":{"pair":"2508-2510","count":1,"area_m2":306.5,"dominant":"veg_loss"},"geometry":{"type":"Polygon","coordinates":[[[127.355795,35.529295],[127.356015,35.529294],[127.356014,35.529114],[127.355794,35.529115],[127.355795,35.529295]]]}},{"type":"Feature","properties":{"pair":"2508-2510","count":1,"area_m2":45.4,"dominant":"built_new"},"geometry":{"type":"Polygon","coordinates":[[[127.355787,35.527673],[127.356008,35.527672],[127.356007,35.5276],[127.355787,35.5276],[127.355787,35.527673]]]}},{"type":"Feature","properties":{"pair":"2508-2510","count":1,"area_m2":197.5,"dominant":"veg_loss"},"geometry":{"type":"Polygon","coordinates":[[[127.356039,35.5347],[127.35626,35.5347],[127.356259,35.534521],[127.356038,35.534522],[127.356039,35.5347]]]}},{"type":"Feature","properties":{"pair":"2508-2510","count":1,"area_m2":418.6,"dominant":"veg_loss"},"geometry":{"type":"Polygon","coordinates":[[[127.356038,35.534522],[127.356259,35.534521],[127.356258,35.534341],[127.356037,35.534341],[127.356038,35.534522]]]}},{"type":"Feature","properties":{"pair":"2508-2510","count":1,"area_m2":96.0,"dominant":"veg_gain"},"geometry":{"type":"Polygon","coordinates":[[[127.356035,35.533801],[127.356256,35.5338],[127.356255,35.53362],[127.356034,35.53362],[127.356035,35.533801]]]}},{"type":"Feature","properties":{"pair":"2508-2510","count":1,"area_m2":1561.2,"dominant":"veg_loss"},"geometry":{"type":"Polygon","coordinates":[[[127.356017,35.529655],[127.356237,35.529654],[127.356236,35.529474],[127.356016,35.529474],[127.356017,35.529655]]]}},{"type":"Feature","properties":{"pair":"2508-2510","count":1,"area_m2":306.5,"dominant":"built_new"},"geometry":{"type":"Polygon","coordinates":[[[127.35601,35.528032],[127.35623,35.528032],[127.356229,35.527852],[127.356009,35.527852],[127.35601,35.528032]]]}},{"type":"Feature","properties":{"pair":"2508-2510","count":1,"area_m2":195.2,"dominant":"veg_loss"},"geometry":{"type":"Polygon","coordinates":[[[127.35624,35.530375],[127.356461,35.530374],[127.35646,35.530194],[127.35624,35.530195],[127.35624,35.530375]]]}},{"type":"Feature","properties":{"pair":"2508-2510","count":1,"area_m2":1180.6,"dominant":"veg_loss"},"geometry":{"type":"Polygon","coordinates":[[[127.35624,35.530195],[127.35646,35.530194],[127.356459,35.530014],[127.356239,35.530015],[127.35624,35.530195]]]}},{"type":"Feature","properties":{"pair":"2508-2510","count":1,"area_m2":1612.4,"dominant":"veg_loss"},"geometry":{"type":"Polygon","coordinates":[[[127.356479,35.53434],[127.356699,35.534339],[127.356698,35.534159],[127.356478,35.53416],[127.356479,35.53434]]]}},{"type":"Feature","properties":{"pair":"2508-2510","count":1,"area_m2":36.1,"dominant":"veg_loss"},"geometry":{"type":"Polygon","coordinates":[[[127.356474,35.533259],[127.356694,35.533258],[127.356693,35.533078],[127.356473,35.533078],[127.356474,35.533259]]]}},{"type":"Feature","properties":{"pair":"2508-2510","count":1,"area_m2":413.1,"dominant":"veg_loss"},"geometry":{"type":"Polygon","coordinates":[[[127.356472,35.532898],[127.356693,35.532897],[127.356692,35.532717],[127.356471,35.532718],[127.356472,35.532898]]]}},{"type":"Feature","properties":{"pair":"2508-2510","count":1,"area_m2":35.1,"dominant":"veg_loss"},"geometry":{"type":"Polygon","coordinates":[[[127.356471,35.532718],[127.356692,35.532717],[127.356691,35.532537],[127.356471,35.532538],[127.356471,35.532718]]]}},{"type":"Feature","properties":{"pair":"2508-2510","count":1,"area_m2":995.9,"dominant":"veg_loss"},"geometry":{"type":"Polygon","coordinates":[[[127.35647,35.532357],[127.35669,35.532357],[127.356689,35.532176],[127.356469,35.532177],[127.35647,35.532357]]]}},{"type":"Feature","properties":{"pair":"2508-2510","count":1,"area_m2":537.0,"dominant":"veg_loss"},"geometry":{"type":"Polygon","coordinates":[[[127.356468,35.531997],[127.356689,35.531996],[127.356688,35.531816],[127.356467,35.531817],[127.356468,35.531997]]]}},{"type":"Feature","properties":{"pair":"2508-2510","count":1,"area_m2":297.0,"dominant":"veg_loss"},"geometry":{"type":"Polygon","coordinates":[[[127.356467,35.531636],[127.356687,35.531636],[127.356686,35.531455],[127.356466,35.531456],[127.356467,35.531636]]]}},{"type":"Feature","properties":{"pair":"2508-2510","count":1,"area_m2":178.1,"dominant":"veg_loss"},"geometry":{"type":"Polygon","coordinates":[[[127.356465,35.531276],[127.356685,35.531275],[127.356685,35.531095],[127.356464,35.531096],[127.356465,35.531276]]]}},{"type":"Feature","properties":{"pair":"2508-2510","count":1,"area_m2":846.8,"dominant":"veg_loss"},"geometry":{"type":"Polygon","coordinates":[[[127.356464,35.531096],[127.356685,35.531095],[127.356684,35.530915],[127.356463,35.530915],[127.356464,35.531096]]]}},{"type":"Feature","properties":{"pair":"2508-2510","count":1,"area_m2":483.1,"dominant":"built_new"},"geometry":{"type":"Polygon","coordinates":[[[127.356463,35.530735],[127.356683,35.530734],[127.356682,35.530554],[127.356462,35.530555],[127.356463,35.530735]]]}},{"type":"Feature","properties":{"pair":"2508-2510","count":1,"area_m2":678.6,"dominant":"built_new"},"geometry":{"type":"Polygon","coordinates":[[[127.35645,35.527851],[127.35667,35.52785],[127.35667,35.52767],[127.356449,35.527671],[127.35645,35.527851]]]}}]}