{"type":"FeatureCollection","source":"raqoon886/Local_HangJeongDong (vuski/admdongkor 2021-04 스냅샷 재배포, 원출처: 행정안전부·통계청 SGIS 행정동 경계) — https://raw.githubusercontent.com/raqoon886/Local_HangJeongDong/master/","license":"CC BY 4.0 + 공공누리 제1유형(출처표시 필요) — https://github.com/vuski/admdongkor/blob/master/LICENSE-DATA","note":"시도 17개, mapshaper -simplify 3% keep-shapes -clean 으로 단순화. 강원/전북은 특별자치도 개편 후 코드(51/52)·이름 반영.","features":[{"type":"Feature","geometry":{"type":"Polygon","coordinates":[[[127.10928347342096,38.29203792732757],[127.11398702610802,38.265273921744175],[127.11300460083339,38.23758900900872],[127.13053837374306,38.23255916673148],[127.14696814872318,38.239722275999355],[127.16249235500516,38.232217925242395],[127.15947056621974,38.219414149448234],[127.16956026722144,38.21384980246252],[127.16650186496979,38.197819866591416],[127.18604370683755,38.173386669057145],[127.19024747407065,38.160421509749916],[127.2232670267822,38.14685891066471],[127.23962070025576,38.15454358542318],[127.26351785637148,38.17146468754579],[127.26651250468001,38.18063596132898],[127.28282663771587,38.18290914031535],[127.28933234404917,38.17689840006826],[127.28723617949436,38.15232810796395],[127.27577328510935,38.13722262503154],[127.28320437386895,38.1164800682054],[127.31129173574625,38.115973997083216],[127.32119209688913,38.09522494022175],[127.370614449889,38.10984034262852],[127.37826911673258,38.117756144440364],[127.4033990132338,38.112894580084294],[127.41518843056475,38.10366959399841],[127.43056731236592,38.115281264381494],[127.4410047744206,38.10817136032753],[127.44693535174169,38.07951681271226],[127.44565558352299,38.05098204376955],[127.45798948551693,38.016233286625365],[127.47215844450999,38.006064222511974],[127.50141198893405,37.99955782583657],[127.53974106686961,38.00118093678474],[127.54709511644722,37.97976302250852],[127.54432614845655,37.96812054696053],[127.57322232999005,37.96405466627026],[127.60299370955819,37.95509527270969],[127.61376096988457,37.93938624574545],[127.61258879816008,37.925268487333724],[127.6177309308248,37.90661254597479],[127.60110054842946,37.874622793254424],[127.57471362562084,37.87159461939223],[127.56242460929934,37.855476814424456],[127.52927275935066,37.838905235791906],[127.52504655621686,37.82399425926164],[127.53589930568616,37.80922590566791],[127.52154435341632,37.79278012620627],[127.54457424163989,37.761090412816465],[127.53607877025975,37.750278436564756],[127.51312280050713,37.73758636779726],[127.5408031201987,37.719090623597396],[127.55209321226285,37.728261718899105],[127.56103052439099,37.71821687857934],[127.55063112446692,37.6878013299184],[127.5528071283113,37.66154695114282],[127.53701864951356,37.6430018516369],[127.55898162627281,37.628449266439425],[127.57951153060048,37.63312665682728],[127.5856800944199,37.642106551595354],[127.60234796111283,37.65133942680822],[127.62799459517598,37.6423249820805],[127.65336880455327,37.622340195608956],[127.66772241045682,37.61722206929929],[127.70024804465213,37.59667009532592],[127.70812498323647,37.58640159279938],[127.72311434203976,37.59062627296918],[127.73947313456856,37.5871632657897],[127.75349455431747,37.591875449917666],[127.7662161735014,37.58297809765813],[127.78290969729544,37.57869055767416],[127.79275148958276,37.58532938834979],[127.80972765865407,37.5733686479476],[127.8129040883365,37.56464099341878],[127.83995354851402,37.55950406741119],[127.8494476999771,37.55321122766271],[127.84239865804936,37.5390232152675],[127.80638497550575,37.535010032688085],[127.80507340397459,37.53024459260954],[127.77394366986321,37.50609486975266],[127.75936248977963,37.503656793329405],[127.76033484886128,37.492341617188025],[127.78059799790965,37.48817565523022],[127.79634616728974,37.46360932602025],[127.80396065780599,37.42911667669638],[127.7946084606242,37.424248778814025],[127.77779778784806,37.37119533935394],[127.75948478241624,37.36704394037488],[127.75778951782868,37.34621233435803],[127.76768239764084,37.30289227872186],[127.75476517652099,37.29769229064109],[127.75830778668016,37.25802651137657],[127.7488583733141,37.247479673328996],[127.74791916960423,37.21667839805168],[127.7438675124452,37.210370373113115],[127.75393661829371,37.17616205132729],[127.7625379614898,37.162614050368944],[127.78951349052662,37.14440303109371],[127.81474819772542,37.146553362270204],[127.82506525499656,37.15220616781451],[127.848872853377,37.1531948962768],[127.85161791775444,37.15949998768811],[127.87252526977355,37.16434172927156],[127.90197392866645,37.152048204058055],[127.90854796288203,37.167257403462465],[127.92277546331417,37.164445495470844],[127.93351357098904,37.17589193584847],[127.93655285426105,37.18880810945746],[127.93237639539345,37.20749530322175],[127.92129035109753,37.22574591370968],[127.9479150645356,37.246792962843664],[127.98505364111033,37.25816305366536],[128.0190381738289,37.244398646077755],[128.01988603325051,37.23462413897961],[128.03924450609313,37.215392335397496],[128.02994757539392,37.203574976872446],[128.0395007210973,37.18880686495455],[128.07881081963612,37.194010129244525],[128.11167993330818,37.20800761197883],[128.1252284059204,37.22265397986923],[128.12647247761834,37.23464514417714],[128.15337659005763,37.21620723481239],[128.1731489056099,37.21914239084364],[128.17418234504024,37.23252663191946],[128.1945047289938,37.24576752025152],[128.20793564006578,37.24892024179378],[128.2322214294532,37.22655102951004],[128.25029048918384,37.22948081375493],[128.2690235837032,37.20805171300362],[128.2882655216508,37.215019267454466],[128.30855915912034,37.21691585562825],[128.31662080271602,37.22340689492203],[128.33050428505544,37.21653824234493],[128.3274418330197,37.19875351086023],[128.29592435558374,37.183064751436646],[128.29818180770812,37.17229818906015],[128.27628573333595,37.172047211556226],[128.26472840436327,37.16054778211382],[128.2798988201603,37.14260200286813],[128.30434056833178,37.13722990833046],[128.31147808153892,37.14537572881674],[128.35033050114936,37.15793202002893],[128.37710358832652,37.15164263433362],[128.38437070368178,37.15818443043261],[128.4010075821503,37.14637550407265],[128.39600142673004,37.12892152298685],[128.4179798807952,37.12020533695532],[128.4231344904795,37.103358887334544],[128.43793794337552,37.11112135328864],[128.48055255034737,37.11162961635973],[128.48671522753136,37.120164012415145],[128.51263951012353,37.11332322109179],[128.51477377259334,37.10332781683854],[128.53413337498083,37.098851164836105],[128.53797192832013,37.09004499902925],[128.5621251807379,37.09036183746246],[128.59166314499646,37.07820899103596],[128.605940938885,37.07661727171556],[128.6227568584795,37.087132449617044],[128.62830311608957,37.07497994167575],[128.65222772050285,37.06545686450225],[128.68867294388707,37.05307122354835],[128.7007065614917,37.0409957158272],[128.71860298521065,37.04395972094713],[128.73474257012793,37.0401401788586],[128.75189847212044,37.02847415456862],[128.7617179450584,37.035230895980675],[128.75201972687213,37.05753824746847],[128.76501273390153,37.06399449868631],[128.7850618412732,37.0877200968684],[128.8028731852004,37.08535532962941],[128.80858959247206,37.077534548864755],[128.82697576609246,37.07810122371648],[128.8466291230152,37.05216098166359],[128.86643183491967,37.04833662527341],[128.87757227463638,37.05263624953276],[128.89727242646092,37.045754986873504],[128.89736772711348,37.05786704775429],[128.909729295424,37.066867004639555],[128.92054445335728,37.09065666984877],[128.9445868582942,37.09508313169702],[128.96030899377655,37.077439719546845],[128.9695552465402,37.082132339815594],[128.99521615662303,37.0812229698105],[129.03431240161584,37.07575951594678],[129.0616878698973,37.06557206348228],[129.07293633650812,37.09087635177605],[129.09579552619093,37.10046144957338],[129.1187813796592,37.092916631623375],[129.14072399520938,37.08167440213893],[129.19457508062658,37.04057305263107],[129.22508862838313,37.04453678695889],[129.2332227769676,37.064195816295715],[129.225583726297,37.07340308868119],[129.2496316242985,37.09588301368246],[129.26605027225,37.102313979946686],[129.27200447079954,37.117018953996315],[129.29446077148563,37.11440569236826],[129.2981865549781,37.12453925551198],[129.32472535058406,37.141712035824874],[129.36409557005865,37.14636173194536],[129.34705368033704,37.167800738373515],[129.33979867312286,37.19354742597991],[129.34789984547734,37.20952650262144],[129.34130928135406,37.225639164393186],[129.3568430793613,37.23549406127788],[129.34901877011885,37.24787575673278],[129.32707218480687,37.265715935322845],[129.32922382753932,37.28034789286372],[129.3008605280027,37.29317487106971],[129.29921500467125,37.310343448546035],[129.28816525005922,37.309865314479715],[129.26982901452712,37.322674434859955],[129.26813005288923,37.33895623604284],[129.2512172674395,37.36345303415591],[129.25244522039634,37.38033549181829],[129.21439037535043,37.40156296372985],[129.19321845219199,37.424162237203845],[129.19013187617264,37.45163580801911],[129.17198658158037,37.46666157295044],[129.12434174162888,37.51732009424952],[129.1247836756354,37.52581489265964],[129.11296516851766,37.539394478387294],[129.1221523300926,37.55782219729343],[129.11704186884498,37.57622561628861],[129.07304244877784,37.60606739987551],[129.05430313472863,37.62144117420835],[129.04426477333163,37.643186375766454],[129.05717647374,37.658848231207934],[129.0581373289492,37.67260347133816],[129.01438978053824,37.707580808282735],[128.99633503566008,37.72558188367592],[128.98486123990602,37.74223615724306],[128.95364353137833,37.76567139499151],[128.87927953308767,37.8296629004923],[128.87577337739071,37.841458215221216],[128.8487790990681,37.864173559903804],[128.83053066065253,37.88392734538404],[128.83429776180088,37.8996308448229],[128.7904486095762,37.93457176774625],[128.79053269530488,37.945136973120164],[128.77313224121664,37.95500772671328],[128.76025676344543,37.97668375740025],[128.73419519153992,38.00756987186197],[128.72637903069477,38.024038532803786],[128.70255580236383,38.04114592692758],[128.67645423417693,38.0681310966281],[128.66245354810476,38.09245731149085],[128.63590647713963,38.11640393559278],[128.63402707252888,38.12411597601839],[128.60959985751538,38.15112255069337],[128.60928154423738,38.18367953486844],[128.5970652953453,38.198428526034476],[128.5962734650544,38.21616969717751],[128.5848693757468,38.2315894236053],[128.5899194148165,38.24227471454289],[128.58345350220748,38.255222752398694],[128.5688118175425,38.2688599200774],[128.55106139642928,38.31421205225177],[128.53969263805936,38.32470036100585],[128.5377180429746,38.337599260198864],[128.5263448189687,38.338391372042516],[128.5160689681487,38.35755245106663],[128.51580126413398,38.371675957465264],[128.49803218707785,38.384736891484195],[128.47186971035353,38.41044084459235],[128.4546723841928,38.43986175060615],[128.46194215541706,38.45494047109109],[128.42324920277738,38.50608365649372],[128.423301838673,38.522525919718504],[128.40615161167696,38.54156820470865],[128.4077615205765,38.554150734175295],[128.37185322424025,38.59264336279964],[128.3599677080346,38.60935614781241],[128.35104852157048,38.61369297853044],[128.32126075732796,38.60958293946924],[128.3108732401295,38.59200838647009],[128.3152837674308,38.564467177603404],[128.30968597926451,38.525273662320934],[128.31327305479218,38.515054629215854],[128.30545298391672,38.506746609708685],[128.30143607666056,38.472047657537104],[128.2822230136982,38.43526342703741],[128.2490106801817,38.412642144456775],[128.2430558203424,38.402526211869315],[128.21560922706269,38.38225715265505],[128.15066610912592,38.35135593478066],[128.0634822189825,38.31351412173749],[127.97743413850404,38.32045038749896],[127.97265766758706,38.32840845439136],[127.95051188736973,38.32797715564583],[127.9254241336277,38.33720391128758],[127.8843841217516,38.34360075508558],[127.8436638034625,38.32982899796181],[127.80227126382236,38.32527233371551],[127.79374844048618,38.33127582632857],[127.77754244178908,38.3537612755625],[127.75794234960667,38.34576369489415],[127.74673399203137,38.348168643733395],[127.73007681810564,38.33773334557975],[127.6999355608067,38.34337588555975],[127.6901960972791,38.333154733613256],[127.67515056443,38.330044080794245],[127.63836277236952,38.32912351577779],[127.6174537897225,38.33278456526949],[127.6069405172721,38.34070379598134],[127.58808556342372,38.34010595488557],[127.5416508485394,38.32523957571901],[127.50847482254142,38.30377590823776],[127.48677546967485,38.3036874877716],[127.47535668539749,38.318084976416934],[127.44910877559956,38.317224132028265],[127.42454382515973,38.33433263193051],[127.38794035339943,38.33999925768193],[127.3480830441946,38.32898008671102],[127.33831898739481,38.33202644682712],[127.31063453990001,38.31689600115117],[127.29401655608655,38.327388705275915],[127.25902579923529,38.33176786931774],[127.24358622383109,38.33871941280145],[127.19679732087721,38.318879416601234],[127.18205348837516,38.317164339454656],[127.16781961803694,38.32314915117934],[127.1592899917541,38.3343046965351],[127.14327913342187,38.329145130033176],[127.13735319702526,38.309774398936625],[127.10928347342096,38.29203792732757]]]},"properties":{"code":"51","name":"강원특별자치도"}},{"type":"Feature","geometry":{"type":"MultiPolygon","coordinates":[[[[127.10928347342096,38.29203792732757],[127.0703833786031,38.27072760003676],[127.02589845633237,38.25726634937454],[126.99736809953828,38.24172508804528],[126.97681089639649,38.23475987773643],[126.9839544298135,38.21212288819215],[126.96500555578136,38.19778368009664],[126.95248560587332,38.21058678337159],[126.92571284714981,38.20357671573717],[126.89533413386982,38.20452708423568],[126.87296943934071,38.22307678822598],[126.82578625833756,38.19820907808756],[126.80063016123295,38.18100473449904],[126.76978939492666,38.15474955893102],[126.7480633194675,38.127802544460295],[126.76977494430673,38.107032777609746],[126.7845359856545,38.099871737124715],[126.78019754643017,38.08608527432982],[126.79614464613839,38.082131809813305],[126.80650958421485,38.08725741339115],[126.83608170440101,38.08811767269413],[126.85025193556596,38.09494507570746],[126.86694940752719,38.080318587976784],[126.89328396554818,38.074385212629814],[126.89282457259182,38.051339669284324],[126.87254005350819,38.01856307572189],[126.85359394505059,38.03147830081051],[126.8318382035395,38.03374841982075],[126.82314143204647,38.01187777075057],[126.82955141295692,37.99310038628867],[126.79369340834563,37.99231481634264],[126.78224032590002,37.980463562052336],[126.76253650055463,37.98501365378783],[126.73996353839392,37.972700336340665],[126.74460154636347,37.95188385274235],[126.7246364534084,37.94767781867121],[126.71438844909794,37.939973881227644],[126.68986796755844,37.944327507622326],[126.67038387779681,37.95569988264043],[126.66556005000336,37.921136759849325],[126.67585501199233,37.90617595524312],[126.6722010859348,37.88869247136066],[126.69217981196105,37.8684284346493],[126.67990392745865,37.851688848351074],[126.66019641556521,37.838827113339164],[126.67396347842937,37.83104831110479],[126.66604788775722,37.812066498521446],[126.66215954716547,37.790153041762885],[126.63894280940086,37.778433401997354],[126.60946784603637,37.75290923374996],[126.59102036030937,37.75776609868681],[126.56676113041213,37.756028504998525],[126.55515497631626,37.76898227714349],[126.53478830373912,37.771684845138154],[126.51456397746584,37.76694862256429],[126.52784499463343,37.74839763972849],[126.52601717505105,37.7380924089514],[126.51851491911813,37.71272805239405],[126.52728142525596,37.70314165222603],[126.5229825306347,37.67651724683649],[126.53530292816356,37.66633368635629],[126.52895643551031,37.65297442703012],[126.53793075108791,37.63681549744698],[126.5495556340581,37.62708539747723],[126.55416876148665,37.60930108480092],[126.57257906940627,37.587784222507025],[126.5927237316429,37.59297577852716],[126.61474725927208,37.60586845529339],[126.6276949434403,37.605968774960736],[126.63695290557065,37.62603338893902],[126.6475792237419,37.62873610840282],[126.6480590513185,37.62940494751212],[126.65794162031975,37.63855375610234],[126.67093518006962,37.63435957609076],[126.69863317300995,37.61746245127436],[126.72512592212895,37.59200096855635],[126.74646327201802,37.58685683030967],[126.76731222973504,37.58802599503989],[126.79367364183499,37.5816045499506],[126.79725409556816,37.59659249049739],[126.80550491554988,37.60368863759859],[126.82042807319763,37.59083571576875],[126.8509394260532,37.57561931537229],[126.87707656896659,37.57890294324922],[126.89696151598842,37.5886207710837],[126.90103131509832,37.61245709436633],[126.91222682533144,37.64437766361075],[126.9546230281742,37.65475074904568],[126.97507466788086,37.63138628651299],[126.98462538828213,37.63656487056025],[126.97964383183502,37.65488405540832],[126.99425696395392,37.66648354847951],[126.99295739337022,37.677611663189964],[127.00829247114032,37.68467769374363],[127.01584584752527,37.70102523886384],[127.02807217816179,37.70055640198995],[127.05462916889147,37.68928505664032],[127.08176430131853,37.69637761093475],[127.09579195526719,37.68886098597054],[127.09244495585239,37.65809256043153],[127.0949337397759,37.64551287093798],[127.11195292820503,37.64027121247875],[127.10613794160076,37.62059826863748],[127.11567458701147,37.61929460112488],[127.11801121467134,37.60457760024447],[127.10932809122542,37.58466434029016],[127.1026655861381,37.58410467355501],[127.1011460799232,37.56002336317411],[127.12228096158411,37.564254547880985],[127.17395294565993,37.57958200336485],[127.18196925443641,37.56094137282262],[127.1828256101531,37.546563686343575],[127.16319304745531,37.54501868568689],[127.14112530726499,37.51232372030166],[127.14026958814189,37.50990247907818],[127.14506294256368,37.50365296257219],[127.14513394724582,37.50359120728862],[127.15167302387759,37.503372935245025],[127.15190324575013,37.50314993193299],[127.15215094487363,37.50308816205816],[127.15263233954236,37.50311999959347],[127.15616532064017,37.502004723063806],[127.15647122324073,37.501900866655475],[127.15763863747891,37.48914280054281],[127.1434452606241,37.47410418499762],[127.13258889298031,37.474846847260416],[127.11746048978142,37.46217165665754],[127.09428333076085,37.456523907590565],[127.07045631000307,37.43006340527568],[127.05089348836941,37.42965493838712],[127.04105997621345,37.438114826608675],[127.03583473655377,37.45754591860271],[127.01106032839904,37.45538864973786],[127.00342193700581,37.467259348791046],[126.9622666823791,37.44065572688515],[126.938366738282,37.440506268001016],[126.92874943387082,37.45019265142709],[126.90933541520236,37.43415999085181],[126.89938412879738,37.438143444323984],[126.88865011557395,37.46247360090581],[126.86703984180227,37.49295518021014],[126.8454879841172,37.47408060494273],[126.8195678101004,37.480276346374374],[126.81439205171421,37.493198831681944],[126.82433053648245,37.508895645913626],[126.82820990369059,37.52879023343129],[126.82214710748974,37.54067925643015],[126.79871858254754,37.53767504421919],[126.76771074661768,37.55418855255472],[126.76094809268727,37.53785944540615],[126.76019208815293,37.51587172754705],[126.7451006837717,37.514084702602005],[126.7426005760681,37.48664671488252],[126.7545166304779,37.48370174317242],[126.76774170110463,37.471761614987166],[126.77816749406487,37.47180699542626],[126.77831583751951,37.450789381866805],[126.76883815718544,37.442934885116834],[126.77127482748675,37.431382306990464],[126.75369009495193,37.42253943913569],[126.750575879332,37.40760623569069],[126.73654154837307,37.39542661589188],[126.7004521683918,37.35465839303705],[126.68844729679088,37.348859970538136],[126.69148874590753,37.335934017112244],[126.67106449501567,37.32988698791891],[126.67715988175435,37.32009390247851],[126.6923962577354,37.318999101289194],[126.72557525886887,37.30232319917191],[126.7725842234774,37.2894050217247],[126.8041781523221,37.296252794265385],[126.804487668692,37.28365977911976],[126.79011038211964,37.26732166578365],[126.78936229592827,37.24437467419779],[126.76753961280235,37.2483215882535],[126.75700779335006,37.25504789974963],[126.71913947738186,37.25611684309138],[126.68673297013392,37.262706341796275],[126.67660683867086,37.246474620789826],[126.66131252823857,37.238231196325565],[126.6773847055116,37.2235950644411],[126.66613229873887,37.21684491711039],[126.67341809670455,37.19973819988507],[126.66615164694338,37.18903400105014],[126.65485230669573,37.152972689121235],[126.68261061298247,37.160366123935155],[126.68371239761066,37.14973616334006],[126.67350912136128,37.137992378365354],[126.69237599532855,37.11916714096343],[126.70483854238078,37.12313726609777],[126.72806698316816,37.13875918346843],[126.75304355203188,37.16671602444819],[126.77797610534402,37.16467678538359],[126.79035464617358,37.17532158135227],[126.79498958584078,37.15824520282931],[126.80451185855718,37.151467719898996],[126.79492655193656,37.129014530317896],[126.7825195800024,37.13507871653025],[126.76873981757805,37.12789596127057],[126.7586395095403,37.110665984053526],[126.77023703376281,37.102832598283086],[126.76423903261038,37.08650595938139],[126.7628863708817,37.06279835481202],[126.74836738352101,37.04903504438102],[126.74475198869676,37.03631903537446],[126.75100563879833,37.02925100714912],[126.78905982430179,37.02917186626013],[126.79965984815335,36.999401229763066],[126.82421788881977,36.995964912188555],[126.82535728266298,36.987125015843446],[126.84988083339762,36.94537231445373],[126.86240575861946,36.94884651980673],[126.8642241350312,36.93269128250594],[126.88698440791879,36.93608989339986],[126.9044994983722,36.92598371945607],[126.90895914884426,36.904910270218934],[126.94323404704777,36.91799763129699],[126.97285285638561,36.92621512524931],[126.99540570788413,36.93551723595457],[127.01585984948298,36.93446097503086],[127.03173369240481,36.92833964863846],[127.06063869734844,36.939518190119614],[127.07393472561634,36.93839318738575],[127.11051745618634,36.97000214186629],[127.13346567736758,36.96531620440967],[127.14430057523515,36.97151191417936],[127.19011197699335,36.95285822726445],[127.20189088793852,36.952114776584835],[127.2202078911625,36.9303012445027],[127.2440184977727,36.91740455051251],[127.27175931683911,36.91330880978378],[127.289801866995,36.8938188003222],[127.30407765078967,36.91514051678885],[127.30914734415009,36.92909412682449],[127.34342979642655,36.944296119901935],[127.3497353751849,36.952567164720065],[127.37852771077901,36.951466248384584],[127.3875945076214,36.96406537721189],[127.40185704887993,36.96774918631386],[127.38536456855753,36.98505758180856],[127.39403804841021,36.99794440252565],[127.4297345763771,37.001878225048486],[127.45941390125036,37.0253741741447],[127.4572094115823,37.040585909496166],[127.47137293505243,37.052544836782616],[127.50896579380476,37.049437616347404],[127.51251826371288,37.056219488252204],[127.53404197084483,37.05473332427204],[127.55979973400154,37.042950020990205],[127.56813462783742,37.047700808189184],[127.5664808517585,37.06314419962142],[127.57621599529006,37.07395339572637],[127.59502694970409,37.073946229691],[127.6102546778084,37.0861766360889],[127.63333966416579,37.09838582726765],[127.63780059095444,37.140631569012],[127.6479142978194,37.150580514300465],[127.6679919395374,37.13680159528805],[127.68790646576998,37.13530729579704],[127.69593848448389,37.152101406053276],[127.71829649327029,37.183816236949575],[127.72668934861562,37.18300395752793],[127.7366780080965,37.20989659541225],[127.74791916960423,37.21667839805168],[127.7488583733141,37.247479673328996],[127.75830778668016,37.25802651137657],[127.75476517652099,37.29769229064109],[127.76768239764084,37.30289227872186],[127.75778951782868,37.34621233435803],[127.75948478241624,37.36704394037488],[127.77779778784806,37.37119533935394],[127.7946084606242,37.424248778814025],[127.80396065780599,37.42911667669638],[127.79634616728974,37.46360932602025],[127.78059799790965,37.48817565523022],[127.76033484886128,37.492341617188025],[127.75936248977963,37.503656793329405],[127.77394366986321,37.50609486975266],[127.80507340397459,37.53024459260954],[127.80638497550575,37.535010032688085],[127.84239865804936,37.5390232152675],[127.8494476999771,37.55321122766271],[127.83995354851402,37.55950406741119],[127.8129040883365,37.56464099341878],[127.80972765865407,37.5733686479476],[127.79275148958276,37.58532938834979],[127.78290969729544,37.57869055767416],[127.7662161735014,37.58297809765813],[127.75349455431747,37.591875449917666],[127.73947313456856,37.5871632657897],[127.72311434203976,37.59062627296918],[127.70812498323647,37.58640159279938],[127.70024804465213,37.59667009532592],[127.66772241045682,37.61722206929929],[127.65336880455327,37.622340195608956],[127.62799459517598,37.6423249820805],[127.60234796111283,37.65133942680822],[127.5856800944199,37.642106551595354],[127.57951153060048,37.63312665682728],[127.55898162627281,37.628449266439425],[127.53701864951356,37.6430018516369],[127.5528071283113,37.66154695114282],[127.55063112446692,37.6878013299184],[127.56103052439099,37.71821687857934],[127.55209321226285,37.728261718899105],[127.5408031201987,37.719090623597396],[127.51312280050713,37.73758636779726],[127.53607877025975,37.750278436564756],[127.54457424163989,37.761090412816465],[127.52154435341632,37.79278012620627],[127.53589930568616,37.80922590566791],[127.52504655621686,37.82399425926164],[127.52927275935066,37.838905235791906],[127.56242460929934,37.855476814424456],[127.57471362562084,37.87159461939223],[127.60110054842946,37.874622793254424],[127.6177309308248,37.90661254597479],[127.61258879816008,37.925268487333724],[127.61376096988457,37.93938624574545],[127.60299370955819,37.95509527270969],[127.57322232999005,37.96405466627026],[127.54432614845655,37.96812054696053],[127.54709511644722,37.97976302250852],[127.53974106686961,38.00118093678474],[127.50141198893405,37.99955782583657],[127.47215844450999,38.006064222511974],[127.45798948551693,38.016233286625365],[127.44565558352299,38.05098204376955],[127.44693535174169,38.07951681271226],[127.4410047744206,38.10817136032753],[127.43056731236592,38.115281264381494],[127.41518843056475,38.10366959399841],[127.4033990132338,38.112894580084294],[127.37826911673258,38.117756144440364],[127.370614449889,38.10984034262852],[127.32119209688913,38.09522494022175],[127.31129173574625,38.115973997083216],[127.28320437386895,38.1164800682054],[127.27577328510935,38.13722262503154],[127.28723617949436,38.15232810796395],[127.28933234404917,38.17689840006826],[127.28282663771587,38.18290914031535],[127.26651250468001,38.18063596132898],[127.26351785637148,38.17146468754579],[127.23962070025576,38.15454358542318],[127.2232670267822,38.14685891066471],[127.19024747407065,38.160421509749916],[127.18604370683755,38.173386669057145],[127.16650186496979,38.197819866591416],[127.16956026722144,38.21384980246252],[127.15947056621974,38.219414149448234],[127.16249235500516,38.232217925242395],[127.14696814872318,38.239722275999355],[127.13053837374306,38.23255916673148],[127.11300460083339,38.23758900900872],[127.11398702610802,38.265273921744175],[127.10928347342096,38.29203792732757]]],[[[126.59566147285304,37.301886914849504],[126.5789957767444,37.295958582189954],[126.55756690208516,37.266734268264024],[126.5603557641862,37.2425343346873],[126.54444068977935,37.2335836551584],[126.5444060613789,37.20634268079078],[126.56896235090322,37.200876452866225],[126.57656618511021,37.220560745856],[126.58515144046822,37.22058851939789],[126.60294244275656,37.20761508265633],[126.62340026416608,37.226993644100034],[126.62921027858582,37.217995598504125],[126.64683201625407,37.2107663070774],[126.65072716857055,37.22502710917233],[126.62259240989506,37.23664372979831],[126.60767698582718,37.263385269997066],[126.59685979439328,37.26242665727338],[126.57022036491941,37.27984784649969],[126.59566147285304,37.301886914849504]]]]},"properties":{"code":"41","name":"경기도"}},{"type":"Feature","geometry":{"type":"MultiPolygon","coordinates":[[[[128.3422414467102,34.92510404660193],[128.35548560985373,34.90930328363492],[128.32032770596544,34.90687475195903],[128.2984426179827,34.90252366631144],[128.3283829299213,34.87540877878463],[128.3635224937767,34.86979067813301],[128.374912090946,34.88140948173035],[128.38371200540666,34.861649380996646],[128.3773966525012,34.85166418759659],[128.3858306648332,34.833023970883666],[128.34891784702955,34.83522853780017],[128.35626991977824,34.82413904198057],[128.3787647767164,34.81536381426197],[128.3760481399134,34.79832390322962],[128.3867452411376,34.78242046514064],[128.40618517337467,34.762485978556114],[128.4210106155105,34.765301879531165],[128.43564789993107,34.78183943843051],[128.44014517439948,34.79449086659553],[128.44133181570666,34.82663168748136],[128.42247774909757,34.838148326139056],[128.45222037431276,34.8465652505707],[128.46019903737565,34.87280017584498],[128.47126758398684,34.884573193670555],[128.4608015831884,34.9049872470149],[128.44585772425896,34.90573351505207],[128.44152232821736,34.89050192750096],[128.42353299296994,34.883496138755724],[128.4205926958755,34.894742996188526],[128.4307368921141,34.91407440969087],[128.4340353385825,34.93185494441598],[128.43144570276857,34.95685409164458],[128.44020603959868,34.96231978727454],[128.43925286066263,34.99365888811399],[128.45768969690852,34.990861755229425],[128.47856132413395,34.992592161048414],[128.50282970513774,35.01433984082008],[128.50165228888062,35.02030209710184],[128.4823877375181,35.02829672045287],[128.48202415624365,35.066081269613555],[128.4523176842539,35.07166102235936],[128.44335823501788,35.065423687410195],[128.44520580462785,35.05156385823253],[128.41779188046644,35.04303155714363],[128.40661984485104,35.043448731565576],[128.38916845878302,35.035074336107606],[128.38771665237763,35.01940421225255],[128.36291008809718,35.017673240246644],[128.37734428158817,35.033751102986294],[128.37344340754154,35.049637472318295],[128.4009618607617,35.05457060195939],[128.41150816911443,35.061679770789034],[128.42742418940497,35.05494442372098],[128.44053908304335,35.07186791237278],[128.46159438834536,35.071506426177386],[128.46596461666113,35.085638231958654],[128.44863719173904,35.09607173392853],[128.480795033758,35.09847395582715],[128.4885285813513,35.10686341856646],[128.5065450684684,35.09735401706806],[128.53533466552813,35.10854214830027],[128.54992372425792,35.09553220306956],[128.56895208396784,35.09226643291293],[128.56050641520437,35.07665216328001],[128.56536885430964,35.066036833359085],[128.58086274674315,35.06366094372198],[128.5744032300071,35.051790986056965],[128.60414569718193,35.05510798879041],[128.6367472650815,35.067742473664126],[128.62597749635952,35.075494933459204],[128.62313002851485,35.09046502387644],[128.60307147488422,35.10414820419738],[128.60097364177287,35.133359539555606],[128.59166397027752,35.15792952264271],[128.57044051999313,35.17503596556585],[128.56502557755118,35.18689707148584],[128.58649651635193,35.20958014181966],[128.59221205953324,35.19129104863681],[128.59303215649425,35.17333787516776],[128.60852533511274,35.15801927878124],[128.62188461558662,35.13649219219288],[128.62923464658667,35.14856113217181],[128.64888089762786,35.135424988637304],[128.6768680089871,35.12412079630884],[128.67328445299836,35.14093434926902],[128.690498960466,35.146645449509265],[128.69631752472498,35.13839075885775],[128.70050599588814,35.11581943520018],[128.6889161716355,35.101143192439466],[128.71039045879135,35.10343421790902],[128.73548411960692,35.09343178340892],[128.74183614921571,35.07952644174225],[128.75975989417114,35.07181464842766],[128.78001986414893,35.081746393466304],[128.80949256161838,35.08278081783569],[128.8283764260943,35.089477879444885],[128.82393608882043,35.10176771201704],[128.84309547759577,35.10912705764817],[128.83405800873768,35.12865127093019],[128.81544724023152,35.13256227459942],[128.80233454654334,35.143152428306315],[128.79361802185085,35.15705431613538],[128.8158643088159,35.16037737884785],[128.82801308053266,35.155757937371526],[128.84666424832798,35.16528233986758],[128.87577172430488,35.170508609094654],[128.8815648181799,35.18293809868363],[128.87038897776137,35.20171224662657],[128.8841424777816,35.21367929321098],[128.92348871431918,35.21605396989045],[128.9448320866592,35.22792179440606],[128.95246363516443,35.22431789183465],[128.9807378398255,35.22852721039068],[128.99760664208236,35.23438729442228],[129.00993501480536,35.25899809054605],[129.01261090197096,35.27327798527839],[129.05095808380818,35.280455543267244],[129.06000113159632,35.29548364806296],[129.07355790233282,35.29007230982005],[129.0862052169925,35.30119470729555],[129.11164595207669,35.308769606804574],[129.1273691961121,35.345671406633464],[129.13471015502867,35.35306295888203],[129.13058923361965,35.36429814923641],[129.1527859941793,35.36272462163975],[129.17453350862533,35.35146553499884],[129.19358066827675,35.36100526803991],[129.20297368420788,35.38786983020016],[129.21985983378352,35.40916649536281],[129.20018266743116,35.42413235901487],[129.19635838598512,35.439419341329774],[129.16814275738142,35.431916689114],[129.14297415789693,35.4459106762959],[129.1096340620774,35.47969947127894],[129.10670551105866,35.49496268918231],[129.06887822757807,35.50675962476326],[129.05933880846996,35.51601586319035],[129.04612131942164,35.514348101510826],[129.02198914622713,35.525362331296634],[128.99449906539172,35.528989458283654],[128.99761869874197,35.542198741776005],[128.9809354007961,35.54661170561411],[128.9709031054137,35.56063916012274],[128.99545036193126,35.56894992087982],[129.02018044416465,35.58497382421155],[129.02602749672357,35.600690274699346],[129.0218649488806,35.613923923382586],[129.0033462950447,35.6201417657111],[128.9856541034807,35.607859555201706],[128.9602850518269,35.619284845629046],[128.94094601733812,35.633071122271275],[128.92307744758477,35.637854703321615],[128.88555062296956,35.629837576079886],[128.8723592293767,35.62108216978386],[128.85345028671813,35.59638706361767],[128.84301208735312,35.58908400857373],[128.833470150563,35.59738627577223],[128.80216449110554,35.58845214828763],[128.79613296833764,35.57353226283128],[128.78675276491242,35.566090259606234],[128.7539395041836,35.57018258796263],[128.7251096338181,35.58056877443445],[128.70326846285028,35.5785263222399],[128.69127571340337,35.59442062730833],[128.65802843883378,35.597740510350356],[128.63109184965947,35.58665757687554],[128.6068487191421,35.58042434941135],[128.58481839115916,35.58619819630019],[128.5596854389683,35.60325394801163],[128.5580487978828,35.61494238630732],[128.536502908741,35.62365366519475],[128.53471833146003,35.6437994413841],[128.5383365239031,35.65488552273461],[128.53145551879908,35.662170906676494],[128.52641436462469,35.68237968937188],[128.50912744110977,35.67458477169094],[128.50621309381822,35.63959320800858],[128.48285734289783,35.635738376733734],[128.4611264536466,35.640614724514286],[128.44619595832177,35.638186425072085],[128.4319104715499,35.62357948777567],[128.39939486159014,35.61592490130713],[128.38166853351368,35.60676578577469],[128.3707652337326,35.61116289159724],[128.36234678654395,35.61189343129063],[128.36305100451662,35.628575198025636],[128.354918259,35.64247324512014],[128.34094723810753,35.644152488626304],[128.2972625282959,35.65618736003463],[128.27840202400503,35.65175313405209],[128.26110099567913,35.64268892434193],[128.24391758486166,35.655521959368315],[128.227987281885,35.6397198484492],[128.2010951906981,35.64375612496794],[128.18405508251425,35.6584709345837],[128.1637342512458,35.65349415020238],[128.16262315066567,35.671820188456635],[128.17930370133917,35.673020363631],[128.20445601853723,35.69735631600333],[128.20156879265045,35.72280853689266],[128.18925972120735,35.752343204036094],[128.1649997665608,35.76348937094174],[128.16389533062394,35.77627988290432],[128.15477468594392,35.786494160339835],[128.13975078646274,35.78404633601224],[128.12880550773588,35.7893746119665],[128.12168721624772,35.803567397675465],[128.12413151425295,35.822350695076],[128.10870847346575,35.82390472173884],[128.09573722398747,35.832572708280765],[128.0704082429594,35.84068741044189],[128.05083941880497,35.82926045886636],[128.03161650686175,35.83571373709914],[128.01214365603775,35.82886347811659],[127.99740710946848,35.83775459513198],[127.98536625944556,35.85739079539308],[127.97373234529624,35.850868558792726],[127.95083475957343,35.86125421686659],[127.93317387467326,35.86420384300959],[127.92811610925591,35.88114142430378],[127.91340185709855,35.89045900596597],[127.89329747265673,35.88658939195073],[127.8830552915889,35.89928595246679],[127.88760998455497,35.91457892082827],[127.8671951160896,35.90411481148189],[127.85074569538584,35.890052192063195],[127.85298995810088,35.88121513520215],[127.840939994171,35.8668711261375],[127.82116695245422,35.8654005525044],[127.77924233502642,35.847170947685996],[127.77215313674503,35.838930187875775],[127.75752589849614,35.836717487911834],[127.74412194652975,35.844046595359636],[127.73865132258089,35.82697018428192],[127.71954769843684,35.79740507379477],[127.70134947327121,35.78955629132406],[127.67903345117071,35.7692696630321],[127.66595188530032,35.769726401497905],[127.66030358001788,35.73839969601531],[127.6607739402095,35.709747912943065],[127.64209483317855,35.69276827749041],[127.63893467757377,35.66989455110218],[127.62008256031062,35.642721015603534],[127.635467698344,35.618472047016816],[127.62113360342015,35.615007197070206],[127.60756564432653,35.5947739079146],[127.61058764364043,35.58486175063386],[127.59458787723459,35.57336078476448],[127.58540555531327,35.55458610896887],[127.62575651782389,35.532073680981966],[127.62440312898308,35.52789818222985],[127.64186529978875,35.50505846061007],[127.65272223866066,35.48566975931955],[127.63721836022526,35.47892691083904],[127.63570102432699,35.462305817019626],[127.64507321943923,35.449510140557116],[127.66939742862972,35.44734043932947],[127.65936132035938,35.41409173164251],[127.63542009083224,35.39981938348405],[127.62239577903036,35.37320209954012],[127.61025408770702,35.365790354950384],[127.62286233227857,35.343948600020134],[127.62041644185827,35.332326954469835],[127.60550975646643,35.31896257332157],[127.57744981030764,35.308958991688115],[127.58248128795309,35.29136295356271],[127.59580003887946,35.26816049999527],[127.61002187302579,35.26191271130411],[127.61839474352459,35.23720641246037],[127.62100684451374,35.21407856921561],[127.61706941024819,35.209632808446436],[127.6213662541375,35.18851362765889],[127.64064144839077,35.171138904114144],[127.64530121770899,35.16130369715633],[127.65938582267694,35.158349491035544],[127.69510394134981,35.129761578045894],[127.69460008329773,35.10308139249992],[127.71887247763622,35.08163189298793],[127.73746651769069,35.07808482798001],[127.74031884743532,35.06196094865808],[127.76869340905237,35.05044283021794],[127.77196204417221,35.02948160071882],[127.7871539748351,35.01724775958997],[127.7777737977399,34.98810708768267],[127.76508653646373,34.97278837402891],[127.77342061355098,34.954832683374384],[127.78519781250927,34.94019559882419],[127.81852483731504,34.943616473971794],[127.83864154494688,34.95016789749592],[127.84760880406142,34.94633504903033],[127.8716349734804,34.94625989752685],[127.8944436743756,34.9578134720729],[127.9284917591082,35.01273366443747],[127.94275389473431,34.998471762120246],[127.93172040091568,34.992838674355575],[127.93480289826455,34.98182155157315],[127.9477858624692,34.9766736500784],[127.96243107401868,34.992632036167464],[127.98276468101018,34.977713729087164],[127.99738912802032,34.995990228216755],[128.01538336735615,34.99222957949309],[128.0189255360507,35.01007215080029],[128.00916983680636,35.02250944027842],[128.0383692738633,35.03795591153419],[128.04894021629542,35.01150155473593],[128.03956872321982,35.003006149212254],[128.03994755649583,34.99015308402077],[128.05226227879044,34.97747997849271],[128.04562474110108,34.96719612322634],[128.02969678093936,34.95637673289285],[128.05334406657903,34.92963086426539],[128.07648447323572,34.9234124772779],[128.09573167839395,34.92633333418281],[128.10859197977126,34.9069518865951],[128.12179854792683,34.90441759187805],[128.13272970147187,34.887734906921665],[128.1506589662607,34.89869884016785],[128.16872552327627,34.901719869075755],[128.18686137438408,34.89395244320734],[128.20247865589667,34.89415209650191],[128.1968692389984,34.912522302409805],[128.20435909774395,34.92491015387485],[128.19598373378506,34.93669427866097],[128.22279713130746,34.94631402947113],[128.22658050044032,34.940885417745214],[128.24819503082674,34.942808939625664],[128.27001133584574,34.93496059729195],[128.26016720141303,34.92680435105142],[128.28314104523557,34.904362154735196],[128.30524108644704,34.91874583516814],[128.29999002629123,34.93579434355406],[128.32080524707547,34.94401530496821],[128.31977692365615,34.961002433034565],[128.34046571250363,34.94835841857619],[128.3422414467102,34.92510404660193]]],[[[128.23563675806446,34.651886900093615],[128.22515093292483,34.632470034820464],[128.24224410065935,34.62392888079779],[128.2771462930488,34.61931670334593],[128.29660209487403,34.63137808778535],[128.29037215918342,34.64101208644128],[128.27410524263266,34.640001151208004],[128.25171550308812,34.649992680634426],[128.23563675806446,34.651886900093615]]],[[[128.1824173263415,34.70914314379406],[128.16740182952194,34.70512094240619],[128.18404473772515,34.690379894127865],[128.20224887858527,34.69107746562926],[128.20178971581265,34.70125422958288],[128.1824173263415,34.70914314379406]]],[[[128.51736455426382,34.76600173485524],[128.53048832870115,34.75583310536309],[128.55216297291673,34.74791132455756],[128.5587061877234,34.75997501547514],[128.51736455426382,34.76600173485524]]],[[[128.48376927852186,34.81577909826382],[128.468231121218,34.817658107070436],[128.46252384952584,34.805895418730536],[128.46284743797509,34.791019755548945],[128.47330096139504,34.771026534165344],[128.46948967637726,34.76269569835813],[128.49172742780078,34.75740340359188],[128.51061438266137,34.77055536404694],[128.49751075836045,34.78183430409127],[128.48376927852186,34.81577909826382]]],[[[128.23775353662018,34.83796074114696],[128.21749192003315,34.83905757434773],[128.19839240759558,34.817945801698784],[128.21356508962154,34.81511787124714],[128.22550879146152,34.79975876481335],[128.24605543911002,34.79916228318461],[128.26033494839012,34.8091633887423],[128.2638670923239,34.81841716571966],[128.24991436116173,34.82490596124732],[128.23775353662018,34.83796074114696]]],[[[128.20306654765886,34.859021780067394],[128.1704752986265,34.85376978654472],[128.1667759543019,34.84352985761877],[128.1817076679734,34.82671287494069],[128.1991135651196,34.8315694609364],[128.2105111764053,34.852235853201734],[128.20306654765886,34.859021780067394]]],[[[128.7362854426035,34.84520250670976],[128.7300427267734,34.85300880588642],[128.7437410349602,34.867981847867824],[128.73443476510238,34.89025301452623],[128.71807505343344,34.87745348288599],[128.6959901888272,34.88135276711407],[128.69671933510682,34.89134758707169],[128.71759008487666,34.90181432713215],[128.72401987522986,34.917769790694805],[128.7172587306003,34.92478574204994],[128.7273341987874,34.946965248172255],[128.71657658948718,34.96471885222003],[128.69715806712105,34.97311761315143],[128.70070960589712,34.987926195320995],[128.69435649040946,34.997604417392104],[128.7024666099005,35.00601731428439],[128.71836657677355,35.010157813137084],[128.7220304084087,35.01857299687874],[128.71293052580222,35.03207204611094],[128.6747507655161,35.031240863167874],[128.66751204033505,35.00648276633743],[128.6473105910182,34.980709993110615],[128.64652984328413,35.00026639779404],[128.65350093807442,35.01754883288798],[128.635880537604,35.0141731277595],[128.63371344946967,34.999523791734696],[128.6223084835884,34.982959827196304],[128.63609284203383,34.96587926087404],[128.6163020269551,34.964306001775185],[128.60606947263537,34.97034287103834],[128.58543003896224,34.94304245933296],[128.61120658382285,34.921339015040644],[128.6164825244588,34.90871598468098],[128.59826138664403,34.90094063798821],[128.58560644461426,34.91408606039514],[128.5707028904029,34.90862925259986],[128.54781619865986,34.908388885049504],[128.5409312937971,34.917445470764775],[128.52524568480166,34.92304207627902],[128.51406544889872,34.909133269383766],[128.483899495832,34.888138033708124],[128.47208457185033,34.87686186448276],[128.48156500770978,34.84063745929614],[128.50140701687098,34.83319041747223],[128.50081396711147,34.82373442977794],[128.51651594601256,34.8081125912204],[128.54143895637839,34.83436789624138],[128.56444327660645,34.834284171157236],[128.5626873001676,34.841854854864934],[128.57316611859022,34.854211330180256],[128.58875002579077,34.846362225147175],[128.5845850320764,34.83891663492203],[128.59244647466943,34.82580908797275],[128.58359007859107,34.81718398071635],[128.5835958456928,34.797428995708884],[128.55005092805402,34.793753447305846],[128.5420401573795,34.77521522076504],[128.56395881450544,34.7656685612358],[128.57799378126813,34.77833539089036],[128.57682457851124,34.74105440338998],[128.60559558674623,34.73532669248867],[128.60332600618744,34.726643157111965],[128.5802798295922,34.716089014680506],[128.61023347779667,34.701118702171236],[128.6255400450472,34.71305211741423],[128.6300609015827,34.73168841130857],[128.68358698731598,34.737752353183495],[128.66851483207304,34.7457921870578],[128.6528891412343,34.74274153609917],[128.638320389206,34.76300473062854],[128.64895352408658,34.77901498172826],[128.65775549918402,34.77401926370394],[128.67434541640236,34.785731402707526],[128.66694049469473,34.79293042565949],[128.67346199872924,34.81335319608742],[128.69637930879486,34.8069406530846],[128.70902492742874,34.81197584747656],[128.72791564676498,34.79253968507488],[128.7373740868562,34.79894220573881],[128.7103166439115,34.828759175226104],[128.70402924856432,34.84245633643237],[128.7171680805339,34.8494569541294],[128.72560671991582,34.84097251947919],[128.7362854426035,34.84520250670976]]],[[[128.53030563290542,34.80200283595147],[128.54079305611813,34.80711514362049],[128.54689663460502,34.823401802332185],[128.53408388245919,34.82233109100529],[128.52634878253926,34.8114191219536],[128.53030563290542,34.80200283595147]]],[[[128.53480045337633,34.94179867081213],[128.52230039860777,34.95603270170176],[128.53691676164738,34.96601376078065],[128.5185070538311,34.976060897697565],[128.5115329097866,34.96408054846288],[128.51740519858723,34.94638541944356],[128.51229324226472,34.939981342586336],[128.52482506629792,34.927498019449764],[128.53480045337633,34.94179867081213]]],[[[127.90270836412306,34.86045050649187],[127.89856486962154,34.875010749861666],[127.92289214508038,34.899395927551566],[127.93028224776597,34.91460039207887],[127.92160355242216,34.93237830729587],[127.92312706205959,34.94208502537946],[127.90542521532109,34.94101597090607],[127.89089356829217,34.94712988351269],[127.87041453645863,34.94232964487795],[127.85357750545533,34.928074954168515],[127.85062562280689,34.90282151120668],[127.83302521484086,34.89257931738745],[127.8267274974555,34.874149829591005],[127.8095961948279,34.864212696761186],[127.80722053793806,34.853474944615115],[127.81271792808076,34.83542635732151],[127.82809423336217,34.815981337046026],[127.83621413948346,34.791053822640635],[127.8449180481586,34.78724516461239],[127.8520321107098,34.769263604219574],[127.84053707735974,34.767474213282846],[127.83618446278147,34.75030262786725],[127.85524664394525,34.74431215908032],[127.8671675296983,34.72609762302281],[127.88662913476671,34.72178761063715],[127.90601760563236,34.727194224463055],[127.91338627601326,34.739719445884226],[127.90414223811278,34.76567088166879],[127.92902319141734,34.77585395255798],[127.94916112877108,34.77728934429399],[127.94590910278951,34.73265651763023],[127.95916433876575,34.70857406702561],[127.98726533019567,34.71130098807083],[128.0139587306128,34.723968706140376],[128.02108736213,34.7105707520989],[128.04466785687757,34.7024215190133],[128.059915732566,34.71007480394627],[128.03561400228702,34.721894932328674],[128.03594918472334,34.731457593434605],[128.05696123198402,34.74540987503642],[128.05467013556125,34.7696626215217],[128.05024425185866,34.77394981207674],[128.05128680189446,34.79482714192378],[128.06603150944,34.81279704320586],[128.06056261705325,34.82186763451217],[128.03235180862157,34.83042400221102],[127.99795036019546,34.83327784637096],[127.97629989524086,34.82552035733201],[127.97105651917431,34.81751798506181],[127.94427152775056,34.80974356944404],[127.94209206045436,34.82543537844333],[127.93200563988684,34.833518873717125],[127.91738590574363,34.83551478950387],[127.9143969667292,34.849946423272094],[127.90270836412306,34.86045050649187]]],[[[128.032169807719,34.920727351943995],[128.00701003207246,34.919549260415025],[127.99592144295143,34.90868431505047],[127.98074899650652,34.88584653333682],[127.96142932356054,34.86973805752127],[127.96861970385045,34.84356317979872],[127.987271627653,34.836403684490506],[128.02454068534607,34.83978202478561],[128.06344973607878,34.83034187992606],[128.07687844761685,34.839123824410386],[128.0603406850946,34.84618869337355],[128.06700060672833,34.870338161069824],[128.0479723876318,34.89715812296915],[128.03074123555248,34.893677357556015],[128.0263532437065,34.90229770161214],[128.032169807719,34.920727351943995]]]]},"properties":{"code":"48","name":"경상남도"}},{"type":"Feature","geometry":{"type":"MultiPolygon","coordinates":[[[[128.65222772050285,37.06545686450225],[128.64461641320358,37.06192599188822],[128.63067312637384,37.03917130653631],[128.61926567694755,37.04954960139756],[128.60678837500316,37.04339579681032],[128.583858340636,37.04389168455068],[128.56516267619105,37.030866848307454],[128.56992059397695,37.01373228275177],[128.55471038740134,36.99823499494264],[128.53808577769047,36.99076100617649],[128.5160243965374,36.9868871225558],[128.5048644362648,36.96914485406253],[128.4761651784662,36.95720050929242],[128.4632417928852,36.94744564488519],[128.46020161003437,36.934006045109754],[128.44186829018182,36.92790034504324],[128.44539665815682,36.91775151878029],[128.44010726085588,36.901370626358],[128.4269532043518,36.88930708654278],[128.42440683903914,36.87647074297152],[128.43857971221533,36.87331410600594],[128.44891961467798,36.86338609216119],[128.44911010799643,36.84891436503374],[128.43431505123615,36.834021078811915],[128.42064591567234,36.811416391162574],[128.3818230264966,36.8139789677096],[128.36699001441366,36.80051001177221],[128.3342286960589,36.816966881524216],[128.31663098462585,36.81661444523162],[128.31074120197403,36.82854974947895],[128.2966268812753,36.83443840179675],[128.28201115595002,36.85662759338349],[128.24045106157294,36.8712460582472],[128.23395525956184,36.855699341142916],[128.21546234022668,36.84899252735726],[128.21283095405414,36.839400900624526],[128.21850422056644,36.81538195085369],[128.20876481024786,36.81352625798044],[128.15601503591176,36.82331372272744],[128.14492613146703,36.83241351492025],[128.11223280978638,36.81889163241195],[128.10678410331715,36.80579101200189],[128.08399977532667,36.79944872359096],[128.08151210480708,36.806774210868575],[128.05869020428884,36.81610465690067],[128.05512126957854,36.79318232977922],[128.0445623625253,36.784569274487644],[128.0444243689262,36.7712461570824],[128.03247701766645,36.74752374895669],[128.0689508767222,36.721665993980615],[128.07132459910594,36.70729312574598],[128.04876754350613,36.7075450322863],[128.0222219369789,36.72587226641779],[128.00841385860605,36.72776876110593],[128.00261703605463,36.71663123600607],[127.98679978126262,36.71749872081816],[127.96077330747892,36.73677830811516],[127.94911570821237,36.70595671569465],[127.93166668616641,36.706324874873374],[127.9276890571246,36.68978843775784],[127.91293635421961,36.692582037346334],[127.88735174714806,36.69131038163569],[127.89203896192859,36.68230690801638],[127.91292952204307,36.6777451974379],[127.91847711127824,36.667992007073465],[127.93231911165631,36.6651520956636],[127.93839965054764,36.651080480623605],[127.93163914460936,36.617936555864766],[127.92043519607621,36.60364852094976],[127.90972772892407,36.62573020184682],[127.88941316886705,36.62945989124438],[127.88914501437881,36.64027914062825],[127.87407100953085,36.65538560900438],[127.86158437153667,36.6342262458137],[127.84800512102368,36.63336205649375],[127.84961158036643,36.61276735146113],[127.84205935913928,36.60864297227724],[127.82378688891913,36.61255118209651],[127.80651178723699,36.60315224588959],[127.79740860897324,36.59196510954198],[127.80464986848295,36.581662269661564],[127.82405337254568,36.57165946816934],[127.83012972179884,36.5744021526949],[127.86213949556914,36.56740556742711],[127.87336111114332,36.55525831763904],[127.87412057930455,36.53730743460551],[127.90192959431641,36.528173141923375],[127.90672089945132,36.50784688700815],[127.88847862150908,36.49310453043101],[127.88046639484268,36.4932705655292],[127.87884050534267,36.465769398873334],[127.88240226400916,36.46099920869096],[127.87302833713828,36.44170674510614],[127.88284071055266,36.423503853434134],[127.86362892198693,36.40308188089563],[127.88429056765769,36.37978912046274],[127.89132656044171,36.35955161263848],[127.88144562951723,36.34486492655001],[127.85208573245649,36.33039724727817],[127.84107459808655,36.30962200025174],[127.84719936600827,36.30064617178622],[127.85131186144285,36.27573953763265],[127.88428524168216,36.27367482774437],[127.8920410667616,36.29216979314774],[127.93091373436454,36.278215466119555],[127.94730215532314,36.26723136991037],[127.94824628487564,36.25745086834934],[127.97085425760454,36.250434196279784],[127.98217036739776,36.264197383894036],[128.01028392601086,36.27214783770398],[128.04802614151149,36.257139240048],[128.03004830584155,36.2403082011607],[128.0503752106311,36.215302514677155],[128.05252068569996,36.20088876885185],[128.03835435697374,36.1939990581746],[128.02629918681782,36.20568202834363],[128.01351740596203,36.20913294790416],[127.98601713804247,36.20040165221076],[127.97564270942486,36.188148588762246],[127.9834658502645,36.16977168874083],[127.99569394783435,36.153003079951915],[127.9873321499641,36.147385156938775],[127.98763907732643,36.12962394670413],[127.96687252405948,36.11825241622748],[127.96856746242462,36.10722000363856],[127.9578361101239,36.094888499987334],[127.9613862261557,36.06838914288329],[127.93586148048828,36.05066365172531],[127.9170617626286,36.05440274206359],[127.90355441686026,36.03896672905431],[127.88797971931594,36.03480014018414],[127.87692624777289,36.02244194484872],[127.87881815955636,36.00131098632912],[127.89373915191116,35.98446831508694],[127.90646446605308,35.94056687042684],[127.8822188272738,35.92773825433797],[127.88760998455497,35.91457892082827],[127.8830552915889,35.89928595246679],[127.89329747265673,35.88658939195073],[127.91340185709855,35.89045900596597],[127.92811610925591,35.88114142430378],[127.93317387467326,35.86420384300959],[127.95083475957343,35.86125421686659],[127.97373234529624,35.850868558792726],[127.98536625944556,35.85739079539308],[127.99740710946848,35.83775459513198],[128.01214365603775,35.82886347811659],[128.03161650686175,35.83571373709914],[128.05083941880497,35.82926045886636],[128.0704082429594,35.84068741044189],[128.09573722398747,35.832572708280765],[128.10870847346575,35.82390472173884],[128.12413151425295,35.822350695076],[128.12168721624772,35.803567397675465],[128.12880550773588,35.7893746119665],[128.13975078646274,35.78404633601224],[128.15477468594392,35.786494160339835],[128.16389533062394,35.77627988290432],[128.1649997665608,35.76348937094174],[128.18925972120735,35.752343204036094],[128.20156879265045,35.72280853689266],[128.20445601853723,35.69735631600333],[128.17930370133917,35.673020363631],[128.16262315066567,35.671820188456635],[128.1637342512458,35.65349415020238],[128.18405508251425,35.6584709345837],[128.2010951906981,35.64375612496794],[128.227987281885,35.6397198484492],[128.24391758486166,35.655521959368315],[128.26110099567913,35.64268892434193],[128.27840202400503,35.65175313405209],[128.2972625282959,35.65618736003463],[128.34094723810753,35.644152488626304],[128.354918259,35.64247324512014],[128.36305100451662,35.628575198025636],[128.36234678654395,35.61189343129063],[128.3707652337326,35.61116289159724],[128.38610030181658,35.61240939580742],[128.40167978705657,35.632070592608855],[128.4029446630482,35.64192395485151],[128.38161259460497,35.65528747359899],[128.35553525748992,35.680904934296755],[128.35103630309638,35.702879888521025],[128.3596540727213,35.707504450834925],[128.417837271036,35.69312163939019],[128.43316926863702,35.703019066579316],[128.43249633621565,35.725377986550555],[128.41436056981874,35.737550774338295],[128.39264023537373,35.745534337025646],[128.3864357794202,35.76334511963138],[128.40001335259117,35.77962823825661],[128.40741579379835,35.7965345750722],[128.42028493311463,35.80935644004314],[128.4675967552405,35.80834117864569],[128.48074061632454,35.82223898658008],[128.46011932831604,35.84126184482799],[128.42278774983126,35.85125664259699],[128.39008701486196,35.85037050598948],[128.3854770358069,35.86524225820967],[128.39371466251114,35.883039543990016],[128.4033357979906,35.889098341952824],[128.4104773234897,35.90673529682366],[128.42491583719791,35.927910670569986],[128.44117174376967,35.934817660084825],[128.4756792241082,35.93599522605667],[128.47397765587712,35.917143034387315],[128.4668646835384,35.90716028756209],[128.47539045797086,35.89522425517197],[128.49264408183768,35.89626718236119],[128.505170449346,35.90299688775738],[128.52966140017898,35.923584511626174],[128.53506262246276,35.9387534716462],[128.5270093073374,35.975827411374155],[128.55624232647708,35.97059243940414],[128.58318265430614,35.977350944780206],[128.60302161366815,35.986164131058885],[128.61723858306772,36.005110132736114],[128.66799487892465,36.01413977270915],[128.69040690248346,36.014606568509464],[128.7255560935835,36.004808499796695],[128.73138532635636,35.98713252992958],[128.74606281418323,35.9708118482763],[128.73903048806298,35.955324929851976],[128.7450759535975,35.94436034742968],[128.7383865694298,35.928393309131465],[128.75661490835896,35.91485009837706],[128.76193783659107,35.88321758247416],[128.7600440069232,35.865457447398256],[128.73577454255238,35.85090653260158],[128.72518205975663,35.836566229535514],[128.70973823529076,35.82797238408634],[128.71768785551026,35.80671385175256],[128.6973706659196,35.794149435393344],[128.6825807950897,35.7899006175614],[128.69247398108448,35.75993133816751],[128.69178604472668,35.732325675624246],[128.68339406211038,35.72175545926878],[128.663746487303,35.720550302597886],[128.6462321940473,35.708430125559346],[128.62307416321534,35.70339934174056],[128.61396598002008,35.71059930126842],[128.61029467009595,35.72534527808188],[128.61666211361845,35.7371167496519],[128.5819074594554,35.73879889224067],[128.5661549666101,35.7364670611031],[128.54407723238444,35.719282404719],[128.5288917194372,35.71389277062813],[128.53513554545958,35.69401993189054],[128.52641436462469,35.68237968937188],[128.53145551879908,35.662170906676494],[128.5383365239031,35.65488552273461],[128.53471833146003,35.6437994413841],[128.536502908741,35.62365366519475],[128.5580487978828,35.61494238630732],[128.5596854389683,35.60325394801163],[128.58481839115916,35.58619819630019],[128.6068487191421,35.58042434941135],[128.63109184965947,35.58665757687554],[128.65802843883378,35.597740510350356],[128.69127571340337,35.59442062730833],[128.70326846285028,35.5785263222399],[128.7251096338181,35.58056877443445],[128.7539395041836,35.57018258796263],[128.78675276491242,35.566090259606234],[128.79613296833764,35.57353226283128],[128.80216449110554,35.58845214828763],[128.833470150563,35.59738627577223],[128.84301208735312,35.58908400857373],[128.85345028671813,35.59638706361767],[128.8723592293767,35.62108216978386],[128.88555062296956,35.629837576079886],[128.92307744758477,35.637854703321615],[128.94094601733812,35.633071122271275],[128.9602850518269,35.619284845629046],[128.9856541034807,35.607859555201706],[129.0033462950447,35.6201417657111],[129.02713523882133,35.636349567652374],[129.0349725147922,35.63200032356123],[129.04731156623572,35.650146667720406],[129.07413172138828,35.64008515672879],[129.0810747419879,35.64748068711177],[129.06760919066494,35.66179876257611],[129.06948549235406,35.680728687571325],[129.0885657076513,35.70201710859793],[129.12327579006194,35.70748034568906],[129.13524492721697,35.711929816342746],[129.1457201819203,35.72469752196527],[129.16063965091655,35.71487964565827],[129.17685676445345,35.715531148026095],[129.1815171899236,35.72313901257429],[129.19764570092747,35.715794319449],[129.20723454961526,35.72150751730422],[129.23406285658183,35.703582594047404],[129.25292557598198,35.70169668886052],[129.26269415916573,35.691445407712],[129.2542466553393,35.666258528661864],[129.26007797423347,35.65450517844181],[129.30278790519233,35.648347224618085],[129.30357010391245,35.656968549059926],[129.32399437098928,35.659210286292954],[129.35388798057974,35.679552765334265],[129.41263409283587,35.66401868072863],[129.4283882828888,35.65593554652776],[129.45000815531807,35.650948468950105],[129.45707074281205,35.66597089774882],[129.475730984234,35.685736617694225],[129.47305357662728,35.703448272231554],[129.48567644169955,35.72887611049481],[129.4843432197167,35.741718405953975],[129.49343535796694,35.75165634440744],[129.4968724386214,35.77353373156164],[129.49324982917574,35.79085843621853],[129.50139062938024,35.79303633786179],[129.50964041665142,35.82351712194088],[129.52038390644387,35.84871029686358],[129.53403221984522,35.87214588259385],[129.51999421821645,35.87269100524534],[129.52760792674695,35.89745807323424],[129.51984900805536,35.9186041162189],[129.52114974519003,35.931543204206854],[129.53260461955568,35.935950960329016],[129.55450172157563,35.96787577559607],[129.5521918671878,35.98559334319967],[129.56658956044222,35.995590525260866],[129.58485858175823,36.01652863260698],[129.57746741593596,36.02651412734683],[129.58356808819624,36.04564992221102],[129.57717044998233,36.04942250600003],[129.5695550236558,36.07916113349042],[129.54571516602948,36.08377934823557],[129.54047094958918,36.06768865817839],[129.52633792049247,36.05828541345506],[129.50410619542683,36.03672395630651],[129.5032558181325,36.02622201883688],[129.47394865559312,36.01312441282438],[129.44632177054598,35.991839769557565],[129.41631415483593,36.00570662186665],[129.41687883642095,36.01228071873291],[129.38405042082138,36.02981871249057],[129.3762195371016,36.05002991500542],[129.38089515890118,36.060406822513045],[129.41797385073954,36.07351510279743],[129.41859318545977,36.08854668025456],[129.44085698289283,36.110872420477556],[129.425835999461,36.11371322013924],[129.39774668067074,36.13489319049029],[129.39980920194725,36.16460807337728],[129.39229719534467,36.18397705462549],[129.37715757038296,36.18971326226231],[129.372582904576,36.20711284363872],[129.3843110820759,36.21234225212893],[129.3817186870946,36.2282998815637],[129.38601016906506,36.238655507029705],[129.37316282229938,36.25461547302417],[129.38158743052128,36.27486858825545],[129.37953326765626,36.333015064946395],[129.3897563474088,36.34759387662824],[129.3893640164466,36.35675643181193],[129.4251742608508,36.40563449447704],[129.43636507431273,36.428898954767426],[129.4339343123252,36.437043073756875],[129.43801575764962,36.46291995907615],[129.4343379894432,36.48319676470985],[129.44523650670618,36.48870668505186],[129.45014061974263,36.5126843596712],[129.44071864773858,36.53022637440642],[129.44069928858707,36.551822305228626],[129.4174734448786,36.57658515848582],[129.41057517454496,36.59473217828344],[129.41611026863092,36.6049551821887],[129.41219624501238,36.62243299269495],[129.41833120619341,36.63992518421921],[129.42846559357343,36.64832366372246],[129.4374065180766,36.66976333660731],[129.45877503743037,36.681466868519884],[129.47672823792334,36.69961967507052],[129.47251848357732,36.72375026863512],[129.47803956862666,36.72705047567881],[129.46785326356647,36.75720308448553],[129.47893863681568,36.76808393043365],[129.4632029581378,36.78826603726166],[129.45743849214873,36.815411190335524],[129.4463821018177,36.832371111377775],[129.42755618805435,36.850730079630765],[129.4154368723061,36.8900653748534],[129.42095190248799,36.89839823342035],[129.41590803235144,36.909396872352794],[129.42032295618966,36.92311865910101],[129.4198693606513,36.951262161171044],[129.40893562111899,36.9800902559847],[129.42000267577305,36.993107163740746],[129.41913798681625,37.00619749147898],[129.41042604431223,37.02408022460335],[129.41576130535725,37.03545619784407],[129.4133329323458,37.04786583646863],[129.42719467223907,37.06404728121433],[129.39608562965887,37.08404165786012],[129.3795632974466,37.100242176347905],[129.3815179430846,37.12016521498743],[129.36409557005865,37.14636173194536],[129.32472535058406,37.141712035824874],[129.2981865549781,37.12453925551198],[129.29446077148563,37.11440569236826],[129.27200447079954,37.117018953996315],[129.26605027225,37.102313979946686],[129.2496316242985,37.09588301368246],[129.225583726297,37.07340308868119],[129.2332227769676,37.064195816295715],[129.22508862838313,37.04453678695889],[129.19457508062658,37.04057305263107],[129.14072399520938,37.08167440213893],[129.1187813796592,37.092916631623375],[129.09579552619093,37.10046144957338],[129.07293633650812,37.09087635177605],[129.0616878698973,37.06557206348228],[129.03431240161584,37.07575951594678],[128.99521615662303,37.0812229698105],[128.9695552465402,37.082132339815594],[128.96030899377655,37.077439719546845],[128.9445868582942,37.09508313169702],[128.92054445335728,37.09065666984877],[128.909729295424,37.066867004639555],[128.89736772711348,37.05786704775429],[128.89727242646092,37.045754986873504],[128.87757227463638,37.05263624953276],[128.86643183491967,37.04833662527341],[128.8466291230152,37.05216098166359],[128.82697576609246,37.07810122371648],[128.80858959247206,37.077534548864755],[128.8028731852004,37.08535532962941],[128.7850618412732,37.0877200968684],[128.76501273390153,37.06399449868631],[128.75201972687213,37.05753824746847],[128.7617179450584,37.035230895980675],[128.75189847212044,37.02847415456862],[128.73474257012793,37.0401401788586],[128.71860298521065,37.04395972094713],[128.7007065614917,37.0409957158272],[128.68867294388707,37.05307122354835],[128.65222772050285,37.06545686450225]]],[[[130.90714897015206,37.53213264656441],[130.90742194941492,37.55191899360108],[130.889716301734,37.54435603467943],[130.84473435040937,37.53998008587574],[130.81157273714146,37.52697135388114],[130.78928467268872,37.52300580577198],[130.80293780369706,37.50815875613174],[130.79919727249424,37.49463416654655],[130.81146733546572,37.47799076531772],[130.8291767865319,37.47034052080942],[130.87365884978965,37.46425938781829],[130.88193214676906,37.474620910366276],[130.90499528489255,37.48021535185502],[130.91183538734805,37.49087612846903],[130.9174662166083,37.51724106192779],[130.90714897015206,37.53213264656441]]]]},"properties":{"code":"47","name":"경상북도"}},{"type":"Feature","geometry":{"type":"Polygon","coordinates":[[[126.99756784053758,35.11457102409325],[127.00907732690398,35.124406830529246],[127.00795939610911,35.15491064050678],[127.02084554700423,35.16729320638823],[127.01661312734679,35.179379777335754],[127.00177832489376,35.187863241848206],[126.97544698701118,35.18657551561402],[126.94889279752998,35.21878776644476],[126.95189457206092,35.22500133925996],[126.93260477697146,35.24148645193126],[126.9308768071399,35.25139452735717],[126.90803780827746,35.258951537895314],[126.88639226608781,35.246260478605194],[126.8624188223935,35.245153396400944],[126.83645267546062,35.2290700827869],[126.81055711026887,35.22111030130101],[126.79433160237228,35.22026684026172],[126.75552470429545,35.23438855825338],[126.7611554671275,35.25840993141004],[126.73718572562056,35.25205511056627],[126.71980727933897,35.2269026401953],[126.71770692605762,35.212112834379255],[126.70263101012037,35.20780365585046],[126.6872602176824,35.21541172299447],[126.67648266743134,35.19599477659337],[126.65551588121619,35.18877003726626],[126.67104930599182,35.16943936754929],[126.65344222414018,35.16380932014263],[126.65484784570037,35.136715241085724],[126.65150715899047,35.12049524047308],[126.65705802866746,35.113407190831076],[126.67826002805461,35.10584851489869],[126.69278695678311,35.1080575925445],[126.73700709815047,35.10820653101061],[126.762036892662,35.09097820958766],[126.76607131840967,35.067664389233315],[126.75704468490069,35.05948163221132],[126.77573029205104,35.05325917672072],[126.79520398677207,35.06116723750484],[126.80371678668523,35.052386096761566],[126.84289445983748,35.06528408290329],[126.86063327829528,35.07873101335135],[126.87175427738784,35.074324490362784],[126.88505519869226,35.08153450009524],[126.90643916921758,35.08259557882149],[126.92089089859878,35.09125885922471],[126.93237573320876,35.07446503446002],[126.95182149541388,35.073033355071225],[126.96668552019439,35.08957839049452],[126.98838029846704,35.09525315585234],[126.98635173598795,35.105945330041735],[126.99756784053758,35.11457102409325]]]},"properties":{"code":"29","name":"광주광역시"}},{"type":"Feature","geometry":{"type":"Polygon","coordinates":[[[128.52641436462469,35.68237968937188],[128.53513554545958,35.69401993189054],[128.5288917194372,35.71389277062813],[128.54407723238444,35.719282404719],[128.5661549666101,35.7364670611031],[128.5819074594554,35.73879889224067],[128.61666211361845,35.7371167496519],[128.61029467009595,35.72534527808188],[128.61396598002008,35.71059930126842],[128.62307416321534,35.70339934174056],[128.6462321940473,35.708430125559346],[128.663746487303,35.720550302597886],[128.68339406211038,35.72175545926878],[128.69178604472668,35.732325675624246],[128.69247398108448,35.75993133816751],[128.6825807950897,35.7899006175614],[128.6973706659196,35.794149435393344],[128.71768785551026,35.80671385175256],[128.70973823529076,35.82797238408634],[128.72518205975663,35.836566229535514],[128.73577454255238,35.85090653260158],[128.7600440069232,35.865457447398256],[128.76193783659107,35.88321758247416],[128.75661490835896,35.91485009837706],[128.7383865694298,35.928393309131465],[128.7450759535975,35.94436034742968],[128.73903048806298,35.955324929851976],[128.74606281418323,35.9708118482763],[128.73138532635636,35.98713252992958],[128.7255560935835,36.004808499796695],[128.69040690248346,36.014606568509464],[128.66799487892465,36.01413977270915],[128.61723858306772,36.005110132736114],[128.60302161366815,35.986164131058885],[128.58318265430614,35.977350944780206],[128.55624232647708,35.97059243940414],[128.5270093073374,35.975827411374155],[128.53506262246276,35.9387534716462],[128.52966140017898,35.923584511626174],[128.505170449346,35.90299688775738],[128.49264408183768,35.89626718236119],[128.47539045797086,35.89522425517197],[128.4668646835384,35.90716028756209],[128.47397765587712,35.917143034387315],[128.4756792241082,35.93599522605667],[128.44117174376967,35.934817660084825],[128.42491583719791,35.927910670569986],[128.4104773234897,35.90673529682366],[128.4033357979906,35.889098341952824],[128.39371466251114,35.883039543990016],[128.3854770358069,35.86524225820967],[128.39008701486196,35.85037050598948],[128.42278774983126,35.85125664259699],[128.46011932831604,35.84126184482799],[128.48074061632454,35.82223898658008],[128.4675967552405,35.80834117864569],[128.42028493311463,35.80935644004314],[128.40741579379835,35.7965345750722],[128.40001335259117,35.77962823825661],[128.3864357794202,35.76334511963138],[128.39264023537373,35.745534337025646],[128.41436056981874,35.737550774338295],[128.43249633621565,35.725377986550555],[128.43316926863702,35.703019066579316],[128.417837271036,35.69312163939019],[128.3596540727213,35.707504450834925],[128.35103630309638,35.702879888521025],[128.35553525748992,35.680904934296755],[128.38161259460497,35.65528747359899],[128.4029446630482,35.64192395485151],[128.40167978705657,35.632070592608855],[128.38610030181658,35.61240939580742],[128.3707652337326,35.61116289159724],[128.38166853351368,35.60676578577469],[128.39939486159014,35.61592490130713],[128.4319104715499,35.62357948777567],[128.44619595832177,35.638186425072085],[128.4611264536466,35.640614724514286],[128.48285734289783,35.635738376733734],[128.50621309381822,35.63959320800858],[128.50912744110977,35.67458477169094],[128.52641436462469,35.68237968937188]]]},"properties":{"code":"27","name":"대구광역시"}},{"type":"Feature","geometry":{"type":"Polygon","coordinates":[[[127.49276503953664,36.23809225998161],[127.48625137581662,36.2614438583252],[127.4982598941923,36.282874311360196],[127.49100595439812,36.29694002728302],[127.50358423747666,36.32576480119502],[127.50125056149407,36.33870629031555],[127.50976625923357,36.35044595174575],[127.52131006175681,36.35320453295086],[127.52685680695964,36.36929381282165],[127.52571849179749,36.3873092143274],[127.53915877834955,36.3971916455765],[127.55514728198963,36.39896576435875],[127.53975288525886,36.420717822853604],[127.51568790123477,36.422280753416175],[127.50256289751616,36.40820092710566],[127.48921132565803,36.4327033866873],[127.50264625435915,36.44930505069406],[127.49892237340676,36.455683728367376],[127.47934035151367,36.45784063625294],[127.48452117857255,36.475277125491345],[127.46623877817592,36.46931337498378],[127.46395849971864,36.456570974355955],[127.45321046295142,36.450099505526325],[127.43625533249859,36.456650151108185],[127.40436653918967,36.4551214022208],[127.400599583211,36.47017108795574],[127.40420820519319,36.483324398613306],[127.3956687444112,36.49161155068815],[127.38116723844692,36.50002188987698],[127.3591528902481,36.48539078961527],[127.3636248775264,36.47033395459883],[127.35870915991386,36.45603282506565],[127.3446982942011,36.444464463622815],[127.34071762557373,36.43097601346038],[127.31666951880354,36.42012377425656],[127.30274829192807,36.42467057093642],[127.28231470262878,36.41453730462398],[127.2785897207938,36.396805701550704],[127.28098858958607,36.374818841664926],[127.2708728526755,36.36107905584424],[127.27788863807257,36.34893418009638],[127.2673373671597,36.338892500770804],[127.25787789783917,36.31815678720398],[127.25921021580594,36.296231696021636],[127.24945943683807,36.28342991968225],[127.28100651637669,36.2654081492697],[127.27962116452956,36.244726138613565],[127.29376346653464,36.22312259465035],[127.31445083680362,36.22241810700575],[127.33008154365388,36.19443905387289],[127.34065820549083,36.18911602165839],[127.34773712949043,36.20504313067439],[127.36471837183991,36.219968825443004],[127.36005068333384,36.22679356468794],[127.3645113424395,36.2434781490151],[127.36031400293339,36.26405018004283],[127.37757275329649,36.27146117207894],[127.38880932214092,36.265506879471594],[127.38788067464492,36.23447257238722],[127.40057032300722,36.231817234684264],[127.40827470423427,36.21305573965577],[127.42927480263563,36.205342529495],[127.44280915922533,36.19405956763938],[127.45325277157659,36.206774522973596],[127.46854736192356,36.2147981642281],[127.467124038435,36.222429859620604],[127.49276503953664,36.23809225998161]]]},"properties":{"code":"30","name":"대전광역시"}},{"type":"Feature","geometry":{"type":"Polygon","coordinates":[[[128.80949256161838,35.08278081783569],[128.83070344561003,35.080446487298495],[128.83077980982048,35.072892155652454],[128.8032239906117,35.065645071548985],[128.79692337015447,35.04979742245496],[128.8120065399028,35.04016018478267],[128.80580859847552,35.020595660852464],[128.82602998529185,35.01378032650727],[128.82127573142535,34.99422830792058],[128.83506374414173,34.99444371426679],[128.8414049255238,35.006612339149534],[128.83582470536655,35.0128829567928],[128.8495487195495,35.03353340994941],[128.85023066330774,35.05178867672739],[128.83476246476482,35.08024503937214],[128.8719511530955,35.08047806394134],[128.87330867608273,35.06155423147555],[128.88482394033005,35.06353509740794],[128.88687840958738,35.079109576392284],[128.91217533550352,35.07946303225213],[128.9121729069662,35.089365281474244],[128.92535444740878,35.093411534530844],[128.93851606290053,35.07810166840806],[128.95090449520768,35.078017227783455],[128.958348551403,35.04795944772298],[128.98284830094647,35.05162389063887],[129.00129603740098,35.048215040820686],[128.99272507217705,35.08013933896701],[129.00270988293443,35.0846783191387],[129.01063210726338,35.052449461282364],[129.02171700709135,35.060796863905125],[129.02664476002246,35.08530113217267],[129.03471378597376,35.08512071364402],[129.05201491934986,35.07214930412287],[129.06266900093178,35.069490108037236],[129.0828241798112,35.05039004124796],[129.09650103640186,35.05956479434301],[129.07997959519076,35.071384545121525],[129.08332667287016,35.07951883785624],[129.06843392637214,35.0959886495736],[129.05794213264312,35.10124062215544],[129.0395042524266,35.095225179067526],[129.04088010913745,35.10811134155702],[129.0500031982967,35.12353127089619],[129.06533904852375,35.12289313843005],[129.06719791808808,35.10769398081242],[129.09459587195863,35.099125531158975],[129.10879098637042,35.10233076859715],[129.12349589161863,35.098860334091654],[129.12792576147265,35.11024179746965],[129.12098324072193,35.13772493745789],[129.13650135985554,35.15375586288658],[129.1530423180822,35.151884406316036],[129.168566698037,35.159424522046145],[129.18118813645177,35.15474387095549],[129.19619529205843,35.164267341736476],[129.19886966160328,35.17841615809758],[129.22503788584214,35.186301234060316],[129.2332332279117,35.21447461013801],[129.25337576324543,35.24666823722878],[129.25290604275267,35.271173727395855],[129.26374044657584,35.296059368603245],[129.25855952233442,35.30603370752106],[129.26527656158805,35.31910848413057],[129.27713474958745,35.325401612673964],[129.29903916620975,35.31826517729175],[129.3045309283998,35.32951391038803],[129.283767706476,35.34567863307003],[129.28350875658538,35.36271420228059],[129.26527076472655,35.38647176283808],[129.2413090256113,35.38557914203428],[129.21735550582162,35.378687660471414],[129.20297368420788,35.38786983020016],[129.19358066827675,35.36100526803991],[129.17453350862533,35.35146553499884],[129.1527859941793,35.36272462163975],[129.13058923361965,35.36429814923641],[129.13471015502867,35.35306295888203],[129.1273691961121,35.345671406633464],[129.11164595207669,35.308769606804574],[129.0862052169925,35.30119470729555],[129.07355790233282,35.29007230982005],[129.06000113159632,35.29548364806296],[129.05095808380818,35.280455543267244],[129.01261090197096,35.27327798527839],[129.00993501480536,35.25899809054605],[128.99760664208236,35.23438729442228],[128.9807378398255,35.22852721039068],[128.95246363516443,35.22431789183465],[128.9448320866592,35.22792179440606],[128.92348871431918,35.21605396989045],[128.8841424777816,35.21367929321098],[128.87038897776137,35.20171224662657],[128.8815648181799,35.18293809868363],[128.87577172430488,35.170508609094654],[128.84666424832798,35.16528233986758],[128.82801308053266,35.155757937371526],[128.8158643088159,35.16037737884785],[128.79361802185085,35.15705431613538],[128.80233454654334,35.143152428306315],[128.81544724023152,35.13256227459942],[128.83405800873768,35.12865127093019],[128.84309547759577,35.10912705764817],[128.82393608882043,35.10176771201704],[128.8283764260943,35.089477879444885],[128.80949256161838,35.08278081783569]]]},"properties":{"code":"26","name":"부산광역시"}},{"type":"Feature","geometry":{"type":"Polygon","coordinates":[[[126.79367364183499,37.5816045499506],[126.7828857043528,37.57370214874968],[126.76771074661768,37.55418855255472],[126.79871858254754,37.53767504421919],[126.82214710748974,37.54067925643015],[126.82820990369059,37.52879023343129],[126.82433053648245,37.508895645913626],[126.81439205171421,37.493198831681944],[126.8195678101004,37.480276346374374],[126.8454879841172,37.47408060494273],[126.86703984180227,37.49295518021014],[126.88865011557395,37.46247360090581],[126.89938412879738,37.438143444323984],[126.90933541520236,37.43415999085181],[126.92874943387082,37.45019265142709],[126.938366738282,37.440506268001016],[126.9622666823791,37.44065572688515],[127.00342193700581,37.467259348791046],[127.01106032839904,37.45538864973786],[127.03583473655377,37.45754591860271],[127.04105997621345,37.438114826608675],[127.05089348836941,37.42965493838712],[127.07045631000307,37.43006340527568],[127.09428333076085,37.456523907590565],[127.11746048978142,37.46217165665754],[127.13258889298031,37.474846847260416],[127.1434452606241,37.47410418499762],[127.15763863747891,37.48914280054281],[127.15647122324073,37.501900866655475],[127.15616532064017,37.502004723063806],[127.15263233954236,37.50311999959347],[127.15215094487363,37.50308816205816],[127.15190324575013,37.50314993193299],[127.15167302387759,37.503372935245025],[127.14513394724582,37.50359120728862],[127.14506294256368,37.50365296257219],[127.14026958814189,37.50990247907818],[127.14112530726499,37.51232372030166],[127.16319304745531,37.54501868568689],[127.1828256101531,37.546563686343575],[127.18196925443641,37.56094137282262],[127.17395294565993,37.57958200336485],[127.12228096158411,37.564254547880985],[127.1011460799232,37.56002336317411],[127.1026655861381,37.58410467355501],[127.10932809122542,37.58466434029016],[127.11801121467134,37.60457760024447],[127.11567458701147,37.61929460112488],[127.10613794160076,37.62059826863748],[127.11195292820503,37.64027121247875],[127.0949337397759,37.64551287093798],[127.09244495585239,37.65809256043153],[127.09579195526719,37.68886098597054],[127.08176430131853,37.69637761093475],[127.05462916889147,37.68928505664032],[127.02807217816179,37.70055640198995],[127.01584584752527,37.70102523886384],[127.00829247114032,37.68467769374363],[126.99295739337022,37.677611663189964],[126.99425696395392,37.66648354847951],[126.97964383183502,37.65488405540832],[126.98462538828213,37.63656487056025],[126.97507466788086,37.63138628651299],[126.9546230281742,37.65475074904568],[126.91222682533144,37.64437766361075],[126.90103131509832,37.61245709436633],[126.89696151598842,37.5886207710837],[126.87707656896659,37.57890294324922],[126.8509394260532,37.57561931537229],[126.82042807319763,37.59083571576875],[126.80550491554988,37.60368863759859],[126.79725409556816,37.59659249049739],[126.79367364183499,37.5816045499506]]]},"properties":{"code":"11","name":"서울특별시"}},{"type":"Feature","geometry":{"type":"Polygon","coordinates":[[[127.3956687444112,36.49161155068815],[127.4088066988029,36.49529747859688],[127.4038520373747,36.51712762888225],[127.40881499100972,36.524391337625964],[127.40182464894835,36.54124045979936],[127.38348836569338,36.54200512793118],[127.37631846876299,36.560718996362766],[127.34301159289039,36.56450370365296],[127.32549583948254,36.57785267469244],[127.30824087760463,36.58345991864753],[127.30086526884932,36.615539121558065],[127.27920841937424,36.63511695055196],[127.2869562454221,36.65416905111462],[127.30162418324214,36.66008523412434],[127.3076097072515,36.68162730584224],[127.28562590652612,36.69093404883944],[127.2737391061961,36.695176606453664],[127.24580881280117,36.695818612283034],[127.23608541353825,36.707358094126185],[127.20507975236724,36.72032578497255],[127.2029216097686,36.72617528145413],[127.16652546109964,36.73350129920794],[127.1528745485181,36.72830955907034],[127.13619392574822,36.70483927985554],[127.1424688780043,36.69113289677923],[127.16086613025666,36.6919891295455],[127.16440129979566,36.67834108505827],[127.15476839136683,36.664864927301664],[127.1594023489221,36.65594683141634],[127.15303588141391,36.645039554141455],[127.15794555669345,36.635171208901916],[127.14996398572943,36.619067105783095],[127.15559470532158,36.60614085321765],[127.17858120020978,36.59690315663144],[127.19295612987199,36.58175031539345],[127.20791495257721,36.57873175078612],[127.19378768128777,36.564812524795485],[127.17266844268539,36.53614364718076],[127.18198581843956,36.52190833810269],[127.17001846888749,36.509037876211906],[127.17687680580985,36.49252957401574],[127.19467546940622,36.489593554939304],[127.1904819780574,36.47947098040882],[127.20473347031805,36.45929025054558],[127.19839944662611,36.452206717105945],[127.20569863613576,36.4365723983893],[127.21770738995892,36.43373753933099],[127.22564315613198,36.42229475426228],[127.24225926355231,36.41861554858763],[127.25079566419382,36.40675835257603],[127.26549267255807,36.41717474690516],[127.28231470262878,36.41453730462398],[127.30274829192807,36.42467057093642],[127.31666951880354,36.42012377425656],[127.34071762557373,36.43097601346038],[127.3446982942011,36.444464463622815],[127.35870915991386,36.45603282506565],[127.3636248775264,36.47033395459883],[127.3591528902481,36.48539078961527],[127.38116723844692,36.50002188987698],[127.3956687444112,36.49161155068815]]]},"properties":{"code":"36","name":"세종특별자치시"}},{"type":"Feature","geometry":{"type":"Polygon","coordinates":[[[129.20297368420788,35.38786983020016],[129.21735550582162,35.378687660471414],[129.2413090256113,35.38557914203428],[129.26527076472655,35.38647176283808],[129.28350875658538,35.36271420228059],[129.283767706476,35.34567863307003],[129.3045309283998,35.32951391038803],[129.3136442275032,35.33046000246084],[129.32270554005643,35.34597564019757],[129.3357503672826,35.35592818037696],[129.34720901870747,35.35250982025933],[129.36328744041782,35.361218701651474],[129.35596181804638,35.37390003894265],[129.34555508774383,35.376422864356556],[129.3465058265487,35.38941750506527],[129.35607204711462,35.39248511012207],[129.36304781938892,35.40650475583137],[129.3657733309609,35.43570184209014],[129.35955700711781,35.44796125826202],[129.36130895933724,35.45914613974127],[129.38413041342312,35.47408223696759],[129.38932646398152,35.48774480307969],[129.37820299416035,35.50148039333727],[129.40303565034455,35.499711537500886],[129.4080181702611,35.49324002910855],[129.40402500490913,35.4773821336184],[129.4393219811012,35.48557832194374],[129.43236639480955,35.49931786007284],[129.44344861264227,35.5021302446174],[129.44584247151028,35.522455427984575],[129.45835148429538,35.558838843678735],[129.45280694903363,35.572683150344155],[129.46437468431702,35.599353190971996],[129.45694902825454,35.613935212354725],[129.44332939497787,35.62564505838301],[129.4412549286334,35.643080553882804],[129.45000815531807,35.650948468950105],[129.4283882828888,35.65593554652776],[129.41263409283587,35.66401868072863],[129.35388798057974,35.679552765334265],[129.32399437098928,35.659210286292954],[129.30357010391245,35.656968549059926],[129.30278790519233,35.648347224618085],[129.26007797423347,35.65450517844181],[129.2542466553393,35.666258528661864],[129.26269415916573,35.691445407712],[129.25292557598198,35.70169668886052],[129.23406285658183,35.703582594047404],[129.20723454961526,35.72150751730422],[129.19764570092747,35.715794319449],[129.1815171899236,35.72313901257429],[129.17685676445345,35.715531148026095],[129.16063965091655,35.71487964565827],[129.1457201819203,35.72469752196527],[129.13524492721697,35.711929816342746],[129.12327579006194,35.70748034568906],[129.0885657076513,35.70201710859793],[129.06948549235406,35.680728687571325],[129.06760919066494,35.66179876257611],[129.0810747419879,35.64748068711177],[129.07413172138828,35.64008515672879],[129.04731156623572,35.650146667720406],[129.0349725147922,35.63200032356123],[129.02713523882133,35.636349567652374],[129.0033462950447,35.6201417657111],[129.0218649488806,35.613923923382586],[129.02602749672357,35.600690274699346],[129.02018044416465,35.58497382421155],[128.99545036193126,35.56894992087982],[128.9709031054137,35.56063916012274],[128.9809354007961,35.54661170561411],[128.99761869874197,35.542198741776005],[128.99449906539172,35.528989458283654],[129.02198914622713,35.525362331296634],[129.04612131942164,35.514348101510826],[129.05933880846996,35.51601586319035],[129.06887822757807,35.50675962476326],[129.10670551105866,35.49496268918231],[129.1096340620774,35.47969947127894],[129.14297415789693,35.4459106762959],[129.16814275738142,35.431916689114],[129.19635838598512,35.439419341329774],[129.20018266743116,35.42413235901487],[129.21985983378352,35.40916649536281],[129.20297368420788,35.38786983020016]]]},"properties":{"code":"31","name":"울산광역시"}},{"type":"Feature","geometry":{"type":"MultiPolygon","coordinates":[[[[126.57257906940627,37.587784222507025],[126.59334154633613,37.55935456617486],[126.60451019831747,37.55560403304713],[126.6024706619457,37.53326285496167],[126.60624481827791,37.48630422346441],[126.59316780411487,37.463724961686445],[126.59293509597005,37.44131828196632],[126.61419491949964,37.43773299194233],[126.60790568612234,37.42707666136224],[126.58981373154339,37.43305495803859],[126.5902939571556,37.419135534994865],[126.6097197251198,37.41605126920353],[126.60987450359247,37.38716180249997],[126.62473296440598,37.37414507384809],[126.61190843388417,37.35530975179463],[126.58452752586668,37.35466406674054],[126.58461496792053,37.34738163466011],[126.61730674609542,37.34285160058837],[126.66106887302728,37.343249576852855],[126.71593213361798,37.37907257252023],[126.73654154837307,37.39542661589188],[126.750575879332,37.40760623569069],[126.75369009495193,37.42253943913569],[126.77127482748675,37.431382306990464],[126.76883815718544,37.442934885116834],[126.77831583751951,37.450789381866805],[126.77816749406487,37.47180699542626],[126.76774170110463,37.471761614987166],[126.7545166304779,37.48370174317242],[126.7426005760681,37.48664671488252],[126.7451006837717,37.514084702602005],[126.76019208815293,37.51587172754705],[126.76094809268727,37.53785944540615],[126.76771074661768,37.55418855255472],[126.7828857043528,37.57370214874968],[126.79367364183499,37.5816045499506],[126.76731222973504,37.58802599503989],[126.74646327201802,37.58685683030967],[126.72512592212895,37.59200096855635],[126.69863317300995,37.61746245127436],[126.67093518006962,37.63435957609076],[126.65794162031975,37.63855375610234],[126.6480590513185,37.62940494751212],[126.6475792237419,37.62873610840282],[126.63695290557065,37.62603338893902],[126.6276949434403,37.605968774960736],[126.61474725927208,37.60586845529339],[126.5927237316429,37.59297577852716],[126.57257906940627,37.587784222507025]]],[[[126.52601717505105,37.7380924089514],[126.52690245513148,37.74783294154012],[126.51238789693636,37.763537212954],[126.50803775602914,37.78329849212648],[126.49082952368327,37.78953081930826],[126.46472981274013,37.804962373511195],[126.43663159652925,37.83123109972109],[126.42688650022409,37.83336859534389],[126.41365930666144,37.82469324629906],[126.39387318529577,37.82549239932337],[126.37196206354875,37.80547328880879],[126.34893426164795,37.79196822467347],[126.35333061306773,37.77652763690502],[126.35313043188445,37.74480093555419],[126.34148314991434,37.748368589973886],[126.34318275206653,37.72059792564927],[126.35237254863817,37.70581012744984],[126.38677116548091,37.69027485420212],[126.39569551161996,37.66457324982514],[126.38851282024802,37.656389107285115],[126.40500133140436,37.65078291578038],[126.39529445815344,37.64187322493461],[126.37199550628134,37.63303812097953],[126.37772398472086,37.60951351911681],[126.40372284070298,37.59409865488048],[126.44664180323484,37.59449295113184],[126.46266171995737,37.58939505406506],[126.47334402724205,37.59748811244498],[126.4802971903927,37.5835800179734],[126.50323639048148,37.58963644694456],[126.51196170590683,37.581238257426996],[126.52651131228649,37.58474491729307],[126.5239461472238,37.59646980198832],[126.54743329024599,37.60482016012274],[126.54281911579618,37.622576601188996],[126.5305280115994,37.63855248378674],[126.52895643551031,37.65297442703012],[126.53530292816356,37.66633368635629],[126.5229825306347,37.67651724683649],[126.52728142525596,37.70314165222603],[126.51851491911813,37.71272805239405],[126.52601717505105,37.7380924089514]]],[[[126.49045511096267,37.50990162584326],[126.46454241949816,37.49947399938031],[126.43217335665307,37.50391953636948],[126.37341921543496,37.47213277072041],[126.35625240947226,37.4695713295232],[126.36106256378726,37.45725572304513],[126.38049229722921,37.43901679883202],[126.39528821889992,37.44608546632017],[126.4155837262326,37.43246516611614],[126.4194388622993,37.42196976130283],[126.44181217930266,37.42088863429734],[126.47790691117842,37.44083575466605],[126.49616382660763,37.44820679308625],[126.50734573508326,37.465809485938856],[126.53730719561096,37.47582612360683],[126.56483609796068,37.479621115461775],[126.58131964341094,37.48971252396093],[126.56550231909705,37.514646324023865],[126.52634175814755,37.527367127925025],[126.51377682010217,37.53497770515297],[126.4983927427595,37.531848466830084],[126.49045511096267,37.50990162584326]]],[[[126.414121142683,37.40908987036379],[126.40237710799688,37.40968760212862],[126.40058889107864,37.39656900199043],[126.40734562649035,37.38811790982515],[126.40713772385875,37.372604873080014],[126.41793860336105,37.36531408629262],[126.43368216971287,37.36859346391418],[126.44104019799677,37.38564475128505],[126.41460847932399,37.403487097294516],[126.414121142683,37.40908987036379]]],[[[126.26806759294972,37.815686395066265],[126.23697849066251,37.816410784714144],[126.2231767742662,37.80541207624023],[126.22215742050565,37.79091931370244],[126.20728281151924,37.7683312077111],[126.2320586812595,37.75114445593654],[126.24784902907122,37.76544520184936],[126.2727977517718,37.76974912447438],[126.290141989789,37.76276156309195],[126.31495587492407,37.77368958015051],[126.33031603007473,37.789195200638744],[126.32846213459284,37.803933960215446],[126.29701938845054,37.80253019905789],[126.26806759294972,37.815686395066265]]],[[[126.33044666352848,37.746807988284154],[126.32394892038715,37.75428392989655],[126.28892471574234,37.744026248948224],[126.28477965517217,37.717663605341066],[126.26993508593571,37.70828568140746],[126.28513685578758,37.696232234198746],[126.31730429424552,37.68174175753434],[126.32682156083978,37.662026308622075],[126.32503188974493,37.64144432908122],[126.34280982338616,37.643580474373536],[126.37660940391304,37.667933547176574],[126.37959242473798,37.68219808906787],[126.37192799129171,37.69522767733373],[126.3463931951997,37.69915963678118],[126.32060167669717,37.716111688515994],[126.33044666352848,37.746807988284154]]],[[[126.24399216441938,37.652768514962005],[126.22541165584104,37.64888218156009],[126.23381432138073,37.63793384032013],[126.25427438433462,37.63237758621012],[126.24399216441938,37.652768514962005]]],[[[126.19630628376721,37.6849348844696],[126.17219977055566,37.67668014721562],[126.19409958205459,37.65839047979163],[126.20531387716711,37.66979024860697],[126.19630628376721,37.6849348844696]]],[[[126.47251105442362,37.53755389515129],[126.4613953145108,37.544457496287855],[126.44364021069815,37.534059184331035],[126.42927285678219,37.518371555035266],[126.468549057259,37.51632594257028],[126.47251105442362,37.53755389515129]]],[[[126.32976409102835,37.550670214186766],[126.32980265104642,37.52550875912781],[126.3606745812484,37.530668651122305],[126.32976409102835,37.550670214186766]]],[[[125.71579900084376,37.68010818450128],[125.69206657648108,37.677381368676656],[125.68348671409005,37.68122927504683],[125.68292012710317,37.65368349145964],[125.69266757750881,37.65179886877247],[125.71042107235897,37.66624616201949],[125.71579900084376,37.68010818450128]]],[[[124.70666150475566,37.9833988365759],[124.69106906175705,37.97963807265909],[124.67417652733343,37.98190494318568],[124.6382152132438,37.96912823558148],[124.61560252945841,37.97809300560943],[124.61122755064154,37.960936520424696],[124.63862700165929,37.92252405512352],[124.67985217723216,37.921957360388944],[124.69632731557431,37.9170154793401],[124.70799514906811,37.944104863903924],[124.72778896735898,37.95415216234895],[124.73290816348262,37.965694683932504],[124.72951802094039,37.97826118962154],[124.70666150475566,37.9833988365759]]],[[[124.76943126706705,37.77966048855652],[124.74200235670862,37.77571981057717],[124.76447070146985,37.765567785548406],[124.76943126706705,37.77966048855652]]],[[[124.70686843104026,37.846780036340355],[124.69167229717742,37.83864193402012],[124.67179597577535,37.8172933094153],[124.71165941505333,37.80699448851522],[124.72054637601664,37.81644424619862],[124.7179562835261,37.84673836546673],[124.70686843104026,37.846780036340355]]],[[[126.09701835310908,37.18733141812031],[126.08492673173784,37.179106582152926],[126.09400856909944,37.16696443708526],[126.11261110364318,37.17051752197723],[126.09701835310908,37.18733141812031]]],[[[126.17079642026115,37.22688675177738],[126.16255065348525,37.21307285507075],[126.1825983953272,37.20940439895624],[126.17079642026115,37.22688675177738]]],[[[126.10582745980395,37.274122116485785],[126.08948383492688,37.247296624600196],[126.09125540375706,37.229900678537426],[126.11261845104472,37.22232572305401],[126.11736428844448,37.2092869106257],[126.15728075022794,37.21603680366253],[126.14912901024799,37.22303047648809],[126.16617577910142,37.23258211001923],[126.14479256594211,37.23873793500586],[126.11892480095943,37.258011503700466],[126.10582745980395,37.274122116485785]]],[[[126.07970275030063,37.108495190629824],[126.06634175617474,37.105584617832754],[126.06016870796842,37.09606922604378],[126.06753420723881,37.0833654094227],[126.08888054307042,37.094928443182525],[126.07970275030063,37.108495190629824]]],[[[126.25605363909557,37.181802244861295],[126.24934201253518,37.169758261471145],[126.27464775483665,37.16474095382358],[126.27149574628878,37.176163077575296],[126.25605363909557,37.181802244861295]]],[[[126.21658217288504,37.189103060108415],[126.21926285473508,37.17844338161105],[126.23781806828349,37.17766514217992],[126.24026243855897,37.18663247857676],[126.21658217288504,37.189103060108415]]],[[[126.29784927356839,37.266138712437694],[126.29693860271205,37.25191419158813],[126.33134179682624,37.245380951495676],[126.33365288112924,37.25564403126964],[126.29784927356839,37.266138712437694]]],[[[126.47210415116874,37.28450311298211],[126.4515571383151,37.28227809829834],[126.44711613725016,37.27189190787469],[126.43362965688443,37.27407089395825],[126.43495942827356,37.25465454767897],[126.43156315743455,37.23303034294268],[126.4570156929674,37.224181456275836],[126.48148486388372,37.241074008305986],[126.48237558002481,37.2548650684884],[126.49171155429025,37.25942500167938],[126.49685860543424,37.277405022540364],[126.47210415116874,37.28450311298211]]]]},"properties":{"code":"28","name":"인천광역시"}},{"type":"Feature","geometry":{"type":"MultiPolygon","coordinates":[[[[127.57744981030764,35.308958991688115],[127.53053683497689,35.33728267828974],[127.50141328196517,35.358826027756535],[127.48610471803408,35.358366439004314],[127.47057638504084,35.36593969069999],[127.45421364589076,35.36072776566614],[127.4313225302281,35.359531884612906],[127.4154956133895,35.33728147773582],[127.40154740974971,35.32510247162462],[127.39932327795846,35.312902201853376],[127.38715007240293,35.3044292483591],[127.35618790088145,35.32125713866802],[127.33387435288897,35.31536123750783],[127.3241115725148,35.30646127830687],[127.30855869827614,35.30312866467915],[127.28854181751454,35.31415027929449],[127.26043929001082,35.31163058390051],[127.22265181685326,35.33670428125536],[127.21484546236402,35.316167570507865],[127.20087804957903,35.31580161999344],[127.17962548372583,35.332390574450535],[127.16789823153442,35.33169948447017],[127.12622299776761,35.303649446315944],[127.10550421129737,35.2991983540031],[127.06131946281089,35.3172160034805],[127.04670638426806,35.31818605469023],[127.05212001801209,35.33991142317074],[127.06495348910705,35.3364856357378],[127.07027850345123,35.36612182589625],[127.05664458013037,35.38437410751259],[127.04643477088855,35.37694224030909],[127.0302137462322,35.39046430282543],[127.04221854590287,35.398911621896005],[127.05230311016003,35.426858238121554],[127.0373212621203,35.43340889671514],[127.03462769738933,35.465801800109766],[127.0144303059035,35.45745403164557],[126.99962130461299,35.46109234792672],[126.99791655547382,35.446106492086194],[126.97039407062732,35.42743045158014],[126.97446175291553,35.399906467775374],[126.96337194263192,35.39476465181726],[126.93275771239794,35.395148326040285],[126.9297247222143,35.40582393801958],[126.9019591090789,35.42277276826109],[126.89484365559927,35.448481479946174],[126.86869217100137,35.461388959784685],[126.85061670216128,35.46597918687715],[126.84313705222975,35.47598695575126],[126.82612675025241,35.48630146133217],[126.81396336477084,35.48294246231825],[126.81357380788494,35.468847317303464],[126.7640497654522,35.46604363841164],[126.74787370633258,35.45032792218097],[126.75182555555328,35.42297912535076],[126.74443305657869,35.40929450481632],[126.72960652211347,35.39449248974886],[126.73119593700739,35.376780939515506],[126.72267812304341,35.36724017003356],[126.70458172982374,35.36511310631844],[126.69923583475841,35.34968241212998],[126.68198292526522,35.34715292591582],[126.66673476136123,35.35154762029113],[126.65952623508171,35.33456213390599],[126.64175421743191,35.32086464065706],[126.62506672872489,35.32133705859936],[126.60399659705318,35.3355817878185],[126.58134316001374,35.322894381843504],[126.58964877683671,35.31197523358017],[126.57321537713659,35.309641866650225],[126.55094840781462,35.313602234450016],[126.53118546030142,35.3074719320713],[126.52325638145211,35.315442759391125],[126.51761976168574,35.33409449514657],[126.52023500607018,35.34978945262154],[126.48158109388177,35.38562512793295],[126.49050615497305,35.39521002206704],[126.49162886899252,35.41129916354356],[126.47871146451979,35.42422587704254],[126.447567236087,35.4298060953062],[126.43744569812073,35.43059940380873],[126.41481344806901,35.42193098963189],[126.40301075793762,35.404067235138136],[126.41359277560773,35.36335695824149],[126.39653795925953,35.36841600166206],[126.38751199796184,35.34390689147423],[126.37832837447777,35.32897992820048],[126.37777728067738,35.305755181632485],[126.35839907998424,35.28935174487805],[126.34387331457302,35.29298980452677],[126.32336449040858,35.28806175913784],[126.324033504416,35.252587667146464],[126.3111422694273,35.25458389837781],[126.29749784925546,35.227372507572426],[126.29812149868897,35.18812223230748],[126.30700863465101,35.17822699946984],[126.33545539298865,35.19122943752075],[126.35441564904887,35.178783896936864],[126.35912936822082,35.16998068391336],[126.3826851009575,35.152588611379635],[126.38664093365351,35.14291695765866],[126.4030119798273,35.13539956816932],[126.41963125890872,35.10754136435075],[126.44563499236935,35.10592446431908],[126.46466277405499,35.09972927618484],[126.45016491909894,35.08807280996765],[126.45204946899933,35.073194481102085],[126.43950999875256,35.05558127369194],[126.41786977739397,35.04188591717899],[126.42630213716087,35.028057422493575],[126.3990532211905,35.032921791550805],[126.4062938027276,35.05723169108947],[126.40426921409086,35.070734321623256],[126.39175374218652,35.08644068505434],[126.3680331907214,35.071337439091785],[126.346106663622,35.08297111622596],[126.35100684040705,35.09510611808598],[126.33159708566548,35.09472442951119],[126.34444839206553,35.11540223164447],[126.34211233890599,35.1213997214071],[126.34591750563918,35.159757868184656],[126.32480894702353,35.13414396230792],[126.29156228252168,35.13826419499362],[126.27196409272784,35.146052168973185],[126.26133715194123,35.145224473420434],[126.23262396681544,35.09854193066148],[126.21670066959476,35.10683000522442],[126.20981659451286,35.103204769274235],[126.19030748333783,35.11278794582415],[126.15993830158693,35.09887186175734],[126.16557022235591,35.08346725371272],[126.15986068030993,35.07221281894668],[126.18243821743377,35.057802228612836],[126.2072033977821,35.05465896494396],[126.22261045388548,35.05780997778207],[126.23518234725425,35.044244804230686],[126.2266307753937,35.023429009260894],[126.25592189792566,35.0126821262118],[126.2741950060294,35.037664022894916],[126.26010974738512,35.05323293080039],[126.27809201263224,35.05447677889298],[126.2849121121809,35.06162939256141],[126.30435966135799,35.04502876524899],[126.31452018929762,35.05326204135718],[126.30562796014894,35.06592208604775],[126.31788682843656,35.0700905092544],[126.316747124286,35.086666257866995],[126.33245199905484,35.087530581377194],[126.34404527438772,35.07045519722033],[126.34743648311462,35.045087656830624],[126.35849015388379,35.0385936015324],[126.38075386462967,35.048213509611074],[126.38926346303595,35.025104013901725],[126.33914435190901,34.99700382880845],[126.3571665314578,34.99320872655838],[126.34802340911955,34.97579411944478],[126.33302393734867,34.97081194420097],[126.32062881421648,34.979166819041964],[126.2947922891741,34.96529785541895],[126.31584154061711,34.93701857913458],[126.32635651230306,34.93050647575786],[126.32870747565578,34.91684710417969],[126.34311330829603,34.91460136652344],[126.36667286988595,34.93262789423389],[126.37459645567637,34.95591631572876],[126.36142913681569,34.97187341093586],[126.37327875748669,34.98988930099342],[126.37886650186422,34.97116716764134],[126.39402041978624,34.9617431006564],[126.38710218220896,34.94689827285006],[126.39162385430173,34.91996849954546],[126.40311959548733,34.91479228592924],[126.4007918345761,34.90055242634571],[126.38895720114728,34.88935547563819],[126.40153466170561,34.8802108405587],[126.39470182708087,34.86926020045338],[126.40684268399798,34.84714738245333],[126.38805215656622,34.836886030617386],[126.35558666072126,34.7953567824846],[126.37349709178288,34.77979654476048],[126.40036912284415,34.783153130816764],[126.441455015652,34.79941879056329],[126.44917864049245,34.78320911649983],[126.42560155410658,34.77899967749439],[126.37919943536737,34.766983434624045],[126.38040858728763,34.75281552004331],[126.36249913571194,34.744915164637895],[126.36621273259185,34.73833764649938],[126.38845631140214,34.73098509192968],[126.3682396808256,34.69886262854964],[126.34493621605417,34.691225235831716],[126.34926040188321,34.679444557760945],[126.36292357382526,34.673557792889895],[126.36250895609798,34.66381549591612],[126.37388097562915,34.64368665416289],[126.39379405657183,34.62654538614164],[126.40598334560146,34.62785788677918],[126.42846979665978,34.61365644950423],[126.43608464547977,34.598092980244836],[126.41001831199902,34.60091153145933],[126.37659680499219,34.618153057326296],[126.36861057076011,34.640019113955596],[126.33773144107725,34.68484578898331],[126.35065645168243,34.70326076836751],[126.33975628084644,34.71904348868648],[126.3311813897961,34.72115415954643],[126.33524327317573,34.73834476876061],[126.31348122925334,34.75053460117936],[126.29998644269726,34.76216057286386],[126.28876834208941,34.76017179327909],[126.27433281601269,34.728748761188086],[126.27475546873436,34.71404544004188],[126.25789955495043,34.69413417660544],[126.26217393589826,34.68660052477793],[126.25503005920862,34.66411785735757],[126.2595717849921,34.64124965735304],[126.27729184099401,34.630328670511076],[126.27900851722664,34.59639707834671],[126.31319693840851,34.58577209002228],[126.30733918940734,34.572330261929494],[126.31373926046227,34.56674393664861],[126.33407683778648,34.57307695141508],[126.36248585805681,34.560779524958214],[126.37984313794868,34.56274307575276],[126.38764583811125,34.54716386725949],[126.3862344028058,34.532274624192596],[126.40251525230347,34.53780202481399],[126.41993496538042,34.55422541918288],[126.43352580001763,34.5438719269363],[126.45685645943902,34.53474934044612],[126.45786328432484,34.522332151794714],[126.47138921485964,34.506973912045055],[126.46222618323242,34.49586585168731],[126.46379669539749,34.482020731840116],[126.45547812151486,34.4766482092816],[126.46736295785458,34.462070426061494],[126.45804351604565,34.44963878054329],[126.47648020364154,34.4266250635431],[126.48926175892036,34.43465680531194],[126.50804108744414,34.42674581118176],[126.51672985701248,34.41430936068548],[126.50509615280875,34.40542530164993],[126.48849156828882,34.40910040445585],[126.48571722297409,34.3876170092731],[126.47407902392858,34.377466288607074],[126.48388832131332,34.36666378061228],[126.51970588918537,34.36092277635431],[126.52018271361564,34.34474789043051],[126.52689762149582,34.33414262939261],[126.51231937891971,34.31881553356849],[126.518835710348,34.295781135893876],[126.54462297102283,34.30301330896383],[126.55760063630548,34.32129122062943],[126.58624481393102,34.31970696183682],[126.59887990536386,34.31218542049594],[126.60563665177825,34.337211809803655],[126.60338655417765,34.34666607347112],[126.6214283375242,34.35930620529126],[126.62275677319968,34.40696875356572],[126.66091912773406,34.42549599262192],[126.6783781234426,34.42217795765181],[126.69783889426061,34.43985392013774],[126.72510596173214,34.44224184134796],[126.7481921871046,34.47188688885149],[126.74071577432294,34.48811715708214],[126.75806397028256,34.49376150720564],[126.76167651820886,34.50286079412929],[126.75905177063244,34.526043631317805],[126.7684837440221,34.554883748543446],[126.76575624157121,34.56304985722332],[126.7716349373329,34.59673126986113],[126.77003669502396,34.616029127292485],[126.77896321995163,34.62372213788112],[126.78038476471193,34.5901811110246],[126.79284073417192,34.56994729665761],[126.78879436219167,34.5537249096728],[126.79132570432549,34.52878395033445],[126.7918178739556,34.48885644559818],[126.78959257665662,34.466709243281514],[126.81951828471409,34.44865810663493],[126.83876320967813,34.44986636239648],[126.86787242697477,34.439227722760464],[126.88257498020008,34.43914354996159],[126.87666674631369,34.456715369999436],[126.9255528694509,34.45265739083359],[126.93791356376215,34.44767995213174],[126.94700336780835,34.456427700456466],[126.93780402691597,34.47585782529643],[126.94500367498821,34.48323166270441],[126.95731940972803,34.46849304293888],[126.9766142227169,34.48731171091587],[126.96232900877285,34.50170949365859],[126.97713652516723,34.509747364920266],[126.97157253869915,34.52565780765828],[126.96234608613828,34.53472026328832],[126.9818594796705,34.53961674048111],[126.98989454924961,34.55375174050354],[126.98547288657122,34.5688775908125],[126.99987840212894,34.60418906748938],[126.99500078892966,34.62275718366882],[127.04662891144277,34.63470614668348],[127.0674255577005,34.66271004748174],[127.07229219063284,34.66109121243347],[127.10723275575529,34.67683326206264],[127.11471772397844,34.693444553138576],[127.1279690175271,34.70244250057157],[127.14391743014109,34.692628985014665],[127.17798309109588,34.691334435930074],[127.18762279947441,34.696289742854795],[127.20580853744941,34.7181552268793],[127.20938584389877,34.737561302053514],[127.22960094536606,34.757652335059056],[127.24326278782685,34.760752763553135],[127.2524124966192,34.741759963411546],[127.264264276333,34.7318595811955],[127.27200099147812,34.74159218495069],[127.29471382382097,34.732583817239416],[127.30357122893929,34.74959033822535],[127.32619315568368,34.74792731194031],[127.33255104892773,34.71479946055255],[127.32598541634378,34.69245076860029],[127.31752969450874,34.68207912990492],[127.31464909922371,34.665205977532736],[127.27948304744686,34.67299172620115],[127.28642592148042,34.69108809130802],[127.27481943616861,34.71725972620576],[127.25287690395953,34.711287998687325],[127.23954912134124,34.69672232734826],[127.24367631812173,34.68514255029035],[127.23264372572949,34.67855222845658],[127.22207424967294,34.63352912721044],[127.20755397388558,34.628729327924056],[127.19583934765372,34.64614185152481],[127.17243935473813,34.62706105501661],[127.17155885579734,34.595575497313895],[127.1503198651376,34.59420918522383],[127.14430663772934,34.583987657261346],[127.11321637511858,34.55933189329375],[127.11213818599857,34.54616652827537],[127.12113017452283,34.530128763219224],[127.1358163718143,34.52351077995234],[127.16906966556756,34.52211047329578],[127.17869966625209,34.53090968377333],[127.19436736019725,34.532373314386135],[127.20714038732427,34.52104444984354],[127.22514427896715,34.526203789366335],[127.2391811799212,34.51747059584722],[127.24818978641224,34.52205742544352],[127.26895725931794,34.51020797281168],[127.28292261673775,34.49752145024932],[127.26902792311914,34.48807921718133],[127.27371706575347,34.478900961043976],[127.30075915278586,34.47019395511155],[127.30174183785302,34.45905026422416],[127.31887311339872,34.4421242709399],[127.33893747328426,34.44552953700775],[127.339384459511,34.454296476509015],[127.31910646501129,34.46773250711986],[127.33400517048402,34.47896135391546],[127.35270199389264,34.48160798004898],[127.35839962154925,34.49151943930343],[127.37302988489424,34.479999652546724],[127.39139126053314,34.48816784106023],[127.37941259493614,34.50231706123113],[127.3894432275255,34.509718047610804],[127.40400408820807,34.50498912343919],[127.4056891521242,34.51809577487871],[127.4250884619629,34.51394240668443],[127.43067002115647,34.54154329359342],[127.40621511407979,34.56074472360411],[127.39405961759941,34.581303102192145],[127.41077032231479,34.58992055913913],[127.41882402682322,34.58232091889679],[127.44585155735422,34.577010851686495],[127.45785109699031,34.58549823698303],[127.47691803572349,34.574016377950585],[127.50616931335908,34.59189448228152],[127.50624811910521,34.60380425833803],[127.49155218405508,34.632611808608715],[127.48319754218537,34.636891131482734],[127.49039358154454,34.649602256972436],[127.47532539879552,34.656780196195896],[127.47760103077857,34.67189858772975],[127.45987472764571,34.66472194512061],[127.43805959013734,34.679526613538826],[127.45322714874166,34.691271260997254],[127.41474629898356,34.70695287399811],[127.3964255614195,34.707134694781715],[127.39123676829949,34.720339653257554],[127.3790284909084,34.727383931884994],[127.37328641094123,34.74152084861341],[127.3806297234632,34.75056806896975],[127.39728840854097,34.75675511078338],[127.40228766553697,34.76662094872986],[127.3868827356105,34.78373102152011],[127.39502546247358,34.796314481192184],[127.41273097067653,34.802530501381305],[127.42000276918168,34.81134499128484],[127.39063627680747,34.81789280421411],[127.42608500314043,34.83526352117771],[127.44916201984088,34.83734196263992],[127.47245030163009,34.84486772191548],[127.4924404404715,34.84684118170475],[127.49439577055385,34.86712878147846],[127.51477798946233,34.86967478458951],[127.52601144040996,34.844753192583745],[127.54338189634574,34.84183867170905],[127.52737067651137,34.824420912369845],[127.52286270158758,34.80982167459158],[127.53176719136866,34.80617622666134],[127.55346689833324,34.80918173039699],[127.56065093108899,34.802464186005],[127.57917761307266,34.760862572348984],[127.58911366387457,34.753739703695516],[127.57851444715345,34.732951750453616],[127.55486916066965,34.718675071769724],[127.55936099702888,34.700424827003445],[127.55066551172332,34.6892060440829],[127.55317075812322,34.669955399692036],[127.57013123059038,34.64358996852274],[127.58924843431424,34.65184684927678],[127.61555481144029,34.642850204433216],[127.62519476540047,34.63445055711953],[127.64438851735834,34.62729068118095],[127.64014156409554,34.64333990074004],[127.6298132497315,34.650522495865424],[127.63539546182719,34.661454120723874],[127.62496822884447,34.68048171386275],[127.62608007681449,34.712005405419426],[127.63540650008596,34.71016798765974],[127.64139097022591,34.727066942857725],[127.65623492237779,34.75101523464327],[127.68181057646225,34.7406382313067],[127.7029123347915,34.72039477949202],[127.72475094084514,34.72632676124524],[127.75604900244606,34.74107682150792],[127.75084149210586,34.749925910844496],[127.75435960959682,34.763580627217394],[127.74547172480945,34.77529724605559],[127.75689728055862,34.786911388096165],[127.76618616741563,34.80936520277437],[127.76778007006608,34.83132512425438],[127.77488762796241,34.83746913694348],[127.77414617492752,34.86080384447645],[127.76197455925602,34.86482952873935],[127.69864527965942,34.859376460441126],[127.67011225597318,34.837026777766624],[127.66159662254437,34.84449912493477],[127.64294023617407,34.83045949717742],[127.6267228457293,34.829796739846635],[127.6238344261171,34.84424528545793],[127.6063240248341,34.85169372031856],[127.58968216024677,34.87490548778411],[127.61424135325854,34.89234666955935],[127.59072221872316,34.91907227612105],[127.59834981552271,34.92597722397568],[127.61750725204898,34.91605274276114],[127.62449975410946,34.9018985886707],[127.63998041799172,34.886359313495966],[127.65074883824114,34.890774658188676],[127.69647451901687,34.91823663040528],[127.69992201948975,34.93040539703942],[127.709999444801,34.93545601331045],[127.73130736749073,34.95516284467752],[127.76029552438621,34.9665437479859],[127.76457331491851,34.978096029676884],[127.7777737977399,34.98810708768267],[127.7871539748351,35.01724775958997],[127.77196204417221,35.02948160071882],[127.76869340905237,35.05044283021794],[127.74031884743532,35.06196094865808],[127.73746651769069,35.07808482798001],[127.71887247763622,35.08163189298793],[127.69460008329773,35.10308139249992],[127.69510394134981,35.129761578045894],[127.65938582267694,35.158349491035544],[127.64530121770899,35.16130369715633],[127.64064144839077,35.171138904114144],[127.6213662541375,35.18851362765889],[127.61706941024819,35.209632808446436],[127.62100684451374,35.21407856921561],[127.61839474352459,35.23720641246037],[127.61002187302579,35.26191271130411],[127.59580003887946,35.26816049999527],[127.58248128795309,35.29136295356271],[127.57744981030764,35.308958991688115]],[[126.99756784053758,35.11457102409325],[126.98635173598795,35.105945330041735],[126.98838029846704,35.09525315585234],[126.96668552019439,35.08957839049452],[126.95182149541388,35.073033355071225],[126.93237573320876,35.07446503446002],[126.92089089859878,35.09125885922471],[126.90643916921758,35.08259557882149],[126.88505519869226,35.08153450009524],[126.87175427738784,35.074324490362784],[126.86063327829528,35.07873101335135],[126.84289445983748,35.06528408290329],[126.80371678668523,35.052386096761566],[126.79520398677207,35.06116723750484],[126.77573029205104,35.05325917672072],[126.75704468490069,35.05948163221132],[126.76607131840967,35.067664389233315],[126.762036892662,35.09097820958766],[126.73700709815047,35.10820653101061],[126.69278695678311,35.1080575925445],[126.67826002805461,35.10584851489869],[126.65705802866746,35.113407190831076],[126.65150715899047,35.12049524047308],[126.65484784570037,35.136715241085724],[126.65344222414018,35.16380932014263],[126.67104930599182,35.16943936754929],[126.65551588121619,35.18877003726626],[126.67648266743134,35.19599477659337],[126.6872602176824,35.21541172299447],[126.70263101012037,35.20780365585046],[126.71770692605762,35.212112834379255],[126.71980727933897,35.2269026401953],[126.73718572562056,35.25205511056627],[126.7611554671275,35.25840993141004],[126.75552470429545,35.23438855825338],[126.79433160237228,35.22026684026172],[126.81055711026887,35.22111030130101],[126.83645267546062,35.2290700827869],[126.8624188223935,35.245153396400944],[126.88639226608781,35.246260478605194],[126.90803780827746,35.258951537895314],[126.9308768071399,35.25139452735717],[126.93260477697146,35.24148645193126],[126.95189457206092,35.22500133925996],[126.94889279752998,35.21878776644476],[126.97544698701118,35.18657551561402],[127.00177832489376,35.187863241848206],[127.01661312734679,35.179379777335754],[127.02084554700423,35.16729320638823],[127.00795939610911,35.15491064050678],[127.00907732690398,35.124406830529246],[126.99756784053758,35.11457102409325]],[[126.39081511153682,34.730184583559286],[126.40117036090102,34.7388424178625],[126.43985577232657,34.73744818351044],[126.4563432267253,34.72794817918218],[126.47577234693146,34.73472173577506],[126.4770778246651,34.719958271114024],[126.48999888283426,34.715035866528936],[126.51346204605801,34.68900720549403],[126.52434983680415,34.672302639958495],[126.5359965685059,34.66766859234574],[126.54270963953509,34.65493743070564],[126.5172729547286,34.65806088345568],[126.49423797703963,34.66562421438926],[126.47923085537901,34.67984719842625],[126.47143408525275,34.659149511400685],[126.45120760319841,34.68738067738207],[126.45738839044105,34.69530217991389],[126.45268729139305,34.706318630388346],[126.38830389940173,34.71987131883456],[126.39081511153682,34.730184583559286]]],[[[126.32689892951365,34.78496855632465],[126.30846183522124,34.78224296867684],[126.30636369078368,34.7646307948186],[126.31791106831497,34.759103874956374],[126.32790226615704,34.774827715314764],[126.32689892951365,34.78496855632465]]],[[[126.33141898057787,34.79494898981596],[126.33697605568386,34.79955006892029],[126.3275497893918,34.816009797530214],[126.31407115267787,34.80506856815757],[126.3181285125654,34.79473123351574],[126.33125296214646,34.794890328195564],[126.33141898057787,34.79494898981596]]],[[[127.74862896618042,34.733787819840096],[127.74158629054266,34.72197065422531],[127.75440586607245,34.70860930421108],[127.76024095348274,34.684735207509746],[127.73720397665456,34.66058500319327],[127.7234175250872,34.65570576635858],[127.71798558205359,34.643019867630436],[127.7238427718081,34.6335190907919],[127.71294172729534,34.624325762757294],[127.71905538570086,34.61347073757803],[127.73761004858572,34.610297947415035],[127.75014689054736,34.59262738713648],[127.76548776748149,34.59287173805918],[127.785643099892,34.5852793688219],[127.8059744709391,34.590277127738375],[127.79221883215573,34.61087526817097],[127.79844508263048,34.63726848750583],[127.79499637311118,34.671328466541134],[127.7850846450724,34.6700567435809],[127.77641468003006,34.68136251473865],[127.77977780867523,34.69659240845896],[127.79114244355759,34.70161336066533],[127.7873268898548,34.71600927630507],[127.74862896618042,34.733787819840096]]],[[[127.6335113065752,34.84881978204655],[127.64703698787764,34.85742847114707],[127.63368048821812,34.8709333383438],[127.61386431106806,34.85810742110778],[127.62157928063165,34.84846090116765],[127.6335113065752,34.84881978204655]]],[[[127.80516088989282,34.46124119142361],[127.79503934085808,34.457344729355306],[127.79819641722507,34.4447330890277],[127.79332849162586,34.42604768343355],[127.80809399830167,34.41699041280454],[127.80936139775086,34.44986973883446],[127.80516088989282,34.46124119142361]]],[[[127.74111830921527,34.552897581202764],[127.7255709472522,34.548268944397655],[127.71192182653208,34.53798097075644],[127.71306807792396,34.529477230481156],[127.73478081596504,34.50299548974893],[127.76242653991255,34.49909234121376],[127.77085751436222,34.487615511209604],[127.79066225637284,34.48765449347811],[127.796767630124,34.49320518539199],[127.78023715330028,34.51987610151666],[127.7623183878218,34.535115507857974],[127.75768355346732,34.552374573762904],[127.74111830921527,34.552897581202764]]],[[[127.65792243910973,34.58554476136138],[127.63909332303449,34.574881158424404],[127.64758422261886,34.5587089594718],[127.65965113002794,34.552736795147176],[127.67420895099447,34.55563904677433],[127.67848708392928,34.56693474746289],[127.65792243910973,34.58554476136138]]],[[[127.54661503454666,34.617708413744296],[127.53365829236816,34.61201843805521],[127.53951737935405,34.59869633035317],[127.56673607307492,34.60515622451263],[127.56455819443826,34.61364495062727],[127.54661503454666,34.617708413744296]]],[[[127.6360224437631,34.624499182155354],[127.63075022908697,34.60886063026969],[127.65519078077206,34.609484157923646],[127.6360224437631,34.624499182155354]]],[[[127.30797091539385,34.0607843249128],[127.31337641010742,34.04015923065001],[127.33476016845877,34.03410037762918],[127.32686133221695,34.05185306494037],[127.30797091539385,34.0607843249128]]],[[[127.29318818949247,34.06352188285413],[127.27920027684831,34.04322715049293],[127.28872421522357,34.03248441848158],[127.29459845985005,34.01408900311969],[127.31583556145677,34.01434517161348],[127.30243858524159,34.03027109182767],[127.29277374245875,34.05003040523448],[127.29318818949247,34.06352188285413]]],[[[127.26043987265773,34.2471741944098],[127.24252109020684,34.24720476232198],[127.23306553805953,34.23662417410153],[127.2248391176546,34.21598035448567],[127.24333448919242,34.21775803848651],[127.25657945513314,34.21087567227837],[127.26272351508098,34.22677674196985],[127.26043987265773,34.2471741944098]]],[[[127.72502505827643,34.89522810545898],[127.70730745318826,34.896849659359866],[127.69164658287663,34.88493456475687],[127.71787596200323,34.867633808541704],[127.72795408148802,34.873769914835755],[127.74639867113471,34.87269541551162],[127.74563317228643,34.89097084952754],[127.72502505827643,34.89522810545898]]],[[[127.76878763560684,34.94106162191159],[127.75992973201842,34.96049537953578],[127.74192515637098,34.952349534986084],[127.74470921655728,34.934521956857736],[127.76876376621861,34.93370326905144],[127.76878763560684,34.94106162191159]]],[[[127.78481953857715,34.91548769190833],[127.76528244228332,34.9318799449157],[127.73842024288561,34.93199511634152],[127.7400266819116,34.94550421805667],[127.72442268456602,34.94799678690135],[127.71231896378741,34.93140066398708],[127.7029565486529,34.93107961479614],[127.70427821239291,34.91255996666803],[127.7349182640798,34.90703443204475],[127.7591715969324,34.90606911496446],[127.76063058876575,34.893245685359375],[127.78439214923046,34.88639254230829],[127.78481953857715,34.91548769190833]]],[[[127.24595538513324,34.41407402092634],[127.2477055208284,34.38736743485221],[127.27163820201332,34.3805745659892],[127.25706325157454,34.40717861687708],[127.24595538513324,34.41407402092634]]],[[[127.13583219167509,34.52026009772209],[127.11144465049597,34.52242892275293],[127.10937719109438,34.50882464670366],[127.13065353628792,34.50569983969392],[127.13583219167509,34.52026009772209]]],[[[127.10984495326427,34.59852755721572],[127.09700766896569,34.61251086402424],[127.09127327813758,34.59585130872775],[127.10984495326427,34.59852755721572]]],[[[127.22794430561389,34.48927421004389],[127.21559827509907,34.496254991786515],[127.19930892982293,34.4881855457328],[127.1783980543091,34.492024229097616],[127.15724989057685,34.478827412603074],[127.14043880172143,34.47340717138845],[127.12873520612754,34.478863838537194],[127.10148362427059,34.46956056993804],[127.10540566911298,34.45652145468622],[127.09904761425759,34.4434099238438],[127.11492724838747,34.440954695448184],[127.12478970464794,34.43145294103258],[127.14534780492374,34.42923366838825],[127.1692130097574,34.435138460658266],[127.18843023415236,34.43052681557172],[127.21168033900636,34.43111479043792],[127.22224410227653,34.455025456977616],[127.23593131390257,34.47440380916458],[127.22794430561389,34.48927421004389]]],[[[127.4616325952573,34.47375050546294],[127.45349930953266,34.47403814518036],[127.45790205727613,34.45176371597866],[127.47913779985663,34.4506660373403],[127.49122102095792,34.43296740685698],[127.49270542912501,34.411831892661425],[127.51584705898196,34.422200167779145],[127.52989726361685,34.42215680385362],[127.53832491157722,34.43329360486501],[127.53590621774345,34.448835997859334],[127.50655294237939,34.46760274831266],[127.4723368654754,34.464941631751266],[127.4616325952573,34.47375050546294]]],[[[127.46544654408778,34.54380296605483],[127.45268727879017,34.54171274223391],[127.43408661589807,34.519034652436],[127.45475305879232,34.51123249117431],[127.45800178362066,34.502130566999895],[127.4442281921145,34.49668365600564],[127.4533509327191,34.478783153511706],[127.46933282844691,34.486377316237196],[127.496697744011,34.484807982057674],[127.50675992325738,34.49213086921485],[127.49034517484476,34.50873756456535],[127.46179337874831,34.509900932168286],[127.47824302950413,34.5349833603817],[127.46544654408778,34.54380296605483]]],[[[126.52527878852307,34.6614958108283],[126.50434215674314,34.67518128083649],[126.50135256597255,34.66614087016536],[126.52527878852307,34.6614958108283]]],[[[126.15252615127912,35.29019776152805],[126.13188959139397,35.289628054545204],[126.13240029612604,35.2817332311773],[126.148399497155,35.2710975620501],[126.15252615127912,35.29019776152805]]],[[[126.02588456569201,35.35964901835651],[126.0172442068577,35.356694565755795],[126.0313422199973,35.3349327582772],[126.04144494153864,35.34634386205508],[126.02588456569201,35.35964901835651]]],[[[126.72960296831373,34.37910280354949],[126.7015590237312,34.398556632237025],[126.68508496378828,34.40316669762034],[126.65422000768794,34.393323968945396],[126.63867747961693,34.382114324692026],[126.64895191680739,34.33369757953428],[126.67731519118475,34.31459027359326],[126.69380735361109,34.29351721564968],[126.73451944520944,34.29938321170586],[126.74829460362889,34.2911866169453],[126.76338576844016,34.297872610784395],[126.77221406914722,34.31234316339352],[126.75463690414176,34.31563357043155],[126.75068984679363,34.326015380338625],[126.73146892038956,34.35188578825514],[126.72960296831373,34.37910280354949]]],[[[127.03487075835085,34.37610000311321],[127.0111174533683,34.377146491815274],[127.00651078596464,34.35820832276423],[127.03572559917177,34.33698231057432],[127.03774642697313,34.31009360578595],[127.05594716507083,34.32901320009346],[127.08255562699051,34.336402178619636],[127.09101300320826,34.358481187576814],[127.0756530759374,34.36335202257037],[127.0507899464018,34.3640589386863],[127.03487075835085,34.37610000311321]]],[[[127.09597504047625,34.3874454571207],[127.09035533250395,34.39278592390494],[127.07323645952225,34.38710454360709],[127.07764504971847,34.37356197683553],[127.09207895787274,34.3768018239114],[127.09597504047625,34.3874454571207]]],[[[126.56818994827337,34.23442922011408],[126.55328733505998,34.23209216294691],[126.56528786985655,34.2187324845256],[126.55297518690257,34.20655930644127],[126.56027598775238,34.178913401888586],[126.58686959559476,34.172260959695414],[126.60415224934691,34.17355575327856],[126.61664023065266,34.180526357554555],[126.61151730823501,34.19248994787502],[126.62511213659118,34.202773359107056],[126.60794112093154,34.224228989090356],[126.58688491541756,34.22397400231497],[126.56818994827337,34.23442922011408]]],[[[126.8394950807118,34.353147866922924],[126.8184966547838,34.34835262917651],[126.81650489089405,34.33700557792551],[126.8026284994649,34.333641592452],[126.78762857839294,34.347403494749216],[126.77992725822097,34.32750549227712],[126.79877572984918,34.318291059711015],[126.80868123203777,34.32610925225706],[126.83169598650858,34.32354256466135],[126.83602917026519,34.306442276642876],[126.84533892980551,34.29826694431973],[126.86509962999972,34.31269969671988],[126.88380969209558,34.310407335877734],[126.88728837222946,34.32239668614654],[126.8975297380097,34.331887811603025],[126.88114428776309,34.33717265933765],[126.86917453199914,34.350652972696736],[126.84774925696658,34.34537586865563],[126.8394950807118,34.353147866922924]]],[[[126.83340842096194,34.43322154776907],[126.83465910246524,34.4441130046425],[126.80124066041981,34.431723791164885],[126.78837538309004,34.433310888171604],[126.774792796993,34.421757430833765],[126.75527113160406,34.38648886029556],[126.77212139319225,34.375222346586426],[126.76541414085091,34.35991640859035],[126.77662831575567,34.356678585810656],[126.79136458772051,34.38061153767926],[126.80329042175191,34.38529417488134],[126.83021119031709,34.37764812487275],[126.85399236052993,34.392382823383066],[126.8574798005689,34.407167272768866],[126.84045820977671,34.41094793822937],[126.84557629262066,34.43049416736722],[126.83340842096194,34.43322154776907]]],[[[126.94371153968744,34.412989188782944],[126.93083368944355,34.3905970362632],[126.91639219108501,34.39138017044235],[126.90684774189504,34.39931313265111],[126.89200305219664,34.39649891247111],[126.88185365464736,34.40431759319633],[126.87219061183526,34.39396445126873],[126.86377856029245,34.37457052224222],[126.88667394432412,34.36197002298251],[126.91759500695893,34.3557717233883],[126.92152031689795,34.36582643466189],[126.93360812376997,34.37054706187867],[126.94894088010739,34.36726321641117],[126.94223877225551,34.386681050561386],[126.95064033699259,34.40194868001004],[126.94371153968744,34.412989188782944]]],[[[126.9307664833283,33.98717655410549],[126.90961334381727,33.982293557012156],[126.91723002348985,33.96869464315983],[126.93517581286558,33.969163177902146],[126.9307664833283,33.98717655410549]]],[[[126.76984216739052,34.190379361228615],[126.76934834889397,34.20412350841341],[126.75474279065631,34.207823948196044],[126.74958914695387,34.18815310215409],[126.76184039929582,34.177092190718206],[126.76984216739052,34.190379361228615]]],[[[126.8959638140542,34.21235318179644],[126.89143978370285,34.21729646066656],[126.87193880632374,34.21000358247426],[126.84693318108779,34.17421773906127],[126.84838963992402,34.162635409448896],[126.86946108480588,34.166044411386366],[126.88238009556619,34.14972559516969],[126.89408814198596,34.154235504018175],[126.91545395355467,34.15424323597747],[126.92520284646643,34.17462276297856],[126.91964789259877,34.18763548223514],[126.91046656793041,34.18991586111726],[126.91192790878254,34.21256159730384],[126.8959638140542,34.21235318179644]]],[[[126.66120000060577,34.19489598799518],[126.63329658066037,34.18653669424515],[126.64750372043908,34.16806446518419],[126.63178481072224,34.1534826960076],[126.63443779993736,34.12688390452019],[126.65065100018846,34.127572863392665],[126.65014058491077,34.11761858402187],[126.66296094035155,34.11123876794311],[126.66753391831035,34.12633675808285],[126.68149297985799,34.13978249341336],[126.66986906406876,34.14983361395946],[126.6687147539393,34.16280785709443],[126.65830172892714,34.17249448075657],[126.68233785058216,34.17571562882804],[126.68188039462413,34.18533301852025],[126.66120000060577,34.19489598799518]]],[[[126.62689220278908,34.23877881401832],[126.6194921839636,34.24877718798005],[126.6042347013188,34.249628065780946],[126.59300432095782,34.23423817567507],[126.61143336791189,34.23333458501781],[126.62689220278908,34.23877881401832]]],[[[127.04766444025171,34.45710414487202],[127.03233051064481,34.449507418264325],[127.03638865080721,34.42370336999121],[127.04695093359754,34.414105865462915],[127.05876702029305,34.41322589984326],[127.07513114958573,34.42136403392098],[127.06588397849262,34.451601132645585],[127.04766444025171,34.45710414487202]]],[[[126.5492526017534,34.179509474472205],[126.54011602094963,34.182539232856485],[126.51545201136214,34.16989996735406],[126.504563095164,34.13732911342937],[126.52466291051927,34.12089201346426],[126.5477812139321,34.12662454889391],[126.56456307792982,34.14173867811206],[126.57738552525355,34.144397040965266],[126.57958870543244,34.15687535831618],[126.59675513592134,34.15731051224182],[126.61698024491892,34.14829975298463],[126.61857456655193,34.16512666531342],[126.58443782204375,34.17030953046962],[126.56289683509429,34.170292789888514],[126.5492526017534,34.179509474472205]]],[[[126.98876840436387,34.33733819943716],[126.97073768683413,34.33945053551444],[126.95737625877544,34.3293759791853],[126.95686436131092,34.31268753553383],[126.97630376041202,34.302190952343786],[126.99815368834321,34.31357471772755],[127.01500275595774,34.33211655814417],[126.99903337401265,34.33945435177975],[126.98876840436387,34.33733819943716]]],[[[126.20642283965174,34.498307592831196],[126.18859787157591,34.50004889402744],[126.17320557738636,34.495018195359],[126.17250508344236,34.48469084228563],[126.14503205916311,34.47575834158758],[126.1350566675058,34.46650864272226],[126.11607933105711,34.45852766685383],[126.11782639424985,34.44951267410976],[126.10169696277696,34.441522439319826],[126.0889947915589,34.41861584534964],[126.11709523607726,34.37897236675383],[126.13022409126391,34.38532070279412],[126.14540035344949,34.37961477368259],[126.13770182679431,34.37024403963209],[126.15589926262484,34.365314967669335],[126.16287572431554,34.35293526993022],[126.18096395539914,34.35080829701675],[126.20305253527192,34.357632762231894],[126.24348485425551,34.378465927429275],[126.25407371745322,34.378562390698626],[126.26064804876846,34.3928231155224],[126.27248159688236,34.39675915554129],[126.29903848836473,34.368932253671225],[126.30343331538661,34.39058688281179],[126.29146952221528,34.40304623853875],[126.33774188219937,34.40359884668508],[126.33551669149882,34.4141045121201],[126.35157691633717,34.42629008562858],[126.36547982382719,34.443020160139575],[126.35816577512517,34.45613750542949],[126.37208553827631,34.47026726824138],[126.35997279386098,34.482983228231525],[126.37891017858898,34.48690087414613],[126.3773809807059,34.512573740285404],[126.35132023689364,34.52752513236462],[126.3454758624428,34.54244356162756],[126.31425637050957,34.547412407335656],[126.30351436476441,34.55587759453441],[126.30922659167648,34.56530288981984],[126.28988576544933,34.577843037410204],[126.26678791119956,34.58221781080448],[126.25020636620035,34.589498237063594],[126.23980896193257,34.57049356156283],[126.25507466786378,34.55952233346148],[126.2609910495527,34.54818560377314],[126.25499061239661,34.536790329016874],[126.23765150942376,34.53229283563572],[126.22781432549378,34.53607772720988],[126.19899476895742,34.51106545370638],[126.20642283965174,34.498307592831196]]],[[[125.94174147908045,34.244485859682904],[125.92526452533433,34.23862715384744],[125.92877434622278,34.229360108893815],[125.94406756400573,34.23111364670229],[125.94174147908045,34.244485859682904]]],[[[126.05392837526384,34.250131009208715],[126.04528326232635,34.231178932283996],[126.0585691968319,34.227613186510375],[126.06510521960028,34.24143345076211],[126.05392837526384,34.250131009208715]]],[[[125.92577716092029,34.25727738035833],[125.90524237977382,34.258904724825726],[125.89843793989402,34.25285051658179],[125.91147023526142,34.24103724399312],[125.92577716092029,34.25727738035833]]],[[[125.99756870834452,34.27083968381341],[125.99142770312066,34.27989548381224],[125.97884214492113,34.27716401303725],[125.9790532883414,34.264682303857725],[125.99232478481207,34.26053944243205],[125.99756870834452,34.27083968381341]]],[[[126.04034383627364,34.31884649847527],[126.0239764853235,34.31326811363435],[126.0151435305277,34.29112945585386],[126.02342602469966,34.28515743020256],[126.0685283057569,34.2764275845414],[126.07511910981397,34.28446931335214],[126.0927319674746,34.275882910864404],[126.09212974966209,34.29113540000874],[126.0803369439443,34.30804758171685],[126.06043701073216,34.30489945754719],[126.04559326451907,34.309960972744854],[126.04034383627364,34.31884649847527]]],[[[126.03019477162903,34.34058338836466],[126.00088184577483,34.33781857429544],[125.99780300586774,34.325074940804605],[126.01094801024284,34.32123996397933],[126.05874230732125,34.32369972251442],[126.05362283094446,34.33213923472813],[126.03019477162903,34.34058338836466]]],[[[126.01458831753465,34.36094508309527],[126.01393300605973,34.34327197027129],[126.02684078301417,34.34366000695872],[126.01458831753465,34.36094508309527]]],[[[126.05858841374122,34.49672146586317],[126.04746658261053,34.49616589164311],[126.03894953141983,34.48084097309799],[126.05320588907027,34.47191749942985],[126.06631407576165,34.47503012522148],[126.05858841374122,34.49672146586317]]],[[[126.25192485022805,35.0061318483394],[126.24928861443505,34.972852989612335],[126.27074849726081,34.976166198061115],[126.2702277879962,34.99389956304843],[126.2619617064169,35.0056361820839],[126.25192485022805,35.0061318483394]]],[[[126.15520307122493,35.056141756009815],[126.14411932982107,35.05886515582193],[126.13353464083131,35.0517250860453],[126.1486225269437,35.03361204721343],[126.19518300697551,35.02801089545036],[126.20110974468894,35.03838787892224],[126.18573959223922,35.04244363591742],[126.16972700090292,35.05579065545666],[126.15520307122493,35.056141756009815]]],[[[126.30344339782157,34.91923334681094],[126.29641337876048,34.921998535064624],[126.280612022692,34.9096862064732],[126.29516991141375,34.901496897761945],[126.30367839745178,34.8872178356104],[126.27820567943468,34.87324039202591],[126.26417374238983,34.85931283852016],[126.24339009411412,34.85874263971763],[126.23289537077785,34.86476098637612],[126.2265865926545,34.84746779133885],[126.23989707563172,34.84792671348037],[126.25506747556094,34.84015271583991],[126.26556542468046,34.841516626613405],[126.2754902215585,34.85516774883894],[126.30222852738386,34.85398464503505],[126.33429579023493,34.84836720573283],[126.3393289202758,34.83860165303779],[126.33358794197197,34.82497200164099],[126.33815638205307,34.816198511761336],[126.35756845977753,34.81460862085025],[126.37148013819187,34.84738770557408],[126.35661228481503,34.864018979045674],[126.32103552003178,34.86219374809189],[126.31951744819254,34.88367234674058],[126.34300986876171,34.8945041020991],[126.33837723477521,34.907961557316845],[126.30344339782157,34.91923334681094]]],[[[126.23859201109575,34.93299026553045],[126.22695699213389,34.93723361357832],[126.21998937592178,34.919055570283376],[126.23468919166453,34.90939418650461],[126.25141876109933,34.92037958815934],[126.25206612750348,34.93497793652987],[126.23859201109575,34.93299026553045]]],[[[126.27451121841564,34.96937505347634],[126.26341757627713,34.96869396032184],[126.27653737767622,34.94786799581656],[126.30050794752225,34.93800242341203],[126.28880324338307,34.962631389520745],[126.27451121841564,34.96937505347634]]],[[[126.21470751803908,34.98635329088163],[126.2009172540599,34.97761196508048],[126.1879646563951,34.946106913445504],[126.19467198701241,34.914806493310465],[126.2127450780559,34.93656460394038],[126.21640749460923,34.95201013006483],[126.22680065658298,34.96511642236945],[126.23062522123543,34.97993561780962],[126.21470751803908,34.98635329088163]]],[[[126.14477131275855,35.02600404615749],[126.1265003472349,35.02688988301897],[126.11533431600428,35.018984280846226],[126.10089529551327,35.00039433530986],[126.11580920203312,34.99551876592402],[126.13320545712585,35.00140331409549],[126.13518537897276,34.96752214347741],[126.12349657544036,34.950872088213195],[126.1579727054442,34.937889089950815],[126.17459230016729,34.945965401878425],[126.18766371765027,34.986506324596334],[126.16523592942136,35.02274256377615],[126.14477131275855,35.02600404615749]]],[[[126.02211583894037,35.09967260233938],[126.0099993740154,35.09728491749859],[126.01182487569393,35.08626260126242],[126.02435241857637,35.07908776040479],[126.03158709489128,35.0901013463835],[126.02211583894037,35.09967260233938]]],[[[126.16194536751912,35.143576489131114],[126.11798264066097,35.142899442652784],[126.08483055787887,35.11162264869672],[126.06730781931432,35.10391996086718],[126.04838295730504,35.102557654466494],[126.05114742213185,35.0938551667712],[126.04148288893316,35.08527393549608],[126.04802198671038,35.061086935107234],[126.07258726205727,35.059819494157566],[126.07814233567888,35.05245025598638],[126.10517597034446,35.05508303859949],[126.11856672484818,35.0613041680363],[126.12344006705898,35.07579837221197],[126.12099738052491,35.09662924633351],[126.1280383221841,35.11624199958487],[126.14528082632246,35.13738481840743],[126.16194536751912,35.143576489131114]]],[[[126.06264969980927,34.93567328613664],[126.05576647459834,34.91594449584315],[126.0312344751071,34.90953322037615],[126.01057279659292,34.91006834520309],[126.00968362443469,34.903414009254845],[125.98926647958979,34.87718910652437],[125.97362906674442,34.875196740190084],[125.97392496145623,34.86439167397702],[125.9971159831085,34.86494733363444],[126.0319176069386,34.85775299058497],[126.04361044870384,34.84280400909215],[126.05026745796991,34.85338177167614],[126.0853437171321,34.863621802268455],[126.09579077468344,34.875304930235984],[126.10406825658822,34.90107671880574],[126.0929646299201,34.91202850404923],[126.09187231839242,34.923187516061425],[126.06941750698343,34.93732067120598],[126.06264969980927,34.93567328613664]]],[[[126.02049025626887,34.765804404533306],[126.01130031963768,34.75054444795649],[126.01214349236535,34.734042199655974],[126.01847579705476,34.72322926162371],[126.03174960382815,34.7273014786664],[126.02557544003707,34.73871558117005],[126.02991843301501,34.756578144026534],[126.02049025626887,34.765804404533306]]],[[[125.99708298412803,34.80470925056822],[125.97394591591708,34.803299620813824],[125.96697362372987,34.79158937690085],[125.93638710209869,34.77628577592812],[125.9086853798302,34.77654165538781],[125.88867016712564,34.76516953487484],[125.89149141093894,34.746350162936295],[125.8873740026302,34.736592779921935],[125.90968021858109,34.7155706298054],[125.94241964214216,34.72142381445468],[125.94597884318347,34.744463391618936],[125.95778431202595,34.75116897027607],[125.97710030885263,34.75246945860213],[125.98448034750952,34.76013544408789],[125.99861377306512,34.75992675526649],[126.00054083512887,34.7885651966455],[125.99708298412803,34.80470925056822]]],[[[125.85385103777428,34.61901133903759],[125.85492670752505,34.6306399465199],[125.83258442081883,34.62165903989549],[125.82245550447114,34.61133881431685],[125.82932288626591,34.60118626579047],[125.84256127362954,34.596995009023956],[125.8626863449885,34.60538813803171],[125.85385103777428,34.61901133903759]]],[[[125.96866404487326,34.72760947850235],[125.96501424330687,34.73536004280654],[125.93716266249156,34.716239338581666],[125.9186222382051,34.71173485413866],[125.91420609666463,34.702564182188404],[125.91562125094988,34.677337346311916],[125.9280246744788,34.67734614491645],[125.93219083709089,34.667579914865655],[125.94763319997476,34.66629951633761],[125.9653305061246,34.656448708603385],[125.9812084046556,34.663866419694],[125.98801203615031,34.67820260524739],[126.00838618317995,34.68443393514949],[126.01467873789782,34.71041314685895],[125.99930376020599,34.731547609851454],[125.9763367578882,34.72140855868295],[125.96866404487326,34.72760947850235]]],[[[125.1027796432067,34.09593208714411],[125.09380514418199,34.08737211932034],[125.09445966696583,34.06893644885209],[125.11244097994084,34.06279822779185],[125.11559112684157,34.05121765420254],[125.13474151467649,34.04649747102957],[125.14593789932229,34.05268204007868],[125.12104098843382,34.07736610831596],[125.11124640145441,34.094859666337335],[125.1027796432067,34.09593208714411]]],[[[125.4795021717096,34.655203879485654],[125.46490573603593,34.65662464605136],[125.45535718173261,34.64773623621236],[125.46674920143207,34.6409301383036],[125.4795021717096,34.655203879485654]]],[[[125.39529070292394,34.69741696921378],[125.38060760184506,34.68544537649127],[125.36021808119914,34.6747236106962],[125.37069332756502,34.66574353863391],[125.3937025575056,34.690754746225686],[125.39529070292394,34.69741696921378]]],[[[125.44219472845555,34.70045257209402],[125.41296713340166,34.698538751821204],[125.39806452277435,34.677014663272494],[125.384525564683,34.643799367982965],[125.39294556119694,34.6282328215267],[125.41378096962359,34.62244941237404],[125.41475021173166,34.638524728841944],[125.43027766745915,34.64372891192395],[125.42744335554242,34.658701768670525],[125.4449085498944,34.662875843881245],[125.44808727634258,34.680559022079656],[125.46099913935666,34.6812849506218],[125.46539767214772,34.69341790324587],[125.44219472845555,34.70045257209402]]],[[[125.207129282535,34.685292675339454],[125.21546383559112,34.70522110886647],[125.1993010432915,34.7107477970673],[125.19195083557535,34.68652094600264],[125.17834690747011,34.68311942537316],[125.17596658598504,34.67220338565731],[125.18847932709521,34.664093500122654],[125.1937815674399,34.67938281404406],[125.207129282535,34.685292675339454]]],[[[125.45552214377783,34.743289367592276],[125.45392727722411,34.71984266803624],[125.4773415673453,34.72914513304991],[125.45552214377783,34.743289367592276]]],[[[125.96910620467924,34.63854080683001],[125.96159760449396,34.645035349142525],[125.94621503384603,34.63433702475377],[125.96010362943412,34.623343656775205],[125.97751074325738,34.618875860356056],[125.97938473629544,34.627939684319905],[125.96910620467924,34.63854080683001]]],[[[126.04874301860038,34.65934821988452],[126.03851801625815,34.65836935098365],[126.02821770475754,34.64690873421842],[126.02852249213313,34.636483698714116],[126.00984280806013,34.63136721429716],[126.01647761800123,34.61708092934394],[126.01047766957305,34.60640203304736],[126.02643635899857,34.592909110324605],[126.01481840515416,34.5858848290033],[126.01947336199542,34.56358998224682],[126.05481031908725,34.5675685760113],[126.06532199857293,34.58294248765908],[126.0565484575448,34.60264168402536],[126.0402728121367,34.60518161102047],[126.03740081559022,34.61488075688108],[126.05133609886516,34.64077867943187],[126.04874301860038,34.65934821988452]]],[[[126.08141764960862,34.68856430996762],[126.06463403853074,34.68472639836293],[126.06368540337701,34.65493246569197],[126.07909252047105,34.643389686542626],[126.0865139953323,34.668992221838046],[126.08141764960862,34.68856430996762]]],[[[126.08325554590978,34.613711481568146],[126.07873627078986,34.62450594005748],[126.06523584483477,34.6351574142849],[126.0491973395219,34.62892534011109],[126.04785379691447,34.60846007011545],[126.06394729883587,34.60795941434547],[126.06757359925182,34.59398951901024],[126.08036293851566,34.57825978694523],[126.06481702080642,34.56135503520605],[126.04604214944999,34.56553513709374],[126.03800200066027,34.557363270362494],[126.04449427447106,34.546522154687956],[126.03847785075604,34.53794921637267],[126.05736858435661,34.53080049746589],[126.08665969828994,34.54630876313382],[126.08558000934585,34.55451364847253],[126.10230433935777,34.558859320355126],[126.09615177089849,34.57386426576531],[126.11111378657799,34.589414132083334],[126.0991527784101,34.59674213801434],[126.10337380567584,34.604931797841324],[126.08325554590978,34.613711481568146]]],[[[126.14745011743487,34.673992580714064],[126.11743999716015,34.66437681414525],[126.10815807669421,34.64662248480665],[126.12816606380242,34.62009833542663],[126.16190625983798,34.6160530978601],[126.19077821151949,34.63218382531608],[126.18439463290065,34.66241333827591],[126.14745011743487,34.673992580714064]]],[[[126.19930446852281,34.694896332248604],[126.1955783887274,34.70589943561471],[126.15950537050645,34.69347916233537],[126.16089396231858,34.68004877961051],[126.1811477533655,34.67272006322661],[126.19663166196533,34.68339150215555],[126.19930446852281,34.694896332248604]]],[[[126.0812405810572,34.77888831171747],[126.06791300833615,34.771986570259],[126.08002259995516,34.75302120686874],[126.07287382238732,34.74701664969818],[126.06764465828934,34.71705520861209],[126.07392715331582,34.708092740922716],[126.09230401408196,34.704661029059835],[126.10888046843213,34.69606285376348],[126.11994161163032,34.6827125458561],[126.14544846084323,34.68629455701512],[126.15420221283111,34.69655636627983],[126.17297267049432,34.70059565210517],[126.19627887951827,34.71945305948519],[126.19368527294928,34.73184665146838],[126.1629118805662,34.758330182778735],[126.13837508967093,34.75839572429361],[126.12396408328195,34.77580358676142],[126.09679048040454,34.77135450998662],[126.0812405810572,34.77888831171747]]],[[[126.17027547132221,34.803226743851425],[126.16556955472406,34.82097340486521],[126.1564911761803,34.82322355329852],[126.13517192756117,34.8009454758036],[126.11631119819916,34.79275207293576],[126.09983818392195,34.792556549419984],[126.09954444804461,34.77765534059996],[126.12346289783807,34.77950564270837],[126.13575643533697,34.762332854367635],[126.17503004958857,34.762232670235406],[126.1754378004524,34.78488607478189],[126.17027547132221,34.803226743851425]]],[[[126.1157912094031,34.88217297809498],[126.10902745192008,34.8683764636528],[126.11613064342602,34.85820100871643],[126.10827613835644,34.85013931774786],[126.08672047456822,34.86086924230473],[126.07531718323501,34.85121752702954],[126.05837046659074,34.84959376486328],[126.07657550062365,34.8273078987661],[126.09059187962134,34.814992785403184],[126.09561229302577,34.802693359401516],[126.11437199501643,34.80042199948143],[126.12264480984949,34.81044779396278],[126.11461334178209,34.8252683305964],[126.12460067171678,34.83590206656789],[126.13956711143295,34.835001477565854],[126.15103848125514,34.845434408119964],[126.13478387759113,34.85288161817025],[126.15715512484941,34.866426265783254],[126.140830953256,34.87811822234547],[126.1157912094031,34.88217297809498]]]]},"properties":{"code":"46","name":"전라남도"}},{"type":"Feature","geometry":{"type":"MultiPolygon","coordinates":[[[[127.88760998455497,35.91457892082827],[127.8822188272738,35.92773825433797],[127.90646446605308,35.94056687042684],[127.89373915191116,35.98446831508694],[127.87881815955636,36.00131098632912],[127.87692624777289,36.02244194484872],[127.86532455538837,36.0250656038994],[127.85342052844096,36.03905364246061],[127.79762376931522,36.0249656465319],[127.7878526799305,36.01424896298778],[127.76470501732238,36.012082012052026],[127.76239067785498,36.02480365160327],[127.72510448426848,36.027512549450094],[127.69646685221458,36.04119862704586],[127.69672489579274,36.05621678706178],[127.68921917311803,36.06254808505796],[127.67081114841135,36.0519178122572],[127.67262006326149,36.041312500891976],[127.66040471923989,36.038067384509624],[127.65502733856313,36.05488549953461],[127.63775557078975,36.068359414614505],[127.6199791556543,36.061289079173825],[127.6187372178012,36.042509495855455],[127.6275642556791,36.031438587613486],[127.61626358750978,36.019408373525145],[127.61087352011188,36.002186842429055],[127.59150890988649,36.02448736511172],[127.57556540640438,36.02265578732769],[127.56819499920094,36.02974592902352],[127.53792045748928,36.032974631386374],[127.54017993123367,36.01173446040558],[127.53366804786071,35.992107070467156],[127.5058163469391,35.98035543410807],[127.4876067932177,35.978015326367135],[127.46822324155436,35.987744194879966],[127.4559754464542,35.98378423762079],[127.44816576647209,35.9934484478356],[127.43729573201568,36.020510343558286],[127.4262660304355,36.026466880112494],[127.40114531548213,36.00790053404408],[127.3778306990583,36.022815850302074],[127.37307858492082,36.04352423849077],[127.36114258289822,36.05330618933252],[127.35724400459843,36.083155630156725],[127.34789244891132,36.09838843717301],[127.35497228128548,36.10831042169298],[127.33848155674458,36.13049332741605],[127.3229991813415,36.13008586091514],[127.31438074585327,36.11863492596818],[127.3023653335331,36.12544752719573],[127.29447067507361,36.11296655821123],[127.27347952434658,36.10756590473319],[127.25161206357157,36.11226288817958],[127.24626089138795,36.09478193381942],[127.23536717161957,36.093851363299045],[127.20546770319058,36.10053574772755],[127.19610153614639,36.085938538108145],[127.17939046289112,36.094180248823605],[127.16868434301696,36.08393777391097],[127.15125190756373,36.08992063187333],[127.13716331519623,36.08684851259203],[127.13370162721468,36.06968287882932],[127.122900428152,36.063192114220755],[127.10178415639466,36.07570214114121],[127.09092847831327,36.07197329130809],[127.06139778280482,36.093487192775314],[127.06057783649923,36.11983800272294],[127.04407650907433,36.14518879984034],[127.03002247598774,36.136705651782435],[127.00344718003811,36.1491380401925],[126.99018097340796,36.14499500011829],[126.95697608852244,36.156419564095806],[126.94337863738254,36.15332029506012],[126.92339270761323,36.139332170030286],[126.90491953306707,36.14355277332351],[126.89231893759742,36.14072817545878],[126.87327819944814,36.112931948475214],[126.87489906112205,36.091504001993655],[126.87011944056164,36.06925418613725],[126.86358231645985,36.060569587961034],[126.82970329967527,36.046903525081824],[126.8133338321874,36.03557338037518],[126.79766783182956,36.03077483436653],[126.7752689317108,36.031637310961685],[126.74868151264613,36.02354345586943],[126.73480075993174,36.00085091024236],[126.72540841158252,35.99508961045427],[126.70411629047955,35.999688591025325],[126.68011032928744,35.99928536867935],[126.6664443505322,35.98406109520175],[126.64278984200837,35.97888713094239],[126.60910341222393,35.97853456236506],[126.55109220782462,35.97504188181021],[126.52113928246187,35.97101863901757],[126.52566018936695,35.93437797181067],[126.54942777366348,35.94314319502352],[126.59507651494734,35.94750120505017],[126.61495284920593,35.94267423957913],[126.61037761700328,35.91660471351826],[126.61474786219456,35.89105307288972],[126.63069691983434,35.885696767348705],[126.66767112637741,35.88342544434358],[126.67638834736762,35.89465645299458],[126.69913318450975,35.89373767872151],[126.72500479673118,35.88577288413868],[126.73633549570486,35.89157450056296],[126.76998974467178,35.88900540433468],[126.78414629003419,35.90236945890734],[126.81928027826363,35.90813534778288],[126.82535594930876,35.89850910499252],[126.80089990544514,35.89375091521946],[126.79862132106256,35.87353359822084],[126.78798157787541,35.864912544127705],[126.73097428572075,35.86665120936904],[126.71987234080184,35.86000421473031],[126.69728974446002,35.85476227177576],[126.6852972629938,35.843913617117046],[126.72258025840951,35.82773437679116],[126.73315872674603,35.81860740252489],[126.77683783945753,35.80148786248296],[126.76782433348805,35.78533539214783],[126.75229935801607,35.785187909348075],[126.72828892955013,35.79410239263784],[126.6992617512014,35.79943923867343],[126.64299004355787,35.7976944038039],[126.63234726930645,35.80040540643064],[126.62263158707651,35.78870011205005],[126.62687769209369,35.748644898044816],[126.6115460194658,35.736825525946266],[126.60122145905315,35.71956456357739],[126.57056702534143,35.69513340672078],[126.56088549969148,35.69871768581129],[126.53895815446381,35.68997746873539],[126.52741135250231,35.676652586837214],[126.50038866341208,35.657360584162014],[126.48427765129517,35.655609455882576],[126.47660180754549,35.64334239085469],[126.4613016791673,35.63809730631991],[126.46861716435373,35.62831785977209],[126.46065433515923,35.61370334256023],[126.47051696914511,35.60281846918997],[126.48417726860758,35.59802256495199],[126.49171329617234,35.58597013958393],[126.5297556484082,35.579386225928005],[126.54109552908338,35.58801194579942],[126.56009976983812,35.585430808110594],[126.5752496228536,35.59013673043659],[126.61715900159862,35.584953935789535],[126.6360371996132,35.593419919414366],[126.6595145682897,35.58958851439136],[126.6681970205854,35.57252507775105],[126.66461145453134,35.55490530583976],[126.64789777070264,35.56966597824291],[126.63193712074292,35.57269949169172],[126.61704051065,35.56953028976582],[126.61045702987735,35.554961712580166],[126.59535107713519,35.53614163352848],[126.58975500161665,35.542071425003314],[126.56512690752757,35.54266148276479],[126.54184700830717,35.52740109781626],[126.5193150106044,35.53353590550856],[126.5005952195855,35.52434895594047],[126.49575947721843,35.511544389453604],[126.48341496196826,35.51928272282745],[126.44208459455085,35.45365765318093],[126.42903750060827,35.43805769256706],[126.447567236087,35.4298060953062],[126.47871146451979,35.42422587704254],[126.49162886899252,35.41129916354356],[126.49050615497305,35.39521002206704],[126.48158109388177,35.38562512793295],[126.52023500607018,35.34978945262154],[126.51761976168574,35.33409449514657],[126.52325638145211,35.315442759391125],[126.53118546030142,35.3074719320713],[126.55094840781462,35.313602234450016],[126.57321537713659,35.309641866650225],[126.58964877683671,35.31197523358017],[126.58134316001374,35.322894381843504],[126.60399659705318,35.3355817878185],[126.62506672872489,35.32133705859936],[126.64175421743191,35.32086464065706],[126.65952623508171,35.33456213390599],[126.66673476136123,35.35154762029113],[126.68198292526522,35.34715292591582],[126.69923583475841,35.34968241212998],[126.70458172982374,35.36511310631844],[126.72267812304341,35.36724017003356],[126.73119593700739,35.376780939515506],[126.72960652211347,35.39449248974886],[126.74443305657869,35.40929450481632],[126.75182555555328,35.42297912535076],[126.74787370633258,35.45032792218097],[126.7640497654522,35.46604363841164],[126.81357380788494,35.468847317303464],[126.81396336477084,35.48294246231825],[126.82612675025241,35.48630146133217],[126.84313705222975,35.47598695575126],[126.85061670216128,35.46597918687715],[126.86869217100137,35.461388959784685],[126.89484365559927,35.448481479946174],[126.9019591090789,35.42277276826109],[126.9297247222143,35.40582393801958],[126.93275771239794,35.395148326040285],[126.96337194263192,35.39476465181726],[126.97446175291553,35.399906467775374],[126.97039407062732,35.42743045158014],[126.99791655547382,35.446106492086194],[126.99962130461299,35.46109234792672],[127.0144303059035,35.45745403164557],[127.03462769738933,35.465801800109766],[127.0373212621203,35.43340889671514],[127.05230311016003,35.426858238121554],[127.04221854590287,35.398911621896005],[127.0302137462322,35.39046430282543],[127.04643477088855,35.37694224030909],[127.05664458013037,35.38437410751259],[127.07027850345123,35.36612182589625],[127.06495348910705,35.3364856357378],[127.05212001801209,35.33991142317074],[127.04670638426806,35.31818605469023],[127.06131946281089,35.3172160034805],[127.10550421129737,35.2991983540031],[127.12622299776761,35.303649446315944],[127.16789823153442,35.33169948447017],[127.17962548372583,35.332390574450535],[127.20087804957903,35.31580161999344],[127.21484546236402,35.316167570507865],[127.22265181685326,35.33670428125536],[127.26043929001082,35.31163058390051],[127.28854181751454,35.31415027929449],[127.30855869827614,35.30312866467915],[127.3241115725148,35.30646127830687],[127.33387435288897,35.31536123750783],[127.35618790088145,35.32125713866802],[127.38715007240293,35.3044292483591],[127.39932327795846,35.312902201853376],[127.40154740974971,35.32510247162462],[127.4154956133895,35.33728147773582],[127.4313225302281,35.359531884612906],[127.45421364589076,35.36072776566614],[127.47057638504084,35.36593969069999],[127.48610471803408,35.358366439004314],[127.50141328196517,35.358826027756535],[127.53053683497689,35.33728267828974],[127.57744981030764,35.308958991688115],[127.60550975646643,35.31896257332157],[127.62041644185827,35.332326954469835],[127.62286233227857,35.343948600020134],[127.61025408770702,35.365790354950384],[127.62239577903036,35.37320209954012],[127.63542009083224,35.39981938348405],[127.65936132035938,35.41409173164251],[127.66939742862972,35.44734043932947],[127.64507321943923,35.449510140557116],[127.63570102432699,35.462305817019626],[127.63721836022526,35.47892691083904],[127.65272223866066,35.48566975931955],[127.64186529978875,35.50505846061007],[127.62440312898308,35.52789818222985],[127.62575651782389,35.532073680981966],[127.58540555531327,35.55458610896887],[127.59458787723459,35.57336078476448],[127.61058764364043,35.58486175063386],[127.60756564432653,35.5947739079146],[127.62113360342015,35.615007197070206],[127.635467698344,35.618472047016816],[127.62008256031062,35.642721015603534],[127.63893467757377,35.66989455110218],[127.64209483317855,35.69276827749041],[127.6607739402095,35.709747912943065],[127.66030358001788,35.73839969601531],[127.66595188530032,35.769726401497905],[127.67903345117071,35.7692696630321],[127.70134947327121,35.78955629132406],[127.71954769843684,35.79740507379477],[127.73865132258089,35.82697018428192],[127.74412194652975,35.844046595359636],[127.75752589849614,35.836717487911834],[127.77215313674503,35.838930187875775],[127.77924233502642,35.847170947685996],[127.82116695245422,35.8654005525044],[127.840939994171,35.8668711261375],[127.85298995810088,35.88121513520215],[127.85074569538584,35.890052192063195],[127.8671951160896,35.90411481148189],[127.88760998455497,35.91457892082827]]],[[[126.44056857683631,35.806100845982556],[126.42122354516403,35.806810534816634],[126.42512055778755,35.793115067452405],[126.44056857683631,35.806100845982556]]],[[[126.49064655398558,35.84698785457356],[126.49096277996979,35.83820302156225],[126.47560598392273,35.822408926085615],[126.44423278591914,35.83168379603622],[126.44478658654755,35.823303400197666],[126.47034436484972,35.81074334798805],[126.49656682633065,35.833184740959915],[126.49064655398558,35.84698785457356]]],[[[126.55710985059572,36.04469367054582],[126.54071199687134,36.03725713731169],[126.55687825439085,36.02988955840248],[126.55710985059572,36.04469367054582]]],[[[126.30426134723074,35.621695880703065],[126.28411392026773,35.614140704976236],[126.2833071371598,35.604014024821815],[126.26492525522653,35.58851658518909],[126.27533643785804,35.57784366864602],[126.31117369472261,35.60461632604631],[126.31548830499443,35.610997615022434],[126.30426134723074,35.621695880703065]]]]},"properties":{"code":"52","name":"전북특별자치도"}},{"type":"Feature","geometry":{"type":"MultiPolygon","coordinates":[[[[126.91469628727101,33.47563517075851],[126.91056258013069,33.48678947104376],[126.9159279575358,33.50159239611497],[126.90751555444311,33.52091624617172],[126.89245967140187,33.52894093146783],[126.8669151825767,33.53090420406724],[126.85750259460116,33.52699800233788],[126.83013633339287,33.54727162047914],[126.82791655676974,33.56009910756971],[126.79980530253432,33.55695085194133],[126.78049424827857,33.56647933400113],[126.7608784088406,33.56043882827574],[126.72883569540714,33.56248688843996],[126.71756622272929,33.556313972960325],[126.67527536567928,33.55268753506623],[126.665735373686,33.54443701957028],[126.64709506916167,33.55604204161418],[126.6270371921113,33.54008034563783],[126.59737071439703,33.53776955632276],[126.58158833358564,33.527178565531166],[126.5445035842261,33.52338631693575],[126.51416532099242,33.516528969512464],[126.49539172004694,33.52170562681869],[126.48005915793067,33.51002855382526],[126.46826545675854,33.510597879902264],[126.44286654025963,33.49856798473481],[126.39834506151236,33.484026411042564],[126.38263446496319,33.488223116552504],[126.36839718013512,33.47885495518543],[126.3597421235176,33.4800862178099],[126.3354825335904,33.466930714829],[126.3133102237843,33.469796723328336],[126.30503030649008,33.451488987483934],[126.26160139583153,33.437518395050596],[126.25855346300614,33.415334538693315],[126.23206835258942,33.3909501040462],[126.22216424282705,33.39126602557632],[126.21266078073295,33.37664673518266],[126.19998993883407,33.36621548792895],[126.17995046238555,33.3597294661031],[126.17768684984732,33.34725118022304],[126.16725678087849,33.346374710769105],[126.16119623302065,33.32386800297654],[126.16584737898658,33.29903794231811],[126.15927109307334,33.29230176470029],[126.17958531921354,33.261877338037756],[126.19982643730326,33.24592522149347],[126.21925853287644,33.241792319574024],[126.23245841775754,33.234474255649204],[126.24936270280891,33.213115142967574],[126.26240587462564,33.20957341669934],[126.26907312617062,33.194040927593406],[126.29194898390635,33.20417845013709],[126.30260735051617,33.226648731144245],[126.3198519202338,33.23809499980685],[126.36069441903103,33.234099081405375],[126.36975354505826,33.22866900646567],[126.38461876116337,33.231478640979226],[126.41254628928289,33.244058948067476],[126.43124992773353,33.231902916339635],[126.45043678849169,33.24004388988875],[126.47031300260934,33.222525081849675],[126.48846407196588,33.22993641311241],[126.5091920629719,33.23002424576387],[126.52085174452668,33.24069272247275],[126.55075173501655,33.24107979604075],[126.56465898365705,33.23345178762239],[126.5720149632807,33.24418699186525],[126.58928081304208,33.242886674210006],[126.59670768438778,33.23598194676559],[126.62005081691878,33.24312989536079],[126.6201371779073,33.249557626935804],[126.6403228826734,33.25698221546667],[126.65322789937557,33.269313589395416],[126.69856491698297,33.270303027875876],[126.73229975925045,33.278599150877056],[126.74539851612235,33.278058084295],[126.78074374797633,33.30687686063703],[126.80852908735801,33.301385659169355],[126.83432106291563,33.30806102386804],[126.84823062435746,33.319860259055865],[126.84466253105577,33.33333229991723],[126.8570525650627,33.33810979274448],[126.87017002475821,33.35492419168643],[126.86808604438289,33.36366054477178],[126.88482549355844,33.3841685380335],[126.90713176331317,33.39119274114873],[126.9034249200923,33.40307356876772],[126.91615483086383,33.42474795320609],[126.93211455697936,33.42234975472759],[126.93713034096626,33.42918057085655],[126.9227434062125,33.44541597291524],[126.94014521997077,33.46228509094649],[126.93627828116226,33.473810953815494],[126.91731115561059,33.4752498825313],[126.91469628727101,33.47563517075851]]],[[[126.34265647451683,33.95456042325046],[126.30288075934496,33.95011777230453],[126.31622009628569,33.94095750149199],[126.34194901126476,33.94587748867332],[126.34265647451683,33.95456042325046]]],[[[126.95834981259961,33.515405817900714],[126.94076113964492,33.50668416794839],[126.94748043458625,33.49280094842838],[126.96397466462211,33.48889089577135],[126.97148417148703,33.498399670658216],[126.96608092010244,33.51495369511734],[126.95834981259961,33.515405817900714]]]]},"properties":{"code":"50","name":"제주특별자치도"}},{"type":"Feature","geometry":{"type":"MultiPolygon","coordinates":[[[[126.90895914884426,36.904910270218934],[126.91190288403278,36.89041325977962],[126.88064353266425,36.888059851736855],[126.84789691882182,36.87744552387475],[126.8471216633935,36.862758044799946],[126.83179572758007,36.86195755214686],[126.82647413876253,36.886645799921226],[126.81660117839348,36.896691119108695],[126.81317161450146,36.921595560443585],[126.80218581981961,36.92450428275461],[126.79660443590753,36.94023135403674],[126.780336973701,36.96751396379065],[126.78253313916396,36.975693983183724],[126.71858074534659,36.99305867265796],[126.70462124088328,36.99954892707107],[126.63957536394554,36.99809055807594],[126.6188358593806,37.00458742645196],[126.59807432870672,37.01681809675377],[126.52905312633574,37.043708013423924],[126.51953368806632,37.059394091900735],[126.49830154933063,37.06527290496335],[126.48624810607022,37.051955364904586],[126.45355692488542,37.025600634043606],[126.47913326223572,36.99677170923544],[126.4866013944276,36.98280971668466],[126.47797943106171,36.9687364572062],[126.46273954971187,36.992983262525726],[126.45058961730221,37.00602128736084],[126.43173573943695,37.00835205251883],[126.42570669042195,37.01487024359776],[126.40788911443504,37.01202765554332],[126.36918809675741,37.01126886023162],[126.32548879964267,36.9935978380523],[126.33848680777979,36.97503258191113],[126.3340072577139,36.95973813854948],[126.3502830524246,36.951883452152536],[126.38068111296045,36.943997172931084],[126.3952386874357,36.934653878783664],[126.41663358416378,36.93029544363831],[126.40423035507294,36.91865878647975],[126.40813229917907,36.90879765945176],[126.42719083391394,36.906006834404984],[126.41342463642953,36.89416751342698],[126.39537682803676,36.89301664752722],[126.39782109452638,36.88127053240113],[126.3666920230406,36.8797769008325],[126.37029362909654,36.857178325039655],[126.35603568487103,36.84903825686006],[126.3455957781805,36.85832027307786],[126.32743161630577,36.86046926803085],[126.32099751084652,36.837507246889],[126.33012682962547,36.822918916113615],[126.32806925514845,36.81400122264713],[126.28678596676795,36.816798465103815],[126.3123160152654,36.83079925103961],[126.31704629663368,36.83888511012423],[126.2944698760477,36.842967450158255],[126.29642825524117,36.85247990646171],[126.3205292361004,36.89208570813631],[126.31629440778032,36.90498171721556],[126.30311036596291,36.91680742399406],[126.31017949597717,36.92926010799961],[126.30264988655,36.94174070248484],[126.3137398579683,36.9548113321833],[126.30842423350266,36.973981230723524],[126.28355706096966,36.97077972470724],[126.29186751828075,36.92784023765351],[126.28397418886172,36.90318439499646],[126.26967413158407,36.88341948792784],[126.25269180560828,36.87944131715129],[126.24221622276141,36.86389232741028],[126.22090720115699,36.88069342201911],[126.22537140812183,36.88862266634202],[126.2418453408064,36.88852787377081],[126.24817514250518,36.91064378607113],[126.23485710480864,36.90981710973597],[126.2086719502667,36.900395708982494],[126.19528249373306,36.888078332180505],[126.18828118150363,36.86788475871413],[126.19339196415565,36.84932446320652],[126.17526979214699,36.83584774708664],[126.18285513335219,36.81295023234203],[126.17307334719213,36.81158537656493],[126.17212774431367,36.83811439124546],[126.15300903567073,36.84139420588886],[126.15818375752418,36.82829734443943],[126.15018583063352,36.80271423441393],[126.14215395496939,36.7890649333319],[126.11649315268558,36.77416943703793],[126.11308506704286,36.76415161783178],[126.13352257429322,36.74075568788822],[126.12122509878903,36.72479805756321],[126.13785828968221,36.71907319767884],[126.15288048262676,36.733876559833014],[126.15183652469759,36.74861503938828],[126.16480833201511,36.75751253659927],[126.18464952626806,36.75293556611328],[126.19563570763927,36.73816465964413],[126.2211300795535,36.721939848478044],[126.20769733358588,36.70616521930274],[126.19468332671434,36.70772217038426],[126.18469065070465,36.71691900601585],[126.16580875575399,36.717354829910754],[126.14608966869378,36.70372999598869],[126.14922685267766,36.68623517474113],[126.1306373261246,36.68849712182371],[126.12365935804836,36.67754674261814],[126.12916122116563,36.66961501759455],[126.17285357579865,36.67817151822483],[126.19736002666268,36.67450516995253],[126.21180868051646,36.69240692005977],[126.23010463225756,36.693143165926735],[126.24175383941498,36.70261032522618],[126.23570867352213,36.7164311128446],[126.25728183943323,36.716587302097594],[126.27055825294121,36.72579139743426],[126.27231030585642,36.70532431600136],[126.26148367100403,36.69689920608019],[126.26323516611363,36.67385661077316],[126.2859374656631,36.66263530622866],[126.2946490288273,36.64657219356175],[126.29633545295887,36.62956343344558],[126.28487329400441,36.6183472349547],[126.28188121798142,36.595819319728015],[126.29177495298647,36.58396987515844],[126.31011029273034,36.5939272518948],[126.3407447253932,36.61556019823536],[126.3572140752137,36.6181168697127],[126.34711710279993,36.63926510093781],[126.34055665751198,36.66818892857936],[126.33981093819187,36.70094160528113],[126.34817788974722,36.69630220937165],[126.34832184855064,36.674405512275726],[126.36090918120344,36.66909872471075],[126.36446538709077,36.626851692982434],[126.37300534610883,36.619389307341514],[126.39472392279005,36.61839164982869],[126.41071700785066,36.60256987586432],[126.4238840973329,36.600275185072995],[126.4441466544077,36.64422336849622],[126.44185764562445,36.66704644730387],[126.45345137370334,36.69307333563128],[126.46223921191435,36.68445293232258],[126.46127890038272,36.66457034437521],[126.46789288777867,36.65395282843531],[126.45676701270737,36.62628801946699],[126.47382925340153,36.6172161246175],[126.47625333445636,36.60563494100283],[126.45133327243529,36.59650984123219],[126.44763420271109,36.58688301941174],[126.45317611433474,36.553840581581966],[126.46213941818303,36.5386327280349],[126.48450539599695,36.5158184435398],[126.47342109069605,36.50325343375248],[126.48249630490893,36.45272637589417],[126.49102386898664,36.445959165588604],[126.49696546495186,36.42700620272975],[126.48785368856264,36.4125366919987],[126.47919620675447,36.385233987669714],[126.50910388395742,36.38022501716239],[126.55166444861216,36.34802172105999],[126.5442200234379,36.339524438050965],[126.516257867749,36.33211665343102],[126.50301660748329,36.32304659242287],[126.51905899823124,36.29736819165915],[126.5274789981182,36.29688041886245],[126.54641856817979,36.26887679076507],[126.54681046032098,36.26349484871675],[126.53034383327719,36.23932732158341],[126.52955498475343,36.22157071901449],[126.5381653676816,36.20946778568269],[126.53652848296326,36.20018435374496],[126.52405153499203,36.18538072076904],[126.52695889906985,36.17679608010448],[126.51094938261697,36.160365683188324],[126.49830969258586,36.15998261439355],[126.49374667991806,36.150723086764714],[126.52361472298436,36.15173420877197],[126.54288152238185,36.14558557737856],[126.55625183892053,36.12853068352085],[126.57061380096921,36.14064419424408],[126.5916851781576,36.12785576946974],[126.60762034006918,36.10471556141871],[126.63134117367956,36.09951132920365],[126.63212179208986,36.05486519349745],[126.64410297602328,36.055637258417086],[126.66744485218291,36.0316551212733],[126.66061022380337,36.01092376218579],[126.73480075993174,36.00085091024236],[126.74868151264613,36.02354345586943],[126.7752689317108,36.031637310961685],[126.79766783182956,36.03077483436653],[126.8133338321874,36.03557338037518],[126.82970329967527,36.046903525081824],[126.86358231645985,36.060569587961034],[126.87011944056164,36.06925418613725],[126.87489906112205,36.091504001993655],[126.87327819944814,36.112931948475214],[126.89231893759742,36.14072817545878],[126.90491953306707,36.14355277332351],[126.92339270761323,36.139332170030286],[126.94337863738254,36.15332029506012],[126.95697608852244,36.156419564095806],[126.99018097340796,36.14499500011829],[127.00344718003811,36.1491380401925],[127.03002247598774,36.136705651782435],[127.04407650907433,36.14518879984034],[127.06057783649923,36.11983800272294],[127.06139778280482,36.093487192775314],[127.09092847831327,36.07197329130809],[127.10178415639466,36.07570214114121],[127.122900428152,36.063192114220755],[127.13370162721468,36.06968287882932],[127.13716331519623,36.08684851259203],[127.15125190756373,36.08992063187333],[127.16868434301696,36.08393777391097],[127.17939046289112,36.094180248823605],[127.19610153614639,36.085938538108145],[127.20546770319058,36.10053574772755],[127.23536717161957,36.093851363299045],[127.24626089138795,36.09478193381942],[127.25161206357157,36.11226288817958],[127.27347952434658,36.10756590473319],[127.29447067507361,36.11296655821123],[127.3023653335331,36.12544752719573],[127.31438074585327,36.11863492596818],[127.3229991813415,36.13008586091514],[127.33848155674458,36.13049332741605],[127.35497228128548,36.10831042169298],[127.34789244891132,36.09838843717301],[127.35724400459843,36.083155630156725],[127.36114258289822,36.05330618933252],[127.37307858492082,36.04352423849077],[127.3778306990583,36.022815850302074],[127.40114531548213,36.00790053404408],[127.4262660304355,36.026466880112494],[127.43729573201568,36.020510343558286],[127.44816576647209,35.9934484478356],[127.4559754464542,35.98378423762079],[127.46822324155436,35.987744194879966],[127.4876067932177,35.978015326367135],[127.5058163469391,35.98035543410807],[127.53366804786071,35.992107070467156],[127.54017993123367,36.01173446040558],[127.53792045748928,36.032974631386374],[127.56819499920094,36.02974592902352],[127.57556540640438,36.02265578732769],[127.59150890988649,36.02448736511172],[127.61087352011188,36.002186842429055],[127.61626358750978,36.019408373525145],[127.6275642556791,36.031438587613486],[127.6187372178012,36.042509495855455],[127.6199791556543,36.061289079173825],[127.63775557078975,36.068359414614505],[127.63245481946862,36.081954697433375],[127.61815648579987,36.093686314004955],[127.61814535885686,36.1060578286374],[127.60385365739546,36.11710010685177],[127.59020275590923,36.13382996985535],[127.59362936546734,36.15296698027507],[127.601738375603,36.1615873853735],[127.59341974729787,36.17717907064939],[127.59283895538184,36.19515463767548],[127.59926980886196,36.204512383898866],[127.59779700271581,36.217413204344005],[127.57913854081134,36.23305753973492],[127.54662003036023,36.230172648185224],[127.54978774820948,36.23832356321361],[127.53248518674152,36.2502195261893],[127.51819561091644,36.24069245865797],[127.49276503953664,36.23809225998161],[127.467124038435,36.222429859620604],[127.46854736192356,36.2147981642281],[127.45325277157659,36.206774522973596],[127.44280915922533,36.19405956763938],[127.42927480263563,36.205342529495],[127.40827470423427,36.21305573965577],[127.40057032300722,36.231817234684264],[127.38788067464492,36.23447257238722],[127.38880932214092,36.265506879471594],[127.37757275329649,36.27146117207894],[127.36031400293339,36.26405018004283],[127.3645113424395,36.2434781490151],[127.36005068333384,36.22679356468794],[127.36471837183991,36.219968825443004],[127.34773712949043,36.20504313067439],[127.34065820549083,36.18911602165839],[127.33008154365388,36.19443905387289],[127.31445083680362,36.22241810700575],[127.29376346653464,36.22312259465035],[127.27962116452956,36.244726138613565],[127.28100651637669,36.2654081492697],[127.24945943683807,36.28342991968225],[127.25921021580594,36.296231696021636],[127.25787789783917,36.31815678720398],[127.2673373671597,36.338892500770804],[127.27788863807257,36.34893418009638],[127.2708728526755,36.36107905584424],[127.28098858958607,36.374818841664926],[127.2785897207938,36.396805701550704],[127.28231470262878,36.41453730462398],[127.26549267255807,36.41717474690516],[127.25079566419382,36.40675835257603],[127.24225926355231,36.41861554858763],[127.22564315613198,36.42229475426228],[127.21770738995892,36.43373753933099],[127.20569863613576,36.4365723983893],[127.19839944662611,36.452206717105945],[127.20473347031805,36.45929025054558],[127.1904819780574,36.47947098040882],[127.19467546940622,36.489593554939304],[127.17687680580985,36.49252957401574],[127.17001846888749,36.509037876211906],[127.18198581843956,36.52190833810269],[127.17266844268539,36.53614364718076],[127.19378768128777,36.564812524795485],[127.20791495257721,36.57873175078612],[127.19295612987199,36.58175031539345],[127.17858120020978,36.59690315663144],[127.15559470532158,36.60614085321765],[127.14996398572943,36.619067105783095],[127.15794555669345,36.635171208901916],[127.15303588141391,36.645039554141455],[127.1594023489221,36.65594683141634],[127.15476839136683,36.664864927301664],[127.16440129979566,36.67834108505827],[127.16086613025666,36.6919891295455],[127.1424688780043,36.69113289677923],[127.13619392574822,36.70483927985554],[127.1528745485181,36.72830955907034],[127.16652546109964,36.73350129920794],[127.2029216097686,36.72617528145413],[127.20507975236724,36.72032578497255],[127.23608541353825,36.707358094126185],[127.24580881280117,36.695818612283034],[127.2737391061961,36.695176606453664],[127.28562590652612,36.69093404883944],[127.30811728413921,36.70502091061972],[127.30844850782353,36.72131091335078],[127.32830309867772,36.734555161972985],[127.3401801485879,36.73183597538898],[127.33575160828346,36.752568100052734],[127.35882590631203,36.760684968689205],[127.38717852607998,36.75947365433084],[127.40464203146662,36.74493933431449],[127.41197209906072,36.7572668018218],[127.4125238137605,36.77184331602733],[127.39502742360997,36.7844732865297],[127.4017031654982,36.79526871295945],[127.38167912083603,36.813790065439726],[127.36658109140889,36.81685061602588],[127.35583803767402,36.8284728746005],[127.33298592931318,36.831481317625546],[127.33627136963482,36.85464296250633],[127.31232651543843,36.85754496737595],[127.30975493132703,36.881162860813674],[127.289801866995,36.8938188003222],[127.27175931683911,36.91330880978378],[127.2440184977727,36.91740455051251],[127.2202078911625,36.9303012445027],[127.20189088793852,36.952114776584835],[127.19011197699335,36.95285822726445],[127.14430057523515,36.97151191417936],[127.13346567736758,36.96531620440967],[127.11051745618634,36.97000214186629],[127.07393472561634,36.93839318738575],[127.06063869734844,36.939518190119614],[127.03173369240481,36.92833964863846],[127.01585984948298,36.93446097503086],[126.99540570788413,36.93551723595457],[126.97285285638561,36.92621512524931],[126.94323404704777,36.91799763129699],[126.90895914884426,36.904910270218934]]],[[[126.42602962996786,36.3858689163698],[126.38467966714646,36.380152318094964],[126.38304035399392,36.36731160927906],[126.39636994664065,36.367482785313264],[126.45900485810797,36.35455332433996],[126.42602962996786,36.3858689163698]]],[[[126.34105340538069,36.4049480206381],[126.32336575353905,36.388419654889766],[126.34232284763826,36.38859981600321],[126.35645134405199,36.3995304665654],[126.34105340538069,36.4049480206381]]],[[[126.42897194553326,37.06396793506521],[126.41977552728181,37.06437676278367],[126.42299689461967,37.04051243670438],[126.44347549055865,37.044367499987125],[126.45057365832899,37.05432870652922],[126.42897194553326,37.06396793506521]]],[[[126.36420902364155,36.43942721478075],[126.34785211957666,36.43617414159503],[126.35066400516675,36.42436230180427],[126.37073552927761,36.41017200406977],[126.40635521304692,36.41388479984426],[126.4218326773703,36.39976801650218],[126.43539856959022,36.41852773458548],[126.42846720067908,36.443728741420564],[126.42726717074672,36.46212571352859],[126.3966422062904,36.51916902635269],[126.39068148508832,36.55052321888965],[126.39869380897275,36.58234396491999],[126.39592648379038,36.595528990205544],[126.38487180942668,36.606393111229195],[126.36090637946276,36.611435422001456],[126.33513159748402,36.606292114955394],[126.31036154505996,36.58517629081516],[126.31004234118275,36.56876801201519],[126.32094193535207,36.558326525656284],[126.32828887134212,36.527972801355475],[126.33379838926965,36.491397195671105],[126.33382195699592,36.43732905190141],[126.36420902364155,36.43942721478075]]],[[[126.08411837381303,36.68413802249069],[126.06202171419521,36.680284789538604],[126.0741036859184,36.67067347075366],[126.08411837381303,36.68413802249069]]]]},"properties":{"code":"44","name":"충청남도"}},{"type":"Feature","geometry":{"type":"Polygon","coordinates":[[[127.74791916960423,37.21667839805168],[127.7366780080965,37.20989659541225],[127.72668934861562,37.18300395752793],[127.71829649327029,37.183816236949575],[127.69593848448389,37.152101406053276],[127.68790646576998,37.13530729579704],[127.6679919395374,37.13680159528805],[127.6479142978194,37.150580514300465],[127.63780059095444,37.140631569012],[127.63333966416579,37.09838582726765],[127.6102546778084,37.0861766360889],[127.59502694970409,37.073946229691],[127.57621599529006,37.07395339572637],[127.5664808517585,37.06314419962142],[127.56813462783742,37.047700808189184],[127.55979973400154,37.042950020990205],[127.53404197084483,37.05473332427204],[127.51251826371288,37.056219488252204],[127.50896579380476,37.049437616347404],[127.47137293505243,37.052544836782616],[127.4572094115823,37.040585909496166],[127.45941390125036,37.0253741741447],[127.4297345763771,37.001878225048486],[127.39403804841021,36.99794440252565],[127.38536456855753,36.98505758180856],[127.40185704887993,36.96774918631386],[127.3875945076214,36.96406537721189],[127.37852771077901,36.951466248384584],[127.3497353751849,36.952567164720065],[127.34342979642655,36.944296119901935],[127.30914734415009,36.92909412682449],[127.30407765078967,36.91514051678885],[127.289801866995,36.8938188003222],[127.30975493132703,36.881162860813674],[127.31232651543843,36.85754496737595],[127.33627136963482,36.85464296250633],[127.33298592931318,36.831481317625546],[127.35583803767402,36.8284728746005],[127.36658109140889,36.81685061602588],[127.38167912083603,36.813790065439726],[127.4017031654982,36.79526871295945],[127.39502742360997,36.7844732865297],[127.4125238137605,36.77184331602733],[127.41197209906072,36.7572668018218],[127.40464203146662,36.74493933431449],[127.38717852607998,36.75947365433084],[127.35882590631203,36.760684968689205],[127.33575160828346,36.752568100052734],[127.3401801485879,36.73183597538898],[127.32830309867772,36.734555161972985],[127.30844850782353,36.72131091335078],[127.30811728413921,36.70502091061972],[127.28562590652612,36.69093404883944],[127.3076097072515,36.68162730584224],[127.30162418324214,36.66008523412434],[127.2869562454221,36.65416905111462],[127.27920841937424,36.63511695055196],[127.30086526884932,36.615539121558065],[127.30824087760463,36.58345991864753],[127.32549583948254,36.57785267469244],[127.34301159289039,36.56450370365296],[127.37631846876299,36.560718996362766],[127.38348836569338,36.54200512793118],[127.40182464894835,36.54124045979936],[127.40881499100972,36.524391337625964],[127.4038520373747,36.51712762888225],[127.4088066988029,36.49529747859688],[127.3956687444112,36.49161155068815],[127.40420820519319,36.483324398613306],[127.400599583211,36.47017108795574],[127.40436653918967,36.4551214022208],[127.43625533249859,36.456650151108185],[127.45321046295142,36.450099505526325],[127.46395849971864,36.456570974355955],[127.46623877817592,36.46931337498378],[127.48452117857255,36.475277125491345],[127.47934035151367,36.45784063625294],[127.49892237340676,36.455683728367376],[127.50264625435915,36.44930505069406],[127.48921132565803,36.4327033866873],[127.50256289751616,36.40820092710566],[127.51568790123477,36.422280753416175],[127.53975288525886,36.420717822853604],[127.55514728198963,36.39896576435875],[127.53915877834955,36.3971916455765],[127.52571849179749,36.3873092143274],[127.52685680695964,36.36929381282165],[127.52131006175681,36.35320453295086],[127.50976625923357,36.35044595174575],[127.50125056149407,36.33870629031555],[127.50358423747666,36.32576480119502],[127.49100595439812,36.29694002728302],[127.4982598941923,36.282874311360196],[127.48625137581662,36.2614438583252],[127.49276503953664,36.23809225998161],[127.51819561091644,36.24069245865797],[127.53248518674152,36.2502195261893],[127.54978774820948,36.23832356321361],[127.54662003036023,36.230172648185224],[127.57913854081134,36.23305753973492],[127.59779700271581,36.217413204344005],[127.59926980886196,36.204512383898866],[127.59283895538184,36.19515463767548],[127.59341974729787,36.17717907064939],[127.601738375603,36.1615873853735],[127.59362936546734,36.15296698027507],[127.59020275590923,36.13382996985535],[127.60385365739546,36.11710010685177],[127.61814535885686,36.1060578286374],[127.61815648579987,36.093686314004955],[127.63245481946862,36.081954697433375],[127.63775557078975,36.068359414614505],[127.65502733856313,36.05488549953461],[127.66040471923989,36.038067384509624],[127.67262006326149,36.041312500891976],[127.67081114841135,36.0519178122572],[127.68921917311803,36.06254808505796],[127.69672489579274,36.05621678706178],[127.69646685221458,36.04119862704586],[127.72510448426848,36.027512549450094],[127.76239067785498,36.02480365160327],[127.76470501732238,36.012082012052026],[127.7878526799305,36.01424896298778],[127.79762376931522,36.0249656465319],[127.85342052844096,36.03905364246061],[127.86532455538837,36.0250656038994],[127.87692624777289,36.02244194484872],[127.88797971931594,36.03480014018414],[127.90355441686026,36.03896672905431],[127.9170617626286,36.05440274206359],[127.93586148048828,36.05066365172531],[127.9613862261557,36.06838914288329],[127.9578361101239,36.094888499987334],[127.96856746242462,36.10722000363856],[127.96687252405948,36.11825241622748],[127.98763907732643,36.12962394670413],[127.9873321499641,36.147385156938775],[127.99569394783435,36.153003079951915],[127.9834658502645,36.16977168874083],[127.97564270942486,36.188148588762246],[127.98601713804247,36.20040165221076],[128.01351740596203,36.20913294790416],[128.02629918681782,36.20568202834363],[128.03835435697374,36.1939990581746],[128.05252068569996,36.20088876885185],[128.0503752106311,36.215302514677155],[128.03004830584155,36.2403082011607],[128.04802614151149,36.257139240048],[128.01028392601086,36.27214783770398],[127.98217036739776,36.264197383894036],[127.97085425760454,36.250434196279784],[127.94824628487564,36.25745086834934],[127.94730215532314,36.26723136991037],[127.93091373436454,36.278215466119555],[127.8920410667616,36.29216979314774],[127.88428524168216,36.27367482774437],[127.85131186144285,36.27573953763265],[127.84719936600827,36.30064617178622],[127.84107459808655,36.30962200025174],[127.85208573245649,36.33039724727817],[127.88144562951723,36.34486492655001],[127.89132656044171,36.35955161263848],[127.88429056765769,36.37978912046274],[127.86362892198693,36.40308188089563],[127.88284071055266,36.423503853434134],[127.87302833713828,36.44170674510614],[127.88240226400916,36.46099920869096],[127.87884050534267,36.465769398873334],[127.88046639484268,36.4932705655292],[127.88847862150908,36.49310453043101],[127.90672089945132,36.50784688700815],[127.90192959431641,36.528173141923375],[127.87412057930455,36.53730743460551],[127.87336111114332,36.55525831763904],[127.86213949556914,36.56740556742711],[127.83012972179884,36.5744021526949],[127.82405337254568,36.57165946816934],[127.80464986848295,36.581662269661564],[127.79740860897324,36.59196510954198],[127.80651178723699,36.60315224588959],[127.82378688891913,36.61255118209651],[127.84205935913928,36.60864297227724],[127.84961158036643,36.61276735146113],[127.84800512102368,36.63336205649375],[127.86158437153667,36.6342262458137],[127.87407100953085,36.65538560900438],[127.88914501437881,36.64027914062825],[127.88941316886705,36.62945989124438],[127.90972772892407,36.62573020184682],[127.92043519607621,36.60364852094976],[127.93163914460936,36.617936555864766],[127.93839965054764,36.651080480623605],[127.93231911165631,36.6651520956636],[127.91847711127824,36.667992007073465],[127.91292952204307,36.6777451974379],[127.89203896192859,36.68230690801638],[127.88735174714806,36.69131038163569],[127.91293635421961,36.692582037346334],[127.9276890571246,36.68978843775784],[127.93166668616641,36.706324874873374],[127.94911570821237,36.70595671569465],[127.96077330747892,36.73677830811516],[127.98679978126262,36.71749872081816],[128.00261703605463,36.71663123600607],[128.00841385860605,36.72776876110593],[128.0222219369789,36.72587226641779],[128.04876754350613,36.7075450322863],[128.07132459910594,36.70729312574598],[128.0689508767222,36.721665993980615],[128.03247701766645,36.74752374895669],[128.0444243689262,36.7712461570824],[128.0445623625253,36.784569274487644],[128.05512126957854,36.79318232977922],[128.05869020428884,36.81610465690067],[128.08151210480708,36.806774210868575],[128.08399977532667,36.79944872359096],[128.10678410331715,36.80579101200189],[128.11223280978638,36.81889163241195],[128.14492613146703,36.83241351492025],[128.15601503591176,36.82331372272744],[128.20876481024786,36.81352625798044],[128.21850422056644,36.81538195085369],[128.21283095405414,36.839400900624526],[128.21546234022668,36.84899252735726],[128.23395525956184,36.855699341142916],[128.24045106157294,36.8712460582472],[128.28201115595002,36.85662759338349],[128.2966268812753,36.83443840179675],[128.31074120197403,36.82854974947895],[128.31663098462585,36.81661444523162],[128.3342286960589,36.816966881524216],[128.36699001441366,36.80051001177221],[128.3818230264966,36.8139789677096],[128.42064591567234,36.811416391162574],[128.43431505123615,36.834021078811915],[128.44911010799643,36.84891436503374],[128.44891961467798,36.86338609216119],[128.43857971221533,36.87331410600594],[128.42440683903914,36.87647074297152],[128.4269532043518,36.88930708654278],[128.44010726085588,36.901370626358],[128.44539665815682,36.91775151878029],[128.44186829018182,36.92790034504324],[128.46020161003437,36.934006045109754],[128.4632417928852,36.94744564488519],[128.4761651784662,36.95720050929242],[128.5048644362648,36.96914485406253],[128.5160243965374,36.9868871225558],[128.53808577769047,36.99076100617649],[128.55471038740134,36.99823499494264],[128.56992059397695,37.01373228275177],[128.56516267619105,37.030866848307454],[128.583858340636,37.04389168455068],[128.60678837500316,37.04339579681032],[128.61926567694755,37.04954960139756],[128.63067312637384,37.03917130653631],[128.64461641320358,37.06192599188822],[128.65222772050285,37.06545686450225],[128.62830311608957,37.07497994167575],[128.6227568584795,37.087132449617044],[128.605940938885,37.07661727171556],[128.59166314499646,37.07820899103596],[128.5621251807379,37.09036183746246],[128.53797192832013,37.09004499902925],[128.53413337498083,37.098851164836105],[128.51477377259334,37.10332781683854],[128.51263951012353,37.11332322109179],[128.48671522753136,37.120164012415145],[128.48055255034737,37.11162961635973],[128.43793794337552,37.11112135328864],[128.4231344904795,37.103358887334544],[128.4179798807952,37.12020533695532],[128.39600142673004,37.12892152298685],[128.4010075821503,37.14637550407265],[128.38437070368178,37.15818443043261],[128.37710358832652,37.15164263433362],[128.35033050114936,37.15793202002893],[128.31147808153892,37.14537572881674],[128.30434056833178,37.13722990833046],[128.2798988201603,37.14260200286813],[128.26472840436327,37.16054778211382],[128.27628573333595,37.172047211556226],[128.29818180770812,37.17229818906015],[128.29592435558374,37.183064751436646],[128.3274418330197,37.19875351086023],[128.33050428505544,37.21653824234493],[128.31662080271602,37.22340689492203],[128.30855915912034,37.21691585562825],[128.2882655216508,37.215019267454466],[128.2690235837032,37.20805171300362],[128.25029048918384,37.22948081375493],[128.2322214294532,37.22655102951004],[128.20793564006578,37.24892024179378],[128.1945047289938,37.24576752025152],[128.17418234504024,37.23252663191946],[128.1731489056099,37.21914239084364],[128.15337659005763,37.21620723481239],[128.12647247761834,37.23464514417714],[128.1252284059204,37.22265397986923],[128.11167993330818,37.20800761197883],[128.07881081963612,37.194010129244525],[128.0395007210973,37.18880686495455],[128.02994757539392,37.203574976872446],[128.03924450609313,37.215392335397496],[128.01988603325051,37.23462413897961],[128.0190381738289,37.244398646077755],[127.98505364111033,37.25816305366536],[127.9479150645356,37.246792962843664],[127.92129035109753,37.22574591370968],[127.93237639539345,37.20749530322175],[127.93655285426105,37.18880810945746],[127.93351357098904,37.17589193584847],[127.92277546331417,37.164445495470844],[127.90854796288203,37.167257403462465],[127.90197392866645,37.152048204058055],[127.87252526977355,37.16434172927156],[127.85161791775444,37.15949998768811],[127.848872853377,37.1531948962768],[127.82506525499656,37.15220616781451],[127.81474819772542,37.146553362270204],[127.78951349052662,37.14440303109371],[127.7625379614898,37.162614050368944],[127.75393661829371,37.17616205132729],[127.7438675124452,37.210370373113115],[127.74791916960423,37.21667839805168]]]},"properties":{"code":"43","name":"충청북도"}}]}