{"type":"FeatureCollection","source":"raqoon886/Local_HangJeongDong (vuski/admdongkor 2021-04 스냅샷 재배포, 원출처: 행정안전부·통계청 SGIS 행정동 경계) — https://raw.githubusercontent.com/raqoon886/Local_HangJeongDong/master/","license":"CC BY 4.0 + 공공누리 제1유형(출처표시 필요) — https://github.com/vuski/admdongkor/blob/master/LICENSE-DATA","note":"시군구 249개(전국 250개 시군구 중 전주시 완산구·덕진구를 전주시 52110 하나로 병합해 1개 감소). code 는 현재(강원=51/전북=52 반영) 5자리 법정동코드, code2018 은 southkorea-maps 2018 KOSTAT 코드(대조 실패 시 null). mapshaper -simplify 4% keep-shapes -clean 으로 단순화.","features":[{"type":"Feature","geometry":{"type":"Polygon","coordinates":[[[127.90360691887965,38.05089760007235],[127.88023809349946,38.04717703488253],[127.85299814548794,38.05126127909837],[127.84915936500742,38.03612035884876],[127.85760589041242,38.01831099131324],[127.83730206418264,38.0128418479695],[127.82706605218915,38.000710647004354],[127.8045840046675,38.001054071688635],[127.79395439378428,37.99319909074264],[127.76975241498918,38.02720900084917],[127.74697501211712,38.03781539093201],[127.73374832424872,38.03630498562961],[127.72431623484363,38.02489012540287],[127.71320366077443,38.024285815191234],[127.700068859036,38.03815914809097],[127.67715588908658,38.036251055633656],[127.652435723241,38.02431951213849],[127.65026385877472,38.03792630191211],[127.6532557687076,38.05090835833971],[127.62622066745186,38.050718051308905],[127.59768672974475,38.080413837114385],[127.56766612078995,38.08432212010379],[127.56540253342736,38.06831502273906],[127.5741069272724,38.06423147108306],[127.57861504700911,38.039819502913275],[127.56535078528205,38.029736813825906],[127.56349764232544,38.02197539169352],[127.54438092700363,38.01955476689031],[127.53974106686961,38.00118093678474],[127.54709511644722,37.97976302250852],[127.54432614845655,37.96812054696053],[127.5622936853714,37.962661049605046],[127.57322232999005,37.96405466627026],[127.60299370955819,37.95509527270969],[127.60266788097985,37.947714591996444],[127.61376096988457,37.93938624574545],[127.61258879816008,37.925268487333724],[127.6177309308248,37.90661254597479],[127.60110054842946,37.874622793254424],[127.58435508502302,37.875731144381405],[127.57471362562084,37.87159461939223],[127.56242460929934,37.855476814424456],[127.550882521361,37.85205154353302],[127.52927275935066,37.838905235791906],[127.52504655621686,37.82399425926164],[127.53548290764955,37.81751686436786],[127.53589930568616,37.80922590566791],[127.52154435341632,37.79278012620627],[127.5369392904045,37.775284057129866],[127.54457424163989,37.761090412816465],[127.53607877025975,37.750278436564756],[127.51312280050713,37.73758636779726],[127.50764819246342,37.730696517650216],[127.51092708139214,37.717692062580056],[127.52538466245736,37.726900554136215],[127.5408031201987,37.719090623597396],[127.55986059362328,37.7285128191098],[127.57208459030461,37.73316964768543],[127.58915498409768,37.7255235188909],[127.59591685896946,37.713886921876146],[127.59387630793488,37.70494350093598],[127.61021891964397,37.698780255494896],[127.60722019984702,37.67926882192086],[127.62276102261143,37.68103376648125],[127.6231783942482,37.691249267905356],[127.63195419012607,37.69792657675202],[127.64153850077612,37.69373348047896],[127.65916602201028,37.699968385872964],[127.67820962740205,37.695152327622395],[127.68429900320116,37.70193437091441],[127.67738265715751,37.7177857213895],[127.69855522431084,37.71673369813325],[127.72089009869663,37.73302376848419],[127.74723972294962,37.74148123135084],[127.75360756364788,37.731486496794545],[127.78184346757459,37.74186444690647],[127.79964195115762,37.73493391830063],[127.80328882431266,37.74387294816716],[127.81627524389746,37.7484303690909],[127.83088620177548,37.739820691386804],[127.84618874104976,37.751448695878615],[127.8572294505504,37.76787956468872],[127.84321749876513,37.7896244907074],[127.82487086463591,37.79822908125048],[127.82531132077942,37.823559465931226],[127.81388361362637,37.83373666480617],[127.82131789825908,37.84547338050413],[127.8484629015005,37.835448277967885],[127.87150032044339,37.83728625373122],[127.88033875072195,37.860186131640845],[127.89184560507076,37.86266045647497],[127.90798723539145,37.85535784713112],[127.93145257733802,37.82658827756733],[127.94493208337063,37.838497356724545],[127.94414081675231,37.8502179636883],[127.95555570171075,37.87102370773274],[127.97317103691007,37.8829327838071],[127.97254715397857,37.901942461042864],[127.98390957361788,37.91391711957551],[127.98321455668555,37.923259773804695],[127.9916158535694,37.92961939081593],[127.99343788136817,37.94267409533597],[127.98001406412381,37.95357654203576],[127.98485213697879,37.96665113947507],[127.98315765236285,37.99055937101096],[127.99778556784979,37.98985969371389],[128.01221399399952,37.99581525400684],[128.02916535572967,38.01458021785561],[128.02393329432127,38.01890861448475],[128.00788969762453,38.015627185381256],[127.99602099432319,38.00131362576835],[127.98394373751778,38.01340061930456],[127.98578793237758,38.02744814440803],[127.96621705997697,38.03250042121667],[127.95471343360748,38.03972158528564],[127.94642492105903,38.029976411746325],[127.94778116838584,38.02232673137113],[127.9362860172485,38.01433247017213],[127.90773960556942,38.02542280557671],[127.90232002436187,38.03818506770498],[127.90360691887965,38.05089760007235]]]},"properties":{"code":"51110","name":"춘천시","sido":"강원특별자치도","code2018":"32010"}},{"type":"Feature","geometry":{"type":"Polygon","coordinates":[[[127.75948478241624,37.36704394037488],[127.75778951782868,37.34621233435803],[127.76768239764084,37.30289227872186],[127.75476517652099,37.29769229064109],[127.75529123157115,37.27210185527069],[127.75830778668016,37.25802651137657],[127.7488583733141,37.247479673328996],[127.74791916960423,37.21667839805168],[127.7438675124452,37.210370373113115],[127.75393661829371,37.17616205132729],[127.7625379614898,37.162614050368944],[127.78951349052662,37.14440303109371],[127.81474819772542,37.146553362270204],[127.82506525499656,37.15220616781451],[127.848872853377,37.1531948962768],[127.85161791775444,37.15949998768811],[127.87252526977355,37.16434172927156],[127.88668247777804,37.160923139563636],[127.90197392866645,37.152048204058055],[127.90854796288203,37.167257403462465],[127.92622233592917,37.16517766895825],[127.93655285426105,37.18880810945746],[127.93237639539345,37.20749530322175],[127.92129035109753,37.22574591370968],[127.9479150645356,37.246792962843664],[127.96281588772163,37.24994987760252],[127.97264670125676,37.256826567693224],[127.98505364111033,37.25816305366536],[128.0075278520599,37.25170321997856],[128.0190381738289,37.244398646077755],[128.01988603325051,37.23462413897961],[128.03924450609313,37.215392335397496],[128.02994757539392,37.203574976872446],[128.0395007210973,37.18880686495455],[128.05972530614252,37.19361862705247],[128.07881081963612,37.194010129244525],[128.11167993330818,37.20800761197883],[128.1252284059204,37.22265397986923],[128.12647247761834,37.23464514417714],[128.15337659005763,37.21620723481239],[128.16417240616437,37.21328177386784],[128.1731489056099,37.21914239084364],[128.17418234504024,37.23252663191946],[128.20123498291508,37.24881519687057],[128.2115226725889,37.261163466057724],[128.214721771441,37.28720736498696],[128.19780351216463,37.296200734399115],[128.17905085229927,37.291565371301914],[128.18421187488866,37.2848108259591],[128.17001032651362,37.277809691797266],[128.14780885454687,37.274575154214844],[128.11636546972224,37.28251949755976],[128.1141396857209,37.302029017746314],[128.05710319624578,37.310898780109135],[128.04479018475652,37.321167157956204],[128.03735561804223,37.33471790177982],[128.04315664798585,37.345958670017794],[128.04093224873174,37.35391159762121],[128.05102439422342,37.36635498789332],[128.06951001460897,37.3667216951667],[128.07660317679705,37.37611512451427],[128.07206993934165,37.39351648547624],[128.0844930699799,37.403358908715745],[128.09740090942498,37.40650404227119],[128.0804783241934,37.42837718129143],[128.06380714372978,37.437651301101155],[128.0607328093424,37.44714850882703],[128.04185282804127,37.44552709183871],[128.0287931040909,37.45049660685488],[128.01531499035931,37.44666541202653],[128.0017208452477,37.45714186476083],[127.9767068285331,37.45865298797068],[127.96431271052198,37.45033648056199],[127.95119076306803,37.454780675007065],[127.94482568981013,37.46321873863796],[127.93291900146038,37.49035038403075],[127.93913864065267,37.50026446113853],[127.92850352356064,37.5068230186112],[127.90979093417106,37.48659619330827],[127.90237478658878,37.47201784170162],[127.87534967399685,37.46601620052064],[127.86335699487974,37.43581455725499],[127.87047046002432,37.418281101801284],[127.86652096957143,37.39945036465232],[127.84846476337958,37.4001173545017],[127.85125920868823,37.4076844250365],[127.84158206531755,37.430805750389325],[127.82121837493007,37.44430728481618],[127.80179958513581,37.43533319540742],[127.7946084606242,37.424248778814025],[127.7831441595876,37.390268714375644],[127.77658544630286,37.38324323445703],[127.77779778784806,37.37119533935394],[127.75948478241624,37.36704394037488]]]},"properties":{"code":"51130","name":"원주시","sido":"강원특별자치도","code2018":"32020"}},{"type":"Feature","geometry":{"type":"Polygon","coordinates":[[[128.81003080555067,37.9183375971793],[128.8027444917912,37.912882521848935],[128.78238716460385,37.91499533303417],[128.775935764633,37.91015857603082],[128.7469946809275,37.909613303679166],[128.73337670657978,37.90033604541247],[128.71812208130314,37.9037059230306],[128.66686220219526,37.88578240183472],[128.64346977948898,37.89502763808666],[128.6247381698383,37.88202137587906],[128.61947575468201,37.87187012612759],[128.60091093440337,37.870732166069025],[128.58785083959236,37.861883063260194],[128.58131167837982,37.839490397804205],[128.58257037141675,37.82097825139127],[128.6010497844319,37.800678797767084],[128.60180255934597,37.77988121573384],[128.61386478653156,37.77042964842577],[128.62977795310297,37.772747358224244],[128.6366790452143,37.7824651447066],[128.6561109329095,37.771164764636],[128.671359282857,37.767218417858814],[128.67698607087402,37.77327152215645],[128.707617331547,37.76887937163978],[128.72340215781307,37.75009383416686],[128.74233535992198,37.741343314199625],[128.747048965747,37.71379989539385],[128.753795099609,37.707741657017614],[128.76460286328538,37.671808522089606],[128.7471172182494,37.666120534766584],[128.7333777057433,37.65397017019801],[128.72852982609976,37.636160876617616],[128.7358723307157,37.62859744062909],[128.73660055528063,37.61013133329714],[128.71756590278082,37.60369574961473],[128.71196152320144,37.58863741995632],[128.68560664815962,37.593811864598536],[128.67400031351036,37.5559278290763],[128.70458368042017,37.53539141800742],[128.7251014639981,37.537396623969435],[128.74554264170862,37.54661753462527],[128.75853115893727,37.54186276186603],[128.78089292270005,37.5433659712444],[128.80214875796435,37.53167957379887],[128.79732898777178,37.51864304987756],[128.81648853565324,37.50432343587144],[128.833386666302,37.513063916768836],[128.8479389422793,37.51499829765077],[128.86042686439384,37.543783844628734],[128.85864359433694,37.56040721711885],[128.87402879044566,37.58960586323054],[128.88275593943618,37.59205292243385],[128.8964471188432,37.586740095904446],[128.9053644018906,37.56727394356284],[128.90566185477977,37.552511782001346],[128.92434905119075,37.54692719890011],[128.94055417870055,37.53708888458715],[128.95908751976526,37.54594707756948],[128.97313755512909,37.53397001369082],[128.9871458125379,37.53404160356501],[128.99850231255078,37.54281783337034],[129.01816427388235,37.53832366800153],[129.02590118138016,37.54561827456341],[129.04590801469388,37.545933314955356],[129.05085011565666,37.57654496458207],[129.0596460095744,37.5901572831306],[129.0545844144555,37.59489492721812],[129.07304244877784,37.60606739987551],[129.05430313472863,37.62144117420835],[129.04426477333163,37.643186375766454],[129.05717647374,37.658848231207934],[129.0581373289492,37.67260347133816],[129.01438978053824,37.707580808282735],[128.99633503566008,37.72558188367592],[128.98486123990602,37.74223615724306],[128.95364353137833,37.76567139499151],[128.87927953308767,37.8296629004923],[128.87577337739071,37.841458215221216],[128.8487790990681,37.864173559903804],[128.83053066065253,37.88392734538404],[128.83429776180088,37.8996308448229],[128.81003080555067,37.9183375971793]]]},"properties":{"code":"51150","name":"강릉시","sido":"강원특별자치도","code2018":"32030"}},{"type":"Feature","geometry":{"type":"Polygon","coordinates":[[[128.97313755512909,37.53397001369082],[128.9622464501046,37.513628919468864],[128.9747667704302,37.503580599526735],[128.9699140769578,37.49502625093564],[128.98662904255693,37.49295790752043],[128.98782364521583,37.475059123714516],[128.97765305083732,37.469065450169566],[128.9576199957539,37.44676402694436],[128.97558702773276,37.4332596784055],[128.99771955914915,37.430392353546026],[129.00887547178812,37.43446682869872],[129.04419353610132,37.45576203226431],[129.0651934693389,37.4600954213351],[129.07484010213253,37.456136527758176],[129.09555859935415,37.46333385579282],[129.10864566606958,37.45576315858115],[129.1150557314811,37.459808113818575],[129.1353035432679,37.453572128248645],[129.13902307168698,37.464537703227265],[129.14880354931088,37.46486470880073],[129.1600003477274,37.47674134506394],[129.14198023493915,37.49510508272947],[129.12434174162888,37.51732009424952],[129.1247836756354,37.52581489265964],[129.11296516851766,37.539394478387294],[129.1221523300926,37.55782219729343],[129.11704186884498,37.57622561628861],[129.07304244877784,37.60606739987551],[129.0545844144555,37.59489492721812],[129.0596460095744,37.5901572831306],[129.05085011565666,37.57654496458207],[129.04590801469388,37.545933314955356],[129.02590118138016,37.54561827456341],[129.01816427388235,37.53832366800153],[128.99850231255078,37.54281783337034],[128.9871458125379,37.53404160356501],[128.97313755512909,37.53397001369082]]]},"properties":{"code":"51170","name":"동해시","sido":"강원특별자치도","code2018":"32040"}},{"type":"Feature","geometry":{"type":"Polygon","coordinates":[[[129.09579552619093,37.10046144957338],[129.0876587090241,37.11422466414905],[129.0952718914057,37.13870340047887],[129.08971145212377,37.14391852009803],[129.08855239909434,37.15825344223281],[129.07408169270033,37.16170474300869],[129.07156958610207,37.169961242659916],[129.05066511196358,37.17036721347539],[129.02724474403922,37.17504431653101],[129.01683017213682,37.181388786635964],[129.00706221362324,37.20011609584962],[128.9958368455318,37.20824769294064],[128.99829110336023,37.21741290496481],[129.0106741773583,37.22096287241131],[129.0068006131263,37.23089520632014],[128.99546973953102,37.233131821754746],[129.004513527396,37.26296558391525],[129.01392346800927,37.273616334037456],[129.0054390061355,37.29231426866621],[129.01844665093918,37.30328582038254],[128.99777627432806,37.319569908903134],[128.99781938913594,37.32496111023043],[129.0144390075506,37.33790505431842],[128.98638459441668,37.342062571695216],[128.96361881888362,37.32962848729797],[128.95108314147197,37.30867286222747],[128.94313977820153,37.3049160408792],[128.94600577277012,37.29055408506758],[128.9364744898601,37.27415096015027],[128.92429287295113,37.27307632007141],[128.9341245441929,37.25595275290139],[128.93495074925676,37.245896183146925],[128.91777546584171,37.240082073604036],[128.91636404894575,37.22491055973883],[128.9081741100604,37.216365107502696],[128.9158623444908,37.21144347537863],[128.91143877917418,37.19723611957624],[128.9127549391542,37.17674882575666],[128.91761327779113,37.16110138851597],[128.91203108356942,37.14935215421365],[128.89917202554474,37.14793724808775],[128.88664042280968,37.13653230059123],[128.88880989292713,37.12539645062215],[128.87442029625834,37.114223897283516],[128.8866889642447,37.10284332179268],[128.88873067225327,37.09182629623666],[128.8763031063668,37.07326104410202],[128.88866252681171,37.06229269579461],[128.909729295424,37.066867004639555],[128.92054445335728,37.09065666984877],[128.9445868582942,37.09508313169702],[128.96030899377655,37.077439719546845],[128.9695552465402,37.082132339815594],[128.99521615662303,37.0812229698105],[129.03431240161584,37.07575951594678],[129.0616878698973,37.06557206348228],[129.07293633650812,37.09087635177605],[129.09579552619093,37.10046144957338]]]},"properties":{"code":"51190","name":"태백시","sido":"강원특별자치도","code2018":"32050"}},{"type":"Feature","geometry":{"type":"Polygon","coordinates":[[[128.58486081979046,38.231131112586105],[128.57245068068576,38.22131378649747],[128.5332383210023,38.2159606216046],[128.5226989873396,38.20792294438773],[128.50076382018963,38.203166507256796],[128.4865305578343,38.18922208499742],[128.4677187641521,38.19781170713257],[128.44187075477274,38.20233393187418],[128.426933572864,38.19001096679463],[128.4198210581941,38.177562090497894],[128.43853231291013,38.16279744649688],[128.4378959760218,38.1565960140284],[128.45577126478906,38.14142673116031],[128.46503370810416,38.13786468712032],[128.46537748651357,38.11948821008658],[128.47194938380386,38.120969503816326],[128.49182381811136,38.13805257467842],[128.50144495208772,38.13554363996782],[128.52976203779326,38.13687482071297],[128.53455590384667,38.148340986281866],[128.55941281085697,38.149152989554445],[128.57076694083273,38.161001908100744],[128.60908205208852,38.1610518421734],[128.60928154423738,38.18367953486844],[128.5970652953453,38.198428526034476],[128.5962734650544,38.21616969717751],[128.58486081979046,38.231131112586105]]]},"properties":{"code":"51210","name":"속초시","sido":"강원특별자치도","code2018":"32060"}},{"type":"Feature","geometry":{"type":"Polygon","coordinates":[[[128.9576199957539,37.44676402694436],[128.93762112047116,37.45080312238506],[128.9274938043702,37.44870652364968],[128.89779728829225,37.42995787957416],[128.89492048343806,37.40882448578244],[128.86883036409915,37.3983551671609],[128.85792749438414,37.380912794738116],[128.84582136150203,37.33961877777525],[128.86698552538766,37.33814202285531],[128.87417022372915,37.3242199868825],[128.85860123700616,37.304321805168506],[128.8616791537872,37.29638430510897],[128.87989171731695,37.280067306039406],[128.87994552917263,37.264933729774796],[128.89475019997863,37.25337337548124],[128.89836352172927,37.23612830894115],[128.9081741100604,37.216365107502696],[128.91636404894575,37.22491055973883],[128.91777546584171,37.240082073604036],[128.93495074925676,37.245896183146925],[128.9341245441929,37.25595275290139],[128.92429287295113,37.27307632007141],[128.9364744898601,37.27415096015027],[128.94600577277012,37.29055408506758],[128.94313977820153,37.3049160408792],[128.95108314147197,37.30867286222747],[128.96361881888362,37.32962848729797],[128.98638459441668,37.342062571695216],[129.0144390075506,37.33790505431842],[128.99781938913594,37.32496111023043],[128.99777627432806,37.319569908903134],[129.01844665093918,37.30328582038254],[129.0054390061355,37.29231426866621],[129.01392346800927,37.273616334037456],[129.004513527396,37.26296558391525],[128.99546973953102,37.233131821754746],[129.0068006131263,37.23089520632014],[129.0106741773583,37.22096287241131],[128.99829110336023,37.21741290496481],[128.9958368455318,37.20824769294064],[129.00706221362324,37.20011609584962],[129.01683017213682,37.181388786635964],[129.02724474403922,37.17504431653101],[129.05066511196358,37.17036721347539],[129.07156958610207,37.169961242659916],[129.07408169270033,37.16170474300869],[129.08855239909434,37.15825344223281],[129.08971145212377,37.14391852009803],[129.0952718914057,37.13870340047887],[129.0876587090241,37.11422466414905],[129.09579552619093,37.10046144957338],[129.1187813796592,37.092916631623375],[129.12741149289775,37.084829837817345],[129.14072399520938,37.08167440213893],[129.1552325793913,37.07001553723512],[129.16521992018195,37.06975321271653],[129.18543934239165,37.042087201580976],[129.22508862838313,37.04453678695889],[129.2332227769676,37.064195816295715],[129.225583726297,37.07340308868119],[129.2496316242985,37.09588301368246],[129.26605027225,37.102313979946686],[129.27200447079954,37.117018953996315],[129.29446077148563,37.11440569236826],[129.2981865549781,37.12453925551198],[129.3207204160529,37.13582451360513],[129.32472535058406,37.141712035824874],[129.34801384951666,37.14654517987413],[129.36409557005865,37.14636173194536],[129.35797618763064,37.158814393167596],[129.34705368033704,37.167800738373515],[129.33979867312286,37.19354742597991],[129.34789984547734,37.20952650262144],[129.34130928135406,37.225639164393186],[129.3568430793613,37.23549406127788],[129.34901877011885,37.24787575673278],[129.32707218480687,37.265715935322845],[129.32922382753932,37.28034789286372],[129.3008605280027,37.29317487106971],[129.29921500467125,37.310343448546035],[129.28816525005922,37.309865314479715],[129.26982901452712,37.322674434859955],[129.26813005288923,37.33895623604284],[129.2512172674395,37.36345303415591],[129.25244522039634,37.38033549181829],[129.21439037535043,37.40156296372985],[129.1979224128569,37.41590742669875],[129.19321845219199,37.424162237203845],[129.19013187617264,37.45163580801911],[129.1600003477274,37.47674134506394],[129.14880354931088,37.46486470880073],[129.13902307168698,37.464537703227265],[129.1353035432679,37.453572128248645],[129.1150557314811,37.459808113818575],[129.10864566606958,37.45576315858115],[129.09555859935415,37.46333385579282],[129.07484010213253,37.456136527758176],[129.0651934693389,37.4600954213351],[129.04419353610132,37.45576203226431],[129.00887547178812,37.43446682869872],[128.99771955914915,37.430392353546026],[128.97558702773276,37.4332596784055],[128.9576199957539,37.44676402694436]]]},"properties":{"code":"51230","name":"삼척시","sido":"강원특별자치도","code2018":"32070"}},{"type":"Feature","geometry":{"type":"Polygon","coordinates":[[[127.55986059362328,37.7285128191098],[127.56103052439099,37.71821687857934],[127.55063112446692,37.6878013299184],[127.5492122925296,37.66757117154641],[127.5528071283113,37.66154695114282],[127.53701864951356,37.6430018516369],[127.55898162627281,37.628449266439425],[127.57951153060048,37.63312665682728],[127.5856800944199,37.642106551595354],[127.60234796111283,37.65133942680822],[127.62799459517598,37.6423249820805],[127.65336880455327,37.622340195608956],[127.66772241045682,37.61722206929929],[127.70024804465213,37.59667009532592],[127.70812498323647,37.58640159279938],[127.72311434203976,37.59062627296918],[127.73947313456856,37.5871632657897],[127.75349455431747,37.591875449917666],[127.7662161735014,37.58297809765813],[127.78290969729544,37.57869055767416],[127.79275148958276,37.58532938834979],[127.80972765865407,37.5733686479476],[127.8129040883365,37.56464099341878],[127.83995354851402,37.55950406741119],[127.84944404910682,37.55317710418489],[127.8716167046518,37.56212321547059],[127.88360928890063,37.57066096540357],[127.89339121195937,37.585021227464246],[127.89444058961068,37.59859640336111],[127.90659928011397,37.598043150863354],[127.92678840311646,37.60446306985875],[127.93307827029348,37.60994009723392],[127.95051849881924,37.61079080124976],[127.97048825642395,37.636745703146815],[127.99871659285736,37.626251926592744],[128.01188969627935,37.62657491334184],[128.02125092920295,37.61437077072863],[128.0353720804321,37.624400777806834],[128.0674137176662,37.63613570397066],[128.07856479398146,37.65171343015583],[128.10151610509686,37.65058815326247],[128.1178023172865,37.67740634083428],[128.1366269699731,37.68111131507933],[128.1458488526859,37.673066440456836],[128.15221339153402,37.659858839653566],[128.1650275920505,37.66078127442075],[128.1904608530763,37.6464247432077],[128.20432001715338,37.650603210859394],[128.21980709062746,37.641073572430734],[128.22594883604899,37.627297641640865],[128.2470429725449,37.625070709632915],[128.2547745250973,37.629461435040746],[128.27242505912352,37.642022828727235],[128.27203553587486,37.65576994882626],[128.27985954725133,37.67209400553039],[128.305132511381,37.690898448932735],[128.31453100547745,37.702557943951476],[128.3236819541344,37.68929984607375],[128.33851625675632,37.69561942202155],[128.35970257243835,37.6991050155055],[128.37506253536915,37.69182033430027],[128.3958850671908,37.691992492694936],[128.41589531007938,37.68803104817067],[128.43532537894998,37.692287256543246],[128.4438933061352,37.700582450291044],[128.445106021041,37.71750998198468],[128.4539521563192,37.72897199210466],[128.48638943022496,37.73423906959008],[128.52243490001828,37.729840123244855],[128.52705774194,37.752202764516724],[128.52115667346146,37.759141332324056],[128.53236968960778,37.77034196946158],[128.53310622394716,37.77976251917014],[128.5424068794949,37.7884253431917],[128.54400292585387,37.800157208239646],[128.5560594169699,37.808597413627965],[128.5708353914929,37.80794088148638],[128.58257037141675,37.82097825139127],[128.58131167837982,37.839490397804205],[128.58785083959236,37.861883063260194],[128.57376150703286,37.86457269836019],[128.56689912041114,37.87567326105115],[128.53950435122042,37.891155174828356],[128.52615117606754,37.88294916763795],[128.51135163938963,37.88050448825143],[128.48172080074553,37.893111775154246],[128.47550310629313,37.885501844539796],[128.4584761275219,37.87953000478588],[128.4357393154387,37.864119085934895],[128.41341823124066,37.88461748128448],[128.41017736275603,37.87259700182605],[128.40096775225433,37.861881022858064],[128.38208587464368,37.85861340431485],[128.36626793626928,37.8471899051615],[128.36444964047843,37.83322947870692],[128.34186982800014,37.825828252467325],[128.3284616824995,37.833944318484704],[128.31945816324193,37.83110763766647],[128.30742698620995,37.843418676522354],[128.30524829013288,37.85774586460552],[128.293720045416,37.86990886412547],[128.2755825103658,37.86468236456783],[128.26135262591242,37.85630208938306],[128.25410642221897,37.836343482542226],[128.2376841120059,37.82401965288384],[128.20888185372033,37.81233922989973],[128.19209547413607,37.822645663065735],[128.1811087020856,37.834634264448326],[128.1821824076716,37.84326180273443],[128.16973998197187,37.85138401751656],[128.1680593082339,37.865890782725444],[128.1733940638846,37.88495276618015],[128.16079508644884,37.89539842439758],[128.13333456989724,37.893822230658344],[128.10743281839837,37.89991859017528],[128.09789229804716,37.89666491379337],[128.07999614054407,37.903171391777256],[128.03971468071683,37.92733908115776],[128.0331733153963,37.94017292170301],[128.02504057927862,37.94532168297862],[128.0125110496142,37.93915107638899],[127.99343788136817,37.94267409533597],[127.9916158535694,37.92961939081593],[127.98321455668555,37.923259773804695],[127.98390957361788,37.91391711957551],[127.97254715397857,37.901942461042864],[127.97317103691007,37.8829327838071],[127.95555570171075,37.87102370773274],[127.94414081675231,37.8502179636883],[127.94493208337063,37.838497356724545],[127.93145257733802,37.82658827756733],[127.90798723539145,37.85535784713112],[127.89184560507076,37.86266045647497],[127.88033875072195,37.860186131640845],[127.87150032044339,37.83728625373122],[127.8484629015005,37.835448277967885],[127.82131789825908,37.84547338050413],[127.81388361362637,37.83373666480617],[127.82531132077942,37.823559465931226],[127.82487086463591,37.79822908125048],[127.84321749876513,37.7896244907074],[127.8572294505504,37.76787956468872],[127.84618874104976,37.751448695878615],[127.83088620177548,37.739820691386804],[127.81627524389746,37.7484303690909],[127.80328882431266,37.74387294816716],[127.79964195115762,37.73493391830063],[127.78184346757459,37.74186444690647],[127.75360756364788,37.731486496794545],[127.74723972294962,37.74148123135084],[127.72089009869663,37.73302376848419],[127.69855522431084,37.71673369813325],[127.67738265715751,37.7177857213895],[127.68429900320116,37.70193437091441],[127.67820962740205,37.695152327622395],[127.65916602201028,37.699968385872964],[127.64153850077612,37.69373348047896],[127.63195419012607,37.69792657675202],[127.6231783942482,37.691249267905356],[127.62276102261143,37.68103376648125],[127.60722019984702,37.67926882192086],[127.61021891964397,37.698780255494896],[127.59387630793488,37.70494350093598],[127.59591685896946,37.713886921876146],[127.58915498409768,37.7255235188909],[127.57208459030461,37.73316964768543],[127.55986059362328,37.7285128191098]]]},"properties":{"code":"51720","name":"홍천군","sido":"강원특별자치도","code2018":"32310"}},{"type":"Feature","geometry":{"type":"Polygon","coordinates":[[[128.1141396857209,37.302029017746314],[128.11916579905198,37.32333817972499],[128.13157741415492,37.329262750080005],[128.14599086062418,37.322420577810654],[128.15363068162162,37.32745785272475],[128.16767253035266,37.32158429566432],[128.1677884300797,37.336746069398274],[128.18631550349366,37.341326460985094],[128.17860865135125,37.37182713163558],[128.17983347959103,37.38794167317015],[128.22122019388488,37.394085448982885],[128.23637309405512,37.38812210137948],[128.25484180759543,37.39347119204836],[128.26563673266682,37.40799083238937],[128.25442250796056,37.42894614619364],[128.25790220595695,37.43670830256672],[128.24761299745145,37.445791365015964],[128.24560314433836,37.47729834924359],[128.2642639021138,37.484925843386804],[128.2789249361942,37.50282427071586],[128.29420774391846,37.511769330707956],[128.30151329788077,37.52502609026692],[128.30212312312943,37.537954352583945],[128.29466522248447,37.5454781002525],[128.29829337656972,37.55497571059054],[128.29473318228543,37.56901259746207],[128.28459165991683,37.57837046980829],[128.27945803186267,37.59571486117289],[128.27617876894539,37.61970679953168],[128.2547745250973,37.629461435040746],[128.2470429725449,37.625070709632915],[128.22594883604899,37.627297641640865],[128.21980709062746,37.641073572430734],[128.20432001715338,37.650603210859394],[128.1904608530763,37.6464247432077],[128.1650275920505,37.66078127442075],[128.15221339153402,37.659858839653566],[128.1458488526859,37.673066440456836],[128.1366269699731,37.68111131507933],[128.1178023172865,37.67740634083428],[128.10151610509686,37.65058815326247],[128.07856479398146,37.65171343015583],[128.0674137176662,37.63613570397066],[128.0353720804321,37.624400777806834],[128.02125092920295,37.61437077072863],[128.01188969627935,37.62657491334184],[127.99871659285736,37.626251926592744],[127.97048825642395,37.636745703146815],[127.95051849881924,37.61079080124976],[127.93307827029348,37.60994009723392],[127.92678840311646,37.60446306985875],[127.90659928011397,37.598043150863354],[127.89444058961068,37.59859640336111],[127.89339121195937,37.585021227464246],[127.88360928890063,37.57066096540357],[127.8716167046518,37.56212321547059],[127.84944404910682,37.55317710418489],[127.84239865804936,37.5390232152675],[127.80638497550575,37.535010032688085],[127.80507340397459,37.53024459260954],[127.77394366986321,37.50609486975266],[127.75936248977963,37.503656793329405],[127.76033484886128,37.492341617188025],[127.78059799790965,37.48817565523022],[127.78784229141948,37.47605294144048],[127.80063167381154,37.47014138546035],[127.79634616728974,37.46360932602025],[127.80179958513581,37.43533319540742],[127.82121837493007,37.44430728481618],[127.84158206531755,37.430805750389325],[127.85125920868823,37.4076844250365],[127.84846476337958,37.4001173545017],[127.86652096957143,37.39945036465232],[127.87047046002432,37.418281101801284],[127.86335699487974,37.43581455725499],[127.87534967399685,37.46601620052064],[127.90237478658878,37.47201784170162],[127.90979093417106,37.48659619330827],[127.92850352356064,37.5068230186112],[127.93913864065267,37.50026446113853],[127.93291900146038,37.49035038403075],[127.94482568981013,37.46321873863796],[127.95119076306803,37.454780675007065],[127.96431271052198,37.45033648056199],[127.9767068285331,37.45865298797068],[128.0017208452477,37.45714186476083],[128.01531499035931,37.44666541202653],[128.0287931040909,37.45049660685488],[128.04185282804127,37.44552709183871],[128.0607328093424,37.44714850882703],[128.06380714372978,37.437651301101155],[128.0804783241934,37.42837718129143],[128.09740090942498,37.40650404227119],[128.0844930699799,37.403358908715745],[128.07206993934165,37.39351648547624],[128.07660317679705,37.37611512451427],[128.06951001460897,37.3667216951667],[128.05102439422342,37.36635498789332],[128.04093224873174,37.35391159762121],[128.04315664798585,37.345958670017794],[128.03735561804223,37.33471790177982],[128.04479018475652,37.321167157956204],[128.05710319624578,37.310898780109135],[128.1141396857209,37.302029017746314]]]},"properties":{"code":"51730","name":"횡성군","sido":"강원특별자치도","code2018":"32320"}},{"type":"Feature","geometry":{"type":"Polygon","coordinates":[[[128.20123498291508,37.24881519687057],[128.2195252993364,37.24052043358373],[128.2322214294532,37.22655102951004],[128.25029048918384,37.22948081375493],[128.25884367374329,37.215689497869946],[128.2690235837032,37.20805171300362],[128.2882655216508,37.215019267454466],[128.30855915912034,37.21691585562825],[128.31662080271602,37.22340689492203],[128.33050428505544,37.21653824234493],[128.3274418330197,37.19875351086023],[128.31407547813282,37.18993082483215],[128.29592435558374,37.183064751436646],[128.29818180770812,37.17229818906015],[128.27628573333595,37.172047211556226],[128.26472840436327,37.16054778211382],[128.27250048037104,37.14840269790332],[128.29826652272402,37.13417941826842],[128.31147808153892,37.14537572881674],[128.33061129136638,37.150340036324955],[128.3369834617735,37.157872607906285],[128.35033050114936,37.15793202002893],[128.37710358832652,37.15164263433362],[128.38437070368178,37.15818443043261],[128.4010075821503,37.14637550407265],[128.4035879407049,37.139623552159286],[128.39600142673004,37.12892152298685],[128.4179798807952,37.12020533695532],[128.4231344904795,37.103358887334544],[128.43793794337552,37.11112135328864],[128.46581391376094,37.109860950803615],[128.48055255034737,37.11162961635973],[128.48671522753136,37.120164012415145],[128.50081748160918,37.12009448993805],[128.51263951012353,37.11332322109179],[128.51477377259334,37.10332781683854],[128.53413337498083,37.098851164836105],[128.53797192832013,37.09004499902925],[128.55518460138194,37.0868330759142],[128.5621251807379,37.09036183746246],[128.59166314499646,37.07820899103596],[128.605940938885,37.07661727171556],[128.6227568584795,37.087132449617044],[128.62830311608957,37.07497994167575],[128.65222772050285,37.06545686450225],[128.68867294388707,37.05307122354835],[128.7007065614917,37.0409957158272],[128.7089378210124,37.03923019812747],[128.71860298521065,37.04395972094713],[128.73474257012793,37.0401401788586],[128.75189847212044,37.02847415456862],[128.7617179450584,37.035230895980675],[128.75201972687213,37.05753824746847],[128.76501273390153,37.06399449868631],[128.77752326084774,37.08304157497487],[128.7850618412732,37.0877200968684],[128.8028731852004,37.08535532962941],[128.80858959247206,37.077534548864755],[128.82697576609246,37.07810122371648],[128.8466291230152,37.05216098166359],[128.86643183491967,37.04833662527341],[128.87757227463638,37.05263624953276],[128.89727242646092,37.045754986873504],[128.89736772711348,37.05786704775429],[128.909729295424,37.066867004639555],[128.88866252681171,37.06229269579461],[128.8763031063668,37.07326104410202],[128.88873067225327,37.09182629623666],[128.8866889642447,37.10284332179268],[128.87442029625834,37.114223897283516],[128.88880989292713,37.12539645062215],[128.88664042280968,37.13653230059123],[128.89917202554474,37.14793724808775],[128.8912390416222,37.162052529867736],[128.8822308257115,37.16935534675895],[128.84544353223794,37.16654336492351],[128.83408480238,37.17580055569389],[128.82182936472412,37.17585470522997],[128.81548195178553,37.184857129506746],[128.79908280178762,37.194832245444246],[128.76811667440109,37.20331186642649],[128.75010130665498,37.21211773053213],[128.73156884757972,37.197324340551894],[128.71557267863216,37.19552745409505],[128.69448798996368,37.18456081144597],[128.6763977668042,37.1871067737308],[128.6430329124162,37.182738713488256],[128.6322884179927,37.19954134708657],[128.61757533664053,37.206306524643956],[128.62223166191052,37.21458863724608],[128.60986060153735,37.21860045740274],[128.59804230748608,37.215407246724965],[128.58247442335295,37.221484098281906],[128.57476745833787,37.22941481926773],[128.57622378635813,37.24620116447743],[128.56572866810404,37.25285973207696],[128.56794165000093,37.27063911951585],[128.57487048040022,37.26899233790032],[128.55751255641243,37.288135517130804],[128.53207643136454,37.289907443815586],[128.51617055671682,37.286671690096234],[128.50155126910403,37.289482239490475],[128.49822775767478,37.30218048363003],[128.46467648428512,37.306575020683674],[128.46327643695864,37.323444813641],[128.45286717867165,37.33465767354987],[128.4206758627607,37.34395522528226],[128.40946697675568,37.33676273503549],[128.40520145077048,37.323606643248795],[128.40599500358022,37.29408162074402],[128.39695608843175,37.297268834336805],[128.37970046778037,37.288916009926254],[128.371766350326,37.29156916710482],[128.35799479631402,37.308564726642246],[128.3321285306146,37.303703739473804],[128.32273977397293,37.3198000624933],[128.3216083938198,37.348233815977785],[128.3169099235908,37.354114845090656],[128.3237090882842,37.372866585015714],[128.30314110153498,37.38921258422445],[128.294224150244,37.40063145106733],[128.28109499239253,37.40682454877736],[128.26563673266682,37.40799083238937],[128.25484180759543,37.39347119204836],[128.23637309405512,37.38812210137948],[128.22122019388488,37.394085448982885],[128.17983347959103,37.38794167317015],[128.17860865135125,37.37182713163558],[128.18631550349366,37.341326460985094],[128.1677884300797,37.336746069398274],[128.16767253035266,37.32158429566432],[128.15363068162162,37.32745785272475],[128.14599086062418,37.322420577810654],[128.13157741415492,37.329262750080005],[128.11916579905198,37.32333817972499],[128.1141396857209,37.302029017746314],[128.11636546972224,37.28251949755976],[128.14780885454687,37.274575154214844],[128.17001032651362,37.277809691797266],[128.18421187488866,37.2848108259591],[128.17905085229927,37.291565371301914],[128.19780351216463,37.296200734399115],[128.214721771441,37.28720736498696],[128.2115226725889,37.261163466057724],[128.20123498291508,37.24881519687057]]]},"properties":{"code":"51750","name":"영월군","sido":"강원특별자치도","code2018":"32330"}},{"type":"Feature","geometry":{"type":"Polygon","coordinates":[[[128.58257037141675,37.82097825139127],[128.5708353914929,37.80794088148638],[128.5560594169699,37.808597413627965],[128.54400292585387,37.800157208239646],[128.5424068794949,37.7884253431917],[128.53310622394716,37.77976251917014],[128.53236968960778,37.77034196946158],[128.52115667346146,37.759141332324056],[128.52705774194,37.752202764516724],[128.52243490001828,37.729840123244855],[128.48638943022496,37.73423906959008],[128.4539521563192,37.72897199210466],[128.445106021041,37.71750998198468],[128.4438933061352,37.700582450291044],[128.43532537894998,37.692287256543246],[128.41589531007938,37.68803104817067],[128.3958850671908,37.691992492694936],[128.37506253536915,37.69182033430027],[128.35970257243835,37.6991050155055],[128.33851625675632,37.69561942202155],[128.3236819541344,37.68929984607375],[128.31453100547745,37.702557943951476],[128.305132511381,37.690898448932735],[128.27985954725133,37.67209400553039],[128.27203553587486,37.65576994882626],[128.27242505912352,37.642022828727235],[128.2547745250973,37.629461435040746],[128.27617876894539,37.61970679953168],[128.27945803186267,37.59571486117289],[128.28459165991683,37.57837046980829],[128.29473318228543,37.56901259746207],[128.29829337656972,37.55497571059054],[128.29466522248447,37.5454781002525],[128.30212312312943,37.537954352583945],[128.30151329788077,37.52502609026692],[128.29420774391846,37.511769330707956],[128.2789249361942,37.50282427071586],[128.2642639021138,37.484925843386804],[128.24560314433836,37.47729834924359],[128.24761299745145,37.445791365015964],[128.25790220595695,37.43670830256672],[128.25442250796056,37.42894614619364],[128.26563673266682,37.40799083238937],[128.28109499239253,37.40682454877736],[128.294224150244,37.40063145106733],[128.30314110153498,37.38921258422445],[128.3237090882842,37.372866585015714],[128.3169099235908,37.354114845090656],[128.3216083938198,37.348233815977785],[128.32273977397293,37.3198000624933],[128.3321285306146,37.303703739473804],[128.35799479631402,37.308564726642246],[128.371766350326,37.29156916710482],[128.37970046778037,37.288916009926254],[128.39695608843175,37.297268834336805],[128.40599500358022,37.29408162074402],[128.40520145077048,37.323606643248795],[128.40946697675568,37.33676273503549],[128.4206758627607,37.34395522528226],[128.45286717867165,37.33465767354987],[128.46327643695864,37.323444813641],[128.46467648428512,37.306575020683674],[128.49822775767478,37.30218048363003],[128.50155126910403,37.289482239490475],[128.51617055671682,37.286671690096234],[128.53207643136454,37.289907443815586],[128.55751255641243,37.288135517130804],[128.57487048040022,37.26899233790032],[128.59578049371095,37.28310187356435],[128.5796584478585,37.298661458268604],[128.5845947517882,37.31051297995568],[128.57003430155922,37.32625991864519],[128.56617327289422,37.345203466072924],[128.5566708954659,37.35271367220714],[128.55336096759356,37.36945858291646],[128.54563339406403,37.37944361994803],[128.5389488913501,37.39960225188024],[128.51265171038946,37.405474610024086],[128.5068741806178,37.41903455680525],[128.519028164223,37.43444373372001],[128.51321946654596,37.45468848995966],[128.52430178129552,37.46355316924112],[128.55329959632667,37.45686777761339],[128.56324687759874,37.46129637150894],[128.55638440849307,37.488648844279425],[128.56306681570024,37.49903120275702],[128.57680027968968,37.49649298600905],[128.58266886550302,37.53323981752501],[128.5897933122636,37.54120846811675],[128.58978019254997,37.560520302151154],[128.61514351872447,37.575275354404226],[128.62536966804302,37.57340076739957],[128.6270059413406,37.55551747160326],[128.63517838518598,37.53944992570386],[128.64494808311568,37.55326654594274],[128.67400031351036,37.5559278290763],[128.68560664815962,37.593811864598536],[128.71196152320144,37.58863741995632],[128.71756590278082,37.60369574961473],[128.73660055528063,37.61013133329714],[128.7358723307157,37.62859744062909],[128.72852982609976,37.636160876617616],[128.7333777057433,37.65397017019801],[128.7471172182494,37.666120534766584],[128.76460286328538,37.671808522089606],[128.753795099609,37.707741657017614],[128.747048965747,37.71379989539385],[128.74233535992198,37.741343314199625],[128.72340215781307,37.75009383416686],[128.707617331547,37.76887937163978],[128.67698607087402,37.77327152215645],[128.671359282857,37.767218417858814],[128.6561109329095,37.771164764636],[128.6366790452143,37.7824651447066],[128.62977795310297,37.772747358224244],[128.61386478653156,37.77042964842577],[128.60180255934597,37.77988121573384],[128.6010497844319,37.800678797767084],[128.58257037141675,37.82097825139127]]]},"properties":{"code":"51760","name":"평창군","sido":"강원특별자치도","code2018":"32340"}},{"type":"Feature","geometry":{"type":"Polygon","coordinates":[[[128.67400031351036,37.5559278290763],[128.64494808311568,37.55326654594274],[128.63517838518598,37.53944992570386],[128.6270059413406,37.55551747160326],[128.62536966804302,37.57340076739957],[128.61514351872447,37.575275354404226],[128.58978019254997,37.560520302151154],[128.5897933122636,37.54120846811675],[128.58266886550302,37.53323981752501],[128.57680027968968,37.49649298600905],[128.56306681570024,37.49903120275702],[128.55638440849307,37.488648844279425],[128.56324687759874,37.46129637150894],[128.55329959632667,37.45686777761339],[128.52430178129552,37.46355316924112],[128.51321946654596,37.45468848995966],[128.519028164223,37.43444373372001],[128.5068741806178,37.41903455680525],[128.51265171038946,37.405474610024086],[128.5389488913501,37.39960225188024],[128.54563339406403,37.37944361994803],[128.55336096759356,37.36945858291646],[128.5566708954659,37.35271367220714],[128.56617327289422,37.345203466072924],[128.57003430155922,37.32625991864519],[128.5845947517882,37.31051297995568],[128.5796584478585,37.298661458268604],[128.59578049371095,37.28310187356435],[128.57487048040022,37.26899233790032],[128.56794165000093,37.27063911951585],[128.56572866810404,37.25285973207696],[128.57622378635813,37.24620116447743],[128.57476745833787,37.22941481926773],[128.58247442335295,37.221484098281906],[128.59804230748608,37.215407246724965],[128.60986060153735,37.21860045740274],[128.62223166191052,37.21458863724608],[128.61757533664053,37.206306524643956],[128.6322884179927,37.19954134708657],[128.6430329124162,37.182738713488256],[128.6763977668042,37.1871067737308],[128.69448798996368,37.18456081144597],[128.71557267863216,37.19552745409505],[128.73156884757972,37.197324340551894],[128.75010130665498,37.21211773053213],[128.76811667440109,37.20331186642649],[128.79908280178762,37.194832245444246],[128.81548195178553,37.184857129506746],[128.82182936472412,37.17585470522997],[128.83408480238,37.17580055569389],[128.84544353223794,37.16654336492351],[128.8822308257115,37.16935534675895],[128.8912390416222,37.162052529867736],[128.89917202554474,37.14793724808775],[128.91203108356942,37.14935215421365],[128.91761327779113,37.16110138851597],[128.9127549391542,37.17674882575666],[128.91143877917418,37.19723611957624],[128.9158623444908,37.21144347537863],[128.9081741100604,37.216365107502696],[128.89836352172927,37.23612830894115],[128.89475019997863,37.25337337548124],[128.87994552917263,37.264933729774796],[128.87989171731695,37.280067306039406],[128.8616791537872,37.29638430510897],[128.85860123700616,37.304321805168506],[128.87417022372915,37.3242199868825],[128.86698552538766,37.33814202285531],[128.84582136150203,37.33961877777525],[128.85792749438414,37.380912794738116],[128.86883036409915,37.3983551671609],[128.89492048343806,37.40882448578244],[128.89779728829225,37.42995787957416],[128.9274938043702,37.44870652364968],[128.93762112047116,37.45080312238506],[128.9576199957539,37.44676402694436],[128.97765305083732,37.469065450169566],[128.98782364521583,37.475059123714516],[128.98662904255693,37.49295790752043],[128.9699140769578,37.49502625093564],[128.9747667704302,37.503580599526735],[128.9622464501046,37.513628919468864],[128.97313755512909,37.53397001369082],[128.95908751976526,37.54594707756948],[128.94055417870055,37.53708888458715],[128.92434905119075,37.54692719890011],[128.90566185477977,37.552511782001346],[128.9053644018906,37.56727394356284],[128.8964471188432,37.586740095904446],[128.88275593943618,37.59205292243385],[128.87402879044566,37.58960586323054],[128.85864359433694,37.56040721711885],[128.86042686439384,37.543783844628734],[128.8479389422793,37.51499829765077],[128.833386666302,37.513063916768836],[128.81648853565324,37.50432343587144],[128.79732898777178,37.51864304987756],[128.80214875796435,37.53167957379887],[128.78089292270005,37.5433659712444],[128.75853115893727,37.54186276186603],[128.74554264170862,37.54661753462527],[128.7251014639981,37.537396623969435],[128.70458368042017,37.53539141800742],[128.67400031351036,37.5559278290763]]]},"properties":{"code":"51770","name":"정선군","sido":"강원특별자치도","code2018":"32350"}},{"type":"Feature","geometry":{"type":"Polygon","coordinates":[[[127.17937718266585,38.18465332788373],[127.19024747407065,38.160421509749916],[127.2232670267822,38.14685891066471],[127.23962070025576,38.15454358542318],[127.26351785637148,38.17146468754579],[127.26651250468001,38.18063596132898],[127.28282663771587,38.18290914031535],[127.28933234404917,38.17689840006826],[127.28723617949436,38.15232810796395],[127.27577328510935,38.13722262503154],[127.28320437386895,38.1164800682054],[127.31129173574625,38.115973997083216],[127.32119209688913,38.09522494022175],[127.370614449889,38.10984034262852],[127.37826911673258,38.117756144440364],[127.4033990132338,38.112894580084294],[127.41518843056475,38.10366959399841],[127.43056731236592,38.115281264381494],[127.43967610155796,38.12412381003921],[127.48234014678721,38.125148588366464],[127.49528821748763,38.13274710077649],[127.50270278411513,38.148318328877615],[127.49056372143565,38.15941489951491],[127.50428422471059,38.174682587507796],[127.50326048245056,38.1841852114177],[127.51246586184405,38.19942258861838],[127.5243687372054,38.200089243167845],[127.53641850907174,38.21089580498656],[127.54171318934357,38.22919800231635],[127.55792877044979,38.23245836163113],[127.56767395966419,38.23942854741321],[127.57889896377719,38.257787228585535],[127.5904404759076,38.259999844360706],[127.59709042617209,38.26995414470302],[127.5964159088406,38.28357908636799],[127.58340888763826,38.2926902309641],[127.61015385132075,38.34047431016935],[127.58808556342372,38.34010595488557],[127.5416508485394,38.32523957571901],[127.53040999031495,38.31586777196196],[127.50847482254142,38.30377590823776],[127.48677546967485,38.3036874877716],[127.47535668539749,38.318084976416934],[127.46545781730764,38.320439753741034],[127.44910877559956,38.317224132028265],[127.42454382515973,38.33433263193051],[127.38794035339943,38.33999925768193],[127.3480830441946,38.32898008671102],[127.33831898739481,38.33202644682712],[127.32313962323049,38.32109647079182],[127.31063453990001,38.31689600115117],[127.29401655608655,38.327388705275915],[127.25902579923529,38.33176786931774],[127.24358622383109,38.33871941280145],[127.19679732087721,38.318879416601234],[127.18205348837516,38.317164339454656],[127.16781961803694,38.32314915117934],[127.1592899917541,38.3343046965351],[127.14327913342187,38.329145130033176],[127.13735319702526,38.309774398936625],[127.10928347342096,38.29203792732757],[127.11398702610802,38.265273921744175],[127.1104570811923,38.25168761083261],[127.11300460083339,38.23758900900872],[127.13053837374306,38.23255916673148],[127.14696814872318,38.239722275999355],[127.16249235500516,38.232217925242395],[127.15947056621974,38.219414149448234],[127.16956026722144,38.21384980246252],[127.16650186496979,38.197819866591416],[127.17937718266585,38.18465332788373]]]},"properties":{"code":"51780","name":"철원군","sido":"강원특별자치도","code2018":"32360"}},{"type":"Feature","geometry":{"type":"Polygon","coordinates":[[[127.90360691887965,38.05089760007235],[127.91432090953431,38.05909432251433],[127.90449793190584,38.07271137959928],[127.90738641094927,38.080465472983825],[127.90030909966688,38.09303061051328],[127.88548438104779,38.10180249989955],[127.88656597933583,38.116831810245706],[127.87517212954,38.12565480982984],[127.87502350972666,38.15934356682796],[127.88122178073877,38.166416887855924],[127.87594390869027,38.191764090661394],[127.86862004508615,38.20472423677248],[127.85288181998858,38.20823229712554],[127.8520888959397,38.226288414201626],[127.85834697770707,38.23454606050745],[127.85488817434165,38.25238220543075],[127.82419133255175,38.32694384138677],[127.80227126382236,38.32527233371551],[127.79374844048618,38.33127582632857],[127.77754244178908,38.3537612755625],[127.75794234960667,38.34576369489415],[127.74673399203137,38.348168643733395],[127.73007681810564,38.33773334557975],[127.71674480877503,38.342824151910264],[127.6999355608067,38.34337588555975],[127.6901960972791,38.333154733613256],[127.67515056443,38.330044080794245],[127.63836277236952,38.32912351577779],[127.6174537897225,38.33278456526949],[127.61015385132075,38.34047431016935],[127.58340888763826,38.2926902309641],[127.5964159088406,38.28357908636799],[127.59709042617209,38.26995414470302],[127.5904404759076,38.259999844360706],[127.57889896377719,38.257787228585535],[127.56767395966419,38.23942854741321],[127.55792877044979,38.23245836163113],[127.54171318934357,38.22919800231635],[127.53641850907174,38.21089580498656],[127.5243687372054,38.200089243167845],[127.51246586184405,38.19942258861838],[127.50326048245056,38.1841852114177],[127.50428422471059,38.174682587507796],[127.49056372143565,38.15941489951491],[127.50270278411513,38.148318328877615],[127.49528821748763,38.13274710077649],[127.48234014678721,38.125148588366464],[127.43967610155796,38.12412381003921],[127.43056731236592,38.115281264381494],[127.4410047744206,38.10817136032753],[127.44693535174169,38.07951681271226],[127.44565558352299,38.05098204376955],[127.45798948551693,38.016233286625365],[127.47215844450999,38.006064222511974],[127.4972731579744,38.00361226374572],[127.50141198893405,37.99955782583657],[127.53974106686961,38.00118093678474],[127.54438092700363,38.01955476689031],[127.56349764232544,38.02197539169352],[127.56535078528205,38.029736813825906],[127.57861504700911,38.039819502913275],[127.5741069272724,38.06423147108306],[127.56540253342736,38.06831502273906],[127.56766612078995,38.08432212010379],[127.59768672974475,38.080413837114385],[127.62622066745186,38.050718051308905],[127.6532557687076,38.05090835833971],[127.65026385877472,38.03792630191211],[127.652435723241,38.02431951213849],[127.67715588908658,38.036251055633656],[127.700068859036,38.03815914809097],[127.71320366077443,38.024285815191234],[127.72431623484363,38.02489012540287],[127.73374832424872,38.03630498562961],[127.74697501211712,38.03781539093201],[127.76975241498918,38.02720900084917],[127.79395439378428,37.99319909074264],[127.8045840046675,38.001054071688635],[127.82706605218915,38.000710647004354],[127.83730206418264,38.0128418479695],[127.85760589041242,38.01831099131324],[127.84915936500742,38.03612035884876],[127.85299814548794,38.05126127909837],[127.88023809349946,38.04717703488253],[127.90360691887965,38.05089760007235]]]},"properties":{"code":"51790","name":"화천군","sido":"강원특별자치도","code2018":"32370"}},{"type":"Feature","geometry":{"type":"Polygon","coordinates":[[[128.02916535572967,38.01458021785561],[128.0448965588109,38.01987093081699],[128.0618176141992,38.019096880093976],[128.05644245929295,38.031130704944246],[128.06781594180333,38.04725174786619],[128.09563008289447,38.02812439915268],[128.11374892070134,38.03687237175851],[128.11797169900132,38.04786678547461],[128.1132207049505,38.070227973195564],[128.09899604666023,38.07901413929033],[128.08923761141497,38.092207786021184],[128.10092098705098,38.102208059323196],[128.10346558452207,38.114386084589626],[128.0880779781481,38.138024179883985],[128.08638979194103,38.151865236402024],[128.09713417011343,38.16314711079262],[128.09620716403546,38.17319928268421],[128.10511636916175,38.185256999133365],[128.09810700124333,38.19312727030153],[128.1188038655406,38.21146021558867],[128.11342149696813,38.21949426310446],[128.12137249231813,38.238100004016275],[128.1505598882915,38.25553635602633],[128.16001102179263,38.27437348507587],[128.15851027547998,38.289532656816235],[128.16533253168274,38.298327450310914],[128.1648538922298,38.31434529417328],[128.15652659331798,38.32508252360865],[128.13905939339668,38.32329136497646],[128.1233507578976,38.326936723800685],[128.12322925399542,38.34072030602788],[128.08185367308428,38.32029179703642],[128.0634822189825,38.31351412173749],[127.97743413850404,38.32045038749896],[127.97265766758706,38.32840845439136],[127.95051188736973,38.32797715564583],[127.9254241336277,38.33720391128758],[127.8843841217516,38.34360075508558],[127.86892894153316,38.34249092566602],[127.85563479056172,38.33250802629143],[127.82419133255175,38.32694384138677],[127.85488817434165,38.25238220543075],[127.85834697770707,38.23454606050745],[127.8520888959397,38.226288414201626],[127.85288181998858,38.20823229712554],[127.86862004508615,38.20472423677248],[127.87594390869027,38.191764090661394],[127.88122178073877,38.166416887855924],[127.87502350972666,38.15934356682796],[127.87517212954,38.12565480982984],[127.88656597933583,38.116831810245706],[127.88548438104779,38.10180249989955],[127.90030909966688,38.09303061051328],[127.90738641094927,38.080465472983825],[127.90449793190584,38.07271137959928],[127.91432090953431,38.05909432251433],[127.90360691887965,38.05089760007235],[127.90232002436187,38.03818506770498],[127.90773960556942,38.02542280557671],[127.9362860172485,38.01433247017213],[127.94778116838584,38.02232673137113],[127.94642492105903,38.029976411746325],[127.95471343360748,38.03972158528564],[127.96621705997697,38.03250042121667],[127.98578793237758,38.02744814440803],[127.98394373751778,38.01340061930456],[127.99602099432319,38.00131362576835],[128.00788969762453,38.015627185381256],[128.02393329432127,38.01890861448475],[128.02916535572967,38.01458021785561]]]},"properties":{"code":"51800","name":"양구군","sido":"강원특별자치도","code2018":"32380"}},{"type":"Feature","geometry":{"type":"Polygon","coordinates":[[[127.99343788136817,37.94267409533597],[128.0125110496142,37.93915107638899],[128.02504057927862,37.94532168297862],[128.0331733153963,37.94017292170301],[128.03971468071683,37.92733908115776],[128.07999614054407,37.903171391777256],[128.09789229804716,37.89666491379337],[128.10743281839837,37.89991859017528],[128.13333456989724,37.893822230658344],[128.16079508644884,37.89539842439758],[128.1733940638846,37.88495276618015],[128.1680593082339,37.865890782725444],[128.16973998197187,37.85138401751656],[128.1821824076716,37.84326180273443],[128.1811087020856,37.834634264448326],[128.19209547413607,37.822645663065735],[128.20888185372033,37.81233922989973],[128.2376841120059,37.82401965288384],[128.25410642221897,37.836343482542226],[128.26135262591242,37.85630208938306],[128.2755825103658,37.86468236456783],[128.293720045416,37.86990886412547],[128.30524829013288,37.85774586460552],[128.30742698620995,37.843418676522354],[128.31945816324193,37.83110763766647],[128.3284616824995,37.833944318484704],[128.34186982800014,37.825828252467325],[128.36444964047843,37.83322947870692],[128.36626793626928,37.8471899051615],[128.38208587464368,37.85861340431485],[128.40096775225433,37.861881022858064],[128.41017736275603,37.87259700182605],[128.41341823124066,37.88461748128448],[128.4357393154387,37.864119085934895],[128.4584761275219,37.87953000478588],[128.47550310629313,37.885501844539796],[128.48172080074553,37.893111775154246],[128.47357266413198,37.90006609282564],[128.4744636749522,37.92599101209554],[128.46340598512495,37.93553374693667],[128.46634202613808,37.9494004708634],[128.47743140318957,37.96278070734297],[128.49507022436237,37.964069793377426],[128.50224223204066,37.99676920961686],[128.51216395243176,38.0049744141807],[128.49831848565208,38.02941741009934],[128.5001029757331,38.03833766351301],[128.49298852124483,38.0490935160378],[128.47679686789104,38.04827923317509],[128.4408471072258,38.05792546780173],[128.42534773715306,38.049270146520726],[128.40973940197244,38.07478391883903],[128.4094434016418,38.08897955515737],[128.40424395082832,38.095815382705275],[128.41231015737498,38.11185693806814],[128.42756132029075,38.109526733644394],[128.46537748651357,38.11948821008658],[128.46503370810416,38.13786468712032],[128.45577126478906,38.14142673116031],[128.4378959760218,38.1565960140284],[128.43853231291013,38.16279744649688],[128.4198210581941,38.177562090497894],[128.426933572864,38.19001096679463],[128.44187075477274,38.20233393187418],[128.43741904294933,38.21522807046379],[128.44144033301285,38.221331275775825],[128.43934374697434,38.23904858141441],[128.41760545787577,38.254360005297606],[128.39686599750553,38.239744007485825],[128.38778777702382,38.24836990225371],[128.37332349876297,38.243408669569895],[128.3676757689942,38.235498014637],[128.35864277587137,38.26363025751471],[128.33702658483068,38.26331281892728],[128.31904609993452,38.266106775932194],[128.32051737924579,38.300152984407255],[128.30912857901416,38.32286602690088],[128.31074036104712,38.32762216031123],[128.29019775499935,38.33454281232841],[128.2652218784844,38.32442015578619],[128.2586806493321,38.32720953427643],[128.25737933861436,38.34271382773574],[128.26278514294233,38.35279041103462],[128.26087554420198,38.36335752279811],[128.2439750084646,38.3603244702176],[128.2240071196132,38.36770280055624],[128.21992360218863,38.37777391054238],[128.2039516077689,38.3776663404672],[128.15066610912592,38.35135593478066],[128.12322925399542,38.34072030602788],[128.1233507578976,38.326936723800685],[128.13905939339668,38.32329136497646],[128.15652659331798,38.32508252360865],[128.1648538922298,38.31434529417328],[128.16533253168274,38.298327450310914],[128.15851027547998,38.289532656816235],[128.16001102179263,38.27437348507587],[128.1505598882915,38.25553635602633],[128.12137249231813,38.238100004016275],[128.11342149696813,38.21949426310446],[128.1188038655406,38.21146021558867],[128.09810700124333,38.19312727030153],[128.10511636916175,38.185256999133365],[128.09620716403546,38.17319928268421],[128.09713417011343,38.16314711079262],[128.08638979194103,38.151865236402024],[128.0880779781481,38.138024179883985],[128.10346558452207,38.114386084589626],[128.10092098705098,38.102208059323196],[128.08923761141497,38.092207786021184],[128.09899604666023,38.07901413929033],[128.1132207049505,38.070227973195564],[128.11797169900132,38.04786678547461],[128.11374892070134,38.03687237175851],[128.09563008289447,38.02812439915268],[128.06781594180333,38.04725174786619],[128.05644245929295,38.031130704944246],[128.0618176141992,38.019096880093976],[128.0448965588109,38.01987093081699],[128.02916535572967,38.01458021785561],[128.01221399399952,37.99581525400684],[127.99778556784979,37.98985969371389],[127.98315765236285,37.99055937101096],[127.98485213697879,37.96665113947507],[127.98001406412381,37.95357654203576],[127.99343788136817,37.94267409533597]]]},"properties":{"code":"51810","name":"인제군","sido":"강원특별자치도","code2018":"32390"}},{"type":"Feature","geometry":{"type":"Polygon","coordinates":[[[128.58486081979046,38.231131112586105],[128.5899194148165,38.24227471454289],[128.58345350220748,38.255222752398694],[128.5688118175425,38.2688599200774],[128.55106139642928,38.31421205225177],[128.53969263805936,38.32470036100585],[128.5377180429746,38.337599260198864],[128.5263448189687,38.338391372042516],[128.5160689681487,38.35755245106663],[128.51580126413398,38.371675957465264],[128.49803218707785,38.384736891484195],[128.47186971035353,38.41044084459235],[128.4546723841928,38.43986175060615],[128.46194215541706,38.45494047109109],[128.4390763609679,38.483202145334054],[128.42324920277738,38.50608365649372],[128.423301838673,38.522525919718504],[128.40615161167696,38.54156820470865],[128.4077615205765,38.554150734175295],[128.37185322424025,38.59264336279964],[128.3599677080346,38.60935614781241],[128.35104852157048,38.61369297853044],[128.32126075732796,38.60958293946924],[128.3108732401295,38.59200838647009],[128.3152837674308,38.564467177603404],[128.31107505302094,38.546867991768046],[128.30968597926451,38.525273662320934],[128.31327305479218,38.515054629215854],[128.30545298391672,38.506746609708685],[128.30143607666056,38.472047657537104],[128.2822230136982,38.43526342703741],[128.2490106801817,38.412642144456775],[128.2430558203424,38.402526211869315],[128.21560922706269,38.38225715265505],[128.2039516077689,38.3776663404672],[128.21992360218863,38.37777391054238],[128.2240071196132,38.36770280055624],[128.2439750084646,38.3603244702176],[128.26087554420198,38.36335752279811],[128.26278514294233,38.35279041103462],[128.25737933861436,38.34271382773574],[128.2586806493321,38.32720953427643],[128.2652218784844,38.32442015578619],[128.29019775499935,38.33454281232841],[128.31074036104712,38.32762216031123],[128.30912857901416,38.32286602690088],[128.32051737924579,38.300152984407255],[128.31904609993452,38.266106775932194],[128.33702658483068,38.26331281892728],[128.35864277587137,38.26363025751471],[128.3676757689942,38.235498014637],[128.37332349876297,38.243408669569895],[128.38778777702382,38.24836990225371],[128.39686599750553,38.239744007485825],[128.41760545787577,38.254360005297606],[128.43934374697434,38.23904858141441],[128.44144033301285,38.221331275775825],[128.43741904294933,38.21522807046379],[128.44187075477274,38.20233393187418],[128.4677187641521,38.19781170713257],[128.4865305578343,38.18922208499742],[128.50076382018963,38.203166507256796],[128.5226989873396,38.20792294438773],[128.5332383210023,38.2159606216046],[128.57245068068576,38.22131378649747],[128.58486081979046,38.231131112586105]]]},"properties":{"code":"51820","name":"고성군","sido":"강원특별자치도","code2018":"32400"}},{"type":"Feature","geometry":{"type":"Polygon","coordinates":[[[128.81003080555067,37.9183375971793],[128.7904486095762,37.93457176774625],[128.79053269530488,37.945136973120164],[128.77313224121664,37.95500772671328],[128.76025676344543,37.97668375740025],[128.73419519153992,38.00756987186197],[128.73325531343318,38.02427449537826],[128.72637903069477,38.024038532803786],[128.70255580236383,38.04114592692758],[128.67645423417693,38.0681310966281],[128.6664435567029,38.09248597882955],[128.66245354810476,38.09245731149085],[128.63590647713963,38.11640393559278],[128.63402707252888,38.12411597601839],[128.6186988159518,38.13744260024286],[128.60959985751538,38.15112255069337],[128.60908205208852,38.1610518421734],[128.57076694083273,38.161001908100744],[128.55941281085697,38.149152989554445],[128.53455590384667,38.148340986281866],[128.52976203779326,38.13687482071297],[128.50144495208772,38.13554363996782],[128.49182381811136,38.13805257467842],[128.47194938380386,38.120969503816326],[128.46537748651357,38.11948821008658],[128.42756132029075,38.109526733644394],[128.41231015737498,38.11185693806814],[128.40424395082832,38.095815382705275],[128.4094434016418,38.08897955515737],[128.40973940197244,38.07478391883903],[128.42534773715306,38.049270146520726],[128.4408471072258,38.05792546780173],[128.47679686789104,38.04827923317509],[128.49298852124483,38.0490935160378],[128.5001029757331,38.03833766351301],[128.49831848565208,38.02941741009934],[128.51216395243176,38.0049744141807],[128.50224223204066,37.99676920961686],[128.49507022436237,37.964069793377426],[128.47743140318957,37.96278070734297],[128.46634202613808,37.9494004708634],[128.46340598512495,37.93553374693667],[128.4744636749522,37.92599101209554],[128.47357266413198,37.90006609282564],[128.48172080074553,37.893111775154246],[128.51135163938963,37.88050448825143],[128.52615117606754,37.88294916763795],[128.53950435122042,37.891155174828356],[128.56689912041114,37.87567326105115],[128.57376150703286,37.86457269836019],[128.58785083959236,37.861883063260194],[128.60091093440337,37.870732166069025],[128.61947575468201,37.87187012612759],[128.6247381698383,37.88202137587906],[128.64346977948898,37.89502763808666],[128.66686220219526,37.88578240183472],[128.71812208130314,37.9037059230306],[128.73337670657978,37.90033604541247],[128.7469946809275,37.909613303679166],[128.775935764633,37.91015857603082],[128.78238716460385,37.91499533303417],[128.8027444917912,37.912882521848935],[128.81003080555067,37.9183375971793]]]},"properties":{"code":"51830","name":"양양군","sido":"강원특별자치도","code2018":"32410"}},{"type":"Feature","geometry":{"type":"Polygon","coordinates":[[[127.0188076940644,37.351563117375406],[127.00902511138911,37.33875767439271],[127.00046651030817,37.33849368449755],[126.98093781840896,37.32659362012859],[126.96692202659356,37.323238361971136],[126.96634986009674,37.308205988996754],[126.9610752166736,37.30196871214629],[126.96957726973373,37.28661526893942],[126.97876685881427,37.28657264923453],[127.00064414960288,37.28977898861169],[127.00920787956647,37.285520867887655],[127.03393198638591,37.293201483507204],[127.03423248277915,37.31376785004161],[127.03991793157468,37.32133695197896],[127.03153495011198,37.33700386494246],[127.03344092364888,37.34470695410112],[127.0188076940644,37.351563117375406]]]},"properties":{"code":"41111","name":"수원시장안구","sido":"경기도","code2018":"31011"}},{"type":"Feature","geometry":{"type":"Polygon","coordinates":[[[126.9610752166736,37.30196871214629],[126.9329532092641,37.30304784371433],[126.92737455910199,37.27879734631711],[126.92900819260379,37.26365626709575],[126.93577695359531,37.25677165741207],[126.95004611715697,37.255843884866394],[126.95776467963022,37.23976480644073],[126.9703933011367,37.229196744879594],[126.98811538016567,37.233594619232015],[127.02137129523447,37.22423632268805],[127.03968326246633,37.24350305425567],[127.03667421739159,37.25652104110118],[127.02067671924755,37.26450118415248],[127.00004877907965,37.26413643760465],[126.99313963695145,37.27737439111898],[126.97876685881427,37.28657264923453],[126.96957726973373,37.28661526893942],[126.9610752166736,37.30196871214629]]]},"properties":{"code":"41113","name":"수원시권선구","sido":"경기도","code2018":"31012"}},{"type":"Feature","geometry":{"type":"Polygon","coordinates":[[[126.97876685881427,37.28657264923453],[126.99313963695145,37.27737439111898],[127.00004877907965,37.26413643760465],[127.02067671924755,37.26450118415248],[127.03667421739159,37.25652104110118],[127.04405384082548,37.274707160443825],[127.04322176615761,37.29037238198676],[127.03393198638591,37.293201483507204],[127.00920787956647,37.285520867887655],[127.00064414960288,37.28977898861169],[126.97876685881427,37.28657264923453]]]},"properties":{"code":"41115","name":"수원시팔달구","sido":"경기도","code2018":"31013"}},{"type":"Feature","geometry":{"type":"Polygon","coordinates":[[[127.03393198638591,37.293201483507204],[127.04322176615761,37.29037238198676],[127.04405384082548,37.274707160443825],[127.03667421739159,37.25652104110118],[127.03968326246633,37.24350305425567],[127.04594803705946,37.232787118152984],[127.056319798804,37.23286697604073],[127.06667990835032,37.24014808570359],[127.08003514715102,37.24754042543945],[127.08469846603053,37.25660909172632],[127.06465737194159,37.271105907789334],[127.0695382561455,37.278742792356375],[127.08894108126579,37.28713838000826],[127.08988322859707,37.29841355682057],[127.07787253869331,37.29357030292158],[127.0605887323512,37.2965833858392],[127.06061731958967,37.31094262670583],[127.03991793157468,37.32133695197896],[127.03423248277915,37.31376785004161],[127.03393198638591,37.293201483507204]]]},"properties":{"code":"41117","name":"수원시영통구","sido":"경기도","code2018":"31014"}},{"type":"Feature","geometry":{"type":"Polygon","coordinates":[[[127.1179614007708,37.41520951658397],[127.1183888109848,37.432325658276156],[127.13680676525102,37.43509470946883],[127.15688402419163,37.445049600086136],[127.16084827827204,37.454179438387804],[127.17595660831105,37.47219961484187],[127.1646152487135,37.469097701086106],[127.1434452606241,37.47410418499762],[127.13258889298031,37.474846847260416],[127.12229337185815,37.46521354246407],[127.0963176312864,37.46143202137049],[127.08231119316262,37.441199502984134],[127.07045631000307,37.43006340527568],[127.04746704771722,37.4308710922291],[127.04167534027411,37.415633660359624],[127.04369971656885,37.40420642770929],[127.06305171953751,37.39866060550486],[127.0840106493746,37.39696952369934],[127.09954932741834,37.40722559354942],[127.11574647067849,37.40900660287914],[127.1179614007708,37.41520951658397]]]},"properties":{"code":"41131","name":"성남시수정구","sido":"경기도","code2018":"31021"}},{"type":"Feature","geometry":{"type":"Polygon","coordinates":[[[127.1179614007708,37.41520951658397],[127.13521864897598,37.41688658707303],[127.14655154224674,37.41098320232183],[127.17425924843835,37.40542693949517],[127.1802577417367,37.415902623459246],[127.19382629736137,37.42408362485918],[127.19596143208892,37.44387878897706],[127.19236868963566,37.455335155509765],[127.18160443928619,37.460469014384735],[127.18105370146309,37.47328954685609],[127.17595660831105,37.47219961484187],[127.16084827827204,37.454179438387804],[127.15688402419163,37.445049600086136],[127.13680676525102,37.43509470946883],[127.1183888109848,37.432325658276156],[127.1179614007708,37.41520951658397]]]},"properties":{"code":"41133","name":"성남시중원구","sido":"경기도","code2018":"31022"}},{"type":"Feature","geometry":{"type":"Polygon","coordinates":[[[127.04369971656885,37.40420642770929],[127.02794237427015,37.37214238803066],[127.04634221491357,37.368234790992496],[127.05294665767083,37.36112664216762],[127.0708847126684,37.35767543879921],[127.1039652961785,37.338612746168174],[127.11688110214757,37.333414840402156],[127.13634402208058,37.339640622780955],[127.1339446102722,37.358477799991036],[127.15019197074653,37.361353927152194],[127.17681186712497,37.38724749390438],[127.1683919367876,37.39249499857584],[127.17425924843835,37.40542693949517],[127.14655154224674,37.41098320232183],[127.13521864897598,37.41688658707303],[127.1179614007708,37.41520951658397],[127.11574647067849,37.40900660287914],[127.09954932741834,37.40722559354942],[127.0840106493746,37.39696952369934],[127.06305171953751,37.39866060550486],[127.04369971656885,37.40420642770929]]]},"properties":{"code":"41135","name":"성남시분당구","sido":"경기도","code2018":"31023"}},{"type":"Feature","geometry":{"type":"Polygon","coordinates":[[[127.01584584752527,37.70102523886384],[127.02807217816179,37.70055640198995],[127.03114435070763,37.69293904860681],[127.04911961679898,37.69352177983605],[127.05077658612298,37.687021624314454],[127.08176430131853,37.69637761093475],[127.12300668791717,37.72213697843665],[127.12371484262724,37.738612198745656],[127.12848454433028,37.747825256814394],[127.13825675773802,37.747311479466944],[127.14670654041863,37.75483612452199],[127.12806637597392,37.77183963238265],[127.10434295102165,37.779670346705096],[127.08467794129328,37.77360552756496],[127.0602462104348,37.76211745337616],[127.04116910312399,37.766739468325895],[127.01728497525039,37.768561608845914],[127.00226780893739,37.76276275264856],[127.0031079370001,37.73864536658833],[127.01267376143929,37.72561047630899],[127.01584584752527,37.70102523886384]]]},"properties":{"code":"41150","name":"의정부시","sido":"경기도","code2018":"31030"}},{"type":"Feature","geometry":{"type":"Polygon","coordinates":[[[126.9408169706462,37.37912676160896],[126.93971818589573,37.39349845437098],[126.92783917945513,37.40083385540447],[126.92689671889076,37.41542143318627],[126.93795179026696,37.414550578474966],[126.94743151234542,37.4218524062557],[126.94790359210249,37.43894565945652],[126.938366738282,37.440506268001016],[126.92874943387082,37.45019265142709],[126.90933541520236,37.43415999085181],[126.90049098886135,37.43736038439733],[126.88890763641983,37.41255627687942],[126.87700377716085,37.40205411663258],[126.88191192588266,37.37622071772795],[126.89109725252328,37.375271248747616],[126.89723786976528,37.358067270826375],[126.90724795428918,37.359904849117534],[126.91482673779718,37.375412424885994],[126.9408169706462,37.37912676160896]]]},"properties":{"code":"41171","name":"안양시만안구","sido":"경기도","code2018":"31041"}},{"type":"Feature","geometry":{"type":"Polygon","coordinates":[[[126.9408169706462,37.37912676160896],[126.95034333628651,37.36737359447971],[126.96213627602094,37.36155526752112],[126.97279657593296,37.3867685762371],[126.98256974682245,37.400674863707884],[126.96138977275709,37.425381738871884],[126.96310666802697,37.44106065302598],[126.94790359210249,37.43894565945652],[126.94743151234542,37.4218524062557],[126.93795179026696,37.414550578474966],[126.92689671889076,37.41542143318627],[126.92783917945513,37.40083385540447],[126.93971818589573,37.39349845437098],[126.9408169706462,37.37912676160896]]]},"properties":{"code":"41173","name":"안양시동안구","sido":"경기도","code2018":"31042"}},{"type":"Feature","geometry":{"type":"Polygon","coordinates":[[[126.90049098886135,37.43736038439733],[126.88865011557395,37.46247360090581],[126.87474246807251,37.485382052103006],[126.86186734553941,37.49039121447398],[126.8454879841172,37.47408060494273],[126.83340851770019,37.47690416889069],[126.82597323840619,37.45940498952971],[126.83883242602121,37.45569767026411],[126.83780503243456,37.43693228193204],[126.8463182574987,37.41246936453525],[126.85769100486401,37.40223876860144],[126.87700377716085,37.40205411663258],[126.88890763641983,37.41255627687942],[126.90049098886135,37.43736038439733]]]},"properties":{"code":"41210","name":"광명시","sido":"경기도","code2018":"31060"}},{"type":"Feature","geometry":{"type":"Polygon","coordinates":[[[127.07393472561634,36.93839318738575],[127.11051745618634,36.97000214186629],[127.11949890893676,36.96912796526028],[127.136175312019,36.99337205004552],[127.153915991268,36.99775723814679],[127.14536713368716,37.016680016001324],[127.15306890996351,37.029472768276165],[127.1223107356929,37.0350600985765],[127.11693822585583,37.027210490862394],[127.10529419795047,37.03574614056654],[127.13056656113824,37.058003838836335],[127.10231002118495,37.068681216385585],[127.10447385595472,37.076012475681786],[127.12144761542964,37.07640815120948],[127.12305828090808,37.09134760785021],[127.10905661087935,37.12670785639346],[127.12020855261427,37.128987510149294],[127.12269547734505,37.14450996211115],[127.10364660198648,37.14357454892091],[127.09046492531411,37.13008616452927],[127.07113515279063,37.12560555155837],[127.06508963269826,37.131937291381696],[127.04094230652349,37.12906988365665],[127.03563343269566,37.136019580557736],[127.00537499654037,37.12809638977945],[126.99572816194984,37.108204325333396],[126.99888221263488,37.093166268578294],[126.99172606070108,37.08477063740135],[126.99512804999782,37.070048089305814],[126.98462666589226,37.0716502390414],[126.95136834241606,37.06856053471141],[126.94038363174214,37.06081298212246],[126.92715371487616,37.0678789437093],[126.91487832652764,37.065772864692164],[126.90489911227178,37.07152247566107],[126.88376283917516,37.06648393319159],[126.88253426991315,37.06080540859113],[126.85804497058122,37.02609916210265],[126.83806378381279,37.01365453371029],[126.79691478942877,37.01206008437089],[126.78184814618369,37.00371175226025],[126.7871148365307,36.99523972454273],[126.79965984815335,36.999401229763066],[126.82421788881977,36.995964912188555],[126.82535728266298,36.987125015843446],[126.84988083339762,36.94537231445373],[126.86240575861946,36.94884651980673],[126.8642241350312,36.93269128250594],[126.88698440791879,36.93608989339986],[126.9044994983722,36.92598371945607],[126.90895914884426,36.904910270218934],[126.9170599294352,36.90535935369537],[126.94323404704777,36.91799763129699],[126.97285285638561,36.92621512524931],[126.99540570788413,36.93551723595457],[127.01585984948298,36.93446097503086],[127.03173369240481,36.92833964863846],[127.06063869734844,36.939518190119614],[127.07393472561634,36.93839318738575]]]},"properties":{"code":"41220","name":"평택시","sido":"경기도","code2018":"31070"}},{"type":"Feature","geometry":{"type":"Polygon","coordinates":[[[127.10918530066955,37.85985148862908],[127.12856003966374,37.873912605150004],[127.14696392041334,37.87602590961418],[127.1556523276474,37.89567570812824],[127.14663245219718,37.91081121800022],[127.12022974530004,37.917789531574314],[127.10800854304198,37.93908990539969],[127.09604842744854,37.94364602403637],[127.09911541955411,37.95246103768691],[127.0922396954542,37.9600544365129],[127.09171276213635,37.97144153038342],[127.08457405471667,37.97562217301077],[127.0660986092734,37.975278280838985],[127.05325916400604,37.98133873096747],[127.03920953821459,37.957825148250535],[127.02930385108272,37.955725361235956],[127.0275723311146,37.94315443506034],[127.01004604364417,37.92757262710981],[127.01071311654978,37.90447299108011],[127.04626428011824,37.89384944743832],[127.04825472170826,37.88287591453709],[127.06039344604925,37.86934817654128],[127.08787787049752,37.872078270750535],[127.10918530066955,37.85985148862908]]]},"properties":{"code":"41250","name":"동두천시","sido":"경기도","code2018":"31080"}},{"type":"Feature","geometry":{"type":"Polygon","coordinates":[[[126.9329532092641,37.30304784371433],[126.93042700862954,37.30706491420128],[126.91527731758718,37.30558204132514],[126.90815691350386,37.321610968542814],[126.8877407341513,37.31790607897147],[126.874213874551,37.32086162178055],[126.8767244994036,37.33264570050943],[126.88677663328924,37.340193992159236],[126.89723786976528,37.358067270826375],[126.89109725252328,37.375271248747616],[126.88191192588266,37.37622071772795],[126.86483126548198,37.36151672173379],[126.84075152292982,37.36368909455812],[126.83480780517614,37.350647576103576],[126.84145899133883,37.33421764797817],[126.84148904719855,37.30566598813312],[126.82371373494026,37.30440860190739],[126.81632012185375,37.29800573092626],[126.82573598317141,37.28881047537416],[126.82799837198688,37.27980162498618],[126.83372298259823,37.277737244367394],[126.83780558826567,37.27541079334329],[126.84646891260701,37.26587384936587],[126.8582243085853,37.274177957768124],[126.87132164343637,37.274709068262325],[126.88618096081777,37.28052888796154],[126.90149946513064,37.29097665252568],[126.91385491766198,37.29146890590216],[126.92737455910199,37.27879734631711],[126.9329532092641,37.30304784371433]]]},"properties":{"code":"41271","name":"안산시상록구","sido":"경기도","code2018":"31091"}},{"type":"Feature","geometry":{"type":"MultiPolygon","coordinates":[[[[126.84075152292982,37.36368909455812],[126.82371841066046,37.36314118467663],[126.81665261580113,37.35765199959958],[126.79158440980997,37.35247797238465],[126.78923264561244,37.340243527373346],[126.76149708529393,37.34146623865443],[126.73852099021138,37.32967922910069],[126.71715962084404,37.30751608020175],[126.72557525886887,37.30232319917191],[126.7725842234774,37.2894050217247],[126.81632012185375,37.29800573092626],[126.82371373494026,37.30440860190739],[126.84148904719855,37.30566598813312],[126.84145899133883,37.33421764797817],[126.83480780517614,37.350647576103576],[126.84075152292982,37.36368909455812]]],[[[126.39708255120742,37.10330640832932],[126.39485613672318,37.11262060723367],[126.38201014930739,37.11423306225125],[126.38202369336663,37.102162593562724],[126.39708255120742,37.10330640832932]]],[[[126.59566147285304,37.301886914849504],[126.5789957767444,37.295958582189954],[126.55756690208516,37.266734268264024],[126.5603557641862,37.2425343346873],[126.55431430426133,37.23360320017888],[126.54444068977935,37.2335836551584],[126.5444060613789,37.20634268079078],[126.55792970241404,37.20033402937228],[126.56896235090322,37.200876452866225],[126.57656618511021,37.220560745856],[126.58515144046822,37.22058851939789],[126.60294244275656,37.20761508265633],[126.61583184925132,37.20923190322835],[126.61161703542138,37.219023169836824],[126.59950776548222,37.22690446103702],[126.60994896067834,37.2326294117944],[126.62340026416608,37.226993644100034],[126.62921027858582,37.217995598504125],[126.64683201625407,37.2107663070774],[126.65072716857055,37.22502710917233],[126.62259240989506,37.23664372979831],[126.60767698582718,37.263385269997066],[126.59685979439328,37.26242665727338],[126.57022036491941,37.27984784649969],[126.58368690143567,37.295001202962126],[126.59566147285304,37.301886914849504]]]]},"properties":{"code":"41273","name":"안산시단원구","sido":"경기도","code2018":"31092"}},{"type":"Feature","geometry":{"type":"Polygon","coordinates":[[[126.83563195260213,37.72806795134152],[126.84975787359262,37.698041758028246],[126.84807881323648,37.686329911860575],[126.83351991361275,37.68308600082239],[126.81114181719654,37.65830097118742],[126.8181624823681,37.64917036864093],[126.79502403353968,37.64008193048152],[126.79308234218308,37.62774013803499],[126.77427278031003,37.631912856501906],[126.77399907497714,37.62219154401614],[126.79794633826815,37.61085688097574],[126.80493593311222,37.60402118608447],[126.82042807319763,37.59083571576875],[126.8509394260532,37.57561931537229],[126.85775240042004,37.574642406104125],[126.87707656896659,37.57890294324922],[126.88224101754084,37.59093660473637],[126.89696151598842,37.5886207710837],[126.90136025780366,37.59617719367432],[126.90103131509832,37.61245709436633],[126.91222682533144,37.64437766361075],[126.9546230281742,37.65475074904568],[126.97178590780638,37.63228533903874],[126.97507466788086,37.63138628651299],[126.98462538828213,37.63656487056025],[126.97964383183502,37.65488405540832],[126.99425696395392,37.66648354847951],[126.99173632766428,37.67946543249625],[126.965235701587,37.69247268041758],[126.95444350902818,37.692646341580186],[126.94463782404944,37.68484575864478],[126.93982164432147,37.67075664512655],[126.911340969884,37.66870371869898],[126.91401292198724,37.687238175821655],[126.92174073217059,37.699032985711675],[126.92504064412448,37.71991024363329],[126.92188584920495,37.730182263195154],[126.93102403970393,37.7375060066921],[126.92970874242381,37.74853178461585],[126.90956109122511,37.747219178421794],[126.90088022060415,37.73713469927248],[126.90215536136581,37.72843330937612],[126.88327215552002,37.71981293301561],[126.86495067644208,37.732540292832724],[126.84804185931259,37.733686169960905],[126.83563195260213,37.72806795134152]]]},"properties":{"code":"41281","name":"고양시덕양구","sido":"경기도","code2018":"31101"}},{"type":"Feature","geometry":{"type":"Polygon","coordinates":[[[126.83563195260213,37.72806795134152],[126.82302965103383,37.72880651258718],[126.81398922495102,37.72347824516388],[126.79557983354394,37.73356126424819],[126.79194665830178,37.72420183775862],[126.77327912482949,37.70923118366547],[126.77427168484836,37.70466534559021],[126.78126716588682,37.69919551711902],[126.77755614097613,37.678758027116714],[126.76901095906445,37.66723261906335],[126.75804008495156,37.66610280866648],[126.74086416613967,37.6539023600725],[126.74092368353017,37.6389250758077],[126.77399907497714,37.62219154401614],[126.77427278031003,37.631912856501906],[126.79308234218308,37.62774013803499],[126.79502403353968,37.64008193048152],[126.8181624823681,37.64917036864093],[126.81114181719654,37.65830097118742],[126.83351991361275,37.68308600082239],[126.84807881323648,37.686329911860575],[126.84975787359262,37.698041758028246],[126.83563195260213,37.72806795134152]]]},"properties":{"code":"41285","name":"고양시일산동구","sido":"경기도","code2018":"31103"}},{"type":"Feature","geometry":{"type":"Polygon","coordinates":[[[126.77427168484836,37.70466534559021],[126.74802082672635,37.70313763031862],[126.72989091958758,37.70494112438158],[126.6914034525092,37.68911255616649],[126.67654831891679,37.70008467370003],[126.66704641081864,37.68914019990164],[126.67128162879636,37.67649077499669],[126.71826484875429,37.649289750338916],[126.74092368353017,37.6389250758077],[126.74086416613967,37.6539023600725],[126.75804008495156,37.66610280866648],[126.76901095906445,37.66723261906335],[126.77755614097613,37.678758027116714],[126.78126716588682,37.69919551711902],[126.77427168484836,37.70466534559021]]]},"properties":{"code":"41287","name":"고양시일산서구","sido":"경기도","code2018":"31104"}},{"type":"Feature","geometry":{"type":"Polygon","coordinates":[[[127.04746704771722,37.4308710922291],[127.04105997621345,37.438114826608675],[127.03583473655377,37.45754591860271],[127.01106032839904,37.45538864973786],[127.00342193700581,37.467259348791046],[126.98862046387836,37.45813532321736],[126.96310666802697,37.44106065302598],[126.96138977275709,37.425381738871884],[126.98256974682245,37.400674863707884],[126.99953910361,37.40462831383809],[127.008449968516,37.412175290045],[127.0284035586207,37.41211456239223],[127.04167534027411,37.415633660359624],[127.04746704771722,37.4308710922291]]]},"properties":{"code":"41290","name":"과천시","sido":"경기도","code2018":"31110"}},{"type":"Feature","geometry":{"type":"Polygon","coordinates":[[[127.10571036714282,37.6208334323481],[127.11567458701147,37.61929460112488],[127.11801121467134,37.60457760024447],[127.10932809122542,37.58466434029016],[127.10093021118088,37.573559795823115],[127.1011460799232,37.56002336317411],[127.1137691771839,37.5588854909225],[127.12228096158411,37.564254547880985],[127.16863262457261,37.5793035434037],[127.17076195721104,37.580918094963614],[127.1622783962542,37.584527035701505],[127.15657640703334,37.59593345707192],[127.15598527026489,37.5961552662086],[127.15061261266254,37.60063376312275],[127.14343315304454,37.62063235867082],[127.15026170865916,37.63942569345341],[127.14174911443789,37.64613184885215],[127.1270249122876,37.641318130385685],[127.11115471503085,37.642411591637234],[127.10571036714282,37.6208334323481]]]},"properties":{"code":"41310","name":"구리시","sido":"경기도","code2018":"31120"}},{"type":"Feature","geometry":{"type":"Polygon","coordinates":[[[127.08176430131853,37.69637761093475],[127.09579195526719,37.68886098597054],[127.09182776444449,37.679187298896515],[127.09572830788656,37.670417231369676],[127.09244495585239,37.65809256043153],[127.0949337397759,37.64551287093798],[127.11115471503085,37.642411591637234],[127.1270249122876,37.641318130385685],[127.14174911443789,37.64613184885215],[127.15026170865916,37.63942569345341],[127.14343315304454,37.62063235867082],[127.15061261266254,37.60063376312275],[127.15598527026489,37.5961552662086],[127.15657640703334,37.59593345707192],[127.1622783962542,37.584527035701505],[127.17076195721104,37.580918094963614],[127.18533102329896,37.59172147419011],[127.19123507663134,37.591709945793525],[127.19928754122971,37.59114373200877],[127.21858020346923,37.57546611042528],[127.23422688496673,37.55774457389478],[127.23726794214897,37.54571173244059],[127.27898980120284,37.52636479127721],[127.28758295516984,37.5134967160728],[127.30128043720113,37.51054830799851],[127.30710334111875,37.5163751852271],[127.3078985733228,37.538040646089726],[127.33394930847753,37.577742546496644],[127.34146716704632,37.59179326369411],[127.34709961573172,37.61777534155522],[127.35215833163575,37.62779237406179],[127.37112753436035,37.64818839305887],[127.37919772392932,37.674594922868025],[127.3534354562361,37.70382426773393],[127.35545440472052,37.72368992399443],[127.34285845783883,37.72955273332751],[127.33383458801343,37.75298088382357],[127.31857475061531,37.76722827869163],[127.29313147448488,37.776236778281074],[127.27406242865924,37.77404872395811],[127.266523837898,37.780450292744206],[127.25879030411879,37.76865895820081],[127.24047325688583,37.76270510607472],[127.22462157614893,37.753592795121094],[127.21096062173224,37.764610317355945],[127.18156068128701,37.76387995726834],[127.16584915859148,37.752922559245185],[127.14670654041863,37.75483612452199],[127.13825675773802,37.747311479466944],[127.12848454433028,37.747825256814394],[127.12371484262724,37.738612198745656],[127.12300668791717,37.72213697843665],[127.08176430131853,37.69637761093475]]]},"properties":{"code":"41360","name":"남양주시","sido":"경기도","code2018":"31130"}},{"type":"Feature","geometry":{"type":"Polygon","coordinates":[[[127.10364660198648,37.14357454892091],[127.09386111016404,37.15945250111412],[127.07656542133223,37.161990286442624],[127.07160057940943,37.16797932307013],[127.07105904208225,37.18403760461313],[127.06497235523975,37.197748879515956],[127.04962499365337,37.19589790443594],[127.03705569350241,37.199906712498006],[127.00981837133574,37.1924045003446],[126.99649720676064,37.178461362466315],[127.00653029279879,37.168064181800894],[127.02809505248347,37.163121926457094],[127.03563343269566,37.136019580557736],[127.04094230652349,37.12906988365665],[127.06508963269826,37.131937291381696],[127.07113515279063,37.12560555155837],[127.09046492531411,37.13008616452927],[127.10364660198648,37.14357454892091]]]},"properties":{"code":"41370","name":"오산시","sido":"경기도","code2018":"31140"}},{"type":"Feature","geometry":{"type":"Polygon","coordinates":[[[126.87700377716085,37.40205411663258],[126.85769100486401,37.40223876860144],[126.8463182574987,37.41246936453525],[126.83780503243456,37.43693228193204],[126.83883242602121,37.45569767026411],[126.82597323840619,37.45940498952971],[126.81150775606666,37.45987818322783],[126.77816749406487,37.47180699542626],[126.77831583751951,37.450789381866805],[126.76883815718544,37.442934885116834],[126.77127482748675,37.431382306990464],[126.75369009495193,37.42253943913569],[126.750575879332,37.40760623569069],[126.73654154837307,37.39542661589188],[126.72984057230123,37.38556918378812],[126.7004521683918,37.35465839303705],[126.68844729679088,37.348859970538136],[126.69148874590753,37.335934017112244],[126.67106449501567,37.32988698791891],[126.67715988175435,37.32009390247851],[126.6923962577354,37.318999101289194],[126.71715962084404,37.30751608020175],[126.73852099021138,37.32967922910069],[126.76149708529393,37.34146623865443],[126.78923264561244,37.340243527373346],[126.79158440980997,37.35247797238465],[126.81665261580113,37.35765199959958],[126.82371841066046,37.36314118467663],[126.84075152292982,37.36368909455812],[126.86483126548198,37.36151672173379],[126.88191192588266,37.37622071772795],[126.87700377716085,37.40205411663258]]]},"properties":{"code":"41390","name":"시흥시","sido":"경기도","code2018":"31150"}},{"type":"Feature","geometry":{"type":"Polygon","coordinates":[[[126.89723786976528,37.358067270826375],[126.88677663328924,37.340193992159236],[126.8767244994036,37.33264570050943],[126.874213874551,37.32086162178055],[126.8877407341513,37.31790607897147],[126.90815691350386,37.321610968542814],[126.91527731758718,37.30558204132514],[126.93042700862954,37.30706491420128],[126.9296395281222,37.31703043222624],[126.94696090264453,37.324766499067394],[126.94856348150984,37.3397515082416],[126.95757988334272,37.34434089753],[126.96213627602094,37.36155526752112],[126.95034333628651,37.36737359447971],[126.9408169706462,37.37912676160896],[126.91482673779718,37.375412424885994],[126.90724795428918,37.359904849117534],[126.89723786976528,37.358067270826375]]]},"properties":{"code":"41410","name":"군포시","sido":"경기도","code2018":"31160"}},{"type":"Feature","geometry":{"type":"Polygon","coordinates":[[[127.0188076940644,37.351563117375406],[127.01613190585938,37.357243299218474],[127.02794237427015,37.37214238803066],[127.04369971656885,37.40420642770929],[127.04167534027411,37.415633660359624],[127.0284035586207,37.41211456239223],[127.008449968516,37.412175290045],[126.99953910361,37.40462831383809],[126.98256974682245,37.400674863707884],[126.97279657593296,37.3867685762371],[126.96213627602094,37.36155526752112],[126.95757988334272,37.34434089753],[126.94856348150984,37.3397515082416],[126.94696090264453,37.324766499067394],[126.9296395281222,37.31703043222624],[126.93042700862954,37.30706491420128],[126.9329532092641,37.30304784371433],[126.9610752166736,37.30196871214629],[126.96634986009674,37.308205988996754],[126.96692202659356,37.323238361971136],[126.98093781840896,37.32659362012859],[127.00046651030817,37.33849368449755],[127.00902511138911,37.33875767439271],[127.0188076940644,37.351563117375406]]]},"properties":{"code":"41430","name":"의왕시","sido":"경기도","code2018":"31170"}},{"type":"Feature","geometry":{"type":"Polygon","coordinates":[[[127.17595660831105,37.47219961484187],[127.18105370146309,37.47328954685609],[127.18547243226114,37.48101595573664],[127.21573197308597,37.482301480333774],[127.23746092972115,37.47493131513384],[127.25854380978318,37.48958180856777],[127.25326850308358,37.50325250388836],[127.28758295516984,37.5134967160728],[127.27898980120284,37.52636479127721],[127.23726794214897,37.54571173244059],[127.23422688496673,37.55774457389478],[127.21858020346923,37.57546611042528],[127.19928754122971,37.59114373200877],[127.19123507663134,37.591709945793525],[127.18533102329896,37.59172147419011],[127.17076195721104,37.580918094963614],[127.16863262457261,37.5793035434037],[127.17395294565993,37.57958200336485],[127.18196925443641,37.56094137282262],[127.1828256101531,37.546563686343575],[127.16319304745531,37.54501868568689],[127.15355242225388,37.533996519079544],[127.14461305227165,37.51696019781758],[127.14112530726499,37.51232372030166],[127.14026958814189,37.50990247907818],[127.14506294256368,37.50365296257219],[127.14513394724582,37.50359120728862],[127.15167302387759,37.503372935245025],[127.15190324575013,37.50314993193299],[127.15215094487363,37.50308816205816],[127.15263233954236,37.50311999959347],[127.15616532064017,37.502004723063806],[127.15647122324073,37.501900866655475],[127.15763863747891,37.48914280054281],[127.1434452606241,37.47410418499762],[127.1646152487135,37.469097701086106],[127.17595660831105,37.47219961484187]]]},"properties":{"code":"41450","name":"하남시","sido":"경기도","code2018":"31180"}},{"type":"Feature","geometry":{"type":"Polygon","coordinates":[[[127.12305828090808,37.09134760785021],[127.14238980937124,37.08793815159524],[127.15370436689288,37.091012910691454],[127.16620329237995,37.08659570907764],[127.19527272046582,37.089069499061274],[127.20858996638187,37.104385508200636],[127.20860536568344,37.11009606352293],[127.22616790144396,37.113941920488315],[127.23644507284217,37.12124534707146],[127.25051564168551,37.12269777099703],[127.2537134153582,37.138093964264996],[127.25025725653718,37.145237248649416],[127.26379998523646,37.155873562082654],[127.28229540939834,37.133867028334485],[127.29230726352563,37.126645450855676],[127.29980415441757,37.11248684748379],[127.310634215038,37.10538338207272],[127.32672014092037,37.11944201824201],[127.34343057380948,37.104018236013765],[127.35822327136397,37.10724704930504],[127.39323024841138,37.10650175068187],[127.39898630505341,37.095384325135946],[127.41553611094746,37.09341298217953],[127.42417688015863,37.09969952247884],[127.42565700318973,37.11311030560401],[127.41256645333749,37.11942815246123],[127.4209098087064,37.126066339240154],[127.42982266646477,37.14773652311438],[127.41484307795632,37.15207941522941],[127.40969472258674,37.1643822880184],[127.41414821113185,37.17339293940613],[127.40357038146968,37.1803290856005],[127.37528779608603,37.18510218130021],[127.37820671284301,37.19555314276861],[127.36904873307134,37.20330340513799],[127.3572447466616,37.200504407398846],[127.34217549771817,37.208080803927956],[127.33186540392924,37.22000015042191],[127.33856901170094,37.252392339639734],[127.33879971089392,37.27053918912106],[127.3192917941327,37.27498868948541],[127.2990070471565,37.26925545255499],[127.2800582286777,37.269628829232346],[127.27779638374172,37.29039846086429],[127.28166305457418,37.298046117448735],[127.27734931369027,37.30954438522913],[127.2830894477677,37.3189937558891],[127.28015182293696,37.33219485211827],[127.28334323898032,37.34531376107707],[127.26503211032835,37.342676439596644],[127.26097170827792,37.348658711387365],[127.23805875667549,37.360423961652515],[127.22262083425262,37.35437542797487],[127.20830864449351,37.33087900925967],[127.19744062795577,37.3335431564607],[127.1916208150132,37.347241948772414],[127.17876396170762,37.34322360697194],[127.1620637026494,37.343317924987915],[127.14185843051624,37.3363144263842],[127.13725415313553,37.3243896982132],[127.14875472974218,37.3061002458442],[127.1701465709023,37.299702203555576],[127.17690448955871,37.28195434479774],[127.1721783618474,37.269485173028244],[127.17511645055194,37.25833848868475],[127.15954194541,37.254109952095334],[127.14922559568247,37.2406704509238],[127.1562138827903,37.227886473729356],[127.15160402018091,37.21854357488899],[127.15767518135708,37.20699610050967],[127.15195695744559,37.19910601898741],[127.16090918563268,37.19172484115652],[127.16067009339847,37.180557303591655],[127.14862134221951,37.169797707800676],[127.13330725480529,37.16920482688905],[127.13059262482636,37.15185094905195],[127.12269547734505,37.14450996211115],[127.12020855261427,37.128987510149294],[127.10905661087935,37.12670785639346],[127.12305828090808,37.09134760785021]]]},"properties":{"code":"41461","name":"용인시처인구","sido":"경기도","code2018":"31191"}},{"type":"Feature","geometry":{"type":"Polygon","coordinates":[[[127.06667990835032,37.24014808570359],[127.06875572634347,37.230152212909424],[127.08896314367269,37.21635856570277],[127.11738471629546,37.219964561509755],[127.13675672246572,37.21568081793321],[127.15160402018091,37.21854357488899],[127.1562138827903,37.227886473729356],[127.14922559568247,37.2406704509238],[127.15954194541,37.254109952095334],[127.17511645055194,37.25833848868475],[127.1721783618474,37.269485173028244],[127.17690448955871,37.28195434479774],[127.1701465709023,37.299702203555576],[127.14875472974218,37.3061002458442],[127.13725415313553,37.3243896982132],[127.13039791863991,37.317924667107164],[127.1108005091742,37.32423028079846],[127.09919914032594,37.3220145602905],[127.08988322859707,37.29841355682057],[127.08894108126579,37.28713838000826],[127.0695382561455,37.278742792356375],[127.06465737194159,37.271105907789334],[127.08469846603053,37.25660909172632],[127.08003514715102,37.24754042543945],[127.06667990835032,37.24014808570359]]]},"properties":{"code":"41463","name":"용인시기흥구","sido":"경기도","code2018":"31192"}},{"type":"Feature","geometry":{"type":"Polygon","coordinates":[[[127.03991793157468,37.32133695197896],[127.06061731958967,37.31094262670583],[127.0605887323512,37.2965833858392],[127.07787253869331,37.29357030292158],[127.08988322859707,37.29841355682057],[127.09919914032594,37.3220145602905],[127.1108005091742,37.32423028079846],[127.13039791863991,37.317924667107164],[127.13725415313553,37.3243896982132],[127.14185843051624,37.3363144263842],[127.13634402208058,37.339640622780955],[127.11688110214757,37.333414840402156],[127.1039652961785,37.338612746168174],[127.0708847126684,37.35767543879921],[127.05294665767083,37.36112664216762],[127.04634221491357,37.368234790992496],[127.02794237427015,37.37214238803066],[127.01613190585938,37.357243299218474],[127.0188076940644,37.351563117375406],[127.03344092364888,37.34470695410112],[127.03153495011198,37.33700386494246],[127.03991793157468,37.32133695197896]]]},"properties":{"code":"41465","name":"용인시수지구","sido":"경기도","code2018":"31193"}},{"type":"Feature","geometry":{"type":"Polygon","coordinates":[[[126.92970874242381,37.74853178461585],[126.92869340965667,37.75759073326544],[126.936291199406,37.77420810549825],[126.91952105458252,37.790394267122615],[126.90389467124947,37.79094941161407],[126.91191090560268,37.80614520835053],[126.91021627566545,37.81648486728863],[126.91393019712237,37.8410695851872],[126.93451225021502,37.846243278914834],[126.94633973135406,37.86698562157968],[126.94673355848859,37.89964260677463],[126.96505301442588,37.92823970117354],[126.96443236258423,37.93831331544984],[126.97335568839246,37.942034266040196],[126.97912253507752,37.954078653441705],[126.98852481792312,37.96009312805841],[126.99635472817104,37.97319894337233],[127.00852804143148,37.973837380363555],[127.01528215638315,37.99230908686716],[126.99214685442607,38.0033704871662],[126.96956520493069,38.00333386218724],[126.95246164959137,37.988001459232464],[126.9371991933799,37.98170816921158],[126.92162859085599,37.98593173948954],[126.89824314171844,37.99713561116889],[126.89174071537883,37.99237720831572],[126.89545784070965,37.9711013683046],[126.88775853286057,37.966138284587494],[126.87184088613996,37.971149993923106],[126.85493957197824,37.987239867615585],[126.84023117472226,37.98094525352288],[126.83678090735596,37.96472863346196],[126.82073135840041,37.95745942287981],[126.81388123068372,37.968890710169276],[126.80451096686137,37.970749998294856],[126.80090816955057,37.99199741364024],[126.79369340834563,37.99231481634264],[126.78224032590002,37.980463562052336],[126.76253650055463,37.98501365378783],[126.73996353839392,37.972700336340665],[126.73678622080898,37.96542917193891],[126.74460154636347,37.95188385274235],[126.73451482456368,37.94420172855582],[126.7246364534084,37.94767781867121],[126.71438844909794,37.939973881227644],[126.68986796755844,37.944327507622326],[126.67038387779681,37.95569988264043],[126.66556005000336,37.921136759849325],[126.67585501199233,37.90617595524312],[126.6722010859348,37.88869247136066],[126.69217981196105,37.8684284346493],[126.67990392745865,37.851688848351074],[126.66019641556521,37.838827113339164],[126.67396347842937,37.83104831110479],[126.66604788775722,37.812066498521446],[126.66215954716547,37.790153041762885],[126.66700405635578,37.784517209504884],[126.67617415563828,37.75499986306866],[126.67739221662292,37.735011859518636],[126.68479503998236,37.725649039367084],[126.68362249619508,37.71339211907908],[126.67654831891679,37.70008467370003],[126.6914034525092,37.68911255616649],[126.72989091958758,37.70494112438158],[126.74802082672635,37.70313763031862],[126.77427168484836,37.70466534559021],[126.77327912482949,37.70923118366547],[126.79194665830178,37.72420183775862],[126.79557983354394,37.73356126424819],[126.81398922495102,37.72347824516388],[126.82302965103383,37.72880651258718],[126.83563195260213,37.72806795134152],[126.84804185931259,37.733686169960905],[126.86495067644208,37.732540292832724],[126.88327215552002,37.71981293301561],[126.90215536136581,37.72843330937612],[126.90088022060415,37.73713469927248],[126.90956109122511,37.747219178421794],[126.92970874242381,37.74853178461585]]]},"properties":{"code":"41480","name":"파주시","sido":"경기도","code2018":"31200"}},{"type":"Feature","geometry":{"type":"Polygon","coordinates":[[[127.42982266646477,37.14773652311438],[127.44586743805078,37.14941366673473],[127.45834890208873,37.130150823907776],[127.4699619390356,37.129535733626355],[127.5027817332569,37.11858046766133],[127.50388710592198,37.1096560599949],[127.51462377312905,37.10127444325513],[127.51594966065655,37.08132790170205],[127.5048098766891,37.06039311415767],[127.48995938220688,37.05281503301848],[127.50896579380476,37.049437616347404],[127.51251826371288,37.056219488252204],[127.53404197084483,37.05473332427204],[127.55979973400154,37.042950020990205],[127.56813462783742,37.047700808189184],[127.5664808517585,37.06314419962142],[127.57621599529006,37.07395339572637],[127.59502694970409,37.073946229691],[127.6008882327837,37.08553423985253],[127.6102546778084,37.0861766360889],[127.63333966416579,37.09838582726765],[127.63414749649353,37.123725439427815],[127.63780059095444,37.140631569012],[127.62876285826114,37.15379586087151],[127.63116979154869,37.16391022836605],[127.61522199539182,37.164025962830635],[127.61238765498369,37.17337525010159],[127.59795353688396,37.18814873263977],[127.57237899767696,37.18485892535498],[127.57754460019144,37.17727700926723],[127.57050788128811,37.1702278235358],[127.56038654801887,37.180224483678614],[127.55337812411817,37.17559343173654],[127.52789382538597,37.17295765521123],[127.51743175890202,37.18473104466449],[127.53127941427111,37.19999248413127],[127.5252018064049,37.23922665391633],[127.53736836209346,37.24662732097422],[127.52918995761365,37.27351626785016],[127.53437513092565,37.28928036238365],[127.54644314103903,37.30180905268387],[127.54261230822921,37.31305653625031],[127.52880157239639,37.316199811392195],[127.52918503136038,37.326613124088546],[127.51359591377063,37.33938748878499],[127.48952451695213,37.342363682783024],[127.48724214526345,37.3490459306309],[127.47049352258136,37.36151595356459],[127.4486626520597,37.35246644410151],[127.4424563377744,37.35844430158648],[127.40519737178342,37.327819906055694],[127.38717456627762,37.31888751526525],[127.37575630822445,37.32064168238027],[127.3545525702112,37.30153273866635],[127.35714117461356,37.29460415034164],[127.34017582877959,37.28816337982134],[127.3489822305703,37.276697879212975],[127.33879971089392,37.27053918912106],[127.33856901170094,37.252392339639734],[127.33186540392924,37.22000015042191],[127.34217549771817,37.208080803927956],[127.3572447466616,37.200504407398846],[127.36904873307134,37.20330340513799],[127.37820671284301,37.19555314276861],[127.37528779608603,37.18510218130021],[127.40357038146968,37.1803290856005],[127.41414821113185,37.17339293940613],[127.40969472258674,37.1643822880184],[127.41484307795632,37.15207941522941],[127.42982266646477,37.14773652311438]]]},"properties":{"code":"41500","name":"이천시","sido":"경기도","code2018":"31210"}},{"type":"Feature","geometry":{"type":"Polygon","coordinates":[[[127.11949890893676,36.96912796526028],[127.13346567736758,36.96531620440967],[127.14430057523515,36.97151191417936],[127.16505017987032,36.962018999936106],[127.17233803466289,36.963193480389634],[127.19011197699335,36.95285822726445],[127.20189088793852,36.952114776584835],[127.2202078911625,36.9303012445027],[127.2440184977727,36.91740455051251],[127.27175931683911,36.91330880978378],[127.289801866995,36.8938188003222],[127.30407765078967,36.91514051678885],[127.29592138503041,36.92814640787249],[127.30914734415009,36.92909412682449],[127.34342979642655,36.944296119901935],[127.3497353751849,36.952567164720065],[127.36204675352215,36.94927209750121],[127.37852771077901,36.951466248384584],[127.3875945076214,36.96406537721189],[127.40185704887993,36.96774918631386],[127.38536456855753,36.98505758180856],[127.39403804841021,36.99794440252565],[127.4297345763771,37.001878225048486],[127.44670427543596,37.01103156441478],[127.45941390125036,37.0253741741447],[127.4572094115823,37.040585909496166],[127.47137293505243,37.052544836782616],[127.48995938220688,37.05281503301848],[127.5048098766891,37.06039311415767],[127.51594966065655,37.08132790170205],[127.51462377312905,37.10127444325513],[127.50388710592198,37.1096560599949],[127.5027817332569,37.11858046766133],[127.4699619390356,37.129535733626355],[127.45834890208873,37.130150823907776],[127.44586743805078,37.14941366673473],[127.42982266646477,37.14773652311438],[127.4209098087064,37.126066339240154],[127.41256645333749,37.11942815246123],[127.42565700318973,37.11311030560401],[127.42417688015863,37.09969952247884],[127.41553611094746,37.09341298217953],[127.39898630505341,37.095384325135946],[127.39323024841138,37.10650175068187],[127.35822327136397,37.10724704930504],[127.34343057380948,37.104018236013765],[127.32672014092037,37.11944201824201],[127.310634215038,37.10538338207272],[127.29980415441757,37.11248684748379],[127.29230726352563,37.126645450855676],[127.28229540939834,37.133867028334485],[127.26379998523646,37.155873562082654],[127.25025725653718,37.145237248649416],[127.2537134153582,37.138093964264996],[127.25051564168551,37.12269777099703],[127.23644507284217,37.12124534707146],[127.22616790144396,37.113941920488315],[127.20860536568344,37.11009606352293],[127.20858996638187,37.104385508200636],[127.19527272046582,37.089069499061274],[127.16620329237995,37.08659570907764],[127.15370436689288,37.091012910691454],[127.14238980937124,37.08793815159524],[127.12305828090808,37.09134760785021],[127.12144761542964,37.07640815120948],[127.10447385595472,37.076012475681786],[127.10231002118495,37.068681216385585],[127.13056656113824,37.058003838836335],[127.10529419795047,37.03574614056654],[127.11693822585583,37.027210490862394],[127.1223107356929,37.0350600985765],[127.15306890996351,37.029472768276165],[127.14536713368716,37.016680016001324],[127.153915991268,36.99775723814679],[127.136175312019,36.99337205004552],[127.11949890893676,36.96912796526028]]]},"properties":{"code":"41550","name":"안성시","sido":"경기도","code2018":"31220"}},{"type":"Feature","geometry":{"type":"MultiPolygon","coordinates":[[[[126.77399907497714,37.62219154401614],[126.74092368353017,37.6389250758077],[126.71826484875429,37.649289750338916],[126.67128162879636,37.67649077499669],[126.66704641081864,37.68914019990164],[126.67654831891679,37.70008467370003],[126.68362249619508,37.71339211907908],[126.68479503998236,37.725649039367084],[126.67739221662292,37.735011859518636],[126.67617415563828,37.75499986306866],[126.66700405635578,37.784517209504884],[126.63894280940086,37.778433401997354],[126.60946784603637,37.75290923374996],[126.59102036030937,37.75776609868681],[126.57724928877401,37.753653934464694],[126.56676113041213,37.756028504998525],[126.55515497631626,37.76898227714349],[126.53478830373912,37.771684845138154],[126.51456397746584,37.76694862256429],[126.52784499463343,37.74839763972849],[126.52601717505105,37.7380924089514],[126.51965787160644,37.72618850903146],[126.51851491911813,37.71272805239405],[126.52728142525596,37.70314165222603],[126.5229825306347,37.67651724683649],[126.53530292816356,37.66633368635629],[126.52895643551031,37.65297442703012],[126.53793075108791,37.63681549744698],[126.5495556340581,37.62708539747723],[126.55416876148665,37.60930108480092],[126.57257906940627,37.587784222507025],[126.5927237316429,37.59297577852716],[126.61474725927208,37.60586845529339],[126.6276949434403,37.605968774960736],[126.63695290557065,37.62603338893902],[126.6475792237419,37.62873610840282],[126.6480590513185,37.62940494751212],[126.65794162031975,37.63855375610234],[126.67093518006962,37.63435957609076],[126.69863317300995,37.61746245127436],[126.72512592212895,37.59200096855635],[126.74362412306513,37.593349709658874],[126.74646327201802,37.58685683030967],[126.76731222973504,37.58802599503989],[126.79367364183499,37.5816045499506],[126.80088156842656,37.588752137212104],[126.79725409556816,37.59659249049739],[126.80493593311222,37.60402118608447],[126.79794633826815,37.61085688097574],[126.77399907497714,37.62219154401614]]],[[[126.53782524057863,37.77386112312217],[126.52716570325741,37.78385003249532],[126.51535000530693,37.78242697803378],[126.51825870299275,37.771853640285514],[126.53782524057863,37.77386112312217]]]]},"properties":{"code":"41570","name":"김포시","sido":"경기도","code2018":"31230"}},{"type":"Feature","geometry":{"type":"Polygon","coordinates":[[[126.92737455910199,37.27879734631711],[126.91385491766198,37.29146890590216],[126.90149946513064,37.29097665252568],[126.88618096081777,37.28052888796154],[126.87132164343637,37.274709068262325],[126.8582243085853,37.274177957768124],[126.84646891260701,37.26587384936587],[126.8356138785131,37.27657461862234],[126.82901933266214,37.276732559875256],[126.82682998218631,37.27853490049617],[126.82348700143955,37.28643838247673],[126.81172538600889,37.29339547334422],[126.79613830634243,37.27091812376094],[126.79011038211964,37.26732166578365],[126.78936229592827,37.24437467419779],[126.76753961280235,37.2483215882535],[126.75700779335006,37.25504789974963],[126.71913947738186,37.25611684309138],[126.68673297013392,37.262706341796275],[126.67660683867086,37.246474620789826],[126.6671437620187,37.24439723310146],[126.64808034245569,37.24901074918441],[126.65144223960138,37.2387952240135],[126.66131252823857,37.238231196325565],[126.6773847055116,37.2235950644411],[126.66613229873887,37.21684491711039],[126.67341809670455,37.19973819988507],[126.66615164694338,37.18903400105014],[126.65485230669573,37.152972689121235],[126.68261061298247,37.160366123935155],[126.68371239761066,37.14973616334006],[126.67350912136128,37.137992378365354],[126.69237599532855,37.11916714096343],[126.70483854238078,37.12313726609777],[126.72806698316816,37.13875918346843],[126.75304355203188,37.16671602444819],[126.77797610534402,37.16467678538359],[126.79035464617358,37.17532158135227],[126.79618935453729,37.17043023982663],[126.79498958584078,37.15824520282931],[126.80451185855718,37.151467719898996],[126.79492655193656,37.129014530317896],[126.7825195800024,37.13507871653025],[126.76873981757805,37.12789596127057],[126.7586395095403,37.110665984053526],[126.77023703376281,37.102832598283086],[126.76423903261038,37.08650595938139],[126.7628863708817,37.06279835481202],[126.74836738352101,37.04903504438102],[126.74475198869676,37.03631903537446],[126.75100563879833,37.02925100714912],[126.78905982430179,37.02917186626013],[126.79691478942877,37.01206008437089],[126.83806378381279,37.01365453371029],[126.85804497058122,37.02609916210265],[126.88253426991315,37.06080540859113],[126.88376283917516,37.06648393319159],[126.90489911227178,37.07152247566107],[126.91487832652764,37.065772864692164],[126.92715371487616,37.0678789437093],[126.94038363174214,37.06081298212246],[126.95136834241606,37.06856053471141],[126.98462666589226,37.0716502390414],[126.99512804999782,37.070048089305814],[126.99172606070108,37.08477063740135],[126.99888221263488,37.093166268578294],[126.99572816194984,37.108204325333396],[127.00537499654037,37.12809638977945],[127.03563343269566,37.136019580557736],[127.02809505248347,37.163121926457094],[127.00653029279879,37.168064181800894],[126.99649720676064,37.178461362466315],[127.00981837133574,37.1924045003446],[127.03705569350241,37.199906712498006],[127.04962499365337,37.19589790443594],[127.06497235523975,37.197748879515956],[127.07105904208225,37.18403760461313],[127.07160057940943,37.16797932307013],[127.07656542133223,37.161990286442624],[127.09386111016404,37.15945250111412],[127.10364660198648,37.14357454892091],[127.12269547734505,37.14450996211115],[127.13059262482636,37.15185094905195],[127.13330725480529,37.16920482688905],[127.14862134221951,37.169797707800676],[127.16067009339847,37.180557303591655],[127.16090918563268,37.19172484115652],[127.15195695744559,37.19910601898741],[127.15767518135708,37.20699610050967],[127.15160402018091,37.21854357488899],[127.13675672246572,37.21568081793321],[127.11738471629546,37.219964561509755],[127.08896314367269,37.21635856570277],[127.06875572634347,37.230152212909424],[127.06667990835032,37.24014808570359],[127.056319798804,37.23286697604073],[127.04594803705946,37.232787118152984],[127.03968326246633,37.24350305425567],[127.02137129523447,37.22423632268805],[126.98811538016567,37.233594619232015],[126.9703933011367,37.229196744879594],[126.95776467963022,37.23976480644073],[126.95004611715697,37.255843884866394],[126.93577695359531,37.25677165741207],[126.92900819260379,37.26365626709575],[126.92737455910199,37.27879734631711]]]},"properties":{"code":"41590","name":"화성시","sido":"경기도","code2018":"31240"}},{"type":"Feature","geometry":{"type":"Polygon","coordinates":[[[127.17425924843835,37.40542693949517],[127.1683919367876,37.39249499857584],[127.17681186712497,37.38724749390438],[127.15019197074653,37.361353927152194],[127.1339446102722,37.358477799991036],[127.13634402208058,37.339640622780955],[127.14185843051624,37.3363144263842],[127.1620637026494,37.343317924987915],[127.17876396170762,37.34322360697194],[127.1916208150132,37.347241948772414],[127.19744062795577,37.3335431564607],[127.20830864449351,37.33087900925967],[127.22262083425262,37.35437542797487],[127.23805875667549,37.360423961652515],[127.26097170827792,37.348658711387365],[127.26503211032835,37.342676439596644],[127.28334323898032,37.34531376107707],[127.28015182293696,37.33219485211827],[127.2830894477677,37.3189937558891],[127.27734931369027,37.30954438522913],[127.28166305457418,37.298046117448735],[127.27779638374172,37.29039846086429],[127.2800582286777,37.269628829232346],[127.2990070471565,37.26925545255499],[127.3192917941327,37.27498868948541],[127.33879971089392,37.27053918912106],[127.3489822305703,37.276697879212975],[127.34017582877959,37.28816337982134],[127.35714117461356,37.29460415034164],[127.3545525702112,37.30153273866635],[127.37575630822445,37.32064168238027],[127.38717456627762,37.31888751526525],[127.40519737178342,37.327819906055694],[127.4424563377744,37.35844430158648],[127.4452832433907,37.38132959161077],[127.44249918466888,37.38737993913745],[127.41741784468245,37.38949460145328],[127.40063027855071,37.42138038465176],[127.38929012950771,37.428817982380856],[127.3826081805036,37.442774976416345],[127.37258801812789,37.44474762395025],[127.36798516634714,37.45694717046778],[127.38530564843147,37.459996114568035],[127.3883313395087,37.476943661309306],[127.38046390121696,37.49020298416101],[127.38072715734745,37.50428146053919],[127.36418978842606,37.52997140867596],[127.34786645003605,37.53574634910565],[127.3232791143571,37.533311116571234],[127.30710334111875,37.5163751852271],[127.30128043720113,37.51054830799851],[127.28758295516984,37.5134967160728],[127.25326850308358,37.50325250388836],[127.25854380978318,37.48958180856777],[127.23746092972115,37.47493131513384],[127.21573197308597,37.482301480333774],[127.18547243226114,37.48101595573664],[127.18105370146309,37.47328954685609],[127.18160443928619,37.460469014384735],[127.19236868963566,37.455335155509765],[127.19596143208892,37.44387878897706],[127.19382629736137,37.42408362485918],[127.1802577417367,37.415902623459246],[127.17425924843835,37.40542693949517]]]},"properties":{"code":"41610","name":"광주시","sido":"경기도","code2018":"31250"}},{"type":"Feature","geometry":{"type":"Polygon","coordinates":[[[127.10434295102165,37.779670346705096],[127.11718706654894,37.79590024997328],[127.12200590125579,37.812084493071204],[127.12189343699438,37.828147750948254],[127.10918530066955,37.85985148862908],[127.08787787049752,37.872078270750535],[127.06039344604925,37.86934817654128],[127.04825472170826,37.88287591453709],[127.04626428011824,37.89384944743832],[127.01071311654978,37.90447299108011],[127.01004604364417,37.92757262710981],[127.00258948710686,37.933246539340075],[126.97335568839246,37.942034266040196],[126.96443236258423,37.93831331544984],[126.96505301442588,37.92823970117354],[126.94673355848859,37.89964260677463],[126.94633973135406,37.86698562157968],[126.93451225021502,37.846243278914834],[126.91393019712237,37.8410695851872],[126.91021627566545,37.81648486728863],[126.91191090560268,37.80614520835053],[126.90389467124947,37.79094941161407],[126.91952105458252,37.790394267122615],[126.936291199406,37.77420810549825],[126.92869340965667,37.75759073326544],[126.92970874242381,37.74853178461585],[126.93102403970393,37.7375060066921],[126.92188584920495,37.730182263195154],[126.92504064412448,37.71991024363329],[126.92174073217059,37.699032985711675],[126.91401292198724,37.687238175821655],[126.911340969884,37.66870371869898],[126.93982164432147,37.67075664512655],[126.94463782404944,37.68484575864478],[126.95444350902818,37.692646341580186],[126.965235701587,37.69247268041758],[126.99173632766428,37.67946543249625],[127.00829247114032,37.68467769374363],[127.01584584752527,37.70102523886384],[127.01267376143929,37.72561047630899],[127.0031079370001,37.73864536658833],[127.00226780893739,37.76276275264856],[127.01728497525039,37.768561608845914],[127.04116910312399,37.766739468325895],[127.0602462104348,37.76211745337616],[127.08467794129328,37.77360552756496],[127.10434295102165,37.779670346705096]]]},"properties":{"code":"41630","name":"양주시","sido":"경기도","code2018":"31260"}},{"type":"Feature","geometry":{"type":"Polygon","coordinates":[[[127.17937718266585,38.18465332788373],[127.17427770755857,38.172735357825374],[127.17718408956578,38.15150966012407],[127.17356450344789,38.14319772187488],[127.17577228777216,38.12880966541064],[127.1826558560053,38.11664669970158],[127.18451059808568,38.0922283232281],[127.19225414428735,38.08249488845243],[127.18624928098423,38.07431335837596],[127.16745590151537,38.061811790843194],[127.14619606089144,38.06344531992191],[127.11717284013038,38.06065047646628],[127.11228384759818,38.05095812381074],[127.13517834281504,38.030842749652464],[127.1453222344533,38.015648917018396],[127.14079910754306,38.00552724504236],[127.14686672910211,37.99564303295273],[127.12019877746053,37.97949533214052],[127.11733453990654,37.985743263597406],[127.09118811182329,37.98802436628286],[127.09171276213635,37.97144153038342],[127.0922396954542,37.9600544365129],[127.09911541955411,37.95246103768691],[127.09604842744854,37.94364602403637],[127.10800854304198,37.93908990539969],[127.12022974530004,37.917789531574314],[127.14663245219718,37.91081121800022],[127.1556523276474,37.89567570812824],[127.14696392041334,37.87602590961418],[127.12856003966374,37.873912605150004],[127.10918530066955,37.85985148862908],[127.12189343699438,37.828147750948254],[127.12200590125579,37.812084493071204],[127.11718706654894,37.79590024997328],[127.10434295102165,37.779670346705096],[127.12806637597392,37.77183963238265],[127.14670654041863,37.75483612452199],[127.16584915859148,37.752922559245185],[127.18156068128701,37.76387995726834],[127.21096062173224,37.764610317355945],[127.22462157614893,37.753592795121094],[127.24047325688583,37.76270510607472],[127.25879030411879,37.76865895820081],[127.266523837898,37.780450292744206],[127.27875254480816,37.80546354632956],[127.2741450142858,37.830615636801085],[127.28033521940267,37.85389257456416],[127.29617492550466,37.86886805638865],[127.31210044654269,37.86611938251935],[127.32374677478457,37.87374019252225],[127.32370106913528,37.88785463274248],[127.32912576646284,37.8943114374175],[127.32899413853706,37.92203087704592],[127.3451767214615,37.9272052861787],[127.35582658485067,37.921646522507125],[127.36430364490106,37.92595017519374],[127.38491257449107,37.94708731402147],[127.3761436536757,37.96152732892679],[127.38980477747857,37.98267741338123],[127.41302245998081,37.99779572788026],[127.41827701515419,38.01475052753174],[127.44565558352299,38.05098204376955],[127.44693535174169,38.07951681271226],[127.4410047744206,38.10817136032753],[127.43056731236592,38.115281264381494],[127.41518843056475,38.10366959399841],[127.4033990132338,38.112894580084294],[127.37826911673258,38.117756144440364],[127.370614449889,38.10984034262852],[127.32119209688913,38.09522494022175],[127.31129173574625,38.115973997083216],[127.28320437386895,38.1164800682054],[127.27577328510935,38.13722262503154],[127.28723617949436,38.15232810796395],[127.28933234404917,38.17689840006826],[127.28282663771587,38.18290914031535],[127.26651250468001,38.18063596132898],[127.26351785637148,38.17146468754579],[127.23962070025576,38.15454358542318],[127.2232670267822,38.14685891066471],[127.19024747407065,38.160421509749916],[127.17937718266585,38.18465332788373]]]},"properties":{"code":"41650","name":"포천시","sido":"경기도","code2018":"31270"}},{"type":"Feature","geometry":{"type":"Polygon","coordinates":[[[127.75948478241624,37.36704394037488],[127.74577908844967,37.36889564294149],[127.73204698626715,37.375666861898445],[127.70729204502484,37.37015355096764],[127.70460352610515,37.392551973367006],[127.71569809364686,37.40163845515306],[127.70779348223007,37.41066865875525],[127.68700200680493,37.39952964152345],[127.68444544569898,37.41265549346721],[127.66844106349588,37.411891798352315],[127.65853830191043,37.41747150619878],[127.64602358900797,37.40462494071704],[127.63538231574202,37.41347450718813],[127.61694283398764,37.41485176512949],[127.59035332496839,37.42212003006975],[127.57174838394162,37.411641926190455],[127.5541559632478,37.41728372182941],[127.54737208493401,37.40986602550615],[127.53695642392431,37.411310828932244],[127.52286377175221,37.43473557943388],[127.50800565566843,37.43981001447203],[127.49837795834289,37.43325501384461],[127.48522587600701,37.43223101451754],[127.47964582640391,37.42366036147305],[127.45431484835133,37.42895338800637],[127.42286601516003,37.43951357726755],[127.40737581328703,37.4300853244644],[127.40063027855071,37.42138038465176],[127.41741784468245,37.38949460145328],[127.44249918466888,37.38737993913745],[127.4452832433907,37.38132959161077],[127.4424563377744,37.35844430158648],[127.4486626520597,37.35246644410151],[127.47049352258136,37.36151595356459],[127.48724214526345,37.3490459306309],[127.48952451695213,37.342363682783024],[127.51359591377063,37.33938748878499],[127.52918503136038,37.326613124088546],[127.52880157239639,37.316199811392195],[127.54261230822921,37.31305653625031],[127.54644314103903,37.30180905268387],[127.53437513092565,37.28928036238365],[127.52918995761365,37.27351626785016],[127.53736836209346,37.24662732097422],[127.5252018064049,37.23922665391633],[127.53127941427111,37.19999248413127],[127.51743175890202,37.18473104466449],[127.52789382538597,37.17295765521123],[127.55337812411817,37.17559343173654],[127.56038654801887,37.180224483678614],[127.57050788128811,37.1702278235358],[127.57754460019144,37.17727700926723],[127.57237899767696,37.18485892535498],[127.59795353688396,37.18814873263977],[127.61238765498369,37.17337525010159],[127.61522199539182,37.164025962830635],[127.63116979154869,37.16391022836605],[127.62876285826114,37.15379586087151],[127.6479142978194,37.150580514300465],[127.6679919395374,37.13680159528805],[127.68790646576998,37.13530729579704],[127.69543493224323,37.140449000280796],[127.69593848448389,37.152101406053276],[127.70399402696997,37.15648985963732],[127.70458431328464,37.166639051230796],[127.71829649327029,37.183816236949575],[127.72668934861562,37.18300395752793],[127.7366780080965,37.20989659541225],[127.74791916960423,37.21667839805168],[127.7488583733141,37.247479673328996],[127.75830778668016,37.25802651137657],[127.75529123157115,37.27210185527069],[127.75476517652099,37.29769229064109],[127.76768239764084,37.30289227872186],[127.75778951782868,37.34621233435803],[127.75948478241624,37.36704394037488]]]},"properties":{"code":"41670","name":"여주시","sido":"경기도","code2018":"31280"}},{"type":"Feature","geometry":{"type":"Polygon","coordinates":[[[127.10928347342096,38.29203792732757],[127.10125855841684,38.28947989624613],[127.0703833786031,38.27072760003676],[127.02589845633237,38.25726634937454],[126.99736809953828,38.24172508804528],[126.99428430455255,38.23561829614005],[126.97681089639649,38.23475987773643],[126.97669572632739,38.222029264738325],[126.9839544298135,38.21212288819215],[126.96500555578136,38.19778368009664],[126.95248560587332,38.21058678337159],[126.92885060088001,38.207448235647895],[126.92571284714981,38.20357671573717],[126.89533413386982,38.20452708423568],[126.87296943934071,38.22307678822598],[126.82578625833756,38.19820907808756],[126.80063016123295,38.18100473449904],[126.76978939492666,38.15474955893102],[126.7480633194675,38.127802544460295],[126.74791496944646,38.12064677839646],[126.76236040029497,38.11714236468093],[126.76977494430673,38.107032777609746],[126.7845359856545,38.099871737124715],[126.78019754643017,38.08608527432982],[126.79614464613839,38.082131809813305],[126.80650958421485,38.08725741339115],[126.83608170440101,38.08811767269413],[126.85025193556596,38.09494507570746],[126.86694940752719,38.080318587976784],[126.89328396554818,38.074385212629814],[126.88971745902508,38.06847471725532],[126.89282457259182,38.051339669284324],[126.87254005350819,38.01856307572189],[126.85359394505059,38.03147830081051],[126.8318382035395,38.03374841982075],[126.82314143204647,38.01187777075057],[126.82955141295692,37.99310038628867],[126.80090816955057,37.99199741364024],[126.80451096686137,37.970749998294856],[126.81388123068372,37.968890710169276],[126.82073135840041,37.95745942287981],[126.83678090735596,37.96472863346196],[126.84023117472226,37.98094525352288],[126.85493957197824,37.987239867615585],[126.87184088613996,37.971149993923106],[126.88775853286057,37.966138284587494],[126.89545784070965,37.9711013683046],[126.89174071537883,37.99237720831572],[126.89824314171844,37.99713561116889],[126.92162859085599,37.98593173948954],[126.9371991933799,37.98170816921158],[126.95246164959137,37.988001459232464],[126.96956520493069,38.00333386218724],[126.99214685442607,38.0033704871662],[127.01528215638315,37.99230908686716],[127.00852804143148,37.973837380363555],[126.99635472817104,37.97319894337233],[126.98852481792312,37.96009312805841],[126.97912253507752,37.954078653441705],[126.97335568839246,37.942034266040196],[127.00258948710686,37.933246539340075],[127.01004604364417,37.92757262710981],[127.0275723311146,37.94315443506034],[127.02930385108272,37.955725361235956],[127.03920953821459,37.957825148250535],[127.05325916400604,37.98133873096747],[127.0660986092734,37.975278280838985],[127.08457405471667,37.97562217301077],[127.09171276213635,37.97144153038342],[127.09118811182329,37.98802436628286],[127.11733453990654,37.985743263597406],[127.12019877746053,37.97949533214052],[127.14686672910211,37.99564303295273],[127.14079910754306,38.00552724504236],[127.1453222344533,38.015648917018396],[127.13517834281504,38.030842749652464],[127.11228384759818,38.05095812381074],[127.11717284013038,38.06065047646628],[127.14619606089144,38.06344531992191],[127.16745590151537,38.061811790843194],[127.18624928098423,38.07431335837596],[127.19225414428735,38.08249488845243],[127.18451059808568,38.0922283232281],[127.1826558560053,38.11664669970158],[127.17577228777216,38.12880966541064],[127.17356450344789,38.14319772187488],[127.17718408956578,38.15150966012407],[127.17427770755857,38.172735357825374],[127.17937718266585,38.18465332788373],[127.16650186496979,38.197819866591416],[127.16956026722144,38.21384980246252],[127.15947056621974,38.219414149448234],[127.16249235500516,38.232217925242395],[127.14696814872318,38.239722275999355],[127.13053837374306,38.23255916673148],[127.11300460083339,38.23758900900872],[127.1104570811923,38.25168761083261],[127.11398702610802,38.265273921744175],[127.10928347342096,38.29203792732757]]]},"properties":{"code":"41800","name":"연천군","sido":"경기도","code2018":"31350"}},{"type":"Feature","geometry":{"type":"Polygon","coordinates":[[[127.53974106686961,38.00118093678474],[127.50141198893405,37.99955782583657],[127.4972731579744,38.00361226374572],[127.47215844450999,38.006064222511974],[127.45798948551693,38.016233286625365],[127.44565558352299,38.05098204376955],[127.41827701515419,38.01475052753174],[127.41302245998081,37.99779572788026],[127.38980477747857,37.98267741338123],[127.3761436536757,37.96152732892679],[127.38491257449107,37.94708731402147],[127.36430364490106,37.92595017519374],[127.35582658485067,37.921646522507125],[127.3451767214615,37.9272052861787],[127.32899413853706,37.92203087704592],[127.32912576646284,37.8943114374175],[127.32370106913528,37.88785463274248],[127.32374677478457,37.87374019252225],[127.31210044654269,37.86611938251935],[127.29617492550466,37.86886805638865],[127.28033521940267,37.85389257456416],[127.2741450142858,37.830615636801085],[127.27875254480816,37.80546354632956],[127.266523837898,37.780450292744206],[127.27406242865924,37.77404872395811],[127.29313147448488,37.776236778281074],[127.31857475061531,37.76722827869163],[127.33383458801343,37.75298088382357],[127.34285845783883,37.72955273332751],[127.35545440472052,37.72368992399443],[127.3534354562361,37.70382426773393],[127.37919772392932,37.674594922868025],[127.37112753436035,37.64818839305887],[127.39942756477666,37.65085910390341],[127.40812633026972,37.65988300416339],[127.42509308304855,37.665632033075696],[127.44138189484809,37.659802744518544],[127.44485386114818,37.64776592808462],[127.46259673214912,37.62492602620966],[127.46987619572315,37.6236098882405],[127.47351302302211,37.60791598633706],[127.4694065145392,37.59105527363006],[127.47472931254487,37.577246644222576],[127.49834028247736,37.57183557233189],[127.52011647032046,37.58566064976615],[127.5378814493448,37.58460620398503],[127.56151645727091,37.587060332283244],[127.562299055694,37.604351307737566],[127.57075035804208,37.61367221917326],[127.55898162627281,37.628449266439425],[127.53701864951356,37.6430018516369],[127.5528071283113,37.66154695114282],[127.5492122925296,37.66757117154641],[127.55063112446692,37.6878013299184],[127.56103052439099,37.71821687857934],[127.55986059362328,37.7285128191098],[127.5408031201987,37.719090623597396],[127.52538466245736,37.726900554136215],[127.51092708139214,37.717692062580056],[127.50764819246342,37.730696517650216],[127.51312280050713,37.73758636779726],[127.53607877025975,37.750278436564756],[127.54457424163989,37.761090412816465],[127.5369392904045,37.775284057129866],[127.52154435341632,37.79278012620627],[127.53589930568616,37.80922590566791],[127.53548290764955,37.81751686436786],[127.52504655621686,37.82399425926164],[127.52927275935066,37.838905235791906],[127.550882521361,37.85205154353302],[127.56242460929934,37.855476814424456],[127.57471362562084,37.87159461939223],[127.58435508502302,37.875731144381405],[127.60110054842946,37.874622793254424],[127.6177309308248,37.90661254597479],[127.61258879816008,37.925268487333724],[127.61376096988457,37.93938624574545],[127.60266788097985,37.947714591996444],[127.60299370955819,37.95509527270969],[127.57322232999005,37.96405466627026],[127.5622936853714,37.962661049605046],[127.54432614845655,37.96812054696053],[127.54709511644722,37.97976302250852],[127.53974106686961,38.00118093678474]]]},"properties":{"code":"41820","name":"가평군","sido":"경기도","code2018":"31370"}},{"type":"Feature","geometry":{"type":"Polygon","coordinates":[[[127.80179958513581,37.43533319540742],[127.79634616728974,37.46360932602025],[127.80063167381154,37.47014138546035],[127.78784229141948,37.47605294144048],[127.78059799790965,37.48817565523022],[127.76033484886128,37.492341617188025],[127.75936248977963,37.503656793329405],[127.77394366986321,37.50609486975266],[127.80507340397459,37.53024459260954],[127.80638497550575,37.535010032688085],[127.84239865804936,37.5390232152675],[127.84944404910682,37.55317710418489],[127.83995354851402,37.55950406741119],[127.8129040883365,37.56464099341878],[127.80972765865407,37.5733686479476],[127.79275148958276,37.58532938834979],[127.78290969729544,37.57869055767416],[127.7662161735014,37.58297809765813],[127.75349455431747,37.591875449917666],[127.73947313456856,37.5871632657897],[127.72311434203976,37.59062627296918],[127.70812498323647,37.58640159279938],[127.70024804465213,37.59667009532592],[127.66772241045682,37.61722206929929],[127.65336880455327,37.622340195608956],[127.62799459517598,37.6423249820805],[127.60234796111283,37.65133942680822],[127.5856800944199,37.642106551595354],[127.57951153060048,37.63312665682728],[127.55898162627281,37.628449266439425],[127.57075035804208,37.61367221917326],[127.562299055694,37.604351307737566],[127.56151645727091,37.587060332283244],[127.5378814493448,37.58460620398503],[127.52011647032046,37.58566064976615],[127.49834028247736,37.57183557233189],[127.47472931254487,37.577246644222576],[127.4694065145392,37.59105527363006],[127.47351302302211,37.60791598633706],[127.46987619572315,37.6236098882405],[127.46259673214912,37.62492602620966],[127.44485386114818,37.64776592808462],[127.44138189484809,37.659802744518544],[127.42509308304855,37.665632033075696],[127.40812633026972,37.65988300416339],[127.39942756477666,37.65085910390341],[127.37112753436035,37.64818839305887],[127.35215833163575,37.62779237406179],[127.34709961573172,37.61777534155522],[127.34146716704632,37.59179326369411],[127.33394930847753,37.577742546496644],[127.3078985733228,37.538040646089726],[127.30710334111875,37.5163751852271],[127.3232791143571,37.533311116571234],[127.34786645003605,37.53574634910565],[127.36418978842606,37.52997140867596],[127.38072715734745,37.50428146053919],[127.38046390121696,37.49020298416101],[127.3883313395087,37.476943661309306],[127.38530564843147,37.459996114568035],[127.36798516634714,37.45694717046778],[127.37258801812789,37.44474762395025],[127.3826081805036,37.442774976416345],[127.38929012950771,37.428817982380856],[127.40063027855071,37.42138038465176],[127.40737581328703,37.4300853244644],[127.42286601516003,37.43951357726755],[127.45431484835133,37.42895338800637],[127.47964582640391,37.42366036147305],[127.48522587600701,37.43223101451754],[127.49837795834289,37.43325501384461],[127.50800565566843,37.43981001447203],[127.52286377175221,37.43473557943388],[127.53695642392431,37.411310828932244],[127.54737208493401,37.40986602550615],[127.5541559632478,37.41728372182941],[127.57174838394162,37.411641926190455],[127.59035332496839,37.42212003006975],[127.61694283398764,37.41485176512949],[127.63538231574202,37.41347450718813],[127.64602358900797,37.40462494071704],[127.65853830191043,37.41747150619878],[127.66844106349588,37.411891798352315],[127.68444544569898,37.41265549346721],[127.68700200680493,37.39952964152345],[127.70779348223007,37.41066865875525],[127.71569809364686,37.40163845515306],[127.70460352610515,37.392551973367006],[127.70729204502484,37.37015355096764],[127.73204698626715,37.375666861898445],[127.74577908844967,37.36889564294149],[127.75948478241624,37.36704394037488],[127.77779778784806,37.37119533935394],[127.77658544630286,37.38324323445703],[127.7831441595876,37.390268714375644],[127.7946084606242,37.424248778814025],[127.80179958513581,37.43533319540742]]]},"properties":{"code":"41830","name":"양평군","sido":"경기도","code2018":"31380"}},{"type":"Feature","geometry":{"type":"Polygon","coordinates":[[[126.83340851770019,37.47690416889069],[126.82264846479232,37.47585798125563],[126.81439205171421,37.493198831681944],[126.8247949083413,37.50829216307102],[126.82820990369059,37.52879023343129],[126.82214710748974,37.54067925643015],[126.80284918268174,37.54308164775801],[126.79871858254754,37.53767504421919],[126.76771074661768,37.55418855255472],[126.76094809268727,37.53785944540615],[126.76033573950393,37.524096485668615],[126.76019208815293,37.51587172754705],[126.7451006837717,37.514084702602005],[126.7426005760681,37.48664671488252],[126.7545166304779,37.48370174317242],[126.76774170110463,37.471761614987166],[126.77816749406487,37.47180699542626],[126.81150775606666,37.45987818322783],[126.82597323840619,37.45940498952971],[126.83340851770019,37.47690416889069]]]},"properties":{"code":"41190","name":"부천시","sido":"경기도","code2018":"31050"}},{"type":"Feature","geometry":{"type":"Polygon","coordinates":[[[128.18455711539733,35.05029847031807],[128.19452380877874,35.06345090914331],[128.21128830794535,35.07386230768112],[128.19055820522993,35.07669332299837],[128.18738290943224,35.08835421480698],[128.2005616401813,35.10803492599277],[128.21284468301297,35.11407695726527],[128.22413888500392,35.11360099803643],[128.2414031318857,35.12086803959178],[128.24880100529342,35.1277408074534],[128.26396683498842,35.12708096789049],[128.2695727170668,35.131724424302845],[128.2889151039864,35.13141527902145],[128.2998121189007,35.12553453639361],[128.3240632849367,35.128483939432016],[128.34794735335942,35.12683555834839],[128.36211221209317,35.141939399137094],[128.36131035332454,35.16230709254811],[128.36753606073032,35.19413374111024],[128.34992044686,35.20982648081384],[128.3297771604544,35.20670338499279],[128.3182748286454,35.22172780330975],[128.30733727477343,35.22167886091202],[128.29898905353008,35.24821175872721],[128.274240124834,35.25736718210568],[128.24810752305626,35.25374968480848],[128.23350890643601,35.25419304024649],[128.21918930860448,35.26472643652784],[128.195070743501,35.266055724531455],[128.17860774006672,35.281656379499104],[128.1727669069511,35.30806793613136],[128.17837481514292,35.32247035386985],[128.164226532143,35.33614018636665],[128.1544775223149,35.35107575058029],[128.14525567722222,35.347948559905745],[128.12404020805408,35.33308335661287],[128.11469352746946,35.33085620745635],[128.10174452238883,35.33527997700503],[128.0801155013681,35.33679193842149],[128.0587808251747,35.333567951511014],[128.05026947905478,35.320919304318465],[128.0524616150537,35.312879547849406],[128.04068513988133,35.30392433913102],[128.03314325242727,35.307270521935244],[128.0150841903426,35.303376213663995],[127.99585654961926,35.286524686144276],[127.98782208045681,35.286173807780656],[127.98324820048133,35.27080576430348],[127.97347361631661,35.26975455242884],[127.97206655142,35.254453830135624],[127.96628112657906,35.24623068106697],[127.94738884597486,35.24145197585417],[127.9380452421577,35.249649240956266],[127.91952547010429,35.25136597392771],[127.91306335087485,35.243645880873686],[127.90899329949906,35.22405865011792],[127.8903165517779,35.2264937082827],[127.89347271922081,35.196887816829346],[127.90718511773989,35.1849206958228],[127.93784085810942,35.16970118565304],[127.94240040095865,35.155590455188324],[127.95695616750885,35.15748880758806],[127.99310239542554,35.15655533698523],[128.00164089579124,35.148593887818464],[128.0012397409455,35.11737125940948],[128.01087512715353,35.111602433858586],[128.04897796264584,35.12477427062963],[128.05019005244085,35.13130698670203],[128.07086752126582,35.12836950438525],[128.0911576685934,35.11586334290555],[128.0895135279614,35.104719371497296],[128.1109077090995,35.10646150461418],[128.12155223867134,35.11465116160591],[128.13391125772344,35.11702364550703],[128.1538941705513,35.110814444177564],[128.15791307213178,35.10131966067327],[128.17302025099056,35.094802291842576],[128.1686752641129,35.08363032010987],[128.15283490050757,35.08063958761274],[128.17270217222472,35.051938541134255],[128.18455711539733,35.05029847031807]]]},"properties":{"code":"48170","name":"진주시","sido":"경상남도","code2018":"38030"}},{"type":"Feature","geometry":{"type":"MultiPolygon","coordinates":[[[[128.30628844751996,34.753862476362976],[128.29450802573112,34.76307065331586],[128.28672409556998,34.759284749717644],[128.29205344096783,34.74825414228588],[128.30628844751996,34.753862476362976]]],[[[128.3422414467102,34.92510404660193],[128.35548560985373,34.90930328363492],[128.32032770596544,34.90687475195903],[128.3086516214805,34.90880504092564],[128.2984426179827,34.90252366631144],[128.3283829299213,34.87540877878463],[128.3635224937767,34.86979067813301],[128.374912090946,34.88140948173035],[128.38371200540666,34.861649380996646],[128.3773966525012,34.85166418759659],[128.3858306648332,34.833023970883666],[128.34891784702955,34.83522853780017],[128.3356531382009,34.826297313252745],[128.35626991977824,34.82413904198057],[128.3787647767164,34.81536381426197],[128.3760481399134,34.79832390322962],[128.3912134791123,34.78660230970479],[128.3867452411376,34.78242046514064],[128.40618517337467,34.762485978556114],[128.4210106155105,34.765301879531165],[128.43564789993107,34.78183943843051],[128.44014517439948,34.79449086659553],[128.44133181570666,34.82663168748136],[128.42322207976346,34.833194576879315],[128.42247774909757,34.838148326139056],[128.45222037431276,34.8465652505707],[128.45300454470916,34.85738852474393],[128.46019903737565,34.87280017584498],[128.47126758398684,34.884573193670555],[128.4608015831884,34.9049872470149],[128.44585772425896,34.90573351505207],[128.44152232821736,34.89050192750096],[128.42353299296994,34.883496138755724],[128.4205926958755,34.894742996188526],[128.4307368921141,34.91407440969087],[128.4340353385825,34.93185494441598],[128.43144570276857,34.95685409164458],[128.44020603959868,34.96231978727454],[128.4429447613135,34.97281368747926],[128.42346316739562,34.975324621122006],[128.41558388116056,34.96667144505993],[128.40521434131338,34.96861595277985],[128.38895556319594,34.96083978284676],[128.39114126609542,34.95187584489664],[128.34415682454116,34.93735101578596],[128.3422414467102,34.92510404660193]]],[[[128.23563675806446,34.651886900093615],[128.23500483097357,34.64373950633095],[128.22515093292483,34.632470034820464],[128.24224410065935,34.62392888079779],[128.25851691274337,34.62091784083911],[128.26637866967135,34.62694445130377],[128.2771462930488,34.61931670334593],[128.29660209487403,34.63137808778535],[128.29037215918342,34.64101208644128],[128.27410524263266,34.640001151208004],[128.25171550308812,34.649992680634426],[128.23563675806446,34.651886900093615]]],[[[128.25244107805858,34.677496736978874],[128.23559014839108,34.676877654384015],[128.23321955898507,34.670503008960054],[128.25553678144138,34.6709940569371],[128.25244107805858,34.677496736978874]]],[[[128.1824173263415,34.70914314379406],[128.16740182952194,34.70512094240619],[128.18404473772515,34.690379894127865],[128.20224887858527,34.69107746562926],[128.20178971581265,34.70125422958288],[128.1911846586195,34.711265289447695],[128.1824173263415,34.70914314379406]]],[[[128.47075102658894,34.730667962104654],[128.45433847651765,34.72729885060837],[128.45782306030753,34.71588409594643],[128.44767187611944,34.708413224120505],[128.45688223790958,34.70235373831043],[128.46793046187207,34.70823778317676],[128.46118857395606,34.71639319034545],[128.47075102658894,34.730667962104654]]],[[[128.49865004045063,34.74552530352649],[128.48081104649967,34.73958843209039],[128.49545103661623,34.731437528509055],[128.49865004045063,34.74552530352649]]],[[[128.51736455426382,34.76600173485524],[128.51094842681908,34.758749535831235],[128.53048832870115,34.75583310536309],[128.55216297291673,34.74791132455756],[128.5587061877234,34.75997501547514],[128.5418876896415,34.76075335808524],[128.51736455426382,34.76600173485524]]],[[[128.48376927852186,34.81577909826382],[128.468231121218,34.817658107070436],[128.46252384952584,34.805895418730536],[128.46284743797509,34.791019755548945],[128.47330096139504,34.771026534165344],[128.46948967637726,34.76269569835813],[128.49172742780078,34.75740340359188],[128.51061438266137,34.77055536404694],[128.51094060289674,34.778913276310085],[128.49751075836045,34.78183430409127],[128.48979874664172,34.79574390997248],[128.48376927852186,34.81577909826382]]],[[[128.23775353662018,34.83796074114696],[128.21749192003315,34.83905757434773],[128.19839240759558,34.817945801698784],[128.21356508962154,34.81511787124714],[128.22388465376184,34.807769495052405],[128.22550879146152,34.79975876481335],[128.24605543911002,34.79916228318461],[128.24299188969982,34.80841019213778],[128.26033494839012,34.8091633887423],[128.2638670923239,34.81841716571966],[128.24991436116173,34.82490596124732],[128.23775353662018,34.83796074114696]]],[[[128.20306654765886,34.859021780067394],[128.1704752986265,34.85376978654472],[128.1667759543019,34.84352985761877],[128.1817076679734,34.82671287494069],[128.1991135651196,34.8315694609364],[128.206471590875,34.842778962100404],[128.2329498717184,34.84522715291756],[128.22308567882317,34.8523958151449],[128.2105111764053,34.852235853201734],[128.20306654765886,34.859021780067394]]]]},"properties":{"code":"48220","name":"통영시","sido":"경상남도","code2018":"38050"}},{"type":"Feature","geometry":{"type":"MultiPolygon","coordinates":[[[[127.94240040095865,35.155590455188324],[127.93164772608077,35.149430887820124],[127.90965324322178,35.148447583349146],[127.89656861602965,35.15283892065669],[127.88009406161765,35.14790914868543],[127.88598332204359,35.130281322782956],[127.90262365036308,35.12511215977625],[127.90984233396635,35.1152378912394],[127.89979867525302,35.10974005721591],[127.90012989402422,35.087686415434604],[127.92225265601127,35.0620853493959],[127.93083321031479,35.04674511625693],[127.92368980210914,35.0418758822767],[127.92255140080528,35.014038062348284],[127.94275389473431,34.998471762120246],[127.93172040091568,34.992838674355575],[127.93480289826455,34.98182155157315],[127.9477858624692,34.9766736500784],[127.96243107401868,34.992632036167464],[127.98276468101018,34.977713729087164],[127.99738912802032,34.995990228216755],[128.01538336735615,34.99222957949309],[128.0189255360507,35.01007215080029],[128.00836904302545,35.01341787216381],[128.00916983680636,35.02250944027842],[128.0260562032803,35.03341375727149],[128.03500440813548,35.062303204943966],[128.03270889910326,35.0684499976917],[128.052422365352,35.079541514562955],[128.03915481169034,35.05599722559143],[128.0383692738633,35.03795591153419],[128.04894021629542,35.01150155473593],[128.03956872321982,35.003006149212254],[128.03994755649583,34.99015308402077],[128.05226227879044,34.97747997849271],[128.04562474110108,34.96719612322634],[128.02969678093936,34.95637673289285],[128.0395404102593,34.941634180277056],[128.05334406657903,34.92963086426539],[128.07648447323572,34.9234124772779],[128.09573167839395,34.92633333418281],[128.11940073016197,34.92188828324793],[128.11432953006613,34.933742353923506],[128.1226685390788,34.93887052786755],[128.12317103385595,34.94901211623913],[128.13528528896867,34.967586367395185],[128.13352004623513,34.97915141908106],[128.1437410573987,34.989552884706],[128.17052732056905,34.98606289608755],[128.15780155808613,35.006918783266755],[128.16263700041497,35.0273907691461],[128.18128059904427,35.03990209488479],[128.18455711539733,35.05029847031807],[128.17270217222472,35.051938541134255],[128.15283490050757,35.08063958761274],[128.1686752641129,35.08363032010987],[128.17302025099056,35.094802291842576],[128.15791307213178,35.10131966067327],[128.1538941705513,35.110814444177564],[128.13391125772344,35.11702364550703],[128.12155223867134,35.11465116160591],[128.1109077090995,35.10646150461418],[128.0895135279614,35.104719371497296],[128.0911576685934,35.11586334290555],[128.07086752126582,35.12836950438525],[128.05019005244085,35.13130698670203],[128.04897796264584,35.12477427062963],[128.01087512715353,35.111602433858586],[128.0012397409455,35.11737125940948],[128.00164089579124,35.148593887818464],[127.99310239542554,35.15655533698523],[127.95695616750885,35.15748880758806],[127.94240040095865,35.155590455188324]]],[[[127.96499653543718,34.98212720495311],[127.96412186241008,34.97098967664923],[127.9819278621214,34.963478121998435],[127.97359495401905,34.98032293114944],[127.96499653543718,34.98212720495311]]]]},"properties":{"code":"48240","name":"사천시","sido":"경상남도","code2018":"38060"}},{"type":"Feature","geometry":{"type":"Polygon","coordinates":[[[128.76218222637593,35.34738603034548],[128.75758155617547,35.33826908936845],[128.74231342121104,35.33169663170294],[128.74229542280415,35.320398399673046],[128.73302447025478,35.31569486324952],[128.7136161218653,35.32269431299385],[128.70938221881661,35.30882446702515],[128.6943715836568,35.307139586823936],[128.70574341875118,35.286684920855016],[128.70615695043605,35.27827283674632],[128.72352927114363,35.23355899866802],[128.72048335052463,35.22608076548278],[128.72975119060794,35.20600322064261],[128.74426705309486,35.205885501059456],[128.75203238416535,35.19467832659828],[128.74453449952816,35.18450647916087],[128.74118822749702,35.16701361725515],[128.76279797154248,35.168389684556956],[128.77678217951032,35.159319966619755],[128.79361802185085,35.15705431613538],[128.8158643088159,35.16037737884785],[128.82801308053266,35.155757937371526],[128.84335535111134,35.157986475901104],[128.84666424832798,35.16528233986758],[128.87577172430488,35.170508609094654],[128.8815648181799,35.18293809868363],[128.87038897776137,35.20171224662657],[128.8841424777816,35.21367929321098],[128.90494283864686,35.215344626997826],[128.91281589179584,35.222194337398385],[128.92348871431918,35.21605396989045],[128.9448320866592,35.22792179440606],[128.95246363516443,35.22431789183465],[128.9807378398255,35.22852721039068],[128.99760664208236,35.23438729442228],[129.00993501480536,35.25899809054605],[129.01261090197096,35.27327798527839],[129.00754702922976,35.28209358036901],[128.98835191062832,35.29263835606838],[128.97448177011483,35.30972238675779],[128.96616642835556,35.33066989063936],[128.9408734275561,35.34025284215079],[128.91864639410963,35.361117724196596],[128.89201035254243,35.36458597028187],[128.8767662583189,35.371601626312476],[128.87253967271997,35.3805204466555],[128.8674410754233,35.393493873798434],[128.85467835593465,35.39384040062788],[128.8338516917456,35.383745976075495],[128.81367223956744,35.38101616436678],[128.79726324170667,35.369566034578774],[128.79880721562387,35.35749097110112],[128.78889562207198,35.34622143485354],[128.76218222637593,35.34738603034548]]]},"properties":{"code":"48250","name":"김해시","sido":"경상남도","code2018":"38070"}},{"type":"Feature","geometry":{"type":"Polygon","coordinates":[[[128.87253967271997,35.3805204466555],[128.8806600332525,35.38665110792306],[128.87864061357834,35.39703606987604],[128.89084154942262,35.40447492958938],[128.89120602201766,35.414102302421306],[128.9034203649629,35.42004864563522],[128.91357713689132,35.41557544902144],[128.92183343013065,35.42612459199429],[128.90722621482834,35.436089641824026],[128.91893325305568,35.45178688632433],[128.95000600309035,35.454568646093726],[128.96757928837678,35.46281453793262],[128.96280860863462,35.48582293825165],[128.9672039207363,35.49068786676792],[128.95316819120967,35.500358345111174],[128.96136729759152,35.50994930414241],[128.9777317492385,35.507995020242184],[128.98911734723447,35.516509704774094],[128.99449906539172,35.528989458283654],[128.99761869874197,35.542198741776005],[128.9809354007961,35.54661170561411],[128.9709031054137,35.56063916012274],[128.99545036193126,35.56894992087982],[129.02018044416465,35.58497382421155],[129.02602749672357,35.600690274699346],[129.0218649488806,35.613923923382586],[129.0033462950447,35.6201417657111],[128.9856541034807,35.607859555201706],[128.9602850518269,35.619284845629046],[128.94094601733812,35.633071122271275],[128.92307744758477,35.637854703321615],[128.914937300231,35.64541162295966],[128.90740834065136,35.63508164696104],[128.88555062296956,35.629837576079886],[128.87472291074045,35.63490343078154],[128.8723592293767,35.62108216978386],[128.85345028671813,35.59638706361767],[128.84301208735312,35.58908400857373],[128.833470150563,35.59738627577223],[128.80216449110554,35.58845214828763],[128.79613296833764,35.57353226283128],[128.78675276491242,35.566090259606234],[128.76808548060032,35.570508156663955],[128.7539395041836,35.57018258796263],[128.7251096338181,35.58056877443445],[128.70326846285028,35.5785263222399],[128.69127571340337,35.59442062730833],[128.65802843883378,35.597740510350356],[128.63109184965947,35.58665757687554],[128.6068487191421,35.58042434941135],[128.59343594762274,35.58432803156002],[128.5853006495774,35.57978092080046],[128.58560536195972,35.553862966860194],[128.59373583469696,35.54048640680243],[128.58018515647788,35.53885093962153],[128.5824116764151,35.52426751689063],[128.59157907989024,35.51690143861713],[128.5858533176529,35.505061312855524],[128.5775583154547,35.505743484326466],[128.5710705169822,35.49228743088491],[128.573703826721,35.47230555151595],[128.5830030645709,35.453822918640775],[128.59524611422592,35.453026100629906],[128.61502530397402,35.44593248580395],[128.63099548539287,35.4490874983591],[128.63614047273626,35.43476781334769],[128.65106793412272,35.42552322941288],[128.64582400281546,35.412698636090504],[128.6481369118015,35.400603155347305],[128.64370198487515,35.3917451984057],[128.65617436739964,35.37262987497418],[128.67208500042096,35.37986263317896],[128.6911564553793,35.37852983572374],[128.71136365521394,35.36735179997657],[128.7340820076799,35.34890822247039],[128.76218222637593,35.34738603034548],[128.78889562207198,35.34622143485354],[128.79880721562387,35.35749097110112],[128.79726324170667,35.369566034578774],[128.81367223956744,35.38101616436678],[128.8338516917456,35.383745976075495],[128.85467835593465,35.39384040062788],[128.8674410754233,35.393493873798434],[128.87253967271997,35.3805204466555]]]},"properties":{"code":"48270","name":"밀양시","sido":"경상남도","code2018":"38080"}},{"type":"Feature","geometry":{"type":"MultiPolygon","coordinates":[[[[128.7362854426035,34.84520250670976],[128.7300427267734,34.85300880588642],[128.7437410349602,34.867981847867824],[128.73443476510238,34.89025301452623],[128.72430948877783,34.88710777459418],[128.71807505343344,34.87745348288599],[128.6959901888272,34.88135276711407],[128.69671933510682,34.89134758707169],[128.71759008487666,34.90181432713215],[128.72401987522986,34.917769790694805],[128.7172587306003,34.92478574204994],[128.7273341987874,34.946965248172255],[128.71576398943452,34.957444645971215],[128.71657658948718,34.96471885222003],[128.69715806712105,34.97311761315143],[128.70070960589712,34.987926195320995],[128.69435649040946,34.997604417392104],[128.7024666099005,35.00601731428439],[128.71836657677355,35.010157813137084],[128.7220304084087,35.01857299687874],[128.71293052580222,35.03207204611094],[128.6747507655161,35.031240863167874],[128.66751204033505,35.00648276633743],[128.6473105910182,34.980709993110615],[128.64652984328413,35.00026639779404],[128.65371496440073,35.00487172546162],[128.65350093807442,35.01754883288798],[128.635880537604,35.0141731277595],[128.63371344946967,34.999523791734696],[128.6223084835884,34.982959827196304],[128.62681127218806,34.97653835696789],[128.6454669352915,34.98023004655004],[128.65006216150525,34.97690050332638],[128.64383025767805,34.95871278586901],[128.63609284203383,34.96587926087404],[128.6163020269551,34.964306001775185],[128.60606947263537,34.97034287103834],[128.59738932451071,34.96552346874193],[128.59863332871237,34.95689710008504],[128.58543003896224,34.94304245933296],[128.59721172378852,34.936395469665754],[128.61120658382285,34.921339015040644],[128.6164825244588,34.90871598468098],[128.61203242707404,34.90131010415964],[128.59826138664403,34.90094063798821],[128.58560644461426,34.91408606039514],[128.5707028904029,34.90862925259986],[128.57302405073227,34.899188649626794],[128.54781619865986,34.908388885049504],[128.5409312937971,34.917445470764775],[128.52524568480166,34.92304207627902],[128.51406544889872,34.909133269383766],[128.483899495832,34.888138033708124],[128.47208457185033,34.87686186448276],[128.47576563293836,34.85565899067203],[128.48156500770978,34.84063745929614],[128.50140701687098,34.83319041747223],[128.50081396711147,34.82373442977794],[128.51651594601256,34.8081125912204],[128.54143895637839,34.83436789624138],[128.56444327660645,34.834284171157236],[128.5626873001676,34.841854854864934],[128.57316611859022,34.854211330180256],[128.58875002579077,34.846362225147175],[128.5845850320764,34.83891663492203],[128.59244647466943,34.82580908797275],[128.58359007859107,34.81718398071635],[128.5835958456928,34.797428995708884],[128.56421565118558,34.79283518323844],[128.55005092805402,34.793753447305846],[128.54222222194997,34.78500677126189],[128.5420401573795,34.77521522076504],[128.55338596901458,34.7671728367769],[128.56395881450544,34.7656685612358],[128.57799378126813,34.77833539089036],[128.58368084536127,34.76508774991378],[128.57866629552672,34.761006814275035],[128.57682457851124,34.74105440338998],[128.60559558674623,34.73532669248867],[128.60332600618744,34.726643157111965],[128.5802798295922,34.716089014680506],[128.59073428742022,34.7085359386745],[128.61023347779667,34.701118702171236],[128.6255400450472,34.71305211741423],[128.6300609015827,34.73168841130857],[128.68358698731598,34.737752353183495],[128.66851483207304,34.7457921870578],[128.6528891412343,34.74274153609917],[128.638320389206,34.76300473062854],[128.64895352408658,34.77901498172826],[128.65775549918402,34.77401926370394],[128.67434541640236,34.785731402707526],[128.66694049469473,34.79293042565949],[128.67346199872924,34.81335319608742],[128.69637930879486,34.8069406530846],[128.70902492742874,34.81197584747656],[128.7143930365893,34.802006398834145],[128.70930898805014,34.7945690364956],[128.72791564676498,34.79253968507488],[128.7373740868562,34.79894220573881],[128.7103166439115,34.828759175226104],[128.70402924856432,34.84245633643237],[128.7171680805339,34.8494569541294],[128.72560671991582,34.84097251947919],[128.7362854426035,34.84520250670976]]],[[[128.53030563290542,34.80200283595147],[128.54079305611813,34.80711514362049],[128.54689663460502,34.823401802332185],[128.53408388245919,34.82233109100529],[128.52634878253926,34.8114191219536],[128.53030563290542,34.80200283595147]]],[[[128.53480045337633,34.94179867081213],[128.52230039860777,34.95603270170176],[128.53691676164738,34.96601376078065],[128.5325121428345,34.97291755138544],[128.5185070538311,34.976060897697565],[128.5115329097866,34.96408054846288],[128.51740519858723,34.94638541944356],[128.51229324226472,34.939981342586336],[128.52482506629792,34.927498019449764],[128.53480045337633,34.94179867081213]]]]},"properties":{"code":"48310","name":"거제시","sido":"경상남도","code2018":"38090"}},{"type":"Feature","geometry":{"type":"Polygon","coordinates":[[[129.01261090197096,35.27327798527839],[129.03009425108138,35.278520717067515],[129.0505678912383,35.28005598956564],[129.06000113159632,35.29548364806296],[129.07355790233282,35.29007230982005],[129.0862052169925,35.30119470729555],[129.1089184004478,35.305068397078145],[129.11847606676884,35.32246347291058],[129.1273691961121,35.345671406633464],[129.13471015502867,35.35306295888203],[129.13058923361965,35.36429814923641],[129.1527859941793,35.36272462163975],[129.17453350862533,35.35146553499884],[129.19358066827675,35.36100526803991],[129.20297368420788,35.38786983020016],[129.21985983378352,35.40916649536281],[129.20018266743116,35.42413235901487],[129.19635838598512,35.439419341329774],[129.16814275738142,35.431916689114],[129.14297415789693,35.4459106762959],[129.1096340620774,35.47969947127894],[129.10670551105866,35.49496268918231],[129.09078080365367,35.49823677904535],[129.06887822757807,35.50675962476326],[129.05933880846996,35.51601586319035],[129.04612131942164,35.514348101510826],[129.02927822294615,35.519063666019704],[129.02198914622713,35.525362331296634],[128.99449906539172,35.528989458283654],[128.98911734723447,35.516509704774094],[128.9777317492385,35.507995020242184],[128.96136729759152,35.50994930414241],[128.95316819120967,35.500358345111174],[128.9672039207363,35.49068786676792],[128.96280860863462,35.48582293825165],[128.96757928837678,35.46281453793262],[128.95000600309035,35.454568646093726],[128.91893325305568,35.45178688632433],[128.90722621482834,35.436089641824026],[128.92183343013065,35.42612459199429],[128.91357713689132,35.41557544902144],[128.9034203649629,35.42004864563522],[128.89120602201766,35.414102302421306],[128.89084154942262,35.40447492958938],[128.87864061357834,35.39703606987604],[128.8806600332525,35.38665110792306],[128.87253967271997,35.3805204466555],[128.8767662583189,35.371601626312476],[128.89201035254243,35.36458597028187],[128.91864639410963,35.361117724196596],[128.9408734275561,35.34025284215079],[128.96616642835556,35.33066989063936],[128.97448177011483,35.30972238675779],[128.98835191062832,35.29263835606838],[129.00754702922976,35.28209358036901],[129.01261090197096,35.27327798527839]]]},"properties":{"code":"48330","name":"양산시","sido":"경상남도","code2018":"38100"}},{"type":"Feature","geometry":{"type":"Polygon","coordinates":[[[128.76218222637593,35.34738603034548],[128.7340820076799,35.34890822247039],[128.71136365521394,35.36735179997657],[128.6911564553793,35.37852983572374],[128.67208500042096,35.37986263317896],[128.65617436739964,35.37262987497418],[128.64457187391545,35.37209759223823],[128.61780528049528,35.38051192980363],[128.59777685237358,35.39400694466569],[128.57698397717112,35.37916413022291],[128.57780524332483,35.36801660652417],[128.57152891783718,35.358702433307755],[128.56253364184212,35.35701271822144],[128.5645812213821,35.34116326395532],[128.5698624086708,35.33415548368657],[128.56335212994347,35.32586028451226],[128.5826652408961,35.30862995546459],[128.57229814146132,35.30068702234126],[128.58320373987644,35.278640004108865],[128.59123734393899,35.2715854278251],[128.58790904439047,35.26351629005479],[128.60229778228484,35.253335483868554],[128.60214548918225,35.2458738923002],[128.61581974549622,35.23437584739862],[128.61132003680174,35.22236476990925],[128.62565224328003,35.21459582428373],[128.6513010471306,35.219635036980954],[128.6592512322477,35.22935606549968],[128.65218244127448,35.24150459482448],[128.6650699633606,35.24570518127988],[128.6795914467727,35.23922492586101],[128.67316392611707,35.2318536686238],[128.69172820537705,35.22030087953032],[128.70617650016078,35.2348490428713],[128.72352927114363,35.23355899866802],[128.70615695043605,35.27827283674632],[128.70574341875118,35.286684920855016],[128.6943715836568,35.307139586823936],[128.70938221881661,35.30882446702515],[128.7136161218653,35.32269431299385],[128.73302447025478,35.31569486324952],[128.74229542280415,35.320398399673046],[128.74231342121104,35.33169663170294],[128.75758155617547,35.33826908936845],[128.76218222637593,35.34738603034548]]]},"properties":{"code":"48121","name":"창원시의창구","sido":"경상남도","code2018":"38111"}},{"type":"Feature","geometry":{"type":"Polygon","coordinates":[[[128.72352927114363,35.23355899866802],[128.70617650016078,35.2348490428713],[128.69172820537705,35.22030087953032],[128.67316392611707,35.2318536686238],[128.6795914467727,35.23922492586101],[128.6650699633606,35.24570518127988],[128.65218244127448,35.24150459482448],[128.6592512322477,35.22935606549968],[128.6513010471306,35.219635036980954],[128.62565224328003,35.21459582428373],[128.6195067778336,35.21251491598433],[128.608618262816,35.21217075579205],[128.5892315177183,35.199629401457415],[128.59303215649425,35.17333787516776],[128.60852533511274,35.15801927878124],[128.61163484655398,35.148233395524265],[128.6291029337888,35.16904664829745],[128.64013347644982,35.17508753184386],[128.66309174609322,35.18004833449311],[128.69466255653515,35.16883003158179],[128.7120928083903,35.166902820954604],[128.73840532042374,35.156690284616104],[128.74118822749702,35.16701361725515],[128.74453449952816,35.18450647916087],[128.75203238416535,35.19467832659828],[128.74426705309486,35.205885501059456],[128.72975119060794,35.20600322064261],[128.72048335052463,35.22608076548278],[128.72352927114363,35.23355899866802]]]},"properties":{"code":"48123","name":"창원시성산구","sido":"경상남도","code2018":"38112"}},{"type":"Feature","geometry":{"type":"MultiPolygon","coordinates":[[[[128.34794735335942,35.12683555834839],[128.35311770601126,35.109670862424316],[128.37279902052532,35.10977452147093],[128.38993347531166,35.09878705422923],[128.3931075564249,35.08723367942852],[128.41196407668414,35.09266026124495],[128.42828179928992,35.084637422917076],[128.42242250111207,35.05629189930032],[128.42742418940497,35.05494442372098],[128.44053908304335,35.07186791237278],[128.46159438834536,35.071506426177386],[128.46596461666113,35.085638231958654],[128.44863719173904,35.09607173392853],[128.45169270282892,35.10566454439972],[128.46787780602293,35.0975776357139],[128.480795033758,35.09847395582715],[128.4885285813513,35.10686341856646],[128.5065450684684,35.09735401706806],[128.51868111552417,35.096895900047336],[128.52170879776412,35.10435166839292],[128.53533466552813,35.10854214830027],[128.54992372425792,35.09553220306956],[128.56895208396784,35.09226643291293],[128.56050641520437,35.07665216328001],[128.56536885430964,35.066036833359085],[128.58086274674315,35.06366094372198],[128.5744032300071,35.051790986056965],[128.60414569718193,35.05510798879041],[128.6098079981153,35.05932457445019],[128.6367472650815,35.067742473664126],[128.62597749635952,35.075494933459204],[128.62313002851485,35.09046502387644],[128.60307147488422,35.10414820419738],[128.60097364177287,35.133359539555606],[128.59166397027752,35.15792952264271],[128.57044051999313,35.17503596556585],[128.56502557755118,35.18689707148584],[128.58649651635193,35.20958014181966],[128.5760332755418,35.21528444867843],[128.56074952856017,35.21667381510437],[128.53553944574205,35.20990412897606],[128.5400718978796,35.18941620045854],[128.5208877452693,35.17807781319743],[128.486593570628,35.18068969416844],[128.4789692841478,35.18771903293861],[128.4651846153228,35.18884107406058],[128.44629459227136,35.18026817026775],[128.4438665677826,35.16995724227091],[128.42991214216826,35.16424911683984],[128.41644174737633,35.17047598888728],[128.40364805856916,35.18406966682913],[128.407884976124,35.19235545062509],[128.40080071584828,35.20484976688881],[128.38929668163473,35.20686054245108],[128.36753606073032,35.19413374111024],[128.36131035332454,35.16230709254811],[128.36211221209317,35.141939399137094],[128.34794735335942,35.12683555834839]]],[[[128.56378607523894,35.0638829072518],[128.5524288898602,35.07023942557969],[128.5424908395786,35.06937081665136],[128.55531453393115,35.05354867837779],[128.56378607523894,35.0638829072518]]]]},"properties":{"code":"48125","name":"창원시마산합포구","sido":"경상남도","code2018":"38113"}},{"type":"Feature","geometry":{"type":"Polygon","coordinates":[[[128.59123734393899,35.2715854278251],[128.57818817548184,35.26913369958983],[128.55689960102225,35.27731226665642],[128.5348719166439,35.26679269965472],[128.5110472488762,35.268994978807925],[128.49739835110742,35.27564341934099],[128.47868657877223,35.25306953494891],[128.4743784763069,35.241374743687075],[128.47420791638706,35.222347267818556],[128.48999413674332,35.20206175927578],[128.4789692841478,35.18771903293861],[128.486593570628,35.18068969416844],[128.5208877452693,35.17807781319743],[128.5400718978796,35.18941620045854],[128.53553944574205,35.20990412897606],[128.56074952856017,35.21667381510437],[128.5760332755418,35.21528444867843],[128.58649651635193,35.20958014181966],[128.60266210430459,35.21072364808604],[128.60952950699863,35.21320832242382],[128.6195067778336,35.21251491598433],[128.62565224328003,35.21459582428373],[128.61132003680174,35.22236476990925],[128.61581974549622,35.23437584739862],[128.60214548918225,35.2458738923002],[128.60229778228484,35.253335483868554],[128.58790904439047,35.26351629005479],[128.59123734393899,35.2715854278251]]]},"properties":{"code":"48127","name":"창원시마산회원구","sido":"경상남도","code2018":"38114"}},{"type":"Feature","geometry":{"type":"Polygon","coordinates":[[[128.74118822749702,35.16701361725515],[128.73840532042374,35.156690284616104],[128.7120928083903,35.166902820954604],[128.69466255653515,35.16883003158179],[128.66309174609322,35.18004833449311],[128.64013347644982,35.17508753184386],[128.6291029337888,35.16904664829745],[128.61163484655398,35.148233395524265],[128.60679659727174,35.13722909000745],[128.62188461558662,35.13649219219288],[128.62923464658667,35.14856113217181],[128.64233430691542,35.14422355720859],[128.64888089762786,35.135424988637304],[128.66298266679684,35.13038897293083],[128.66564756661757,35.11841544689834],[128.6768680089871,35.12412079630884],[128.67328445299836,35.14093434926902],[128.690498960466,35.146645449509265],[128.69631752472498,35.13839075885775],[128.70050599588814,35.11581943520018],[128.6889161716355,35.101143192439466],[128.71039045879135,35.10343421790902],[128.73548411960692,35.09343178340892],[128.74183614921571,35.07952644174225],[128.75154925274012,35.082149022128625],[128.75975989417114,35.07181464842766],[128.78001986414893,35.081746393466304],[128.78536484885737,35.07947681690413],[128.80949256161838,35.08278081783569],[128.8283764260943,35.089477879444885],[128.82393608882043,35.10176771201704],[128.83665582079811,35.10198775330213],[128.84309547759577,35.10912705764817],[128.83405800873768,35.12865127093019],[128.81544724023152,35.13256227459942],[128.80233454654334,35.143152428306315],[128.79361802185085,35.15705431613538],[128.77678217951032,35.159319966619755],[128.76279797154248,35.168389684556956],[128.74118822749702,35.16701361725515]]]},"properties":{"code":"48129","name":"창원시진해구","sido":"경상남도","code2018":"38115"}},{"type":"Feature","geometry":{"type":"Polygon","coordinates":[[[128.274240124834,35.25736718210568],[128.28162701422397,35.27467890565205],[128.3021246617503,35.28359487328619],[128.2907060055143,35.297103885192826],[128.2905467821432,35.30770533831606],[128.29773869106918,35.3147650765483],[128.31231942787642,35.31915794475262],[128.31732322172334,35.32909362263801],[128.31104243018535,35.34726783097561],[128.31494039098106,35.361034235066946],[128.33846049098042,35.35958884004977],[128.35716237020404,35.33818011001318],[128.38032208432637,35.333268861879596],[128.39428119404852,35.34058548670985],[128.38164336551188,35.35305787129189],[128.38559666849125,35.359203417753704],[128.4142536773552,35.35877626524532],[128.4283876865633,35.366274768561766],[128.4202340114296,35.37873628030696],[128.4365176917945,35.392399673501146],[128.42279185972302,35.41686142127436],[128.3961838980069,35.421760265899394],[128.38516445133791,35.4280603702591],[128.3770546263477,35.43903280502743],[128.37847536614515,35.45811043834582],[128.4083131431525,35.46724718319523],[128.42131391773063,35.47621359005018],[128.42635551419346,35.48649997485485],[128.41651785358664,35.49703576887036],[128.37223759116577,35.51895703568724],[128.37150876655187,35.50179194532808],[128.34836295843033,35.49929107981729],[128.33797010622266,35.50964516826963],[128.3227996999778,35.50810674596705],[128.31546221182174,35.51558174493423],[128.26625986375876,35.509436383006225],[128.25499149046973,35.49373165618179],[128.2398674843133,35.49388783969608],[128.20945035915335,35.4829212065547],[128.20058241885633,35.475222523315885],[128.21507102550896,35.46481753371026],[128.2001767001469,35.432083512353536],[128.18571971888562,35.419171071588096],[128.19160400978936,35.40902090728436],[128.18946289016236,35.3986684805314],[128.1666217933252,35.39425915785426],[128.14762337150145,35.385834454219015],[128.12925875619126,35.38773262116682],[128.12974518003358,35.37340232006155],[128.11089379857452,35.38055348177066],[128.09531881137022,35.36815378723116],[128.08034269741108,35.37012514604671],[128.09480864867288,35.35626983829105],[128.09741386382728,35.34170613828541],[128.11469352746946,35.33085620745635],[128.12404020805408,35.33308335661287],[128.14525567722222,35.347948559905745],[128.1544775223149,35.35107575058029],[128.164226532143,35.33614018636665],[128.17837481514292,35.32247035386985],[128.1727669069511,35.30806793613136],[128.17860774006672,35.281656379499104],[128.195070743501,35.266055724531455],[128.21918930860448,35.26472643652784],[128.23350890643601,35.25419304024649],[128.24810752305626,35.25374968480848],[128.274240124834,35.25736718210568]]]},"properties":{"code":"48720","name":"의령군","sido":"경상남도","code2018":"38310"}},{"type":"Feature","geometry":{"type":"Polygon","coordinates":[[[128.36753606073032,35.19413374111024],[128.38929668163473,35.20686054245108],[128.40080071584828,35.20484976688881],[128.407884976124,35.19235545062509],[128.40364805856916,35.18406966682913],[128.41644174737633,35.17047598888728],[128.42991214216826,35.16424911683984],[128.4438665677826,35.16995724227091],[128.44629459227136,35.18026817026775],[128.4651846153228,35.18884107406058],[128.4789692841478,35.18771903293861],[128.48999413674332,35.20206175927578],[128.47420791638706,35.222347267818556],[128.4743784763069,35.241374743687075],[128.47868657877223,35.25306953494891],[128.49739835110742,35.27564341934099],[128.5110472488762,35.268994978807925],[128.5348719166439,35.26679269965472],[128.55689960102225,35.27731226665642],[128.57818817548184,35.26913369958983],[128.59123734393899,35.2715854278251],[128.58320373987644,35.278640004108865],[128.57229814146132,35.30068702234126],[128.5826652408961,35.30862995546459],[128.56335212994347,35.32586028451226],[128.5698624086708,35.33415548368657],[128.5645812213821,35.34116326395532],[128.56253364184212,35.35701271822144],[128.57152891783718,35.358702433307755],[128.57780524332483,35.36801660652417],[128.57698397717112,35.37916413022291],[128.55359296731157,35.37891488898154],[128.53398812156047,35.3901826148673],[128.50349012871808,35.39858712990307],[128.48109283925055,35.382123692124836],[128.45483079745907,35.38249073869004],[128.4365176917945,35.392399673501146],[128.4202340114296,35.37873628030696],[128.4283876865633,35.366274768561766],[128.4142536773552,35.35877626524532],[128.38559666849125,35.359203417753704],[128.38164336551188,35.35305787129189],[128.39428119404852,35.34058548670985],[128.38032208432637,35.333268861879596],[128.35716237020404,35.33818011001318],[128.33846049098042,35.35958884004977],[128.31494039098106,35.361034235066946],[128.31104243018535,35.34726783097561],[128.31732322172334,35.32909362263801],[128.31231942787642,35.31915794475262],[128.29773869106918,35.3147650765483],[128.2905467821432,35.30770533831606],[128.2907060055143,35.297103885192826],[128.3021246617503,35.28359487328619],[128.28162701422397,35.27467890565205],[128.274240124834,35.25736718210568],[128.29898905353008,35.24821175872721],[128.30733727477343,35.22167886091202],[128.3182748286454,35.22172780330975],[128.3297771604544,35.20670338499279],[128.34992044686,35.20982648081384],[128.36753606073032,35.19413374111024]]]},"properties":{"code":"48730","name":"함안군","sido":"경상남도","code2018":"38320"}},{"type":"Feature","geometry":{"type":"Polygon","coordinates":[[[128.59343594762274,35.58432803156002],[128.57426287292287,35.592213536005154],[128.5596854389683,35.60325394801163],[128.5580487978828,35.61494238630732],[128.536502908741,35.62365366519475],[128.53471833146003,35.6437994413841],[128.5383365239031,35.65488552273461],[128.53145551879908,35.662170906676494],[128.52641436462469,35.68237968937188],[128.50912744110977,35.67458477169094],[128.50621309381822,35.63959320800858],[128.48285734289783,35.635738376733734],[128.4611264536466,35.640614724514286],[128.44619595832177,35.638186425072085],[128.4319104715499,35.62357948777567],[128.4176263157491,35.621745620705866],[128.41099825306398,35.615340973649054],[128.39939486159014,35.61592490130713],[128.38166853351368,35.60676578577469],[128.3707652337326,35.61116289159724],[128.36234678654395,35.61189343129063],[128.3518942461423,35.60674807991248],[128.36173054280317,35.57800749877753],[128.3599881580281,35.56763664703332],[128.35029055953478,35.5530349123336],[128.35276253670727,35.53493164341645],[128.37223759116577,35.51895703568724],[128.41651785358664,35.49703576887036],[128.42635551419346,35.48649997485485],[128.42131391773063,35.47621359005018],[128.4083131431525,35.46724718319523],[128.37847536614515,35.45811043834582],[128.3770546263477,35.43903280502743],[128.38516445133791,35.4280603702591],[128.3961838980069,35.421760265899394],[128.42279185972302,35.41686142127436],[128.4365176917945,35.392399673501146],[128.45483079745907,35.38249073869004],[128.48109283925055,35.382123692124836],[128.50349012871808,35.39858712990307],[128.53398812156047,35.3901826148673],[128.55359296731157,35.37891488898154],[128.57698397717112,35.37916413022291],[128.59777685237358,35.39400694466569],[128.61780528049528,35.38051192980363],[128.64457187391545,35.37209759223823],[128.65617436739964,35.37262987497418],[128.64370198487515,35.3917451984057],[128.6481369118015,35.400603155347305],[128.64582400281546,35.412698636090504],[128.65106793412272,35.42552322941288],[128.63614047273626,35.43476781334769],[128.63099548539287,35.4490874983591],[128.61502530397402,35.44593248580395],[128.59524611422592,35.453026100629906],[128.5830030645709,35.453822918640775],[128.573703826721,35.47230555151595],[128.5710705169822,35.49228743088491],[128.5775583154547,35.505743484326466],[128.5858533176529,35.505061312855524],[128.59157907989024,35.51690143861713],[128.5824116764151,35.52426751689063],[128.58018515647788,35.53885093962153],[128.59373583469696,35.54048640680243],[128.58560536195972,35.553862966860194],[128.5853006495774,35.57978092080046],[128.59343594762274,35.58432803156002]]]},"properties":{"code":"48740","name":"창녕군","sido":"경상남도","code2018":"38330"}},{"type":"Feature","geometry":{"type":"Polygon","coordinates":[[[128.18455711539733,35.05029847031807],[128.18128059904427,35.03990209488479],[128.16263700041497,35.0273907691461],[128.15780155808613,35.006918783266755],[128.17052732056905,34.98606289608755],[128.1437410573987,34.989552884706],[128.13352004623513,34.97915141908106],[128.13528528896867,34.967586367395185],[128.12317103385595,34.94901211623913],[128.1226685390788,34.93887052786755],[128.11432953006613,34.933742353923506],[128.11940073016197,34.92188828324793],[128.10331902171976,34.91921379076683],[128.10859197977126,34.9069518865951],[128.12179854792683,34.90441759187805],[128.13272970147187,34.887734906921665],[128.1506589662607,34.89869884016785],[128.16872552327627,34.901719869075755],[128.18686137438408,34.89395244320734],[128.20247865589667,34.89415209650191],[128.1968692389984,34.912522302409805],[128.20435909774395,34.92491015387485],[128.19598373378506,34.93669427866097],[128.20751872839008,34.93835922412964],[128.22279713130746,34.94631402947113],[128.22658050044032,34.940885417745214],[128.24819503082674,34.942808939625664],[128.27001133584574,34.93496059729195],[128.26016720141303,34.92680435105142],[128.27407477535053,34.91011893245258],[128.28314104523557,34.904362154735196],[128.30055027516272,34.912142209972025],[128.30524108644704,34.91874583516814],[128.29999002629123,34.93579434355406],[128.3144871894258,34.93794175911698],[128.32080524707547,34.94401530496821],[128.31977692365615,34.961002433034565],[128.34046571250363,34.94835841857619],[128.34415682454116,34.93735101578596],[128.39114126609542,34.95187584489664],[128.38895556319594,34.96083978284676],[128.40521434131338,34.96861595277985],[128.41558388116056,34.96667144505993],[128.42346316739562,34.975324621122006],[128.4429447613135,34.97281368747926],[128.43925286066263,34.99365888811399],[128.45768969690852,34.990861755229425],[128.47856132413395,34.992592161048414],[128.50282970513774,35.01433984082008],[128.50165228888062,35.02030209710184],[128.4823877375181,35.02829672045287],[128.48635412152,35.03864311748661],[128.48007200989562,35.04704657660606],[128.48202415624365,35.066081269613555],[128.4523176842539,35.07166102235936],[128.44335823501788,35.065423687410195],[128.44520580462785,35.05156385823253],[128.41779188046644,35.04303155714363],[128.40661984485104,35.043448731565576],[128.38916845878302,35.035074336107606],[128.38771665237763,35.01940421225255],[128.3735273848334,35.015410718727544],[128.36291008809718,35.017673240246644],[128.37734428158817,35.033751102986294],[128.37344340754154,35.049637472318295],[128.4009618607617,35.05457060195939],[128.41150816911443,35.061679770789034],[128.42242250111207,35.05629189930032],[128.42828179928992,35.084637422917076],[128.41196407668414,35.09266026124495],[128.3931075564249,35.08723367942852],[128.38993347531166,35.09878705422923],[128.37279902052532,35.10977452147093],[128.35311770601126,35.109670862424316],[128.34794735335942,35.12683555834839],[128.3240632849367,35.128483939432016],[128.2998121189007,35.12553453639361],[128.2889151039864,35.13141527902145],[128.2695727170668,35.131724424302845],[128.26396683498842,35.12708096789049],[128.24880100529342,35.1277408074534],[128.2414031318857,35.12086803959178],[128.22413888500392,35.11360099803643],[128.21284468301297,35.11407695726527],[128.2005616401813,35.10803492599277],[128.18738290943224,35.08835421480698],[128.19055820522993,35.07669332299837],[128.21128830794535,35.07386230768112],[128.19452380877874,35.06345090914331],[128.18455711539733,35.05029847031807]]]},"properties":{"code":"48820","name":"고성군","sido":"경상남도","code2018":"38340"}},{"type":"Feature","geometry":{"type":"MultiPolygon","coordinates":[[[[127.90270836412306,34.86045050649187],[127.89856486962154,34.875010749861666],[127.92289214508038,34.899395927551566],[127.93028224776597,34.91460039207887],[127.92160355242216,34.93237830729587],[127.92312706205959,34.94208502537946],[127.90542521532109,34.94101597090607],[127.89089356829217,34.94712988351269],[127.87041453645863,34.94232964487795],[127.85357750545533,34.928074954168515],[127.85062562280689,34.90282151120668],[127.83302521484086,34.89257931738745],[127.8267274974555,34.874149829591005],[127.8095961948279,34.864212696761186],[127.80722053793806,34.853474944615115],[127.81271792808076,34.83542635732151],[127.82809423336217,34.815981337046026],[127.83621413948346,34.791053822640635],[127.8449180481586,34.78724516461239],[127.8520321107098,34.769263604219574],[127.84053707735974,34.767474213282846],[127.83618446278147,34.75030262786725],[127.85524664394525,34.74431215908032],[127.8671675296983,34.72609762302281],[127.88662913476671,34.72178761063715],[127.90601760563236,34.727194224463055],[127.91338627601326,34.739719445884226],[127.90540019467996,34.754377020099916],[127.90414223811278,34.76567088166879],[127.92902319141734,34.77585395255798],[127.94916112877108,34.77728934429399],[127.94563683177006,34.750202423773416],[127.94590910278951,34.73265651763023],[127.95274414199739,34.71537733777465],[127.95916433876575,34.70857406702561],[127.98726533019567,34.71130098807083],[128.0139587306128,34.723968706140376],[128.02578447509137,34.717948783638825],[128.02108736213,34.7105707520989],[128.04466785687757,34.7024215190133],[128.059915732566,34.71007480394627],[128.04424199826428,34.71501907337424],[128.03561400228702,34.721894932328674],[128.03594918472334,34.731457593434605],[128.05696123198402,34.74540987503642],[128.05467013556125,34.7696626215217],[128.05024425185866,34.77394981207674],[128.05128680189446,34.79482714192378],[128.06603150944,34.81279704320586],[128.06056261705325,34.82186763451217],[128.03235180862157,34.83042400221102],[127.99795036019546,34.83327784637096],[127.97629989524086,34.82552035733201],[127.97105651917431,34.81751798506181],[127.94427152775056,34.80974356944404],[127.94209206045436,34.82543537844333],[127.93200563988684,34.833518873717125],[127.91738590574363,34.83551478950387],[127.9143969667292,34.849946423272094],[127.90270836412306,34.86045050649187]]],[[[128.032169807719,34.920727351943995],[128.00701003207246,34.919549260415025],[127.99592144295143,34.90868431505047],[127.98074899650652,34.88584653333682],[127.96142932356054,34.86973805752127],[127.96861970385045,34.84356317979872],[127.987271627653,34.836403684490506],[128.00516462888868,34.83615837003822],[128.02454068534607,34.83978202478561],[128.06344973607878,34.83034187992606],[128.07687844761685,34.839123824410386],[128.0603406850946,34.84618869337355],[128.06700060672833,34.870338161069824],[128.06036186888898,34.88304331033213],[128.05065490224462,34.886302443455875],[128.0479723876318,34.89715812296915],[128.03074123555248,34.893677357556015],[128.02013797570396,34.87723884543953],[128.0166493415165,34.894514313345844],[128.0263532437065,34.90229770161214],[128.032169807719,34.920727351943995]]]]},"properties":{"code":"48840","name":"남해군","sido":"경상남도","code2018":"38350"}},{"type":"Feature","geometry":{"type":"Polygon","coordinates":[[[127.8903165517779,35.2264937082827],[127.88742863550154,35.23749656196949],[127.89187509853357,35.250351614833576],[127.87538408249651,35.25169461606848],[127.86394256689337,35.25891465954051],[127.8572468581886,35.24027791105696],[127.82569298711873,35.22194238600112],[127.77567877665115,35.219692110736894],[127.75302634981367,35.23686871258273],[127.74846842925386,35.25001524682007],[127.70464979230498,35.26523784650046],[127.69038561490737,35.28322258213491],[127.68879191576609,35.3191555972603],[127.68269369315107,35.322919078027994],[127.66332746596348,35.321405615388976],[127.65771273639963,35.32867444247188],[127.64027502493163,35.32464697135623],[127.62041644185827,35.332326954469835],[127.60550975646643,35.31896257332157],[127.58566739688816,35.309144005446676],[127.57744981030764,35.308958991688115],[127.57713567164717,35.295478454147464],[127.58248128795309,35.29136295356271],[127.59580003887946,35.26816049999527],[127.61002187302579,35.26191271130411],[127.61839474352459,35.23720641246037],[127.62100684451374,35.21407856921561],[127.61706941024819,35.209632808446436],[127.624741102571,35.18448994905128],[127.64064144839077,35.171138904114144],[127.64530121770899,35.16130369715633],[127.65938582267694,35.158349491035544],[127.67287147322023,35.149746040829804],[127.69510394134981,35.129761578045894],[127.69460008329773,35.10308139249992],[127.71887247763622,35.08163189298793],[127.73746651769069,35.07808482798001],[127.74031884743532,35.06196094865808],[127.76869340905237,35.05044283021794],[127.77196204417221,35.02948160071882],[127.7871539748351,35.01724775958997],[127.7777737977399,34.98810708768267],[127.76508653646373,34.97278837402891],[127.77342061355098,34.954832683374384],[127.78519781250927,34.94019559882419],[127.81852483731504,34.943616473971794],[127.83864154494688,34.95016789749592],[127.84760880406142,34.94633504903033],[127.8716349734804,34.94625989752685],[127.8944436743756,34.9578134720729],[127.91155008446951,34.983972190744936],[127.92252766513688,34.98879717342741],[127.91701578661798,34.99745191073497],[127.92255140080528,35.014038062348284],[127.92368980210914,35.0418758822767],[127.93083321031479,35.04674511625693],[127.92225265601127,35.0620853493959],[127.90012989402422,35.087686415434604],[127.89979867525302,35.10974005721591],[127.90984233396635,35.1152378912394],[127.90262365036308,35.12511215977625],[127.88598332204359,35.130281322782956],[127.88009406161765,35.14790914868543],[127.89656861602965,35.15283892065669],[127.90965324322178,35.148447583349146],[127.93164772608077,35.149430887820124],[127.94240040095865,35.155590455188324],[127.93784085810942,35.16970118565304],[127.90718511773989,35.1849206958228],[127.89347271922081,35.196887816829346],[127.8903165517779,35.2264937082827]]]},"properties":{"code":"48850","name":"하동군","sido":"경상남도","code2018":"38360"}},{"type":"Feature","geometry":{"type":"Polygon","coordinates":[[[128.11469352746946,35.33085620745635],[128.09741386382728,35.34170613828541],[128.09480864867288,35.35626983829105],[128.08034269741108,35.37012514604671],[128.08907883428986,35.37916200043464],[128.05949492268388,35.405492188053074],[128.05445378717454,35.41631242672905],[128.03496186116766,35.415403291449614],[128.02404369776653,35.425511080463586],[128.01138127370075,35.426453309453585],[128.0082225484045,35.435480165367665],[127.98709534737448,35.445270019566664],[127.97891725850332,35.46096529042169],[127.97433947068791,35.495037045084565],[127.96228089629365,35.50011514661449],[127.95982244638499,35.51858043927492],[127.94067686094263,35.51444869575066],[127.92628289307112,35.51590314620748],[127.90427303989075,35.53424022850087],[127.88356401875775,35.52978252030182],[127.87297487830263,35.536027667095205],[127.87755589763287,35.55051262944617],[127.86941553617088,35.55962864864592],[127.87487611575517,35.567608163892466],[127.86288849614293,35.57615770088929],[127.85631706252086,35.569424029494634],[127.84108816282321,35.546826442177746],[127.8158025813076,35.521922858957396],[127.82309579198947,35.51568582269554],[127.82337166793555,35.50000400875463],[127.81691094146588,35.49127527164724],[127.80545232507225,35.4898541003767],[127.81278551761834,35.46893041665677],[127.80013066128708,35.46735805440341],[127.78332544935519,35.45992056670176],[127.78948477864137,35.44554085354972],[127.77218414795551,35.443284802703516],[127.77944378830671,35.43415192122089],[127.7705637640067,35.42055463229584],[127.75927094501824,35.41499547603731],[127.75986408264525,35.405108127799906],[127.74909834180446,35.39758317778682],[127.7524516972578,35.3844984653771],[127.73936126772857,35.373110389575054],[127.73406872500122,35.36099355805742],[127.73120485680069,35.33756051557256],[127.71851259986535,35.33437679731441],[127.7006578427102,35.316230796377674],[127.68879191576609,35.3191555972603],[127.69038561490737,35.28322258213491],[127.70464979230498,35.26523784650046],[127.74846842925386,35.25001524682007],[127.75302634981367,35.23686871258273],[127.77567877665115,35.219692110736894],[127.82569298711873,35.22194238600112],[127.8572468581886,35.24027791105696],[127.86394256689337,35.25891465954051],[127.87538408249651,35.25169461606848],[127.89187509853357,35.250351614833576],[127.88742863550154,35.23749656196949],[127.8903165517779,35.2264937082827],[127.90899329949906,35.22405865011792],[127.91306335087485,35.243645880873686],[127.91952547010429,35.25136597392771],[127.9380452421577,35.249649240956266],[127.94738884597486,35.24145197585417],[127.96628112657906,35.24623068106697],[127.97206655142,35.254453830135624],[127.97347361631661,35.26975455242884],[127.98324820048133,35.27080576430348],[127.98782208045681,35.286173807780656],[127.99585654961926,35.286524686144276],[128.0150841903426,35.303376213663995],[128.03314325242727,35.307270521935244],[128.04068513988133,35.30392433913102],[128.0524616150537,35.312879547849406],[128.05026947905478,35.320919304318465],[128.0587808251747,35.333567951511014],[128.0801155013681,35.33679193842149],[128.10174452238883,35.33527997700503],[128.11469352746946,35.33085620745635]]]},"properties":{"code":"48860","name":"산청군","sido":"경상남도","code2018":"38370"}},{"type":"Feature","geometry":{"type":"Polygon","coordinates":[[[127.68879191576609,35.3191555972603],[127.7006578427102,35.316230796377674],[127.71851259986535,35.33437679731441],[127.73120485680069,35.33756051557256],[127.73406872500122,35.36099355805742],[127.73936126772857,35.373110389575054],[127.7524516972578,35.3844984653771],[127.74909834180446,35.39758317778682],[127.75986408264525,35.405108127799906],[127.75927094501824,35.41499547603731],[127.7705637640067,35.42055463229584],[127.77944378830671,35.43415192122089],[127.77218414795551,35.443284802703516],[127.78948477864137,35.44554085354972],[127.78332544935519,35.45992056670176],[127.80013066128708,35.46735805440341],[127.81278551761834,35.46893041665677],[127.80545232507225,35.4898541003767],[127.81691094146588,35.49127527164724],[127.82337166793555,35.50000400875463],[127.82309579198947,35.51568582269554],[127.8158025813076,35.521922858957396],[127.84108816282321,35.546826442177746],[127.85631706252086,35.569424029494634],[127.85093652996962,35.57720596262505],[127.83619019186749,35.57692891899885],[127.8436406949497,35.58823755491801],[127.86409600948024,35.608038926479765],[127.8717861627275,35.62169826051176],[127.87080167437544,35.63417858624452],[127.8772254969263,35.63942222230555],[127.87427851781005,35.65187441179703],[127.8768718558053,35.66934669301305],[127.8688891616066,35.67048739998242],[127.86141585929747,35.6588573414601],[127.84586437047808,35.656808979352746],[127.8220867205205,35.669537309367946],[127.81113282981215,35.685572189043164],[127.79356567332,35.704976534859505],[127.78441320149234,35.70532183513098],[127.76391955836039,35.721254676848886],[127.76114468565142,35.73081323676334],[127.74795302315445,35.73088561622435],[127.73411015307056,35.718993506833066],[127.71491264360331,35.7311619399543],[127.70800966272586,35.74950046851853],[127.69877016620957,35.75822735698387],[127.67903345117071,35.7692696630321],[127.66595188530032,35.769726401497905],[127.66226077894214,35.76099497349269],[127.66030358001788,35.73839969601531],[127.66343600518692,35.72475985394751],[127.6607739402095,35.709747912943065],[127.64209483317855,35.69276827749041],[127.63893467757377,35.66989455110218],[127.62008256031062,35.642721015603534],[127.635467698344,35.618472047016816],[127.62113360342015,35.615007197070206],[127.61240376679073,35.60695428042107],[127.60756564432653,35.5947739079146],[127.61058764364043,35.58486175063386],[127.59458787723459,35.57336078476448],[127.58540555531327,35.55458610896887],[127.62575651782389,35.532073680981966],[127.62440312898308,35.52789818222985],[127.64186529978875,35.50505846061007],[127.65272223866066,35.48566975931955],[127.63721836022526,35.47892691083904],[127.63570102432699,35.462305817019626],[127.64507321943923,35.449510140557116],[127.66939742862972,35.44734043932947],[127.66533861913595,35.42717934434366],[127.65936132035938,35.41409173164251],[127.64644657812282,35.40266417281567],[127.63542009083224,35.39981938348405],[127.62524890020566,35.38475060225872],[127.62239577903036,35.37320209954012],[127.61025408770702,35.365790354950384],[127.61212332967311,35.355946202678766],[127.62286233227857,35.343948600020134],[127.62041644185827,35.332326954469835],[127.64027502493163,35.32464697135623],[127.65771273639963,35.32867444247188],[127.66332746596348,35.321405615388976],[127.68269369315107,35.322919078027994],[127.68879191576609,35.3191555972603]]]},"properties":{"code":"48870","name":"함양군","sido":"경상남도","code2018":"38380"}},{"type":"Feature","geometry":{"type":"Polygon","coordinates":[[[127.95982244638499,35.51858043927492],[127.95374023046058,35.52906383283198],[127.95504740447767,35.54992399288815],[127.97211055963567,35.55585372605853],[127.98821844727833,35.595426035064285],[127.98470516565322,35.60866240159776],[127.99782730817533,35.611273038504834],[127.99782711159827,35.62814588582475],[128.0052615453258,35.63730227228462],[128.017931514533,35.643327781723336],[128.02094516445686,35.652145941562374],[128.04451735904067,35.661483669588996],[128.04475225154738,35.674717018980495],[128.0663704873728,35.68273532471103],[128.0778158949752,35.679669714608046],[128.0912326628351,35.68202085777188],[128.0950667758787,35.690457632192334],[128.07428413644553,35.70185203655021],[128.07300245954005,35.718674467079595],[128.0613737903387,35.724933116396755],[128.05407328082103,35.741652201758114],[128.0441757384329,35.75216577456135],[128.05125046216622,35.76113677700315],[128.05093051093164,35.77783239654419],[128.03563782211125,35.78614465958506],[128.05373311066282,35.80560388983431],[128.06854504191475,35.80642011126165],[128.0849498919585,35.816960028218496],[128.09067520128914,35.83081373925134],[128.07871283152147,35.83892876199547],[128.0704082429594,35.84068741044189],[128.05083941880497,35.82926045886636],[128.03161650686175,35.83571373709914],[128.01214365603775,35.82886347811659],[127.99740710946848,35.83775459513198],[127.98536625944556,35.85739079539308],[127.97373234529624,35.850868558792726],[127.95083475957343,35.86125421686659],[127.9423413205248,35.85430771376679],[127.93317387467326,35.86420384300959],[127.92811610925591,35.88114142430378],[127.91340185709855,35.89045900596597],[127.89329747265673,35.88658939195073],[127.8830552915889,35.89928595246679],[127.88760998455497,35.91457892082827],[127.8671951160896,35.90411481148189],[127.85074569538584,35.890052192063195],[127.85298995810088,35.88121513520215],[127.840939994171,35.8668711261375],[127.82116695245422,35.8654005525044],[127.81273322902096,35.85282880303443],[127.80387288273934,35.85717759500797],[127.77924233502642,35.847170947685996],[127.77215313674503,35.838930187875775],[127.75752589849614,35.836717487911834],[127.74412194652975,35.844046595359636],[127.73865132258089,35.82697018428192],[127.71954769843684,35.79740507379477],[127.69965428457306,35.78821828878077],[127.67903345117071,35.7692696630321],[127.69877016620957,35.75822735698387],[127.70800966272586,35.74950046851853],[127.71491264360331,35.7311619399543],[127.73411015307056,35.718993506833066],[127.74795302315445,35.73088561622435],[127.76114468565142,35.73081323676334],[127.76391955836039,35.721254676848886],[127.78441320149234,35.70532183513098],[127.79356567332,35.704976534859505],[127.81113282981215,35.685572189043164],[127.8220867205205,35.669537309367946],[127.84586437047808,35.656808979352746],[127.86141585929747,35.6588573414601],[127.8688891616066,35.67048739998242],[127.8768718558053,35.66934669301305],[127.87427851781005,35.65187441179703],[127.8772254969263,35.63942222230555],[127.87080167437544,35.63417858624452],[127.8717861627275,35.62169826051176],[127.86409600948024,35.608038926479765],[127.8436406949497,35.58823755491801],[127.83619019186749,35.57692891899885],[127.85093652996962,35.57720596262505],[127.85631706252086,35.569424029494634],[127.86288849614293,35.57615770088929],[127.87487611575517,35.567608163892466],[127.86941553617088,35.55962864864592],[127.87755589763287,35.55051262944617],[127.87297487830263,35.536027667095205],[127.88356401875775,35.52978252030182],[127.90427303989075,35.53424022850087],[127.92628289307112,35.51590314620748],[127.94067686094263,35.51444869575066],[127.95982244638499,35.51858043927492]]]},"properties":{"code":"48880","name":"거창군","sido":"경상남도","code2018":"38390"}},{"type":"Feature","geometry":{"type":"Polygon","coordinates":[[[128.37223759116577,35.51895703568724],[128.35276253670727,35.53493164341645],[128.35029055953478,35.5530349123336],[128.3599881580281,35.56763664703332],[128.36173054280317,35.57800749877753],[128.3518942461423,35.60674807991248],[128.36234678654395,35.61189343129063],[128.36305100451662,35.628575198025636],[128.354918259,35.64247324512014],[128.34094723810753,35.644152488626304],[128.2972625282959,35.65618736003463],[128.27840202400503,35.65175313405209],[128.26110099567913,35.64268892434193],[128.24391758486166,35.655521959368315],[128.227987281885,35.6397198484492],[128.2010951906981,35.64375612496794],[128.18405508251425,35.6584709345837],[128.1637342512458,35.65349415020238],[128.15773132797975,35.657753328402684],[128.16262315066567,35.671820188456635],[128.17930370133917,35.673020363631],[128.19440460074966,35.6843550409675],[128.20445601853723,35.69735631600333],[128.20156879265045,35.72280853689266],[128.18925972120735,35.752343204036094],[128.1649997665608,35.76348937094174],[128.16405642414114,35.7770268436216],[128.15477468594392,35.786494160339835],[128.13975078646274,35.78404633601224],[128.12880550773588,35.7893746119665],[128.12168721624772,35.803567397675465],[128.12413151425295,35.822350695076],[128.10870847346575,35.82390472173884],[128.09067520128914,35.83081373925134],[128.0849498919585,35.816960028218496],[128.06854504191475,35.80642011126165],[128.05373311066282,35.80560388983431],[128.03563782211125,35.78614465958506],[128.05093051093164,35.77783239654419],[128.05125046216622,35.76113677700315],[128.0441757384329,35.75216577456135],[128.05407328082103,35.741652201758114],[128.0613737903387,35.724933116396755],[128.07300245954005,35.718674467079595],[128.07428413644553,35.70185203655021],[128.0950667758787,35.690457632192334],[128.0912326628351,35.68202085777188],[128.0778158949752,35.679669714608046],[128.0663704873728,35.68273532471103],[128.04475225154738,35.674717018980495],[128.04451735904067,35.661483669588996],[128.02094516445686,35.652145941562374],[128.017931514533,35.643327781723336],[128.0052615453258,35.63730227228462],[127.99782711159827,35.62814588582475],[127.99782730817533,35.611273038504834],[127.98470516565322,35.60866240159776],[127.98821844727833,35.595426035064285],[127.97211055963567,35.55585372605853],[127.95504740447767,35.54992399288815],[127.95374023046058,35.52906383283198],[127.95982244638499,35.51858043927492],[127.96228089629365,35.50011514661449],[127.97433947068791,35.495037045084565],[127.97891725850332,35.46096529042169],[127.98709534737448,35.445270019566664],[128.0082225484045,35.435480165367665],[128.01138127370075,35.426453309453585],[128.02404369776653,35.425511080463586],[128.03496186116766,35.415403291449614],[128.05445378717454,35.41631242672905],[128.05949492268388,35.405492188053074],[128.08907883428986,35.37916200043464],[128.08034269741108,35.37012514604671],[128.09531881137022,35.36815378723116],[128.11089379857452,35.38055348177066],[128.12974518003358,35.37340232006155],[128.12925875619126,35.38773262116682],[128.14762337150145,35.385834454219015],[128.1666217933252,35.39425915785426],[128.18946289016236,35.3986684805314],[128.19160400978936,35.40902090728436],[128.18571971888562,35.419171071588096],[128.2001767001469,35.432083512353536],[128.21507102550896,35.46481753371026],[128.20058241885633,35.475222523315885],[128.20945035915335,35.4829212065547],[128.2398674843133,35.49388783969608],[128.25499149046973,35.49373165618179],[128.26625986375876,35.509436383006225],[128.31546221182174,35.51558174493423],[128.3227996999778,35.50810674596705],[128.33797010622266,35.50964516826963],[128.34836295843033,35.49929107981729],[128.37150876655187,35.50179194532808],[128.37223759116577,35.51895703568724]]]},"properties":{"code":"48890","name":"합천군","sido":"경상남도","code2018":"38400"}},{"type":"Feature","geometry":{"type":"Polygon","coordinates":[[[129.51825930640126,35.841936131215455],[129.52768944426705,35.86357386720951],[129.51999421821645,35.87269100524534],[129.52760792674695,35.89745807323424],[129.51984900805536,35.9186041162189],[129.52114974519003,35.931543204206854],[129.53260461955568,35.935950960329016],[129.55450172157563,35.96787577559607],[129.5521918671878,35.98559334319967],[129.56658956044222,35.995590525260866],[129.58485858175823,36.01652863260698],[129.57746741593596,36.02651412734683],[129.58356808819624,36.04564992221102],[129.57717044998233,36.04942250600003],[129.5695550236558,36.07916113349042],[129.55543561388603,36.08607337134698],[129.54571516602948,36.08377934823557],[129.54047094958918,36.06768865817839],[129.52633792049247,36.05828541345506],[129.51559967354714,36.04438814169289],[129.50410619542683,36.03672395630651],[129.5032558181325,36.02622201883688],[129.49318441618502,36.018947801879506],[129.47394865559312,36.01312441282438],[129.44632177054598,35.991839769557565],[129.431981897684,35.99614660056427],[129.41631415483593,36.00570662186665],[129.41687883642095,36.01228071873291],[129.3984578468114,36.01423722291516],[129.40074653246808,36.02110949055211],[129.38405042082138,36.02981871249057],[129.37368111700678,36.04956470181569],[129.37154544759565,36.03314089512151],[129.36206594138145,36.02724367546614],[129.35397999578626,36.015126255249534],[129.3465268742212,36.019496146391745],[129.33482339536857,36.04101383972915],[129.30979174791756,36.04265966236908],[129.29342731081945,36.0607339478313],[129.28659173031573,36.06243683278694],[129.2788342144443,36.03187454724318],[129.2973315511681,36.007397663177514],[129.30332548696174,35.99580088260559],[129.3056835995111,35.975269835520365],[129.32001490871838,35.95807120727131],[129.3166834113306,35.94642119888368],[129.32954577614805,35.93678186921323],[129.3294804202324,35.9258515263215],[129.33643131803592,35.91744670116024],[129.33319257005968,35.902226794331185],[129.34255888132736,35.889214094640465],[129.35717434332707,35.88588154573982],[129.35505436917583,35.872776430158915],[129.36058319461588,35.86525891052157],[129.39066176787188,35.863903540697514],[129.40612038604647,35.8579682190444],[129.41021495313083,35.87041566908894],[129.42551511430884,35.88394542539224],[129.43719278040209,35.87848981876494],[129.4490231793496,35.851338271714376],[129.45485294824522,35.84675991586605],[129.4800812756472,35.852915451660216],[129.48961628351486,35.84352797216908],[129.50113603849607,35.839854197701435],[129.51825930640126,35.841936131215455]]]},"properties":{"code":"47111","name":"포항시남구","sido":"경상북도","code2018":"37011"}},{"type":"Feature","geometry":{"type":"Polygon","coordinates":[[[129.37368111700678,36.04956470181569],[129.38089515890118,36.060406822513045],[129.3978238043244,36.06429689517883],[129.41797385073954,36.07351510279743],[129.41859318545977,36.08854668025456],[129.43046514071787,36.0995817050008],[129.44066047548142,36.10028086323424],[129.44085698289283,36.110872420477556],[129.425835999461,36.11371322013924],[129.39774668067074,36.13489319049029],[129.39980920194725,36.16460807337728],[129.39229719534467,36.18397705462549],[129.37715757038296,36.18971326226231],[129.372582904576,36.20711284363872],[129.3843110820759,36.21234225212893],[129.3817186870946,36.2282998815637],[129.38601016906506,36.238655507029705],[129.37316282229938,36.25461547302417],[129.37627236731666,36.26830475491421],[129.3534971526554,36.273063308972375],[129.33936102920532,36.26665243187025],[129.31421989886252,36.27090409690017],[129.30435923649316,36.2677285577794],[129.2866098551239,36.28609845535586],[129.28648860213772,36.29839572532502],[129.30021353786782,36.307311287055164],[129.3016561182707,36.31809792321657],[129.28494229919482,36.33322764115184],[129.2666694730301,36.32079884871858],[129.25194599964124,36.3209099011351],[129.23883449661653,36.317335175760284],[129.2197346773946,36.30347517744209],[129.2257138474662,36.282411456261286],[129.22072508493073,36.27317851053277],[129.2057246358791,36.26455727582925],[129.20411888745724,36.25621339415326],[129.19042149129388,36.236525580759825],[129.17103218816314,36.224644781779034],[129.14712376428102,36.239261194206264],[129.132367535536,36.26214505574208],[129.1126490497352,36.26445001898185],[129.08128243116562,36.277329815456135],[129.0656507317193,36.27378273581124],[129.0529938929994,36.26369007665221],[129.05668008693323,36.25500815992921],[129.0725357981993,36.25217048279868],[129.08090228713135,36.23395910023396],[129.06690040603252,36.22681789027883],[129.04375880415935,36.22209935912475],[129.02758912663703,36.192850953444434],[129.0252623005781,36.18253675903899],[128.9977339017416,36.17904764197156],[128.9874917298352,36.16796491628093],[129.02561923488736,36.15900929697938],[129.04492422208511,36.15668750498576],[129.0617417926893,36.14352442259129],[129.05663039219357,36.13165968911804],[129.0713123070746,36.114736405609],[129.09772575858256,36.121850800509996],[129.1050256937507,36.11422226063572],[129.09255285597345,36.099796811057615],[129.1009023436818,36.08907725932633],[129.11994469824634,36.078921081744696],[129.1288281661485,36.08085657097444],[129.14133146448097,36.05801818633776],[129.15157052078865,36.054838042187214],[129.1644083531564,36.05552115522034],[129.1772520339138,36.04804642931668],[129.17905749719483,36.02760289258666],[129.2041847862971,36.04306898821519],[129.22357291507618,36.04376625215669],[129.23767756023173,36.052761727670116],[129.24279817313374,36.0700284228414],[129.2727109813506,36.07975868403629],[129.28488582546663,36.071879216803254],[129.28659173031573,36.06243683278694],[129.29342731081945,36.0607339478313],[129.30979174791756,36.04265966236908],[129.33482339536857,36.04101383972915],[129.3465268742212,36.019496146391745],[129.35397999578626,36.015126255249534],[129.36206594138145,36.02724367546614],[129.37154544759565,36.03314089512151],[129.37368111700678,36.04956470181569]]]},"properties":{"code":"47113","name":"포항시북구","sido":"경상북도","code2018":"37012"}},{"type":"Feature","geometry":{"type":"Polygon","coordinates":[[[129.28659173031573,36.06243683278694],[129.28488582546663,36.071879216803254],[129.2727109813506,36.07975868403629],[129.24279817313374,36.0700284228414],[129.23767756023173,36.052761727670116],[129.22357291507618,36.04376625215669],[129.2041847862971,36.04306898821519],[129.17905749719483,36.02760289258666],[129.1772520339138,36.04804642931668],[129.1644083531564,36.05552115522034],[129.15157052078865,36.054838042187214],[129.1342119196106,36.03423939541667],[129.14428722246433,36.01151708172615],[129.13251616116918,36.00575773075963],[129.11435745540706,36.012100355469464],[129.11056974255536,35.99674439006964],[129.11714131427001,35.98553136824123],[129.11777590563452,35.96006415681754],[129.12738965328717,35.949873681911555],[129.13484371674141,35.931662919338955],[129.13094197416171,35.924030338828906],[129.11386928195682,35.92321324229316],[129.09457078111538,35.94069105863482],[129.0647652124338,35.940853207919965],[129.06050970395805,35.92614778513888],[129.02852661551864,35.904665051265965],[129.02604667323874,35.89056732411528],[129.03291954391136,35.87070959119515],[129.01870881975628,35.85640612815832],[129.01412912518515,35.84619748960154],[129.0033605972327,35.81636226622819],[128.9905131242802,35.8004529668634],[128.9875712345728,35.77243197977927],[128.97418215092281,35.770105449209204],[128.97274077463874,35.73694980712704],[128.99703310120074,35.717388848022196],[129.00497865979767,35.704846732258154],[129.00387794604853,35.69769154182576],[129.0195393204763,35.68821893333673],[129.0379431396928,35.687484025560934],[129.0344002003798,35.67622846355175],[129.04034767307272,35.65820330524213],[129.04731156623572,35.650146667720406],[129.06432839049782,35.64624644023234],[129.07413172138828,35.64008515672879],[129.0810747419879,35.64748068711177],[129.06760919066494,35.66179876257611],[129.06948549235406,35.680728687571325],[129.07742937650704,35.693024975920345],[129.0885657076513,35.70201710859793],[129.10168056454327,35.70622926837038],[129.12327579006194,35.70748034568906],[129.13524492721697,35.711929816342746],[129.1457201819203,35.72469752196527],[129.16063965091655,35.71487964565827],[129.17685676445345,35.715531148026095],[129.1815171899236,35.72313901257429],[129.19764570092747,35.715794319449],[129.20723454961526,35.72150751730422],[129.23406285658183,35.703582594047404],[129.25292557598198,35.70169668886052],[129.26269415916573,35.691445407712],[129.259814039415,35.67303104470961],[129.2542466553393,35.666258528661864],[129.26007797423347,35.65450517844181],[129.28451482363596,35.65144762933259],[129.29580796064099,35.6443030989463],[129.30357010391245,35.656968549059926],[129.32399437098928,35.659210286292954],[129.35388798057974,35.679552765334265],[129.36455070753226,35.6787678771502],[129.38098696906087,35.67107571285937],[129.41263409283587,35.66401868072863],[129.4283882828888,35.65593554652776],[129.45000815531807,35.650948468950105],[129.45707074281205,35.66597089774882],[129.46509406728669,35.666296471998095],[129.46698712742622,35.678842797861606],[129.475730984234,35.685736617694225],[129.47305357662728,35.703448272231554],[129.48567644169955,35.72887611049481],[129.4843432197167,35.741718405953975],[129.49343535796694,35.75165634440744],[129.4968724386214,35.77353373156164],[129.49324982917574,35.79085843621853],[129.50139062938024,35.79303633786179],[129.5062253740181,35.80866751729384],[129.5143992731415,35.815892065022254],[129.50964041665142,35.82351712194088],[129.51825930640126,35.841936131215455],[129.50113603849607,35.839854197701435],[129.48961628351486,35.84352797216908],[129.4800812756472,35.852915451660216],[129.45485294824522,35.84675991586605],[129.4490231793496,35.851338271714376],[129.43719278040209,35.87848981876494],[129.42551511430884,35.88394542539224],[129.41021495313083,35.87041566908894],[129.40612038604647,35.8579682190444],[129.39066176787188,35.863903540697514],[129.36058319461588,35.86525891052157],[129.35505436917583,35.872776430158915],[129.35717434332707,35.88588154573982],[129.34255888132736,35.889214094640465],[129.33319257005968,35.902226794331185],[129.33643131803592,35.91744670116024],[129.3294804202324,35.9258515263215],[129.32954577614805,35.93678186921323],[129.3166834113306,35.94642119888368],[129.32001490871838,35.95807120727131],[129.3056835995111,35.975269835520365],[129.30332548696174,35.99580088260559],[129.2973315511681,36.007397663177514],[129.2788342144443,36.03187454724318],[129.28659173031573,36.06243683278694]]]},"properties":{"code":"47130","name":"경주시","sido":"경상북도","code2018":"37020"}},{"type":"Feature","geometry":{"type":"Polygon","coordinates":[[[128.07871283152147,35.83892876199547],[128.07293688448374,35.85012708909271],[128.08110213851833,35.872937796851474],[128.07090111864363,35.88062607642455],[128.06040043074202,35.90740596746746],[128.04937839899807,35.91864431842427],[128.04674962962207,35.93222888876202],[128.05666006625458,35.941717902205184],[128.0713751611071,35.93622562665534],[128.08402935005464,35.92187677454297],[128.09128665356766,35.930940737694335],[128.0885230832042,35.94569466653108],[128.09627965489355,35.95479117745403],[128.11169392091455,35.96421625480322],[128.1318755423406,35.95903772062721],[128.15079911788686,35.96636479358821],[128.15774012255142,35.987318601473106],[128.16753970959215,35.989276885408856],[128.1674079918577,36.02966530059963],[128.19600723677834,36.0334867707512],[128.1971208855719,36.04387641754281],[128.20884045984448,36.04491647069438],[128.230818068824,36.054124826660136],[128.2422573958683,36.04817251730487],[128.28414322029525,36.0466065010731],[128.28910731007323,36.042993571476934],[128.2986183095125,36.05157775093343],[128.30083860643316,36.06257015675495],[128.28494808980287,36.08109217925933],[128.29323324698564,36.09102997293836],[128.27558639329814,36.10346024304525],[128.27742537891993,36.11369674949132],[128.29413863669885,36.13070337521156],[128.2872960592469,36.1473922975708],[128.2950813412197,36.16830668137811],[128.27055760344277,36.1740780674608],[128.2712938680267,36.19527900119153],[128.25672741204372,36.201099684659184],[128.24433667226748,36.199132337094255],[128.23358774346266,36.218514141563084],[128.2362111721592,36.22493929050435],[128.1968553737891,36.2447346497577],[128.17316564015792,36.24543992070428],[128.16190006603657,36.256455507924386],[128.13704885134658,36.25715120394254],[128.12005010369535,36.252810361039906],[128.1189860476638,36.24319805262134],[128.1081153375602,36.23902448231542],[128.09646047742464,36.25229627576482],[128.07658538859152,36.241627922271036],[128.05096878085178,36.24419043499611],[128.04465646957203,36.25268141139318],[128.03004830584155,36.2403082011607],[128.03932703467254,36.22914257246396],[128.0424285404544,36.217266672787204],[128.0503752106311,36.215302514677155],[128.05252068569996,36.20088876885185],[128.03835435697374,36.1939990581746],[128.02629918681782,36.20568202834363],[128.01351740596203,36.20913294790416],[127.98601713804247,36.20040165221076],[127.97564270942486,36.188148588762246],[127.98468219408393,36.17709406610099],[127.9834658502645,36.16977168874083],[127.99569394783435,36.153003079951915],[127.9873321499641,36.147385156938775],[127.98763907732643,36.12962394670413],[127.96687252405948,36.11825241622748],[127.96856746242462,36.10722000363856],[127.9578361101239,36.094888499987334],[127.9613862261557,36.06838914288329],[127.93586148048828,36.05066365172531],[127.9170617626286,36.05440274206359],[127.90355441686026,36.03896672905431],[127.88797971931594,36.03480014018414],[127.87692624777289,36.02244194484872],[127.87881815955636,36.00131098632912],[127.89373915191116,35.98446831508694],[127.90401860103694,35.95451813369671],[127.9114665190962,35.94945009265632],[127.90646446605308,35.94056687042684],[127.8822188272738,35.92773825433797],[127.88760998455497,35.91457892082827],[127.8830552915889,35.89928595246679],[127.89329747265673,35.88658939195073],[127.91340185709855,35.89045900596597],[127.92811610925591,35.88114142430378],[127.93317387467326,35.86420384300959],[127.9423413205248,35.85430771376679],[127.95083475957343,35.86125421686659],[127.97373234529624,35.850868558792726],[127.98536625944556,35.85739079539308],[127.99740710946848,35.83775459513198],[128.01214365603775,35.82886347811659],[128.03161650686175,35.83571373709914],[128.05083941880497,35.82926045886636],[128.0704082429594,35.84068741044189],[128.07871283152147,35.83892876199547]]]},"properties":{"code":"47150","name":"김천시","sido":"경상북도","code2018":"37030"}},{"type":"Feature","geometry":{"type":"Polygon","coordinates":[[[128.59762505008905,36.70277297620142],[128.60975872011548,36.68579902948928],[128.60501692390253,36.6723145180327],[128.60455488579285,36.65247405146143],[128.57695798479364,36.64988464312625],[128.56501415687032,36.64064194497702],[128.54708481987598,36.63240823074524],[128.52440786930487,36.62832390271836],[128.52196707157614,36.61959634254604],[128.53486476241784,36.61418538895821],[128.5295314834938,36.60186003219203],[128.5132238429753,36.60068461619972],[128.50183573410206,36.605901026996804],[128.4938649005154,36.59970602210205],[128.49577884801212,36.58243432601467],[128.49252298578722,36.569784601330646],[128.4653583538301,36.560389169867655],[128.45722907864314,36.553200026334274],[128.4645412359683,36.53991394049155],[128.42921928369836,36.52196899591676],[128.43693185916646,36.516236645924856],[128.43339640810373,36.50305004529698],[128.4598925844265,36.48835170521176],[128.46435865163454,36.49875738748454],[128.47478899096814,36.498715788614554],[128.47627764184742,36.51394329780671],[128.49100318011568,36.51782298330036],[128.49887417283534,36.51357502299621],[128.50352718689152,36.50108336686838],[128.51431499509528,36.49759158428638],[128.53181734823303,36.49807946750977],[128.5520018956111,36.48822687834463],[128.55265392869154,36.47573231069466],[128.55942245501484,36.47218770049418],[128.57726701922132,36.43999638986712],[128.59414597525017,36.436105782414366],[128.59678414721108,36.41151896475988],[128.61024577303144,36.4178207972279],[128.65360302734877,36.42953261713288],[128.6628837387521,36.43754701948195],[128.67805616212942,36.438416382896804],[128.7066420393923,36.448020817848885],[128.7042574154842,36.45447432974514],[128.70963883436005,36.473286213215225],[128.7178791713509,36.481944070133366],[128.72783301807397,36.47635971982432],[128.74713933919872,36.489182880321295],[128.76738600112336,36.48089172325685],[128.775998080446,36.46879600052099],[128.79262023645322,36.465765751077534],[128.79993629006722,36.45879195654937],[128.83021216159213,36.451847801642316],[128.83431526018822,36.4276310861647],[128.8411284700557,36.422365688555686],[128.84427184982022,36.40789165915449],[128.85960079604592,36.38775362361687],[128.87757952530887,36.37508332410305],[128.87214285570371,36.36611388616934],[128.88080899312945,36.35623324193772],[128.89286990080646,36.3257868912748],[128.88747335014827,36.316388143885554],[128.8893056230567,36.29742482185389],[128.91283726202317,36.29849386748878],[128.93227586269109,36.30830548993822],[128.9330498115543,36.31801716704004],[128.9446773988754,36.325923105225044],[128.95065791270284,36.33581693663007],[128.96213307756435,36.33838570999184],[128.9662216355097,36.36113630419713],[128.96162039086113,36.36668255822637],[128.9838620365408,36.40455990255566],[128.9816639885291,36.423971429209644],[128.97306676980054,36.43149295755049],[128.97597603902764,36.44302330578113],[128.96883441153622,36.463145006436335],[128.97956272235348,36.468663428029835],[128.9827975591854,36.48622671066336],[128.99487308498186,36.49870229222346],[128.99727096897996,36.5105175839435],[128.98569015386445,36.51567100749992],[128.9822028132454,36.524879984578945],[128.97192060470715,36.53117275933694],[128.97913986586076,36.545693329010696],[128.99173067873326,36.549343592398124],[128.97968439824794,36.56491952274052],[128.98405645685008,36.57320227843],[128.99945107889334,36.58685641042626],[128.99903143213797,36.593471349637646],[128.99660866978422,36.618530067833625],[128.9910718302762,36.62335230298975],[128.99555743157458,36.65619848612346],[128.9901686798729,36.674231471965285],[128.99179519760668,36.688913718211666],[128.9974369007056,36.69538833924343],[128.99953011475947,36.7190062732495],[128.98741346210838,36.735623015302124],[128.99015966080913,36.74706504962596],[128.96978699170194,36.74723410921128],[128.95455224721738,36.77030569133954],[128.94239512075566,36.77379090837038],[128.92063829281943,36.767251434892124],[128.91263269045206,36.77388223187541],[128.89137017290574,36.77353005002006],[128.88456351072,36.78399211046688],[128.87479281375204,36.78491817796021],[128.86393235992927,36.79870800883557],[128.84338153021292,36.80350087121784],[128.8412090064989,36.809237341225426],[128.81951607322355,36.80967768749287],[128.81166271406263,36.79594906154071],[128.80344835763427,36.80620727345777],[128.806433430104,36.82056047527751],[128.77698716246033,36.80505606601431],[128.76617715393948,36.80277429236398],[128.7586872626353,36.810018971040954],[128.74652335766248,36.80706080588883],[128.7433801185726,36.79612831444957],[128.73643369066312,36.78318429423209],[128.7453766734314,36.777438627113185],[128.73623140818358,36.76626490760811],[128.74293685502244,36.75575935047501],[128.7318784108503,36.72908815598555],[128.72913263077632,36.71383292036867],[128.73783397809726,36.70390674948011],[128.72744165430817,36.69564128327122],[128.7162783608644,36.703394500220575],[128.69835888609245,36.70643730044323],[128.6785814444112,36.69924156000489],[128.66283739224863,36.71479885021757],[128.6519942813669,36.71074757729073],[128.63037416809405,36.71976673746927],[128.6154643180854,36.711885923182415],[128.60834318538173,36.71686701867153],[128.59582623086607,36.71234735750675],[128.59762505008905,36.70277297620142]]]},"properties":{"code":"47170","name":"안동시","sido":"경상북도","code2018":"37040"}},{"type":"Feature","geometry":{"type":"Polygon","coordinates":[[[128.29323324698564,36.09102997293836],[128.30603008258993,36.08599564504824],[128.33056416494443,36.091454854871586],[128.34703042323622,36.07174935488792],[128.36146059341925,36.06070528342198],[128.37857868856213,36.06545137814497],[128.38258594495775,36.07399988956882],[128.3984459830567,36.09039848889461],[128.40852678490856,36.083279250818734],[128.42405598741126,36.08419625180448],[128.44348290082817,36.078774758953095],[128.46272852829267,36.06967390609625],[128.46496153805685,36.08327331838306],[128.47689148613813,36.09277083420478],[128.48269571568176,36.110264563605405],[128.49673982806704,36.115825179481675],[128.50830229345752,36.11065853950965],[128.51969845450822,36.11473110460267],[128.54806790076174,36.108905513041535],[128.56309854374453,36.11167669770787],[128.5486401642974,36.1309817040515],[128.55047179287718,36.15073503391162],[128.54249598141485,36.15479290296784],[128.54436027211,36.16611126847375],[128.5542923284247,36.17340523745367],[128.5389458814859,36.19366764867804],[128.51802286460776,36.200539816063696],[128.51256534643403,36.19120285892137],[128.49471623622867,36.197711523062765],[128.4887604688875,36.213379477935035],[128.48608953216572,36.231219878598495],[128.47797353972314,36.233948392462395],[128.44078169788926,36.21801424909969],[128.43359353043,36.235163624368106],[128.4238230280327,36.236646761286764],[128.41656550483103,36.25763147918003],[128.4265227639111,36.27367424464428],[128.41125451269397,36.287511163902586],[128.4016496952312,36.28949089929137],[128.3809985985802,36.31235141623857],[128.36613097426775,36.33893349196577],[128.3508033674843,36.351118863175344],[128.334506295136,36.34882251740182],[128.31617189532005,36.33542256552651],[128.30487948819624,36.33257749302823],[128.30164546596558,36.34359642343612],[128.28404611886023,36.34725350330279],[128.27186769471365,36.36184907802598],[128.253289871886,36.36037362330147],[128.25141846664906,36.35175274079565],[128.23792449501727,36.3421419884994],[128.2300491613113,36.32978811039232],[128.2291771191541,36.30439309879454],[128.21850520839166,36.30711116504483],[128.20675607285298,36.29886214702091],[128.1705247352453,36.29995729994636],[128.1401522662302,36.28625045458684],[128.13276136259944,36.26794146549013],[128.13704885134658,36.25715120394254],[128.16190006603657,36.256455507924386],[128.17316564015792,36.24543992070428],[128.1968553737891,36.2447346497577],[128.2362111721592,36.22493929050435],[128.23358774346266,36.218514141563084],[128.24433667226748,36.199132337094255],[128.25672741204372,36.201099684659184],[128.2712938680267,36.19527900119153],[128.27055760344277,36.1740780674608],[128.2950813412197,36.16830668137811],[128.2872960592469,36.1473922975708],[128.29413863669885,36.13070337521156],[128.27742537891993,36.11369674949132],[128.27558639329814,36.10346024304525],[128.29323324698564,36.09102997293836]]]},"properties":{"code":"47190","name":"구미시","sido":"경상북도","code2018":"37050"}},{"type":"Feature","geometry":{"type":"Polygon","coordinates":[[[128.65222772050285,37.06545686450225],[128.64461641320358,37.06192599188822],[128.63067312637384,37.03917130653631],[128.61926567694755,37.04954960139756],[128.60678837500316,37.04339579681032],[128.583858340636,37.04389168455068],[128.56516267619105,37.030866848307454],[128.5728213180685,37.02188168117269],[128.56992059397695,37.01373228275177],[128.55635353406086,37.005672768981086],[128.55471038740134,36.99823499494264],[128.53808577769047,36.99076100617649],[128.5160243965374,36.9868871225558],[128.51362876208327,36.97681119768723],[128.5048644362648,36.96914485406253],[128.4761651784662,36.95720050929242],[128.4632417928852,36.94744564488519],[128.46020161003437,36.934006045109754],[128.44186829018182,36.92790034504324],[128.44539665815682,36.91775151878029],[128.44010726085588,36.901370626358],[128.4269532043518,36.88930708654278],[128.42440683903914,36.87647074297152],[128.43857971221533,36.87331410600594],[128.44891961467798,36.86338609216119],[128.44911010799643,36.84891436503374],[128.46209519620024,36.84683269810329],[128.48125816707378,36.83492107227747],[128.47098600191825,36.80345349560308],[128.4822489260028,36.7767469988254],[128.50637476743037,36.763800939282945],[128.5190282410803,36.77136833491347],[128.53656797117105,36.7733632039918],[128.54190683388336,36.76762523549279],[128.56144691719382,36.76012343460603],[128.5785158492272,36.7321368644082],[128.5761818472865,36.724855925267505],[128.5897457843344,36.700875415344385],[128.59762505008905,36.70277297620142],[128.59582623086607,36.71234735750675],[128.60834318538173,36.71686701867153],[128.6154643180854,36.711885923182415],[128.63037416809405,36.71976673746927],[128.6519942813669,36.71074757729073],[128.66283739224863,36.71479885021757],[128.6785814444112,36.69924156000489],[128.69835888609245,36.70643730044323],[128.7162783608644,36.703394500220575],[128.72744165430817,36.69564128327122],[128.73783397809726,36.70390674948011],[128.72913263077632,36.71383292036867],[128.7318784108503,36.72908815598555],[128.74293685502244,36.75575935047501],[128.73623140818358,36.76626490760811],[128.7453766734314,36.777438627113185],[128.73643369066312,36.78318429423209],[128.7433801185726,36.79612831444957],[128.73213773328015,36.79155488438652],[128.72209051536822,36.80044913049241],[128.72760127891527,36.818826343435084],[128.71834354908918,36.82471185434565],[128.7366709425627,36.839327167313165],[128.72557037056984,36.860412308942465],[128.70542824947358,36.867064919173124],[128.7013916246417,36.860749836971905],[128.6861674831066,36.86331931145804],[128.6779325782369,36.85029168446202],[128.66215951502716,36.843527146698825],[128.64432140002933,36.863403815801384],[128.6557682493479,36.869244520250575],[128.6373623813665,36.88767785071331],[128.64913025222435,36.90951933128501],[128.66632102355868,36.91782202404739],[128.6601112148071,36.92839768310471],[128.66173132421,36.938006462256034],[128.67515089884776,36.94570212628933],[128.6862573277879,36.95976792915342],[128.6942017198872,36.99844513312014],[128.70141261765804,37.01292632166308],[128.70008178869227,37.02484943533782],[128.7089378210124,37.03923019812747],[128.7007065614917,37.0409957158272],[128.68867294388707,37.05307122354835],[128.65222772050285,37.06545686450225]]]},"properties":{"code":"47210","name":"영주시","sido":"경상북도","code2018":"37060"}},{"type":"Feature","geometry":{"type":"Polygon","coordinates":[[[128.9874917298352,36.16796491628093],[128.97387941048964,36.16086394037359],[128.94969011833743,36.16896899803018],[128.9408631077905,36.17721336849757],[128.91450740232523,36.180955466019846],[128.89605094761419,36.173443362099746],[128.90008530322925,36.16254592643499],[128.8925032949396,36.15553820029258],[128.89150557147892,36.14338656108993],[128.859100249856,36.145306263211516],[128.85098970605986,36.13842607293102],[128.85017030267767,36.11887424526866],[128.83568482329605,36.10582565587693],[128.82226194542525,36.10053912381565],[128.81636475925887,36.09227895975821],[128.798466496846,36.084970346504505],[128.76447727249405,36.100509989187415],[128.75158718977173,36.10362748932948],[128.72520305208985,36.090377778602374],[128.7294134869012,36.08104050121212],[128.71402001392295,36.075593411063394],[128.70255853121589,36.05561546805699],[128.70469644726973,36.045658358512355],[128.69524562537185,36.016296647152906],[128.70052014311597,36.01120515860692],[128.7255560935835,36.004808499796695],[128.73516276731831,35.99290436358518],[128.75203820807673,35.99074550063952],[128.77245440948144,35.98301894497054],[128.7860713123741,35.98799843281529],[128.81184133671192,35.973224803932915],[128.81321798293922,35.96539777439067],[128.82780823934365,35.96403401432221],[128.83653670555447,35.96813723899696],[128.85217019831032,35.95951215167693],[128.86031999362396,35.943069419542844],[128.86220837176828,35.928537201184696],[128.85657388112602,35.916046541277616],[128.85532376287495,35.89977727387998],[128.87477231569832,35.88755719214707],[128.85921993387583,35.8788412602276],[128.87297809404603,35.865959917676534],[128.87517651574055,35.85102167999667],[128.88222596192546,35.84315099121359],[128.9101068270281,35.831603470978294],[128.93359455101546,35.83711854903333],[128.94402751221827,35.8298630434902],[128.95919828913296,35.841696936181854],[128.97076130541623,35.83544328783689],[128.97774404778752,35.83288585165093],[129.01412912518515,35.84619748960154],[129.01870881975628,35.85640612815832],[129.03291954391136,35.87070959119515],[129.02604667323874,35.89056732411528],[129.02852661551864,35.904665051265965],[129.06050970395805,35.92614778513888],[129.0647652124338,35.940853207919965],[129.09457078111538,35.94069105863482],[129.11386928195682,35.92321324229316],[129.13094197416171,35.924030338828906],[129.13484371674141,35.931662919338955],[129.12738965328717,35.949873681911555],[129.11777590563452,35.96006415681754],[129.11714131427001,35.98553136824123],[129.11056974255536,35.99674439006964],[129.11435745540706,36.012100355469464],[129.13251616116918,36.00575773075963],[129.14428722246433,36.01151708172615],[129.1342119196106,36.03423939541667],[129.15157052078865,36.054838042187214],[129.14133146448097,36.05801818633776],[129.1288281661485,36.08085657097444],[129.11994469824634,36.078921081744696],[129.1009023436818,36.08907725932633],[129.09255285597345,36.099796811057615],[129.1050256937507,36.11422226063572],[129.09772575858256,36.121850800509996],[129.0713123070746,36.114736405609],[129.05663039219357,36.13165968911804],[129.0617417926893,36.14352442259129],[129.04492422208511,36.15668750498576],[129.02561923488736,36.15900929697938],[128.9874917298352,36.16796491628093]]]},"properties":{"code":"47230","name":"영천시","sido":"경상북도","code2018":"37070"}},{"type":"Feature","geometry":{"type":"Polygon","coordinates":[[[128.13704885134658,36.25715120394254],[128.13276136259944,36.26794146549013],[128.1401522662302,36.28625045458684],[128.1705247352453,36.29995729994636],[128.20675607285298,36.29886214702091],[128.21850520839166,36.30711116504483],[128.2291771191541,36.30439309879454],[128.2300491613113,36.32978811039232],[128.23792449501727,36.3421419884994],[128.25141846664906,36.35175274079565],[128.253289871886,36.36037362330147],[128.27186769471365,36.36184907802598],[128.28404611886023,36.34725350330279],[128.30990386489887,36.361034706759526],[128.31137092876682,36.37575523292364],[128.3177417125395,36.38677752779793],[128.32656015153898,36.38608475812114],[128.33793885007012,36.4028876655089],[128.33207731254723,36.42124888779711],[128.3230076747916,36.42762161158776],[128.3262191822494,36.437989984350786],[128.31289028775205,36.45639961999229],[128.2990230447428,36.46341489515971],[128.28053445883842,36.463716373792444],[128.26991116001216,36.48271038771666],[128.27063761566365,36.49271344695222],[128.26441097169462,36.50754291139855],[128.26864836267364,36.5330226539109],[128.25324620127483,36.53419113590527],[128.23654572001206,36.5286122405041],[128.2220924643532,36.533336636794644],[128.21868877928046,36.54083075934457],[128.2151911690864,36.57376499391411],[128.18943274101443,36.58356924698278],[128.17846178398756,36.5835848920655],[128.17574889127377,36.59699970382474],[128.1647552446629,36.5975669430683],[128.12324928892485,36.61931893134176],[128.1120814472315,36.61095070264502],[128.0867741762704,36.609237325580516],[128.0727559948489,36.60500241001427],[128.05688271313272,36.57896629209289],[128.0656766690233,36.5624098445465],[128.05224793313337,36.54614206953705],[128.0406184270963,36.54827094968245],[128.0166256214139,36.54401709153524],[128.0048895793443,36.55071568167699],[127.97865015283128,36.54241074599601],[127.98153614440288,36.52832674712603],[127.97699012031521,36.51355974134331],[127.96102258016656,36.520214205967505],[127.95815797600032,36.52692343655203],[127.94423750755936,36.525881705409425],[127.9309728832232,36.534721929062734],[127.94126835952918,36.55111722246419],[127.93068049461442,36.57760011036905],[127.93306041754789,36.59056852326632],[127.92043519607621,36.60364852094976],[127.90972772892407,36.62573020184682],[127.88941316886705,36.62945989124438],[127.88914501437881,36.64027914062825],[127.87407100953085,36.65538560900438],[127.87055096616994,36.64393918535155],[127.86158437153667,36.6342262458137],[127.84800512102368,36.63336205649375],[127.84961158036643,36.61276735146113],[127.84205935913928,36.60864297227724],[127.82378688891913,36.61255118209651],[127.79840808894663,36.602280805215834],[127.79740860897324,36.59196510954198],[127.80464986848295,36.581662269661564],[127.82405337254568,36.57165946816934],[127.83012972179884,36.5744021526949],[127.86213949556914,36.56740556742711],[127.87336111114332,36.55525831763904],[127.87412057930455,36.53730743460551],[127.90192959431641,36.528173141923375],[127.90672089945132,36.50784688700815],[127.88847862150908,36.49310453043101],[127.88046639484268,36.4932705655292],[127.87884050534267,36.465769398873334],[127.88240226400916,36.46099920869096],[127.87302833713828,36.44170674510614],[127.8753363193612,36.428458063232725],[127.88284071055266,36.423503853434134],[127.86362892198693,36.40308188089563],[127.88429056765769,36.37978912046274],[127.87963235719995,36.371506602821995],[127.89132656044171,36.35955161263848],[127.88144562951723,36.34486492655001],[127.85208573245649,36.33039724727817],[127.84495130687378,36.316264998410446],[127.85131186144285,36.27573953763265],[127.8626526711624,36.27754009263511],[127.88428524168216,36.27367482774437],[127.8920410667616,36.29216979314774],[127.90509215193288,36.302378775098674],[127.90704739583418,36.286080579563496],[127.9133798662936,36.28088641377373],[127.93091373436454,36.278215466119555],[127.94730215532314,36.26723136991037],[127.94824628487564,36.25745086834934],[127.97085425760454,36.250434196279784],[127.98217036739776,36.264197383894036],[128.00055817202036,36.266374157633564],[128.01028392601086,36.27214783770398],[128.02623372844707,36.267867477480415],[128.04465646957203,36.25268141139318],[128.05096878085178,36.24419043499611],[128.07658538859152,36.241627922271036],[128.09646047742464,36.25229627576482],[128.1081153375602,36.23902448231542],[128.1189860476638,36.24319805262134],[128.12005010369535,36.252810361039906],[128.13704885134658,36.25715120394254]]]},"properties":{"code":"47250","name":"상주시","sido":"경상북도","code2018":"37080"}},{"type":"Feature","geometry":{"type":"Polygon","coordinates":[[[128.26864836267364,36.5330226539109],[128.26514321050075,36.55026082688621],[128.29770912676275,36.55314330090264],[128.2949833033908,36.57866028247995],[128.28547114741127,36.578100776284835],[128.28013818397645,36.59087623280266],[128.26664868756663,36.60277285889672],[128.275787034289,36.61541847832352],[128.2835965957842,36.61720243013418],[128.28962981544692,36.629533606698224],[128.30626814910283,36.63607196783456],[128.30740467476778,36.65390523406376],[128.3190394689303,36.65522588818179],[128.32033085256828,36.644495786834426],[128.3389418286314,36.64347256679885],[128.34786983940194,36.64721392751099],[128.32642234762378,36.668796355356136],[128.32036005200428,36.67829378724824],[128.33618824666598,36.693617017807966],[128.33105251098954,36.69945934343645],[128.3372683502719,36.70942251329553],[128.3314246265623,36.72045097323084],[128.3385562649224,36.74081763316984],[128.3596167522944,36.74019084829601],[128.36972901160573,36.75072576385943],[128.36277507371196,36.760807663978945],[128.36658878735415,36.80064320462207],[128.3544155341165,36.80916677800093],[128.3342286960589,36.816966881524216],[128.31663098462585,36.81661444523162],[128.31074120197403,36.82854974947895],[128.2966268812753,36.83443840179675],[128.28694383954462,36.844626428477724],[128.28201115595002,36.85662759338349],[128.2689822337826,36.86013476170917],[128.2419196703263,36.87279485620436],[128.23395525956184,36.855699341142916],[128.23682188014558,36.84812047431416],[128.21546234022668,36.84899252735726],[128.21283095405414,36.839400900624526],[128.21850422056644,36.81538195085369],[128.20876481024786,36.81352625798044],[128.1758717822156,36.8211862370676],[128.15601503591176,36.82331372272744],[128.13958784272822,36.83424285087646],[128.13365621481148,36.83221701177261],[128.12873314532365,36.824255845444654],[128.11223280978638,36.81889163241195],[128.10678410331715,36.80579101200189],[128.08399977532667,36.79944872359096],[128.08151210480708,36.806774210868575],[128.05955609408224,36.8168037224291],[128.05512126957854,36.79318232977922],[128.0445623625253,36.784569274487644],[128.0444243689262,36.7712461570824],[128.03214714160288,36.754642077947494],[128.03247701766645,36.74752374895669],[128.05564219368145,36.72871109682265],[128.0689508767222,36.721665993980615],[128.07132459910594,36.70729312574598],[128.04876754350613,36.7075450322863],[128.0222219369789,36.72587226641779],[128.00841385860605,36.72776876110593],[128.00261703605463,36.71663123600607],[127.98679978126262,36.71749872081816],[127.96077330747892,36.73677830811516],[127.95223486519524,36.71989530602379],[127.94911570821237,36.70595671569465],[127.93166668616641,36.706324874873374],[127.9276890571246,36.68978843775784],[127.91293635421961,36.692582037346334],[127.88735174714806,36.69131038163569],[127.89203896192859,36.68230690801638],[127.91292952204307,36.6777451974379],[127.91847711127824,36.667992007073465],[127.93231911165631,36.6651520956636],[127.93839965054764,36.651080480623605],[127.93163914460936,36.617936555864766],[127.92043519607621,36.60364852094976],[127.93306041754789,36.59056852326632],[127.93068049461442,36.57760011036905],[127.94126835952918,36.55111722246419],[127.9309728832232,36.534721929062734],[127.94423750755936,36.525881705409425],[127.95815797600032,36.52692343655203],[127.96102258016656,36.520214205967505],[127.97699012031521,36.51355974134331],[127.98153614440288,36.52832674712603],[127.97865015283128,36.54241074599601],[128.0048895793443,36.55071568167699],[128.0166256214139,36.54401709153524],[128.0406184270963,36.54827094968245],[128.05224793313337,36.54614206953705],[128.0656766690233,36.5624098445465],[128.05688271313272,36.57896629209289],[128.0727559948489,36.60500241001427],[128.0867741762704,36.609237325580516],[128.1120814472315,36.61095070264502],[128.12324928892485,36.61931893134176],[128.1647552446629,36.5975669430683],[128.17574889127377,36.59699970382474],[128.17846178398756,36.5835848920655],[128.18943274101443,36.58356924698278],[128.2151911690864,36.57376499391411],[128.21868877928046,36.54083075934457],[128.2220924643532,36.533336636794644],[128.23654572001206,36.5286122405041],[128.25324620127483,36.53419113590527],[128.26864836267364,36.5330226539109]]]},"properties":{"code":"47280","name":"문경시","sido":"경상북도","code2018":"37090"}},{"type":"Feature","geometry":{"type":"Polygon","coordinates":[[[128.73516276731831,35.99290436358518],[128.73138532635636,35.98713252992958],[128.74606281418323,35.9708118482763],[128.73903048806298,35.955324929851976],[128.7450759535975,35.94436034742968],[128.7383865694298,35.928393309131465],[128.75661490835896,35.91485009837706],[128.7576266630253,35.89589181443402],[128.76193783659107,35.88321758247416],[128.7600440069232,35.865457447398256],[128.75161994974155,35.85754835094341],[128.73577454255238,35.85090653260158],[128.7261287033778,35.857117704268205],[128.72518205975663,35.836566229535514],[128.70973823529076,35.82797238408634],[128.71768785551026,35.80671385175256],[128.6973706659196,35.794149435393344],[128.6825807950897,35.7899006175614],[128.69247398108448,35.75993133816751],[128.69437895703055,35.743880939442846],[128.70186836204158,35.74371478020565],[128.71528533157021,35.72079699621861],[128.73113421954153,35.72014786670723],[128.74358681970588,35.70386827056626],[128.76558893392766,35.70041320205711],[128.76438750863952,35.71614457811881],[128.7843516240941,35.73150048850592],[128.78930201538725,35.742345951631386],[128.81546742059678,35.743161701534],[128.82708600016858,35.73841177319265],[128.8370211715306,35.74520437217567],[128.8489790417607,35.74120056474005],[128.86654730321737,35.758026598134315],[128.8761871789361,35.748032635835955],[128.8865005094892,35.751238569240094],[128.8986506685841,35.76164732705378],[128.9034735648969,35.74686352935943],[128.91410422109973,35.7580571041425],[128.92614427364956,35.75546798190615],[128.93450248557716,35.7612978960776],[128.94634571772556,35.78149939886074],[128.94467784268627,35.78677626031768],[128.95556240860802,35.80281621488888],[128.9544432005279,35.81117726897405],[128.96593877047553,35.834492945385875],[128.97076130541623,35.83544328783689],[128.95919828913296,35.841696936181854],[128.94402751221827,35.8298630434902],[128.93359455101546,35.83711854903333],[128.9101068270281,35.831603470978294],[128.88222596192546,35.84315099121359],[128.87517651574055,35.85102167999667],[128.87297809404603,35.865959917676534],[128.85921993387583,35.8788412602276],[128.87477231569832,35.88755719214707],[128.85532376287495,35.89977727387998],[128.85657388112602,35.916046541277616],[128.86220837176828,35.928537201184696],[128.86031999362396,35.943069419542844],[128.85217019831032,35.95951215167693],[128.83653670555447,35.96813723899696],[128.82780823934365,35.96403401432221],[128.81321798293922,35.96539777439067],[128.81184133671192,35.973224803932915],[128.7860713123741,35.98799843281529],[128.77245440948144,35.98301894497054],[128.75203820807673,35.99074550063952],[128.73516276731831,35.99290436358518]]]},"properties":{"code":"47290","name":"경산시","sido":"경상북도","code2018":"37100"}},{"type":"Feature","geometry":{"type":"Polygon","coordinates":[[[128.56309854374453,36.11167669770787],[128.56874074549577,36.08978033201999],[128.5634548604096,36.0726070900637],[128.5691803841735,36.06067917934188],[128.59785159659583,36.075766994115554],[128.62266608097357,36.079510232550646],[128.6277786678249,36.06819300987569],[128.62934870216145,36.05124346261486],[128.62128690436947,36.02582459065571],[128.63715315102064,36.01714528942171],[128.6406121446559,36.010554962517766],[128.65129211366704,36.00765250299801],[128.66799487892465,36.01413977270915],[128.69524562537185,36.016296647152906],[128.70469644726973,36.045658358512355],[128.70255853121589,36.05561546805699],[128.71402001392295,36.075593411063394],[128.7294134869012,36.08104050121212],[128.72520305208985,36.090377778602374],[128.75158718977173,36.10362748932948],[128.76447727249405,36.100509989187415],[128.798466496846,36.084970346504505],[128.81636475925887,36.09227895975821],[128.82226194542525,36.10053912381565],[128.83568482329605,36.10582565587693],[128.85017030267767,36.11887424526866],[128.85098970605986,36.13842607293102],[128.859100249856,36.145306263211516],[128.89150557147892,36.14338656108993],[128.8925032949396,36.15553820029258],[128.90008530322925,36.16254592643499],[128.89605094761419,36.173443362099746],[128.881209393113,36.190126793793084],[128.8824582465982,36.19899953092592],[128.85856320548234,36.20800777043459],[128.8518557877389,36.214879786815885],[128.830037398874,36.217639568713864],[128.8048005456046,36.210381223373105],[128.79597343555957,36.19379957583478],[128.7700430170372,36.19347330283838],[128.7527031628756,36.20267266448178],[128.74943558471705,36.195907329999784],[128.7277015549543,36.200770441917044],[128.70872070599063,36.1985699104404],[128.6968470150569,36.20225598237869],[128.69439322009086,36.21410047519084],[128.6827648219843,36.21508355640904],[128.6693560592033,36.20917519977093],[128.66338657391609,36.221435946724526],[128.6493558528241,36.21768627902584],[128.63992164386596,36.2080906624626],[128.63175365432735,36.21623401114471],[128.63667389265422,36.23307591423375],[128.63104748178475,36.238775859586084],[128.64066726739608,36.25757202781224],[128.6240168207594,36.26677447232863],[128.59551822032512,36.277067950960934],[128.57636079673756,36.279643780636796],[128.5714713630919,36.27501086324235],[128.55189807505582,36.27490753313738],[128.54553153240502,36.29162383030583],[128.52926381130646,36.29387183814411],[128.52481606175766,36.29997082948177],[128.49787551600625,36.30336914398832],[128.47320844368218,36.31212295046356],[128.47287709491866,36.318353896603895],[128.45164009604503,36.32702248883257],[128.42776199738466,36.299132956132375],[128.41704112212395,36.299013540266564],[128.41125451269397,36.287511163902586],[128.4265227639111,36.27367424464428],[128.41656550483103,36.25763147918003],[128.4238230280327,36.236646761286764],[128.43359353043,36.235163624368106],[128.44078169788926,36.21801424909969],[128.47797353972314,36.233948392462395],[128.48608953216572,36.231219878598495],[128.4887604688875,36.213379477935035],[128.49471623622867,36.197711523062765],[128.51256534643403,36.19120285892137],[128.51802286460776,36.200539816063696],[128.5389458814859,36.19366764867804],[128.5542923284247,36.17340523745367],[128.54436027211,36.16611126847375],[128.54249598141485,36.15479290296784],[128.55047179287718,36.15073503391162],[128.5486401642974,36.1309817040515],[128.56309854374453,36.11167669770787]]]},"properties":{"code":"47720","name":"군위군","sido":"경상북도","code2018":"37310"}},{"type":"Feature","geometry":{"type":"Polygon","coordinates":[[[128.42921928369836,36.52196899591676],[128.41364075085338,36.520412067386545],[128.3986466001306,36.50894641124045],[128.37542891672263,36.50394612830362],[128.3617922129222,36.53164590362746],[128.34077130170175,36.52462359155553],[128.34529569282685,36.514234257045175],[128.33649716913717,36.500649896574956],[128.33737818942083,36.48919508810608],[128.31996429585016,36.471365501875056],[128.30874831153432,36.4641803059503],[128.31289028775205,36.45639961999229],[128.3262191822494,36.437989984350786],[128.3230076747916,36.42762161158776],[128.33207731254723,36.42124888779711],[128.33793885007012,36.4028876655089],[128.32656015153898,36.38608475812114],[128.3177417125395,36.38677752779793],[128.31137092876682,36.37575523292364],[128.30990386489887,36.361034706759526],[128.28404611886023,36.34725350330279],[128.30164546596558,36.34359642343612],[128.30487948819624,36.33257749302823],[128.31617189532005,36.33542256552651],[128.334506295136,36.34882251740182],[128.3508033674843,36.351118863175344],[128.36613097426775,36.33893349196577],[128.3809985985802,36.31235141623857],[128.4016496952312,36.28949089929137],[128.41125451269397,36.287511163902586],[128.41704112212395,36.299013540266564],[128.42776199738466,36.299132956132375],[128.45164009604503,36.32702248883257],[128.47287709491866,36.318353896603895],[128.47320844368218,36.31212295046356],[128.49787551600625,36.30336914398832],[128.52481606175766,36.29997082948177],[128.52926381130646,36.29387183814411],[128.54553153240502,36.29162383030583],[128.55189807505582,36.27490753313738],[128.5714713630919,36.27501086324235],[128.57636079673756,36.279643780636796],[128.59551822032512,36.277067950960934],[128.6240168207594,36.26677447232863],[128.64066726739608,36.25757202781224],[128.63104748178475,36.238775859586084],[128.63667389265422,36.23307591423375],[128.63175365432735,36.21623401114471],[128.63992164386596,36.2080906624626],[128.6493558528241,36.21768627902584],[128.66338657391609,36.221435946724526],[128.6693560592033,36.20917519977093],[128.6827648219843,36.21508355640904],[128.69439322009086,36.21410047519084],[128.6968470150569,36.20225598237869],[128.70872070599063,36.1985699104404],[128.7277015549543,36.200770441917044],[128.74943558471705,36.195907329999784],[128.7527031628756,36.20267266448178],[128.7700430170372,36.19347330283838],[128.79597343555957,36.19379957583478],[128.8048005456046,36.210381223373105],[128.830037398874,36.217639568713864],[128.8518557877389,36.214879786815885],[128.85856320548234,36.20800777043459],[128.8824582465982,36.19899953092592],[128.89368769147507,36.20338269679004],[128.895531031717,36.2135718565086],[128.8697376368708,36.231517295420815],[128.8857574560884,36.243257385436515],[128.875322516861,36.25506137004236],[128.85699843572593,36.25512284654388],[128.84660733315553,36.26166063962729],[128.87768639841897,36.27578901064125],[128.87990257186559,36.29652895317756],[128.8893056230567,36.29742482185389],[128.88747335014827,36.316388143885554],[128.89286990080646,36.3257868912748],[128.88080899312945,36.35623324193772],[128.87214285570371,36.36611388616934],[128.87757952530887,36.37508332410305],[128.85960079604592,36.38775362361687],[128.84427184982022,36.40789165915449],[128.8411284700557,36.422365688555686],[128.83431526018822,36.4276310861647],[128.83021216159213,36.451847801642316],[128.79993629006722,36.45879195654937],[128.79262023645322,36.465765751077534],[128.775998080446,36.46879600052099],[128.76738600112336,36.48089172325685],[128.74713933919872,36.489182880321295],[128.72783301807397,36.47635971982432],[128.7178791713509,36.481944070133366],[128.70963883436005,36.473286213215225],[128.7042574154842,36.45447432974514],[128.7066420393923,36.448020817848885],[128.67805616212942,36.438416382896804],[128.6628837387521,36.43754701948195],[128.65360302734877,36.42953261713288],[128.61024577303144,36.4178207972279],[128.59678414721108,36.41151896475988],[128.59414597525017,36.436105782414366],[128.57726701922132,36.43999638986712],[128.55942245501484,36.47218770049418],[128.55265392869154,36.47573231069466],[128.5520018956111,36.48822687834463],[128.53181734823303,36.49807946750977],[128.51431499509528,36.49759158428638],[128.50352718689152,36.50108336686838],[128.49887417283534,36.51357502299621],[128.49100318011568,36.51782298330036],[128.47627764184742,36.51394329780671],[128.47478899096814,36.498715788614554],[128.46435865163454,36.49875738748454],[128.4598925844265,36.48835170521176],[128.43339640810373,36.50305004529698],[128.43693185916646,36.516236645924856],[128.42921928369836,36.52196899591676]]]},"properties":{"code":"47730","name":"의성군","sido":"경상북도","code2018":"37320"}},{"type":"Feature","geometry":{"type":"Polygon","coordinates":[[[129.25194599964124,36.3209099011351],[129.25985997789186,36.33352350320527],[129.2430458269985,36.34596629486657],[129.22810588527122,36.34387427795542],[129.21624969882703,36.36096772965593],[129.21878832652752,36.37313571341149],[129.22791327906248,36.37987337629231],[129.22070193435522,36.386571718144296],[129.22660342551617,36.39881334286267],[129.21199197564468,36.407720039516626],[129.20892414149853,36.42115577538676],[129.19810037352363,36.43031465224932],[129.18877621126893,36.42697921692478],[129.17150969865304,36.434436070968786],[129.16908073616887,36.44639951615053],[129.15283853125607,36.46691618435176],[129.14792985866345,36.47780678487942],[129.15403099880115,36.492885305863496],[129.15212102499467,36.50032768505839],[129.1327687003707,36.50090804477694],[129.1277844356899,36.51307757498924],[129.12869256353846,36.5337597928728],[129.10762554317702,36.54405586527985],[129.06987841133318,36.54299885124136],[129.05208475169198,36.55883356914162],[129.04616569631457,36.58001093312273],[129.0319580350394,36.588082407200346],[129.00867038344717,36.58968272246484],[128.99903143213797,36.593471349637646],[128.99945107889334,36.58685641042626],[128.98405645685008,36.57320227843],[128.97968439824794,36.56491952274052],[128.99173067873326,36.549343592398124],[128.97913986586076,36.545693329010696],[128.97192060470715,36.53117275933694],[128.9822028132454,36.524879984578945],[128.98569015386445,36.51567100749992],[128.99727096897996,36.5105175839435],[128.99487308498186,36.49870229222346],[128.9827975591854,36.48622671066336],[128.97956272235348,36.468663428029835],[128.96883441153622,36.463145006436335],[128.97597603902764,36.44302330578113],[128.97306676980054,36.43149295755049],[128.9816639885291,36.423971429209644],[128.9838620365408,36.40455990255566],[128.96162039086113,36.36668255822637],[128.9662216355097,36.36113630419713],[128.96213307756435,36.33838570999184],[128.95065791270284,36.33581693663007],[128.9446773988754,36.325923105225044],[128.9330498115543,36.31801716704004],[128.93227586269109,36.30830548993822],[128.91283726202317,36.29849386748878],[128.8893056230567,36.29742482185389],[128.87990257186559,36.29652895317756],[128.87768639841897,36.27578901064125],[128.84660733315553,36.26166063962729],[128.85699843572593,36.25512284654388],[128.875322516861,36.25506137004236],[128.8857574560884,36.243257385436515],[128.8697376368708,36.231517295420815],[128.895531031717,36.2135718565086],[128.89368769147507,36.20338269679004],[128.8824582465982,36.19899953092592],[128.881209393113,36.190126793793084],[128.89605094761419,36.173443362099746],[128.91450740232523,36.180955466019846],[128.9408631077905,36.17721336849757],[128.94969011833743,36.16896899803018],[128.97387941048964,36.16086394037359],[128.9874917298352,36.16796491628093],[128.9977339017416,36.17904764197156],[129.0252623005781,36.18253675903899],[129.02758912663703,36.192850953444434],[129.04375880415935,36.22209935912475],[129.06690040603252,36.22681789027883],[129.08090228713135,36.23395910023396],[129.0725357981993,36.25217048279868],[129.05668008693323,36.25500815992921],[129.0529938929994,36.26369007665221],[129.0656507317193,36.27378273581124],[129.08128243116562,36.277329815456135],[129.1126490497352,36.26445001898185],[129.132367535536,36.26214505574208],[129.14712376428102,36.239261194206264],[129.17103218816314,36.224644781779034],[129.19042149129388,36.236525580759825],[129.20411888745724,36.25621339415326],[129.2057246358791,36.26455727582925],[129.22072508493073,36.27317851053277],[129.2257138474662,36.282411456261286],[129.2197346773946,36.30347517744209],[129.23883449661653,36.317335175760284],[129.25194599964124,36.3209099011351]]]},"properties":{"code":"47750","name":"청송군","sido":"경상북도","code2018":"37330"}},{"type":"Feature","geometry":{"type":"Polygon","coordinates":[[[128.99903143213797,36.593471349637646],[129.00867038344717,36.58968272246484],[129.0319580350394,36.588082407200346],[129.04616569631457,36.58001093312273],[129.05208475169198,36.55883356914162],[129.06987841133318,36.54299885124136],[129.10762554317702,36.54405586527985],[129.12869256353846,36.5337597928728],[129.1277844356899,36.51307757498924],[129.1327687003707,36.50090804477694],[129.15212102499467,36.50032768505839],[129.1733476147552,36.507711213644434],[129.18837942838363,36.49970195455053],[129.2228043328424,36.50363684735729],[129.22586463066105,36.51370845862707],[129.24399292868802,36.50866721943997],[129.24614946931413,36.51574953607032],[129.23568384957383,36.52957753966961],[129.2433897516586,36.56701670962786],[129.2368997062456,36.56948058149754],[129.2307501400297,36.58413300430531],[129.21659065027953,36.59020457775037],[129.23114002287505,36.6051743611808],[129.22878791784035,36.62346710328559],[129.24014799675214,36.629608250684136],[129.23067892989874,36.65351681588386],[129.23470414094152,36.66281910571671],[129.25401552790962,36.6712297473098],[129.26893959024488,36.67370706341147],[129.2788243081915,36.681060057749235],[129.27686214724255,36.691593573590296],[129.28663931861428,36.70239354674598],[129.29382054348625,36.71763578052572],[129.27142191335795,36.72536316592107],[129.27303266156215,36.745137509357725],[129.29816063582382,36.75749619520961],[129.29578915862726,36.76570533414539],[129.30289731465896,36.77641378140361],[129.31350495135143,36.78089342098616],[129.28915692811233,36.80818535045492],[129.29487869400864,36.824880122830905],[129.2831883136211,36.83340900084513],[129.27292281243464,36.8335718134794],[129.27557040474878,36.85911616579227],[129.28554900324977,36.86453012302014],[129.27871707720357,36.874325916127574],[129.26098185606446,36.87007015338914],[129.24770442977362,36.85278664036683],[129.22754780899817,36.86785751543968],[129.21736521830297,36.86397695468008],[129.20137865026368,36.865426122578526],[129.19023451254205,36.87982085568082],[129.165718232691,36.87530555890496],[129.15512573427603,36.8782074540554],[129.13830063155092,36.872882914576834],[129.12935516468906,36.86500585124167],[129.1219819394883,36.84803146493045],[129.10322408791754,36.83587475803361],[129.10076649567952,36.82974250807899],[129.08023902579578,36.81888553573681],[129.06867335401864,36.820636246523215],[129.04788493556745,36.799989073642465],[129.02738750463487,36.78532316899174],[129.00069351733296,36.78052595627202],[128.98407316664893,36.77290004951852],[128.99224381888268,36.75473443936519],[128.99015966080913,36.74706504962596],[128.98741346210838,36.735623015302124],[128.99953011475947,36.7190062732495],[128.9974369007056,36.69538833924343],[128.99179519760668,36.688913718211666],[128.9901686798729,36.674231471965285],[128.99555743157458,36.65619848612346],[128.9910718302762,36.62335230298975],[128.99660866978422,36.618530067833625],[128.99903143213797,36.593471349637646]]]},"properties":{"code":"47760","name":"영양군","sido":"경상북도","code2018":"37340"}},{"type":"Feature","geometry":{"type":"Polygon","coordinates":[[[129.37627236731666,36.26830475491421],[129.38158743052128,36.27486858825545],[129.37959995202914,36.29062519170272],[129.37953326765626,36.333015064946395],[129.3897563474088,36.34759387662824],[129.3893640164466,36.35675643181193],[129.4251742608508,36.40563449447704],[129.43059072871083,36.40958773897836],[129.43636507431273,36.428898954767426],[129.4339343123252,36.437043073756875],[129.43801575764962,36.46291995907615],[129.4343379894432,36.48319676470985],[129.44523650670618,36.48870668505186],[129.45014061974263,36.5126843596712],[129.44071864773858,36.53022637440642],[129.44069928858707,36.551822305228626],[129.4174734448786,36.57658515848582],[129.41057517454496,36.59473217828344],[129.41611026863092,36.6049551821887],[129.41219624501238,36.62243299269495],[129.41833120619341,36.63992518421921],[129.4237501234734,36.643255063102835],[129.41943165515747,36.65028095189943],[129.39687883665397,36.665452324738474],[129.38457465323168,36.67016101962136],[129.3610465052485,36.65874307659079],[129.34862137973298,36.65700553497206],[129.29476067442312,36.67024093028209],[129.2850719202313,36.66749523700136],[129.26893959024488,36.67370706341147],[129.25401552790962,36.6712297473098],[129.23470414094152,36.66281910571671],[129.23067892989874,36.65351681588386],[129.24014799675214,36.629608250684136],[129.22878791784035,36.62346710328559],[129.23114002287505,36.6051743611808],[129.21659065027953,36.59020457775037],[129.2307501400297,36.58413300430531],[129.2368997062456,36.56948058149754],[129.2433897516586,36.56701670962786],[129.23568384957383,36.52957753966961],[129.24614946931413,36.51574953607032],[129.24399292868802,36.50866721943997],[129.22586463066105,36.51370845862707],[129.2228043328424,36.50363684735729],[129.18837942838363,36.49970195455053],[129.1733476147552,36.507711213644434],[129.15212102499467,36.50032768505839],[129.15403099880115,36.492885305863496],[129.14792985866345,36.47780678487942],[129.15283853125607,36.46691618435176],[129.16908073616887,36.44639951615053],[129.17150969865304,36.434436070968786],[129.18877621126893,36.42697921692478],[129.19810037352363,36.43031465224932],[129.20892414149853,36.42115577538676],[129.21199197564468,36.407720039516626],[129.22660342551617,36.39881334286267],[129.22070193435522,36.386571718144296],[129.22791327906248,36.37987337629231],[129.21878832652752,36.37313571341149],[129.21624969882703,36.36096772965593],[129.22810588527122,36.34387427795542],[129.2430458269985,36.34596629486657],[129.25985997789186,36.33352350320527],[129.25194599964124,36.3209099011351],[129.2666694730301,36.32079884871858],[129.28494229919482,36.33322764115184],[129.3016561182707,36.31809792321657],[129.30021353786782,36.307311287055164],[129.28648860213772,36.29839572532502],[129.2866098551239,36.28609845535586],[129.30435923649316,36.2677285577794],[129.31421989886252,36.27090409690017],[129.33936102920532,36.26665243187025],[129.3534971526554,36.273063308972375],[129.37627236731666,36.26830475491421]]]},"properties":{"code":"47770","name":"영덕군","sido":"경상북도","code2018":"37350"}},{"type":"Feature","geometry":{"type":"Polygon","coordinates":[[[129.0033462950447,35.6201417657111],[129.007734402281,35.626807266157],[129.02713523882133,35.636349567652374],[129.0349725147922,35.63200032356123],[129.04731156623572,35.650146667720406],[129.04034767307272,35.65820330524213],[129.0344002003798,35.67622846355175],[129.0379431396928,35.687484025560934],[129.0195393204763,35.68821893333673],[129.00387794604853,35.69769154182576],[129.00497865979767,35.704846732258154],[128.99703310120074,35.717388848022196],[128.97274077463874,35.73694980712704],[128.97418215092281,35.770105449209204],[128.9875712345728,35.77243197977927],[128.9905131242802,35.8004529668634],[129.0033605972327,35.81636226622819],[129.01412912518515,35.84619748960154],[128.97774404778752,35.83288585165093],[128.97076130541623,35.83544328783689],[128.96593877047553,35.834492945385875],[128.9544432005279,35.81117726897405],[128.95556240860802,35.80281621488888],[128.94467784268627,35.78677626031768],[128.94634571772556,35.78149939886074],[128.93450248557716,35.7612978960776],[128.92614427364956,35.75546798190615],[128.91410422109973,35.7580571041425],[128.9034735648969,35.74686352935943],[128.8986506685841,35.76164732705378],[128.8865005094892,35.751238569240094],[128.8761871789361,35.748032635835955],[128.86654730321737,35.758026598134315],[128.8489790417607,35.74120056474005],[128.8370211715306,35.74520437217567],[128.82708600016858,35.73841177319265],[128.81546742059678,35.743161701534],[128.78930201538725,35.742345951631386],[128.7843516240941,35.73150048850592],[128.76438750863952,35.71614457811881],[128.76558893392766,35.70041320205711],[128.74358681970588,35.70386827056626],[128.73113421954153,35.72014786670723],[128.71528533157021,35.72079699621861],[128.70186836204158,35.74371478020565],[128.69437895703055,35.743880939442846],[128.69178604472668,35.732325675624246],[128.68339406211038,35.72175545926878],[128.663746487303,35.720550302597886],[128.6462321940473,35.708430125559346],[128.62307416321534,35.70339934174056],[128.61396598002008,35.71059930126842],[128.61029467009595,35.72534527808188],[128.61666211361845,35.7371167496519],[128.5819074594554,35.73879889224067],[128.5661549666101,35.7364670611031],[128.54407723238444,35.719282404719],[128.5288917194372,35.71389277062813],[128.53513554545958,35.69401993189054],[128.52641436462469,35.68237968937188],[128.53145551879908,35.662170906676494],[128.5383365239031,35.65488552273461],[128.53471833146003,35.6437994413841],[128.536502908741,35.62365366519475],[128.5580487978828,35.61494238630732],[128.5596854389683,35.60325394801163],[128.57426287292287,35.592213536005154],[128.59343594762274,35.58432803156002],[128.6068487191421,35.58042434941135],[128.63109184965947,35.58665757687554],[128.65802843883378,35.597740510350356],[128.69127571340337,35.59442062730833],[128.70326846285028,35.5785263222399],[128.7251096338181,35.58056877443445],[128.7539395041836,35.57018258796263],[128.76808548060032,35.570508156663955],[128.78675276491242,35.566090259606234],[128.79613296833764,35.57353226283128],[128.80216449110554,35.58845214828763],[128.833470150563,35.59738627577223],[128.84301208735312,35.58908400857373],[128.85345028671813,35.59638706361767],[128.8723592293767,35.62108216978386],[128.87472291074045,35.63490343078154],[128.88555062296956,35.629837576079886],[128.90740834065136,35.63508164696104],[128.914937300231,35.64541162295966],[128.92307744758477,35.637854703321615],[128.94094601733812,35.633071122271275],[128.9602850518269,35.619284845629046],[128.9856541034807,35.607859555201706],[129.0033462950447,35.6201417657111]]]},"properties":{"code":"47820","name":"청도군","sido":"경상북도","code2018":"37360"}},{"type":"Feature","geometry":{"type":"Polygon","coordinates":[[[128.3707652337326,35.61116289159724],[128.38610030181658,35.61240939580742],[128.40167978705657,35.632070592608855],[128.4029446630482,35.64192395485151],[128.38161259460497,35.65528747359899],[128.35553525748992,35.680904934296755],[128.35103630309638,35.702879888521025],[128.3596540727213,35.707504450834925],[128.3751700775888,35.702487945590235],[128.417837271036,35.69312163939019],[128.43316926863702,35.703019066579316],[128.43249633621565,35.725377986550555],[128.41436056981874,35.737550774338295],[128.39264023537373,35.745534337025646],[128.3864357794202,35.76334511963138],[128.40001335259117,35.77962823825661],[128.40741579379835,35.7965345750722],[128.42028493311463,35.80935644004314],[128.4675967552405,35.80834117864569],[128.48043456310168,35.81774535682662],[128.4706372592061,35.83299525128517],[128.46011932831604,35.84126184482799],[128.42278774983126,35.85125664259699],[128.39008701486196,35.85037050598948],[128.39168535497222,35.838374440176814],[128.3765100641597,35.83607956761091],[128.38073873354472,35.822208693892854],[128.369404951543,35.81035215101387],[128.36892962222962,35.793463066686506],[128.35049624853878,35.79911887829598],[128.33617814515992,35.79988374824937],[128.319242399101,35.81383722229245],[128.30639463551393,35.81225912038047],[128.2925091683487,35.823655616762224],[128.28033729112698,35.82716647811674],[128.27375643106546,35.82205091908288],[128.2758314321525,35.79137996050824],[128.25984839617655,35.794541963829076],[128.23972741832793,35.7821700410345],[128.2182914171169,35.7919538533407],[128.21374321603597,35.810222914675784],[128.2086065822782,35.81545653047671],[128.18841692011478,35.81983194266391],[128.1771181003084,35.81867627883875],[128.16009707987325,35.80845247500559],[128.1791186705055,35.788299132711145],[128.16405642414114,35.7770268436216],[128.1649997665608,35.76348937094174],[128.18925972120735,35.752343204036094],[128.20156879265045,35.72280853689266],[128.20445601853723,35.69735631600333],[128.19440460074966,35.6843550409675],[128.17930370133917,35.673020363631],[128.16262315066567,35.671820188456635],[128.15773132797975,35.657753328402684],[128.1637342512458,35.65349415020238],[128.18405508251425,35.6584709345837],[128.2010951906981,35.64375612496794],[128.227987281885,35.6397198484492],[128.24391758486166,35.655521959368315],[128.26110099567913,35.64268892434193],[128.27840202400503,35.65175313405209],[128.2972625282959,35.65618736003463],[128.34094723810753,35.644152488626304],[128.354918259,35.64247324512014],[128.36305100451662,35.628575198025636],[128.36234678654395,35.61189343129063],[128.3707652337326,35.61116289159724]]]},"properties":{"code":"47830","name":"고령군","sido":"경상북도","code2018":"37370"}},{"type":"Feature","geometry":{"type":"Polygon","coordinates":[[[128.09067520128914,35.83081373925134],[128.10870847346575,35.82390472173884],[128.12413151425295,35.822350695076],[128.12168721624772,35.803567397675465],[128.12880550773588,35.7893746119665],[128.13975078646274,35.78404633601224],[128.15477468594392,35.786494160339835],[128.16405642414114,35.7770268436216],[128.1791186705055,35.788299132711145],[128.16009707987325,35.80845247500559],[128.1771181003084,35.81867627883875],[128.18841692011478,35.81983194266391],[128.2086065822782,35.81545653047671],[128.21374321603597,35.810222914675784],[128.2182914171169,35.7919538533407],[128.23972741832793,35.7821700410345],[128.25984839617655,35.794541963829076],[128.2758314321525,35.79137996050824],[128.27375643106546,35.82205091908288],[128.28033729112698,35.82716647811674],[128.2925091683487,35.823655616762224],[128.30639463551393,35.81225912038047],[128.319242399101,35.81383722229245],[128.33617814515992,35.79988374824937],[128.35049624853878,35.79911887829598],[128.36892962222962,35.793463066686506],[128.369404951543,35.81035215101387],[128.38073873354472,35.822208693892854],[128.3765100641597,35.83607956761091],[128.39168535497222,35.838374440176814],[128.39008701486196,35.85037050598948],[128.3854770358069,35.86524225820967],[128.39371466251114,35.883039543990016],[128.4039506720371,35.910047180164675],[128.39770714818084,35.939080867870004],[128.36951645583474,35.9423161149343],[128.35977742291266,35.95621304954734],[128.34887111790388,35.95447161647649],[128.34053281230138,35.963699252539904],[128.3391217961016,35.975777408495425],[128.31932577043779,35.98264468546439],[128.31445515186098,35.98927025436678],[128.3091778888269,36.02932508055927],[128.2964522927634,36.0304906629866],[128.28910731007323,36.042993571476934],[128.28414322029525,36.0466065010731],[128.2422573958683,36.04817251730487],[128.230818068824,36.054124826660136],[128.20884045984448,36.04491647069438],[128.1971208855719,36.04387641754281],[128.19600723677834,36.0334867707512],[128.1674079918577,36.02966530059963],[128.16753970959215,35.989276885408856],[128.15774012255142,35.987318601473106],[128.15079911788686,35.96636479358821],[128.1318755423406,35.95903772062721],[128.11169392091455,35.96421625480322],[128.09627965489355,35.95479117745403],[128.0885230832042,35.94569466653108],[128.09128665356766,35.930940737694335],[128.08402935005464,35.92187677454297],[128.0713751611071,35.93622562665534],[128.05666006625458,35.941717902205184],[128.04674962962207,35.93222888876202],[128.04937839899807,35.91864431842427],[128.06040043074202,35.90740596746746],[128.07090111864363,35.88062607642455],[128.08110213851833,35.872937796851474],[128.07293688448374,35.85012708909271],[128.07871283152147,35.83892876199547],[128.09067520128914,35.83081373925134]]]},"properties":{"code":"47840","name":"성주군","sido":"경상북도","code2018":"37380"}},{"type":"Feature","geometry":{"type":"Polygon","coordinates":[[[128.28910731007323,36.042993571476934],[128.2964522927634,36.0304906629866],[128.3091778888269,36.02932508055927],[128.31445515186098,35.98927025436678],[128.31932577043779,35.98264468546439],[128.3391217961016,35.975777408495425],[128.34053281230138,35.963699252539904],[128.34887111790388,35.95447161647649],[128.35977742291266,35.95621304954734],[128.36951645583474,35.9423161149343],[128.39770714818084,35.939080867870004],[128.4039506720371,35.910047180164675],[128.39371466251114,35.883039543990016],[128.4033357979906,35.889098341952824],[128.4104773234897,35.90673529682366],[128.42491583719791,35.927910670569986],[128.44117174376967,35.934817660084825],[128.46254519409993,35.93779799590286],[128.4756792241082,35.93599522605667],[128.47397765587712,35.917143034387315],[128.4668646835384,35.90716028756209],[128.47539045797086,35.89522425517197],[128.49264408183768,35.89626718236119],[128.50414624397732,35.89058837900324],[128.505170449346,35.90299688775738],[128.52966140017898,35.923584511626174],[128.53506262246276,35.9387534716462],[128.5270093073374,35.975827411374155],[128.55624232647708,35.97059243940414],[128.57196178192893,35.97771429745414],[128.59091728334175,35.97911143326427],[128.6038415336013,35.98852780446833],[128.61723858306772,36.005110132736114],[128.6406121446559,36.010554962517766],[128.63715315102064,36.01714528942171],[128.62128690436947,36.02582459065571],[128.62934870216145,36.05124346261486],[128.6277786678249,36.06819300987569],[128.62266608097357,36.079510232550646],[128.59785159659583,36.075766994115554],[128.5691803841735,36.06067917934188],[128.5634548604096,36.0726070900637],[128.56874074549577,36.08978033201999],[128.56309854374453,36.11167669770787],[128.54806790076174,36.108905513041535],[128.51969845450822,36.11473110460267],[128.50830229345752,36.11065853950965],[128.49673982806704,36.115825179481675],[128.48269571568176,36.110264563605405],[128.47689148613813,36.09277083420478],[128.46496153805685,36.08327331838306],[128.46272852829267,36.06967390609625],[128.44348290082817,36.078774758953095],[128.42405598741126,36.08419625180448],[128.40852678490856,36.083279250818734],[128.3984459830567,36.09039848889461],[128.38258594495775,36.07399988956882],[128.37857868856213,36.06545137814497],[128.36146059341925,36.06070528342198],[128.34703042323622,36.07174935488792],[128.33056416494443,36.091454854871586],[128.30603008258993,36.08599564504824],[128.29323324698564,36.09102997293836],[128.28494808980287,36.08109217925933],[128.30083860643316,36.06257015675495],[128.2986183095125,36.05157775093343],[128.28910731007323,36.042993571476934]]]},"properties":{"code":"47850","name":"칠곡군","sido":"경상북도","code2018":"37390"}},{"type":"Feature","geometry":{"type":"Polygon","coordinates":[[[128.59762505008905,36.70277297620142],[128.5897457843344,36.700875415344385],[128.5761818472865,36.724855925267505],[128.5785158492272,36.7321368644082],[128.56144691719382,36.76012343460603],[128.54190683388336,36.76762523549279],[128.53656797117105,36.7733632039918],[128.5190282410803,36.77136833491347],[128.50637476743037,36.763800939282945],[128.4822489260028,36.7767469988254],[128.47098600191825,36.80345349560308],[128.48125816707378,36.83492107227747],[128.46209519620024,36.84683269810329],[128.44911010799643,36.84891436503374],[128.43431505123615,36.834021078811915],[128.4316697423075,36.82413483505545],[128.42064591567234,36.811416391162574],[128.3818230264966,36.8139789677096],[128.36658878735415,36.80064320462207],[128.36277507371196,36.760807663978945],[128.36972901160573,36.75072576385943],[128.3596167522944,36.74019084829601],[128.3385562649224,36.74081763316984],[128.3314246265623,36.72045097323084],[128.3372683502719,36.70942251329553],[128.33105251098954,36.69945934343645],[128.33618824666598,36.693617017807966],[128.32036005200428,36.67829378724824],[128.32642234762378,36.668796355356136],[128.34786983940194,36.64721392751099],[128.3389418286314,36.64347256679885],[128.32033085256828,36.644495786834426],[128.3190394689303,36.65522588818179],[128.30740467476778,36.65390523406376],[128.30626814910283,36.63607196783456],[128.28962981544692,36.629533606698224],[128.2835965957842,36.61720243013418],[128.275787034289,36.61541847832352],[128.26664868756663,36.60277285889672],[128.28013818397645,36.59087623280266],[128.28547114741127,36.578100776284835],[128.2949833033908,36.57866028247995],[128.29770912676275,36.55314330090264],[128.26514321050075,36.55026082688621],[128.26864836267364,36.5330226539109],[128.26441097169462,36.50754291139855],[128.27063761566365,36.49271344695222],[128.26991116001216,36.48271038771666],[128.28053445883842,36.463716373792444],[128.2990230447428,36.46341489515971],[128.31289028775205,36.45639961999229],[128.30874831153432,36.4641803059503],[128.31996429585016,36.471365501875056],[128.33737818942083,36.48919508810608],[128.33649716913717,36.500649896574956],[128.34529569282685,36.514234257045175],[128.34077130170175,36.52462359155553],[128.3617922129222,36.53164590362746],[128.37542891672263,36.50394612830362],[128.3986466001306,36.50894641124045],[128.41364075085338,36.520412067386545],[128.42921928369836,36.52196899591676],[128.4645412359683,36.53991394049155],[128.45722907864314,36.553200026334274],[128.4653583538301,36.560389169867655],[128.49252298578722,36.569784601330646],[128.49577884801212,36.58243432601467],[128.4938649005154,36.59970602210205],[128.50183573410206,36.605901026996804],[128.5132238429753,36.60068461619972],[128.5295314834938,36.60186003219203],[128.53486476241784,36.61418538895821],[128.52196707157614,36.61959634254604],[128.52440786930487,36.62832390271836],[128.54708481987598,36.63240823074524],[128.56501415687032,36.64064194497702],[128.57695798479364,36.64988464312625],[128.60455488579285,36.65247405146143],[128.60501692390253,36.6723145180327],[128.60975872011548,36.68579902948928],[128.59762505008905,36.70277297620142]]]},"properties":{"code":"47900","name":"예천군","sido":"경상북도","code2018":"37400"}},{"type":"Feature","geometry":{"type":"Polygon","coordinates":[[[128.909729295424,37.066867004639555],[128.89736772711348,37.05786704775429],[128.89727242646092,37.045754986873504],[128.87757227463638,37.05263624953276],[128.86643183491967,37.04833662527341],[128.8466291230152,37.05216098166359],[128.82697576609246,37.07810122371648],[128.80858959247206,37.077534548864755],[128.8028731852004,37.08535532962941],[128.7850618412732,37.0877200968684],[128.77752326084774,37.08304157497487],[128.76501273390153,37.06399449868631],[128.75201972687213,37.05753824746847],[128.7617179450584,37.035230895980675],[128.75189847212044,37.02847415456862],[128.73474257012793,37.0401401788586],[128.71860298521065,37.04395972094713],[128.7089378210124,37.03923019812747],[128.70008178869227,37.02484943533782],[128.70141261765804,37.01292632166308],[128.6942017198872,36.99844513312014],[128.6862573277879,36.95976792915342],[128.67515089884776,36.94570212628933],[128.66173132421,36.938006462256034],[128.6601112148071,36.92839768310471],[128.66632102355868,36.91782202404739],[128.64913025222435,36.90951933128501],[128.6373623813665,36.88767785071331],[128.6557682493479,36.869244520250575],[128.64432140002933,36.863403815801384],[128.66215951502716,36.843527146698825],[128.6779325782369,36.85029168446202],[128.6861674831066,36.86331931145804],[128.7013916246417,36.860749836971905],[128.70542824947358,36.867064919173124],[128.72557037056984,36.860412308942465],[128.7366709425627,36.839327167313165],[128.71834354908918,36.82471185434565],[128.72760127891527,36.818826343435084],[128.72209051536822,36.80044913049241],[128.73213773328015,36.79155488438652],[128.7433801185726,36.79612831444957],[128.74652335766248,36.80706080588883],[128.7586872626353,36.810018971040954],[128.76617715393948,36.80277429236398],[128.77698716246033,36.80505606601431],[128.806433430104,36.82056047527751],[128.80344835763427,36.80620727345777],[128.81166271406263,36.79594906154071],[128.81951607322355,36.80967768749287],[128.8412090064989,36.809237341225426],[128.84338153021292,36.80350087121784],[128.86393235992927,36.79870800883557],[128.87479281375204,36.78491817796021],[128.88456351072,36.78399211046688],[128.89137017290574,36.77353005002006],[128.91263269045206,36.77388223187541],[128.92063829281943,36.767251434892124],[128.94239512075566,36.77379090837038],[128.95455224721738,36.77030569133954],[128.96978699170194,36.74723410921128],[128.99015966080913,36.74706504962596],[128.99224381888268,36.75473443936519],[128.98407316664893,36.77290004951852],[129.00069351733296,36.78052595627202],[129.02738750463487,36.78532316899174],[129.04788493556745,36.799989073642465],[129.06867335401864,36.820636246523215],[129.08023902579578,36.81888553573681],[129.10076649567952,36.82974250807899],[129.10322408791754,36.83587475803361],[129.1219819394883,36.84803146493045],[129.12935516468906,36.86500585124167],[129.13830063155092,36.872882914576834],[129.15512573427603,36.8782074540554],[129.15550600039285,36.88771988744709],[129.14477719743044,36.89853577941757],[129.1484030425563,36.905167980529086],[129.14312213312581,36.92023464586102],[129.1252077380557,36.92998090757206],[129.10808818323483,36.94306187675321],[129.09106531514857,36.94494362726861],[129.08389493166675,36.954930654839686],[129.0915299828114,36.96259674708987],[129.0946568707019,36.97815607912794],[129.08903206277216,37.01089802275193],[129.10835329432626,37.02503967812183],[129.13340939732984,37.034542699245584],[129.15973089332766,37.01958777085038],[129.17640191319387,37.028679543214075],[129.18543934239165,37.042087201580976],[129.16521992018195,37.06975321271653],[129.1552325793913,37.07001553723512],[129.14072399520938,37.08167440213893],[129.12741149289775,37.084829837817345],[129.1187813796592,37.092916631623375],[129.09579552619093,37.10046144957338],[129.07293633650812,37.09087635177605],[129.0616878698973,37.06557206348228],[129.03431240161584,37.07575951594678],[128.99521615662303,37.0812229698105],[128.9695552465402,37.082132339815594],[128.96030899377655,37.077439719546845],[128.9445868582942,37.09508313169702],[128.92054445335728,37.09065666984877],[128.909729295424,37.066867004639555]]]},"properties":{"code":"47920","name":"봉화군","sido":"경상북도","code2018":"37410"}},{"type":"Feature","geometry":{"type":"Polygon","coordinates":[[[129.18543934239165,37.042087201580976],[129.17640191319387,37.028679543214075],[129.15973089332766,37.01958777085038],[129.13340939732984,37.034542699245584],[129.10835329432626,37.02503967812183],[129.08903206277216,37.01089802275193],[129.0946568707019,36.97815607912794],[129.0915299828114,36.96259674708987],[129.08389493166675,36.954930654839686],[129.09106531514857,36.94494362726861],[129.10808818323483,36.94306187675321],[129.1252077380557,36.92998090757206],[129.14312213312581,36.92023464586102],[129.1484030425563,36.905167980529086],[129.14477719743044,36.89853577941757],[129.15550600039285,36.88771988744709],[129.15512573427603,36.8782074540554],[129.165718232691,36.87530555890496],[129.19023451254205,36.87982085568082],[129.20137865026368,36.865426122578526],[129.21736521830297,36.86397695468008],[129.22754780899817,36.86785751543968],[129.24770442977362,36.85278664036683],[129.26098185606446,36.87007015338914],[129.27871707720357,36.874325916127574],[129.28554900324977,36.86453012302014],[129.27557040474878,36.85911616579227],[129.27292281243464,36.8335718134794],[129.2831883136211,36.83340900084513],[129.29487869400864,36.824880122830905],[129.28915692811233,36.80818535045492],[129.31350495135143,36.78089342098616],[129.30289731465896,36.77641378140361],[129.29578915862726,36.76570533414539],[129.29816063582382,36.75749619520961],[129.27303266156215,36.745137509357725],[129.27142191335795,36.72536316592107],[129.29382054348625,36.71763578052572],[129.28663931861428,36.70239354674598],[129.27686214724255,36.691593573590296],[129.2788243081915,36.681060057749235],[129.26893959024488,36.67370706341147],[129.2850719202313,36.66749523700136],[129.29476067442312,36.67024093028209],[129.34862137973298,36.65700553497206],[129.3610465052485,36.65874307659079],[129.38457465323168,36.67016101962136],[129.39687883665397,36.665452324738474],[129.41943165515747,36.65028095189943],[129.4237501234734,36.643255063102835],[129.4374065180766,36.66976333660731],[129.45877503743037,36.681466868519884],[129.47672823792334,36.69961967507052],[129.47251848357732,36.72375026863512],[129.47803956862666,36.72705047567881],[129.46785326356647,36.75720308448553],[129.47893863681568,36.76808393043365],[129.4632029581378,36.78826603726166],[129.45743849214873,36.815411190335524],[129.4463821018177,36.832371111377775],[129.42755618805435,36.850730079630765],[129.4154368723061,36.8900653748534],[129.42095190248799,36.89839823342035],[129.41590803235144,36.909396872352794],[129.42032295618966,36.92311865910101],[129.4198693606513,36.951262161171044],[129.40893562111899,36.9800902559847],[129.42000267577305,36.993107163740746],[129.41913798681625,37.00619749147898],[129.41042604431223,37.02408022460335],[129.41576130535725,37.03545619784407],[129.4133329323458,37.04786583646863],[129.42719467223907,37.06404728121433],[129.39608562965887,37.08404165786012],[129.3795632974466,37.100242176347905],[129.37636543374788,37.11025654049018],[129.3815179430846,37.12016521498743],[129.37370043232667,37.12500351063824],[129.3733629784784,37.13520771653454],[129.36409557005865,37.14636173194536],[129.34801384951666,37.14654517987413],[129.32472535058406,37.141712035824874],[129.3207204160529,37.13582451360513],[129.2981865549781,37.12453925551198],[129.29446077148563,37.11440569236826],[129.27200447079954,37.117018953996315],[129.26605027225,37.102313979946686],[129.2496316242985,37.09588301368246],[129.225583726297,37.07340308868119],[129.2332227769676,37.064195816295715],[129.22508862838313,37.04453678695889],[129.18543934239165,37.042087201580976]]]},"properties":{"code":"47930","name":"울진군","sido":"경상북도","code2018":"37420"}},{"type":"Feature","geometry":{"type":"Polygon","coordinates":[[[130.90714897015206,37.53213264656441],[130.9119988241056,37.53932191042546],[130.90742194941492,37.55191899360108],[130.889716301734,37.54435603467943],[130.87397127221914,37.54667651910968],[130.86688092032315,37.54084436961522],[130.84473435040937,37.53998008587574],[130.81157273714146,37.52697135388114],[130.78928467268872,37.52300580577198],[130.80293780369706,37.50815875613174],[130.79919727249424,37.49463416654655],[130.81146733546572,37.47799076531772],[130.8291767865319,37.47034052080942],[130.87365884978965,37.46425938781829],[130.88193214676906,37.474620910366276],[130.90499528489255,37.48021535185502],[130.91183538734805,37.49087612846903],[130.9174662166083,37.51724106192779],[130.90714897015206,37.53213264656441]]]},"properties":{"code":"47940","name":"울릉군","sido":"경상북도","code2018":"37430"}},{"type":"Feature","geometry":{"type":"Polygon","coordinates":[[[126.90997195600762,35.148970114785236],[126.92987199920745,35.12621048288016],[126.91313988852231,35.114761347378554],[126.92112526278568,35.09707446366032],[126.91922318090944,35.091531670377485],[126.93237573320876,35.07446503446002],[126.95182149541388,35.073033355071225],[126.96668552019439,35.08957839049452],[126.98838029846704,35.09525315585234],[126.98635173598795,35.105945330041735],[126.99756784053758,35.11457102409325],[126.9849027014248,35.13473748209907],[126.97043864484827,35.13636880700166],[126.95687798671128,35.14404151875859],[126.95536130743147,35.15196323277375],[126.93916233456898,35.161731454509905],[126.91631000428421,35.165537637322075],[126.90727075351943,35.15148714336995],[126.90997195600762,35.148970114785236]]]},"properties":{"code":"29110","name":"동구","sido":"광주광역시","code2018":"24010"}},{"type":"Feature","geometry":{"type":"Polygon","coordinates":[[[126.90727075351943,35.15148714336995],[126.8874303793496,35.161226468175904],[126.88429196580222,35.16867698129128],[126.85998377844932,35.172262736534684],[126.8387272957807,35.17832261942093],[126.83694565298592,35.17011814128716],[126.82341908949664,35.16251134607173],[126.82894548488837,35.14236793845023],[126.81868160003508,35.13230486598873],[126.82082588810538,35.12353187235406],[126.80316301011253,35.11080891214938],[126.80296207997895,35.09248293038155],[126.82010981060617,35.09097698197021],[126.84402002058427,35.10403732643993],[126.86507457533281,35.10938139926223],[126.8750461805677,35.11926801255094],[126.88773580430376,35.11697858678755],[126.88543387859733,35.146560137478254],[126.89647989627917,35.15216465589112],[126.90997195600762,35.148970114785236],[126.90727075351943,35.15148714336995]]]},"properties":{"code":"29140","name":"서구","sido":"광주광역시","code2018":"24020"}},{"type":"Feature","geometry":{"type":"Polygon","coordinates":[[[126.90997195600762,35.148970114785236],[126.89647989627917,35.15216465589112],[126.88543387859733,35.146560137478254],[126.88773580430376,35.11697858678755],[126.8750461805677,35.11926801255094],[126.86507457533281,35.10938139926223],[126.84402002058427,35.10403732643993],[126.82010981060617,35.09097698197021],[126.80296207997895,35.09248293038155],[126.78271627656322,35.07256134709282],[126.7708814562775,35.06996792902756],[126.75344165063325,35.066325537505364],[126.75704468490069,35.05948163221132],[126.77573029205104,35.05325917672072],[126.79520398677207,35.06116723750484],[126.80371678668523,35.052386096761566],[126.8189691718436,35.05252034867692],[126.82217875679862,35.05992457800879],[126.84289445983748,35.06528408290329],[126.86063327829528,35.07873101335135],[126.87175427738784,35.074324490362784],[126.88505519869226,35.08153450009524],[126.89206178709185,35.078161321118365],[126.90643916921758,35.08259557882149],[126.91922318090944,35.091531670377485],[126.92112526278568,35.09707446366032],[126.91313988852231,35.114761347378554],[126.92987199920745,35.12621048288016],[126.90997195600762,35.148970114785236]]]},"properties":{"code":"29155","name":"남구","sido":"광주광역시","code2018":"24030"}},{"type":"Feature","geometry":{"type":"Polygon","coordinates":[[[126.99756784053758,35.11457102409325],[127.00907732690398,35.124406830529246],[127.01045898595657,35.133773904313685],[127.00795939610911,35.15491064050678],[127.02084554700423,35.16729320638823],[127.01661312734679,35.179379777335754],[127.00177832489376,35.187863241848206],[126.97544698701118,35.18657551561402],[126.96866835711168,35.180940972189255],[126.95860096259862,35.19319193417984],[126.96526226294698,35.20041689669424],[126.94889279752998,35.21878776644476],[126.95189457206092,35.22500133925996],[126.93260477697146,35.24148645193126],[126.9308768071399,35.25139452735717],[126.90803780827746,35.258951537895314],[126.88639226608781,35.246260478605194],[126.87955462752348,35.251493967267095],[126.8624188223935,35.245153396400944],[126.83645267546062,35.2290700827869],[126.85286266556436,35.22185655359452],[126.85817084314834,35.18247739297752],[126.8387272957807,35.17832261942093],[126.85998377844932,35.172262736534684],[126.88429196580222,35.16867698129128],[126.8874303793496,35.161226468175904],[126.90727075351943,35.15148714336995],[126.91631000428421,35.165537637322075],[126.93916233456898,35.161731454509905],[126.95536130743147,35.15196323277375],[126.95687798671128,35.14404151875859],[126.97043864484827,35.13636880700166],[126.9849027014248,35.13473748209907],[126.99756784053758,35.11457102409325]]]},"properties":{"code":"29170","name":"북구","sido":"광주광역시","code2018":"24040"}},{"type":"Feature","geometry":{"type":"Polygon","coordinates":[[[126.8387272957807,35.17832261942093],[126.85817084314834,35.18247739297752],[126.85286266556436,35.22185655359452],[126.83645267546062,35.2290700827869],[126.81055711026887,35.22111030130101],[126.79433160237228,35.22026684026172],[126.77517137274508,35.22703808699665],[126.77041749533251,35.232774683956755],[126.75552470429545,35.23438855825338],[126.7611554671275,35.25840993141004],[126.73718572562056,35.25205511056627],[126.71980727933897,35.2269026401953],[126.71770692605762,35.212112834379255],[126.70263101012037,35.20780365585046],[126.6872602176824,35.21541172299447],[126.67648266743134,35.19599477659337],[126.65312064077364,35.192403057045865],[126.67104930599182,35.16943936754929],[126.65344222414018,35.16380932014263],[126.65147228468862,35.145879789938625],[126.65484784570037,35.136715241085724],[126.65150715899047,35.12049524047308],[126.65521609781,35.11503164984703],[126.67826002805461,35.10584851489869],[126.69278695678311,35.1080575925445],[126.73700709815047,35.10820653101061],[126.762036892662,35.09097820958766],[126.7708814562775,35.06996792902756],[126.78271627656322,35.07256134709282],[126.80296207997895,35.09248293038155],[126.80316301011253,35.11080891214938],[126.82082588810538,35.12353187235406],[126.81868160003508,35.13230486598873],[126.82894548488837,35.14236793845023],[126.82341908949664,35.16251134607173],[126.83694565298592,35.17011814128716],[126.8387272957807,35.17832261942093]]]},"properties":{"code":"29200","name":"광산구","sido":"광주광역시","code2018":"24050"}},{"type":"Feature","geometry":{"type":"Polygon","coordinates":[[[128.60846740347904,35.85494815655783],[128.61474379396603,35.86817787771339],[128.6103234899718,35.874896028820494],[128.58017175330784,35.87907855152337],[128.57420447635695,35.862684185324916],[128.5745839364292,35.860057988189446],[128.58285924279392,35.856328027503956],[128.60846740347904,35.85494815655783]]]},"properties":{"code":"27110","name":"중구","sido":"대구광역시","code2018":"22010"}},{"type":"Feature","geometry":{"type":"Polygon","coordinates":[[[128.69524562537185,36.016296647152906],[128.66799487892465,36.01413977270915],[128.65129211366704,36.00765250299801],[128.6406121446559,36.010554962517766],[128.61723858306772,36.005110132736114],[128.6038415336013,35.98852780446833],[128.6132254515207,35.9829175496534],[128.62623910109653,35.958440194039945],[128.6248092000875,35.93660745155142],[128.63287800540766,35.9156558699948],[128.62723685209178,35.904140656576104],[128.63192103714917,35.89343895780224],[128.61741984075232,35.889251458866404],[128.6103234899718,35.874896028820494],[128.61474379396603,35.86817787771339],[128.62984846234917,35.86682420236462],[128.6495181608219,35.8784056611364],[128.66366555679105,35.8727837396611],[128.67605665494847,35.873340569114994],[128.68224255659752,35.86046898847208],[128.70403083747638,35.85768157699284],[128.71495576923718,35.862391151814606],[128.71526912679838,35.86240733036267],[128.7261287033778,35.857117704268205],[128.73577454255238,35.85090653260158],[128.75161994974155,35.85754835094341],[128.7600440069232,35.865457447398256],[128.76193783659107,35.88321758247416],[128.7576266630253,35.89589181443402],[128.75661490835896,35.91485009837706],[128.7383865694298,35.928393309131465],[128.7450759535975,35.94436034742968],[128.73903048806298,35.955324929851976],[128.74606281418323,35.9708118482763],[128.73138532635636,35.98713252992958],[128.73516276731831,35.99290436358518],[128.7255560935835,36.004808499796695],[128.70052014311597,36.01120515860692],[128.69524562537185,36.016296647152906]]]},"properties":{"code":"27140","name":"동구","sido":"대구광역시","code2018":"22020"}},{"type":"Feature","geometry":{"type":"Polygon","coordinates":[[[128.58017175330784,35.87907855152337],[128.576146253639,35.88760753881967],[128.55617043993652,35.89057453190426],[128.5259944843905,35.888896204941695],[128.51723326540397,35.88280286026662],[128.5191529822099,35.869584769887325],[128.54806990464323,35.854567516651116],[128.57420447635695,35.862684185324916],[128.58017175330784,35.87907855152337]]]},"properties":{"code":"27170","name":"서구","sido":"대구광역시","code2018":"22030"}},{"type":"Feature","geometry":{"type":"Polygon","coordinates":[[[128.5745839364292,35.860057988189446],[128.57361818429197,35.85116311632858],[128.55542425056152,35.83445526079927],[128.5856239869479,35.80770619580584],[128.59071199576454,35.809768933700944],[128.60108701440916,35.815271100182606],[128.6051079199506,35.82459213400747],[128.60846740347904,35.85494815655783],[128.58285924279392,35.856328027503956],[128.5745839364292,35.860057988189446]]]},"properties":{"code":"27200","name":"남구","sido":"대구광역시","code2018":"22040"}},{"type":"Feature","geometry":{"type":"Polygon","coordinates":[[[128.50414624397732,35.89058837900324],[128.5259944843905,35.888896204941695],[128.55617043993652,35.89057453190426],[128.576146253639,35.88760753881967],[128.58017175330784,35.87907855152337],[128.6103234899718,35.874896028820494],[128.61741984075232,35.889251458866404],[128.63192103714917,35.89343895780224],[128.62723685209178,35.904140656576104],[128.63287800540766,35.9156558699948],[128.6248092000875,35.93660745155142],[128.62623910109653,35.958440194039945],[128.6132254515207,35.9829175496534],[128.6038415336013,35.98852780446833],[128.59091728334175,35.97911143326427],[128.57196178192893,35.97771429745414],[128.55624232647708,35.97059243940414],[128.5270093073374,35.975827411374155],[128.53506262246276,35.9387534716462],[128.52966140017898,35.923584511626174],[128.505170449346,35.90299688775738],[128.50414624397732,35.89058837900324]]]},"properties":{"code":"27230","name":"북구","sido":"대구광역시","code2018":"22050"}},{"type":"Feature","geometry":{"type":"Polygon","coordinates":[[[128.7261287033778,35.857117704268205],[128.71526912679838,35.86240733036267],[128.71495576923718,35.862391151814606],[128.70403083747638,35.85768157699284],[128.68224255659752,35.86046898847208],[128.67605665494847,35.873340569114994],[128.66366555679105,35.8727837396611],[128.6495181608219,35.8784056611364],[128.62984846234917,35.86682420236462],[128.61474379396603,35.86817787771339],[128.60846740347904,35.85494815655783],[128.6051079199506,35.82459213400747],[128.60108701440916,35.815271100182606],[128.59071199576454,35.809768933700944],[128.61622739535593,35.80420062522786],[128.624864143739,35.807726751060166],[128.64038902792583,35.80222609638113],[128.65085638381328,35.802861464280085],[128.67662718033847,35.794605661389056],[128.6825807950897,35.7899006175614],[128.6973706659196,35.794149435393344],[128.71768785551026,35.80671385175256],[128.70973823529076,35.82797238408634],[128.72518205975663,35.836566229535514],[128.7261287033778,35.857117704268205]]]},"properties":{"code":"27260","name":"수성구","sido":"대구광역시","code2018":"22060"}},{"type":"Feature","geometry":{"type":"Polygon","coordinates":[[[128.48043456310168,35.81774535682662],[128.50008374867113,35.81653395755092],[128.5134935027812,35.80991389928445],[128.51625813241662,35.79915328340867],[128.53278266000166,35.786518591161155],[128.541556055427,35.7878724024733],[128.55417369381504,35.77292806290194],[128.57061278811375,35.780161711841004],[128.56962016309976,35.79767846967565],[128.58540030638216,35.79929657604574],[128.5856239869479,35.80770619580584],[128.55542425056152,35.83445526079927],[128.57361818429197,35.85116311632858],[128.5745839364292,35.860057988189446],[128.57420447635695,35.862684185324916],[128.54806990464323,35.854567516651116],[128.5191529822099,35.869584769887325],[128.50117697778424,35.8637823666359],[128.48587260875294,35.868161419040185],[128.473852914309,35.86141771104365],[128.4706372592061,35.83299525128517],[128.48043456310168,35.81774535682662]]]},"properties":{"code":"27290","name":"달서구","sido":"대구광역시","code2018":"22070"}},{"type":"Feature","geometry":{"type":"MultiPolygon","coordinates":[[[[128.52641436462469,35.68237968937188],[128.53513554545958,35.69401993189054],[128.5288917194372,35.71389277062813],[128.54407723238444,35.719282404719],[128.5661549666101,35.7364670611031],[128.5819074594554,35.73879889224067],[128.61666211361845,35.7371167496519],[128.61029467009595,35.72534527808188],[128.61396598002008,35.71059930126842],[128.62307416321534,35.70339934174056],[128.6462321940473,35.708430125559346],[128.663746487303,35.720550302597886],[128.68339406211038,35.72175545926878],[128.69178604472668,35.732325675624246],[128.69437895703055,35.743880939442846],[128.69247398108448,35.75993133816751],[128.6825807950897,35.7899006175614],[128.67662718033847,35.794605661389056],[128.65085638381328,35.802861464280085],[128.64038902792583,35.80222609638113],[128.624864143739,35.807726751060166],[128.61622739535593,35.80420062522786],[128.59071199576454,35.809768933700944],[128.5856239869479,35.80770619580584],[128.58540030638216,35.79929657604574],[128.56962016309976,35.79767846967565],[128.57061278811375,35.780161711841004],[128.55417369381504,35.77292806290194],[128.541556055427,35.7878724024733],[128.53278266000166,35.786518591161155],[128.51625813241662,35.79915328340867],[128.5134935027812,35.80991389928445],[128.50008374867113,35.81653395755092],[128.48043456310168,35.81774535682662],[128.4675967552405,35.80834117864569],[128.42028493311463,35.80935644004314],[128.40741579379835,35.7965345750722],[128.40001335259117,35.77962823825661],[128.3864357794202,35.76334511963138],[128.39264023537373,35.745534337025646],[128.41436056981874,35.737550774338295],[128.43249633621565,35.725377986550555],[128.43316926863702,35.703019066579316],[128.417837271036,35.69312163939019],[128.3751700775888,35.702487945590235],[128.3596540727213,35.707504450834925],[128.35103630309638,35.702879888521025],[128.35553525748992,35.680904934296755],[128.38161259460497,35.65528747359899],[128.4029446630482,35.64192395485151],[128.40167978705657,35.632070592608855],[128.38610030181658,35.61240939580742],[128.3707652337326,35.61116289159724],[128.38166853351368,35.60676578577469],[128.39939486159014,35.61592490130713],[128.41099825306398,35.615340973649054],[128.4176263157491,35.621745620705866],[128.4319104715499,35.62357948777567],[128.44619595832177,35.638186425072085],[128.4611264536466,35.640614724514286],[128.48285734289783,35.635738376733734],[128.50621309381822,35.63959320800858],[128.50912744110977,35.67458477169094],[128.52641436462469,35.68237968937188]]],[[[128.4706372592061,35.83299525128517],[128.473852914309,35.86141771104365],[128.48587260875294,35.868161419040185],[128.50117697778424,35.8637823666359],[128.5191529822099,35.869584769887325],[128.51723326540397,35.88280286026662],[128.5259944843905,35.888896204941695],[128.50414624397732,35.89058837900324],[128.49264408183768,35.89626718236119],[128.47539045797086,35.89522425517197],[128.4668646835384,35.90716028756209],[128.47397765587712,35.917143034387315],[128.4756792241082,35.93599522605667],[128.46254519409993,35.93779799590286],[128.44117174376967,35.934817660084825],[128.42491583719791,35.927910670569986],[128.4104773234897,35.90673529682366],[128.4033357979906,35.889098341952824],[128.39371466251114,35.883039543990016],[128.3854770358069,35.86524225820967],[128.39008701486196,35.85037050598948],[128.42278774983126,35.85125664259699],[128.46011932831604,35.84126184482799],[128.4706372592061,35.83299525128517]]]]},"properties":{"code":"27710","name":"달성군","sido":"대구광역시","code2018":"22310"}},{"type":"Feature","geometry":{"type":"Polygon","coordinates":[[[127.41277071753848,36.343694952695245],[127.42926052173996,36.32984102701505],[127.44021980906199,36.312971406323],[127.45584676177457,36.30068879045137],[127.43061155725721,36.29009511977493],[127.43863021759603,36.26805933315003],[127.42964107579652,36.26093591294372],[127.44290176861448,36.23870485471985],[127.4257009605452,36.22478432866834],[127.42235996232613,36.208294868933386],[127.44280915922533,36.19405956763938],[127.45325277157659,36.206774522973596],[127.46854736192356,36.2147981642281],[127.467124038435,36.222429859620604],[127.49276503953664,36.23809225998161],[127.48625137581662,36.2614438583252],[127.48857797944663,36.27324453825067],[127.4982598941923,36.282874311360196],[127.49100595439812,36.29694002728302],[127.49945192513174,36.30528304170889],[127.4947615257004,36.311686775112626],[127.50358423747666,36.32576480119502],[127.50125056149407,36.33870629031555],[127.50976625923357,36.35044595174575],[127.52131006175681,36.35320453295086],[127.52685680695964,36.36929381282165],[127.52571849179749,36.3873092143274],[127.53915877834955,36.3971916455765],[127.55418511437627,36.394727697592444],[127.5520678423079,36.405282580553376],[127.53975288525886,36.420717822853604],[127.51568790123477,36.422280753416175],[127.50908785547543,36.40518953361469],[127.50256289751616,36.40820092710566],[127.48921132565803,36.4327033866873],[127.48403351668821,36.433487593852746],[127.46645625232195,36.40840785330766],[127.45738247552582,36.40297447615418],[127.4513107917012,36.38091130499545],[127.46590040792502,36.36048566437289],[127.44139935077831,36.352371278621526],[127.43068463266054,36.359050890567715],[127.42506696714504,36.34897694226609],[127.41277071753848,36.343694952695245]]]},"properties":{"code":"30110","name":"동구","sido":"대전광역시","code2018":"25010"}},{"type":"Feature","geometry":{"type":"Polygon","coordinates":[[[127.41277071753848,36.343694952695245],[127.40289939795515,36.35008636998657],[127.40195021350449,36.33818047921421],[127.3861484919487,36.32096691961149],[127.38304945408039,36.29995168519134],[127.37342527082552,36.29323703874367],[127.36929110585139,36.28188590123634],[127.37240870085213,36.27218098800367],[127.38880932214092,36.265506879471594],[127.38654326630045,36.25273488763872],[127.39111688502157,36.2427428889487],[127.38788067464492,36.23447257238722],[127.40057032300722,36.231817234684264],[127.40827470423427,36.21305573965577],[127.42235996232613,36.208294868933386],[127.4257009605452,36.22478432866834],[127.44290176861448,36.23870485471985],[127.42964107579652,36.26093591294372],[127.43863021759603,36.26805933315003],[127.43061155725721,36.29009511977493],[127.45584676177457,36.30068879045137],[127.44021980906199,36.312971406323],[127.42926052173996,36.32984102701505],[127.41277071753848,36.343694952695245]]]},"properties":{"code":"30140","name":"중구","sido":"대전광역시","code2018":"25020"}},{"type":"Feature","geometry":{"type":"Polygon","coordinates":[[[127.40289939795515,36.35008636998657],[127.39499367141202,36.372673128006255],[127.38042141589584,36.37286599867304],[127.35681947337079,36.35894909215911],[127.34907445249799,36.34985089312555],[127.35363661854457,36.33213719754206],[127.3360097133193,36.33017738963814],[127.3388815809249,36.31320678624445],[127.33279470823227,36.30156410487842],[127.32210758281215,36.29716412193411],[127.31967400010481,36.28759223906999],[127.30690204660355,36.272321972715886],[127.29177367810149,36.264190803530624],[127.2820588353684,36.25779371390722],[127.27807800236758,36.244069337306655],[127.29376346653464,36.22312259465035],[127.31445083680362,36.22241810700575],[127.32150482692153,36.21370473906392],[127.33142602140774,36.18431820292709],[127.34065820549083,36.18911602165839],[127.34773712949043,36.20504313067439],[127.36471837183991,36.219968825443004],[127.36005068333384,36.22679356468794],[127.3645113424395,36.2434781490151],[127.36031400293339,36.26405018004283],[127.37240870085213,36.27218098800367],[127.36929110585139,36.28188590123634],[127.37342527082552,36.29323703874367],[127.38304945408039,36.29995168519134],[127.3861484919487,36.32096691961149],[127.40195021350449,36.33818047921421],[127.40289939795515,36.35008636998657]]]},"properties":{"code":"30170","name":"서구","sido":"대전광역시","code2018":"25030"}},{"type":"Feature","geometry":{"type":"Polygon","coordinates":[[[127.39499367141202,36.372673128006255],[127.41110282741448,36.38166689760489],[127.41527002260213,36.42140779758534],[127.39117949361444,36.44189176343985],[127.40262059825754,36.45569317858438],[127.400599583211,36.47017108795574],[127.40420820519319,36.483324398613306],[127.3956687444112,36.49161155068815],[127.38116723844692,36.50002188987698],[127.3591528902481,36.48539078961527],[127.3636248775264,36.47033395459883],[127.35870915991386,36.45603282506565],[127.3446982942011,36.444464463622815],[127.34071762557373,36.43097601346038],[127.31666951880354,36.42012377425656],[127.30274829192807,36.42467057093642],[127.28231470262878,36.41453730462398],[127.2785897207938,36.396805701550704],[127.28098858958607,36.374818841664926],[127.2708728526755,36.36107905584424],[127.27788863807257,36.34893418009638],[127.25975117607548,36.32721053472398],[127.25921021580594,36.296231696021636],[127.2476294225829,36.29164696689301],[127.24945943683807,36.28342991968225],[127.28100651637669,36.2654081492697],[127.29177367810149,36.264190803530624],[127.30690204660355,36.272321972715886],[127.31967400010481,36.28759223906999],[127.32210758281215,36.29716412193411],[127.33279470823227,36.30156410487842],[127.3388815809249,36.31320678624445],[127.3360097133193,36.33017738963814],[127.35363661854457,36.33213719754206],[127.34907445249799,36.34985089312555],[127.35681947337079,36.35894909215911],[127.38042141589584,36.37286599867304],[127.39499367141202,36.372673128006255]]]},"properties":{"code":"30200","name":"유성구","sido":"대전광역시","code2018":"25040"}},{"type":"Feature","geometry":{"type":"Polygon","coordinates":[[[127.48921132565803,36.4327033866873],[127.50264625435915,36.44930505069406],[127.49892237340676,36.455683728367376],[127.47934035151367,36.45784063625294],[127.48341894832788,36.47780249879657],[127.46623877817592,36.46931337498378],[127.46395849971864,36.456570974355955],[127.45321046295142,36.450099505526325],[127.43625533249859,36.456650151108185],[127.40262059825754,36.45569317858438],[127.39117949361444,36.44189176343985],[127.41527002260213,36.42140779758534],[127.41110282741448,36.38166689760489],[127.39499367141202,36.372673128006255],[127.40289939795515,36.35008636998657],[127.41277071753848,36.343694952695245],[127.42506696714504,36.34897694226609],[127.43068463266054,36.359050890567715],[127.44139935077831,36.352371278621526],[127.46590040792502,36.36048566437289],[127.4513107917012,36.38091130499545],[127.45738247552582,36.40297447615418],[127.46645625232195,36.40840785330766],[127.48403351668821,36.433487593852746],[127.48921132565803,36.4327033866873]]]},"properties":{"code":"30230","name":"대덕구","sido":"대전광역시","code2018":"25050"}},{"type":"Feature","geometry":{"type":"Polygon","coordinates":[[[129.0427298111509,35.110722158835344],[129.02613312823212,35.116777714805856],[129.0212269833295,35.10330608027158],[129.02621094402838,35.09567902315304],[129.03666950464086,35.09466438477779],[129.03692475467798,35.09472353010395],[129.0393019152104,35.09510043095617],[129.0395042524266,35.095225179067526],[129.0427298111509,35.110722158835344]]]},"properties":{"code":"26110","name":"중구","sido":"부산광역시","code2018":"21010"}},{"type":"Feature","geometry":{"type":"Polygon","coordinates":[[[129.02613312823212,35.116777714805856],[129.0241203041084,35.13402281469793],[129.01132236660203,35.138189122925816],[129.00451760683498,35.1395132926308],[128.99796856024992,35.12254815787114],[129.01016252941517,35.106098233571224],[129.01430048622598,35.09318594727336],[129.0113554424126,35.07693411133834],[129.0044408963209,35.0784448629278],[129.01063210726338,35.052449461282364],[129.02171700709135,35.060796863905125],[129.02621094402838,35.09567902315304],[129.0212269833295,35.10330608027158],[129.02613312823212,35.116777714805856]]]},"properties":{"code":"26140","name":"서구","sido":"부산광역시","code2018":"21020"}},{"type":"Feature","geometry":{"type":"Polygon","coordinates":[[[129.0427298111509,35.110722158835344],[129.05603771966514,35.1179864214885],[129.06529893880335,35.12962310748651],[129.06448312933315,35.141392386501934],[129.04089357733665,35.14606350182832],[129.0346921078769,35.137276788004414],[129.0241203041084,35.13402281469793],[129.02613312823212,35.116777714805856],[129.0427298111509,35.110722158835344]]]},"properties":{"code":"26170","name":"동구","sido":"부산광역시","code2018":"21030"}},{"type":"Feature","geometry":{"type":"Polygon","coordinates":[[[129.03666950464086,35.09466438477779],[129.03471378597376,35.08512071364402],[129.05201491934986,35.07214930412287],[129.06266900093178,35.069490108037236],[129.0828241798112,35.05039004124796],[129.09650103640186,35.05956479434301],[129.07997959519076,35.071384545121525],[129.08332667287016,35.07951883785624],[129.06843392637214,35.0959886495736],[129.05794213264312,35.10124062215544],[129.0395042524266,35.095225179067526],[129.0393019152104,35.09510043095617],[129.03692475467798,35.09472353010395],[129.03666950464086,35.09466438477779]]]},"properties":{"code":"26200","name":"영도구","sido":"부산광역시","code2018":"21040"}},{"type":"Feature","geometry":{"type":"Polygon","coordinates":[[[129.0241203041084,35.13402281469793],[129.0346921078769,35.137276788004414],[129.04089357733665,35.14606350182832],[129.06448312933315,35.141392386501934],[129.0633341325516,35.14869346032266],[129.0798726982041,35.15269661804671],[129.08293072250794,35.15823841213367],[129.08192432748382,35.171744974445275],[129.0633926826903,35.177335548617364],[129.05203714806433,35.18477676258272],[129.04768709934498,35.194205354841635],[129.0438683820718,35.19838776771251],[129.03380990869755,35.19762386318155],[129.02114382379534,35.18775116756243],[129.02363801738082,35.1809168091243],[129.01017323862936,35.17360665196827],[129.01594406761035,35.155712026344524],[129.01132236660203,35.138189122925816],[129.0241203041084,35.13402281469793]]]},"properties":{"code":"26230","name":"부산진구","sido":"부산광역시","code2018":"21050"}},{"type":"Feature","geometry":{"type":"Polygon","coordinates":[[[129.04768709934498,35.194205354841635],[129.05988447404104,35.19130314259165],[129.08032678260702,35.19926690530353],[129.08710687173746,35.194159686120315],[129.11051622168225,35.18964437792336],[129.11515612736235,35.18318347003634],[129.11551643510097,35.18783048750806],[129.1163781122603,35.2010936506585],[129.11004041344015,35.210114243992706],[129.09238784394745,35.21650163124502],[129.07770523151248,35.226266997544045],[129.06019953793606,35.226222523215064],[129.0438683820718,35.19838776771251],[129.04768709934498,35.194205354841635]]]},"properties":{"code":"26260","name":"동래구","sido":"부산광역시","code2018":"21060"}},{"type":"Feature","geometry":{"type":"Polygon","coordinates":[[[129.06529893880335,35.12962310748651],[129.07377788419188,35.11674639795173],[129.06719791808808,35.10769398081242],[129.09459587195863,35.099125531158975],[129.10879098637042,35.10233076859715],[129.12349589161863,35.098860334091654],[129.12792576147265,35.11024179746965],[129.12061039938683,35.133949727165444],[129.11181015089383,35.135477062726224],[129.10231680476866,35.1428026922264],[129.09482351648995,35.16174060161668],[129.08293072250794,35.15823841213367],[129.0798726982041,35.15269661804671],[129.0633341325516,35.14869346032266],[129.06448312933315,35.141392386501934],[129.06529893880335,35.12962310748651]]]},"properties":{"code":"26290","name":"남구","sido":"부산광역시","code2018":"21070"}},{"type":"Feature","geometry":{"type":"Polygon","coordinates":[[[128.99760664208236,35.23438729442228],[128.9958135167809,35.207936038012726],[128.98818504717465,35.1972385175836],[129.00911453560806,35.18881452704495],[129.02114382379534,35.18775116756243],[129.03380990869755,35.19762386318155],[129.0438683820718,35.19838776771251],[129.06019953793606,35.226222523215064],[129.0457434506553,35.23334295187482],[129.04673467740338,35.257026622284506],[129.03765103622203,35.25971868593309],[129.0505678912383,35.28005598956564],[129.03009425108138,35.278520717067515],[129.01261090197096,35.27327798527839],[129.00993501480536,35.25899809054605],[128.99760664208236,35.23438729442228]]]},"properties":{"code":"26320","name":"북구","sido":"부산광역시","code2018":"21080"}},{"type":"Feature","geometry":{"type":"Polygon","coordinates":[[[129.11551643510097,35.18783048750806],[129.119258917037,35.176751106648815],[129.13245262337935,35.16170765797513],[129.1303239315999,35.147985067951566],[129.1307458582595,35.14771373119066],[129.13650135985554,35.15375586288658],[129.1530423180822,35.151884406316036],[129.168566698037,35.159424522046145],[129.18118813645177,35.15474387095549],[129.19619529205843,35.164267341736476],[129.19886966160328,35.17841615809758],[129.20792222656215,35.181944959030275],[129.20666744753996,35.1970539561058],[129.1994508641014,35.200687350789146],[129.18564304115662,35.19548668493235],[129.16026027283183,35.20629311485381],[129.16951380195485,35.22608876050923],[129.15513091694905,35.237010450810004],[129.15496231726954,35.24505499361861],[129.14428701915543,35.25072721185762],[129.14160130014352,35.24259419452393],[129.1271824593931,35.227681267802915],[129.11734727780495,35.222446015674336],[129.11004041344015,35.210114243992706],[129.1163781122603,35.2010936506585],[129.11551643510097,35.18783048750806]]]},"properties":{"code":"26350","name":"해운대구","sido":"부산광역시","code2018":"21090"}},{"type":"Feature","geometry":{"type":"Polygon","coordinates":[[[128.99796856024992,35.12254815787114],[128.98735689785522,35.12389853747528],[128.97982418517978,35.1167540714929],[128.95990797566617,35.12027791220839],[128.95687902012088,35.12730608973392],[128.93290465491427,35.11028433141648],[128.92535444740878,35.093411534530844],[128.93851606290053,35.07810166840806],[128.95090449520768,35.078017227783455],[128.958348551403,35.04795944772298],[128.98284830094647,35.05162389063887],[129.00129603740098,35.048215040820686],[128.99272507217705,35.08013933896701],[129.0044408963209,35.0784448629278],[129.0113554424126,35.07693411133834],[129.01430048622598,35.09318594727336],[129.01016252941517,35.106098233571224],[128.99796856024992,35.12254815787114]]]},"properties":{"code":"26380","name":"사하구","sido":"부산광역시","code2018":"21100"}},{"type":"Feature","geometry":{"type":"Polygon","coordinates":[[[129.0505678912383,35.28005598956564],[129.03765103622203,35.25971868593309],[129.04673467740338,35.257026622284506],[129.0457434506553,35.23334295187482],[129.06019953793606,35.226222523215064],[129.07770523151248,35.226266997544045],[129.09238784394745,35.21650163124502],[129.11004041344015,35.210114243992706],[129.11734727780495,35.222446015674336],[129.1271824593931,35.227681267802915],[129.14160130014352,35.24259419452393],[129.14428701915543,35.25072721185762],[129.14104283966108,35.25921975866469],[129.1193757241296,35.2621990470576],[129.12982913025536,35.29033234100405],[129.1296640671979,35.298002272297175],[129.1089184004478,35.305068397078145],[129.0862052169925,35.30119470729555],[129.07355790233282,35.29007230982005],[129.06000113159632,35.29548364806296],[129.0505678912383,35.28005598956564]]]},"properties":{"code":"26410","name":"금정구","sido":"부산광역시","code2018":"21110"}},{"type":"Feature","geometry":{"type":"Polygon","coordinates":[[[128.79361802185085,35.15705431613538],[128.80233454654334,35.143152428306315],[128.81544724023152,35.13256227459942],[128.83405800873768,35.12865127093019],[128.84309547759577,35.10912705764817],[128.83665582079811,35.10198775330213],[128.82393608882043,35.10176771201704],[128.8283764260943,35.089477879444885],[128.80949256161838,35.08278081783569],[128.83070344561003,35.080446487298495],[128.83077980982048,35.072892155652454],[128.8032239906117,35.065645071548985],[128.79692337015447,35.04979742245496],[128.8120065399028,35.04016018478267],[128.80580859847552,35.020595660852464],[128.82602998529185,35.01378032650727],[128.82127573142535,34.99422830792058],[128.83506374414173,34.99444371426679],[128.8414049255238,35.006612339149534],[128.83582470536655,35.0128829567928],[128.8495487195495,35.03353340994941],[128.85023066330774,35.05178867672739],[128.83476246476482,35.08024503937214],[128.8719511530955,35.08047806394134],[128.87330867608273,35.06155423147555],[128.88482394033005,35.06353509740794],[128.88687840958738,35.079109576392284],[128.91217533550352,35.07946303225213],[128.9121729069662,35.089365281474244],[128.92535444740878,35.093411534530844],[128.93290465491427,35.11028433141648],[128.95687902012088,35.12730608973392],[128.9614188668208,35.13943999888083],[128.96201475096996,35.18198125339427],[128.98206600494177,35.19649959467477],[128.98818504717465,35.1972385175836],[128.9958135167809,35.207936038012726],[128.99760664208236,35.23438729442228],[128.9807378398255,35.22852721039068],[128.95246363516443,35.22431789183465],[128.9448320866592,35.22792179440606],[128.92348871431918,35.21605396989045],[128.91281589179584,35.222194337398385],[128.90494283864686,35.215344626997826],[128.8841424777816,35.21367929321098],[128.87038897776137,35.20171224662657],[128.8815648181799,35.18293809868363],[128.87577172430488,35.170508609094654],[128.84666424832798,35.16528233986758],[128.84335535111134,35.157986475901104],[128.82801308053266,35.155757937371526],[128.8158643088159,35.16037737884785],[128.79361802185085,35.15705431613538]]]},"properties":{"code":"26440","name":"강서구","sido":"부산광역시","code2018":"21120"}},{"type":"Feature","geometry":{"type":"Polygon","coordinates":[[[129.08293072250794,35.15823841213367],[129.09482351648995,35.16174060161668],[129.097422891174,35.17952126940156],[129.1123025738428,35.17717498420807],[129.11515612736235,35.18318347003634],[129.11051622168225,35.18964437792336],[129.08710687173746,35.194159686120315],[129.08032678260702,35.19926690530353],[129.05988447404104,35.19130314259165],[129.04768709934498,35.194205354841635],[129.05203714806433,35.18477676258272],[129.0633926826903,35.177335548617364],[129.08192432748382,35.171744974445275],[129.08293072250794,35.15823841213367]]]},"properties":{"code":"26470","name":"연제구","sido":"부산광역시","code2018":"21130"}},{"type":"Feature","geometry":{"type":"Polygon","coordinates":[[[129.11515612736235,35.18318347003634],[129.1123025738428,35.17717498420807],[129.097422891174,35.17952126940156],[129.09482351648995,35.16174060161668],[129.10231680476866,35.1428026922264],[129.11181015089383,35.135477062726224],[129.12098324072193,35.13772493745789],[129.1307458582595,35.14771373119066],[129.1303239315999,35.147985067951566],[129.13245262337935,35.16170765797513],[129.119258917037,35.176751106648815],[129.11551643510097,35.18783048750806],[129.11515612736235,35.18318347003634]]]},"properties":{"code":"26500","name":"수영구","sido":"부산광역시","code2018":"21140"}},{"type":"Feature","geometry":{"type":"Polygon","coordinates":[[[129.01132236660203,35.138189122925816],[129.01594406761035,35.155712026344524],[129.01017323862936,35.17360665196827],[129.02363801738082,35.1809168091243],[129.02114382379534,35.18775116756243],[129.00911453560806,35.18881452704495],[128.98818504717465,35.1972385175836],[128.98206600494177,35.19649959467477],[128.96201475096996,35.18198125339427],[128.9614188668208,35.13943999888083],[128.95687902012088,35.12730608973392],[128.95990797566617,35.12027791220839],[128.97982418517978,35.1167540714929],[128.98735689785522,35.12389853747528],[128.99796856024992,35.12254815787114],[129.00451760683498,35.1395132926308],[129.01132236660203,35.138189122925816]]]},"properties":{"code":"26530","name":"사상구","sido":"부산광역시","code2018":"21150"}},{"type":"Feature","geometry":{"type":"Polygon","coordinates":[[[129.1089184004478,35.305068397078145],[129.1296640671979,35.298002272297175],[129.12982913025536,35.29033234100405],[129.1193757241296,35.2621990470576],[129.14104283966108,35.25921975866469],[129.14428701915543,35.25072721185762],[129.15496231726954,35.24505499361861],[129.15513091694905,35.237010450810004],[129.16951380195485,35.22608876050923],[129.16026027283183,35.20629311485381],[129.18564304115662,35.19548668493235],[129.1994508641014,35.200687350789146],[129.20666744753996,35.1970539561058],[129.20792222656215,35.181944959030275],[129.22503788584214,35.186301234060316],[129.23015233418576,35.19572537761114],[129.2332332279117,35.21447461013801],[129.24545697683118,35.23045233409942],[129.25337576324543,35.24666823722878],[129.25290604275267,35.271173727395855],[129.26374044657584,35.296059368603245],[129.25855952233442,35.30603370752106],[129.26527656158805,35.31910848413057],[129.27713474958745,35.325401612673964],[129.29903916620975,35.31826517729175],[129.3045309283998,35.32951391038803],[129.283767706476,35.34567863307003],[129.28350875658538,35.36271420228059],[129.26527076472655,35.38647176283808],[129.2413090256113,35.38557914203428],[129.21735550582162,35.378687660471414],[129.20297368420788,35.38786983020016],[129.19358066827675,35.36100526803991],[129.17453350862533,35.35146553499884],[129.1527859941793,35.36272462163975],[129.13058923361965,35.36429814923641],[129.13471015502867,35.35306295888203],[129.1273691961121,35.345671406633464],[129.11847606676884,35.32246347291058],[129.1089184004478,35.305068397078145]]]},"properties":{"code":"26710","name":"기장군","sido":"부산광역시","code2018":"21310"}},{"type":"Feature","geometry":{"type":"Polygon","coordinates":[[[126.97178590780638,37.63228533903874],[126.95171633967342,37.624328550490226],[126.95037704631463,37.6078785962168],[126.95877706184434,37.581618172910275],[126.96677353826367,37.56579436403003],[127.02336812399952,37.57173985489921],[127.02316787780416,37.57804158355124],[126.99853215476769,37.592506460954134],[126.98913590308945,37.59130668631862],[126.98669703273053,37.61468379283732],[126.97507466788086,37.63138628651299],[126.97178590780638,37.63228533903874]]]},"properties":{"code":"11110","name":"종로구","sido":"서울특별시","code2018":"11010"}},{"type":"Feature","geometry":{"type":"Polygon","coordinates":[[[126.96677353826367,37.56579436403003],[126.96148348639608,37.55885377187589],[126.96238687439413,37.551503993982486],[126.98542709369815,37.553744426992886],[127.00860603570271,37.5439797142403],[127.02626520682036,37.56299376211292],[127.02336812399952,37.57173985489921],[126.96677353826367,37.56579436403003]]]},"properties":{"code":"11140","name":"중구","sido":"서울특별시","code2018":"11020"}},{"type":"Feature","geometry":{"type":"Polygon","coordinates":[[[126.96238687439413,37.551503993982486],[126.95770025394127,37.54208264069797],[126.94357043557476,37.52941828315848],[126.95040239303732,37.52002668967632],[126.96460251997651,37.51277850390171],[126.98013790510133,37.51211780751312],[126.98937931795761,37.512707976506604],[127.01186811487119,37.5278410044609],[127.02092441234515,37.53511935680614],[127.00860603570271,37.5439797142403],[126.98542709369815,37.553744426992886],[126.96238687439413,37.551503993982486]]]},"properties":{"code":"11170","name":"용산구","sido":"서울특별시","code2018":"11030"}},{"type":"Feature","geometry":{"type":"Polygon","coordinates":[[[127.00860603570271,37.5439797142403],[127.02092441234515,37.53511935680614],[127.02985684594884,37.538864306165756],[127.05656656376357,37.52910117290873],[127.07210166150507,37.56004560739462],[127.05820309972704,37.56271987461577],[127.0421804638618,37.573020962025055],[127.02336812399952,37.57173985489921],[127.02626520682036,37.56299376211292],[127.00860603570271,37.5439797142403]]]},"properties":{"code":"11200","name":"성동구","sido":"서울특별시","code2018":"11040"}},{"type":"Feature","geometry":{"type":"Polygon","coordinates":[[[127.10093021118088,37.573559795823115],[127.0911704143874,37.569559332896745],[127.0785759598423,37.57186080820366],[127.07210166150507,37.56004560739462],[127.05656656376357,37.52910117290873],[127.06696185902243,37.52508139275426],[127.08428507907632,37.52442030365821],[127.09895717127637,37.52795365256428],[127.10956437773541,37.543469981099015],[127.1137691771839,37.5588854909225],[127.1011460799232,37.56002336317411],[127.10093021118088,37.573559795823115]]]},"properties":{"code":"11215","name":"광진구","sido":"서울특별시","code2018":"11050"}},{"type":"Feature","geometry":{"type":"Polygon","coordinates":[[[127.02336812399952,37.57173985489921],[127.0421804638618,37.573020962025055],[127.05820309972704,37.56271987461577],[127.07210166150507,37.56004560739462],[127.0785759598423,37.57186080820366],[127.0696260938658,37.59488273131149],[127.07171776032028,37.60681175155439],[127.04075380270517,37.59580029601416],[127.02316787780416,37.57804158355124],[127.02336812399952,37.57173985489921]]]},"properties":{"code":"11230","name":"동대문구","sido":"서울특별시","code2018":"11060"}},{"type":"Feature","geometry":{"type":"Polygon","coordinates":[[[127.10571036714282,37.6208334323481],[127.0857277524712,37.62016784234585],[127.07140313714835,37.615627975297905],[127.07171776032028,37.60681175155439],[127.0696260938658,37.59488273131149],[127.0785759598423,37.57186080820366],[127.0911704143874,37.569559332896745],[127.10093021118088,37.573559795823115],[127.10932809122542,37.58466434029016],[127.11801121467134,37.60457760024447],[127.11567458701147,37.61929460112488],[127.10571036714282,37.6208334323481]]]},"properties":{"code":"11260","name":"중랑구","sido":"서울특별시","code2018":"11070"}},{"type":"Feature","geometry":{"type":"Polygon","coordinates":[[[126.97507466788086,37.63138628651299],[126.98669703273053,37.61468379283732],[126.98913590308945,37.59130668631862],[126.99853215476769,37.592506460954134],[127.02316787780416,37.57804158355124],[127.04075380270517,37.59580029601416],[127.07171776032028,37.60681175155439],[127.07140313714835,37.615627975297905],[127.06201426203482,37.61437558597576],[127.04998624978273,37.62443094627259],[127.03710340205886,37.61271103786459],[127.02223498056777,37.61126924609165],[127.00849368915605,37.61857461210493],[126.98462538828213,37.63656487056025],[126.97507466788086,37.63138628651299]]]},"properties":{"code":"11290","name":"성북구","sido":"서울특별시","code2018":"11080"}},{"type":"Feature","geometry":{"type":"Polygon","coordinates":[[[126.98462538828213,37.63656487056025],[127.00849368915605,37.61857461210493],[127.02223498056777,37.61126924609165],[127.03710340205886,37.61271103786459],[127.04998624978273,37.62443094627259],[127.04148121127378,37.63127886172987],[127.03267061562667,37.64163107035844],[127.01255521304202,37.65222300501987],[127.01851613235515,37.66995830919259],[127.00829247114032,37.68467769374363],[126.99173632766428,37.67946543249625],[126.99425696395392,37.66648354847951],[126.97964383183502,37.65488405540832],[126.98462538828213,37.63656487056025]]]},"properties":{"code":"11305","name":"강북구","sido":"서울특별시","code2018":"11090"}},{"type":"Feature","geometry":{"type":"Polygon","coordinates":[[[127.01584584752527,37.70102523886384],[127.00829247114032,37.68467769374363],[127.01851613235515,37.66995830919259],[127.01255521304202,37.65222300501987],[127.03267061562667,37.64163107035844],[127.04148121127378,37.63127886172987],[127.05589253601269,37.64597057843639],[127.04882305564779,37.66909342765484],[127.05077658612298,37.687021624314454],[127.04911961679898,37.69352177983605],[127.03114435070763,37.69293904860681],[127.02807217816179,37.70055640198995],[127.01584584752527,37.70102523886384]]]},"properties":{"code":"11320","name":"도봉구","sido":"서울특별시","code2018":"11100"}},{"type":"Feature","geometry":{"type":"Polygon","coordinates":[[[127.05077658612298,37.687021624314454],[127.04882305564779,37.66909342765484],[127.05589253601269,37.64597057843639],[127.04148121127378,37.63127886172987],[127.04998624978273,37.62443094627259],[127.06201426203482,37.61437558597576],[127.07140313714835,37.615627975297905],[127.0857277524712,37.62016784234585],[127.10571036714282,37.6208334323481],[127.11115471503085,37.642411591637234],[127.0949337397759,37.64551287093798],[127.09244495585239,37.65809256043153],[127.09572830788656,37.670417231369676],[127.09182776444449,37.679187298896515],[127.09579195526719,37.68886098597054],[127.08176430131853,37.69637761093475],[127.05077658612298,37.687021624314454]]]},"properties":{"code":"11350","name":"노원구","sido":"서울특별시","code2018":"11110"}},{"type":"Feature","geometry":{"type":"Polygon","coordinates":[[[126.88224101754084,37.59093660473637],[126.90312696167818,37.57689188651242],[126.91233064826119,37.58580611375748],[126.92081477459253,37.58291235081159],[126.94043662639285,37.60286087376972],[126.95037704631463,37.6078785962168],[126.95171633967342,37.624328550490226],[126.97178590780638,37.63228533903874],[126.9546230281742,37.65475074904568],[126.91222682533144,37.64437766361075],[126.90103131509832,37.61245709436633],[126.90136025780366,37.59617719367432],[126.89696151598842,37.5886207710837],[126.88224101754084,37.59093660473637]]]},"properties":{"code":"11380","name":"은평구","sido":"서울특별시","code2018":"11120"}},{"type":"Feature","geometry":{"type":"Polygon","coordinates":[[[126.95037704631463,37.6078785962168],[126.94043662639285,37.60286087376972],[126.92081477459253,37.58291235081159],[126.91233064826119,37.58580611375748],[126.90312696167818,37.57689188651242],[126.92824669883672,37.56334393261646],[126.93686652452007,37.55510319990801],[126.96148348639608,37.55885377187589],[126.96677353826367,37.56579436403003],[126.95877706184434,37.581618172910275],[126.95037704631463,37.6078785962168]]]},"properties":{"code":"11410","name":"서대문구","sido":"서울특별시","code2018":"11130"}},{"type":"Feature","geometry":{"type":"Polygon","coordinates":[[[126.85775240042004,37.574642406104125],[126.86628391256824,37.56589160853773],[126.88975440070294,37.55017183813918],[126.90771292525608,37.54166765894863],[126.9340062933555,37.5363358075863],[126.94357043557476,37.52941828315848],[126.95770025394127,37.54208264069797],[126.96238687439413,37.551503993982486],[126.96148348639608,37.55885377187589],[126.93686652452007,37.55510319990801],[126.92824669883672,37.56334393261646],[126.90312696167818,37.57689188651242],[126.88224101754084,37.59093660473637],[126.87707656896659,37.57890294324922],[126.85775240042004,37.574642406104125]]]},"properties":{"code":"11440","name":"마포구","sido":"서울특별시","code2018":"11140"}},{"type":"Feature","geometry":{"type":"Polygon","coordinates":[[[126.8247949083413,37.50829216307102],[126.83641780266883,37.502457548209],[126.85815580475304,37.509945140852274],[126.87126067616711,37.50562598499916],[126.87947300173846,37.51677180493009],[126.89004358159242,37.530379718461255],[126.88616574426541,37.543596032857415],[126.86428473113463,37.55138951230217],[126.86401103535115,37.52979969525946],[126.84048532269895,37.52653732844917],[126.83313988659249,37.54184148790217],[126.82214710748974,37.54067925643015],[126.82820990369059,37.52879023343129],[126.8247949083413,37.50829216307102]]]},"properties":{"code":"11470","name":"양천구","sido":"서울특별시","code2018":"11150"}},{"type":"Feature","geometry":{"type":"Polygon","coordinates":[[[126.80493593311222,37.60402118608447],[126.79725409556816,37.59659249049739],[126.80088156842656,37.588752137212104],[126.79367364183499,37.5816045499506],[126.7828857043528,37.57370214874968],[126.76771074661768,37.55418855255472],[126.79871858254754,37.53767504421919],[126.80284918268174,37.54308164775801],[126.82214710748974,37.54067925643015],[126.83313988659249,37.54184148790217],[126.84048532269895,37.52653732844917],[126.86401103535115,37.52979969525946],[126.86428473113463,37.55138951230217],[126.88616574426541,37.543596032857415],[126.88975440070294,37.55017183813918],[126.86628391256824,37.56589160853773],[126.85775240042004,37.574642406104125],[126.8509394260532,37.57561931537229],[126.82042807319763,37.59083571576875],[126.80493593311222,37.60402118608447]]]},"properties":{"code":"11500","name":"강서구","sido":"서울특별시","code2018":"11160"}},{"type":"Feature","geometry":{"type":"Polygon","coordinates":[[[126.87474246807251,37.485382052103006],[126.89946852575197,37.48034441659667],[126.90322697949205,37.484986282537186],[126.89741764280718,37.48775889416138],[126.89385564513887,37.507478069224476],[126.87947300173846,37.51677180493009],[126.87126067616711,37.50562598499916],[126.85815580475304,37.509945140852274],[126.83641780266883,37.502457548209],[126.8247949083413,37.50829216307102],[126.81439205171421,37.493198831681944],[126.82264846479232,37.47585798125563],[126.83340851770019,37.47690416889069],[126.8454879841172,37.47408060494273],[126.86186734553941,37.49039121447398],[126.87474246807251,37.485382052103006]]]},"properties":{"code":"11530","name":"구로구","sido":"서울특별시","code2018":"11170"}},{"type":"Feature","geometry":{"type":"Polygon","coordinates":[[[126.92874943387082,37.45019265142709],[126.91483386414042,37.457667571013516],[126.90822847082887,37.47262567309233],[126.89946852575197,37.48034441659667],[126.87474246807251,37.485382052103006],[126.88865011557395,37.46247360090581],[126.90049098886135,37.43736038439733],[126.90933541520236,37.43415999085181],[126.92874943387082,37.45019265142709]]]},"properties":{"code":"11545","name":"금천구","sido":"서울특별시","code2018":"11180"}},{"type":"Feature","geometry":{"type":"Polygon","coordinates":[[[126.94357043557476,37.52941828315848],[126.9340062933555,37.5363358075863],[126.90771292525608,37.54166765894863],[126.88975440070294,37.55017183813918],[126.88616574426541,37.543596032857415],[126.89004358159242,37.530379718461255],[126.87947300173846,37.51677180493009],[126.89385564513887,37.507478069224476],[126.89741764280718,37.48775889416138],[126.90322697949205,37.484986282537186],[126.91968449799764,37.497694018899544],[126.92601116467537,37.51609788418518],[126.95040239303732,37.52002668967632],[126.94357043557476,37.52941828315848]]]},"properties":{"code":"11560","name":"영등포구","sido":"서울특별시","code2018":"11190"}},{"type":"Feature","geometry":{"type":"Polygon","coordinates":[[[126.95040239303732,37.52002668967632],[126.92601116467537,37.51609788418518],[126.91968449799764,37.497694018899544],[126.90322697949205,37.484986282537186],[126.9266006791538,37.49412575005619],[126.93914682252951,37.49158331202649],[126.96119880135294,37.49338826658658],[126.96134484333162,37.483485379509425],[126.97049059255507,37.475368330993604],[126.98172282236325,37.476364805634546],[126.98290019987473,37.49635281069553],[126.98013790510133,37.51211780751312],[126.96460251997651,37.51277850390171],[126.95040239303732,37.52002668967632]]]},"properties":{"code":"11590","name":"동작구","sido":"서울특별시","code2018":"11200"}},{"type":"Feature","geometry":{"type":"Polygon","coordinates":[[[126.94790359210249,37.43894565945652],[126.96310666802697,37.44106065302598],[126.98862046387836,37.45813532321736],[126.98172282236325,37.476364805634546],[126.97049059255507,37.475368330993604],[126.96134484333162,37.483485379509425],[126.96119880135294,37.49338826658658],[126.93914682252951,37.49158331202649],[126.9266006791538,37.49412575005619],[126.90322697949205,37.484986282537186],[126.89946852575197,37.48034441659667],[126.90822847082887,37.47262567309233],[126.91483386414042,37.457667571013516],[126.92874943387082,37.45019265142709],[126.938366738282,37.440506268001016],[126.94790359210249,37.43894565945652]]]},"properties":{"code":"11620","name":"관악구","sido":"서울특별시","code2018":"11210"}},{"type":"Feature","geometry":{"type":"Polygon","coordinates":[[[127.0963176312864,37.46143202137049],[127.08516182670971,37.47527333765135],[127.06253188783644,37.47284246894814],[127.05452718675163,37.46852663178098],[127.03396794290876,37.48479724859385],[127.01707360242412,37.52288692862943],[127.01186811487119,37.5278410044609],[126.98937931795761,37.512707976506604],[126.98013790510133,37.51211780751312],[126.98290019987473,37.49635281069553],[126.98172282236325,37.476364805634546],[126.98862046387836,37.45813532321736],[127.00342193700581,37.467259348791046],[127.01106032839904,37.45538864973786],[127.03583473655377,37.45754591860271],[127.04105997621345,37.438114826608675],[127.04746704771722,37.4308710922291],[127.07045631000307,37.43006340527568],[127.08231119316262,37.441199502984134],[127.0963176312864,37.46143202137049]]]},"properties":{"code":"11650","name":"서초구","sido":"서울특별시","code2018":"11220"}},{"type":"Feature","geometry":{"type":"Polygon","coordinates":[[[127.12229337185815,37.46521354246407],[127.10568253520734,37.491414898641],[127.06980645000905,37.50504446572741],[127.06696185902243,37.52508139275426],[127.05656656376357,37.52910117290873],[127.02985684594884,37.538864306165756],[127.02092441234515,37.53511935680614],[127.01186811487119,37.5278410044609],[127.01707360242412,37.52288692862943],[127.03396794290876,37.48479724859385],[127.05452718675163,37.46852663178098],[127.06253188783644,37.47284246894814],[127.08516182670971,37.47527333765135],[127.0963176312864,37.46143202137049],[127.12229337185815,37.46521354246407]]]},"properties":{"code":"11680","name":"강남구","sido":"서울특별시","code2018":"11230"}},{"type":"Feature","geometry":{"type":"Polygon","coordinates":[[[127.1434452606241,37.47410418499762],[127.15763863747891,37.48914280054281],[127.15647122324073,37.501900866655475],[127.15616532064017,37.502004723063806],[127.15263233954236,37.50311999959347],[127.15215094487363,37.50308816205816],[127.15190324575013,37.50314993193299],[127.15167302387759,37.503372935245025],[127.14513394724582,37.50359120728862],[127.14506294256368,37.50365296257219],[127.14026958814189,37.50990247907818],[127.14112530726499,37.51232372030166],[127.14461305227165,37.51696019781758],[127.11916131560106,37.52806564603418],[127.1232114342576,37.53852869389422],[127.10956437773541,37.543469981099015],[127.09895717127637,37.52795365256428],[127.08428507907632,37.52442030365821],[127.06696185902243,37.52508139275426],[127.06980645000905,37.50504446572741],[127.10568253520734,37.491414898641],[127.12229337185815,37.46521354246407],[127.13258889298031,37.474846847260416],[127.1434452606241,37.47410418499762]]]},"properties":{"code":"11710","name":"송파구","sido":"서울특별시","code2018":"11240"}},{"type":"Feature","geometry":{"type":"Polygon","coordinates":[[[127.1137691771839,37.5588854909225],[127.10956437773541,37.543469981099015],[127.1232114342576,37.53852869389422],[127.11916131560106,37.52806564603418],[127.14461305227165,37.51696019781758],[127.15355242225388,37.533996519079544],[127.16319304745531,37.54501868568689],[127.1828256101531,37.546563686343575],[127.18196925443641,37.56094137282262],[127.17395294565993,37.57958200336485],[127.16863262457261,37.5793035434037],[127.12228096158411,37.564254547880985],[127.1137691771839,37.5588854909225]]]},"properties":{"code":"11740","name":"강동구","sido":"서울특별시","code2018":"11250"}},{"type":"Feature","geometry":{"type":"Polygon","coordinates":[[[127.3956687444112,36.49161155068815],[127.4088066988029,36.49529747859688],[127.4038520373747,36.51712762888225],[127.40881499100972,36.524391337625964],[127.40182464894835,36.54124045979936],[127.38348836569338,36.54200512793118],[127.37706206444109,36.56744441360377],[127.36054245819618,36.56226781966202],[127.34301159289039,36.56450370365296],[127.32549583948254,36.57785267469244],[127.30824087760463,36.58345991864753],[127.30698112856366,36.59997478647925],[127.30086526884932,36.615539121558065],[127.27920841937424,36.63511695055196],[127.2869562454221,36.65416905111462],[127.30162418324214,36.66008523412434],[127.3076097072515,36.68162730584224],[127.28562590652612,36.69093404883944],[127.2737391061961,36.695176606453664],[127.25966896911329,36.69253350287335],[127.24580881280117,36.695818612283034],[127.23608541353825,36.707358094126185],[127.20507975236724,36.72032578497255],[127.2029216097686,36.72617528145413],[127.16652546109964,36.73350129920794],[127.1528745485181,36.72830955907034],[127.13619392574822,36.70483927985554],[127.1424688780043,36.69113289677923],[127.16086613025666,36.6919891295455],[127.16440129979566,36.67834108505827],[127.15476839136683,36.664864927301664],[127.1594023489221,36.65594683141634],[127.15303588141391,36.645039554141455],[127.15794555669345,36.635171208901916],[127.1505582399218,36.62042878624475],[127.15559470532158,36.60614085321765],[127.17858120020978,36.59690315663144],[127.19295612987199,36.58175031539345],[127.20791495257721,36.57873175078612],[127.20310708274128,36.56745436590393],[127.19378768128777,36.564812524795485],[127.17266844268539,36.53614364718076],[127.18198581843956,36.52190833810269],[127.17001846888749,36.509037876211906],[127.17824749678138,36.499876126387576],[127.17687680580985,36.49252957401574],[127.19467546940622,36.489593554939304],[127.1904819780574,36.47947098040882],[127.19474762846151,36.46875959922054],[127.20473347031805,36.45929025054558],[127.19839944662611,36.452206717105945],[127.20569863613576,36.4365723983893],[127.21770738995892,36.43373753933099],[127.22564315613198,36.42229475426228],[127.24225926355231,36.41861554858763],[127.25079566419382,36.40675835257603],[127.26549267255807,36.41717474690516],[127.28231470262878,36.41453730462398],[127.30274829192807,36.42467057093642],[127.31666951880354,36.42012377425656],[127.34071762557373,36.43097601346038],[127.3446982942011,36.444464463622815],[127.35870915991386,36.45603282506565],[127.3636248775264,36.47033395459883],[127.3591528902481,36.48539078961527],[127.38116723844692,36.50002188987698],[127.3956687444112,36.49161155068815]]]},"properties":{"code":"36110","name":"세종시","sido":"세종특별자치시","code2018":"29010"}},{"type":"Feature","geometry":{"type":"Polygon","coordinates":[[[129.2651177374481,35.55727900501005],[129.27183481655325,35.55321819533668],[129.30250408695022,35.545977736956985],[129.30453968307373,35.552307021431346],[129.35404650538004,35.548023249427516],[129.35376911820154,35.56169210118302],[129.34843983338465,35.59528110229815],[129.33496015428216,35.593553097522836],[129.32260780229748,35.5980508154984],[129.31056561657505,35.58925064276489],[129.29012851809395,35.59482740188277],[129.28612779930407,35.58342693467693],[129.26747220743604,35.5868962786614],[129.26159872414124,35.57210637165999],[129.2651177374481,35.55727900501005]]]},"properties":{"code":"31110","name":"중구","sido":"울산광역시","code2018":"26010"}},{"type":"Feature","geometry":{"type":"Polygon","coordinates":[[[129.2651177374481,35.55727900501005],[129.2562534863895,35.55474501476717],[129.23881632046357,35.53946203108848],[129.27287395823436,35.52607548284637],[129.28742153131233,35.51522259138358],[129.30148225047515,35.49446937766787],[129.30786431789315,35.497393869739504],[129.3193765872116,35.48483091660899],[129.33570435294038,35.48240599445166],[129.33933909225908,35.47526715696355],[129.36130895933724,35.45914613974127],[129.38413041342312,35.47408223696759],[129.39085594525002,35.49928184422377],[129.38881145128207,35.51959060661299],[129.37281255007747,35.538185123536806],[129.35404650538004,35.548023249427516],[129.30453968307373,35.552307021431346],[129.30250408695022,35.545977736956985],[129.27183481655325,35.55321819533668],[129.2651177374481,35.55727900501005]]]},"properties":{"code":"31140","name":"남구","sido":"울산광역시","code2018":"26020"}},{"type":"Feature","geometry":{"type":"Polygon","coordinates":[[[129.39085594525002,35.49928184422377],[129.40303565034455,35.499711537500886],[129.4080181702611,35.49324002910855],[129.40402500490913,35.4773821336184],[129.42413382611423,35.484189098338035],[129.4393219811012,35.48557832194374],[129.43236639480955,35.49931786007284],[129.44344861264227,35.5021302446174],[129.44584247151028,35.522455427984575],[129.45835148429538,35.558838843678735],[129.45280694903363,35.572683150344155],[129.41721674020715,35.563340798927804],[129.407955720169,35.55160152925252],[129.40258764851893,35.53146903628071],[129.4104737904352,35.52169794288818],[129.38881145128207,35.51959060661299],[129.39085594525002,35.49928184422377]]]},"properties":{"code":"31170","name":"동구","sido":"울산광역시","code2018":"26030"}},{"type":"Feature","geometry":{"type":"Polygon","coordinates":[[[129.29580796064099,35.6443030989463],[129.29819005793834,35.6324058834966],[129.2946216299049,35.61847498051779],[129.3001366673176,35.614192044439804],[129.29012851809395,35.59482740188277],[129.31056561657505,35.58925064276489],[129.32260780229748,35.5980508154984],[129.33496015428216,35.593553097522836],[129.34843983338465,35.59528110229815],[129.35376911820154,35.56169210118302],[129.35404650538004,35.548023249427516],[129.37281255007747,35.538185123536806],[129.38881145128207,35.51959060661299],[129.4104737904352,35.52169794288818],[129.40258764851893,35.53146903628071],[129.407955720169,35.55160152925252],[129.41721674020715,35.563340798927804],[129.45280694903363,35.572683150344155],[129.4573515599048,35.58473757478966],[129.46506116956888,35.58588750086643],[129.46437468431702,35.599353190971996],[129.45694902825454,35.613935212354725],[129.44332939497787,35.62564505838301],[129.4412549286334,35.643080553882804],[129.45000815531807,35.650948468950105],[129.4283882828888,35.65593554652776],[129.41263409283587,35.66401868072863],[129.38098696906087,35.67107571285937],[129.36455070753226,35.6787678771502],[129.35388798057974,35.679552765334265],[129.32399437098928,35.659210286292954],[129.30357010391245,35.656968549059926],[129.29580796064099,35.6443030989463]]]},"properties":{"code":"31200","name":"북구","sido":"울산광역시","code2018":"26040"}},{"type":"Feature","geometry":{"type":"Polygon","coordinates":[[[128.99449906539172,35.528989458283654],[129.02198914622713,35.525362331296634],[129.02927822294615,35.519063666019704],[129.04612131942164,35.514348101510826],[129.05933880846996,35.51601586319035],[129.06887822757807,35.50675962476326],[129.09078080365367,35.49823677904535],[129.10670551105866,35.49496268918231],[129.1096340620774,35.47969947127894],[129.14297415789693,35.4459106762959],[129.16814275738142,35.431916689114],[129.19635838598512,35.439419341329774],[129.20018266743116,35.42413235901487],[129.21985983378352,35.40916649536281],[129.20297368420788,35.38786983020016],[129.21735550582162,35.378687660471414],[129.2413090256113,35.38557914203428],[129.26527076472655,35.38647176283808],[129.28350875658538,35.36271420228059],[129.283767706476,35.34567863307003],[129.3045309283998,35.32951391038803],[129.3136442275032,35.33046000246084],[129.32270554005643,35.34597564019757],[129.3357503672826,35.35592818037696],[129.34720901870747,35.35250982025933],[129.36328744041782,35.361218701651474],[129.35596181804638,35.37390003894265],[129.34555508774383,35.376422864356556],[129.3465058265487,35.38941750506527],[129.35607204711462,35.39248511012207],[129.36304781938892,35.40650475583137],[129.3657733309609,35.43570184209014],[129.35955700711781,35.44796125826202],[129.3499665066324,35.44827187356664],[129.3474129630124,35.4642878598586],[129.33823672360163,35.475595933578944],[129.33570435294038,35.48240599445166],[129.3193765872116,35.48483091660899],[129.30786431789315,35.497393869739504],[129.30148225047515,35.49446937766787],[129.28742153131233,35.51522259138358],[129.27287395823436,35.52607548284637],[129.23881632046357,35.53946203108848],[129.2562534863895,35.55474501476717],[129.2651177374481,35.55727900501005],[129.26159872414124,35.57210637165999],[129.26747220743604,35.5868962786614],[129.28612779930407,35.58342693467693],[129.29012851809395,35.59482740188277],[129.3001366673176,35.614192044439804],[129.2946216299049,35.61847498051779],[129.29819005793834,35.6324058834966],[129.29580796064099,35.6443030989463],[129.28451482363596,35.65144762933259],[129.26007797423347,35.65450517844181],[129.2542466553393,35.666258528661864],[129.259814039415,35.67303104470961],[129.26269415916573,35.691445407712],[129.25292557598198,35.70169668886052],[129.23406285658183,35.703582594047404],[129.20723454961526,35.72150751730422],[129.19764570092747,35.715794319449],[129.1815171899236,35.72313901257429],[129.17685676445345,35.715531148026095],[129.16063965091655,35.71487964565827],[129.1457201819203,35.72469752196527],[129.13524492721697,35.711929816342746],[129.12327579006194,35.70748034568906],[129.10168056454327,35.70622926837038],[129.0885657076513,35.70201710859793],[129.07742937650704,35.693024975920345],[129.06948549235406,35.680728687571325],[129.06760919066494,35.66179876257611],[129.0810747419879,35.64748068711177],[129.07413172138828,35.64008515672879],[129.06432839049782,35.64624644023234],[129.04731156623572,35.650146667720406],[129.0349725147922,35.63200032356123],[129.02713523882133,35.636349567652374],[129.007734402281,35.626807266157],[129.0033462950447,35.6201417657111],[129.0218649488806,35.613923923382586],[129.02602749672357,35.600690274699346],[129.02018044416465,35.58497382421155],[128.99545036193126,35.56894992087982],[128.9709031054137,35.56063916012274],[128.9809354007961,35.54661170561411],[128.99761869874197,35.542198741776005],[128.99449906539172,35.528989458283654]]]},"properties":{"code":"31710","name":"울주군","sido":"울산광역시","code2018":"26310"}},{"type":"Feature","geometry":{"type":"MultiPolygon","coordinates":[[[[126.61677144335242,37.4835899525805],[126.60054048016944,37.48153081151491],[126.59316780411487,37.463724961686445],[126.59633829906441,37.4511807105871],[126.59293509597005,37.44131828196632],[126.61419491949964,37.43773299194233],[126.610871917494,37.429918106413396],[126.6346759165485,37.43100284075858],[126.62918023034219,37.45202576301332],[126.6427891469966,37.46848621129793],[126.61677144335242,37.4835899525805]]],[[[126.49045511096267,37.50990162584326],[126.48298708311133,37.50419930870835],[126.46454241949816,37.49947399938031],[126.43217335665307,37.50391953636948],[126.37341921543496,37.47213277072041],[126.35625240947226,37.4695713295232],[126.36106256378726,37.45725572304513],[126.38049229722921,37.43901679883202],[126.39528821889992,37.44608546632017],[126.4155837262326,37.43246516611614],[126.4194388622993,37.42196976130283],[126.44181217930266,37.42088863429734],[126.47790691117842,37.44083575466605],[126.49616382660763,37.44820679308625],[126.50734573508326,37.465809485938856],[126.53730719561096,37.47582612360683],[126.56483609796068,37.479621115461775],[126.58131964341094,37.48971252396093],[126.57435071812596,37.5057560462098],[126.56550231909705,37.514646324023865],[126.54388628608682,37.52360552156658],[126.52634175814755,37.527367127925025],[126.51377682010217,37.53497770515297],[126.4983927427595,37.531848466830084],[126.49045511096267,37.50990162584326]]],[[[126.414121142683,37.40908987036379],[126.40237710799688,37.40968760212862],[126.40058889107864,37.39656900199043],[126.40734562649035,37.38811790982515],[126.40713772385875,37.372604873080014],[126.41793860336105,37.36531408629262],[126.43368216971287,37.36859346391418],[126.44104019799677,37.38564475128505],[126.41460847932399,37.403487097294516],[126.414121142683,37.40908987036379]]]]},"properties":{"code":"28110","name":"중구","sido":"인천광역시","code2018":"23010"}},{"type":"Feature","geometry":{"type":"Polygon","coordinates":[[[126.6427891469966,37.46848621129793],[126.65241998745306,37.47051199810634],[126.65495505669722,37.484058926731635],[126.67047992053033,37.47684733120229],[126.64076302099006,37.49587372507508],[126.61617035947936,37.48978986975806],[126.61677144335242,37.4835899525805],[126.6427891469966,37.46848621129793]]]},"properties":{"code":"28140","name":"동구","sido":"인천광역시","code2018":"23020"}},{"type":"Feature","geometry":{"type":"Polygon","coordinates":[[[126.6346759165485,37.43100284075858],[126.66053827334147,37.43549248605272],[126.67511572436092,37.43028217751968],[126.69669059297742,37.43339871875893],[126.7023583271668,37.43887029679279],[126.69342469121243,37.44664007068768],[126.69278791426511,37.46551416262948],[126.686051342534,37.47201713580264],[126.68404129040577,37.47334788579891],[126.67047992053033,37.47684733120229],[126.65495505669722,37.484058926731635],[126.65241998745306,37.47051199810634],[126.6427891469966,37.46848621129793],[126.62918023034219,37.45202576301332],[126.6346759165485,37.43100284075858]]]},"properties":{"code":"28177","name":"미추홀구","sido":"인천광역시","code2018":"23030"}},{"type":"Feature","geometry":{"type":"Polygon","coordinates":[[[126.610871917494,37.429918106413396],[126.58981373154339,37.43305495803859],[126.5902939571556,37.419135534994865],[126.6097197251198,37.41605126920353],[126.60987450359247,37.38716180249997],[126.62473296440598,37.37414507384809],[126.61190843388417,37.35530975179463],[126.58452752586668,37.35466406674054],[126.58461496792053,37.34738163466011],[126.61726751117966,37.34732093576485],[126.61730674609542,37.34285160058837],[126.66106887302728,37.343249576852855],[126.71770758982142,37.3811085821697],[126.67449622813152,37.38911251801248],[126.68433548918587,37.40453366141488],[126.70412387602397,37.424919250393586],[126.7023583271668,37.43887029679279],[126.69669059297742,37.43339871875893],[126.67511572436092,37.43028217751968],[126.66053827334147,37.43549248605272],[126.6346759165485,37.43100284075858],[126.610871917494,37.429918106413396]]]},"properties":{"code":"28185","name":"연수구","sido":"인천광역시","code2018":"23040"}},{"type":"Feature","geometry":{"type":"Polygon","coordinates":[[[126.77816749406487,37.47180699542626],[126.76774170110463,37.471761614987166],[126.74604702519856,37.46481791340528],[126.7311790330707,37.47244057918705],[126.7126524166381,37.476400357739884],[126.70328776620028,37.467916486545136],[126.686051342534,37.47201713580264],[126.69278791426511,37.46551416262948],[126.69342469121243,37.44664007068768],[126.7023583271668,37.43887029679279],[126.70412387602397,37.424919250393586],[126.68433548918587,37.40453366141488],[126.67449622813152,37.38911251801248],[126.71770758982142,37.3811085821697],[126.73654154837307,37.39542661589188],[126.750575879332,37.40760623569069],[126.75369009495193,37.42253943913569],[126.77127482748675,37.431382306990464],[126.76883815718544,37.442934885116834],[126.77831583751951,37.450789381866805],[126.77816749406487,37.47180699542626]]]},"properties":{"code":"28200","name":"남동구","sido":"인천광역시","code2018":"23050"}},{"type":"Feature","geometry":{"type":"Polygon","coordinates":[[[126.76033573950393,37.524096485668615],[126.69056997548624,37.523565334017135],[126.68321632617973,37.516999160538774],[126.69222892529577,37.49240099870048],[126.69065042195786,37.479076623344106],[126.68404129040577,37.47334788579891],[126.686051342534,37.47201713580264],[126.70328776620028,37.467916486545136],[126.7126524166381,37.476400357739884],[126.7311790330707,37.47244057918705],[126.74604702519856,37.46481791340528],[126.76774170110463,37.471761614987166],[126.7545166304779,37.48370174317242],[126.7426005760681,37.48664671488252],[126.7451006837717,37.514084702602005],[126.76019208815293,37.51587172754705],[126.76033573950393,37.524096485668615]]]},"properties":{"code":"28237","name":"부평구","sido":"인천광역시","code2018":"23060"}},{"type":"Feature","geometry":{"type":"Polygon","coordinates":[[[126.72512592212895,37.59200096855635],[126.71330438046421,37.57768658332142],[126.68492315749545,37.58414183859568],[126.68245425686179,37.57722157752409],[126.69905781033681,37.57338166843906],[126.70708712710658,37.543151791608075],[126.68461763730942,37.53562436244924],[126.69056997548624,37.523565334017135],[126.76033573950393,37.524096485668615],[126.76094809268727,37.53785944540615],[126.76771074661768,37.55418855255472],[126.7828857043528,37.57370214874968],[126.79367364183499,37.5816045499506],[126.76731222973504,37.58802599503989],[126.74646327201802,37.58685683030967],[126.74362412306513,37.593349709658874],[126.72512592212895,37.59200096855635]]]},"properties":{"code":"28245","name":"계양구","sido":"인천광역시","code2018":"23070"}},{"type":"Feature","geometry":{"type":"Polygon","coordinates":[[[126.57257906940627,37.587784222507025],[126.58149349365198,37.57144046339798],[126.59334154633613,37.55935456617486],[126.60451019831747,37.55560403304713],[126.6024706619457,37.53326285496167],[126.60438694193329,37.49681248118924],[126.64076302099006,37.49587372507508],[126.67047992053033,37.47684733120229],[126.68404129040577,37.47334788579891],[126.69065042195786,37.479076623344106],[126.69222892529577,37.49240099870048],[126.68321632617973,37.516999160538774],[126.69056997548624,37.523565334017135],[126.68461763730942,37.53562436244924],[126.70708712710658,37.543151791608075],[126.69905781033681,37.57338166843906],[126.68245425686179,37.57722157752409],[126.68492315749545,37.58414183859568],[126.71330438046421,37.57768658332142],[126.72512592212895,37.59200096855635],[126.69863317300995,37.61746245127436],[126.67093518006962,37.63435957609076],[126.65794162031975,37.63855375610234],[126.6480590513185,37.62940494751212],[126.6475792237419,37.62873610840282],[126.63695290557065,37.62603338893902],[126.6276949434403,37.605968774960736],[126.61474725927208,37.60586845529339],[126.5927237316429,37.59297577852716],[126.57257906940627,37.587784222507025]]]},"properties":{"code":"28260","name":"서구","sido":"인천광역시","code2018":"23080"}},{"type":"Feature","geometry":{"type":"MultiPolygon","coordinates":[[[[126.52601717505105,37.7380924089514],[126.52690245513148,37.74783294154012],[126.51238789693636,37.763537212954],[126.51423545429593,37.77129826239084],[126.50803775602914,37.78329849212648],[126.49082952368327,37.78953081930826],[126.46472981274013,37.804962373511195],[126.43663159652925,37.83123109972109],[126.42688650022409,37.83336859534389],[126.41365930666144,37.82469324629906],[126.39387318529577,37.82549239932337],[126.37196206354875,37.80547328880879],[126.34893426164795,37.79196822467347],[126.35333061306773,37.77652763690502],[126.35313043188445,37.74480093555419],[126.34148314991434,37.748368589973886],[126.34318275206653,37.72059792564927],[126.35237254863817,37.70581012744984],[126.37749191877698,37.69639202277523],[126.38677116548091,37.69027485420212],[126.39569551161996,37.66457324982514],[126.38851282024802,37.656389107285115],[126.40500133140436,37.65078291578038],[126.39529445815344,37.64187322493461],[126.37411157885484,37.63727296655448],[126.37199550628134,37.63303812097953],[126.37772398472086,37.60951351911681],[126.40372284070298,37.59409865488048],[126.43570933190406,37.592630802680915],[126.44664180323484,37.59449295113184],[126.46266171995737,37.58939505406506],[126.47334402724205,37.59748811244498],[126.4802971903927,37.5835800179734],[126.50323639048148,37.58963644694456],[126.51196170590683,37.581238257426996],[126.52651131228649,37.58474491729307],[126.5239461472238,37.59646980198832],[126.54743329024599,37.60482016012274],[126.54281911579618,37.622576601188996],[126.5305280115994,37.63855248378674],[126.52895643551031,37.65297442703012],[126.53530292816356,37.66633368635629],[126.5229825306347,37.67651724683649],[126.52728142525596,37.70314165222603],[126.51851491911813,37.71272805239405],[126.51965787160644,37.72618850903146],[126.52601717505105,37.7380924089514]]],[[[126.26806759294972,37.815686395066265],[126.23697849066251,37.816410784714144],[126.2231767742662,37.80541207624023],[126.22215742050565,37.79091931370244],[126.20728281151924,37.7683312077111],[126.2320586812595,37.75114445593654],[126.24784902907122,37.76544520184936],[126.25898695908178,37.764558213774386],[126.2727977517718,37.76974912447438],[126.290141989789,37.76276156309195],[126.31495587492407,37.77368958015051],[126.33031603007473,37.789195200638744],[126.32846213459284,37.803933960215446],[126.29701938845054,37.80253019905789],[126.26806759294972,37.815686395066265]]],[[[126.23620816443422,37.72903023593345],[126.23044328664383,37.73274724193324],[126.21810538660694,37.71908326409385],[126.24723398709568,37.71726019587954],[126.23620816443422,37.72903023593345]]],[[[126.33044666352848,37.746807988284154],[126.32394892038715,37.75428392989655],[126.28892471574234,37.744026248948224],[126.28477965517217,37.717663605341066],[126.26993508593571,37.70828568140746],[126.28513685578758,37.696232234198746],[126.31730429424552,37.68174175753434],[126.32682156083978,37.662026308622075],[126.32503188974493,37.64144432908122],[126.34280982338616,37.643580474373536],[126.37660940391304,37.667933547176574],[126.37959242473798,37.68219808906787],[126.37192799129171,37.69522767733373],[126.3463931951997,37.69915963678118],[126.32060167669717,37.716111688515994],[126.323022131743,37.73187412344833],[126.33044666352848,37.746807988284154]]],[[[126.2743147414867,37.63199188371639],[126.27625356873257,37.65072324206316],[126.26586402466461,37.648343679953314],[126.2743147414867,37.63199188371639]]],[[[126.24399216441938,37.652768514962005],[126.23293539313502,37.65648404318881],[126.22541165584104,37.64888218156009],[126.23381432138073,37.63793384032013],[126.24587970310672,37.63098810532218],[126.25427438433462,37.63237758621012],[126.24399216441938,37.652768514962005]]],[[[126.19630628376721,37.6849348844696],[126.17219977055566,37.67668014721562],[126.19409958205459,37.65839047979163],[126.20476555395034,37.65625198111124],[126.20531387716711,37.66979024860697],[126.19630628376721,37.6849348844696]]]]},"properties":{"code":"28710","name":"강화군","sido":"인천광역시","code2018":"23310"}},{"type":"Feature","geometry":{"type":"MultiPolygon","coordinates":[[[[126.47251105442362,37.53755389515129],[126.4613953145108,37.544457496287855],[126.44364021069815,37.534059184331035],[126.42927285678219,37.518371555035266],[126.4367802791504,37.51469604361882],[126.45091111209464,37.51890638566509],[126.468549057259,37.51632594257028],[126.47251105442362,37.53755389515129]]],[[[126.32976409102835,37.550670214186766],[126.32980265104642,37.52550875912781],[126.3606745812484,37.530668651122305],[126.34352899839834,37.53954641845169],[126.33746494172932,37.551772924503744],[126.32976409102835,37.550670214186766]]],[[[125.71579900084376,37.68010818450128],[125.69206657648108,37.677381368676656],[125.68348671409005,37.68122927504683],[125.68292012710317,37.65368349145964],[125.69266757750881,37.65179886877247],[125.71042107235897,37.66624616201949],[125.71579900084376,37.68010818450128]]],[[[124.70666150475566,37.9833988365759],[124.69106906175705,37.97963807265909],[124.67417652733343,37.98190494318568],[124.65506884495991,37.9730428125316],[124.6382152132438,37.96912823558148],[124.61560252945841,37.97809300560943],[124.61122755064154,37.960936520424696],[124.62419498786863,37.95427869342627],[124.62231388447124,37.947089732377904],[124.63862700165929,37.92252405512352],[124.65557645095697,37.92066623965713],[124.67985217723216,37.921957360388944],[124.69632731557431,37.9170154793401],[124.70799514906811,37.944104863903924],[124.72778896735898,37.95415216234895],[124.73290816348262,37.965694683932504],[124.72951802094039,37.97826118962154],[124.70666150475566,37.9833988365759]]],[[[124.76943126706705,37.77966048855652],[124.74200235670862,37.77571981057717],[124.76447070146985,37.765567785548406],[124.76943126706705,37.77966048855652]]],[[[124.70686843104026,37.846780036340355],[124.69167229717742,37.83864193402012],[124.67179597577535,37.8172933094153],[124.6970708474707,37.808537349511234],[124.71165941505333,37.80699448851522],[124.72054637601664,37.81644424619862],[124.7179562835261,37.84673836546673],[124.70686843104026,37.846780036340355]]],[[[125.98257655417767,37.03986374036324],[125.98313601272393,37.02421369929421],[125.99668173136367,37.018109699259874],[125.99454874381604,37.0347612104095],[125.98257655417767,37.03986374036324]]],[[[125.95468339158421,37.08928637231161],[125.9448020591878,37.07881066449419],[125.95592595129558,37.07555513687301],[125.96720353746625,37.08742282746164],[125.95468339158421,37.08928637231161]]],[[[126.09701835310908,37.18733141812031],[126.08492673173784,37.179106582152926],[126.09400856909944,37.16696443708526],[126.11261110364318,37.17051752197723],[126.09701835310908,37.18733141812031]]],[[[126.17079642026115,37.22688675177738],[126.16255065348525,37.21307285507075],[126.1825983953272,37.20940439895624],[126.17079642026115,37.22688675177738]]],[[[126.10582745980395,37.274122116485785],[126.08948383492688,37.247296624600196],[126.09125540375706,37.229900678537426],[126.10301817167206,37.229745773942156],[126.11261845104472,37.22232572305401],[126.11736428844448,37.2092869106257],[126.15728075022794,37.21603680366253],[126.14912901024799,37.22303047648809],[126.16617577910142,37.23258211001923],[126.14479256594211,37.23873793500586],[126.11892480095943,37.258011503700466],[126.11169750606446,37.2584401765453],[126.10582745980395,37.274122116485785]]],[[[126.09243567626186,37.27539898410388],[126.09785174649417,37.27972149209755],[126.08159011198516,37.290133688504326],[126.07523238573611,37.284949808040516],[126.09243567626186,37.27539898410388]]],[[[126.07970275030063,37.108495190629824],[126.06634175617474,37.105584617832754],[126.06016870796842,37.09606922604378],[126.06753420723881,37.0833654094227],[126.07535403481921,37.08375419180727],[126.08888054307042,37.094928443182525],[126.07970275030063,37.108495190629824]]],[[[126.2964538276643,37.17361593175537],[126.30658360554787,37.161025993606],[126.32590478978793,37.16127107245082],[126.31215354279811,37.17227289743728],[126.2964538276643,37.17361593175537]]],[[[126.25605363909557,37.181802244861295],[126.24934201253518,37.169758261471145],[126.27464775483665,37.16474095382358],[126.27149574628878,37.176163077575296],[126.25605363909557,37.181802244861295]]],[[[126.21658217288504,37.189103060108415],[126.21926285473508,37.17844338161105],[126.23781806828349,37.17766514217992],[126.24026243855897,37.18663247857676],[126.21658217288504,37.189103060108415]]],[[[126.29784927356839,37.266138712437694],[126.28575817074181,37.25995826326889],[126.29693860271205,37.25191419158813],[126.33134179682624,37.245380951495676],[126.33365288112924,37.25564403126964],[126.29784927356839,37.266138712437694]]],[[[126.47210415116874,37.28450311298211],[126.4515571383151,37.28227809829834],[126.44711613725016,37.27189190787469],[126.43362965688443,37.27407089395825],[126.43495942827356,37.25465454767897],[126.43156315743455,37.23303034294268],[126.45263400260701,37.229010040506566],[126.4570156929674,37.224181456275836],[126.48148486388372,37.241074008305986],[126.48237558002481,37.2548650684884],[126.49171155429025,37.25942500167938],[126.49685860543424,37.277405022540364],[126.47210415116874,37.28450311298211]]]]},"properties":{"code":"28720","name":"옹진군","sido":"인천광역시","code2018":"23320"}},{"type":"Feature","geometry":{"type":"MultiPolygon","coordinates":[[[[126.4121102088339,34.843888735524004],[126.38805215656622,34.836886030617386],[126.35558666072126,34.7953567824846],[126.37349709178288,34.77979654476048],[126.40036912284415,34.783153130816764],[126.441455015652,34.79941879056329],[126.44465729887744,34.79243947971336],[126.4588293234814,34.79335229738201],[126.4531925698425,34.81833497886781],[126.438309013561,34.82113454571459],[126.43824343383868,34.83663470861497],[126.4121102088339,34.843888735524004]]],[[[126.36324511218803,34.77567541873535],[126.36222592607251,34.75977994333047],[126.34883655281196,34.759624079946285],[126.34886894449174,34.750180701095836],[126.36201532306602,34.7515809943339],[126.37220671530753,34.75831532702618],[126.37561104122338,34.77094184697018],[126.36324511218803,34.77567541873535]]],[[[126.32689892951365,34.78496855632465],[126.30846183522124,34.78224296867684],[126.30636369078368,34.7646307948186],[126.31791106831497,34.759103874956374],[126.32790226615704,34.774827715314764],[126.32689892951365,34.78496855632465]]],[[[126.33141898057787,34.79494898981596],[126.33697605568386,34.79955006892029],[126.3275497893918,34.816009797530214],[126.31407115267787,34.80506856815757],[126.3181285125654,34.79473123351574],[126.33125296214646,34.794890328195564],[126.33141898057787,34.79494898981596]]]]},"properties":{"code":"46110","name":"목포시","sido":"전라남도","code2018":"36010"}},{"type":"Feature","geometry":{"type":"MultiPolygon","coordinates":[[[[127.74862896618042,34.733787819840096],[127.74158629054266,34.72197065422531],[127.75440586607245,34.70860930421108],[127.76024095348274,34.684735207509746],[127.73720397665456,34.66058500319327],[127.7234175250872,34.65570576635858],[127.71798558205359,34.643019867630436],[127.7238427718081,34.6335190907919],[127.71294172729534,34.624325762757294],[127.71905538570086,34.61347073757803],[127.73761004858572,34.610297947415035],[127.75014689054736,34.59262738713648],[127.76548776748149,34.59287173805918],[127.785643099892,34.5852793688219],[127.8059744709391,34.590277127738375],[127.80235188542291,34.60177053796318],[127.79221883215573,34.61087526817097],[127.79148510302184,34.61938339435456],[127.79844508263048,34.63726848750583],[127.79499637311118,34.671328466541134],[127.7850846450724,34.6700567435809],[127.77641468003006,34.68136251473865],[127.77977780867523,34.69659240845896],[127.79114244355759,34.70161336066533],[127.7873268898548,34.71600927630507],[127.77165931259105,34.72521827282396],[127.74862896618042,34.733787819840096]]],[[[127.54220160037357,34.843293701909296],[127.53836143624874,34.83179466539117],[127.52737067651137,34.824420912369845],[127.52286270158758,34.80982167459158],[127.53176719136866,34.80617622666134],[127.55346689833324,34.80918173039699],[127.56065093108899,34.802464186005],[127.57917761307266,34.760862572348984],[127.58911366387457,34.753739703695516],[127.57851444715345,34.732951750453616],[127.55486916066965,34.718675071769724],[127.55936099702888,34.700424827003445],[127.55066551172332,34.6892060440829],[127.55317075812322,34.669955399692036],[127.57013123059038,34.64358996852274],[127.58924843431424,34.65184684927678],[127.61555481144029,34.642850204433216],[127.62519476540047,34.63445055711953],[127.64438851735834,34.62729068118095],[127.64014156409554,34.64333990074004],[127.6298132497315,34.650522495865424],[127.63539546182719,34.661454120723874],[127.62496822884447,34.68048171386275],[127.62608007681449,34.712005405419426],[127.63540650008596,34.71016798765974],[127.64139097022591,34.727066942857725],[127.65110799668594,34.73721201252035],[127.65623492237779,34.75101523464327],[127.68181057646225,34.7406382313067],[127.68438186468286,34.73397056375623],[127.7029123347915,34.72039477949202],[127.72475094084514,34.72632676124524],[127.75604900244606,34.74107682150792],[127.75084149210586,34.749925910844496],[127.75435960959682,34.763580627217394],[127.74547172480945,34.77529724605559],[127.75689728055862,34.786911388096165],[127.75927705832983,34.80022379202888],[127.76618616741563,34.80936520277437],[127.76778007006608,34.83132512425438],[127.77488762796241,34.83746913694348],[127.77414617492752,34.86080384447645],[127.76197455925602,34.86482952873935],[127.69864527965942,34.859376460441126],[127.67011225597318,34.837026777766624],[127.66159662254437,34.84449912493477],[127.64294023617407,34.83045949717742],[127.6267228457293,34.829796739846635],[127.63637153197665,34.84661898901911],[127.6238344261171,34.84424528545793],[127.61377498197538,34.853160452511105],[127.6063240248341,34.85169372031856],[127.58968216024677,34.87490548778411],[127.61424135325854,34.89234666955935],[127.60556754071239,34.903417312230566],[127.59294746236525,34.89523624748794],[127.58971170668491,34.886367783896766],[127.56779051464987,34.885015015303146],[127.55024708769821,34.88954454937739],[127.53576034669436,34.878149475866145],[127.5509004436214,34.85574761314202],[127.54220160037357,34.843293701909296]]],[[[127.6335113065752,34.84881978204655],[127.64703698787764,34.85742847114707],[127.63368048821812,34.8709333383438],[127.61386431106806,34.85810742110778],[127.62157928063165,34.84846090116765],[127.6335113065752,34.84881978204655]]],[[[127.80516088989282,34.46124119142361],[127.79503934085808,34.457344729355306],[127.79819641722507,34.4447330890277],[127.79159319314181,34.43594566796951],[127.79332849162586,34.42604768343355],[127.7858460542907,34.41797332086453],[127.80809399830167,34.41699041280454],[127.80936139775086,34.44986973883446],[127.80516088989282,34.46124119142361]]],[[[127.74111830921527,34.552897581202764],[127.7255709472522,34.548268944397655],[127.71192182653208,34.53798097075644],[127.71306807792396,34.529477230481156],[127.73478081596504,34.50299548974893],[127.76242653991255,34.49909234121376],[127.77085751436222,34.487615511209604],[127.79066225637284,34.48765449347811],[127.796767630124,34.49320518539199],[127.78023715330028,34.51987610151666],[127.7623183878218,34.535115507857974],[127.75768355346732,34.552374573762904],[127.74111830921527,34.552897581202764]]],[[[127.73262662533557,34.5907547392183],[127.72032495954325,34.5877822243481],[127.73277948098678,34.5749798859743],[127.74406930126186,34.58242610715114],[127.73262662533557,34.5907547392183]]],[[[127.65792243910973,34.58554476136138],[127.63909332303449,34.574881158424404],[127.64775794510649,34.56709891993148],[127.64758422261886,34.5587089594718],[127.65965113002794,34.552736795147176],[127.67420895099447,34.55563904677433],[127.67848708392928,34.56693474746289],[127.65792243910973,34.58554476136138]]],[[[127.54661503454666,34.617708413744296],[127.53365829236816,34.61201843805521],[127.53951737935405,34.59869633035317],[127.56673607307492,34.60515622451263],[127.56455819443826,34.61364495062727],[127.54661503454666,34.617708413744296]]],[[[127.6360224437631,34.624499182155354],[127.62699328117401,34.621447944129955],[127.63075022908697,34.60886063026969],[127.65519078077206,34.609484157923646],[127.6360224437631,34.624499182155354]]],[[[127.30797091539385,34.0607843249128],[127.31337641010742,34.04015923065001],[127.33476016845877,34.03410037762918],[127.32686133221695,34.05185306494037],[127.30797091539385,34.0607843249128]]],[[[127.29318818949247,34.06352188285413],[127.28283306664527,34.05480242626691],[127.27920027684831,34.04322715049293],[127.28872421522357,34.03248441848158],[127.29459845985005,34.01408900311969],[127.31583556145677,34.01434517161348],[127.30243858524159,34.03027109182767],[127.29277374245875,34.05003040523448],[127.29318818949247,34.06352188285413]]],[[[127.26043987265773,34.2471741944098],[127.24252109020684,34.24720476232198],[127.23306553805953,34.23662417410153],[127.2248391176546,34.21598035448567],[127.24333448919242,34.21775803848651],[127.25657945513314,34.21087567227837],[127.26272351508098,34.22677674196985],[127.25797908179567,34.237051041069115],[127.26043987265773,34.2471741944098]]],[[[127.3590597638213,34.28824639555128],[127.34765151945889,34.284684268107114],[127.35183746014708,34.273547813461384],[127.36538721492786,34.28299650830879],[127.3590597638213,34.28824639555128]]],[[[127.39848648986515,34.283364536292616],[127.40054990579675,34.29419081379497],[127.39075739064072,34.29594916361064],[127.38811061636704,34.28467008718689],[127.39848648986515,34.283364536292616]]],[[[127.72353202364604,34.71812967543482],[127.71983209491505,34.705482871376084],[127.7346090020672,34.70706371488969],[127.72353202364604,34.71812967543482]]],[[[127.72502505827643,34.89522810545898],[127.70730745318826,34.896849659359866],[127.69164658287663,34.88493456475687],[127.70039902806671,34.876647159122015],[127.71787596200323,34.867633808541704],[127.72795408148802,34.873769914835755],[127.74639867113471,34.87269541551162],[127.75122791219938,34.877753856716836],[127.74563317228643,34.89097084952754],[127.72502505827643,34.89522810545898]]]]},"properties":{"code":"46130","name":"여수시","sido":"전라남도","code2018":"36020"}},{"type":"Feature","geometry":{"type":"Polygon","coordinates":[[[127.59294746236525,34.89523624748794],[127.58679431971088,34.914894978623416],[127.5771087541992,34.92001746581952],[127.57811739551136,34.9409376132831],[127.56599748458817,34.94091130812768],[127.55935625949022,34.951469160914954],[127.5480896858879,34.958694820851214],[127.5460552370126,34.97132722115099],[127.55641048851167,34.981180093059066],[127.55014573366078,34.98565135924756],[127.55813383761091,34.997889112474596],[127.56048556121904,35.00998675314324],[127.5576039600033,35.03595827216325],[127.53639880303747,35.049658432847295],[127.52809724266412,35.06020673718368],[127.52559563050723,35.072868072237235],[127.5318756718398,35.08368403208498],[127.5290157399746,35.09478071309203],[127.53374674997089,35.106597218658386],[127.52004157994496,35.124243300713495],[127.50362337229963,35.124235119752406],[127.48179052281954,35.1524054459282],[127.46625186318028,35.16156107390413],[127.44688542668769,35.16862871273821],[127.42266728039765,35.18614244050079],[127.40642289002257,35.1890871812297],[127.41124760618908,35.16881737495609],[127.41144391457294,35.1462955078719],[127.38652677487525,35.12150508636185],[127.3757421664999,35.10084900009051],[127.35941989794232,35.096802056401174],[127.34468610403283,35.09847291669359],[127.33525186822656,35.08794539001265],[127.33794629617942,35.08113519459035],[127.32049200576505,35.069856758863715],[127.30253485368647,35.076824348419244],[127.27908252127312,35.09157617351286],[127.26336665979095,35.082119880421786],[127.25981395409798,35.098434559967664],[127.23276602659521,35.1153135628907],[127.22254611311507,35.11704830414888],[127.21434177566888,35.13274533439619],[127.19767845109041,35.132440680137655],[127.18767157370833,35.12373995980872],[127.19052280644605,35.11241197738894],[127.18222573856802,35.09553449220949],[127.18527636725406,35.06979431586888],[127.18350336189174,35.03464757977255],[127.1876972067004,35.012511184782795],[127.17859363738337,35.00702815114146],[127.17493298556175,34.977896517798946],[127.20131206434857,34.988201567531135],[127.20372356776093,34.96700208891704],[127.22076798981317,34.95538502595314],[127.22377955834529,34.94012100808022],[127.2322498239758,34.936341823011134],[127.23965787058941,34.92149818642201],[127.23230046912845,34.91801294189078],[127.22595488191764,34.89871962624031],[127.24313968650982,34.88686384795796],[127.27350418595277,34.89032046963435],[127.29118783344218,34.90131357506352],[127.30425191088062,34.90076983615731],[127.32326791963075,34.887475811510605],[127.33551825901878,34.88970647819309],[127.33968376580377,34.87034765805657],[127.36710251829254,34.8625534165646],[127.37868569099525,34.85351617883186],[127.38006117599197,34.84297330455865],[127.4054892331293,34.842011518990574],[127.41694448822587,34.83248937858212],[127.44916201984088,34.83734196263992],[127.47245030163009,34.84486772191548],[127.48584836906618,34.8416859372017],[127.4924404404715,34.84684118170475],[127.49439577055385,34.86712878147846],[127.49104388330831,34.8762465858214],[127.51477798946233,34.86967478458951],[127.52601144040996,34.844753192583745],[127.54220160037357,34.843293701909296],[127.5509004436214,34.85574761314202],[127.53576034669436,34.878149475866145],[127.55024708769821,34.88954454937739],[127.56779051464987,34.885015015303146],[127.58971170668491,34.886367783896766],[127.59294746236525,34.89523624748794]]]},"properties":{"code":"46150","name":"순천시","sido":"전라남도","code2018":"36030"}},{"type":"Feature","geometry":{"type":"Polygon","coordinates":[[[126.7708814562775,35.06996792902756],[126.762036892662,35.09097820958766],[126.73700709815047,35.10820653101061],[126.69278695678311,35.1080575925445],[126.67826002805461,35.10584851489869],[126.65521609781,35.11503164984703],[126.64678187519276,35.103524170481165],[126.64722295584393,35.09580949441896],[126.62924394762949,35.09208911811801],[126.62331598590899,35.08692998906221],[126.5977333226107,35.09304138798909],[126.59281603970454,35.07944058520256],[126.58672037082214,35.04821127083508],[126.5940421626417,35.02588563643896],[126.5857897079789,35.01479460349279],[126.59868040857549,35.01276694271208],[126.59459823510721,34.994096183317886],[126.58082887366533,34.97683695181593],[126.5707591526426,34.97378839002201],[126.56628960675238,34.985565914889484],[126.55423906077743,34.98771266852248],[126.54075147998907,34.975226161892905],[126.52871444893844,34.95309251833173],[126.5286064932939,34.94509186180371],[126.54235155447923,34.92268048865686],[126.52069167589798,34.92908021933241],[126.51541437751243,34.91426522351661],[126.54783078409801,34.88062979863137],[126.55320348085341,34.863241891140184],[126.56971352492045,34.87500212851215],[126.57199141740188,34.891358511839414],[126.57960605891579,34.89488505145338],[126.5745933679593,34.906563497394345],[126.57917349652627,34.91721985496703],[126.59274072634608,34.9232658955925],[126.61884142589254,34.92589527785522],[126.628112378367,34.919541768930536],[126.63480477982137,34.90699875070905],[126.63101685954366,34.88853785519338],[126.6513557167671,34.89346486759419],[126.6691344519857,34.88670848471661],[126.6821414492539,34.894481509859446],[126.67607719413937,34.905958746352916],[126.67599263564598,34.916979042952306],[126.66178110800037,34.929486209970925],[126.66850485545969,34.94508066100345],[126.67644003683237,34.946297013637704],[126.6989558557757,34.940473137892916],[126.70772936638825,34.92398413378718],[126.71593543331429,34.91761886579936],[126.71171831587199,34.908598345509844],[126.7208191273074,34.892182505452915],[126.73342305563483,34.890439274291424],[126.74483991611064,34.89800736099128],[126.76587293301814,34.899402188257625],[126.79403785353496,34.87811634481007],[126.80262256750717,34.86867136492096],[126.81359169236073,34.87349508912008],[126.82389167774454,34.87112085721252],[126.83642357789732,34.88078509632067],[126.86965986721907,34.89044812542395],[126.87588200316554,34.9032869228413],[126.87197698871368,34.90778035220552],[126.87293142401136,34.92631016282014],[126.86641397787247,34.93937015361606],[126.87816813589076,34.94989883093364],[126.88415584769592,34.97311508391072],[126.89471849088171,34.989409488922206],[126.88507850472352,35.001717766029444],[126.86863662614473,35.00962351270849],[126.882642122953,35.022469900775626],[126.88288981784436,35.031989838399795],[126.89260076885292,35.04170516201128],[126.89488581443659,35.06134282360994],[126.89206178709185,35.078161321118365],[126.88505519869226,35.08153450009524],[126.87175427738784,35.074324490362784],[126.86063327829528,35.07873101335135],[126.84289445983748,35.06528408290329],[126.82217875679862,35.05992457800879],[126.8189691718436,35.05252034867692],[126.80371678668523,35.052386096761566],[126.79520398677207,35.06116723750484],[126.77573029205104,35.05325917672072],[126.75704468490069,35.05948163221132],[126.75344165063325,35.066325537505364],[126.7708814562775,35.06996792902756]]]},"properties":{"code":"46170","name":"나주시","sido":"전라남도","code2018":"36040"}},{"type":"Feature","geometry":{"type":"MultiPolygon","coordinates":[[[[127.624741102571,35.18448994905128],[127.60769862720885,35.16100856579113],[127.60764306531932,35.1436176843642],[127.60280638311318,35.118145136548634],[127.59214828293604,35.12123493369389],[127.56384987540662,35.10826850172189],[127.55958429424506,35.09548723967478],[127.55197876451048,35.09531114916622],[127.53374674997089,35.106597218658386],[127.5290157399746,35.09478071309203],[127.5318756718398,35.08368403208498],[127.52559563050723,35.072868072237235],[127.52809724266412,35.06020673718368],[127.53639880303747,35.049658432847295],[127.5576039600033,35.03595827216325],[127.56048556121904,35.00998675314324],[127.55813383761091,34.997889112474596],[127.55014573366078,34.98565135924756],[127.55641048851167,34.981180093059066],[127.5460552370126,34.97132722115099],[127.5480896858879,34.958694820851214],[127.55935625949022,34.951469160914954],[127.56599748458817,34.94091130812768],[127.57811739551136,34.9409376132831],[127.5771087541992,34.92001746581952],[127.58679431971088,34.914894978623416],[127.59294746236525,34.89523624748794],[127.60556754071239,34.903417312230566],[127.59072221872316,34.91907227612105],[127.59834981552271,34.92597722397568],[127.61750725204898,34.91605274276114],[127.62449975410946,34.9018985886707],[127.63998041799172,34.886359313495966],[127.65074883824114,34.890774658188676],[127.69647451901687,34.91823663040528],[127.69992201948975,34.93040539703942],[127.709999444801,34.93545601331045],[127.73130736749073,34.95516284467752],[127.73744993850337,34.955229594651534],[127.76029552438621,34.9665437479859],[127.76457331491851,34.978096029676884],[127.7777737977399,34.98810708768267],[127.7871539748351,35.01724775958997],[127.77196204417221,35.02948160071882],[127.76869340905237,35.05044283021794],[127.74031884743532,35.06196094865808],[127.73746651769069,35.07808482798001],[127.71887247763622,35.08163189298793],[127.69460008329773,35.10308139249992],[127.69510394134981,35.129761578045894],[127.67287147322023,35.149746040829804],[127.65938582267694,35.158349491035544],[127.64530121770899,35.16130369715633],[127.64064144839077,35.171138904114144],[127.624741102571,35.18448994905128]]],[[[127.76878763560684,34.94106162191159],[127.76787847327722,34.953702681477445],[127.75992973201842,34.96049537953578],[127.74192515637098,34.952349534986084],[127.74470921655728,34.934521956857736],[127.76876376621861,34.93370326905144],[127.76878763560684,34.94106162191159]]],[[[127.78481953857715,34.91548769190833],[127.76528244228332,34.9318799449157],[127.73842024288561,34.93199511634152],[127.7400266819116,34.94550421805667],[127.72442268456602,34.94799678690135],[127.71231896378741,34.93140066398708],[127.7029565486529,34.93107961479614],[127.70427821239291,34.91255996666803],[127.7349182640798,34.90703443204475],[127.7591715969324,34.90606911496446],[127.76063058876575,34.893245685359375],[127.78439214923046,34.88639254230829],[127.78481953857715,34.91548769190833]]]]},"properties":{"code":"46230","name":"광양시","sido":"전라남도","code2018":"36060"}},{"type":"Feature","geometry":{"type":"Polygon","coordinates":[[[127.01045898595657,35.133773904313685],[127.02034452826479,35.13838492468373],[127.03482125881766,35.13064445441883],[127.04996188777577,35.129522286562455],[127.07201079844693,35.115844041724365],[127.08962230409493,35.12808751147138],[127.08401236562904,35.1444956832478],[127.06915475184084,35.162453497025155],[127.06913559715285,35.185170744862624],[127.08097751883771,35.18024288001665],[127.11688051838027,35.194658105453904],[127.09731302991352,35.21754496462574],[127.09339188555421,35.230916199187135],[127.08230106439827,35.24846650002486],[127.09744953886278,35.261444457786936],[127.09097893564069,35.28852277770081],[127.09667151335886,35.30173719833104],[127.06131946281089,35.3172160034805],[127.04670638426806,35.31818605469023],[127.05212001801209,35.33991142317074],[127.06495348910705,35.3364856357378],[127.07027850345123,35.36612182589625],[127.05664458013037,35.38437410751259],[127.04643477088855,35.37694224030909],[127.0302137462322,35.39046430282543],[127.04221854590287,35.398911621896005],[127.05230311016003,35.426858238121554],[127.0373212621203,35.43340889671514],[127.03462769738933,35.465801800109766],[127.0144303059035,35.45745403164557],[126.99962130461299,35.46109234792672],[126.99791655547382,35.446106492086194],[126.97039407062732,35.42743045158014],[126.97446175291553,35.399906467775374],[126.96337194263192,35.39476465181726],[126.93275771239794,35.395148326040285],[126.91959960987842,35.4019725286734],[126.91762724904079,35.38598697377134],[126.88424648859332,35.36148922143204],[126.87664907854347,35.34509657491509],[126.8872776558498,35.32568985185091],[126.86317228117554,35.32247093408792],[126.8598211113922,35.28997491073866],[126.86636001363952,35.27194345334531],[126.87955462752348,35.251493967267095],[126.88639226608781,35.246260478605194],[126.90803780827746,35.258951537895314],[126.9308768071399,35.25139452735717],[126.93260477697146,35.24148645193126],[126.95189457206092,35.22500133925996],[126.94889279752998,35.21878776644476],[126.96526226294698,35.20041689669424],[126.95860096259862,35.19319193417984],[126.96866835711168,35.180940972189255],[126.97544698701118,35.18657551561402],[127.00177832489376,35.187863241848206],[127.01661312734679,35.179379777335754],[127.02084554700423,35.16729320638823],[127.00795939610911,35.15491064050678],[127.01045898595657,35.133773904313685]]]},"properties":{"code":"46710","name":"담양군","sido":"전라남도","code2018":"36310"}},{"type":"Feature","geometry":{"type":"Polygon","coordinates":[[[127.40642289002257,35.1890871812297],[127.3902875696072,35.188630889828424],[127.37700921824744,35.19377233162134],[127.37176230633715,35.20630835206284],[127.37768092793526,35.225569710506775],[127.39303796425234,35.237608478888305],[127.40353906676843,35.2367180438566],[127.40163756061906,35.24907326353378],[127.39115832018538,35.27238238474683],[127.38014685186637,35.28369777824246],[127.3844510762062,35.30327636997462],[127.37723767799045,35.31074810335591],[127.35618790088145,35.32125713866802],[127.33387435288897,35.31536123750783],[127.3241115725148,35.30646127830687],[127.30855869827614,35.30312866467915],[127.28854181751454,35.31415027929449],[127.26043929001082,35.31163058390051],[127.22265181685326,35.33670428125536],[127.21602062897475,35.32910904053449],[127.21484546236402,35.316167570507865],[127.20087804957903,35.31580161999344],[127.18710717149794,35.3223645134977],[127.1860981696332,35.33619446944956],[127.16789823153442,35.33169948447017],[127.14657202073901,35.315414800077015],[127.1298592026166,35.30925463328332],[127.1156801534839,35.29955304603124],[127.09667151335886,35.30173719833104],[127.09097893564069,35.28852277770081],[127.09744953886278,35.261444457786936],[127.08230106439827,35.24846650002486],[127.09339188555421,35.230916199187135],[127.09731302991352,35.21754496462574],[127.11688051838027,35.194658105453904],[127.14534553433226,35.19426495581906],[127.16098143897635,35.20008528712642],[127.18445589707815,35.21418850284825],[127.19606189758731,35.20451960097996],[127.20167907288516,35.186016253737655],[127.18918364051652,35.16508857915603],[127.19722330297746,35.15665945982625],[127.19767845109041,35.132440680137655],[127.21434177566888,35.13274533439619],[127.22254611311507,35.11704830414888],[127.23276602659521,35.1153135628907],[127.25981395409798,35.098434559967664],[127.26336665979095,35.082119880421786],[127.27908252127312,35.09157617351286],[127.30253485368647,35.076824348419244],[127.32049200576505,35.069856758863715],[127.33794629617942,35.08113519459035],[127.33525186822656,35.08794539001265],[127.34468610403283,35.09847291669359],[127.35941989794232,35.096802056401174],[127.3757421664999,35.10084900009051],[127.38652677487525,35.12150508636185],[127.41144391457294,35.1462955078719],[127.41124760618908,35.16881737495609],[127.40642289002257,35.1890871812297]]]},"properties":{"code":"46720","name":"곡성군","sido":"전라남도","code2018":"36320"}},{"type":"Feature","geometry":{"type":"Polygon","coordinates":[[[127.57744981030764,35.308958991688115],[127.56815175001621,35.31828588909182],[127.55460942652003,35.32234366448942],[127.53053683497689,35.33728267828974],[127.50141328196517,35.358826027756535],[127.48610471803408,35.358366439004314],[127.47057638504084,35.36593969069999],[127.45421364589076,35.36072776566614],[127.4313225302281,35.359531884612906],[127.4154956133895,35.33728147773582],[127.40154740974971,35.32510247162462],[127.39932327795846,35.312902201853376],[127.3844510762062,35.30327636997462],[127.38014685186637,35.28369777824246],[127.39115832018538,35.27238238474683],[127.40163756061906,35.24907326353378],[127.40353906676843,35.2367180438566],[127.39303796425234,35.237608478888305],[127.37768092793526,35.225569710506775],[127.37176230633715,35.20630835206284],[127.37700921824744,35.19377233162134],[127.3902875696072,35.188630889828424],[127.40642289002257,35.1890871812297],[127.42266728039765,35.18614244050079],[127.44688542668769,35.16862871273821],[127.46625186318028,35.16156107390413],[127.48179052281954,35.1524054459282],[127.50362337229963,35.124235119752406],[127.52004157994496,35.124243300713495],[127.53374674997089,35.106597218658386],[127.55197876451048,35.09531114916622],[127.55958429424506,35.09548723967478],[127.56384987540662,35.10826850172189],[127.59214828293604,35.12123493369389],[127.60280638311318,35.118145136548634],[127.60764306531932,35.1436176843642],[127.60769862720885,35.16100856579113],[127.624741102571,35.18448994905128],[127.61706941024819,35.209632808446436],[127.62100684451374,35.21407856921561],[127.61839474352459,35.23720641246037],[127.61002187302579,35.26191271130411],[127.59580003887946,35.26816049999527],[127.58248128795309,35.29136295356271],[127.57713567164717,35.295478454147464],[127.57744981030764,35.308958991688115]]]},"properties":{"code":"46730","name":"구례군","sido":"전라남도","code2018":"36330"}},{"type":"Feature","geometry":{"type":"MultiPolygon","coordinates":[[[[127.24397605463882,34.77496545713137],[127.24326278782685,34.760752763553135],[127.2524124966192,34.741759963411546],[127.264264276333,34.7318595811955],[127.27200099147812,34.74159218495069],[127.29471382382097,34.732583817239416],[127.30357122893929,34.74959033822535],[127.31533914382958,34.75294814969653],[127.32619315568368,34.74792731194031],[127.33255104892773,34.71479946055255],[127.32598541634378,34.69245076860029],[127.31752969450874,34.68207912990492],[127.31464909922371,34.665205977532736],[127.27948304744686,34.67299172620115],[127.28055918538551,34.68682340869611],[127.28642592148042,34.69108809130802],[127.28042616104102,34.710763685119844],[127.27481943616861,34.71725972620576],[127.25287690395953,34.711287998687325],[127.23954912134124,34.69672232734826],[127.24367631812173,34.68514255029035],[127.23264372572949,34.67855222845658],[127.22736702266147,34.65683885541216],[127.22759569165859,34.64352419578114],[127.22207424967294,34.63352912721044],[127.20755397388558,34.628729327924056],[127.19583934765372,34.64614185152481],[127.17243935473813,34.62706105501661],[127.17155885579734,34.595575497313895],[127.1627489522591,34.59043132336476],[127.1503198651376,34.59420918522383],[127.14430663772934,34.583987657261346],[127.11321637511858,34.55933189329375],[127.11213818599857,34.54616652827537],[127.12125166875009,34.54091442138072],[127.12113017452283,34.530128763219224],[127.1358163718143,34.52351077995234],[127.16906966556756,34.52211047329578],[127.17869966625209,34.53090968377333],[127.19436736019725,34.532373314386135],[127.20714038732427,34.52104444984354],[127.22514427896715,34.526203789366335],[127.2391811799212,34.51747059584722],[127.24818978641224,34.52205742544352],[127.26895725931794,34.51020797281168],[127.28292261673775,34.49752145024932],[127.26902792311914,34.48807921718133],[127.27371706575347,34.478900961043976],[127.28719950785714,34.47695586676438],[127.30075915278586,34.47019395511155],[127.30174183785302,34.45905026422416],[127.31887311339872,34.4421242709399],[127.33893747328426,34.44552953700775],[127.339384459511,34.454296476509015],[127.31910646501129,34.46773250711986],[127.33400517048402,34.47896135391546],[127.35270199389264,34.48160798004898],[127.35839962154925,34.49151943930343],[127.37302988489424,34.479999652546724],[127.37807490445572,34.48723523001385],[127.39139126053314,34.48816784106023],[127.37941259493614,34.50231706123113],[127.3894432275255,34.509718047610804],[127.40400408820807,34.50498912343919],[127.4056891521242,34.51809577487871],[127.4250884619629,34.51394240668443],[127.43067002115647,34.54154329359342],[127.43824589361026,34.54868398552349],[127.42752709464061,34.555205572765956],[127.41719761630972,34.55216249817418],[127.40621511407979,34.56074472360411],[127.39405961759941,34.581303102192145],[127.41077032231479,34.58992055913913],[127.41882402682322,34.58232091889679],[127.43283765190131,34.5828178465467],[127.44585155735422,34.577010851686495],[127.45785109699031,34.58549823698303],[127.47691803572349,34.574016377950585],[127.50616931335908,34.59189448228152],[127.50624811910521,34.60380425833803],[127.49155218405508,34.632611808608715],[127.48319754218537,34.636891131482734],[127.49039358154454,34.649602256972436],[127.47532539879552,34.656780196195896],[127.47760103077857,34.67189858772975],[127.46296266671447,34.67108631125035],[127.45987472764571,34.66472194512061],[127.43805959013734,34.679526613538826],[127.45322714874166,34.691271260997254],[127.4353076772733,34.70072634889966],[127.41474629898356,34.70695287399811],[127.3964255614195,34.707134694781715],[127.39123676829949,34.720339653257554],[127.3790284909084,34.727383931884994],[127.37328641094123,34.74152084861341],[127.3806297234632,34.75056806896975],[127.39728840854097,34.75675511078338],[127.40228766553697,34.76662094872986],[127.3868827356105,34.78373102152011],[127.39108077206235,34.7899918466816],[127.37802859116219,34.806155223844755],[127.35790672962754,34.816340862867385],[127.35273155428554,34.825263290604944],[127.34067302572181,34.82783906440466],[127.32982655743533,34.82390208238121],[127.31926300357246,34.81086597651419],[127.2910192743825,34.810797958856064],[127.27819613119667,34.79358713824254],[127.26272408645143,34.787514659820054],[127.2478374662172,34.78849713888535],[127.24397605463882,34.77496545713137]]],[[[127.24595538513324,34.41407402092634],[127.2477055208284,34.38736743485221],[127.27163820201332,34.3805745659892],[127.25706325157454,34.40717861687708],[127.24595538513324,34.41407402092634]]],[[[127.13583219167509,34.52026009772209],[127.11144465049597,34.52242892275293],[127.0996832081479,34.513854390194766],[127.10937719109438,34.50882464670366],[127.13065353628792,34.50569983969392],[127.13583219167509,34.52026009772209]]],[[[127.10984495326427,34.59852755721572],[127.09700766896569,34.61251086402424],[127.08884498074869,34.6045280665795],[127.09127327813758,34.59585130872775],[127.10984495326427,34.59852755721572]]],[[[127.22794430561389,34.48927421004389],[127.21559827509907,34.496254991786515],[127.19930892982293,34.4881855457328],[127.18746049458758,34.49412098125449],[127.1783980543091,34.492024229097616],[127.15724989057685,34.478827412603074],[127.14798981115716,34.481199489851114],[127.14043880172143,34.47340717138845],[127.12873520612754,34.478863838537194],[127.12385562215015,34.490788428308456],[127.1119683797782,34.47598721902156],[127.10148362427059,34.46956056993804],[127.10540566911298,34.45652145468622],[127.09904761425759,34.4434099238438],[127.11492724838747,34.440954695448184],[127.12478970464794,34.43145294103258],[127.14534780492374,34.42923366838825],[127.1692130097574,34.435138460658266],[127.18843023415236,34.43052681557172],[127.21168033900636,34.43111479043792],[127.2184967114121,34.439165836368275],[127.22224410227653,34.455025456977616],[127.23593131390257,34.47440380916458],[127.22794430561389,34.48927421004389]]],[[[127.4616325952573,34.47375050546294],[127.45349930953266,34.47403814518036],[127.45790205727613,34.45176371597866],[127.47913779985663,34.4506660373403],[127.49122102095792,34.43296740685698],[127.49270542912501,34.411831892661425],[127.51584705898196,34.422200167779145],[127.52989726361685,34.42215680385362],[127.53832491157722,34.43329360486501],[127.53590621774345,34.448835997859334],[127.50655294237939,34.46760274831266],[127.4723368654754,34.464941631751266],[127.4616325952573,34.47375050546294]]],[[[127.46544654408778,34.54380296605483],[127.45268727879017,34.54171274223391],[127.43408661589807,34.519034652436],[127.45475305879232,34.51123249117431],[127.45800178362066,34.502130566999895],[127.4442281921145,34.49668365600564],[127.4533509327191,34.478783153511706],[127.46933282844691,34.486377316237196],[127.496697744011,34.484807982057674],[127.50675992325738,34.49213086921485],[127.49034517484476,34.50873756456535],[127.46179337874831,34.509900932168286],[127.47824302950413,34.5349833603817],[127.46544654408778,34.54380296605483]]]]},"properties":{"code":"46770","name":"고흥군","sido":"전라남도","code2018":"36350"}},{"type":"Feature","geometry":{"type":"Polygon","coordinates":[[[127.17493298556175,34.977896517798946],[127.1732231474631,34.97382622863295],[127.14457663160329,34.96403085460211],[127.12771630932508,34.96868755261538],[127.115937045284,34.95280309867047],[127.1002083545706,34.93843344679344],[127.08896988828218,34.93603354486949],[127.08121453344151,34.92665232668854],[127.08234887251878,34.88991280850416],[127.08907975297926,34.87407791815231],[127.06317520818274,34.86094915747165],[127.06093937634301,34.84717042114885],[127.03744334243704,34.83802935894775],[127.01892256574486,34.80470717402292],[127.01539024859794,34.78867807112386],[127.0241103848523,34.77364088146144],[127.01322492269404,34.77142269715145],[127.01745030029831,34.75316818976817],[127.01535804772473,34.736321460483126],[126.98875631857831,34.72176271842727],[126.98432533284003,34.71170102992931],[126.97206745761667,34.70606518959064],[126.9815989651614,34.690653927466926],[126.9817054171304,34.68271800332965],[127.00498461364612,34.680471957996296],[127.01766259979891,34.68245217086591],[127.0298317616066,34.66284889954664],[127.04197007822093,34.654419092722826],[127.04662891144277,34.63470614668348],[127.0674255577005,34.66271004748174],[127.07229219063284,34.66109121243347],[127.10723275575529,34.67683326206264],[127.11471772397844,34.693444553138576],[127.1279690175271,34.70244250057157],[127.14391743014109,34.692628985014665],[127.17798309109588,34.691334435930074],[127.18762279947441,34.696289742854795],[127.20580853744941,34.7181552268793],[127.20938584389877,34.737561302053514],[127.24397605463882,34.77496545713137],[127.2478374662172,34.78849713888535],[127.26272408645143,34.787514659820054],[127.27819613119667,34.79358713824254],[127.2910192743825,34.810797958856064],[127.31926300357246,34.81086597651419],[127.32982655743533,34.82390208238121],[127.34067302572181,34.82783906440466],[127.35273155428554,34.825263290604944],[127.35790672962754,34.816340862867385],[127.37802859116219,34.806155223844755],[127.39108077206235,34.7899918466816],[127.39502546247358,34.796314481192184],[127.41273097067653,34.802530501381305],[127.42000276918168,34.81134499128484],[127.39063627680747,34.81789280421411],[127.41694448822587,34.83248937858212],[127.4054892331293,34.842011518990574],[127.38006117599197,34.84297330455865],[127.37868569099525,34.85351617883186],[127.36710251829254,34.8625534165646],[127.33968376580377,34.87034765805657],[127.33551825901878,34.88970647819309],[127.32326791963075,34.887475811510605],[127.30425191088062,34.90076983615731],[127.29118783344218,34.90131357506352],[127.27350418595277,34.89032046963435],[127.24313968650982,34.88686384795796],[127.22595488191764,34.89871962624031],[127.23230046912845,34.91801294189078],[127.23965787058941,34.92149818642201],[127.2322498239758,34.936341823011134],[127.22377955834529,34.94012100808022],[127.22076798981317,34.95538502595314],[127.20372356776093,34.96700208891704],[127.20131206434857,34.988201567531135],[127.17493298556175,34.977896517798946]]]},"properties":{"code":"46780","name":"보성군","sido":"전라남도","code2018":"36360"}},{"type":"Feature","geometry":{"type":"Polygon","coordinates":[[[126.91922318090944,35.091531670377485],[126.90643916921758,35.08259557882149],[126.89206178709185,35.078161321118365],[126.89488581443659,35.06134282360994],[126.89260076885292,35.04170516201128],[126.88288981784436,35.031989838399795],[126.882642122953,35.022469900775626],[126.86863662614473,35.00962351270849],[126.88507850472352,35.001717766029444],[126.89471849088171,34.989409488922206],[126.88415584769592,34.97311508391072],[126.87816813589076,34.94989883093364],[126.86641397787247,34.93937015361606],[126.87293142401136,34.92631016282014],[126.87197698871368,34.90778035220552],[126.87588200316554,34.9032869228413],[126.86965986721907,34.89044812542395],[126.83642357789732,34.88078509632067],[126.82389167774454,34.87112085721252],[126.83523206868617,34.86733355509371],[126.85873152496644,34.86922635509446],[126.88460777992553,34.877197740424194],[126.89877553783606,34.87291709124617],[126.90741211066958,34.857937153630694],[126.905549861968,34.847426965086996],[126.9211876065716,34.845411663713136],[126.9264413832537,34.832072696895814],[126.94992485126168,34.829410154718076],[126.94898408185121,34.839630805664285],[126.9643166110854,34.84077056941825],[126.96959674237714,34.850335029262865],[126.9790880241791,34.849735039875895],[126.99227399262979,34.83557970279759],[127.01010928249336,34.84128821100015],[127.03744334243704,34.83802935894775],[127.06093937634301,34.84717042114885],[127.06317520818274,34.86094915747165],[127.08907975297926,34.87407791815231],[127.08234887251878,34.88991280850416],[127.08121453344151,34.92665232668854],[127.08896988828218,34.93603354486949],[127.1002083545706,34.93843344679344],[127.115937045284,34.95280309867047],[127.12771630932508,34.96868755261538],[127.14457663160329,34.96403085460211],[127.1732231474631,34.97382622863295],[127.17493298556175,34.977896517798946],[127.17859363738337,35.00702815114146],[127.1876972067004,35.012511184782795],[127.18350336189174,35.03464757977255],[127.18527636725406,35.06979431586888],[127.18222573856802,35.09553449220949],[127.19052280644605,35.11241197738894],[127.18767157370833,35.12373995980872],[127.19767845109041,35.132440680137655],[127.19722330297746,35.15665945982625],[127.18918364051652,35.16508857915603],[127.20167907288516,35.186016253737655],[127.19606189758731,35.20451960097996],[127.18445589707815,35.21418850284825],[127.16098143897635,35.20008528712642],[127.14534553433226,35.19426495581906],[127.11688051838027,35.194658105453904],[127.08097751883771,35.18024288001665],[127.06913559715285,35.185170744862624],[127.06915475184084,35.162453497025155],[127.08401236562904,35.1444956832478],[127.08962230409493,35.12808751147138],[127.07201079844693,35.115844041724365],[127.04996188777577,35.129522286562455],[127.03482125881766,35.13064445441883],[127.02034452826479,35.13838492468373],[127.01045898595657,35.133773904313685],[127.00907732690398,35.124406830529246],[126.99756784053758,35.11457102409325],[126.98635173598795,35.105945330041735],[126.98838029846704,35.09525315585234],[126.96668552019439,35.08957839049452],[126.95182149541388,35.073033355071225],[126.93237573320876,35.07446503446002],[126.91922318090944,35.091531670377485]]]},"properties":{"code":"46790","name":"화순군","sido":"전라남도","code2018":"36370"}},{"type":"Feature","geometry":{"type":"Polygon","coordinates":[[[127.03744334243704,34.83802935894775],[127.01010928249336,34.84128821100015],[126.99227399262979,34.83557970279759],[126.9790880241791,34.849735039875895],[126.96959674237714,34.850335029262865],[126.9643166110854,34.84077056941825],[126.94898408185121,34.839630805664285],[126.94992485126168,34.829410154718076],[126.9264413832537,34.832072696895814],[126.9211876065716,34.845411663713136],[126.905549861968,34.847426965086996],[126.90741211066958,34.857937153630694],[126.89877553783606,34.87291709124617],[126.88460777992553,34.877197740424194],[126.85873152496644,34.86922635509446],[126.85702527664975,34.8535096881691],[126.8438582055473,34.84001063255474],[126.82293480350688,34.83627179866662],[126.80724790786043,34.82872819501949],[126.80074492258255,34.80297618751418],[126.79322315725234,34.79422367563314],[126.7958725288643,34.78050058357261],[126.81701588715158,34.776701607044195],[126.81415688884157,34.767967375736916],[126.82551160012238,34.743697010730024],[126.84017751896504,34.73373656638489],[126.84839385043188,34.707609484804465],[126.854660763287,34.69991822719124],[126.85587311052949,34.67884075244819],[126.86749272607423,34.67035174578833],[126.86555572543129,34.66041522787276],[126.87399197514364,34.65279395445183],[126.87142069758438,34.63372105242842],[126.87462609941922,34.62002461961671],[126.85838152919446,34.62396855734336],[126.8538486704078,34.61548089609463],[126.8567958875079,34.598974217705205],[126.86816463513757,34.59452536791381],[126.86971671393101,34.58296708806463],[126.87645066453771,34.5779867772706],[126.87896867363368,34.56423623327142],[126.87621065386662,34.55196326331141],[126.88455174521279,34.54733586380544],[126.8586080340793,34.52797596976103],[126.84396418151177,34.50602259526021],[126.85028981612946,34.49526152412713],[126.85020631837054,34.47836736526178],[126.85429002768822,34.47419759203492],[126.85146784258278,34.45911845551714],[126.84511598090641,34.45133857905553],[126.84714026659849,34.44758792093871],[126.87493733188566,34.4355556610132],[126.88257498020008,34.43914354996159],[126.87666674631369,34.456715369999436],[126.9255528694509,34.45265739083359],[126.93791356376215,34.44767995213174],[126.94700336780835,34.456427700456466],[126.93780402691597,34.47585782529643],[126.94500367498821,34.48323166270441],[126.95731940972803,34.46849304293888],[126.9766142227169,34.48731171091587],[126.96712122112993,34.49159004168736],[126.96232900877285,34.50170949365859],[126.97713652516723,34.509747364920266],[126.97157253869915,34.52565780765828],[126.96234608613828,34.53472026328832],[126.97209257773638,34.542899326105434],[126.9818594796705,34.53961674048111],[126.98989454924961,34.55375174050354],[126.98547288657122,34.5688775908125],[126.99235342810422,34.58198457455924],[126.99330713962445,34.594028793768615],[126.99987840212894,34.60418906748938],[126.99500078892966,34.62275718366882],[127.0241546296111,34.62815162900637],[127.04080276319702,34.63651256501544],[127.04662891144277,34.63470614668348],[127.04197007822093,34.654419092722826],[127.0298317616066,34.66284889954664],[127.01766259979891,34.68245217086591],[127.00498461364612,34.680471957996296],[126.9817054171304,34.68271800332965],[126.9815989651614,34.690653927466926],[126.97206745761667,34.70606518959064],[126.98432533284003,34.71170102992931],[126.98875631857831,34.72176271842727],[127.01535804772473,34.736321460483126],[127.01745030029831,34.75316818976817],[127.01322492269404,34.77142269715145],[127.0241103848523,34.77364088146144],[127.01539024859794,34.78867807112386],[127.01892256574486,34.80470717402292],[127.03744334243704,34.83802935894775]]]},"properties":{"code":"46800","name":"장흥군","sido":"전라남도","code2018":"36380"}},{"type":"Feature","geometry":{"type":"Polygon","coordinates":[[[126.7958725288643,34.78050058357261],[126.78271517271769,34.78647051312564],[126.76490276793194,34.781703001840015],[126.76190327515673,34.77047473830563],[126.73794346992712,34.75623267107494],[126.72914184707908,34.76111156073067],[126.71399033416252,34.76049038901242],[126.70485851627481,34.76688999020331],[126.69235112557503,34.75539814158089],[126.68053219765056,34.7534011343446],[126.67082583763467,34.74156125659249],[126.65637442244929,34.730589206431276],[126.66498357341916,34.72243384850452],[126.67935745366805,34.72067408719404],[126.68139230638549,34.71304241654659],[126.67006206434786,34.69100774403872],[126.67432123678441,34.686402603447554],[126.69209011260662,34.68587038947166],[126.70565773120818,34.6817003844971],[126.69843638372886,34.67159384533942],[126.70171204384798,34.66205212675508],[126.69724192037735,34.64996149158045],[126.6823299106409,34.63269812629719],[126.69360840948568,34.62845471828271],[126.68840042859019,34.60711966202419],[126.67189986465607,34.59271231612057],[126.6829919465822,34.57599506255126],[126.69508023888852,34.563807512473474],[126.68425338729982,34.54594130227203],[126.66890808248593,34.534731980240196],[126.68284480327411,34.530366118665064],[126.68044330930587,34.516226148742675],[126.6863658550928,34.5091714380753],[126.68239953491269,34.47377027337847],[126.71693001296352,34.470483549908224],[126.73485039066526,34.45461948400506],[126.7481921871046,34.47188688885149],[126.74071577432294,34.48811715708214],[126.75806397028256,34.49376150720564],[126.76167651820886,34.50286079412929],[126.75905177063244,34.526043631317805],[126.76410789891099,34.533802475951845],[126.7684837440221,34.554883748543446],[126.76575624157121,34.56304985722332],[126.7716349373329,34.59673126986113],[126.77003669502396,34.616029127292485],[126.77896321995163,34.62372213788112],[126.78038476471193,34.5901811110246],[126.79284073417192,34.56994729665761],[126.78879436219167,34.5537249096728],[126.79132570432549,34.52878395033445],[126.78656940791761,34.51284809655024],[126.7915188210518,34.509954360881615],[126.7918178739556,34.48885644559818],[126.78727537399435,34.47742266309221],[126.78959257665662,34.466709243281514],[126.80869860134698,34.46810921173967],[126.80431805779696,34.458763627573944],[126.81951828471409,34.44865810663493],[126.84511598090641,34.45133857905553],[126.85146784258278,34.45911845551714],[126.85429002768822,34.47419759203492],[126.85020631837054,34.47836736526178],[126.85028981612946,34.49526152412713],[126.84396418151177,34.50602259526021],[126.8586080340793,34.52797596976103],[126.88455174521279,34.54733586380544],[126.87621065386662,34.55196326331141],[126.87896867363368,34.56423623327142],[126.87645066453771,34.5779867772706],[126.86971671393101,34.58296708806463],[126.86816463513757,34.59452536791381],[126.8567958875079,34.598974217705205],[126.8538486704078,34.61548089609463],[126.85838152919446,34.62396855734336],[126.87462609941922,34.62002461961671],[126.87142069758438,34.63372105242842],[126.87399197514364,34.65279395445183],[126.86555572543129,34.66041522787276],[126.86749272607423,34.67035174578833],[126.85587311052949,34.67884075244819],[126.854660763287,34.69991822719124],[126.84839385043188,34.707609484804465],[126.84017751896504,34.73373656638489],[126.82551160012238,34.743697010730024],[126.81415688884157,34.767967375736916],[126.81701588715158,34.776701607044195],[126.7958725288643,34.78050058357261]]]},"properties":{"code":"46810","name":"강진군","sido":"전라남도","code2018":"36390"}},{"type":"Feature","geometry":{"type":"MultiPolygon","coordinates":[[[[126.67006206434786,34.69100774403872],[126.6481794406923,34.68902420783391],[126.63902205098891,34.674285296757105],[126.62463117019234,34.68081461292404],[126.60188538116509,34.682959552040565],[126.57112813193444,34.678102663612336],[126.56141911701368,34.6827036321717],[126.55290879419238,34.67214209329206],[126.53836934021112,34.665185577797295],[126.54270963953509,34.65493743070564],[126.5172729547286,34.65806088345568],[126.49423797703963,34.66562421438926],[126.47923085537901,34.67984719842625],[126.47143408525275,34.659149511400685],[126.45120760319841,34.68738067738207],[126.45738839044105,34.69530217991389],[126.45268729139305,34.706318630388346],[126.43978973432418,34.710116746574464],[126.42556404919584,34.702650171089886],[126.42188216946327,34.71338805629191],[126.38830389940173,34.71987131883456],[126.39081511153682,34.730184583559286],[126.38845631140214,34.73098509192968],[126.38435242197231,34.720133579145035],[126.37546042992086,34.71458789868953],[126.3682396808256,34.69886262854964],[126.35223245865728,34.696846792385905],[126.34493621605417,34.691225235831716],[126.34926040188321,34.679444557760945],[126.36292357382526,34.673557792889895],[126.36250895609798,34.66381549591612],[126.37388097562915,34.64368665416289],[126.39379405657183,34.62654538614164],[126.40598334560146,34.62785788677918],[126.42846979665978,34.61365644950423],[126.42669039245085,34.603958851916886],[126.43608464547977,34.598092980244836],[126.45937899010477,34.597650989989155],[126.44648610234874,34.586625621744176],[126.41001831199902,34.60091153145933],[126.37659680499219,34.618153057326296],[126.36861057076011,34.640019113955596],[126.33773144107725,34.68484578898331],[126.3401853754551,34.69499310427016],[126.35065645168243,34.70326076836751],[126.33975628084644,34.71904348868648],[126.3311813897961,34.72115415954643],[126.33524327317573,34.73834476876061],[126.31348122925334,34.75053460117936],[126.29998644269726,34.76216057286386],[126.28876834208941,34.76017179327909],[126.27433281601269,34.728748761188086],[126.27475546873436,34.71404544004188],[126.25789955495043,34.69413417660544],[126.26217393589826,34.68660052477793],[126.25503005920862,34.66411785735757],[126.2595717849921,34.64124965735304],[126.27729184099401,34.630328670511076],[126.27861379203935,34.61213700484815],[126.28744070337441,34.60566152454973],[126.27900851722664,34.59639707834671],[126.31319693840851,34.58577209002228],[126.30733918940734,34.572330261929494],[126.31373926046227,34.56674393664861],[126.33407683778648,34.57307695141508],[126.35487134728426,34.566970024214505],[126.36248585805681,34.560779524958214],[126.37984313794868,34.56274307575276],[126.38764583811125,34.54716386725949],[126.3781960493165,34.538975937735486],[126.3862344028058,34.532274624192596],[126.40251525230347,34.53780202481399],[126.41993496538042,34.55422541918288],[126.43015137977666,34.55526999627384],[126.43352580001763,34.5438719269363],[126.45685645943902,34.53474934044612],[126.45786328432484,34.522332151794714],[126.47138921485964,34.506973912045055],[126.46222618323242,34.49586585168731],[126.46379669539749,34.482020731840116],[126.45547812151486,34.4766482092816],[126.46736295785458,34.462070426061494],[126.45804351604565,34.44963878054329],[126.47648020364154,34.4266250635431],[126.48926175892036,34.43465680531194],[126.50804108744414,34.42674581118176],[126.51672985701248,34.41430936068548],[126.50509615280875,34.40542530164993],[126.48849156828882,34.40910040445585],[126.48571722297409,34.3876170092731],[126.47407902392858,34.377466288607074],[126.48388832131332,34.36666378061228],[126.51970588918537,34.36092277635431],[126.52018271361564,34.34474789043051],[126.52689762149582,34.33414262939261],[126.51231937891971,34.31881553356849],[126.518835710348,34.295781135893876],[126.54462297102283,34.30301330896383],[126.55760063630548,34.32129122062943],[126.58624481393102,34.31970696183682],[126.59887990536386,34.31218542049594],[126.60563665177825,34.337211809803655],[126.60338655417765,34.34666607347112],[126.6214283375242,34.35930620529126],[126.6209788881238,34.37942700544776],[126.61271021767087,34.386257756922696],[126.62145477326595,34.393204724896464],[126.62275677319968,34.40696875356572],[126.66091912773406,34.42549599262192],[126.6783781234426,34.42217795765181],[126.69783889426061,34.43985392013774],[126.72510596173214,34.44224184134796],[126.73485039066526,34.45461948400506],[126.71693001296352,34.470483549908224],[126.68239953491269,34.47377027337847],[126.6863658550928,34.5091714380753],[126.68044330930587,34.516226148742675],[126.68284480327411,34.530366118665064],[126.66890808248593,34.534731980240196],[126.68425338729982,34.54594130227203],[126.69508023888852,34.563807512473474],[126.6829919465822,34.57599506255126],[126.67189986465607,34.59271231612057],[126.68840042859019,34.60711966202419],[126.69360840948568,34.62845471828271],[126.6823299106409,34.63269812629719],[126.69724192037735,34.64996149158045],[126.70171204384798,34.66205212675508],[126.69843638372886,34.67159384533942],[126.70565773120818,34.6817003844971],[126.69209011260662,34.68587038947166],[126.67432123678441,34.686402603447554],[126.67006206434786,34.69100774403872]]],[[[126.52527878852307,34.6614958108283],[126.50434215674314,34.67518128083649],[126.50135256597255,34.66614087016536],[126.52527878852307,34.6614958108283]]]]},"properties":{"code":"46820","name":"해남군","sido":"전라남도","code2018":"36400"}},{"type":"Feature","geometry":{"type":"Polygon","coordinates":[[[126.44465729887744,34.79243947971336],[126.44917864049245,34.78320911649983],[126.42560155410658,34.77899967749439],[126.37919943536737,34.766983434624045],[126.38040858728763,34.75281552004331],[126.36249913571194,34.744915164637895],[126.36621273259185,34.73833764649938],[126.38845631140214,34.73098509192968],[126.39081511153682,34.730184583559286],[126.40117036090102,34.7388424178625],[126.42328372313376,34.73979726860689],[126.43985577232657,34.73744818351044],[126.4563432267253,34.72794817918218],[126.46390745685267,34.73595079860109],[126.47577234693146,34.73472173577506],[126.4770778246651,34.719958271114024],[126.48999888283426,34.715035866528936],[126.51346204605801,34.68900720549403],[126.51293208982165,34.682907973879196],[126.52434983680415,34.672302639958495],[126.5359965685059,34.66766859234574],[126.55188691986332,34.6736394216354],[126.56141911701368,34.6827036321717],[126.57112813193444,34.678102663612336],[126.60188538116509,34.682959552040565],[126.62463117019234,34.68081461292404],[126.63902205098891,34.674285296757105],[126.6481794406923,34.68902420783391],[126.67006206434786,34.69100774403872],[126.68139230638549,34.71304241654659],[126.67935745366805,34.72067408719404],[126.66498357341916,34.72243384850452],[126.65637442244929,34.730589206431276],[126.67082583763467,34.74156125659249],[126.68053219765056,34.7534011343446],[126.69235112557503,34.75539814158089],[126.70485851627481,34.76688999020331],[126.71399033416252,34.76049038901242],[126.72914184707908,34.76111156073067],[126.73794346992712,34.75623267107494],[126.76190327515673,34.77047473830563],[126.76490276793194,34.781703001840015],[126.78271517271769,34.78647051312564],[126.7958725288643,34.78050058357261],[126.79322315725234,34.79422367563314],[126.80074492258255,34.80297618751418],[126.80724790786043,34.82872819501949],[126.82293480350688,34.83627179866662],[126.8438582055473,34.84001063255474],[126.85702527664975,34.8535096881691],[126.85873152496644,34.86922635509446],[126.83523206868617,34.86733355509371],[126.82389167774454,34.87112085721252],[126.81359169236073,34.87349508912008],[126.80262256750717,34.86867136492096],[126.79403785353496,34.87811634481007],[126.76587293301814,34.899402188257625],[126.74483991611064,34.89800736099128],[126.73342305563483,34.890439274291424],[126.7208191273074,34.892182505452915],[126.71171831587199,34.908598345509844],[126.71593543331429,34.91761886579936],[126.70772936638825,34.92398413378718],[126.6989558557757,34.940473137892916],[126.67644003683237,34.946297013637704],[126.66850485545969,34.94508066100345],[126.66178110800037,34.929486209970925],[126.67599263564598,34.916979042952306],[126.67607719413937,34.905958746352916],[126.6821414492539,34.894481509859446],[126.6691344519857,34.88670848471661],[126.6513557167671,34.89346486759419],[126.63101685954366,34.88853785519338],[126.63480477982137,34.90699875070905],[126.628112378367,34.919541768930536],[126.61884142589254,34.92589527785522],[126.59274072634608,34.9232658955925],[126.57917349652627,34.91721985496703],[126.5745933679593,34.906563497394345],[126.57960605891579,34.89488505145338],[126.57199141740188,34.891358511839414],[126.56971352492045,34.87500212851215],[126.55320348085341,34.863241891140184],[126.54814050146523,34.828106168249995],[126.54366942289242,34.81412537768289],[126.53463857341208,34.80308609085141],[126.52266723289488,34.79883963975842],[126.51791037820021,34.78092949429118],[126.50566925290653,34.77138455116346],[126.49461210728198,34.76936332309406],[126.47434875262756,34.787839008181244],[126.4588293234814,34.79335229738201],[126.44465729887744,34.79243947971336]]]},"properties":{"code":"46830","name":"영암군","sido":"전라남도","code2018":"36410"}},{"type":"Feature","geometry":{"type":"Polygon","coordinates":[[[126.4588293234814,34.79335229738201],[126.47434875262756,34.787839008181244],[126.49461210728198,34.76936332309406],[126.50566925290653,34.77138455116346],[126.51791037820021,34.78092949429118],[126.52266723289488,34.79883963975842],[126.53463857341208,34.80308609085141],[126.54366942289242,34.81412537768289],[126.54814050146523,34.828106168249995],[126.55320348085341,34.863241891140184],[126.54783078409801,34.88062979863137],[126.51541437751243,34.91426522351661],[126.52069167589798,34.92908021933241],[126.54235155447923,34.92268048865686],[126.5286064932939,34.94509186180371],[126.52871444893844,34.95309251833173],[126.54075147998907,34.975226161892905],[126.5258049761896,34.98266405638805],[126.50506060053584,34.98577855592607],[126.49010378962254,35.00128339918977],[126.50011070031559,35.00410605921423],[126.4984552761027,35.01619751889383],[126.471159189018,35.02122896068913],[126.46316795869134,35.04145824971983],[126.47740752093705,35.06490764535726],[126.4570420976651,35.07428678523835],[126.45204946899933,35.073194481102085],[126.43950999875256,35.05558127369194],[126.42295026769496,35.04824738798009],[126.41786977739397,35.04188591717899],[126.42630213716087,35.028057422493575],[126.3990532211905,35.032921791550805],[126.4062938027276,35.05723169108947],[126.40426921409086,35.070734321623256],[126.39175374218652,35.08644068505434],[126.3680331907214,35.071337439091785],[126.346106663622,35.08297111622596],[126.35100684040705,35.09510611808598],[126.33159708566548,35.09472442951119],[126.34444839206553,35.11540223164447],[126.34211233890599,35.1213997214071],[126.34591750563918,35.159757868184656],[126.33418436072358,35.14934636396959],[126.32480894702353,35.13414396230792],[126.29156228252168,35.13826419499362],[126.28646054852584,35.13494632011501],[126.27196409272784,35.146052168973185],[126.26133715194123,35.145224473420434],[126.24181229462613,35.11151535176169],[126.24767630607303,35.09710753932217],[126.24611096719151,35.07549566240076],[126.2591004716581,35.06760316053002],[126.26214681407836,35.053694542021],[126.27809201263224,35.05447677889298],[126.2849121121809,35.06162939256141],[126.30435966135799,35.04502876524899],[126.31452018929762,35.05326204135718],[126.30562796014894,35.06592208604775],[126.31788682843656,35.0700905092544],[126.316747124286,35.086666257866995],[126.33245199905484,35.087530581377194],[126.34404527438772,35.07045519722033],[126.33743196040078,35.06047426835385],[126.34779914360546,35.05737827587755],[126.34743648311462,35.045087656830624],[126.35849015388379,35.0385936015324],[126.37098330754345,35.047048304317784],[126.38075386462967,35.048213509611074],[126.38805360558523,35.03638906791489],[126.38926346303595,35.025104013901725],[126.33914435190901,34.99700382880845],[126.3571665314578,34.99320872655838],[126.35889281040558,34.98669390927169],[126.34802340911955,34.97579411944478],[126.33302393734867,34.97081194420097],[126.32062881421648,34.979166819041964],[126.2947922891741,34.96529785541895],[126.30845768923479,34.949450088860154],[126.3204567443788,34.94438832728253],[126.31584154061711,34.93701857913458],[126.32635651230306,34.93050647575786],[126.32870747565578,34.91684710417969],[126.34311330829603,34.91460136652344],[126.35324647077098,34.92210213599839],[126.37037327621464,34.923631129119634],[126.36667286988595,34.93262789423389],[126.37286026701572,34.9417114522729],[126.37459645567637,34.95591631572876],[126.36142913681569,34.97187341093586],[126.37327875748669,34.98988930099342],[126.37992051588054,34.98771662389716],[126.37886650186422,34.97116716764134],[126.39402041978624,34.9617431006564],[126.38710218220896,34.94689827285006],[126.39162385430173,34.91996849954546],[126.40311959548733,34.91479228592924],[126.4007918345761,34.90055242634571],[126.38895720114728,34.88935547563819],[126.40153466170561,34.8802108405587],[126.39470182708087,34.86926020045338],[126.4121102088339,34.843888735524004],[126.43824343383868,34.83663470861497],[126.438309013561,34.82113454571459],[126.4531925698425,34.81833497886781],[126.4588293234814,34.79335229738201]]]},"properties":{"code":"46840","name":"무안군","sido":"전라남도","code2018":"36420"}},{"type":"Feature","geometry":{"type":"Polygon","coordinates":[[[126.65312064077364,35.192403057045865],[126.64263240355925,35.207280698738174],[126.61839888337163,35.22127425518965],[126.60150179755263,35.23561320597981],[126.59187772664419,35.23193699764912],[126.58329021284074,35.19929660411374],[126.56812630046812,35.198937188057585],[126.56496126033936,35.19072491882612],[126.53348268686474,35.18229454705825],[126.52819286294844,35.185947104204864],[126.50050967340937,35.18346307078073],[126.47291271745542,35.192658458948195],[126.46978693640747,35.187972534106336],[126.45149857307361,35.18631866256082],[126.43530681785553,35.172910844235105],[126.4219514638296,35.18429707173974],[126.41279080855581,35.186656903023625],[126.39978124999692,35.17613085320627],[126.38774152297177,35.17806656453282],[126.36864543804008,35.16502758119218],[126.3826851009575,35.152588611379635],[126.38664093365351,35.14291695765866],[126.4030119798273,35.13539956816932],[126.41963125890872,35.10754136435075],[126.44563499236935,35.10592446431908],[126.46466277405499,35.09972927618484],[126.46005752222142,35.09186345658833],[126.43606619335904,35.086612525135024],[126.4570420976651,35.07428678523835],[126.47740752093705,35.06490764535726],[126.46316795869134,35.04145824971983],[126.471159189018,35.02122896068913],[126.4984552761027,35.01619751889383],[126.50011070031559,35.00410605921423],[126.49010378962254,35.00128339918977],[126.50506060053584,34.98577855592607],[126.5258049761896,34.98266405638805],[126.54075147998907,34.975226161892905],[126.55423906077743,34.98771266852248],[126.56628960675238,34.985565914889484],[126.5707591526426,34.97378839002201],[126.58082887366533,34.97683695181593],[126.59459823510721,34.994096183317886],[126.59868040857549,35.01276694271208],[126.5857897079789,35.01479460349279],[126.5940421626417,35.02588563643896],[126.58672037082214,35.04821127083508],[126.59281603970454,35.07944058520256],[126.5977333226107,35.09304138798909],[126.62331598590899,35.08692998906221],[126.62924394762949,35.09208911811801],[126.64722295584393,35.09580949441896],[126.64678187519276,35.103524170481165],[126.65521609781,35.11503164984703],[126.65150715899047,35.12049524047308],[126.65484784570037,35.136715241085724],[126.65147228468862,35.145879789938625],[126.65344222414018,35.16380932014263],[126.67104930599182,35.16943936754929],[126.65312064077364,35.192403057045865]]]},"properties":{"code":"46860","name":"함평군","sido":"전라남도","code2018":"36430"}},{"type":"Feature","geometry":{"type":"MultiPolygon","coordinates":[[[[126.59187772664419,35.23193699764912],[126.5833081618128,35.239438010024635],[126.58500131326652,35.25856548338015],[126.60877984559656,35.27067648459333],[126.61577943358438,35.27877755126279],[126.61849963817615,35.304639966224585],[126.62932089094043,35.30247557629474],[126.64013685514779,35.3090439739299],[126.64473425322905,35.319865237484784],[126.62506672872489,35.32133705859936],[126.60399659705318,35.3355817878185],[126.58134316001374,35.322894381843504],[126.58964877683671,35.31197523358017],[126.58493871738897,35.30080071583229],[126.57321537713659,35.309641866650225],[126.55094840781462,35.313602234450016],[126.53118546030142,35.3074719320713],[126.52325638145211,35.315442759391125],[126.51761976168574,35.33409449514657],[126.52023500607018,35.34978945262154],[126.50776275950116,35.361402249018646],[126.49528748619477,35.36263238429949],[126.49750259989645,35.372347426572055],[126.48158109388177,35.38562512793295],[126.49050615497305,35.39521002206704],[126.49162886899252,35.41129916354356],[126.47871146451979,35.42422587704254],[126.447567236087,35.4298060953062],[126.43744569812073,35.43059940380873],[126.41481344806901,35.42193098963189],[126.40301075793762,35.404067235138136],[126.41359277560773,35.36335695824149],[126.39653795925953,35.36841600166206],[126.38751199796184,35.34390689147423],[126.37832837447777,35.32897992820048],[126.37777728067738,35.305755181632485],[126.35839907998424,35.28935174487805],[126.34387331457302,35.29298980452677],[126.32336449040858,35.28806175913784],[126.3248537975889,35.270716043166104],[126.3321004104727,35.267479489088],[126.324033504416,35.252587667146464],[126.3111422694273,35.25458389837781],[126.29749784925546,35.227372507572426],[126.29963927030735,35.21019030585348],[126.29812149868897,35.18812223230748],[126.30700863465101,35.17822699946984],[126.31748653056653,35.18027849186142],[126.33545539298865,35.19122943752075],[126.35441564904887,35.178783896936864],[126.36864543804008,35.16502758119218],[126.38774152297177,35.17806656453282],[126.39978124999692,35.17613085320627],[126.41279080855581,35.186656903023625],[126.4219514638296,35.18429707173974],[126.43530681785553,35.172910844235105],[126.45149857307361,35.18631866256082],[126.46978693640747,35.187972534106336],[126.47291271745542,35.192658458948195],[126.50050967340937,35.18346307078073],[126.52819286294844,35.185947104204864],[126.53348268686474,35.18229454705825],[126.56496126033936,35.19072491882612],[126.56812630046812,35.198937188057585],[126.58329021284074,35.19929660411374],[126.59187772664419,35.23193699764912]]],[[[126.15252615127912,35.29019776152805],[126.14599862602435,35.29469533842389],[126.13188959139397,35.289628054545204],[126.13240029612604,35.2817332311773],[126.148399497155,35.2710975620501],[126.15444070027131,35.278624719808555],[126.15252615127912,35.29019776152805]]],[[[126.02588456569201,35.35964901835651],[126.0172442068577,35.356694565755795],[126.0313422199973,35.3349327582772],[126.04144494153864,35.34634386205508],[126.02588456569201,35.35964901835651]]]]},"properties":{"code":"46870","name":"영광군","sido":"전라남도","code2018":"36440"}},{"type":"Feature","geometry":{"type":"Polygon","coordinates":[[[126.87955462752348,35.251493967267095],[126.86636001363952,35.27194345334531],[126.8598211113922,35.28997491073866],[126.86317228117554,35.32247093408792],[126.8872776558498,35.32568985185091],[126.87664907854347,35.34509657491509],[126.88424648859332,35.36148922143204],[126.91762724904079,35.38598697377134],[126.91959960987842,35.4019725286734],[126.92066709070274,35.410892454189835],[126.9019591090789,35.42277276826109],[126.89484365559927,35.448481479946174],[126.88400119243174,35.450989778185274],[126.86869217100137,35.461388959784685],[126.85061670216128,35.46597918687715],[126.84313705222975,35.47598695575126],[126.82612675025241,35.48630146133217],[126.81396336477084,35.48294246231825],[126.81357380788494,35.468847317303464],[126.77251960116996,35.46837906838677],[126.75675628985728,35.46078360260346],[126.74787370633258,35.45032792218097],[126.75182555555328,35.42297912535076],[126.74443305657869,35.40929450481632],[126.72960652211347,35.39449248974886],[126.73119593700739,35.376780939515506],[126.72267812304341,35.36724017003356],[126.70458172982374,35.36511310631844],[126.69923583475841,35.34968241212998],[126.68198292526522,35.34715292591582],[126.66673476136123,35.35154762029113],[126.65952623508171,35.33456213390599],[126.64473425322905,35.319865237484784],[126.64013685514779,35.3090439739299],[126.62932089094043,35.30247557629474],[126.61849963817615,35.304639966224585],[126.61577943358438,35.27877755126279],[126.60877984559656,35.27067648459333],[126.58500131326652,35.25856548338015],[126.5833081618128,35.239438010024635],[126.59187772664419,35.23193699764912],[126.60150179755263,35.23561320597981],[126.61839888337163,35.22127425518965],[126.64263240355925,35.207280698738174],[126.65312064077364,35.192403057045865],[126.67648266743134,35.19599477659337],[126.6872602176824,35.21541172299447],[126.70263101012037,35.20780365585046],[126.71770692605762,35.212112834379255],[126.71980727933897,35.2269026401953],[126.73718572562056,35.25205511056627],[126.7611554671275,35.25840993141004],[126.75552470429545,35.23438855825338],[126.77041749533251,35.232774683956755],[126.77517137274508,35.22703808699665],[126.79433160237228,35.22026684026172],[126.81055711026887,35.22111030130101],[126.83645267546062,35.2290700827869],[126.8624188223935,35.245153396400944],[126.87955462752348,35.251493967267095]]]},"properties":{"code":"46880","name":"장성군","sido":"전라남도","code2018":"36450"}},{"type":"Feature","geometry":{"type":"MultiPolygon","coordinates":[[[[126.72960296831373,34.37910280354949],[126.7015590237312,34.398556632237025],[126.68508496378828,34.40316669762034],[126.65422000768794,34.393323968945396],[126.63867747961693,34.382114324692026],[126.6456162909306,34.36742889173589],[126.64123610244094,34.36196370442936],[126.64895191680739,34.33369757953428],[126.67731519118475,34.31459027359326],[126.69380735361109,34.29351721564968],[126.71754094198066,34.296846931696464],[126.73149623917948,34.28706499229156],[126.73451944520944,34.29938321170586],[126.74829460362889,34.2911866169453],[126.76338576844016,34.297872610784395],[126.77221406914722,34.31234316339352],[126.76603293440617,34.31812538489002],[126.75463690414176,34.31563357043155],[126.75068984679363,34.326015380338625],[126.73146892038956,34.35188578825514],[126.73340403523,34.36738995394393],[126.72960296831373,34.37910280354949]]],[[[127.13928464803155,34.30817305647327],[127.13227169900524,34.3144616050087],[127.1186425277386,34.305467521218674],[127.1253683637746,34.299422966541776],[127.13928464803155,34.30817305647327]]],[[[127.03487075835085,34.37610000311321],[127.0111174533683,34.377146491815274],[127.00651078596464,34.35820832276423],[127.0190722314421,34.3519600138376],[127.03572559917177,34.33698231057432],[127.04286446633127,34.34113509452489],[127.05318258896708,34.33423876390551],[127.03613519715681,34.32585250140047],[127.03774642697313,34.31009360578595],[127.05594716507083,34.32901320009346],[127.08255562699051,34.336402178619636],[127.1029189527761,34.336945787338806],[127.09072260054023,34.348065880176996],[127.09101300320826,34.358481187576814],[127.0756530759374,34.36335202257037],[127.0507899464018,34.3640589386863],[127.03487075835085,34.37610000311321]]],[[[127.09597504047625,34.3874454571207],[127.09035533250395,34.39278592390494],[127.07323645952225,34.38710454360709],[127.07764504971847,34.37356197683553],[127.09207895787274,34.3768018239114],[127.09597504047625,34.3874454571207]]],[[[126.51071520824938,34.19971598834223],[126.50487678024955,34.20510621687247],[126.49228375986809,34.18359789160284],[126.51091846105146,34.18775503168095],[126.51071520824938,34.19971598834223]]],[[[126.56818994827337,34.23442922011408],[126.55328733505998,34.23209216294691],[126.56528786985655,34.2187324845256],[126.55297518690257,34.20655930644127],[126.55371370710742,34.19377782648783],[126.56178891668755,34.18896196017435],[126.56027598775238,34.178913401888586],[126.58686959559476,34.172260959695414],[126.60415224934691,34.17355575327856],[126.61664023065266,34.180526357554555],[126.61151730823501,34.19248994787502],[126.62511213659118,34.202773359107056],[126.60794112093154,34.224228989090356],[126.58688491541756,34.22397400231497],[126.56818994827337,34.23442922011408]]],[[[126.8394950807118,34.353147866922924],[126.83501300018442,34.35864161366304],[126.8184966547838,34.34835262917651],[126.81650489089405,34.33700557792551],[126.8026284994649,34.333641592452],[126.78762857839294,34.347403494749216],[126.76830481199887,34.32796552531739],[126.77992725822097,34.32750549227712],[126.79877572984918,34.318291059711015],[126.80868123203777,34.32610925225706],[126.83169598650858,34.32354256466135],[126.83602917026519,34.306442276642876],[126.84533892980551,34.29826694431973],[126.86509962999972,34.31269969671988],[126.88380969209558,34.310407335877734],[126.88728837222946,34.32239668614654],[126.8975297380097,34.331887811603025],[126.89664911251299,34.34516053435145],[126.88114428776309,34.33717265933765],[126.86917453199914,34.350652972696736],[126.84774925696658,34.34537586865563],[126.8394950807118,34.353147866922924]]],[[[126.83340842096194,34.43322154776907],[126.83465910246524,34.4441130046425],[126.80124066041981,34.431723791164885],[126.78837538309004,34.433310888171604],[126.774792796993,34.421757430833765],[126.75527113160406,34.38648886029556],[126.77212139319225,34.375222346586426],[126.76541414085091,34.35991640859035],[126.77662831575567,34.356678585810656],[126.79136458772051,34.38061153767926],[126.80329042175191,34.38529417488134],[126.83021119031709,34.37764812487275],[126.85399236052993,34.392382823383066],[126.86628071681328,34.39089270622965],[126.8574798005689,34.407167272768866],[126.84045820977671,34.41094793822937],[126.84557629262066,34.43049416736722],[126.83340842096194,34.43322154776907]]],[[[126.94371153968744,34.412989188782944],[126.93083368944355,34.3905970362632],[126.91639219108501,34.39138017044235],[126.90684774189504,34.39931313265111],[126.89200305219664,34.39649891247111],[126.88185365464736,34.40431759319633],[126.87219061183526,34.39396445126873],[126.86377856029245,34.37457052224222],[126.87018322245017,34.368130401242325],[126.88667394432412,34.36197002298251],[126.91759500695893,34.3557717233883],[126.92152031689795,34.36582643466189],[126.93360812376997,34.37054706187867],[126.94894088010739,34.36726321641117],[126.94223877225551,34.386681050561386],[126.95064033699259,34.40194868001004],[126.94371153968744,34.412989188782944]]],[[[126.9307664833283,33.98717655410549],[126.91426479929152,33.987319025881035],[126.90961334381727,33.982293557012156],[126.91723002348985,33.96869464315983],[126.93517581286558,33.969163177902146],[126.93695604510435,33.9793977683561],[126.9307664833283,33.98717655410549]]],[[[126.76984216739052,34.190379361228615],[126.76934834889397,34.20412350841341],[126.75474279065631,34.207823948196044],[126.74958914695387,34.18815310215409],[126.76184039929582,34.177092190718206],[126.76984216739052,34.190379361228615]]],[[[126.8959638140542,34.21235318179644],[126.89143978370285,34.21729646066656],[126.87193880632374,34.21000358247426],[126.84693318108779,34.17421773906127],[126.84838963992402,34.162635409448896],[126.86946108480588,34.166044411386366],[126.88238009556619,34.14972559516969],[126.89408814198596,34.154235504018175],[126.91545395355467,34.15424323597747],[126.92520284646643,34.17462276297856],[126.91964789259877,34.18763548223514],[126.91046656793041,34.18991586111726],[126.91192790878254,34.21256159730384],[126.8959638140542,34.21235318179644]]],[[[126.66120000060577,34.19489598799518],[126.65022280409997,34.20046131473966],[126.64465086264943,34.19032801148411],[126.63329658066037,34.18653669424515],[126.64750372043908,34.16806446518419],[126.63178481072224,34.1534826960076],[126.63443779993736,34.12688390452019],[126.65065100018846,34.127572863392665],[126.65014058491077,34.11761858402187],[126.66296094035155,34.11123876794311],[126.66753391831035,34.12633675808285],[126.68149297985799,34.13978249341336],[126.67924117271966,34.151691650893824],[126.66986906406876,34.14983361395946],[126.6687147539393,34.16280785709443],[126.65830172892714,34.17249448075657],[126.68233785058216,34.17571562882804],[126.68188039462413,34.18533301852025],[126.66120000060577,34.19489598799518]]],[[[126.62689220278908,34.23877881401832],[126.6194921839636,34.24877718798005],[126.6042347013188,34.249628065780946],[126.59381749212521,34.24220646837705],[126.59300432095782,34.23423817567507],[126.61143336791189,34.23333458501781],[126.62689220278908,34.23877881401832]]],[[[127.04766444025171,34.45710414487202],[127.03233051064481,34.449507418264325],[127.03638865080721,34.42370336999121],[127.04695093359754,34.414105865462915],[127.05876702029305,34.41322589984326],[127.0667337292675,34.40415364664487],[127.07513114958573,34.42136403392098],[127.06588397849262,34.451601132645585],[127.04766444025171,34.45710414487202]]],[[[126.5492526017534,34.179509474472205],[126.54011602094963,34.182539232856485],[126.51545201136214,34.16989996735406],[126.50430100148125,34.16059682853259],[126.50873722969702,34.15528338386553],[126.504563095164,34.13732911342937],[126.52466291051927,34.12089201346426],[126.5477812139321,34.12662454889391],[126.56456307792982,34.14173867811206],[126.57738552525355,34.144397040965266],[126.57958870543244,34.15687535831618],[126.59675513592134,34.15731051224182],[126.61698024491892,34.14829975298463],[126.62432212808527,34.15618431776753],[126.61857456655193,34.16512666531342],[126.58443782204375,34.17030953046962],[126.56289683509429,34.170292789888514],[126.5492526017534,34.179509474472205]]],[[[126.98876840436387,34.33733819943716],[126.97073768683413,34.33945053551444],[126.95737625877544,34.3293759791853],[126.95686436131092,34.31268753553383],[126.96675999725086,34.3030518049735],[126.97630376041202,34.302190952343786],[126.99815368834321,34.31357471772755],[127.01500275595774,34.33211655814417],[126.99903337401265,34.33945435177975],[126.98876840436387,34.33733819943716]]]]},"properties":{"code":"46890","name":"완도군","sido":"전라남도","code2018":"36460"}},{"type":"Feature","geometry":{"type":"MultiPolygon","coordinates":[[[[126.20642283965174,34.498307592831196],[126.18859787157591,34.50004889402744],[126.17320557738636,34.495018195359],[126.17250508344236,34.48469084228563],[126.14503205916311,34.47575834158758],[126.1350566675058,34.46650864272226],[126.11607933105711,34.45852766685383],[126.11782639424985,34.44951267410976],[126.10169696277696,34.441522439319826],[126.0889947915589,34.41861584534964],[126.11709523607726,34.37897236675383],[126.13022409126391,34.38532070279412],[126.14540035344949,34.37961477368259],[126.13770182679431,34.37024403963209],[126.15589926262484,34.365314967669335],[126.16287572431554,34.35293526993022],[126.18096395539914,34.35080829701675],[126.20305253527192,34.357632762231894],[126.24348485425551,34.378465927429275],[126.25407371745322,34.378562390698626],[126.26064804876846,34.3928231155224],[126.27248159688236,34.39675915554129],[126.28360492985811,34.386724745434265],[126.28022104790459,34.36874894779542],[126.29164904405022,34.37388123775546],[126.29903848836473,34.368932253671225],[126.30889517864156,34.37601119397214],[126.29938955781849,34.38255855307836],[126.30343331538661,34.39058688281179],[126.29146952221528,34.40304623853875],[126.32070209221915,34.40474523539661],[126.32733353291745,34.39682320871851],[126.33774188219937,34.40359884668508],[126.33551669149882,34.4141045121201],[126.35157691633717,34.42629008562858],[126.36547982382719,34.443020160139575],[126.35816577512517,34.45613750542949],[126.37208553827631,34.47026726824138],[126.36094266450776,34.47298990764502],[126.35997279386098,34.482983228231525],[126.37891017858898,34.48690087414613],[126.38082002621037,34.501115067340585],[126.3773809807059,34.512573740285404],[126.3623315177897,34.52445492884631],[126.35132023689364,34.52752513236462],[126.3454758624428,34.54244356162756],[126.31425637050957,34.547412407335656],[126.30351436476441,34.55587759453441],[126.30922659167648,34.56530288981984],[126.28988576544933,34.577843037410204],[126.26678791119956,34.58221781080448],[126.25020636620035,34.589498237063594],[126.23980896193257,34.57049356156283],[126.25507466786378,34.55952233346148],[126.2609910495527,34.54818560377314],[126.25499061239661,34.536790329016874],[126.23765150942376,34.53229283563572],[126.22781432549378,34.53607772720988],[126.21198352796749,34.52432146005164],[126.21049156212665,34.5168348691507],[126.19899476895742,34.51106545370638],[126.20642283965174,34.498307592831196]]],[[[125.94174147908045,34.244485859682904],[125.93337751064772,34.247398800587234],[125.92526452533433,34.23862715384744],[125.92877434622278,34.229360108893815],[125.94406756400573,34.23111364670229],[125.95598183929786,34.240172435575],[125.94174147908045,34.244485859682904]]],[[[126.05392837526384,34.250131009208715],[126.04528326232635,34.231178932283996],[126.0585691968319,34.227613186510375],[126.06510521960028,34.24143345076211],[126.05392837526384,34.250131009208715]]],[[[125.92577716092029,34.25727738035833],[125.90524237977382,34.258904724825726],[125.89843793989402,34.25285051658179],[125.91147023526142,34.24103724399312],[125.92577716092029,34.25727738035833]]],[[[125.99756870834452,34.27083968381341],[125.99142770312066,34.27989548381224],[125.97884214492113,34.27716401303725],[125.9790532883414,34.264682303857725],[125.99232478481207,34.26053944243205],[125.99756870834452,34.27083968381341]]],[[[126.04034383627364,34.31884649847527],[126.0239764853235,34.31326811363435],[126.0151435305277,34.29112945585386],[126.02342602469966,34.28515743020256],[126.04963691316591,34.2816404114364],[126.05442947534115,34.27413989860217],[126.0685283057569,34.2764275845414],[126.07511910981397,34.28446931335214],[126.0927319674746,34.275882910864404],[126.09212974966209,34.29113540000874],[126.0803369439443,34.30804758171685],[126.06043701073216,34.30489945754719],[126.04559326451907,34.309960972744854],[126.04034383627364,34.31884649847527]]],[[[126.03019477162903,34.34058338836466],[126.00088184577483,34.33781857429544],[125.99780300586774,34.325074940804605],[126.01094801024284,34.32123996397933],[126.03424368501597,34.32402934603875],[126.05874230732125,34.32369972251442],[126.05362283094446,34.33213923472813],[126.03019477162903,34.34058338836466]]],[[[126.01458831753465,34.36094508309527],[126.01393300605973,34.34327197027129],[126.02684078301417,34.34366000695872],[126.0219263305649,34.35780490202257],[126.01458831753465,34.36094508309527]]],[[[126.05858841374122,34.49672146586317],[126.04746658261053,34.49616589164311],[126.03894953141983,34.48084097309799],[126.04423572611366,34.46063757900442],[126.05320588907027,34.47191749942985],[126.06631407576165,34.47503012522148],[126.0662076742349,34.4845661741167],[126.05858841374122,34.49672146586317]]]]},"properties":{"code":"46900","name":"진도군","sido":"전라남도","code2018":"36470"}},{"type":"Feature","geometry":{"type":"MultiPolygon","coordinates":[[[[126.24767630607303,35.09710753932217],[126.23262396681544,35.09854193066148],[126.21670066959476,35.10683000522442],[126.20981659451286,35.103204769274235],[126.19030748333783,35.11278794582415],[126.15993830158693,35.09887186175734],[126.15704110933072,35.089728893093344],[126.16557022235591,35.08346725371272],[126.15986068030993,35.07221281894668],[126.18243821743377,35.057802228612836],[126.2072033977821,35.05465896494396],[126.22261045388548,35.05780997778207],[126.23268288418896,35.053062474347826],[126.23518234725425,35.044244804230686],[126.2266307753937,35.023429009260894],[126.25592189792566,35.0126821262118],[126.2741950060294,35.037664022894916],[126.2642253931447,35.04242442395834],[126.26214681407836,35.053694542021],[126.2591004716581,35.06760316053002],[126.24611096719151,35.07549566240076],[126.24767630607303,35.09710753932217]]],[[[126.25192485022805,35.0061318483394],[126.24928861443505,34.972852989612335],[126.27074849726081,34.976166198061115],[126.2702277879962,34.99389956304843],[126.2619617064169,35.0056361820839],[126.25192485022805,35.0061318483394]]],[[[126.15520307122493,35.056141756009815],[126.14411932982107,35.05886515582193],[126.13353464083131,35.0517250860453],[126.1486225269437,35.03361204721343],[126.16778202321107,35.03271809523862],[126.18256211871353,35.02716746577086],[126.19518300697551,35.02801089545036],[126.20110974468894,35.03838787892224],[126.18573959223922,35.04244363591742],[126.16972700090292,35.05579065545666],[126.15520307122493,35.056141756009815]]],[[[126.20247856892604,35.138674197904606],[126.19663335484259,35.147624521426685],[126.1833508425384,35.142772360351515],[126.1853509432266,35.13555201874082],[126.20247856892604,35.138674197904606]]],[[[126.37899219123979,34.877017848965956],[126.3624688205479,34.87526116304638],[126.36724168791521,34.86621382961282],[126.37899219123979,34.877017848965956]]],[[[126.30344339782157,34.91923334681094],[126.29641337876048,34.921998535064624],[126.280612022692,34.9096862064732],[126.29516991141375,34.901496897761945],[126.30367839745178,34.8872178356104],[126.29259853612717,34.88129499497427],[126.28524027806868,34.88744447512355],[126.27820567943468,34.87324039202591],[126.28160232226162,34.86759980466482],[126.26417374238983,34.85931283852016],[126.24339009411412,34.85874263971763],[126.23289537077785,34.86476098637612],[126.2265865926545,34.84746779133885],[126.23989707563172,34.84792671348037],[126.25506747556094,34.84015271583991],[126.26556542468046,34.841516626613405],[126.2754902215585,34.85516774883894],[126.30222852738386,34.85398464503505],[126.33429579023493,34.84836720573283],[126.3393289202758,34.83860165303779],[126.33358794197197,34.82497200164099],[126.33815638205307,34.816198511761336],[126.35756845977753,34.81460862085025],[126.36577599525738,34.83144575535991],[126.37337890735205,34.833053919428565],[126.37148013819187,34.84738770557408],[126.35661228481503,34.864018979045674],[126.32103552003178,34.86219374809189],[126.31951744819254,34.88367234674058],[126.32541638948594,34.89022005987186],[126.34300986876171,34.8945041020991],[126.33837723477521,34.907961557316845],[126.30344339782157,34.91923334681094]]],[[[126.23859201109575,34.93299026553045],[126.22695699213389,34.93723361357832],[126.21998937592178,34.919055570283376],[126.23468919166453,34.90939418650461],[126.25141876109933,34.92037958815934],[126.25206612750348,34.93497793652987],[126.23859201109575,34.93299026553045]]],[[[126.27451121841564,34.96937505347634],[126.26341757627713,34.96869396032184],[126.27653737767622,34.94786799581656],[126.30050794752225,34.93800242341203],[126.28880324338307,34.962631389520745],[126.27451121841564,34.96937505347634]]],[[[126.21470751803908,34.98635329088163],[126.2009172540599,34.97761196508048],[126.1879646563951,34.946106913445504],[126.19467198701241,34.914806493310465],[126.20119313149387,34.91785873431132],[126.2127450780559,34.93656460394038],[126.21640749460923,34.95201013006483],[126.22680065658298,34.96511642236945],[126.23062522123543,34.97993561780962],[126.21470751803908,34.98635329088163]]],[[[126.14477131275855,35.02600404615749],[126.1265003472349,35.02688988301897],[126.11533431600428,35.018984280846226],[126.10089529551327,35.00039433530986],[126.11580920203312,34.99551876592402],[126.13320545712585,35.00140331409549],[126.13518537897276,34.96752214347741],[126.12349657544036,34.950872088213195],[126.1579727054442,34.937889089950815],[126.17459230016729,34.945965401878425],[126.18540078107715,34.97364883583385],[126.18766371765027,34.986506324596334],[126.16523592942136,35.02274256377615],[126.14477131275855,35.02600404615749]]],[[[126.14426870023641,35.093372557041505],[126.1327871789737,35.09222724930618],[126.13008270217638,35.082885900503214],[126.14694911957999,35.08371792192766],[126.14426870023641,35.093372557041505]]],[[[126.02211583894037,35.09967260233938],[126.0099993740154,35.09728491749859],[126.01182487569393,35.08626260126242],[126.02435241857637,35.07908776040479],[126.03158709489128,35.0901013463835],[126.02211583894037,35.09967260233938]]],[[[126.16194536751912,35.143576489131114],[126.15316454851249,35.14801090442874],[126.14137084904738,35.14318920260397],[126.11798264066097,35.142899442652784],[126.08483055787887,35.11162264869672],[126.06730781931432,35.10391996086718],[126.04838295730504,35.102557654466494],[126.05114742213185,35.0938551667712],[126.04148288893316,35.08527393549608],[126.04802198671038,35.061086935107234],[126.07258726205727,35.059819494157566],[126.07814233567888,35.05245025598638],[126.10517597034446,35.05508303859949],[126.11856672484818,35.0613041680363],[126.12344006705898,35.07579837221197],[126.12099738052491,35.09662924633351],[126.1280383221841,35.11624199958487],[126.14528082632246,35.13738481840743],[126.16194536751912,35.143576489131114]]],[[[126.06264969980927,34.93567328613664],[126.05576647459834,34.91594449584315],[126.0312344751071,34.90953322037615],[126.01057279659292,34.91006834520309],[126.00968362443469,34.903414009254845],[125.98926647958979,34.87718910652437],[125.97362906674442,34.875196740190084],[125.97392496145623,34.86439167397702],[125.98251814784265,34.86140631812215],[125.9971159831085,34.86494733363444],[126.0319176069386,34.85775299058497],[126.04361044870384,34.84280400909215],[126.05026745796991,34.85338177167614],[126.060748283001,34.854393890986486],[126.0853437171321,34.863621802268455],[126.09579077468344,34.875304930235984],[126.10406825658822,34.90107671880574],[126.0929646299201,34.91202850404923],[126.09187231839242,34.923187516061425],[126.06941750698343,34.93732067120598],[126.06264969980927,34.93567328613664]]],[[[126.02049025626887,34.765804404533306],[126.01130031963768,34.75054444795649],[126.01214349236535,34.734042199655974],[126.01847579705476,34.72322926162371],[126.03174960382815,34.7273014786664],[126.02557544003707,34.73871558117005],[126.02991843301501,34.756578144026534],[126.02049025626887,34.765804404533306]]],[[[125.99708298412803,34.80470925056822],[125.97394591591708,34.803299620813824],[125.96697362372987,34.79158937690085],[125.93638710209869,34.77628577592812],[125.9086853798302,34.77654165538781],[125.89705447254194,34.773759530181664],[125.88867016712564,34.76516953487484],[125.89149141093894,34.746350162936295],[125.8873740026302,34.736592779921935],[125.89422986074602,34.72622628445951],[125.90968021858109,34.7155706298054],[125.9198102691688,34.71504989437612],[125.94241964214216,34.72142381445468],[125.94597884318347,34.744463391618936],[125.95778431202595,34.75116897027607],[125.97710030885263,34.75246945860213],[125.98448034750952,34.76013544408789],[125.99861377306512,34.75992675526649],[126.00102550716912,34.77298296655974],[125.99570485189707,34.779783207268174],[126.00054083512887,34.7885651966455],[125.99708298412803,34.80470925056822]]],[[[125.85385103777428,34.61901133903759],[125.85492670752505,34.6306399465199],[125.83258442081883,34.62165903989549],[125.82245550447114,34.61133881431685],[125.82932288626591,34.60118626579047],[125.84256127362954,34.596995009023956],[125.8626863449885,34.60538813803171],[125.85385103777428,34.61901133903759]]],[[[125.96866404487326,34.72760947850235],[125.96501424330687,34.73536004280654],[125.93716266249156,34.716239338581666],[125.9186222382051,34.71173485413866],[125.91420609666463,34.702564182188404],[125.91562125094988,34.677337346311916],[125.9280246744788,34.67734614491645],[125.93219083709089,34.667579914865655],[125.94763319997476,34.66629951633761],[125.95418525018465,34.65843531590554],[125.9653305061246,34.656448708603385],[125.9812084046556,34.663866419694],[125.98801203615031,34.67820260524739],[126.00838618317995,34.68443393514949],[126.01458981531107,34.698258458422565],[126.01467873789782,34.71041314685895],[125.99930376020599,34.731547609851454],[125.9763367578882,34.72140855868295],[125.96866404487326,34.72760947850235]]],[[[125.1027796432067,34.09593208714411],[125.09380514418199,34.08737211932034],[125.09445966696583,34.06893644885209],[125.11244097994084,34.06279822779185],[125.11559112684157,34.05121765420254],[125.13474151467649,34.04649747102957],[125.14593789932229,34.05268204007868],[125.12104098843382,34.07736610831596],[125.11124640145441,34.094859666337335],[125.1027796432067,34.09593208714411]]],[[[125.29335304382465,34.392870844464504],[125.29971943359479,34.383275204521404],[125.31002408316185,34.38024573318375],[125.31313428240693,34.39131461606307],[125.3018511768056,34.396643111997214],[125.29335304382465,34.392870844464504]]],[[[125.4795021717096,34.655203879485654],[125.46490573603593,34.65662464605136],[125.45535718173261,34.64773623621236],[125.46674920143207,34.6409301383036],[125.4795021717096,34.655203879485654]]],[[[125.39529070292394,34.69741696921378],[125.38060760184506,34.68544537649127],[125.36021808119914,34.6747236106962],[125.37069332756502,34.66574353863391],[125.3937025575056,34.690754746225686],[125.39529070292394,34.69741696921378]]],[[[125.44219472845555,34.70045257209402],[125.41296713340166,34.698538751821204],[125.40779075349819,34.685568471603155],[125.39806452277435,34.677014663272494],[125.38638882512068,34.653951653807425],[125.384525564683,34.643799367982965],[125.39294556119694,34.6282328215267],[125.41378096962359,34.62244941237404],[125.41475021173166,34.638524728841944],[125.43027766745915,34.64372891192395],[125.42744335554242,34.658701768670525],[125.4449085498944,34.662875843881245],[125.44808727634258,34.680559022079656],[125.46099913935666,34.6812849506218],[125.46539767214772,34.69341790324587],[125.44219472845555,34.70045257209402]]],[[[125.207129282535,34.685292675339454],[125.21546383559112,34.70522110886647],[125.21310967987606,34.71549455160753],[125.1993010432915,34.7107477970673],[125.19195083557535,34.68652094600264],[125.17834690747011,34.68311942537316],[125.17596658598504,34.67220338565731],[125.18847932709521,34.664093500122654],[125.1937815674399,34.67938281404406],[125.207129282535,34.685292675339454]]],[[[125.45552214377783,34.743289367592276],[125.45392727722411,34.71984266803624],[125.4773415673453,34.72914513304991],[125.45552214377783,34.743289367592276]]],[[[125.99707698374039,34.63056497121244],[125.99488544689399,34.620724345568505],[126.00298723490658,34.60863637241614],[126.01050617541136,34.616612276265286],[126.00392104786708,34.63069180010805],[125.99707698374039,34.63056497121244]]],[[[125.96910620467924,34.63854080683001],[125.96159760449396,34.645035349142525],[125.94621503384603,34.63433702475377],[125.96010362943412,34.623343656775205],[125.97751074325738,34.618875860356056],[125.97938473629544,34.627939684319905],[125.96910620467924,34.63854080683001]]],[[[126.04874301860038,34.65934821988452],[126.03851801625815,34.65836935098365],[126.02821770475754,34.64690873421842],[126.02852249213313,34.636483698714116],[126.00984280806013,34.63136721429716],[126.01647761800123,34.61708092934394],[126.01047766957305,34.60640203304736],[126.02643635899857,34.592909110324605],[126.01481840515416,34.5858848290033],[126.01947336199542,34.56358998224682],[126.05481031908725,34.5675685760113],[126.06532199857293,34.58294248765908],[126.0565484575448,34.60264168402536],[126.0402728121367,34.60518161102047],[126.03740081559022,34.61488075688108],[126.05133609886516,34.64077867943187],[126.04874301860038,34.65934821988452]]],[[[126.08141764960862,34.68856430996762],[126.06463403853074,34.68472639836293],[126.06368540337701,34.65493246569197],[126.06984878908598,34.64342542691615],[126.07909252047105,34.643389686542626],[126.0865139953323,34.668992221838046],[126.08141764960862,34.68856430996762]]],[[[126.08325554590978,34.613711481568146],[126.07873627078986,34.62450594005748],[126.06523584483477,34.6351574142849],[126.0491973395219,34.62892534011109],[126.04785379691447,34.60846007011545],[126.06394729883587,34.60795941434547],[126.06757359925182,34.59398951901024],[126.08036293851566,34.57825978694523],[126.06481702080642,34.56135503520605],[126.04604214944999,34.56553513709374],[126.03800200066027,34.557363270362494],[126.04449427447106,34.546522154687956],[126.03847785075604,34.53794921637267],[126.05736858435661,34.53080049746589],[126.06268760334932,34.536485414499715],[126.08665969828994,34.54630876313382],[126.08558000934585,34.55451364847253],[126.10230433935777,34.558859320355126],[126.09615177089849,34.57386426576531],[126.11111378657799,34.589414132083334],[126.0991527784101,34.59674213801434],[126.10337380567584,34.604931797841324],[126.08325554590978,34.613711481568146]]],[[[126.14745011743487,34.673992580714064],[126.11743999716015,34.66437681414525],[126.10815807669421,34.64662248480665],[126.12816606380242,34.62009833542663],[126.16190625983798,34.6160530978601],[126.19077821151949,34.63218382531608],[126.18439463290065,34.66241333827591],[126.17106885444402,34.664371244588004],[126.14745011743487,34.673992580714064]]],[[[126.19930446852281,34.694896332248604],[126.1955783887274,34.70589943561471],[126.15950537050645,34.69347916233537],[126.16089396231858,34.68004877961051],[126.1811477533655,34.67272006322661],[126.19663166196533,34.68339150215555],[126.19930446852281,34.694896332248604]]],[[[126.05629664375707,34.763006889548734],[126.04108907338565,34.760112530394096],[126.05130011071665,34.75024758627457],[126.05629664375707,34.763006889548734]]],[[[126.0812405810572,34.77888831171747],[126.06791300833615,34.771986570259],[126.06960035414285,34.76314237641804],[126.08002259995516,34.75302120686874],[126.07287382238732,34.74701664969818],[126.06764465828934,34.71705520861209],[126.07392715331582,34.708092740922716],[126.09230401408196,34.704661029059835],[126.10888046843213,34.69606285376348],[126.11994161163032,34.6827125458561],[126.14544846084323,34.68629455701512],[126.15420221283111,34.69655636627983],[126.17297267049432,34.70059565210517],[126.19017295227243,34.71159206111582],[126.19627887951827,34.71945305948519],[126.19368527294928,34.73184665146838],[126.18643980365012,34.735028588978736],[126.17537360261859,34.74923487181376],[126.1629118805662,34.758330182778735],[126.13837508967093,34.75839572429361],[126.13070216802602,34.76259131371665],[126.12396408328195,34.77580358676142],[126.09679048040454,34.77135450998662],[126.0812405810572,34.77888831171747]]],[[[126.17027547132221,34.803226743851425],[126.16556955472406,34.82097340486521],[126.1564911761803,34.82322355329852],[126.13517192756117,34.8009454758036],[126.11631119819916,34.79275207293576],[126.09983818392195,34.792556549419984],[126.0915531544665,34.78560086483031],[126.09954444804461,34.77765534059996],[126.12346289783807,34.77950564270837],[126.13575643533697,34.762332854367635],[126.17503004958857,34.762232670235406],[126.1754378004524,34.78488607478189],[126.16951279466112,34.78902382156519],[126.17027547132221,34.803226743851425]]],[[[126.05092699954326,34.82280991125554],[126.05662333001563,34.8090240785536],[126.07293746410487,34.81178539448357],[126.05092699954326,34.82280991125554]]],[[[126.1157912094031,34.88217297809498],[126.10902745192008,34.8683764636528],[126.11613064342602,34.85820100871643],[126.10827613835644,34.85013931774786],[126.08672047456822,34.86086924230473],[126.07531718323501,34.85121752702954],[126.05837046659074,34.84959376486328],[126.07657550062365,34.8273078987661],[126.09059187962134,34.814992785403184],[126.09561229302577,34.802693359401516],[126.11437199501643,34.80042199948143],[126.12264480984949,34.81044779396278],[126.11461334178209,34.8252683305964],[126.12460067171678,34.83590206656789],[126.13956711143295,34.835001477565854],[126.15103848125514,34.845434408119964],[126.13478387759113,34.85288161817025],[126.13530019090965,34.86230214013055],[126.14991419915184,34.85876637479553],[126.15715512484941,34.866426265783254],[126.140830953256,34.87811822234547],[126.1157912094031,34.88217297809498]]]]},"properties":{"code":"46910","name":"신안군","sido":"전라남도","code2018":"36480"}},{"type":"Feature","geometry":{"type":"Polygon","coordinates":[[[127.08517586353595,35.72843271377292],[127.0954160212355,35.73732255527227],[127.10316764834712,35.75250116415131],[127.11587013788001,35.7494315019819],[127.13666324017993,35.76096784814401],[127.14630333631065,35.75949517345073],[127.14893231277644,35.7731804711757],[127.16033178865476,35.78170249762704],[127.19939818835967,35.77607401421658],[127.19969223435052,35.78603377802696],[127.22821631035733,35.80879579115468],[127.2311045004752,35.81850756398529],[127.21949914026618,35.819867097144986],[127.20853964863113,35.8291967163085],[127.21021695885314,35.84119146648995],[127.19811706221958,35.8568634658193],[127.16922204473089,35.855008183855354],[127.14789970350357,35.890143146953505],[127.1363738988335,35.90046486322745],[127.1276265198109,35.90149468910588],[127.08699359621627,35.893554686069116],[127.06420778955301,35.89897890942292],[127.05262293170385,35.89207861486991],[127.03722528579397,35.893458957871935],[127.02818875270421,35.8978298460289],[127.00032375719292,35.892784525866205],[126.99787186837042,35.88370434047208],[127.0065506394369,35.87670646249079],[127.00553289941594,35.86203825249945],[127.01619787152947,35.85922797885597],[127.02466145644374,35.864705282084635],[127.03408394697105,35.85073036030936],[127.04985264893037,35.85180810142384],[127.0585539643302,35.83295868792216],[127.05094320315203,35.82864497952427],[127.06553249440545,35.81853318787292],[127.06591072141485,35.79076002328564],[127.07435019225403,35.77519026577553],[127.05954551688096,35.7584191183675],[127.07051259148284,35.742228594611],[127.08517586353595,35.72843271377292]]]},"properties":{"code":"52110","name":"전주시","sido":"전북특별자치도","code2018":null}},{"type":"Feature","geometry":{"type":"MultiPolygon","coordinates":[[[[126.73480075993174,36.00085091024236],[126.72540841158252,35.99508961045427],[126.70411629047955,35.999688591025325],[126.68011032928744,35.99928536867935],[126.6664443505322,35.98406109520175],[126.64278984200837,35.97888713094239],[126.60910341222393,35.97853456236506],[126.55109220782462,35.97504188181021],[126.52113928246187,35.97101863901757],[126.52566018936695,35.93437797181067],[126.54942777366348,35.94314319502352],[126.59507651494734,35.94750120505017],[126.61495284920593,35.94267423957913],[126.61037761700328,35.91660471351826],[126.61474786219456,35.89105307288972],[126.63069691983434,35.885696767348705],[126.66767112637741,35.88342544434358],[126.67638834736762,35.89465645299458],[126.69913318450975,35.89373767872151],[126.72500479673118,35.88577288413868],[126.73633549570486,35.89157450056296],[126.76998974467178,35.88900540433468],[126.78414629003419,35.90236945890734],[126.80914282002047,35.90842998794397],[126.82812293602684,35.90678406561132],[126.83728387269865,35.911564942714904],[126.85360476710817,35.91678891038589],[126.86076291408862,35.9188894286198],[126.88098428584614,35.938315747571615],[126.88183291677119,35.947247649966116],[126.89374481161065,35.955116825999596],[126.88521132128382,35.960849339475516],[126.90289807259357,35.97205117671972],[126.91522282047994,35.99675769834338],[126.91368206593224,36.005573550547],[126.90101370612629,36.00786082035316],[126.8840094164521,36.026119148685794],[126.87030477397114,36.03282676435561],[126.86358231645985,36.060569587961034],[126.82970329967527,36.046903525081824],[126.8133338321874,36.03557338037518],[126.79766783182956,36.03077483436653],[126.7752689317108,36.031637310961685],[126.74868151264613,36.02354345586943],[126.73480075993174,36.00085091024236]]],[[[126.44056857683631,35.806100845982556],[126.43178067396599,35.80226253470821],[126.42122354516403,35.806810534816634],[126.41343118620144,35.79867160476313],[126.42512055778755,35.793115067452405],[126.44056857683631,35.806100845982556]]],[[[126.49064655398558,35.84698785457356],[126.49096277996979,35.83820302156225],[126.47560598392273,35.822408926085615],[126.44423278591914,35.83168379603622],[126.44478658654755,35.823303400197666],[126.45730864858012,35.8145012246713],[126.47034436484972,35.81074334798805],[126.49656682633065,35.833184740959915],[126.50045032278034,35.844221566204446],[126.49064655398558,35.84698785457356]]],[[[126.55710985059572,36.04469367054582],[126.54394482614131,36.04447306625921],[126.54071199687134,36.03725713731169],[126.55687825439085,36.02988955840248],[126.55710985059572,36.04469367054582]]],[[[125.98404750145747,36.12317971939444],[125.96653767962013,36.1248372560471],[125.97342629590788,36.1120162122678],[125.99341459726655,36.11160858756547],[125.99489875474565,36.12245258483593],[125.98404750145747,36.12317971939444]]]]},"properties":{"code":"52130","name":"군산시","sido":"전북특별자치도","code2018":"35020"}},{"type":"Feature","geometry":{"type":"Polygon","coordinates":[[[127.03722528579397,35.893458957871935],[127.02972125034836,35.918545317947675],[127.0430605664452,35.925837033260834],[127.06617548923012,35.91579517423347],[127.08059840296616,35.92149431664943],[127.09232948399483,35.93098500278491],[127.09457779698506,35.940336191981054],[127.10640724643899,35.960415021824495],[127.10733889387114,35.99552904408088],[127.12516179422589,36.005465556792295],[127.11765126176553,36.031003423197426],[127.1401007246876,36.05710782533456],[127.12990853375827,36.06564613057486],[127.122900428152,36.063192114220755],[127.10178415639466,36.07570214114121],[127.09092847831327,36.07197329130809],[127.06139778280482,36.093487192775314],[127.05778132795031,36.11715543055416],[127.06057783649923,36.11983800272294],[127.04407650907433,36.14518879984034],[127.03002247598774,36.136705651782435],[127.01791828065005,36.1452918813713],[127.00344718003811,36.1491380401925],[126.99018097340796,36.14499500011829],[126.95697608852244,36.156419564095806],[126.94337863738254,36.15332029506012],[126.92339270761323,36.139332170030286],[126.90491953306707,36.14355277332351],[126.89231893759742,36.14072817545878],[126.88406119975349,36.132490326748616],[126.87327819944814,36.112931948475214],[126.87489906112205,36.091504001993655],[126.87011944056164,36.06925418613725],[126.86358231645985,36.060569587961034],[126.87030477397114,36.03282676435561],[126.8840094164521,36.026119148685794],[126.90101370612629,36.00786082035316],[126.91368206593224,36.005573550547],[126.91522282047994,35.99675769834338],[126.90289807259357,35.97205117671972],[126.88521132128382,35.960849339475516],[126.89374481161065,35.955116825999596],[126.88183291677119,35.947247649966116],[126.88098428584614,35.938315747571615],[126.86076291408862,35.9188894286198],[126.85360476710817,35.91678891038589],[126.86261373633897,35.90526965951786],[126.8920862703143,35.91509659793071],[126.90572465488451,35.90531507730489],[126.9178172804569,35.90572321181831],[126.93838455126156,35.91273111981887],[126.95348042413474,35.909029689542976],[126.97214397763368,35.89788484860158],[126.98682093110642,35.8966501753688],[126.99787186837042,35.88370434047208],[127.00032375719292,35.892784525866205],[127.02818875270421,35.8978298460289],[127.03722528579397,35.893458957871935]]]},"properties":{"code":"52140","name":"익산시","sido":"전북특별자치도","code2018":"35030"}},{"type":"Feature","geometry":{"type":"Polygon","coordinates":[[[126.86869217100137,35.461388959784685],[126.86062609204743,35.47369053964351],[126.86190741318688,35.48031289201085],[126.88170627775392,35.48332164351144],[126.91342202124034,35.476495457672684],[126.92263393636287,35.48260260585962],[126.93563594068316,35.48158395973174],[126.92957528276489,35.519805809523646],[126.97906525551188,35.55565912193597],[126.99261554403121,35.536924685140555],[127.01533908190508,35.54535320711948],[127.0286778232878,35.531731167137295],[127.04999383273687,35.521057235944966],[127.05505371984023,35.50919726136183],[127.0670621332784,35.51620378547733],[127.08790554282534,35.50804827771315],[127.08648577187327,35.519582943110514],[127.10643399939826,35.53454778660332],[127.10774773974488,35.542642103960326],[127.08744038018514,35.549125719431046],[127.09270667044049,35.56703914628252],[127.0829266046853,35.584405214847536],[127.09672292639515,35.587254125115365],[127.10422892680992,35.59483753362186],[127.09220810278495,35.61221572984885],[127.09359570963221,35.62144314995272],[127.09387618476437,35.63321222503224],[127.08028592476249,35.65890876288211],[127.08246785166854,35.66616188694379],[127.0641246887525,35.67771999784244],[127.06072305927607,35.67043603379869],[127.04182153805365,35.66598206705079],[127.02121770271131,35.66920384949115],[126.99198647263911,35.691180181924935],[126.99286164529968,35.699482585752754],[126.98156178544119,35.714187178418015],[126.96813041048605,35.72106874277739],[126.95088642621451,35.72478913721072],[126.93386593262233,35.72031828224173],[126.91693835654053,35.743806284155966],[126.89076180433673,35.754281244502],[126.8811266352399,35.74009430485934],[126.86707812018066,35.72783612668136],[126.84674478607151,35.72799882246092],[126.82527451796449,35.71430641452326],[126.83951714016742,35.697730453927974],[126.82724546375077,35.67998943574333],[126.81572748987296,35.6830794574798],[126.80578586555121,35.67579577200962],[126.79803597753421,35.68462654376415],[126.78818689291231,35.67497367148204],[126.7718167056373,35.68484944868784],[126.76540489150352,35.67379832360585],[126.74395067506325,35.666734453833215],[126.72523532259264,35.64395670640231],[126.72019606875972,35.598561883273405],[126.72542061132184,35.59366398320451],[126.71846693105283,35.57956136238457],[126.72169593133111,35.57302897188287],[126.73925543077375,35.56744603881619],[126.75349950537714,35.573376097937114],[126.76405062194834,35.570509056340676],[126.76092792336574,35.555730930139354],[126.76608471459814,35.549374805793654],[126.7612023095152,35.532895715054174],[126.7737114275182,35.524258119265],[126.75955739159133,35.51542586504669],[126.76956345137522,35.50854093376874],[126.76515717297626,35.49240299880814],[126.77251960116996,35.46837906838677],[126.81357380788494,35.468847317303464],[126.81396336477084,35.48294246231825],[126.82612675025241,35.48630146133217],[126.84313705222975,35.47598695575126],[126.85061670216128,35.46597918687715],[126.86869217100137,35.461388959784685]]]},"properties":{"code":"52180","name":"정읍시","sido":"전북특별자치도","code2018":"35040"}},{"type":"Feature","geometry":{"type":"Polygon","coordinates":[[[127.62041644185827,35.332326954469835],[127.62286233227857,35.343948600020134],[127.61212332967311,35.355946202678766],[127.61025408770702,35.365790354950384],[127.62239577903036,35.37320209954012],[127.62524890020566,35.38475060225872],[127.63542009083224,35.39981938348405],[127.64644657812282,35.40266417281567],[127.65936132035938,35.41409173164251],[127.66533861913595,35.42717934434366],[127.66939742862972,35.44734043932947],[127.64507321943923,35.449510140557116],[127.63570102432699,35.462305817019626],[127.63721836022526,35.47892691083904],[127.65272223866066,35.48566975931955],[127.64186529978875,35.50505846061007],[127.62440312898308,35.52789818222985],[127.62575651782389,35.532073680981966],[127.58540555531327,35.55458610896887],[127.57306598819217,35.545652619215076],[127.56838678768119,35.524996021958756],[127.57860305758724,35.51612371279672],[127.57923276647685,35.50380325182186],[127.57431329920176,35.49469233516163],[127.5635982086666,35.4884741660211],[127.56215535456701,35.474819956897164],[127.54650444314373,35.46801780139203],[127.52483412459341,35.47322963450994],[127.51603448031625,35.48067214436698],[127.5269774424171,35.48635180602603],[127.52718739426204,35.495290533385564],[127.51593879603844,35.498801253330726],[127.51299847461382,35.507333382425095],[127.49123426652291,35.52695121838293],[127.49254197789269,35.53377307986759],[127.45686550706579,35.54628650221174],[127.42613537395219,35.55019463597575],[127.41306417567323,35.5601925462118],[127.40245078334343,35.54844200285258],[127.37765535181457,35.54828482477118],[127.36347234808841,35.55822991484588],[127.33458593659097,35.54874823370392],[127.3489866998888,35.54041363632563],[127.34316889551759,35.52031827065973],[127.35469578887344,35.51230543811897],[127.35624552937,35.50025574207794],[127.33220920983483,35.492367472219726],[127.31040709648946,35.49389290645683],[127.30865960555225,35.47766021890416],[127.31447220614072,35.46627280569608],[127.29789020201063,35.444922368844956],[127.29376224717262,35.42982714414959],[127.2756930372474,35.4211491645608],[127.25970330276964,35.42676954843786],[127.25155568808017,35.416313444906514],[127.24542731639589,35.39856181576497],[127.22543531641684,35.398327077443284],[127.20504809698988,35.360622283298035],[127.1973332271054,35.36436651033712],[127.18719451260802,35.34466435395483],[127.1860981696332,35.33619446944956],[127.18710717149794,35.3223645134977],[127.20087804957903,35.31580161999344],[127.21484546236402,35.316167570507865],[127.21602062897475,35.32910904053449],[127.22265181685326,35.33670428125536],[127.26043929001082,35.31163058390051],[127.28854181751454,35.31415027929449],[127.30855869827614,35.30312866467915],[127.3241115725148,35.30646127830687],[127.33387435288897,35.31536123750783],[127.35618790088145,35.32125713866802],[127.37723767799045,35.31074810335591],[127.3844510762062,35.30327636997462],[127.39932327795846,35.312902201853376],[127.40154740974971,35.32510247162462],[127.4154956133895,35.33728147773582],[127.4313225302281,35.359531884612906],[127.45421364589076,35.36072776566614],[127.47057638504084,35.36593969069999],[127.48610471803408,35.358366439004314],[127.50141328196517,35.358826027756535],[127.53053683497689,35.33728267828974],[127.55460942652003,35.32234366448942],[127.56815175001621,35.31828588909182],[127.57744981030764,35.308958991688115],[127.58566739688816,35.309144005446676],[127.60550975646643,35.31896257332157],[127.62041644185827,35.332326954469835]]]},"properties":{"code":"52190","name":"남원시","sido":"전북특별자치도","code2018":"35050"}},{"type":"Feature","geometry":{"type":"Polygon","coordinates":[[[127.06591072141485,35.79076002328564],[127.05542503707998,35.79135095937142],[127.02905569689011,35.80252657349343],[127.01994669202641,35.79991891874001],[126.9982151894831,35.815162509462326],[126.99465002643349,35.82931766452534],[127.0096691574685,35.846630744744445],[127.00553289941594,35.86203825249945],[127.0065506394369,35.87670646249079],[126.99787186837042,35.88370434047208],[126.98682093110642,35.8966501753688],[126.97214397763368,35.89788484860158],[126.95348042413474,35.909029689542976],[126.93838455126156,35.91273111981887],[126.9178172804569,35.90572321181831],[126.90572465488451,35.90531507730489],[126.8920862703143,35.91509659793071],[126.86261373633897,35.90526965951786],[126.85360476710817,35.91678891038589],[126.83728387269865,35.911564942714904],[126.82535594930876,35.89850910499252],[126.80089990544514,35.89375091521946],[126.79862132106256,35.87353359822084],[126.78798157787541,35.864912544127705],[126.73097428572075,35.86665120936904],[126.71987234080184,35.86000421473031],[126.69728974446002,35.85476227177576],[126.6852972629938,35.843913617117046],[126.69930066651303,35.83990430834649],[126.72258025840951,35.82773437679116],[126.73315872674603,35.81860740252489],[126.77683783945753,35.80148786248296],[126.76782433348805,35.78533539214783],[126.7767447801163,35.76639866989876],[126.77723058000228,35.757646392147244],[126.79273996437416,35.753535130811315],[126.80820901159166,35.73393032059366],[126.81271308801115,35.71582840420277],[126.82527451796449,35.71430641452326],[126.84674478607151,35.72799882246092],[126.86707812018066,35.72783612668136],[126.8811266352399,35.74009430485934],[126.89076180433673,35.754281244502],[126.91693835654053,35.743806284155966],[126.93386593262233,35.72031828224173],[126.95088642621451,35.72478913721072],[126.96813041048605,35.72106874277739],[126.98156178544119,35.714187178418015],[126.99286164529968,35.699482585752754],[126.99198647263911,35.691180181924935],[127.02121770271131,35.66920384949115],[127.04182153805365,35.66598206705079],[127.06072305927607,35.67043603379869],[127.0641246887525,35.67771999784244],[127.06833134084549,35.69463047219248],[127.06041539613145,35.70187962710845],[127.07180607788865,35.717855114201015],[127.08517586353595,35.72843271377292],[127.07051259148284,35.742228594611],[127.05954551688096,35.7584191183675],[127.07435019225403,35.77519026577553],[127.06591072141485,35.79076002328564]]]},"properties":{"code":"52210","name":"김제시","sido":"전북특별자치도","code2018":"35060"}},{"type":"Feature","geometry":{"type":"MultiPolygon","coordinates":[[[[127.00553289941594,35.86203825249945],[127.0096691574685,35.846630744744445],[126.99465002643349,35.82931766452534],[126.9982151894831,35.815162509462326],[127.01994669202641,35.79991891874001],[127.02905569689011,35.80252657349343],[127.05542503707998,35.79135095937142],[127.06591072141485,35.79076002328564],[127.06553249440545,35.81853318787292],[127.05094320315203,35.82864497952427],[127.0585539643302,35.83295868792216],[127.04985264893037,35.85180810142384],[127.03408394697105,35.85073036030936],[127.02466145644374,35.864705282084635],[127.01619787152947,35.85922797885597],[127.00553289941594,35.86203825249945]]],[[[127.08517586353595,35.72843271377292],[127.07180607788865,35.717855114201015],[127.06041539613145,35.70187962710845],[127.06833134084549,35.69463047219248],[127.0641246887525,35.67771999784244],[127.08246785166854,35.66616188694379],[127.08028592476249,35.65890876288211],[127.09387618476437,35.63321222503224],[127.09359570963221,35.62144314995272],[127.10627512375405,35.61953742845141],[127.13552648105302,35.64680064566864],[127.12698148760977,35.65722403094582],[127.12508688876666,35.689645502188],[127.13906683981097,35.69968622307871],[127.13865891019144,35.71800731090565],[127.15977912374481,35.72396882427233],[127.17707398043767,35.737710828704365],[127.2045216923873,35.72441311825202],[127.20953486566222,35.709303674602644],[127.22395597076257,35.71172177909947],[127.2412159449964,35.697870021924054],[127.24217633071078,35.687074618513186],[127.25949304910971,35.69308478332022],[127.25162179116651,35.7189112360246],[127.25626570498387,35.73282339112785],[127.24444714793707,35.756262757424444],[127.26476149754238,35.77761591650647],[127.27080086958864,35.77796495915964],[127.27358849635391,35.78882258470658],[127.30320121633693,35.80084385517674],[127.29551816298097,35.808666708427026],[127.29753958867941,35.81781722616427],[127.308404794844,35.82271729207309],[127.3128594380221,35.84197484876054],[127.32562327820827,35.85995896570715],[127.32469187832116,35.871434009807814],[127.33333771715624,35.87491279465327],[127.33261208676272,35.90791433249556],[127.34810018690744,35.914014735438],[127.35060596944308,35.94868305835431],[127.34418262315383,35.95976320814245],[127.3437674959772,35.98045247516474],[127.36397102567682,35.99178446630204],[127.36221407441148,36.011161259072445],[127.3778306990583,36.022815850302074],[127.37307858492082,36.04352423849077],[127.36114258289822,36.05330618933252],[127.35724400459843,36.083155630156725],[127.36000147685245,36.089507303123625],[127.34789244891132,36.09838843717301],[127.35497228128548,36.10831042169298],[127.34444297986285,36.11807272943305],[127.33848155674458,36.13049332741605],[127.3229991813415,36.13008586091514],[127.31438074585327,36.11863492596818],[127.3023653335331,36.12544752719573],[127.29447067507361,36.11296655821123],[127.27347952434658,36.10756590473319],[127.25161206357157,36.11226288817958],[127.24626089138795,36.09478193381942],[127.23536717161957,36.093851363299045],[127.20546770319058,36.10053574772755],[127.19610153614639,36.085938538108145],[127.17939046289112,36.094180248823605],[127.16868434301696,36.08393777391097],[127.15125190756373,36.08992063187333],[127.13716331519623,36.08684851259203],[127.12990853375827,36.06564613057486],[127.1401007246876,36.05710782533456],[127.11765126176553,36.031003423197426],[127.12516179422589,36.005465556792295],[127.10733889387114,35.99552904408088],[127.10640724643899,35.960415021824495],[127.09457779698506,35.940336191981054],[127.09232948399483,35.93098500278491],[127.08059840296616,35.92149431664943],[127.06617548923012,35.91579517423347],[127.0430605664452,35.925837033260834],[127.02972125034836,35.918545317947675],[127.03722528579397,35.893458957871935],[127.05262293170385,35.89207861486991],[127.06420778955301,35.89897890942292],[127.08699359621627,35.893554686069116],[127.1276265198109,35.90149468910588],[127.1363738988335,35.90046486322745],[127.14789970350357,35.890143146953505],[127.16922204473089,35.855008183855354],[127.19811706221958,35.8568634658193],[127.21021695885314,35.84119146648995],[127.20853964863113,35.8291967163085],[127.21949914026618,35.819867097144986],[127.2311045004752,35.81850756398529],[127.22821631035733,35.80879579115468],[127.19969223435052,35.78603377802696],[127.19939818835967,35.77607401421658],[127.16033178865476,35.78170249762704],[127.14893231277644,35.7731804711757],[127.14630333631065,35.75949517345073],[127.13666324017993,35.76096784814401],[127.11587013788001,35.7494315019819],[127.10316764834712,35.75250116415131],[127.0954160212355,35.73732255527227],[127.08517586353595,35.72843271377292]]]]},"properties":{"code":"52710","name":"완주군","sido":"전북특별자치도","code2018":"35310"}},{"type":"Feature","geometry":{"type":"Polygon","coordinates":[[[127.27080086958864,35.77796495915964],[127.26557439488849,35.76245538299543],[127.27610361237019,35.753005952680944],[127.293587511679,35.71731932166691],[127.29079308555181,35.68617333853154],[127.30632571170027,35.684839544031156],[127.31571275587909,35.67876598036046],[127.32742463006198,35.660819052112245],[127.35713771182829,35.66912809026305],[127.36266966945794,35.6628136868773],[127.37712958409662,35.66423537257019],[127.37874086739123,35.65396221266488],[127.3926803507359,35.651833831982366],[127.43222408875363,35.636420868540384],[127.43599083900715,35.62185752007256],[127.45373740075149,35.61882845305535],[127.46856025401723,35.6214989788266],[127.46663113923536,35.63791377419339],[127.47793512948647,35.65912417758797],[127.45993856788434,35.673267972129985],[127.46489081183972,35.69337463920291],[127.47781132773929,35.70326694318985],[127.47564505759617,35.71490591990634],[127.4951263320279,35.736878247409756],[127.5225490559653,35.75385679447523],[127.51321195161675,35.7703345103724],[127.5134080301981,35.799101779859654],[127.52223810333531,35.81166055495073],[127.53578424470975,35.813313848821466],[127.5436178566805,35.80641002873046],[127.55651332757867,35.8046301047579],[127.57219732349049,35.793937533315194],[127.59278143388973,35.80178606495801],[127.60262623250512,35.81184782793289],[127.60710534323752,35.83019732023321],[127.61979864883207,35.83969658570965],[127.62170154245061,35.84900905203865],[127.61640401017559,35.85974679269862],[127.59910023463881,35.872330959246426],[127.59769414883588,35.88072610342477],[127.58264138421255,35.87568999846326],[127.57566144906605,35.882911020606116],[127.58384737638185,35.89621784909863],[127.58286281796624,35.90294405410474],[127.563321800448,35.92284588920839],[127.5549011391569,35.922864076589256],[127.54834685615131,35.93278032327629],[127.55451280577442,35.94640994214383],[127.52473169935618,35.98556944083446],[127.5058163469391,35.98035543410807],[127.49911788601635,35.98748056802047],[127.4876067932177,35.978015326367135],[127.46822324155436,35.987744194879966],[127.4559754464542,35.98378423762079],[127.44816576647209,35.9934484478356],[127.43729573201568,36.020510343558286],[127.4262660304355,36.026466880112494],[127.40114531548213,36.00790053404408],[127.39186399651926,36.01715461598285],[127.3778306990583,36.022815850302074],[127.36221407441148,36.011161259072445],[127.36397102567682,35.99178446630204],[127.3437674959772,35.98045247516474],[127.34418262315383,35.95976320814245],[127.35060596944308,35.94868305835431],[127.34810018690744,35.914014735438],[127.33261208676272,35.90791433249556],[127.33333771715624,35.87491279465327],[127.32469187832116,35.871434009807814],[127.32562327820827,35.85995896570715],[127.3128594380221,35.84197484876054],[127.308404794844,35.82271729207309],[127.29753958867941,35.81781722616427],[127.29551816298097,35.808666708427026],[127.30320121633693,35.80084385517674],[127.27358849635391,35.78882258470658],[127.27080086958864,35.77796495915964]]]},"properties":{"code":"52720","name":"진안군","sido":"전북특별자치도","code2018":"35320"}},{"type":"Feature","geometry":{"type":"Polygon","coordinates":[[[127.88760998455497,35.91457892082827],[127.8822188272738,35.92773825433797],[127.90646446605308,35.94056687042684],[127.9114665190962,35.94945009265632],[127.90401860103694,35.95451813369671],[127.89373915191116,35.98446831508694],[127.87881815955636,36.00131098632912],[127.87692624777289,36.02244194484872],[127.86532455538837,36.0250656038994],[127.85342052844096,36.03905364246061],[127.82581173308688,36.03273587587025],[127.81874312094118,36.02802249869283],[127.79762376931522,36.0249656465319],[127.7878526799305,36.01424896298778],[127.76470501732238,36.012082012052026],[127.76239067785498,36.02480365160327],[127.72510448426848,36.027512549450094],[127.71365634097167,36.03536480861169],[127.69646685221458,36.04119862704586],[127.69672489579274,36.05621678706178],[127.68921917311803,36.06254808505796],[127.67081114841135,36.0519178122572],[127.67262006326149,36.041312500891976],[127.66040471923989,36.038067384509624],[127.65502733856313,36.05488549953461],[127.63775557078975,36.068359414614505],[127.6199791556543,36.061289079173825],[127.6187372178012,36.042509495855455],[127.63074032950294,36.04077111690441],[127.6275642556791,36.031438587613486],[127.61626358750978,36.019408373525145],[127.6182732803871,36.008614286263715],[127.61087352011188,36.002186842429055],[127.59150890988649,36.02448736511172],[127.57556540640438,36.02265578732769],[127.56819499920094,36.02974592902352],[127.53792045748928,36.032974631386374],[127.54017993123367,36.01173446040558],[127.53366804786071,35.992107070467156],[127.52473169935618,35.98556944083446],[127.55451280577442,35.94640994214383],[127.54834685615131,35.93278032327629],[127.5549011391569,35.922864076589256],[127.563321800448,35.92284588920839],[127.58286281796624,35.90294405410474],[127.58384737638185,35.89621784909863],[127.57566144906605,35.882911020606116],[127.58264138421255,35.87568999846326],[127.59769414883588,35.88072610342477],[127.59910023463881,35.872330959246426],[127.61640401017559,35.85974679269862],[127.62170154245061,35.84900905203865],[127.61979864883207,35.83969658570965],[127.62082449762539,35.82545231042387],[127.62985175557694,35.81472976168557],[127.65479317307957,35.811592197471214],[127.66332497227003,35.81817246256592],[127.67123886895655,35.8098730385188],[127.68688275592926,35.803878645183616],[127.68828673045694,35.79540910821706],[127.69965428457306,35.78821828878077],[127.71954769843684,35.79740507379477],[127.73865132258089,35.82697018428192],[127.74412194652975,35.844046595359636],[127.75752589849614,35.836717487911834],[127.77215313674503,35.838930187875775],[127.77924233502642,35.847170947685996],[127.80387288273934,35.85717759500797],[127.81273322902096,35.85282880303443],[127.82116695245422,35.8654005525044],[127.840939994171,35.8668711261375],[127.85298995810088,35.88121513520215],[127.85074569538584,35.890052192063195],[127.8671951160896,35.90411481148189],[127.88760998455497,35.91457892082827]]]},"properties":{"code":"52730","name":"무주군","sido":"전북특별자치도","code2018":"35330"}},{"type":"Feature","geometry":{"type":"Polygon","coordinates":[[[127.67903345117071,35.7692696630321],[127.69965428457306,35.78821828878077],[127.68828673045694,35.79540910821706],[127.68688275592926,35.803878645183616],[127.67123886895655,35.8098730385188],[127.66332497227003,35.81817246256592],[127.65479317307957,35.811592197471214],[127.62985175557694,35.81472976168557],[127.62082449762539,35.82545231042387],[127.61979864883207,35.83969658570965],[127.60710534323752,35.83019732023321],[127.60262623250512,35.81184782793289],[127.59278143388973,35.80178606495801],[127.57219732349049,35.793937533315194],[127.55651332757867,35.8046301047579],[127.5436178566805,35.80641002873046],[127.53578424470975,35.813313848821466],[127.52223810333531,35.81166055495073],[127.5134080301981,35.799101779859654],[127.51321195161675,35.7703345103724],[127.5225490559653,35.75385679447523],[127.4951263320279,35.736878247409756],[127.47564505759617,35.71490591990634],[127.47781132773929,35.70326694318985],[127.46489081183972,35.69337463920291],[127.45993856788434,35.673267972129985],[127.47793512948647,35.65912417758797],[127.46663113923536,35.63791377419339],[127.46856025401723,35.6214989788266],[127.45373740075149,35.61882845305535],[127.43599083900715,35.62185752007256],[127.42569253038653,35.61464523710294],[127.3999617317546,35.61279398940597],[127.38680782780929,35.61493169758237],[127.37461354158242,35.60814252371494],[127.37208453720483,35.58668799044485],[127.37911450919212,35.57745151885113],[127.36471000783533,35.56859407008436],[127.36347234808841,35.55822991484588],[127.37765535181457,35.54828482477118],[127.40245078334343,35.54844200285258],[127.41306417567323,35.5601925462118],[127.42613537395219,35.55019463597575],[127.45686550706579,35.54628650221174],[127.49254197789269,35.53377307986759],[127.49123426652291,35.52695121838293],[127.51299847461382,35.507333382425095],[127.51593879603844,35.498801253330726],[127.52718739426204,35.495290533385564],[127.5269774424171,35.48635180602603],[127.51603448031625,35.48067214436698],[127.52483412459341,35.47322963450994],[127.54650444314373,35.46801780139203],[127.56215535456701,35.474819956897164],[127.5635982086666,35.4884741660211],[127.57431329920176,35.49469233516163],[127.57923276647685,35.50380325182186],[127.57860305758724,35.51612371279672],[127.56838678768119,35.524996021958756],[127.57306598819217,35.545652619215076],[127.58540555531327,35.55458610896887],[127.59458787723459,35.57336078476448],[127.61058764364043,35.58486175063386],[127.60756564432653,35.5947739079146],[127.61240376679073,35.60695428042107],[127.62113360342015,35.615007197070206],[127.635467698344,35.618472047016816],[127.62008256031062,35.642721015603534],[127.63893467757377,35.66989455110218],[127.64209483317855,35.69276827749041],[127.6607739402095,35.709747912943065],[127.66343600518692,35.72475985394751],[127.66030358001788,35.73839969601531],[127.66226077894214,35.76099497349269],[127.66595188530032,35.769726401497905],[127.67903345117071,35.7692696630321]]]},"properties":{"code":"52740","name":"장수군","sido":"전북특별자치도","code2018":"35340"}},{"type":"Feature","geometry":{"type":"Polygon","coordinates":[[[127.08790554282534,35.50804827771315],[127.11085736102248,35.50900005182245],[127.1271558912377,35.503417907125474],[127.14209590935643,35.47641449912387],[127.14432636295501,35.461783700024895],[127.17738706347039,35.46422039986315],[127.17718011929391,35.47465602854586],[127.19458291140097,35.48638499570625],[127.21659089579977,35.489905365405576],[127.22804602753759,35.4788138563135],[127.24443878236136,35.48444982280818],[127.27453329107998,35.47342744573737],[127.28418613549846,35.479132895750254],[127.29520444790629,35.47508633609924],[127.30865960555225,35.47766021890416],[127.31040709648946,35.49389290645683],[127.33220920983483,35.492367472219726],[127.35624552937,35.50025574207794],[127.35469578887344,35.51230543811897],[127.34316889551759,35.52031827065973],[127.3489866998888,35.54041363632563],[127.33458593659097,35.54874823370392],[127.36347234808841,35.55822991484588],[127.36471000783533,35.56859407008436],[127.37911450919212,35.57745151885113],[127.37208453720483,35.58668799044485],[127.37461354158242,35.60814252371494],[127.38680782780929,35.61493169758237],[127.3999617317546,35.61279398940597],[127.42569253038653,35.61464523710294],[127.43599083900715,35.62185752007256],[127.43222408875363,35.636420868540384],[127.3926803507359,35.651833831982366],[127.37874086739123,35.65396221266488],[127.37712958409662,35.66423537257019],[127.36266966945794,35.6628136868773],[127.35713771182829,35.66912809026305],[127.32742463006198,35.660819052112245],[127.31571275587909,35.67876598036046],[127.30632571170027,35.684839544031156],[127.29079308555181,35.68617333853154],[127.293587511679,35.71731932166691],[127.27610361237019,35.753005952680944],[127.26557439488849,35.76245538299543],[127.27080086958864,35.77796495915964],[127.26476149754238,35.77761591650647],[127.24444714793707,35.756262757424444],[127.25626570498387,35.73282339112785],[127.25162179116651,35.7189112360246],[127.25949304910971,35.69308478332022],[127.24217633071078,35.687074618513186],[127.2412159449964,35.697870021924054],[127.22395597076257,35.71172177909947],[127.20953486566222,35.709303674602644],[127.2045216923873,35.72441311825202],[127.17707398043767,35.737710828704365],[127.15977912374481,35.72396882427233],[127.13865891019144,35.71800731090565],[127.13906683981097,35.69968622307871],[127.12508688876666,35.689645502188],[127.12698148760977,35.65722403094582],[127.13552648105302,35.64680064566864],[127.10627512375405,35.61953742845141],[127.09359570963221,35.62144314995272],[127.09220810278495,35.61221572984885],[127.10422892680992,35.59483753362186],[127.09672292639515,35.587254125115365],[127.0829266046853,35.584405214847536],[127.09270667044049,35.56703914628252],[127.08744038018514,35.549125719431046],[127.10774773974488,35.542642103960326],[127.10643399939826,35.53454778660332],[127.08648577187327,35.519582943110514],[127.08790554282534,35.50804827771315]]]},"properties":{"code":"52750","name":"임실군","sido":"전북특별자치도","code2018":"35350"}},{"type":"Feature","geometry":{"type":"Polygon","coordinates":[[[127.09667151335886,35.30173719833104],[127.1156801534839,35.29955304603124],[127.1298592026166,35.30925463328332],[127.14657202073901,35.315414800077015],[127.16789823153442,35.33169948447017],[127.1860981696332,35.33619446944956],[127.18719451260802,35.34466435395483],[127.1973332271054,35.36436651033712],[127.20504809698988,35.360622283298035],[127.22543531641684,35.398327077443284],[127.24542731639589,35.39856181576497],[127.25155568808017,35.416313444906514],[127.25970330276964,35.42676954843786],[127.2756930372474,35.4211491645608],[127.29376224717262,35.42982714414959],[127.29789020201063,35.444922368844956],[127.31447220614072,35.46627280569608],[127.30865960555225,35.47766021890416],[127.29520444790629,35.47508633609924],[127.28418613549846,35.479132895750254],[127.27453329107998,35.47342744573737],[127.24443878236136,35.48444982280818],[127.22804602753759,35.4788138563135],[127.21659089579977,35.489905365405576],[127.19458291140097,35.48638499570625],[127.17718011929391,35.47465602854586],[127.17738706347039,35.46422039986315],[127.14432636295501,35.461783700024895],[127.14209590935643,35.47641449912387],[127.1271558912377,35.503417907125474],[127.11085736102248,35.50900005182245],[127.08790554282534,35.50804827771315],[127.0670621332784,35.51620378547733],[127.05505371984023,35.50919726136183],[127.04999383273687,35.521057235944966],[127.0286778232878,35.531731167137295],[127.01533908190508,35.54535320711948],[126.99261554403121,35.536924685140555],[126.97906525551188,35.55565912193597],[126.92957528276489,35.519805809523646],[126.93563594068316,35.48158395973174],[126.92263393636287,35.48260260585962],[126.91342202124034,35.476495457672684],[126.88170627775392,35.48332164351144],[126.86190741318688,35.48031289201085],[126.86062609204743,35.47369053964351],[126.86869217100137,35.461388959784685],[126.88400119243174,35.450989778185274],[126.89484365559927,35.448481479946174],[126.9019591090789,35.42277276826109],[126.92066709070274,35.410892454189835],[126.91959960987842,35.4019725286734],[126.93275771239794,35.395148326040285],[126.96337194263192,35.39476465181726],[126.97446175291553,35.399906467775374],[126.97039407062732,35.42743045158014],[126.99791655547382,35.446106492086194],[126.99962130461299,35.46109234792672],[127.0144303059035,35.45745403164557],[127.03462769738933,35.465801800109766],[127.0373212621203,35.43340889671514],[127.05230311016003,35.426858238121554],[127.04221854590287,35.398911621896005],[127.0302137462322,35.39046430282543],[127.04643477088855,35.37694224030909],[127.05664458013037,35.38437410751259],[127.07027850345123,35.36612182589625],[127.06495348910705,35.3364856357378],[127.05212001801209,35.33991142317074],[127.04670638426806,35.31818605469023],[127.06131946281089,35.3172160034805],[127.09667151335886,35.30173719833104]]]},"properties":{"code":"52770","name":"순창군","sido":"전북특별자치도","code2018":"35360"}},{"type":"Feature","geometry":{"type":"Polygon","coordinates":[[[126.64473425322905,35.319865237484784],[126.65952623508171,35.33456213390599],[126.66673476136123,35.35154762029113],[126.68198292526522,35.34715292591582],[126.69923583475841,35.34968241212998],[126.70458172982374,35.36511310631844],[126.72267812304341,35.36724017003356],[126.73119593700739,35.376780939515506],[126.72960652211347,35.39449248974886],[126.74443305657869,35.40929450481632],[126.75182555555328,35.42297912535076],[126.74787370633258,35.45032792218097],[126.75675628985728,35.46078360260346],[126.77251960116996,35.46837906838677],[126.76515717297626,35.49240299880814],[126.76956345137522,35.50854093376874],[126.75955739159133,35.51542586504669],[126.7737114275182,35.524258119265],[126.7612023095152,35.532895715054174],[126.76608471459814,35.549374805793654],[126.76092792336574,35.555730930139354],[126.76405062194834,35.570509056340676],[126.75349950537714,35.573376097937114],[126.73925543077375,35.56744603881619],[126.72169593133111,35.57302897188287],[126.70243267322064,35.57451191656925],[126.69221684241224,35.56944858834026],[126.67224789237173,35.5713957400731],[126.66461145453134,35.55490530583976],[126.64789777070264,35.56966597824291],[126.63193712074292,35.57269949169172],[126.61704051065,35.56953028976582],[126.61045702987735,35.554961712580166],[126.59535107713519,35.53614163352848],[126.58975500161665,35.542071425003314],[126.56512690752757,35.54266148276479],[126.54184700830717,35.52740109781626],[126.5193150106044,35.53353590550856],[126.5005952195855,35.52434895594047],[126.49575947721843,35.511544389453604],[126.48341496196826,35.51928272282745],[126.4736811194741,35.50630283980583],[126.46235879447926,35.48441010656872],[126.44208459455085,35.45365765318093],[126.42903750060827,35.43805769256706],[126.447567236087,35.4298060953062],[126.47871146451979,35.42422587704254],[126.49162886899252,35.41129916354356],[126.49050615497305,35.39521002206704],[126.48158109388177,35.38562512793295],[126.49750259989645,35.372347426572055],[126.49528748619477,35.36263238429949],[126.50776275950116,35.361402249018646],[126.52023500607018,35.34978945262154],[126.51761976168574,35.33409449514657],[126.52325638145211,35.315442759391125],[126.53118546030142,35.3074719320713],[126.55094840781462,35.313602234450016],[126.57321537713659,35.309641866650225],[126.58493871738897,35.30080071583229],[126.58964877683671,35.31197523358017],[126.58134316001374,35.322894381843504],[126.60399659705318,35.3355817878185],[126.62506672872489,35.32133705859936],[126.64473425322905,35.319865237484784]]]},"properties":{"code":"52790","name":"고창군","sido":"전북특별자치도","code2018":"35370"}},{"type":"Feature","geometry":{"type":"MultiPolygon","coordinates":[[[[126.82527451796449,35.71430641452326],[126.81271308801115,35.71582840420277],[126.80820901159166,35.73393032059366],[126.79273996437416,35.753535130811315],[126.77723058000228,35.757646392147244],[126.77115353795085,35.77113168592861],[126.75229935801607,35.785187909348075],[126.72828892955013,35.79410239263784],[126.6992617512014,35.79943923867343],[126.64299004355787,35.7976944038039],[126.63234726930645,35.80040540643064],[126.62263158707651,35.78870011205005],[126.62687769209369,35.748644898044816],[126.6115460194658,35.736825525946266],[126.60122145905315,35.71956456357739],[126.57056702534143,35.69513340672078],[126.56088549969148,35.69871768581129],[126.53895815446381,35.68997746873539],[126.52741135250231,35.676652586837214],[126.50038866341208,35.657360584162014],[126.48427765129517,35.655609455882576],[126.47660180754549,35.64334239085469],[126.4613016791673,35.63809730631991],[126.46861716435373,35.62831785977209],[126.46065433515923,35.61370334256023],[126.47051696914511,35.60281846918997],[126.48417726860758,35.59802256495199],[126.49171329617234,35.58597013958393],[126.50672483604082,35.5812288561659],[126.5297556484082,35.579386225928005],[126.54109552908338,35.58801194579942],[126.56009976983812,35.585430808110594],[126.5752496228536,35.59013673043659],[126.61715900159862,35.584953935789535],[126.6360371996132,35.593419919414366],[126.6595145682897,35.58958851439136],[126.67224789237173,35.5713957400731],[126.69221684241224,35.56944858834026],[126.70243267322064,35.57451191656925],[126.72169593133111,35.57302897188287],[126.71846693105283,35.57956136238457],[126.72542061132184,35.59366398320451],[126.72019606875972,35.598561883273405],[126.72523532259264,35.64395670640231],[126.74395067506325,35.666734453833215],[126.76540489150352,35.67379832360585],[126.7718167056373,35.68484944868784],[126.78818689291231,35.67497367148204],[126.79803597753421,35.68462654376415],[126.80578586555121,35.67579577200962],[126.81572748987296,35.6830794574798],[126.82724546375077,35.67998943574333],[126.83951714016742,35.697730453927974],[126.82527451796449,35.71430641452326]]],[[[126.30426134723074,35.621695880703065],[126.28411392026773,35.614140704976236],[126.2833071371598,35.604014024821815],[126.27289025702704,35.59889867748442],[126.26492525522653,35.58851658518909],[126.25409432312732,35.589898451081176],[126.25676194355678,35.574593567057676],[126.27533643785804,35.57784366864602],[126.31117369472261,35.60461632604631],[126.31548830499443,35.610997615022434],[126.30426134723074,35.621695880703065]]]]},"properties":{"code":"52800","name":"부안군","sido":"전북특별자치도","code2018":"35380"}},{"type":"Feature","geometry":{"type":"MultiPolygon","coordinates":[[[[126.16816992377238,33.28161544491027],[126.1759641744442,33.29231960234567],[126.20166554391155,33.295856869197],[126.23027555782238,33.28382275758683],[126.24328333962794,33.28497567431281],[126.25430684567431,33.292979461525654],[126.26880883147496,33.29633151719414],[126.28491781862081,33.312785356125005],[126.30280563608214,33.322299725891995],[126.32381731241696,33.326350409951864],[126.33606091298158,33.33923587144979],[126.36885936728032,33.3415742167563],[126.37491246693908,33.34675964786861],[126.4003620481431,33.34377042918998],[126.41806896535284,33.337753891411744],[126.43201455083438,33.33860595519978],[126.43801229590863,33.35326951902333],[126.44540313519359,33.3585615255491],[126.46622321325383,33.35817930656367],[126.48984648459556,33.35455267635793],[126.49867386641853,33.35921180453363],[126.53798251418249,33.362762300572186],[126.5510740001468,33.372037122104025],[126.58103842716773,33.37129577475932],[126.60194828815699,33.38042733645281],[126.61966687329448,33.38493071110508],[126.63335511023331,33.394033216435105],[126.64922367220282,33.39483218497849],[126.66532041994994,33.40224379956827],[126.68626957138325,33.39976009621726],[126.68815719611206,33.40961216895946],[126.7068269332009,33.42181708751728],[126.73211102845582,33.42544431637319],[126.74422143724057,33.418111149662444],[126.75747114848173,33.41823536551221],[126.78869446360244,33.441514659096825],[126.79667532894389,33.4404315670259],[126.82180355144737,33.446641003519964],[126.8291834951103,33.453984296232825],[126.85432932449092,33.463201609210245],[126.88776732439649,33.481493208874355],[126.90323538722211,33.483343440013336],[126.91056258013069,33.48678947104376],[126.9159279575358,33.50159239611497],[126.90756282386809,33.511675653416475],[126.90751555444311,33.52091624617172],[126.89245967140187,33.52894093146783],[126.8669151825767,33.53090420406724],[126.85750259460116,33.52699800233788],[126.83013633339287,33.54727162047914],[126.82791655676974,33.56009910756971],[126.81617683395234,33.56164677643168],[126.79980530253432,33.55695085194133],[126.78049424827857,33.56647933400113],[126.76203196675702,33.565425715009034],[126.7608784088406,33.56043882827574],[126.74021738941063,33.55920488439321],[126.72883569540714,33.56248688843996],[126.71756622272929,33.556313972960325],[126.67527536567928,33.55268753506623],[126.665735373686,33.54443701957028],[126.64709506916167,33.55604204161418],[126.6270371921113,33.54008034563783],[126.59737071439703,33.53776955632276],[126.58158833358564,33.527178565531166],[126.57478122640121,33.529372438555825],[126.55840807212272,33.522710195716236],[126.5445035842261,33.52338631693575],[126.5397380770155,33.53081275524188],[126.52778632390533,33.51955063533447],[126.51416532099242,33.516528969512464],[126.49539172004694,33.52170562681869],[126.48005915793067,33.51002855382526],[126.46826545675854,33.510597879902264],[126.44286654025963,33.49856798473481],[126.41974483932385,33.492720523442856],[126.39834506151236,33.484026411042564],[126.38263446496319,33.488223116552504],[126.36839718013512,33.47885495518543],[126.3597421235176,33.4800862178099],[126.3354825335904,33.466930714829],[126.3133102237843,33.469796723328336],[126.30503030649008,33.451488987483934],[126.26160139583153,33.437518395050596],[126.25855346300614,33.415334538693315],[126.24094070239775,33.4014830265741],[126.23206835258942,33.3909501040462],[126.22216424282705,33.39126602557632],[126.21266078073295,33.37664673518266],[126.19998993883407,33.36621548792895],[126.17995046238555,33.3597294661031],[126.17768684984732,33.34725118022304],[126.16725678087849,33.346374710769105],[126.16119623302065,33.32386800297654],[126.16584737898658,33.29903794231811],[126.15927109307334,33.29230176470029],[126.16816992377238,33.28161544491027]]],[[[126.34265647451683,33.95456042325046],[126.30288075934496,33.95011777230453],[126.31622009628569,33.94095750149199],[126.34194901126476,33.94587748867332],[126.34265647451683,33.95456042325046]]],[[[126.95834981259961,33.515405817900714],[126.95542763235595,33.52570902091504],[126.94076113964492,33.50668416794839],[126.94748043458625,33.49280094842838],[126.96397466462211,33.48889089577135],[126.97148417148703,33.498399670658216],[126.96608092010244,33.51495369511734],[126.95834981259961,33.515405817900714]]]]},"properties":{"code":"50110","name":"제주시","sido":"제주특별자치도","code2018":"39010"}},{"type":"Feature","geometry":{"type":"MultiPolygon","coordinates":[[[[126.16816992377238,33.28161544491027],[126.17958531921354,33.261877338037756],[126.19982643730326,33.24592522149347],[126.21925853287644,33.241792319574024],[126.23245841775754,33.234474255649204],[126.24936270280891,33.213115142967574],[126.26240587462564,33.20957341669934],[126.26020117154683,33.20064034797286],[126.26907312617062,33.194040927593406],[126.29194898390635,33.20417845013709],[126.30260735051617,33.226648731144245],[126.3198519202338,33.23809499980685],[126.36069441903103,33.234099081405375],[126.36975354505826,33.22866900646567],[126.38461876116337,33.231478640979226],[126.41254628928289,33.244058948067476],[126.43124992773353,33.231902916339635],[126.45043678849169,33.24004388988875],[126.47031300260934,33.222525081849675],[126.48846407196588,33.22993641311241],[126.5091920629719,33.23002424576387],[126.52085174452668,33.24069272247275],[126.53392629877936,33.23805011261064],[126.55075173501655,33.24107979604075],[126.56465898365705,33.23345178762239],[126.5720149632807,33.24418699186525],[126.58928081304208,33.242886674210006],[126.59670768438778,33.23598194676559],[126.62005081691878,33.24312989536079],[126.6201371779073,33.249557626935804],[126.6403228826734,33.25698221546667],[126.64215140907918,33.26575468163707],[126.65322789937557,33.269313589395416],[126.69856491698297,33.270303027875876],[126.73229975925045,33.278599150877056],[126.74539851612235,33.278058084295],[126.769537814445,33.29984078087336],[126.78074374797633,33.30687686063703],[126.79128182979349,33.30221390560887],[126.80852908735801,33.301385659169355],[126.81926445884146,33.307344207397556],[126.83432106291563,33.30806102386804],[126.84823062435746,33.319860259055865],[126.84466253105577,33.33333229991723],[126.8570525650627,33.33810979274448],[126.87017002475821,33.35492419168643],[126.86808604438289,33.36366054477178],[126.88482549355844,33.3841685380335],[126.90713176331317,33.39119274114873],[126.9034249200923,33.40307356876772],[126.91615483086383,33.42474795320609],[126.93211455697936,33.42234975472759],[126.93713034096626,33.42918057085655],[126.9227434062125,33.44541597291524],[126.94014521997077,33.46228509094649],[126.93627828116226,33.473810953815494],[126.91731115561059,33.4752498825313],[126.91469628727101,33.47563517075851],[126.90323538722211,33.483343440013336],[126.88776732439649,33.481493208874355],[126.85432932449092,33.463201609210245],[126.8291834951103,33.453984296232825],[126.82180355144737,33.446641003519964],[126.79667532894389,33.4404315670259],[126.78869446360244,33.441514659096825],[126.75747114848173,33.41823536551221],[126.74422143724057,33.418111149662444],[126.73211102845582,33.42544431637319],[126.7068269332009,33.42181708751728],[126.68815719611206,33.40961216895946],[126.68626957138325,33.39976009621726],[126.66532041994994,33.40224379956827],[126.64922367220282,33.39483218497849],[126.63335511023331,33.394033216435105],[126.61966687329448,33.38493071110508],[126.60194828815699,33.38042733645281],[126.58103842716773,33.37129577475932],[126.5510740001468,33.372037122104025],[126.53798251418249,33.362762300572186],[126.49867386641853,33.35921180453363],[126.48984648459556,33.35455267635793],[126.46622321325383,33.35817930656367],[126.44540313519359,33.3585615255491],[126.43801229590863,33.35326951902333],[126.43201455083438,33.33860595519978],[126.41806896535284,33.337753891411744],[126.4003620481431,33.34377042918998],[126.37491246693908,33.34675964786861],[126.36885936728032,33.3415742167563],[126.33606091298158,33.33923587144979],[126.32381731241696,33.326350409951864],[126.30280563608214,33.322299725891995],[126.28491781862081,33.312785356125005],[126.26880883147496,33.29633151719414],[126.25430684567431,33.292979461525654],[126.24328333962794,33.28497567431281],[126.23027555782238,33.28382275758683],[126.20166554391155,33.295856869197],[126.1759641744442,33.29231960234567],[126.16816992377238,33.28161544491027]]],[[[126.27037685989993,33.16123441560167],[126.28021850392764,33.167434551684984],[126.27497440437888,33.17542489189161],[126.26261939027277,33.16909293745598],[126.27037685989993,33.16123441560167]]]]},"properties":{"code":"50130","name":"서귀포시","sido":"제주특별자치도","code2018":"39020"}},{"type":"Feature","geometry":{"type":"Polygon","coordinates":[[[127.28562590652612,36.69093404883944],[127.30811728413921,36.70502091061972],[127.30844850782353,36.72131091335078],[127.3169724631989,36.72481578977743],[127.32830309867772,36.734555161972985],[127.3401801485879,36.73183597538898],[127.33575160828346,36.752568100052734],[127.35882590631203,36.760684968689205],[127.38717852607998,36.75947365433084],[127.38882891309869,36.753312401621045],[127.40464203146662,36.74493933431449],[127.41197209906072,36.7572668018218],[127.41958251506634,36.75757293301889],[127.4125238137605,36.77184331602733],[127.39502742360997,36.7844732865297],[127.4017031654982,36.79526871295945],[127.38167912083603,36.813790065439726],[127.36658109140889,36.81685061602588],[127.35583803767402,36.8284728746005],[127.33298592931318,36.831481317625546],[127.33627136963482,36.85464296250633],[127.31232651543843,36.85754496737595],[127.30975493132703,36.881162860813674],[127.29061225616182,36.89226966193235],[127.27287304997334,36.8867440062522],[127.24887097656256,36.87113575896658],[127.23317278050868,36.86632858579726],[127.22385429061366,36.849103029690475],[127.2119953870844,36.847084047771034],[127.1969884065832,36.85281309395449],[127.18048136315039,36.841967855410665],[127.17219293038643,36.845824142182686],[127.14998092426586,36.824589350002384],[127.14581161422333,36.80352480953752],[127.13321889896244,36.80981151436081],[127.12479190174376,36.789041438854724],[127.11331607015552,36.78470034249305],[127.11908509702735,36.7657700502721],[127.1031369469149,36.75791298066511],[127.08849067045125,36.74640987446516],[127.08115331708126,36.73300550972014],[127.08435587448064,36.72248342278036],[127.07896919702512,36.709987727149915],[127.05847533259211,36.70831037887328],[127.02659092081906,36.68669927778031],[127.01602266904055,36.67185573751006],[127.00952647603629,36.65608751224065],[127.02522865686774,36.65597642772217],[127.0540695281402,36.651323694578565],[127.0585383336193,36.64540851352472],[127.08668353712348,36.64168975196394],[127.09341759178238,36.653755657831006],[127.10884583585172,36.65892162753096],[127.12856914487764,36.6513115225009],[127.14053492891533,36.64289189617561],[127.1505582399218,36.62042878624475],[127.15794555669345,36.635171208901916],[127.15303588141391,36.645039554141455],[127.1594023489221,36.65594683141634],[127.15476839136683,36.664864927301664],[127.16440129979566,36.67834108505827],[127.16086613025666,36.6919891295455],[127.1424688780043,36.69113289677923],[127.13619392574822,36.70483927985554],[127.1528745485181,36.72830955907034],[127.16652546109964,36.73350129920794],[127.2029216097686,36.72617528145413],[127.20507975236724,36.72032578497255],[127.23608541353825,36.707358094126185],[127.24580881280117,36.695818612283034],[127.25966896911329,36.69253350287335],[127.2737391061961,36.695176606453664],[127.28562590652612,36.69093404883944]]]},"properties":{"code":"44131","name":"천안시동남구","sido":"충청남도","code2018":"34011"}},{"type":"Feature","geometry":{"type":"Polygon","coordinates":[[[127.07393472561634,36.93839318738575],[127.08911763793144,36.92134564746851],[127.09421876721426,36.91115981750561],[127.08649845989486,36.901936124101105],[127.09187975395409,36.893519863185645],[127.086509834794,36.87595474224876],[127.09068106332498,36.860752508735736],[127.10947321437675,36.85754265978189],[127.1099308708,36.84939064569142],[127.0981193420269,36.83969651723748],[127.10164198711797,36.82214099512906],[127.09670300587823,36.8144216948955],[127.09705039157551,36.798608121838434],[127.11110038852544,36.7971158008823],[127.11331607015552,36.78470034249305],[127.12479190174376,36.789041438854724],[127.13321889896244,36.80981151436081],[127.14581161422333,36.80352480953752],[127.14998092426586,36.824589350002384],[127.17219293038643,36.845824142182686],[127.18048136315039,36.841967855410665],[127.1969884065832,36.85281309395449],[127.2119953870844,36.847084047771034],[127.22385429061366,36.849103029690475],[127.23317278050868,36.86632858579726],[127.24887097656256,36.87113575896658],[127.27287304997334,36.8867440062522],[127.29061225616182,36.89226966193235],[127.289801866995,36.8938188003222],[127.27175931683911,36.91330880978378],[127.2440184977727,36.91740455051251],[127.2202078911625,36.9303012445027],[127.20189088793852,36.952114776584835],[127.19011197699335,36.95285822726445],[127.17233803466289,36.963193480389634],[127.16505017987032,36.962018999936106],[127.14430057523515,36.97151191417936],[127.13346567736758,36.96531620440967],[127.11949890893676,36.96912796526028],[127.11051745618634,36.97000214186629],[127.07393472561634,36.93839318738575]]]},"properties":{"code":"44133","name":"천안시서북구","sido":"충청남도","code2018":"34012"}},{"type":"Feature","geometry":{"type":"Polygon","coordinates":[[[127.28231470262878,36.41453730462398],[127.26549267255807,36.41717474690516],[127.25079566419382,36.40675835257603],[127.24225926355231,36.41861554858763],[127.22564315613198,36.42229475426228],[127.21770738995892,36.43373753933099],[127.20569863613576,36.4365723983893],[127.19839944662611,36.452206717105945],[127.20473347031805,36.45929025054558],[127.19474762846151,36.46875959922054],[127.1904819780574,36.47947098040882],[127.19467546940622,36.489593554939304],[127.17687680580985,36.49252957401574],[127.17824749678138,36.499876126387576],[127.17001846888749,36.509037876211906],[127.18198581843956,36.52190833810269],[127.17266844268539,36.53614364718076],[127.19378768128777,36.564812524795485],[127.20310708274128,36.56745436590393],[127.20791495257721,36.57873175078612],[127.19295612987199,36.58175031539345],[127.17858120020978,36.59690315663144],[127.15559470532158,36.60614085321765],[127.1505582399218,36.62042878624475],[127.14053492891533,36.64289189617561],[127.12856914487764,36.6513115225009],[127.10884583585172,36.65892162753096],[127.09341759178238,36.653755657831006],[127.08668353712348,36.64168975196394],[127.0585383336193,36.64540851352472],[127.0540695281402,36.651323694578565],[127.02522865686774,36.65597642772217],[127.00952647603629,36.65608751224065],[126.99268234495864,36.64865689775887],[126.97896392935586,36.653232717285555],[126.97819504193419,36.66125647533598],[126.96776022736287,36.679429236344184],[126.9574272058316,36.67193341215333],[126.95833884303498,36.6552677311991],[126.94823069048807,36.640911875999464],[126.94514730899057,36.628290618001174],[126.93585711112128,36.6218560211405],[126.92523694332014,36.58757946437483],[126.90986074294577,36.56645350092821],[126.89899903380055,36.5589587925296],[126.89906772322854,36.55079268985192],[126.88996754267153,36.54132650467272],[126.89379295460276,36.52654297988543],[126.88391437941783,36.51148148818862],[126.89411868744185,36.502894836493006],[126.8943556983195,36.47851305156434],[126.91390649934016,36.46469196066494],[126.9160281917779,36.45559646020519],[126.93027299160721,36.45501727183093],[126.95535641205763,36.46695213832281],[126.97599823893802,36.4663807300644],[126.99840272038986,36.45937454882566],[127.0076338030904,36.45114567838902],[127.00797806520224,36.43835841200794],[127.01798228074296,36.434134330202134],[127.02372963927272,36.42406268142181],[127.01532445475009,36.418247239054054],[127.02781474599858,36.404443252087134],[127.01626333142123,36.38920113750979],[126.994696404849,36.37562165815844],[126.98915145202365,36.368914740122605],[126.98824415304851,36.350064165476205],[126.97575315044399,36.33548957639561],[126.98537166146401,36.337164390129864],[126.99659286384144,36.327790845490085],[126.98667287716752,36.30704864429288],[126.99565821513093,36.29770897418642],[127.01402136175727,36.296598679167644],[127.0275155592048,36.28191159277839],[127.03896079440337,36.283570030507605],[127.06578732435133,36.277009868579285],[127.0672639681593,36.29432686205371],[127.0778136007596,36.296294863637236],[127.08414860085843,36.31228183732667],[127.104584891202,36.334958705402215],[127.1151769676976,36.329965943195255],[127.11873088464787,36.32023815909927],[127.13060471466076,36.31819525699432],[127.14312380366259,36.306924724669294],[127.15601839124596,36.31420516023606],[127.1593665343378,36.322309051209416],[127.19578187836552,36.333995878936555],[127.20936341283854,36.347930450470955],[127.24046206159171,36.34660409405984],[127.25341773507954,36.33699451656487],[127.25975117607548,36.32721053472398],[127.27788863807257,36.34893418009638],[127.2708728526755,36.36107905584424],[127.28098858958607,36.374818841664926],[127.2785897207938,36.396805701550704],[127.28231470262878,36.41453730462398]]]},"properties":{"code":"44150","name":"공주시","sido":"충청남도","code2018":"34020"}},{"type":"Feature","geometry":{"type":"MultiPolygon","coordinates":[[[[126.48895081670335,36.51774647800527],[126.47342109069605,36.50325343375248],[126.48249630490893,36.45272637589417],[126.49102386898664,36.445959165588604],[126.49696546495186,36.42700620272975],[126.48785368856264,36.4125366919987],[126.47919620675447,36.385233987669714],[126.48657858815051,36.38139105392665],[126.50910388395742,36.38022501716239],[126.55166444861216,36.34802172105999],[126.5442200234379,36.339524438050965],[126.516257867749,36.33211665343102],[126.50301660748329,36.32304659242287],[126.51905899823124,36.29736819165915],[126.5274789981182,36.29688041886245],[126.54641856817979,36.26887679076507],[126.54681046032098,36.26349484871675],[126.53034383327719,36.23932732158341],[126.52955498475343,36.22157071901449],[126.5381653676816,36.20946778568269],[126.53652848296326,36.20018435374496],[126.56594308846921,36.18796815669124],[126.58471380449858,36.17572612382031],[126.60920242145781,36.17177784366809],[126.65632980431411,36.18120909305698],[126.66670746545198,36.176162501431754],[126.69234884700843,36.19033023926208],[126.69915864736288,36.202594130546665],[126.71555155379589,36.21853990770107],[126.71486441541373,36.22878330911255],[126.73197394292615,36.237231404100235],[126.73722414641385,36.254266041922634],[126.69640815851605,36.267557998063644],[126.69484863665939,36.28311880146281],[126.68769027404515,36.292517306693334],[126.6942358153194,36.298839145295574],[126.68035688445737,36.31348747726806],[126.68549070132731,36.33373435501725],[126.69600997131052,36.33628694889006],[126.70410449857536,36.350547558597384],[126.70423701044216,36.36698844235429],[126.72474905182857,36.37475402517427],[126.7104916771653,36.38883110053403],[126.70944677003855,36.40045332986071],[126.6916685572831,36.41041315179295],[126.69155972217399,36.428653490133904],[126.68396897635579,36.436143341615896],[126.68879178733698,36.445675079715514],[126.67723617171333,36.450756148041265],[126.67311754793924,36.46218907226134],[126.65874454444109,36.46028500941193],[126.65299127491768,36.466974754853815],[126.63552566960243,36.465758224145446],[126.63186160079107,36.47584970093535],[126.60045475529749,36.48894577601011],[126.59016849228166,36.50887331125415],[126.56797058854956,36.50129191840587],[126.5433807708687,36.50758635250753],[126.53049166145125,36.517786356268445],[126.51132997216115,36.52217773132356],[126.503694196223,36.529830862825676],[126.48895081670335,36.51774647800527]]],[[[126.37072399801387,36.33523639929807],[126.36061905927845,36.342910352243194],[126.34525133610639,36.340110438476025],[126.3427868914978,36.33215364927042],[126.36032739200176,36.32954703717779],[126.37072399801387,36.33523639929807]]],[[[126.42602962996786,36.3858689163698],[126.38467966714646,36.380152318094964],[126.38304035399392,36.36731160927906],[126.39636994664065,36.367482785313264],[126.43201133698258,36.361049758188706],[126.44450857626967,36.35517287064794],[126.45900485810797,36.35455332433996],[126.4354777651362,36.3794773981236],[126.42602962996786,36.3858689163698]]],[[[126.34105340538069,36.4049480206381],[126.33654260924061,36.40718409597224],[126.32336575353905,36.388419654889766],[126.33931175990121,36.37925309648321],[126.34232284763826,36.38859981600321],[126.35645134405199,36.3995304665654],[126.34105340538069,36.4049480206381]]]]},"properties":{"code":"44180","name":"보령시","sido":"충청남도","code2018":"34030"}},{"type":"Feature","geometry":{"type":"Polygon","coordinates":[[[126.90895914884426,36.904910270218934],[126.91190288403278,36.89041325977962],[126.88064353266425,36.888059851736855],[126.84789691882182,36.87744552387475],[126.8471216633935,36.862758044799946],[126.8416113969732,36.83953083610934],[126.83680124826682,36.834930240621944],[126.8577705507196,36.80288432692907],[126.85468239422205,36.789364301869384],[126.8333510594657,36.7832562237966],[126.83192923601318,36.75977719569355],[126.84007120055666,36.74986871861733],[126.85868464629169,36.74698798848914],[126.86684685085842,36.72943120040114],[126.88666748206941,36.73131958935461],[126.89833503811286,36.722745345275555],[126.90214198990577,36.70219372227912],[126.92181336040495,36.70063073807476],[126.9499536980146,36.703772872352936],[126.96960807756855,36.69074784176529],[126.96776022736287,36.679429236344184],[126.97819504193419,36.66125647533598],[126.97896392935586,36.653232717285555],[126.99268234495864,36.64865689775887],[127.00952647603629,36.65608751224065],[127.01602266904055,36.67185573751006],[127.02659092081906,36.68669927778031],[127.05847533259211,36.70831037887328],[127.07896919702512,36.709987727149915],[127.08435587448064,36.72248342278036],[127.08115331708126,36.73300550972014],[127.08849067045125,36.74640987446516],[127.1031369469149,36.75791298066511],[127.11908509702735,36.7657700502721],[127.11331607015552,36.78470034249305],[127.11110038852544,36.7971158008823],[127.09705039157551,36.798608121838434],[127.09670300587823,36.8144216948955],[127.10164198711797,36.82214099512906],[127.0981193420269,36.83969651723748],[127.1099308708,36.84939064569142],[127.10947321437675,36.85754265978189],[127.09068106332498,36.860752508735736],[127.086509834794,36.87595474224876],[127.09187975395409,36.893519863185645],[127.08649845989486,36.901936124101105],[127.09421876721426,36.91115981750561],[127.08911763793144,36.92134564746851],[127.07393472561634,36.93839318738575],[127.06063869734844,36.939518190119614],[127.03173369240481,36.92833964863846],[127.01585984948298,36.93446097503086],[126.99540570788413,36.93551723595457],[126.97285285638561,36.92621512524931],[126.94323404704777,36.91799763129699],[126.9170599294352,36.90535935369537],[126.90895914884426,36.904910270218934]]]},"properties":{"code":"44200","name":"아산시","sido":"충청남도","code2018":"34040"}},{"type":"Feature","geometry":{"type":"MultiPolygon","coordinates":[[[[126.47678369446048,36.905331115393984],[126.48704927281956,36.93488500605232],[126.48667775124098,36.943850453872614],[126.47797943106171,36.9687364572062],[126.46273954971187,36.992983262525726],[126.45058961730221,37.00602128736084],[126.43173573943695,37.00835205251883],[126.42570669042195,37.01487024359776],[126.40788911443504,37.01202765554332],[126.36918809675741,37.01126886023162],[126.32548879964267,36.9935978380523],[126.33848680777979,36.97503258191113],[126.3340072577139,36.95973813854948],[126.34972840814284,36.96111340303973],[126.3502830524246,36.951883452152536],[126.38068111296045,36.943997172931084],[126.38622854909984,36.92982143100561],[126.3952386874357,36.934653878783664],[126.41663358416378,36.93029544363831],[126.40423035507294,36.91865878647975],[126.40813229917907,36.90879765945176],[126.42719083391394,36.906006834404984],[126.41342463642953,36.89416751342698],[126.39537682803676,36.89301664752722],[126.39782109452638,36.88127053240113],[126.37945054158286,36.882918856061146],[126.3666920230406,36.8797769008325],[126.37029362909654,36.857178325039655],[126.35603568487103,36.84903825686006],[126.36592367028787,36.83405097515426],[126.35485392357553,36.83252020126028],[126.34197841788787,36.84856000134565],[126.3455957781805,36.85832027307786],[126.32743161630577,36.86046926803085],[126.32099751084652,36.837507246889],[126.33442706370043,36.81500536159286],[126.35138796106382,36.796766981479195],[126.35562712419734,36.78051434510835],[126.34501924484213,36.752890807614286],[126.34609701141258,36.721117430062556],[126.34832184855064,36.674405512275726],[126.36090918120344,36.66909872471075],[126.36446538709077,36.626851692982434],[126.37300534610883,36.619389307341514],[126.39472392279005,36.61839164982869],[126.41071700785066,36.60256987586432],[126.4238840973329,36.600275185072995],[126.42962966671763,36.60847255531168],[126.4441466544077,36.64422336849622],[126.44185764562445,36.66704644730387],[126.45345137370334,36.69307333563128],[126.46223921191435,36.68445293232258],[126.46127890038272,36.66457034437521],[126.46789288777867,36.65395282843531],[126.46590999273121,36.643968804861764],[126.5107721358099,36.63080712857773],[126.53513218255911,36.646211899023974],[126.54662565264817,36.64036680286844],[126.56580008528363,36.644486164232305],[126.58924006724101,36.66374128233162],[126.59875241827397,36.67933797377128],[126.59980723671852,36.69669950290627],[126.60895631944256,36.70542938324214],[126.6020638856984,36.71797456771408],[126.61074647511433,36.73210978941409],[126.62803788262788,36.73670089520817],[126.64613988889894,36.75305286591847],[126.653543981658,36.774968012080635],[126.64342480196883,36.79415981215754],[126.6310221746493,36.807141094239185],[126.60073379522059,36.81716145555492],[126.59839149885391,36.83040883440444],[126.5884533304584,36.83657829391096],[126.57687840535931,36.82532479796413],[126.56961248645692,36.828585273434015],[126.54958697541193,36.82422975307095],[126.5288061759519,36.82604067662271],[126.51817004133505,36.835693022955326],[126.50807712198373,36.870375368359106],[126.48353079347932,36.87568840043604],[126.47280632424167,36.88525301778613],[126.47678369446048,36.905331115393984]]],[[[126.32634841859615,36.91617396883405],[126.33022845975171,36.90472996393178],[126.34141248043707,36.89631866323228],[126.34773946622394,36.9050353819646],[126.33352717074682,36.916383719371034],[126.32634841859615,36.91617396883405]]]]},"properties":{"code":"44210","name":"서산시","sido":"충청남도","code2018":"34050"}},{"type":"Feature","geometry":{"type":"Polygon","coordinates":[[[127.27807800236758,36.244069337306655],[127.26678610360375,36.24261105908209],[127.25811973010843,36.23444869145238],[127.24589117522662,36.23198483494219],[127.23905589689792,36.23719295282543],[127.2375124136976,36.25024728134722],[127.2202014663451,36.26231598968513],[127.20292876070022,36.25136945127968],[127.1957526349526,36.27521801408046],[127.20178863900061,36.28543500057718],[127.2053371769077,36.30366814261197],[127.20256742697478,36.322840242626505],[127.19578187836552,36.333995878936555],[127.1593665343378,36.322309051209416],[127.15601839124596,36.31420516023606],[127.14312380366259,36.306924724669294],[127.13060471466076,36.31819525699432],[127.11873088464787,36.32023815909927],[127.1151769676976,36.329965943195255],[127.104584891202,36.334958705402215],[127.08414860085843,36.31228183732667],[127.0778136007596,36.296294863637236],[127.0672639681593,36.29432686205371],[127.06578732435133,36.277009868579285],[127.06975818533148,36.270340941185744],[127.06414395007899,36.2569118757661],[127.03990481632522,36.24582604332788],[127.02960792975662,36.233271457529085],[127.02553552934859,36.22024429091448],[127.01435844747918,36.211086475014895],[126.99511356334405,36.21476470361136],[126.98415433939506,36.20791127743988],[126.98357172646625,36.19223862834593],[126.99754190284901,36.180206863991394],[127.00742288901829,36.162423099258234],[126.9979927851652,36.15901582389755],[127.00344718003811,36.1491380401925],[127.01791828065005,36.1452918813713],[127.03002247598774,36.136705651782435],[127.04407650907433,36.14518879984034],[127.06057783649923,36.11983800272294],[127.05778132795031,36.11715543055416],[127.06139778280482,36.093487192775314],[127.09092847831327,36.07197329130809],[127.10178415639466,36.07570214114121],[127.122900428152,36.063192114220755],[127.12990853375827,36.06564613057486],[127.13716331519623,36.08684851259203],[127.15125190756373,36.08992063187333],[127.16868434301696,36.08393777391097],[127.17939046289112,36.094180248823605],[127.19610153614639,36.085938538108145],[127.20546770319058,36.10053574772755],[127.23536717161957,36.093851363299045],[127.24626089138795,36.09478193381942],[127.25161206357157,36.11226288817958],[127.27347952434658,36.10756590473319],[127.29447067507361,36.11296655821123],[127.3023653335331,36.12544752719573],[127.31438074585327,36.11863492596818],[127.3229991813415,36.13008586091514],[127.32285619483146,36.14603379791768],[127.31846693121368,36.15403332566597],[127.32187397299455,36.16884671756261],[127.33142602140774,36.18431820292709],[127.32150482692153,36.21370473906392],[127.31445083680362,36.22241810700575],[127.29376346653464,36.22312259465035],[127.27807800236758,36.244069337306655]]]},"properties":{"code":"44230","name":"논산시","sido":"충청남도","code2018":"34060"}},{"type":"Feature","geometry":{"type":"Polygon","coordinates":[[[127.29177367810149,36.264190803530624],[127.28100651637669,36.2654081492697],[127.24945943683807,36.28342991968225],[127.2476294225829,36.29164696689301],[127.25921021580594,36.296231696021636],[127.25975117607548,36.32721053472398],[127.25341773507954,36.33699451656487],[127.24046206159171,36.34660409405984],[127.20936341283854,36.347930450470955],[127.19578187836552,36.333995878936555],[127.20256742697478,36.322840242626505],[127.2053371769077,36.30366814261197],[127.20178863900061,36.28543500057718],[127.1957526349526,36.27521801408046],[127.20292876070022,36.25136945127968],[127.2202014663451,36.26231598968513],[127.2375124136976,36.25024728134722],[127.23905589689792,36.23719295282543],[127.24589117522662,36.23198483494219],[127.25811973010843,36.23444869145238],[127.26678610360375,36.24261105908209],[127.27807800236758,36.244069337306655],[127.2820588353684,36.25779371390722],[127.29177367810149,36.264190803530624]]]},"properties":{"code":"44250","name":"계룡시","sido":"충청남도","code2018":"34070"}},{"type":"Feature","geometry":{"type":"MultiPolygon","coordinates":[[[[126.8471216633935,36.862758044799946],[126.83179572758007,36.86195755214686],[126.82647413876253,36.886645799921226],[126.81660117839348,36.896691119108695],[126.81317161450146,36.921595560443585],[126.80218581981961,36.92450428275461],[126.79660443590753,36.94023135403674],[126.780336973701,36.96751396379065],[126.78253313916396,36.975693983183724],[126.71858074534659,36.99305867265796],[126.70462124088328,36.99954892707107],[126.63957536394554,36.99809055807594],[126.6188358593806,37.00458742645196],[126.59807432870672,37.01681809675377],[126.52905312633574,37.043708013423924],[126.51953368806632,37.059394091900735],[126.49830154933063,37.06527290496335],[126.48624810607022,37.051955364904586],[126.45355692488542,37.025600634043606],[126.47913326223572,36.99677170923544],[126.4866013944276,36.98280971668466],[126.48329832125853,36.97012788501692],[126.49006930080647,36.94478800696873],[126.48913829477085,36.9329063974777],[126.47678369446048,36.905331115393984],[126.47280632424167,36.88525301778613],[126.48353079347932,36.87568840043604],[126.50807712198373,36.870375368359106],[126.51817004133505,36.835693022955326],[126.5288061759519,36.82604067662271],[126.54958697541193,36.82422975307095],[126.56961248645692,36.828585273434015],[126.57687840535931,36.82532479796413],[126.5884533304584,36.83657829391096],[126.59839149885391,36.83040883440444],[126.60073379522059,36.81716145555492],[126.6310221746493,36.807141094239185],[126.64342480196883,36.79415981215754],[126.653543981658,36.774968012080635],[126.66494042757678,36.77086766813316],[126.66905316194156,36.78055934175909],[126.69257528983887,36.7840229305321],[126.69646055867054,36.800615157089936],[126.7135990550314,36.80334288551665],[126.72489860208225,36.79841621343283],[126.74300090398138,36.77801519423898],[126.74652259522347,36.7670499885956],[126.75904073714973,36.763363215008134],[126.7643166622638,36.755056170081765],[126.779502944405,36.753925754816734],[126.80688417202656,36.77421141633639],[126.8333510594657,36.7832562237966],[126.85468239422205,36.789364301869384],[126.8577705507196,36.80288432692907],[126.83680124826682,36.834930240621944],[126.8416113969732,36.83953083610934],[126.8471216633935,36.862758044799946]]],[[[126.42897194553326,37.06396793506521],[126.41977552728181,37.06437676278367],[126.42299689461967,37.04051243670438],[126.44347549055865,37.044367499987125],[126.45057365832899,37.05432870652922],[126.42897194553326,37.06396793506521]]]]},"properties":{"code":"44270","name":"당진시","sido":"충청남도","code2018":"34080"}},{"type":"Feature","geometry":{"type":"Polygon","coordinates":[[[127.42235996232613,36.208294868933386],[127.40827470423427,36.21305573965577],[127.40057032300722,36.231817234684264],[127.38788067464492,36.23447257238722],[127.39111688502157,36.2427428889487],[127.38654326630045,36.25273488763872],[127.38880932214092,36.265506879471594],[127.37240870085213,36.27218098800367],[127.36031400293339,36.26405018004283],[127.3645113424395,36.2434781490151],[127.36005068333384,36.22679356468794],[127.36471837183991,36.219968825443004],[127.34773712949043,36.20504313067439],[127.34065820549083,36.18911602165839],[127.33142602140774,36.18431820292709],[127.32187397299455,36.16884671756261],[127.31846693121368,36.15403332566597],[127.32285619483146,36.14603379791768],[127.3229991813415,36.13008586091514],[127.33848155674458,36.13049332741605],[127.34444297986285,36.11807272943305],[127.35497228128548,36.10831042169298],[127.34789244891132,36.09838843717301],[127.36000147685245,36.089507303123625],[127.35724400459843,36.083155630156725],[127.36114258289822,36.05330618933252],[127.37307858492082,36.04352423849077],[127.3778306990583,36.022815850302074],[127.39186399651926,36.01715461598285],[127.40114531548213,36.00790053404408],[127.4262660304355,36.026466880112494],[127.43729573201568,36.020510343558286],[127.44816576647209,35.9934484478356],[127.4559754464542,35.98378423762079],[127.46822324155436,35.987744194879966],[127.4876067932177,35.978015326367135],[127.49911788601635,35.98748056802047],[127.5058163469391,35.98035543410807],[127.52473169935618,35.98556944083446],[127.53366804786071,35.992107070467156],[127.54017993123367,36.01173446040558],[127.53792045748928,36.032974631386374],[127.56819499920094,36.02974592902352],[127.57556540640438,36.02265578732769],[127.59150890988649,36.02448736511172],[127.61087352011188,36.002186842429055],[127.6182732803871,36.008614286263715],[127.61626358750978,36.019408373525145],[127.6275642556791,36.031438587613486],[127.63074032950294,36.04077111690441],[127.6187372178012,36.042509495855455],[127.6199791556543,36.061289079173825],[127.63775557078975,36.068359414614505],[127.63245481946862,36.081954697433375],[127.61815648579987,36.093686314004955],[127.61814535885686,36.1060578286374],[127.60385365739546,36.11710010685177],[127.59020275590923,36.13382996985535],[127.59362936546734,36.15296698027507],[127.601738375603,36.1615873853735],[127.59341974729787,36.17717907064939],[127.59812157028178,36.184352318266455],[127.59283895538184,36.19515463767548],[127.59926980886196,36.204512383898866],[127.59779700271581,36.217413204344005],[127.57913854081134,36.23305753973492],[127.54662003036023,36.230172648185224],[127.54978774820948,36.23832356321361],[127.53248518674152,36.2502195261893],[127.51819561091644,36.24069245865797],[127.49276503953664,36.23809225998161],[127.467124038435,36.222429859620604],[127.46854736192356,36.2147981642281],[127.45325277157659,36.206774522973596],[127.44280915922533,36.19405956763938],[127.42235996232613,36.208294868933386]]]},"properties":{"code":"44710","name":"금산군","sido":"충청남도","code2018":"34310"}},{"type":"Feature","geometry":{"type":"Polygon","coordinates":[[[127.00344718003811,36.1491380401925],[126.9979927851652,36.15901582389755],[127.00742288901829,36.162423099258234],[126.99754190284901,36.180206863991394],[126.98357172646625,36.19223862834593],[126.98415433939506,36.20791127743988],[126.99511356334405,36.21476470361136],[127.01435844747918,36.211086475014895],[127.02553552934859,36.22024429091448],[127.02960792975662,36.233271457529085],[127.03990481632522,36.24582604332788],[127.06414395007899,36.2569118757661],[127.06975818533148,36.270340941185744],[127.06578732435133,36.277009868579285],[127.03896079440337,36.283570030507605],[127.0275155592048,36.28191159277839],[127.01402136175727,36.296598679167644],[126.99565821513093,36.29770897418642],[126.98667287716752,36.30704864429288],[126.99659286384144,36.327790845490085],[126.98537166146401,36.337164390129864],[126.97575315044399,36.33548957639561],[126.95931256589743,36.33204547133269],[126.9437032970678,36.319570641138085],[126.92730484037959,36.31512797372913],[126.91244878165307,36.32717385280766],[126.86629364133198,36.3229451154941],[126.85555033855627,36.3307853083762],[126.86042020740433,36.33753680762733],[126.84339446527437,36.36503002174206],[126.84283958520082,36.37346148714281],[126.85028646056064,36.385278664024646],[126.82947749310726,36.38545452670994],[126.82006208986185,36.37721151702449],[126.80862726202055,36.37659269861325],[126.79497172059561,36.352240760761326],[126.78624391403002,36.35691531749499],[126.765237017695,36.35305038815012],[126.75227214155163,36.356219090410185],[126.73859392245804,36.36644903320984],[126.73474911432452,36.37794551316405],[126.72474905182857,36.37475402517427],[126.70423701044216,36.36698844235429],[126.70410449857536,36.350547558597384],[126.69600997131052,36.33628694889006],[126.68549070132731,36.33373435501725],[126.68035688445737,36.31348747726806],[126.6942358153194,36.298839145295574],[126.68769027404515,36.292517306693334],[126.69484863665939,36.28311880146281],[126.69640815851605,36.267557998063644],[126.73722414641385,36.254266041922634],[126.73197394292615,36.237231404100235],[126.71486441541373,36.22878330911255],[126.71555155379589,36.21853990770107],[126.69915864736288,36.202594130546665],[126.69234884700843,36.19033023926208],[126.69975965616753,36.17984025427827],[126.72186952093976,36.175586091242764],[126.74171586363974,36.183290492399024],[126.75532491341626,36.18100149170278],[126.78114802031996,36.18369109785786],[126.79552106572828,36.179191310012975],[126.79227745993592,36.16707186814644],[126.7956736445041,36.15037893468876],[126.79183238768915,36.14274316597728],[126.8158301641705,36.13514625587504],[126.83979740160201,36.117152201647116],[126.8365651542996,36.09961640844801],[126.84199905660488,36.07968968481183],[126.87011944056164,36.06925418613725],[126.87489906112205,36.091504001993655],[126.87327819944814,36.112931948475214],[126.88406119975349,36.132490326748616],[126.89231893759742,36.14072817545878],[126.90491953306707,36.14355277332351],[126.92339270761323,36.139332170030286],[126.94337863738254,36.15332029506012],[126.95697608852244,36.156419564095806],[126.99018097340796,36.14499500011829],[127.00344718003811,36.1491380401925]]]},"properties":{"code":"44760","name":"부여군","sido":"충청남도","code2018":"34330"}},{"type":"Feature","geometry":{"type":"Polygon","coordinates":[[[126.86358231645985,36.060569587961034],[126.87011944056164,36.06925418613725],[126.84199905660488,36.07968968481183],[126.8365651542996,36.09961640844801],[126.83979740160201,36.117152201647116],[126.8158301641705,36.13514625587504],[126.79183238768915,36.14274316597728],[126.7956736445041,36.15037893468876],[126.79227745993592,36.16707186814644],[126.79552106572828,36.179191310012975],[126.78114802031996,36.18369109785786],[126.75532491341626,36.18100149170278],[126.74171586363974,36.183290492399024],[126.72186952093976,36.175586091242764],[126.69975965616753,36.17984025427827],[126.69234884700843,36.19033023926208],[126.66670746545198,36.176162501431754],[126.65632980431411,36.18120909305698],[126.60920242145781,36.17177784366809],[126.58471380449858,36.17572612382031],[126.56594308846921,36.18796815669124],[126.53100735657739,36.19467793754652],[126.52405153499203,36.18538072076904],[126.52695889906985,36.17679608010448],[126.51094938261697,36.160365683188324],[126.49830969258586,36.15998261439355],[126.49374667991806,36.150723086764714],[126.52361472298436,36.15173420877197],[126.54288152238185,36.14558557737856],[126.55625183892053,36.12853068352085],[126.57061380096921,36.14064419424408],[126.5916851781576,36.12785576946974],[126.60762034006918,36.10471556141871],[126.63134117367956,36.09951132920365],[126.63339221419551,36.092963440570585],[126.63212179208986,36.05486519349745],[126.64410297602328,36.055637258417086],[126.65660354461787,36.04585317542854],[126.66744485218291,36.0316551212733],[126.66205970761268,36.027061727774566],[126.66061022380337,36.01092376218579],[126.73480075993174,36.00085091024236],[126.74868151264613,36.02354345586943],[126.7752689317108,36.031637310961685],[126.79766783182956,36.03077483436653],[126.8133338321874,36.03557338037518],[126.82970329967527,36.046903525081824],[126.86358231645985,36.060569587961034]]]},"properties":{"code":"44770","name":"서천군","sido":"충청남도","code2018":"34340"}},{"type":"Feature","geometry":{"type":"Polygon","coordinates":[[[126.89899903380055,36.5589587925296],[126.86857078202786,36.570005107436565],[126.84538046599991,36.571504782108335],[126.82486489780807,36.52849206572353],[126.77313124797774,36.534306491559065],[126.76953576635162,36.51832872097698],[126.75580942531613,36.50330731339583],[126.75040384367115,36.503688429492875],[126.7445028014495,36.485040739114844],[126.73543624301699,36.47325489236198],[126.72456240640504,36.48076580067224],[126.70106954858987,36.478684044606524],[126.67311754793924,36.46218907226134],[126.67723617171333,36.450756148041265],[126.68879178733698,36.445675079715514],[126.68396897635579,36.436143341615896],[126.69155972217399,36.428653490133904],[126.6916685572831,36.41041315179295],[126.70944677003855,36.40045332986071],[126.7104916771653,36.38883110053403],[126.72474905182857,36.37475402517427],[126.73474911432452,36.37794551316405],[126.73859392245804,36.36644903320984],[126.75227214155163,36.356219090410185],[126.765237017695,36.35305038815012],[126.78624391403002,36.35691531749499],[126.79497172059561,36.352240760761326],[126.80862726202055,36.37659269861325],[126.82006208986185,36.37721151702449],[126.82947749310726,36.38545452670994],[126.85028646056064,36.385278664024646],[126.84283958520082,36.37346148714281],[126.84339446527437,36.36503002174206],[126.86042020740433,36.33753680762733],[126.85555033855627,36.3307853083762],[126.86629364133198,36.3229451154941],[126.91244878165307,36.32717385280766],[126.92730484037959,36.31512797372913],[126.9437032970678,36.319570641138085],[126.95931256589743,36.33204547133269],[126.97575315044399,36.33548957639561],[126.98824415304851,36.350064165476205],[126.98915145202365,36.368914740122605],[126.994696404849,36.37562165815844],[127.01626333142123,36.38920113750979],[127.02781474599858,36.404443252087134],[127.01532445475009,36.418247239054054],[127.02372963927272,36.42406268142181],[127.01798228074296,36.434134330202134],[127.00797806520224,36.43835841200794],[127.0076338030904,36.45114567838902],[126.99840272038986,36.45937454882566],[126.97599823893802,36.4663807300644],[126.95535641205763,36.46695213832281],[126.93027299160721,36.45501727183093],[126.9160281917779,36.45559646020519],[126.91390649934016,36.46469196066494],[126.8943556983195,36.47851305156434],[126.89411868744185,36.502894836493006],[126.88391437941783,36.51148148818862],[126.89379295460276,36.52654297988543],[126.88996754267153,36.54132650467272],[126.89906772322854,36.55079268985192],[126.89899903380055,36.5589587925296]]]},"properties":{"code":"44790","name":"청양군","sido":"충청남도","code2018":"34350"}},{"type":"Feature","geometry":{"type":"Polygon","coordinates":[[[126.67311754793924,36.46218907226134],[126.70106954858987,36.478684044606524],[126.72456240640504,36.48076580067224],[126.73543624301699,36.47325489236198],[126.7445028014495,36.485040739114844],[126.75040384367115,36.503688429492875],[126.75580942531613,36.50330731339583],[126.76953576635162,36.51832872097698],[126.77313124797774,36.534306491559065],[126.75974511947528,36.52799754734],[126.74638180589194,36.53135045757768],[126.73709733602863,36.551431592883034],[126.74833703206886,36.55803431911061],[126.74849099175054,36.580431986119564],[126.77164624829977,36.592667847651136],[126.77081137789247,36.61653388500217],[126.75642779253178,36.62340188546135],[126.74978572660608,36.635060164879256],[126.75175080224432,36.645746555135354],[126.73735219988704,36.648476250389166],[126.73981752256154,36.67285213884623],[126.72486738809297,36.66746900796361],[126.71037996827525,36.6728145356522],[126.69843830608687,36.66336323553269],[126.65508380320817,36.65535307914111],[126.64986813545073,36.648486013881],[126.62829631688878,36.64959348148965],[126.62001553091159,36.639528363337256],[126.6247690166088,36.631294423439996],[126.62030761093965,36.62117234419825],[126.59668057923551,36.62090521281792],[126.58540751094512,36.62661260600312],[126.59546898257497,36.65355660586018],[126.58924006724101,36.66374128233162],[126.56580008528363,36.644486164232305],[126.54662565264817,36.64036680286844],[126.53513218255911,36.646211899023974],[126.5107721358099,36.63080712857773],[126.46590999273121,36.643968804861764],[126.45676701270737,36.62628801946699],[126.47382925340153,36.6172161246175],[126.47625333445636,36.60563494100283],[126.46410895140083,36.59764845180552],[126.45133327243529,36.59650984123219],[126.44763420271109,36.58688301941174],[126.45431419719328,36.561675919352425],[126.45317611433474,36.553840581581966],[126.46213941818303,36.5386327280349],[126.47777302569548,36.5200653558242],[126.48895081670335,36.51774647800527],[126.503694196223,36.529830862825676],[126.51132997216115,36.52217773132356],[126.53049166145125,36.517786356268445],[126.5433807708687,36.50758635250753],[126.56797058854956,36.50129191840587],[126.59016849228166,36.50887331125415],[126.60045475529749,36.48894577601011],[126.63186160079107,36.47584970093535],[126.63552566960243,36.465758224145446],[126.65299127491768,36.466974754853815],[126.65874454444109,36.46028500941193],[126.67311754793924,36.46218907226134]]]},"properties":{"code":"44800","name":"홍성군","sido":"충청남도","code2018":"34360"}},{"type":"Feature","geometry":{"type":"Polygon","coordinates":[[[126.96776022736287,36.679429236344184],[126.96960807756855,36.69074784176529],[126.9499536980146,36.703772872352936],[126.92181336040495,36.70063073807476],[126.90214198990577,36.70219372227912],[126.89833503811286,36.722745345275555],[126.88666748206941,36.73131958935461],[126.86684685085842,36.72943120040114],[126.85868464629169,36.74698798848914],[126.84007120055666,36.74986871861733],[126.83192923601318,36.75977719569355],[126.8333510594657,36.7832562237966],[126.80688417202656,36.77421141633639],[126.779502944405,36.753925754816734],[126.7643166622638,36.755056170081765],[126.75904073714973,36.763363215008134],[126.74652259522347,36.7670499885956],[126.74300090398138,36.77801519423898],[126.72489860208225,36.79841621343283],[126.7135990550314,36.80334288551665],[126.69646055867054,36.800615157089936],[126.69257528983887,36.7840229305321],[126.66905316194156,36.78055934175909],[126.66494042757678,36.77086766813316],[126.653543981658,36.774968012080635],[126.64613988889894,36.75305286591847],[126.62803788262788,36.73670089520817],[126.61074647511433,36.73210978941409],[126.6020638856984,36.71797456771408],[126.60895631944256,36.70542938324214],[126.59980723671852,36.69669950290627],[126.59875241827397,36.67933797377128],[126.58924006724101,36.66374128233162],[126.59546898257497,36.65355660586018],[126.58540751094512,36.62661260600312],[126.59668057923551,36.62090521281792],[126.62030761093965,36.62117234419825],[126.6247690166088,36.631294423439996],[126.62001553091159,36.639528363337256],[126.62829631688878,36.64959348148965],[126.64986813545073,36.648486013881],[126.65508380320817,36.65535307914111],[126.69843830608687,36.66336323553269],[126.71037996827525,36.6728145356522],[126.72486738809297,36.66746900796361],[126.73981752256154,36.67285213884623],[126.73735219988704,36.648476250389166],[126.75175080224432,36.645746555135354],[126.74978572660608,36.635060164879256],[126.75642779253178,36.62340188546135],[126.77081137789247,36.61653388500217],[126.77164624829977,36.592667847651136],[126.74849099175054,36.580431986119564],[126.74833703206886,36.55803431911061],[126.73709733602863,36.551431592883034],[126.74638180589194,36.53135045757768],[126.75974511947528,36.52799754734],[126.77313124797774,36.534306491559065],[126.82486489780807,36.52849206572353],[126.84538046599991,36.571504782108335],[126.86857078202786,36.570005107436565],[126.89899903380055,36.5589587925296],[126.90986074294577,36.56645350092821],[126.92523694332014,36.58757946437483],[126.93585711112128,36.6218560211405],[126.94514730899057,36.628290618001174],[126.94823069048807,36.640911875999464],[126.95833884303498,36.6552677311991],[126.9574272058316,36.67193341215333],[126.96776022736287,36.679429236344184]]]},"properties":{"code":"44810","name":"예산군","sido":"충청남도","code2018":"34370"}},{"type":"Feature","geometry":{"type":"MultiPolygon","coordinates":[[[[126.33442706370043,36.81500536159286],[126.304497646935,36.81462495953347],[126.28643641287815,36.803558597249676],[126.28678596676795,36.816798465103815],[126.29540435166253,36.82415300752728],[126.3123160152654,36.83079925103961],[126.31704629663368,36.83888511012423],[126.2944698760477,36.842967450158255],[126.29642825524117,36.85247990646171],[126.31245387664862,36.87524360156952],[126.3205292361004,36.89208570813631],[126.31629440778032,36.90498171721556],[126.30311036596291,36.91680742399406],[126.31017949597717,36.92926010799961],[126.30264988655,36.94174070248484],[126.3137398579683,36.9548113321833],[126.30715035529565,36.96182404497236],[126.30842423350266,36.973981230723524],[126.28355706096966,36.97077972470724],[126.29186751828075,36.92784023765351],[126.28301526492434,36.90941483233603],[126.28397418886172,36.90318439499646],[126.26967413158407,36.88341948792784],[126.25269180560828,36.87944131715129],[126.24221622276141,36.86389232741028],[126.22090720115699,36.88069342201911],[126.22537140812183,36.88862266634202],[126.2418453408064,36.88852787377081],[126.24817514250518,36.91064378607113],[126.23485710480864,36.90981710973597],[126.2086719502667,36.900395708982494],[126.19528249373306,36.888078332180505],[126.18828118150363,36.86788475871413],[126.19339196415565,36.84932446320652],[126.17526979214699,36.83584774708664],[126.18285513335219,36.81295023234203],[126.17307334719213,36.81158537656493],[126.17212774431367,36.83811439124546],[126.15300903567073,36.84139420588886],[126.15818375752418,36.82829734443943],[126.15018583063352,36.80271423441393],[126.14215395496939,36.7890649333319],[126.11649315268558,36.77416943703793],[126.11308506704286,36.76415161783178],[126.13352257429322,36.74075568788822],[126.12122509878903,36.72479805756321],[126.12468720009126,36.71616363890809],[126.13785828968221,36.71907319767884],[126.15288048262676,36.733876559833014],[126.15183652469759,36.74861503938828],[126.16480833201511,36.75751253659927],[126.18464952626806,36.75293556611328],[126.19563570763927,36.73816465964413],[126.2211300795535,36.721939848478044],[126.21724612758481,36.7115651558878],[126.20769733358588,36.70616521930274],[126.19468332671434,36.70772217038426],[126.18469065070465,36.71691900601585],[126.16580875575399,36.717354829910754],[126.15638653866394,36.70714335789371],[126.14608966869378,36.70372999598869],[126.14922685267766,36.68623517474113],[126.1306373261246,36.68849712182371],[126.12365935804836,36.67754674261814],[126.12916122116563,36.66961501759455],[126.17285357579865,36.67817151822483],[126.19736002666268,36.67450516995253],[126.21180868051646,36.69240692005977],[126.23010463225756,36.693143165926735],[126.24175383941498,36.70261032522618],[126.23570867352213,36.7164311128446],[126.25728183943323,36.716587302097594],[126.27055825294121,36.72579139743426],[126.27231030585642,36.70532431600136],[126.26148367100403,36.69689920608019],[126.26323516611363,36.67385661077316],[126.27456227939143,36.67128987492785],[126.2859374656631,36.66263530622866],[126.2946490288273,36.64657219356175],[126.29633545295887,36.62956343344558],[126.28487329400441,36.6183472349547],[126.28188121798142,36.595819319728015],[126.29177495298647,36.58396987515844],[126.31011029273034,36.5939272518948],[126.3407447253932,36.61556019823536],[126.3572140752137,36.6181168697127],[126.34711710279993,36.63926510093781],[126.34055665751198,36.66818892857936],[126.33981093819187,36.70094160528113],[126.34609701141258,36.721117430062556],[126.34501924484213,36.752890807614286],[126.35562712419734,36.78051434510835],[126.35138796106382,36.796766981479195],[126.33442706370043,36.81500536159286]]],[[[126.36420902364155,36.43942721478075],[126.34785211957666,36.43617414159503],[126.35066400516675,36.42436230180427],[126.37073552927761,36.41017200406977],[126.40635521304692,36.41388479984426],[126.4218326773703,36.39976801650218],[126.43539856959022,36.41852773458548],[126.42846720067908,36.443728741420564],[126.42726717074672,36.46212571352859],[126.41460206081248,36.488067404867145],[126.3966422062904,36.51916902635269],[126.39068148508832,36.55052321888965],[126.39186253728832,36.56414639279676],[126.39869380897275,36.58234396491999],[126.39592648379038,36.595528990205544],[126.38487180942668,36.606393111229195],[126.36090637946276,36.611435422001456],[126.33513159748402,36.606292114955394],[126.32331416707586,36.599054976664966],[126.3202173808917,36.58784230750566],[126.31036154505996,36.58517629081516],[126.31004234118275,36.56876801201519],[126.32094193535207,36.558326525656284],[126.32590385896584,36.546658457371656],[126.32828887134212,36.527972801355475],[126.3251362507662,36.52201096999151],[126.33198428819641,36.50698932637638],[126.33379838926965,36.491397195671105],[126.3303810706813,36.47569562960853],[126.3331648035622,36.46631638418675],[126.33382195699592,36.43732905190141],[126.34879119790743,36.44097849765054],[126.36420902364155,36.43942721478075]]],[[[126.08411837381303,36.68413802249069],[126.06202171419521,36.680284789538604],[126.05915059295492,36.67235364623428],[126.0741036859184,36.67067347075366],[126.08411837381303,36.68413802249069]]]]},"properties":{"code":"44825","name":"태안군","sido":"충청남도","code2018":"34380"}},{"type":"Feature","geometry":{"type":"Polygon","coordinates":[[[127.74791916960423,37.21667839805168],[127.7366780080965,37.20989659541225],[127.72668934861562,37.18300395752793],[127.71829649327029,37.183816236949575],[127.70458431328464,37.166639051230796],[127.70399402696997,37.15648985963732],[127.69593848448389,37.152101406053276],[127.69543493224323,37.140449000280796],[127.70876378712059,37.13582773343978],[127.7220900512093,37.120854531069234],[127.720598073203,37.1108745904172],[127.70198541474548,37.10312639872921],[127.69938833098324,37.092119540037245],[127.68649183116354,37.08069100425592],[127.69067330856639,37.05744652431729],[127.68563606608367,37.04709235645212],[127.67626606696408,37.04463190398989],[127.66380562693791,37.030689712660866],[127.6575517006084,37.01834058870551],[127.66237669944691,37.005452441271785],[127.65353268522928,36.99758429207192],[127.65102469488919,36.98288230799873],[127.6666367643006,36.986461727206986],[127.6845016539125,36.98597628056347],[127.71637009967756,36.9584437448007],[127.73299528733763,36.9535716048496],[127.74784885710659,36.96092042765299],[127.77221737878902,36.93319951715752],[127.78872722170374,36.93723378347338],[127.7955548185994,36.94649646152801],[127.8302209605087,36.93422748643114],[127.84312072391059,36.927602299091724],[127.83808912317554,36.913310061200946],[127.85872483525789,36.90467128259661],[127.86390556634397,36.89639369277184],[127.89692099230537,36.89316574670017],[127.92050704889826,36.881765656003786],[127.93541629515178,36.88819772564137],[127.95077652533611,36.886722631200435],[127.94471366203389,36.87395111521806],[127.96968071576536,36.86021845797004],[127.96746944880522,36.85074508185425],[127.97698362493101,36.83611785988113],[127.97266753607073,36.825505548079924],[127.98331291105461,36.81569044379078],[128.01129744277972,36.806732870918815],[128.02362640472714,36.81411924869832],[128.02248384037122,36.823292707242025],[128.03636473086138,36.82487030825876],[128.05955609408224,36.8168037224291],[128.08151210480708,36.806774210868575],[128.08399977532667,36.79944872359096],[128.10678410331715,36.80579101200189],[128.11223280978638,36.81889163241195],[128.12873314532365,36.824255845444654],[128.13365621481148,36.83221701177261],[128.11261534729093,36.83057813851565],[128.09482412196206,36.83525959338144],[128.09132435590425,36.84940126680479],[128.0578042475595,36.843289167439195],[128.04108174950673,36.84899581489136],[128.0362296015808,36.855616315747575],[128.05169654872736,36.871072766664305],[128.054923370649,36.88068920617345],[128.06685248842476,36.89413038336511],[128.07157621659516,36.91371519360321],[128.06166942002068,36.92103262245918],[128.05841169276138,36.9312545424763],[128.04515987781826,36.93574369942116],[128.04338123313414,36.95185102517066],[128.05877661500887,36.9574423019261],[128.07577419591487,36.95221911388814],[128.08863760980734,36.95272293475049],[128.08676326907297,36.97128211819938],[128.0908139547011,36.98901365919736],[128.08430753176316,36.99081502556002],[128.07648614635372,37.00564517349245],[128.08887948335348,37.018189524465214],[128.080683258266,37.04922859784539],[128.08513251505246,37.075623448509766],[128.07921682715886,37.08189132472943],[128.05920579146394,37.08985831453373],[128.0390208814722,37.11220425045031],[128.02065023677176,37.11629079238522],[127.9984967744562,37.10854449949553],[127.98501197932642,37.11229293597029],[127.9864087960563,37.131337239783115],[127.97273306868672,37.141501504442985],[127.9678310634696,37.15651662177027],[127.95477462912397,37.16221960512975],[127.92622233592917,37.16517766895825],[127.90854796288203,37.167257403462465],[127.90197392866645,37.152048204058055],[127.88668247777804,37.160923139563636],[127.87252526977355,37.16434172927156],[127.85161791775444,37.15949998768811],[127.848872853377,37.1531948962768],[127.82506525499656,37.15220616781451],[127.81474819772542,37.146553362270204],[127.78951349052662,37.14440303109371],[127.7625379614898,37.162614050368944],[127.75393661829371,37.17616205132729],[127.7438675124452,37.210370373113115],[127.74791916960423,37.21667839805168]]]},"properties":{"code":"43130","name":"충주시","sido":"충청북도","code2018":"33020"}},{"type":"Feature","geometry":{"type":"Polygon","coordinates":[[[127.92622233592917,37.16517766895825],[127.95477462912397,37.16221960512975],[127.9678310634696,37.15651662177027],[127.97273306868672,37.141501504442985],[127.9864087960563,37.131337239783115],[127.98501197932642,37.11229293597029],[127.9984967744562,37.10854449949553],[128.02065023677176,37.11629079238522],[128.0390208814722,37.11220425045031],[128.05920579146394,37.08985831453373],[128.07921682715886,37.08189132472943],[128.08513251505246,37.075623448509766],[128.080683258266,37.04922859784539],[128.08887948335348,37.018189524465214],[128.07648614635372,37.00564517349245],[128.08430753176316,36.99081502556002],[128.0908139547011,36.98901365919736],[128.08676326907297,36.97128211819938],[128.08863760980734,36.95272293475049],[128.07577419591487,36.95221911388814],[128.05877661500887,36.9574423019261],[128.04338123313414,36.95185102517066],[128.04515987781826,36.93574369942116],[128.05841169276138,36.9312545424763],[128.06166942002068,36.92103262245918],[128.07157621659516,36.91371519360321],[128.06685248842476,36.89413038336511],[128.054923370649,36.88068920617345],[128.05169654872736,36.871072766664305],[128.0362296015808,36.855616315747575],[128.04108174950673,36.84899581489136],[128.0578042475595,36.843289167439195],[128.09132435590425,36.84940126680479],[128.09482412196206,36.83525959338144],[128.11261534729093,36.83057813851565],[128.13365621481148,36.83221701177261],[128.13958784272822,36.83424285087646],[128.15601503591176,36.82331372272744],[128.1758717822156,36.8211862370676],[128.20876481024786,36.81352625798044],[128.21850422056644,36.81538195085369],[128.21283095405414,36.839400900624526],[128.21546234022668,36.84899252735726],[128.23682188014558,36.84812047431416],[128.23395525956184,36.855699341142916],[128.2419196703263,36.87279485620436],[128.25150198378796,36.88471491288976],[128.2435457838919,36.89206194969373],[128.2462557850106,36.90462127070305],[128.23680075800738,36.91511445346565],[128.2358680160042,36.93045747372835],[128.2449127065578,36.94149479326561],[128.26303181321987,36.94914934073364],[128.26624621538514,36.960916121784564],[128.25640600947332,36.985958653348455],[128.25872978320402,36.99306586943155],[128.25382775302492,37.009284761209095],[128.23740867970324,37.02502232446054],[128.22813316208715,37.02445071420296],[128.22066007116052,37.041864068847794],[128.22558803457633,37.06229637683279],[128.236895952864,37.06538900422355],[128.26447303435745,37.087974415716744],[128.25810745008138,37.10189318933481],[128.26806437973627,37.11402145127149],[128.2778350906761,37.1108613989698],[128.29430913306308,37.09789418897753],[128.3046435905732,37.10079864982344],[128.30964965831302,37.11149029679],[128.29826652272402,37.13417941826842],[128.27250048037104,37.14840269790332],[128.26472840436327,37.16054778211382],[128.27628573333595,37.172047211556226],[128.29818180770812,37.17229818906015],[128.29592435558374,37.183064751436646],[128.31407547813282,37.18993082483215],[128.3274418330197,37.19875351086023],[128.33050428505544,37.21653824234493],[128.31662080271602,37.22340689492203],[128.30855915912034,37.21691585562825],[128.2882655216508,37.215019267454466],[128.2690235837032,37.20805171300362],[128.25884367374329,37.215689497869946],[128.25029048918384,37.22948081375493],[128.2322214294532,37.22655102951004],[128.2195252993364,37.24052043358373],[128.20123498291508,37.24881519687057],[128.17418234504024,37.23252663191946],[128.1731489056099,37.21914239084364],[128.16417240616437,37.21328177386784],[128.15337659005763,37.21620723481239],[128.12647247761834,37.23464514417714],[128.1252284059204,37.22265397986923],[128.11167993330818,37.20800761197883],[128.07881081963612,37.194010129244525],[128.05972530614252,37.19361862705247],[128.0395007210973,37.18880686495455],[128.02994757539392,37.203574976872446],[128.03924450609313,37.215392335397496],[128.01988603325051,37.23462413897961],[128.0190381738289,37.244398646077755],[128.0075278520599,37.25170321997856],[127.98505364111033,37.25816305366536],[127.97264670125676,37.256826567693224],[127.96281588772163,37.24994987760252],[127.9479150645356,37.246792962843664],[127.92129035109753,37.22574591370968],[127.93237639539345,37.20749530322175],[127.93655285426105,37.18880810945746],[127.92622233592917,37.16517766895825]]]},"properties":{"code":"43150","name":"제천시","sido":"충청북도","code2018":"33030"}},{"type":"Feature","geometry":{"type":"Polygon","coordinates":[[[127.51568790123477,36.422280753416175],[127.5228520255088,36.43885118686104],[127.54587217620484,36.44694402351127],[127.56301716953402,36.47996311568565],[127.57611598503723,36.49016612993732],[127.57010506477182,36.49964885748919],[127.57301423143917,36.51639529047663],[127.5651780041477,36.53049702879776],[127.58099125921366,36.5420990444893],[127.61207397853572,36.551384054703774],[127.61662362842578,36.559341977453094],[127.61141472643133,36.57008947021077],[127.63058396229839,36.58672469892195],[127.6308095567033,36.59341346939638],[127.64356030478719,36.605265023713166],[127.65534038879848,36.60026739785395],[127.66500274157943,36.602503182301135],[127.68135723357548,36.59187287040157],[127.70172697027695,36.59090640318279],[127.71309792600738,36.60125423688579],[127.73591331139312,36.60030072501602],[127.74556646837979,36.585569054119354],[127.76902782142442,36.59344450253575],[127.76980086174736,36.604117253785134],[127.76406430033232,36.61320999341225],[127.7419971226014,36.62861548139341],[127.73876655549881,36.639498060774734],[127.71199766022804,36.65092973471856],[127.71288952966782,36.668070331252444],[127.72423860529103,36.67418451766085],[127.72334282237068,36.68316018970192],[127.71374707239701,36.6952370786378],[127.69264887151083,36.71215243633675],[127.66492445038257,36.729779469540475],[127.66160823974722,36.71434802178648],[127.64784797018292,36.7012350671448],[127.63851470423205,36.70756868054214],[127.61775855475102,36.70745032319627],[127.61233033702797,36.70010625410726],[127.59763744359834,36.69778015963165],[127.58562627525205,36.683746036928255],[127.5672711510892,36.6744336926959],[127.54921406429247,36.67439436328742],[127.53693491479815,36.66924352697147],[127.5243215617033,36.65804419332774],[127.50090904593048,36.647186506757876],[127.48252703982764,36.64465605434361],[127.48244591106399,36.62967965646041],[127.49173059746487,36.624415073543474],[127.49765053301824,36.61041811462201],[127.49955357946175,36.58746136159971],[127.48845565886168,36.5813200403964],[127.4740682647466,36.58104873321461],[127.46718304035245,36.561999140353464],[127.48157776526004,36.56122051015147],[127.48404632970453,36.55180105581673],[127.46970595543691,36.54338221105921],[127.44739299222971,36.54770388334386],[127.45474850682203,36.53321541402664],[127.44988780995092,36.50059927187102],[127.4676991189528,36.490976131584766],[127.47628802872701,36.49039175368961],[127.48341894832788,36.47780249879657],[127.47934035151367,36.45784063625294],[127.49892237340676,36.455683728367376],[127.50264625435915,36.44930505069406],[127.48921132565803,36.4327033866873],[127.50256289751616,36.40820092710566],[127.50908785547543,36.40518953361469],[127.51568790123477,36.422280753416175]]]},"properties":{"code":"43111","name":"청주시상당구","sido":"충청북도","code2018":"33041"}},{"type":"Feature","geometry":{"type":"Polygon","coordinates":[[[127.40262059825754,36.45569317858438],[127.43625533249859,36.456650151108185],[127.45321046295142,36.450099505526325],[127.46395849971864,36.456570974355955],[127.46623877817592,36.46931337498378],[127.48341894832788,36.47780249879657],[127.47628802872701,36.49039175368961],[127.4676991189528,36.490976131584766],[127.44988780995092,36.50059927187102],[127.45474850682203,36.53321541402664],[127.44739299222971,36.54770388334386],[127.46970595543691,36.54338221105921],[127.48404632970453,36.55180105581673],[127.48157776526004,36.56122051015147],[127.46718304035245,36.561999140353464],[127.4740682647466,36.58104873321461],[127.48845565886168,36.5813200403964],[127.49955357946175,36.58746136159971],[127.49765053301824,36.61041811462201],[127.49173059746487,36.624415073543474],[127.48244591106399,36.62967965646041],[127.48252703982764,36.64465605434361],[127.48144780771223,36.64658392780408],[127.4617070961876,36.639372936982255],[127.4432069789083,36.62349795370628],[127.43411465742543,36.59937766075569],[127.41152616150197,36.604604037879305],[127.38874697542563,36.5840029820358],[127.37706206444109,36.56744441360377],[127.38348836569338,36.54200512793118],[127.40182464894835,36.54124045979936],[127.40881499100972,36.524391337625964],[127.4038520373747,36.51712762888225],[127.4088066988029,36.49529747859688],[127.3956687444112,36.49161155068815],[127.40420820519319,36.483324398613306],[127.400599583211,36.47017108795574],[127.40262059825754,36.45569317858438]]]},"properties":{"code":"43112","name":"청주시서원구","sido":"충청북도","code2018":"33042"}},{"type":"Feature","geometry":{"type":"Polygon","coordinates":[[[127.37706206444109,36.56744441360377],[127.38874697542563,36.5840029820358],[127.41152616150197,36.604604037879305],[127.43411465742543,36.59937766075569],[127.4432069789083,36.62349795370628],[127.4617070961876,36.639372936982255],[127.48144780771223,36.64658392780408],[127.46222437897106,36.67023019089524],[127.44764915056311,36.67535574643996],[127.44314050605891,36.682878367456084],[127.42828382027069,36.68304107113973],[127.42540669230823,36.69287439024725],[127.3940175630515,36.71741796574178],[127.37725108342413,36.712546496782835],[127.3616374792279,36.71788614713871],[127.34097796670567,36.718408161439974],[127.3169724631989,36.72481578977743],[127.30844850782353,36.72131091335078],[127.30811728413921,36.70502091061972],[127.28562590652612,36.69093404883944],[127.3076097072515,36.68162730584224],[127.30162418324214,36.66008523412434],[127.2869562454221,36.65416905111462],[127.27920841937424,36.63511695055196],[127.30086526884932,36.615539121558065],[127.30698112856366,36.59997478647925],[127.30824087760463,36.58345991864753],[127.32549583948254,36.57785267469244],[127.34301159289039,36.56450370365296],[127.36054245819618,36.56226781966202],[127.37706206444109,36.56744441360377]]]},"properties":{"code":"43113","name":"청주시흥덕구","sido":"충청북도","code2018":"33043"}},{"type":"Feature","geometry":{"type":"Polygon","coordinates":[[[127.3169724631989,36.72481578977743],[127.34097796670567,36.718408161439974],[127.3616374792279,36.71788614713871],[127.37725108342413,36.712546496782835],[127.3940175630515,36.71741796574178],[127.42540669230823,36.69287439024725],[127.42828382027069,36.68304107113973],[127.44314050605891,36.682878367456084],[127.44764915056311,36.67535574643996],[127.46222437897106,36.67023019089524],[127.48144780771223,36.64658392780408],[127.48252703982764,36.64465605434361],[127.50090904593048,36.647186506757876],[127.5243215617033,36.65804419332774],[127.53693491479815,36.66924352697147],[127.54921406429247,36.67439436328742],[127.5672711510892,36.6744336926959],[127.58562627525205,36.683746036928255],[127.59763744359834,36.69778015963165],[127.61233033702797,36.70010625410726],[127.61775855475102,36.70745032319627],[127.61865733518012,36.716412906344644],[127.60417229314925,36.74556652199592],[127.59026036685766,36.74857680987142],[127.58860090424717,36.762525015572045],[127.56871687336326,36.771758065094446],[127.56421959196943,36.77962183145513],[127.53019209621941,36.77009075153058],[127.51583943048176,36.76804724316036],[127.50195222925579,36.77970829797716],[127.49056113780172,36.773494713446624],[127.46180949314181,36.7701723191962],[127.45010321801276,36.759006555459635],[127.4271392897808,36.7507462556794],[127.41958251506634,36.75757293301889],[127.41197209906072,36.7572668018218],[127.40464203146662,36.74493933431449],[127.38882891309869,36.753312401621045],[127.38717852607998,36.75947365433084],[127.35882590631203,36.760684968689205],[127.33575160828346,36.752568100052734],[127.3401801485879,36.73183597538898],[127.32830309867772,36.734555161972985],[127.3169724631989,36.72481578977743]]]},"properties":{"code":"43114","name":"청주시청원구","sido":"충청북도","code2018":"33044"}},{"type":"Feature","geometry":{"type":"Polygon","coordinates":[[[127.79840808894663,36.602280805215834],[127.7864522482956,36.613742119090894],[127.76980086174736,36.604117253785134],[127.76902782142442,36.59344450253575],[127.74556646837979,36.585569054119354],[127.73591331139312,36.60030072501602],[127.71309792600738,36.60125423688579],[127.70172697027695,36.59090640318279],[127.68135723357548,36.59187287040157],[127.66500274157943,36.602503182301135],[127.65534038879848,36.60026739785395],[127.64356030478719,36.605265023713166],[127.6308095567033,36.59341346939638],[127.63058396229839,36.58672469892195],[127.61141472643133,36.57008947021077],[127.61662362842578,36.559341977453094],[127.61207397853572,36.551384054703774],[127.58099125921366,36.5420990444893],[127.5651780041477,36.53049702879776],[127.57301423143917,36.51639529047663],[127.57010506477182,36.49964885748919],[127.57611598503723,36.49016612993732],[127.56301716953402,36.47996311568565],[127.54587217620484,36.44694402351127],[127.5228520255088,36.43885118686104],[127.51568790123477,36.422280753416175],[127.53975288525886,36.420717822853604],[127.5520678423079,36.405282580553376],[127.55418511437627,36.394727697592444],[127.57820568845302,36.40658257404029],[127.58546670559879,36.415332517134985],[127.60401437612792,36.40395894689544],[127.61338560263873,36.40426270767],[127.62855568437082,36.43451059134731],[127.64598407533869,36.44504215113033],[127.65769664634534,36.43797207466088],[127.66369833269457,36.44459428690763],[127.68063560731065,36.435786676335766],[127.68013835106078,36.419949760928695],[127.7001136804431,36.41350591822893],[127.71742768807998,36.39714451235939],[127.74277364082748,36.38692025824285],[127.75983256868905,36.39102008671664],[127.77053472461749,36.387795462007155],[127.79107616658877,36.38832858156932],[127.80121100229404,36.38247934367247],[127.81883806085874,36.3814557018967],[127.8361095500515,36.36950587109228],[127.85927829494236,36.37432298788558],[127.87963235719995,36.371506602821995],[127.88429056765769,36.37978912046274],[127.86362892198693,36.40308188089563],[127.88284071055266,36.423503853434134],[127.8753363193612,36.428458063232725],[127.87302833713828,36.44170674510614],[127.88240226400916,36.46099920869096],[127.87884050534267,36.465769398873334],[127.88046639484268,36.4932705655292],[127.88847862150908,36.49310453043101],[127.90672089945132,36.50784688700815],[127.90192959431641,36.528173141923375],[127.87412057930455,36.53730743460551],[127.87336111114332,36.55525831763904],[127.86213949556914,36.56740556742711],[127.83012972179884,36.5744021526949],[127.82405337254568,36.57165946816934],[127.80464986848295,36.581662269661564],[127.79740860897324,36.59196510954198],[127.79840808894663,36.602280805215834]]]},"properties":{"code":"43720","name":"보은군","sido":"충청북도","code2018":"33320"}},{"type":"Feature","geometry":{"type":"Polygon","coordinates":[[[127.87963235719995,36.371506602821995],[127.85927829494236,36.37432298788558],[127.8361095500515,36.36950587109228],[127.81883806085874,36.3814557018967],[127.80121100229404,36.38247934367247],[127.79107616658877,36.38832858156932],[127.77053472461749,36.387795462007155],[127.75983256868905,36.39102008671664],[127.74277364082748,36.38692025824285],[127.71742768807998,36.39714451235939],[127.7001136804431,36.41350591822893],[127.68013835106078,36.419949760928695],[127.68063560731065,36.435786676335766],[127.66369833269457,36.44459428690763],[127.65769664634534,36.43797207466088],[127.64598407533869,36.44504215113033],[127.62855568437082,36.43451059134731],[127.61338560263873,36.40426270767],[127.60401437612792,36.40395894689544],[127.58546670559879,36.415332517134985],[127.57820568845302,36.40658257404029],[127.55418511437627,36.394727697592444],[127.53915877834955,36.3971916455765],[127.52571849179749,36.3873092143274],[127.52685680695964,36.36929381282165],[127.52131006175681,36.35320453295086],[127.50976625923357,36.35044595174575],[127.50125056149407,36.33870629031555],[127.50358423747666,36.32576480119502],[127.4947615257004,36.311686775112626],[127.49945192513174,36.30528304170889],[127.49100595439812,36.29694002728302],[127.4982598941923,36.282874311360196],[127.48857797944663,36.27324453825067],[127.48625137581662,36.2614438583252],[127.49276503953664,36.23809225998161],[127.51819561091644,36.24069245865797],[127.53248518674152,36.2502195261893],[127.54978774820948,36.23832356321361],[127.54662003036023,36.230172648185224],[127.57913854081134,36.23305753973492],[127.59779700271581,36.217413204344005],[127.59926980886196,36.204512383898866],[127.59283895538184,36.19515463767548],[127.59812157028178,36.184352318266455],[127.609263118171,36.18507386225191],[127.63415708885775,36.18079399052565],[127.64405374935198,36.17171452609106],[127.65470636062501,36.17726756042646],[127.65452331717059,36.19187955325038],[127.64865904574621,36.2084431152118],[127.65064598755279,36.22508157020909],[127.67835407311146,36.224590071622046],[127.69172247688864,36.239267207606794],[127.70167156299175,36.261356321469414],[127.71322435151289,36.267732475566895],[127.73723582652556,36.272486608052745],[127.76004749434588,36.2704479661121],[127.7640567603467,36.284215690212996],[127.77292332011244,36.29120866808781],[127.78763230771813,36.289084030008325],[127.80785109683562,36.3091355185971],[127.82914135065498,36.310113893046],[127.84495130687378,36.316264998410446],[127.85208573245649,36.33039724727817],[127.88144562951723,36.34486492655001],[127.89132656044171,36.35955161263848],[127.87963235719995,36.371506602821995]]]},"properties":{"code":"43730","name":"옥천군","sido":"충청북도","code2018":"33330"}},{"type":"Feature","geometry":{"type":"Polygon","coordinates":[[[128.04465646957203,36.25268141139318],[128.02623372844707,36.267867477480415],[128.01028392601086,36.27214783770398],[128.00055817202036,36.266374157633564],[127.98217036739776,36.264197383894036],[127.97085425760454,36.250434196279784],[127.94824628487564,36.25745086834934],[127.94730215532314,36.26723136991037],[127.93091373436454,36.278215466119555],[127.9133798662936,36.28088641377373],[127.90704739583418,36.286080579563496],[127.90509215193288,36.302378775098674],[127.8920410667616,36.29216979314774],[127.88428524168216,36.27367482774437],[127.8626526711624,36.27754009263511],[127.85131186144285,36.27573953763265],[127.84495130687378,36.316264998410446],[127.82914135065498,36.310113893046],[127.80785109683562,36.3091355185971],[127.78763230771813,36.289084030008325],[127.77292332011244,36.29120866808781],[127.7640567603467,36.284215690212996],[127.76004749434588,36.2704479661121],[127.73723582652556,36.272486608052745],[127.71322435151289,36.267732475566895],[127.70167156299175,36.261356321469414],[127.69172247688864,36.239267207606794],[127.67835407311146,36.224590071622046],[127.65064598755279,36.22508157020909],[127.64865904574621,36.2084431152118],[127.65452331717059,36.19187955325038],[127.65470636062501,36.17726756042646],[127.64405374935198,36.17171452609106],[127.63415708885775,36.18079399052565],[127.609263118171,36.18507386225191],[127.59812157028178,36.184352318266455],[127.59341974729787,36.17717907064939],[127.601738375603,36.1615873853735],[127.59362936546734,36.15296698027507],[127.59020275590923,36.13382996985535],[127.60385365739546,36.11710010685177],[127.61814535885686,36.1060578286374],[127.61815648579987,36.093686314004955],[127.63245481946862,36.081954697433375],[127.63775557078975,36.068359414614505],[127.65502733856313,36.05488549953461],[127.66040471923989,36.038067384509624],[127.67262006326149,36.041312500891976],[127.67081114841135,36.0519178122572],[127.68921917311803,36.06254808505796],[127.69672489579274,36.05621678706178],[127.69646685221458,36.04119862704586],[127.71365634097167,36.03536480861169],[127.72510448426848,36.027512549450094],[127.76239067785498,36.02480365160327],[127.76470501732238,36.012082012052026],[127.7878526799305,36.01424896298778],[127.79762376931522,36.0249656465319],[127.81874312094118,36.02802249869283],[127.82581173308688,36.03273587587025],[127.85342052844096,36.03905364246061],[127.86532455538837,36.0250656038994],[127.87692624777289,36.02244194484872],[127.88797971931594,36.03480014018414],[127.90355441686026,36.03896672905431],[127.9170617626286,36.05440274206359],[127.93586148048828,36.05066365172531],[127.9613862261557,36.06838914288329],[127.9578361101239,36.094888499987334],[127.96856746242462,36.10722000363856],[127.96687252405948,36.11825241622748],[127.98763907732643,36.12962394670413],[127.9873321499641,36.147385156938775],[127.99569394783435,36.153003079951915],[127.9834658502645,36.16977168874083],[127.98468219408393,36.17709406610099],[127.97564270942486,36.188148588762246],[127.98601713804247,36.20040165221076],[128.01351740596203,36.20913294790416],[128.02629918681782,36.20568202834363],[128.03835435697374,36.1939990581746],[128.05252068569996,36.20088876885185],[128.0503752106311,36.215302514677155],[128.0424285404544,36.217266672787204],[128.03932703467254,36.22914257246396],[128.03004830584155,36.2403082011607],[128.04465646957203,36.25268141139318]]]},"properties":{"code":"43740","name":"영동군","sido":"충청북도","code2018":"33340"}},{"type":"Feature","geometry":{"type":"Polygon","coordinates":[[[127.289801866995,36.8938188003222],[127.29061225616182,36.89226966193235],[127.30975493132703,36.881162860813674],[127.31232651543843,36.85754496737595],[127.33627136963482,36.85464296250633],[127.33298592931318,36.831481317625546],[127.35583803767402,36.8284728746005],[127.36658109140889,36.81685061602588],[127.38167912083603,36.813790065439726],[127.4017031654982,36.79526871295945],[127.39502742360997,36.7844732865297],[127.4125238137605,36.77184331602733],[127.41958251506634,36.75757293301889],[127.4271392897808,36.7507462556794],[127.45010321801276,36.759006555459635],[127.46180949314181,36.7701723191962],[127.49056113780172,36.773494713446624],[127.50195222925579,36.77970829797716],[127.51583943048176,36.76804724316036],[127.53019209621941,36.77009075153058],[127.56421959196943,36.77962183145513],[127.55539085470801,36.798975951655684],[127.53706817783309,36.807932995517405],[127.5557655880548,36.817942071907],[127.57214548091902,36.82052081565898],[127.56740283143544,36.82991590161179],[127.57183980041385,36.850071914792885],[127.57791199905343,36.85327325455718],[127.57515233903601,36.8578089463234],[127.58513589741223,36.87040883776614],[127.55534718528746,36.88702230126986],[127.55499612156198,36.89646026206682],[127.53464462629533,36.912267785849],[127.52714293879379,36.91070387255438],[127.51135299237683,36.93089766654315],[127.49160072679562,36.938710507790425],[127.48135086736556,36.933675665902726],[127.45090746249194,36.94797728814354],[127.44528187120831,36.958559215105666],[127.4571218899221,36.96375691709232],[127.44949476696628,36.9766246976101],[127.45018100128735,36.993893135247276],[127.44670427543596,37.01103156441478],[127.4297345763771,37.001878225048486],[127.39403804841021,36.99794440252565],[127.38536456855753,36.98505758180856],[127.40185704887993,36.96774918631386],[127.3875945076214,36.96406537721189],[127.37852771077901,36.951466248384584],[127.36204675352215,36.94927209750121],[127.3497353751849,36.952567164720065],[127.34342979642655,36.944296119901935],[127.30914734415009,36.92909412682449],[127.29592138503041,36.92814640787249],[127.30407765078967,36.91514051678885],[127.289801866995,36.8938188003222]]]},"properties":{"code":"43750","name":"진천군","sido":"충청북도","code2018":"33350"}},{"type":"Feature","geometry":{"type":"Polygon","coordinates":[[[127.92043519607621,36.60364852094976],[127.93163914460936,36.617936555864766],[127.93839965054764,36.651080480623605],[127.93231911165631,36.6651520956636],[127.91847711127824,36.667992007073465],[127.91292952204307,36.6777451974379],[127.89203896192859,36.68230690801638],[127.88735174714806,36.69131038163569],[127.91293635421961,36.692582037346334],[127.9276890571246,36.68978843775784],[127.93166668616641,36.706324874873374],[127.94911570821237,36.70595671569465],[127.95223486519524,36.71989530602379],[127.96077330747892,36.73677830811516],[127.98679978126262,36.71749872081816],[128.00261703605463,36.71663123600607],[128.00841385860605,36.72776876110593],[128.0222219369789,36.72587226641779],[128.04876754350613,36.7075450322863],[128.07132459910594,36.70729312574598],[128.0689508767222,36.721665993980615],[128.05564219368145,36.72871109682265],[128.03247701766645,36.74752374895669],[128.03214714160288,36.754642077947494],[128.0444243689262,36.7712461570824],[128.0445623625253,36.784569274487644],[128.05512126957854,36.79318232977922],[128.05955609408224,36.8168037224291],[128.03636473086138,36.82487030825876],[128.02248384037122,36.823292707242025],[128.02362640472714,36.81411924869832],[128.01129744277972,36.806732870918815],[127.98331291105461,36.81569044379078],[127.97266753607073,36.825505548079924],[127.97698362493101,36.83611785988113],[127.96746944880522,36.85074508185425],[127.96968071576536,36.86021845797004],[127.94471366203389,36.87395111521806],[127.95077652533611,36.886722631200435],[127.93541629515178,36.88819772564137],[127.92050704889826,36.881765656003786],[127.89692099230537,36.89316574670017],[127.86390556634397,36.89639369277184],[127.85872483525789,36.90467128259661],[127.83808912317554,36.913310061200946],[127.84312072391059,36.927602299091724],[127.8302209605087,36.93422748643114],[127.7955548185994,36.94649646152801],[127.78872722170374,36.93723378347338],[127.78212130075957,36.92399496502465],[127.79840421640121,36.90729250335656],[127.78750685909095,36.89450095366426],[127.78888461615624,36.88233725745772],[127.7662254568789,36.87476639748415],[127.75015176127845,36.87305861930046],[127.74539845402323,36.8778404963145],[127.72609186258387,36.879381469306715],[127.70840856437918,36.87731897784209],[127.69800288847847,36.88049849807581],[127.68623658470658,36.868490315491],[127.6872415236975,36.862356290125106],[127.67648547384124,36.850637546503705],[127.65276963264307,36.86079256495811],[127.63784009928779,36.84729625714513],[127.63926919107972,36.84249075323814],[127.62917689649356,36.826118909994406],[127.6360579035603,36.80447660351363],[127.63481218829585,36.79343004424311],[127.62104199014624,36.78814759613715],[127.6206028234294,36.77953428187983],[127.62923488563656,36.773193978969665],[127.62373181955057,36.760335169292496],[127.63519893676576,36.75015964340997],[127.63863469428343,36.73287431755473],[127.66492445038257,36.729779469540475],[127.69264887151083,36.71215243633675],[127.71374707239701,36.6952370786378],[127.72334282237068,36.68316018970192],[127.72423860529103,36.67418451766085],[127.71288952966782,36.668070331252444],[127.71199766022804,36.65092973471856],[127.73876655549881,36.639498060774734],[127.7419971226014,36.62861548139341],[127.76406430033232,36.61320999341225],[127.76980086174736,36.604117253785134],[127.7864522482956,36.613742119090894],[127.79840808894663,36.602280805215834],[127.82378688891913,36.61255118209651],[127.84205935913928,36.60864297227724],[127.84961158036643,36.61276735146113],[127.84800512102368,36.63336205649375],[127.86158437153667,36.6342262458137],[127.87055096616994,36.64393918535155],[127.87407100953085,36.65538560900438],[127.88914501437881,36.64027914062825],[127.88941316886705,36.62945989124438],[127.90972772892407,36.62573020184682],[127.92043519607621,36.60364852094976]]]},"properties":{"code":"43760","name":"괴산군","sido":"충청북도","code2018":"33360"}},{"type":"Feature","geometry":{"type":"Polygon","coordinates":[[[127.48995938220688,37.05281503301848],[127.47137293505243,37.052544836782616],[127.4572094115823,37.040585909496166],[127.45941390125036,37.0253741741447],[127.44670427543596,37.01103156441478],[127.45018100128735,36.993893135247276],[127.44949476696628,36.9766246976101],[127.4571218899221,36.96375691709232],[127.44528187120831,36.958559215105666],[127.45090746249194,36.94797728814354],[127.48135086736556,36.933675665902726],[127.49160072679562,36.938710507790425],[127.51135299237683,36.93089766654315],[127.52714293879379,36.91070387255438],[127.53464462629533,36.912267785849],[127.55499612156198,36.89646026206682],[127.55534718528746,36.88702230126986],[127.58513589741223,36.87040883776614],[127.57515233903601,36.8578089463234],[127.57791199905343,36.85327325455718],[127.59148019481702,36.85759117654814],[127.6113325625444,36.847716603632605],[127.61352713134139,36.83496414206808],[127.63784009928779,36.84729625714513],[127.65276963264307,36.86079256495811],[127.67648547384124,36.850637546503705],[127.6872415236975,36.862356290125106],[127.68623658470658,36.868490315491],[127.69800288847847,36.88049849807581],[127.70840856437918,36.87731897784209],[127.72609186258387,36.879381469306715],[127.74539845402323,36.8778404963145],[127.75015176127845,36.87305861930046],[127.7662254568789,36.87476639748415],[127.78888461615624,36.88233725745772],[127.78750685909095,36.89450095366426],[127.79840421640121,36.90729250335656],[127.78212130075957,36.92399496502465],[127.78872722170374,36.93723378347338],[127.77221737878902,36.93319951715752],[127.74784885710659,36.96092042765299],[127.73299528733763,36.9535716048496],[127.71637009967756,36.9584437448007],[127.6845016539125,36.98597628056347],[127.6666367643006,36.986461727206986],[127.65102469488919,36.98288230799873],[127.65353268522928,36.99758429207192],[127.66237669944691,37.005452441271785],[127.6575517006084,37.01834058870551],[127.66380562693791,37.030689712660866],[127.67626606696408,37.04463190398989],[127.68563606608367,37.04709235645212],[127.69067330856639,37.05744652431729],[127.68649183116354,37.08069100425592],[127.69938833098324,37.092119540037245],[127.70198541474548,37.10312639872921],[127.720598073203,37.1108745904172],[127.7220900512093,37.120854531069234],[127.70876378712059,37.13582773343978],[127.69543493224323,37.140449000280796],[127.68790646576998,37.13530729579704],[127.6679919395374,37.13680159528805],[127.6479142978194,37.150580514300465],[127.62876285826114,37.15379586087151],[127.63780059095444,37.140631569012],[127.63414749649353,37.123725439427815],[127.63333966416579,37.09838582726765],[127.6102546778084,37.0861766360889],[127.6008882327837,37.08553423985253],[127.59502694970409,37.073946229691],[127.57621599529006,37.07395339572637],[127.5664808517585,37.06314419962142],[127.56813462783742,37.047700808189184],[127.55979973400154,37.042950020990205],[127.53404197084483,37.05473332427204],[127.51251826371288,37.056219488252204],[127.50896579380476,37.049437616347404],[127.48995938220688,37.05281503301848]]]},"properties":{"code":"43770","name":"음성군","sido":"충청북도","code2018":"33370"}},{"type":"Feature","geometry":{"type":"Polygon","coordinates":[[[128.29826652272402,37.13417941826842],[128.30964965831302,37.11149029679],[128.3046435905732,37.10079864982344],[128.29430913306308,37.09789418897753],[128.2778350906761,37.1108613989698],[128.26806437973627,37.11402145127149],[128.25810745008138,37.10189318933481],[128.26447303435745,37.087974415716744],[128.236895952864,37.06538900422355],[128.22558803457633,37.06229637683279],[128.22066007116052,37.041864068847794],[128.22813316208715,37.02445071420296],[128.23740867970324,37.02502232446054],[128.25382775302492,37.009284761209095],[128.25872978320402,36.99306586943155],[128.25640600947332,36.985958653348455],[128.26624621538514,36.960916121784564],[128.26303181321987,36.94914934073364],[128.2449127065578,36.94149479326561],[128.2358680160042,36.93045747372835],[128.23680075800738,36.91511445346565],[128.2462557850106,36.90462127070305],[128.2435457838919,36.89206194969373],[128.25150198378796,36.88471491288976],[128.2419196703263,36.87279485620436],[128.2689822337826,36.86013476170917],[128.28201115595002,36.85662759338349],[128.28694383954462,36.844626428477724],[128.2966268812753,36.83443840179675],[128.31074120197403,36.82854974947895],[128.31663098462585,36.81661444523162],[128.3342286960589,36.816966881524216],[128.3544155341165,36.80916677800093],[128.36658878735415,36.80064320462207],[128.3818230264966,36.8139789677096],[128.42064591567234,36.811416391162574],[128.4316697423075,36.82413483505545],[128.43431505123615,36.834021078811915],[128.44911010799643,36.84891436503374],[128.44891961467798,36.86338609216119],[128.43857971221533,36.87331410600594],[128.42440683903914,36.87647074297152],[128.4269532043518,36.88930708654278],[128.44010726085588,36.901370626358],[128.44539665815682,36.91775151878029],[128.44186829018182,36.92790034504324],[128.46020161003437,36.934006045109754],[128.4632417928852,36.94744564488519],[128.4761651784662,36.95720050929242],[128.5048644362648,36.96914485406253],[128.51362876208327,36.97681119768723],[128.5160243965374,36.9868871225558],[128.53808577769047,36.99076100617649],[128.55471038740134,36.99823499494264],[128.55635353406086,37.005672768981086],[128.56992059397695,37.01373228275177],[128.5728213180685,37.02188168117269],[128.56516267619105,37.030866848307454],[128.583858340636,37.04389168455068],[128.60678837500316,37.04339579681032],[128.61926567694755,37.04954960139756],[128.63067312637384,37.03917130653631],[128.64461641320358,37.06192599188822],[128.65222772050285,37.06545686450225],[128.62830311608957,37.07497994167575],[128.6227568584795,37.087132449617044],[128.605940938885,37.07661727171556],[128.59166314499646,37.07820899103596],[128.5621251807379,37.09036183746246],[128.55518460138194,37.0868330759142],[128.53797192832013,37.09004499902925],[128.53413337498083,37.098851164836105],[128.51477377259334,37.10332781683854],[128.51263951012353,37.11332322109179],[128.50081748160918,37.12009448993805],[128.48671522753136,37.120164012415145],[128.48055255034737,37.11162961635973],[128.46581391376094,37.109860950803615],[128.43793794337552,37.11112135328864],[128.4231344904795,37.103358887334544],[128.4179798807952,37.12020533695532],[128.39600142673004,37.12892152298685],[128.4035879407049,37.139623552159286],[128.4010075821503,37.14637550407265],[128.38437070368178,37.15818443043261],[128.37710358832652,37.15164263433362],[128.35033050114936,37.15793202002893],[128.3369834617735,37.157872607906285],[128.33061129136638,37.150340036324955],[128.31147808153892,37.14537572881674],[128.29826652272402,37.13417941826842]]]},"properties":{"code":"43800","name":"단양군","sido":"충청북도","code2018":"33380"}},{"type":"Feature","geometry":{"type":"Polygon","coordinates":[[[127.66492445038257,36.729779469540475],[127.63863469428343,36.73287431755473],[127.63519893676576,36.75015964340997],[127.62373181955057,36.760335169292496],[127.62923488563656,36.773193978969665],[127.6206028234294,36.77953428187983],[127.62104199014624,36.78814759613715],[127.63481218829585,36.79343004424311],[127.6360579035603,36.80447660351363],[127.62917689649356,36.826118909994406],[127.63926919107972,36.84249075323814],[127.63784009928779,36.84729625714513],[127.61352713134139,36.83496414206808],[127.6113325625444,36.847716603632605],[127.59148019481702,36.85759117654814],[127.57791199905343,36.85327325455718],[127.57183980041385,36.850071914792885],[127.56740283143544,36.82991590161179],[127.57214548091902,36.82052081565898],[127.5557655880548,36.817942071907],[127.53706817783309,36.807932995517405],[127.55539085470801,36.798975951655684],[127.56421959196943,36.77962183145513],[127.56871687336326,36.771758065094446],[127.58860090424717,36.762525015572045],[127.59026036685766,36.74857680987142],[127.60417229314925,36.74556652199592],[127.61865733518012,36.716412906344644],[127.61775855475102,36.70745032319627],[127.63851470423205,36.70756868054214],[127.64784797018292,36.7012350671448],[127.66160823974722,36.71434802178648],[127.66492445038257,36.729779469540475]]]},"properties":{"code":"43745","name":"증평군","sido":"충청북도","code2018":"33390"}}]}